question_id,image,prompt
optical_illusion_0001_open_q1,optical_illusion_0001.png,"Compare the actual central elements A and B, ignoring apparent size. Answer A larger, B larger, or equal. Explain briefly what you used in the image, then end with a confidence score from 0 to 1."
optical_illusion_0002_open_q1,optical_illusion_0002.png,"Compare the actual central elements A and B, ignoring apparent size. Answer A larger, B larger, or equal. Explain briefly what you used in the image, then end with a confidence score from 0 to 1."
optical_illusion_0003_open_q1,optical_illusion_0003.png,"Compare the actual central elements A and B, ignoring apparent size. Answer A larger, B larger, or equal. Explain briefly what you used in the image, then end with a confidence score from 0 to 1."
optical_illusion_0004_open_q1,optical_illusion_0004.png,"Compare the actual central elements A and B, ignoring apparent size. Answer A larger, B larger, or equal. Explain briefly what you used in the image, then end with a confidence score from 0 to 1."
optical_illusion_0005_open_q1,optical_illusion_0005.png,"Compare the actual central elements A and B, ignoring apparent size. Answer A larger, B larger, or equal. Explain briefly what you used in the image, then end with a confidence score from 0 to 1."
optical_illusion_0006_open_q1,optical_illusion_0006.png,"Compare the actual central elements A and B, ignoring apparent size. Answer A larger, B larger, or equal. Explain briefly what you used in the image, then end with a confidence score from 0 to 1."
optical_illusion_0007_open_q1,optical_illusion_0007.png,"Compare the actual central elements A and B, ignoring apparent size. Answer A larger, B larger, or equal. Explain briefly what you used in the image, then end with a confidence score from 0 to 1."
optical_illusion_0008_open_q1,optical_illusion_0008.png,"Compare the actual central elements A and B, ignoring apparent size. Answer A larger, B larger, or equal. Explain briefly what you used in the image, then end with a confidence score from 0 to 1."
optical_illusion_0009_open_q1,optical_illusion_0009.png,"Compare the actual central elements A and B, ignoring apparent size. Answer A larger, B larger, or equal. Explain briefly what you used in the image, then end with a confidence score from 0 to 1."
optical_illusion_0010_open_q1,optical_illusion_0010.png,"Compare the actual central elements A and B, ignoring apparent size. Answer A larger, B larger, or equal. Explain briefly what you used in the image, then end with a confidence score from 0 to 1."
optical_illusion_0011_open_q1,optical_illusion_0011.png,"Compare the actual central elements A and B, ignoring apparent size. Answer A larger, B larger, or equal. Explain briefly what you used in the image, then end with a confidence score from 0 to 1."
optical_illusion_0012_open_q1,optical_illusion_0012.png,"Compare the actual central elements A and B, ignoring apparent size. Answer A larger, B larger, or equal. Explain briefly what you used in the image, then end with a confidence score from 0 to 1."
optical_illusion_0013_open_q1,optical_illusion_0013.png,"Compare the actual central elements A and B, ignoring apparent size. Answer A larger, B larger, or equal. Explain briefly what you used in the image, then end with a confidence score from 0 to 1."
optical_illusion_0014_open_q1,optical_illusion_0014.png,"Compare the actual central elements A and B, ignoring apparent size. Answer A larger, B larger, or equal. Explain briefly what you used in the image, then end with a confidence score from 0 to 1."
optical_illusion_0015_open_q1,optical_illusion_0015.png,"Compare the actual central elements A and B, ignoring apparent size. Answer A larger, B larger, or equal. Explain briefly what you used in the image, then end with a confidence score from 0 to 1."
optical_illusion_0016_open_q1,optical_illusion_0016.png,"Compare the actual central elements A and B, ignoring apparent size. Answer A larger, B larger, or equal. Explain briefly what you used in the image, then end with a confidence score from 0 to 1."
optical_illusion_0017_open_q1,optical_illusion_0017.png,"Compare the actual central elements A and B, ignoring apparent size. Answer A larger, B larger, or equal. Explain briefly what you used in the image, then end with a confidence score from 0 to 1."
optical_illusion_0018_open_q1,optical_illusion_0018.png,"Compare the actual central elements A and B, ignoring apparent size. Answer A larger, B larger, or equal. Explain briefly what you used in the image, then end with a confidence score from 0 to 1."
optical_illusion_0019_open_q1,optical_illusion_0019.png,"Compare the actual central elements A and B, ignoring apparent size. Answer A larger, B larger, or equal. Explain briefly what you used in the image, then end with a confidence score from 0 to 1."
optical_illusion_0020_open_q1,optical_illusion_0020.png,"Compare the actual central elements A and B, ignoring apparent size. Answer A larger, B larger, or equal. Explain briefly what you used in the image, then end with a confidence score from 0 to 1."
optical_illusion_0021_open_q1,optical_illusion_0021.png,"Compare the actual central elements A and B, ignoring apparent size. Answer A larger, B larger, or equal. Explain briefly what you used in the image, then end with a confidence score from 0 to 1."
optical_illusion_0022_open_q1,optical_illusion_0022.png,"Compare the actual central elements A and B, ignoring apparent size. Answer A larger, B larger, or equal. Explain briefly what you used in the image, then end with a confidence score from 0 to 1."
optical_illusion_0023_open_q1,optical_illusion_0023.png,"Compare the actual central elements A and B, ignoring apparent size. Answer A larger, B larger, or equal. Explain briefly what you used in the image, then end with a confidence score from 0 to 1."
optical_illusion_0024_open_q1,optical_illusion_0024.png,"Compare the actual central elements A and B, ignoring apparent size. Answer A larger, B larger, or equal. Explain briefly what you used in the image, then end with a confidence score from 0 to 1."
optical_illusion_0025_open_q1,optical_illusion_0025.png,"Compare the actual central elements A and B, ignoring apparent size. Answer A larger, B larger, or equal. Explain briefly what you used in the image, then end with a confidence score from 0 to 1."
optical_illusion_0026_open_q1,optical_illusion_0026.png,"Compare the actual central elements A and B, ignoring apparent size. Answer A larger, B larger, or equal. Explain briefly what you used in the image, then end with a confidence score from 0 to 1."
optical_illusion_0027_open_q1,optical_illusion_0027.png,"Compare the actual central elements A and B, ignoring apparent size. Answer A larger, B larger, or equal. Explain briefly what you used in the image, then end with a confidence score from 0 to 1."
optical_illusion_0028_open_q1,optical_illusion_0028.png,"Compare the actual central elements A and B, ignoring apparent size. Answer A larger, B larger, or equal. Explain briefly what you used in the image, then end with a confidence score from 0 to 1."
optical_illusion_0029_open_q1,optical_illusion_0029.png,"Compare the actual central elements A and B, ignoring apparent size. Answer A larger, B larger, or equal. Explain briefly what you used in the image, then end with a confidence score from 0 to 1."
optical_illusion_0030_open_q1,optical_illusion_0030.png,"Compare the actual central elements A and B, ignoring apparent size. Answer A larger, B larger, or equal. Explain briefly what you used in the image, then end with a confidence score from 0 to 1."
optical_illusion_0031_open_q1,optical_illusion_0031.png,"Compare the actual central elements A and B, ignoring apparent size. Answer A larger, B larger, or equal. Explain briefly what you used in the image, then end with a confidence score from 0 to 1."
optical_illusion_0032_open_q1,optical_illusion_0032.png,"Compare the actual central elements A and B, ignoring apparent size. Answer A larger, B larger, or equal. Explain briefly what you used in the image, then end with a confidence score from 0 to 1."
optical_illusion_0033_open_q1,optical_illusion_0033.png,"Compare the actual central elements A and B, ignoring apparent size. Answer A larger, B larger, or equal. Explain briefly what you used in the image, then end with a confidence score from 0 to 1."
optical_illusion_0034_open_q1,optical_illusion_0034.png,"Compare the actual central elements A and B, ignoring apparent size. Answer A larger, B larger, or equal. Explain briefly what you used in the image, then end with a confidence score from 0 to 1."
optical_illusion_0035_open_q1,optical_illusion_0035.png,"Compare the actual central elements A and B, ignoring apparent size. Answer A larger, B larger, or equal. Explain briefly what you used in the image, then end with a confidence score from 0 to 1."
optical_illusion_0036_open_q1,optical_illusion_0036.png,"Compare the actual central elements A and B, ignoring apparent size. Answer A larger, B larger, or equal. Explain briefly what you used in the image, then end with a confidence score from 0 to 1."
optical_illusion_0037_open_q1,optical_illusion_0037.png,"Compare the actual central elements A and B, ignoring apparent size. Answer A larger, B larger, or equal. Explain briefly what you used in the image, then end with a confidence score from 0 to 1."
optical_illusion_0038_open_q1,optical_illusion_0038.png,"Compare the actual central elements A and B, ignoring apparent size. Answer A larger, B larger, or equal. Explain briefly what you used in the image, then end with a confidence score from 0 to 1."
optical_illusion_0039_open_q1,optical_illusion_0039.png,"Compare the actual central elements A and B, ignoring apparent size. Answer A larger, B larger, or equal. Explain briefly what you used in the image, then end with a confidence score from 0 to 1."
optical_illusion_0040_open_q1,optical_illusion_0040.png,"Compare the actual central elements A and B, ignoring apparent size. Answer A larger, B larger, or equal. Explain briefly what you used in the image, then end with a confidence score from 0 to 1."
optical_illusion_0041_open_q1,optical_illusion_0041.png,"Compare the actual central elements A and B, ignoring apparent size. Answer A larger, B larger, or equal. Explain briefly what you used in the image, then end with a confidence score from 0 to 1."
optical_illusion_0042_open_q1,optical_illusion_0042.png,"Compare the actual central elements A and B, ignoring apparent size. Answer A larger, B larger, or equal. Explain briefly what you used in the image, then end with a confidence score from 0 to 1."
optical_illusion_0043_open_q1,optical_illusion_0043.png,"Compare the actual central elements A and B, ignoring apparent size. Answer A larger, B larger, or equal. Explain briefly what you used in the image, then end with a confidence score from 0 to 1."
optical_illusion_0044_open_q1,optical_illusion_0044.png,"Compare the actual central elements A and B, ignoring apparent size. Answer A larger, B larger, or equal. Explain briefly what you used in the image, then end with a confidence score from 0 to 1."
optical_illusion_0045_open_q1,optical_illusion_0045.png,"Compare the actual central elements A and B, ignoring apparent size. Answer A larger, B larger, or equal. Explain briefly what you used in the image, then end with a confidence score from 0 to 1."
optical_illusion_0046_open_q1,optical_illusion_0046.png,"Compare the actual central elements A and B, ignoring apparent size. Answer A larger, B larger, or equal. Explain briefly what you used in the image, then end with a confidence score from 0 to 1."
optical_illusion_0047_open_q1,optical_illusion_0047.png,"Compare the actual central elements A and B, ignoring apparent size. Answer A larger, B larger, or equal. Explain briefly what you used in the image, then end with a confidence score from 0 to 1."
optical_illusion_0048_open_q1,optical_illusion_0048.png,"Compare the actual central elements A and B, ignoring apparent size. Answer A larger, B larger, or equal. Explain briefly what you used in the image, then end with a confidence score from 0 to 1."
optical_illusion_0049_open_q1,optical_illusion_0049.png,"Compare the actual central elements A and B, ignoring apparent size. Answer A larger, B larger, or equal. Explain briefly what you used in the image, then end with a confidence score from 0 to 1."
optical_illusion_0050_open_q1,optical_illusion_0050.png,"Compare the actual central elements A and B, ignoring apparent size. Answer A larger, B larger, or equal. Explain briefly what you used in the image, then end with a confidence score from 0 to 1."
optical_illusion_0051_open_q1,optical_illusion_0051.png,"Compare the actual central elements A and B, ignoring apparent size. Answer A larger, B larger, or equal. Explain briefly what you used in the image, then end with a confidence score from 0 to 1."
optical_illusion_0052_open_q1,optical_illusion_0052.png,"Compare the actual central elements A and B, ignoring apparent size. Answer A larger, B larger, or equal. Explain briefly what you used in the image, then end with a confidence score from 0 to 1."
optical_illusion_0053_open_q1,optical_illusion_0053.png,"Compare the actual central elements A and B, ignoring apparent size. Answer A larger, B larger, or equal. Explain briefly what you used in the image, then end with a confidence score from 0 to 1."
optical_illusion_0054_open_q1,optical_illusion_0054.png,"Compare the actual central elements A and B, ignoring apparent size. Answer A larger, B larger, or equal. Explain briefly what you used in the image, then end with a confidence score from 0 to 1."
optical_illusion_0055_open_q1,optical_illusion_0055.png,"Compare the actual central elements A and B, ignoring apparent size. Answer A larger, B larger, or equal. Explain briefly what you used in the image, then end with a confidence score from 0 to 1."
optical_illusion_0056_open_q1,optical_illusion_0056.png,"Compare the actual central elements A and B, ignoring apparent size. Answer A larger, B larger, or equal. Explain briefly what you used in the image, then end with a confidence score from 0 to 1."
optical_illusion_0057_open_q1,optical_illusion_0057.png,"Compare the actual central elements A and B, ignoring apparent size. Answer A larger, B larger, or equal. Explain briefly what you used in the image, then end with a confidence score from 0 to 1."
optical_illusion_0058_open_q1,optical_illusion_0058.png,"Compare the actual central elements A and B, ignoring apparent size. Answer A larger, B larger, or equal. Explain briefly what you used in the image, then end with a confidence score from 0 to 1."
optical_illusion_0059_open_q1,optical_illusion_0059.png,"Compare the actual central elements A and B, ignoring apparent size. Answer A larger, B larger, or equal. Explain briefly what you used in the image, then end with a confidence score from 0 to 1."
optical_illusion_0060_open_q1,optical_illusion_0060.png,"Compare the actual central elements A and B, ignoring apparent size. Answer A larger, B larger, or equal. Explain briefly what you used in the image, then end with a confidence score from 0 to 1."
optical_illusion_0061_open_q1,optical_illusion_0061.png,"Compare the actual central elements A and B, ignoring apparent size. Answer A larger, B larger, or equal. Explain briefly what you used in the image, then end with a confidence score from 0 to 1."
optical_illusion_0062_open_q1,optical_illusion_0062.png,"Compare the actual central elements A and B, ignoring apparent size. Answer A larger, B larger, or equal. Explain briefly what you used in the image, then end with a confidence score from 0 to 1."
optical_illusion_0063_open_q1,optical_illusion_0063.png,"Compare the actual central elements A and B, ignoring apparent size. Answer A larger, B larger, or equal. Explain briefly what you used in the image, then end with a confidence score from 0 to 1."
optical_illusion_0064_open_q1,optical_illusion_0064.png,"Compare the actual central elements A and B, ignoring apparent size. Answer A larger, B larger, or equal. Explain briefly what you used in the image, then end with a confidence score from 0 to 1."
optical_illusion_0065_open_q1,optical_illusion_0065.png,"Compare the actual central elements A and B, ignoring apparent size. Answer A larger, B larger, or equal. Explain briefly what you used in the image, then end with a confidence score from 0 to 1."
optical_illusion_0066_open_q1,optical_illusion_0066.png,"Compare the actual central elements A and B, ignoring apparent size. Answer A larger, B larger, or equal. Explain briefly what you used in the image, then end with a confidence score from 0 to 1."
optical_illusion_0067_open_q1,optical_illusion_0067.png,"Compare the actual central elements A and B, ignoring apparent size. Answer A larger, B larger, or equal. Explain briefly what you used in the image, then end with a confidence score from 0 to 1."
optical_illusion_0068_open_q1,optical_illusion_0068.png,"Compare the actual central elements A and B, ignoring apparent size. Answer A larger, B larger, or equal. Explain briefly what you used in the image, then end with a confidence score from 0 to 1."
optical_illusion_0069_open_q1,optical_illusion_0069.png,"Compare the actual central elements A and B, ignoring apparent size. Answer A larger, B larger, or equal. Explain briefly what you used in the image, then end with a confidence score from 0 to 1."
optical_illusion_0070_open_q1,optical_illusion_0070.png,"Compare the actual central elements A and B, ignoring apparent size. Answer A larger, B larger, or equal. Explain briefly what you used in the image, then end with a confidence score from 0 to 1."
optical_illusion_0071_open_q1,optical_illusion_0071.png,"Compare the actual central elements A and B, ignoring apparent size. Answer A larger, B larger, or equal. Explain briefly what you used in the image, then end with a confidence score from 0 to 1."
optical_illusion_0072_open_q1,optical_illusion_0072.png,"Compare the actual central elements A and B, ignoring apparent size. Answer A larger, B larger, or equal. Explain briefly what you used in the image, then end with a confidence score from 0 to 1."
optical_illusion_0073_open_q1,optical_illusion_0073.png,"Compare the actual central elements A and B, ignoring apparent size. Answer A larger, B larger, or equal. Explain briefly what you used in the image, then end with a confidence score from 0 to 1."
optical_illusion_0074_open_q1,optical_illusion_0074.png,"Compare the actual central elements A and B, ignoring apparent size. Answer A larger, B larger, or equal. Explain briefly what you used in the image, then end with a confidence score from 0 to 1."
optical_illusion_0075_open_q1,optical_illusion_0075.png,"Compare the actual central elements A and B, ignoring apparent size. Answer A larger, B larger, or equal. Explain briefly what you used in the image, then end with a confidence score from 0 to 1."
optical_illusion_0076_open_q1,optical_illusion_0076.png,"Compare the actual central elements A and B, ignoring apparent size. Answer A larger, B larger, or equal. Explain briefly what you used in the image, then end with a confidence score from 0 to 1."
optical_illusion_0077_open_q1,optical_illusion_0077.png,"Compare the actual central elements A and B, ignoring apparent size. Answer A larger, B larger, or equal. Explain briefly what you used in the image, then end with a confidence score from 0 to 1."
optical_illusion_0078_open_q1,optical_illusion_0078.png,"Compare the actual central elements A and B, ignoring apparent size. Answer A larger, B larger, or equal. Explain briefly what you used in the image, then end with a confidence score from 0 to 1."
optical_illusion_0079_open_q1,optical_illusion_0079.png,"Compare the actual central elements A and B, ignoring apparent size. Answer A larger, B larger, or equal. Explain briefly what you used in the image, then end with a confidence score from 0 to 1."
optical_illusion_0080_open_q1,optical_illusion_0080.png,"Compare the actual central elements A and B, ignoring apparent size. Answer A larger, B larger, or equal. Explain briefly what you used in the image, then end with a confidence score from 0 to 1."
optical_illusion_0081_open_q1,optical_illusion_0081.png,"Compare the actual central elements A and B, ignoring apparent size. Answer A larger, B larger, or equal. Explain briefly what you used in the image, then end with a confidence score from 0 to 1."
optical_illusion_0082_open_q1,optical_illusion_0082.png,"Compare the actual central elements A and B, ignoring apparent size. Answer A larger, B larger, or equal. Explain briefly what you used in the image, then end with a confidence score from 0 to 1."
optical_illusion_0083_open_q1,optical_illusion_0083.png,"Compare the actual central elements A and B, ignoring apparent size. Answer A larger, B larger, or equal. Explain briefly what you used in the image, then end with a confidence score from 0 to 1."
optical_illusion_0084_open_q1,optical_illusion_0084.png,"Compare the actual central elements A and B, ignoring apparent size. Answer A larger, B larger, or equal. Explain briefly what you used in the image, then end with a confidence score from 0 to 1."
optical_illusion_0085_open_q1,optical_illusion_0085.png,"Compare the actual central elements A and B, ignoring apparent size. Answer A larger, B larger, or equal. Explain briefly what you used in the image, then end with a confidence score from 0 to 1."
optical_illusion_0086_open_q1,optical_illusion_0086.png,"Compare the actual central elements A and B, ignoring apparent size. Answer A larger, B larger, or equal. Explain briefly what you used in the image, then end with a confidence score from 0 to 1."
optical_illusion_0087_open_q1,optical_illusion_0087.png,"Compare the actual central elements A and B, ignoring apparent size. Answer A larger, B larger, or equal. Explain briefly what you used in the image, then end with a confidence score from 0 to 1."
optical_illusion_0088_open_q1,optical_illusion_0088.png,"Compare the actual central elements A and B, ignoring apparent size. Answer A larger, B larger, or equal. Explain briefly what you used in the image, then end with a confidence score from 0 to 1."
optical_illusion_0089_open_q1,optical_illusion_0089.png,"Compare the actual central elements A and B, ignoring apparent size. Answer A larger, B larger, or equal. Explain briefly what you used in the image, then end with a confidence score from 0 to 1."
optical_illusion_0090_open_q1,optical_illusion_0090.png,"Compare the actual central elements A and B, ignoring apparent size. Answer A larger, B larger, or equal. Explain briefly what you used in the image, then end with a confidence score from 0 to 1."
optical_illusion_0091_open_q1,optical_illusion_0091.png,"Compare the actual central elements A and B, ignoring apparent size. Answer A larger, B larger, or equal. Explain briefly what you used in the image, then end with a confidence score from 0 to 1."
optical_illusion_0092_open_q1,optical_illusion_0092.png,"Compare the actual central elements A and B, ignoring apparent size. Answer A larger, B larger, or equal. Explain briefly what you used in the image, then end with a confidence score from 0 to 1."
optical_illusion_0093_open_q1,optical_illusion_0093.png,"Compare the actual central elements A and B, ignoring apparent size. Answer A larger, B larger, or equal. Explain briefly what you used in the image, then end with a confidence score from 0 to 1."
optical_illusion_0094_open_q1,optical_illusion_0094.png,"Compare the actual central elements A and B, ignoring apparent size. Answer A larger, B larger, or equal. Explain briefly what you used in the image, then end with a confidence score from 0 to 1."
optical_illusion_0095_open_q1,optical_illusion_0095.png,"Compare the actual central elements A and B, ignoring apparent size. Answer A larger, B larger, or equal. Explain briefly what you used in the image, then end with a confidence score from 0 to 1."
optical_illusion_0096_open_q1,optical_illusion_0096.png,"Compare the actual central elements A and B, ignoring apparent size. Answer A larger, B larger, or equal. Explain briefly what you used in the image, then end with a confidence score from 0 to 1."
optical_illusion_0097_open_q1,optical_illusion_0097.png,"Compare the actual central elements A and B, ignoring apparent size. Answer A larger, B larger, or equal. Explain briefly what you used in the image, then end with a confidence score from 0 to 1."
optical_illusion_0098_open_q1,optical_illusion_0098.png,"Compare the actual central elements A and B, ignoring apparent size. Answer A larger, B larger, or equal. Explain briefly what you used in the image, then end with a confidence score from 0 to 1."
optical_illusion_0099_open_q1,optical_illusion_0099.png,"Compare the actual central elements A and B, ignoring apparent size. Answer A larger, B larger, or equal. Explain briefly what you used in the image, then end with a confidence score from 0 to 1."
optical_illusion_0100_open_q1,optical_illusion_0100.png,"Compare the actual central elements A and B, ignoring apparent size. Answer A larger, B larger, or equal. Explain briefly what you used in the image, then end with a confidence score from 0 to 1."
optical_illusion_0101_open_q1,optical_illusion_0101.png,"Compare the actual central elements A and B, ignoring apparent size. Answer A larger, B larger, or equal. Explain briefly what you used in the image, then end with a confidence score from 0 to 1."
optical_illusion_0102_open_q1,optical_illusion_0102.png,"Compare the actual central elements A and B, ignoring apparent size. Answer A larger, B larger, or equal. Explain briefly what you used in the image, then end with a confidence score from 0 to 1."
optical_illusion_0103_open_q1,optical_illusion_0103.png,"Compare the actual central elements A and B, ignoring apparent size. Answer A larger, B larger, or equal. Explain briefly what you used in the image, then end with a confidence score from 0 to 1."
optical_illusion_0104_open_q1,optical_illusion_0104.png,"Compare the actual central elements A and B, ignoring apparent size. Answer A larger, B larger, or equal. Explain briefly what you used in the image, then end with a confidence score from 0 to 1."
optical_illusion_0105_open_q1,optical_illusion_0105.png,"Compare the actual central elements A and B, ignoring apparent size. Answer A larger, B larger, or equal. Explain briefly what you used in the image, then end with a confidence score from 0 to 1."
optical_illusion_0106_open_q1,optical_illusion_0106.png,"Compare the actual central elements A and B, ignoring apparent size. Answer A larger, B larger, or equal. Explain briefly what you used in the image, then end with a confidence score from 0 to 1."
optical_illusion_0107_open_q1,optical_illusion_0107.png,"Compare the actual central elements A and B, ignoring apparent size. Answer A larger, B larger, or equal. Explain briefly what you used in the image, then end with a confidence score from 0 to 1."
optical_illusion_0108_open_q1,optical_illusion_0108.png,"Compare the actual central elements A and B, ignoring apparent size. Answer A larger, B larger, or equal. Explain briefly what you used in the image, then end with a confidence score from 0 to 1."
optical_illusion_0109_open_q1,optical_illusion_0109.png,"Compare the actual central elements A and B, ignoring apparent size. Answer A larger, B larger, or equal. Explain briefly what you used in the image, then end with a confidence score from 0 to 1."
optical_illusion_0110_open_q1,optical_illusion_0110.png,"Compare the actual central elements A and B, ignoring apparent size. Answer A larger, B larger, or equal. Explain briefly what you used in the image, then end with a confidence score from 0 to 1."
optical_illusion_0111_open_q1,optical_illusion_0111.png,"Compare the actual central elements A and B, ignoring apparent size. Answer A larger, B larger, or equal. Explain briefly what you used in the image, then end with a confidence score from 0 to 1."
optical_illusion_0112_open_q1,optical_illusion_0112.png,"Compare the actual central elements A and B, ignoring apparent size. Answer A larger, B larger, or equal. Explain briefly what you used in the image, then end with a confidence score from 0 to 1."
optical_illusion_0113_open_q1,optical_illusion_0113.png,"Compare the actual central elements A and B, ignoring apparent size. Answer A larger, B larger, or equal. Explain briefly what you used in the image, then end with a confidence score from 0 to 1."
optical_illusion_0114_open_q1,optical_illusion_0114.png,"Compare the actual central elements A and B, ignoring apparent size. Answer A larger, B larger, or equal. Explain briefly what you used in the image, then end with a confidence score from 0 to 1."
optical_illusion_0115_open_q1,optical_illusion_0115.png,"Compare the actual central elements A and B, ignoring apparent size. Answer A larger, B larger, or equal. Explain briefly what you used in the image, then end with a confidence score from 0 to 1."
optical_illusion_0116_open_q1,optical_illusion_0116.png,"Compare the actual central elements A and B, ignoring apparent size. Answer A larger, B larger, or equal. Explain briefly what you used in the image, then end with a confidence score from 0 to 1."
optical_illusion_0117_open_q1,optical_illusion_0117.png,"Compare the actual central elements A and B, ignoring apparent size. Answer A larger, B larger, or equal. Explain briefly what you used in the image, then end with a confidence score from 0 to 1."
optical_illusion_0118_open_q1,optical_illusion_0118.png,"Compare the actual central elements A and B, ignoring apparent size. Answer A larger, B larger, or equal. Explain briefly what you used in the image, then end with a confidence score from 0 to 1."
optical_illusion_0119_open_q1,optical_illusion_0119.png,"Compare the actual central elements A and B, ignoring apparent size. Answer A larger, B larger, or equal. Explain briefly what you used in the image, then end with a confidence score from 0 to 1."
optical_illusion_0120_open_q1,optical_illusion_0120.png,"Compare the actual central elements A and B, ignoring apparent size. Answer A larger, B larger, or equal. Explain briefly what you used in the image, then end with a confidence score from 0 to 1."
optical_illusion_0121_open_q1,optical_illusion_0121.png,"Compare the actual central elements A and B, ignoring apparent size. Answer A larger, B larger, or equal. Explain briefly what you used in the image, then end with a confidence score from 0 to 1."
optical_illusion_0122_open_q1,optical_illusion_0122.png,"Compare the actual central elements A and B, ignoring apparent size. Answer A larger, B larger, or equal. Explain briefly what you used in the image, then end with a confidence score from 0 to 1."
optical_illusion_0123_open_q1,optical_illusion_0123.png,"Compare the actual central elements A and B, ignoring apparent size. Answer A larger, B larger, or equal. Explain briefly what you used in the image, then end with a confidence score from 0 to 1."
optical_illusion_0124_open_q1,optical_illusion_0124.png,"Compare the actual central elements A and B, ignoring apparent size. Answer A larger, B larger, or equal. Explain briefly what you used in the image, then end with a confidence score from 0 to 1."
optical_illusion_0125_open_q1,optical_illusion_0125.png,"Compare the actual central elements A and B, ignoring apparent size. Answer A larger, B larger, or equal. Explain briefly what you used in the image, then end with a confidence score from 0 to 1."
optical_illusion_0126_open_q1,optical_illusion_0126.png,"Compare the actual central elements A and B, ignoring apparent size. Answer A larger, B larger, or equal. Explain briefly what you used in the image, then end with a confidence score from 0 to 1."
optical_illusion_0127_open_q1,optical_illusion_0127.png,"Compare the actual central elements A and B, ignoring apparent size. Answer A larger, B larger, or equal. Explain briefly what you used in the image, then end with a confidence score from 0 to 1."
optical_illusion_0128_open_q1,optical_illusion_0128.png,"Compare the actual central elements A and B, ignoring apparent size. Answer A larger, B larger, or equal. Explain briefly what you used in the image, then end with a confidence score from 0 to 1."
optical_illusion_0129_open_q1,optical_illusion_0129.png,"Compare the actual central elements A and B, ignoring apparent size. Answer A larger, B larger, or equal. Explain briefly what you used in the image, then end with a confidence score from 0 to 1."
optical_illusion_0130_open_q1,optical_illusion_0130.png,"Compare the actual central elements A and B, ignoring apparent size. Answer A larger, B larger, or equal. Explain briefly what you used in the image, then end with a confidence score from 0 to 1."
optical_illusion_0131_open_q1,optical_illusion_0131.png,"Compare the actual central elements A and B, ignoring apparent size. Answer A larger, B larger, or equal. Explain briefly what you used in the image, then end with a confidence score from 0 to 1."
optical_illusion_0132_open_q1,optical_illusion_0132.png,"Compare the actual central elements A and B, ignoring apparent size. Answer A larger, B larger, or equal. Explain briefly what you used in the image, then end with a confidence score from 0 to 1."
optical_illusion_0133_open_q1,optical_illusion_0133.png,"Compare the actual central elements A and B, ignoring apparent size. Answer A larger, B larger, or equal. Explain briefly what you used in the image, then end with a confidence score from 0 to 1."
optical_illusion_0134_open_q1,optical_illusion_0134.png,"Compare the actual central elements A and B, ignoring apparent size. Answer A larger, B larger, or equal. Explain briefly what you used in the image, then end with a confidence score from 0 to 1."
optical_illusion_0135_open_q1,optical_illusion_0135.png,"Compare the actual central elements A and B, ignoring apparent size. Answer A larger, B larger, or equal. Explain briefly what you used in the image, then end with a confidence score from 0 to 1."
optical_illusion_0136_open_q1,optical_illusion_0136.png,"Compare the actual central elements A and B, ignoring apparent size. Answer A larger, B larger, or equal. Explain briefly what you used in the image, then end with a confidence score from 0 to 1."
optical_illusion_0137_open_q1,optical_illusion_0137.png,"Compare the actual central elements A and B, ignoring apparent size. Answer A larger, B larger, or equal. Explain briefly what you used in the image, then end with a confidence score from 0 to 1."
optical_illusion_0138_open_q1,optical_illusion_0138.png,"Compare the actual central elements A and B, ignoring apparent size. Answer A larger, B larger, or equal. Explain briefly what you used in the image, then end with a confidence score from 0 to 1."
optical_illusion_0139_open_q1,optical_illusion_0139.png,"Compare the actual central elements A and B, ignoring apparent size. Answer A larger, B larger, or equal. Explain briefly what you used in the image, then end with a confidence score from 0 to 1."
optical_illusion_0140_open_q1,optical_illusion_0140.png,"Compare the actual central elements A and B, ignoring apparent size. Answer A larger, B larger, or equal. Explain briefly what you used in the image, then end with a confidence score from 0 to 1."
optical_illusion_0141_open_q1,optical_illusion_0141.png,"Compare the actual central elements A and B, ignoring apparent size. Answer A larger, B larger, or equal. Explain briefly what you used in the image, then end with a confidence score from 0 to 1."
optical_illusion_0142_open_q1,optical_illusion_0142.png,"Compare the actual central elements A and B, ignoring apparent size. Answer A larger, B larger, or equal. Explain briefly what you used in the image, then end with a confidence score from 0 to 1."
optical_illusion_0143_open_q1,optical_illusion_0143.png,"Compare the actual central elements A and B, ignoring apparent size. Answer A larger, B larger, or equal. Explain briefly what you used in the image, then end with a confidence score from 0 to 1."
optical_illusion_0144_open_q1,optical_illusion_0144.png,"Compare the actual central elements A and B, ignoring apparent size. Answer A larger, B larger, or equal. Explain briefly what you used in the image, then end with a confidence score from 0 to 1."
optical_illusion_0145_open_q1,optical_illusion_0145.png,"Compare the actual central elements A and B, ignoring apparent size. Answer A larger, B larger, or equal. Explain briefly what you used in the image, then end with a confidence score from 0 to 1."
optical_illusion_0146_open_q1,optical_illusion_0146.png,"Compare the actual central elements A and B, ignoring apparent size. Answer A larger, B larger, or equal. Explain briefly what you used in the image, then end with a confidence score from 0 to 1."
optical_illusion_0147_open_q1,optical_illusion_0147.png,"Compare the actual central elements A and B, ignoring apparent size. Answer A larger, B larger, or equal. Explain briefly what you used in the image, then end with a confidence score from 0 to 1."
optical_illusion_0148_open_q1,optical_illusion_0148.png,"Compare the actual central elements A and B, ignoring apparent size. Answer A larger, B larger, or equal. Explain briefly what you used in the image, then end with a confidence score from 0 to 1."
optical_illusion_0149_open_q1,optical_illusion_0149.png,"Compare the actual central elements A and B, ignoring apparent size. Answer A larger, B larger, or equal. Explain briefly what you used in the image, then end with a confidence score from 0 to 1."
optical_illusion_0150_open_q1,optical_illusion_0150.png,"Compare the actual central elements A and B, ignoring apparent size. Answer A larger, B larger, or equal. Explain briefly what you used in the image, then end with a confidence score from 0 to 1."
optical_illusion_0151_open_q1,optical_illusion_0151.png,"Compare the actual central elements A and B, ignoring apparent size. Answer A larger, B larger, or equal. Explain briefly what you used in the image, then end with a confidence score from 0 to 1."
optical_illusion_0152_open_q1,optical_illusion_0152.png,"Compare the actual central elements A and B, ignoring apparent size. Answer A larger, B larger, or equal. Explain briefly what you used in the image, then end with a confidence score from 0 to 1."
optical_illusion_0153_open_q1,optical_illusion_0153.png,"Compare the actual central elements A and B, ignoring apparent size. Answer A larger, B larger, or equal. Explain briefly what you used in the image, then end with a confidence score from 0 to 1."
optical_illusion_0154_open_q1,optical_illusion_0154.png,"Compare the actual central elements A and B, ignoring apparent size. Answer A larger, B larger, or equal. Explain briefly what you used in the image, then end with a confidence score from 0 to 1."
optical_illusion_0155_open_q1,optical_illusion_0155.png,"Compare the actual central elements A and B, ignoring apparent size. Answer A larger, B larger, or equal. Explain briefly what you used in the image, then end with a confidence score from 0 to 1."
optical_illusion_0156_open_q1,optical_illusion_0156.png,"Compare the actual central elements A and B, ignoring apparent size. Answer A larger, B larger, or equal. Explain briefly what you used in the image, then end with a confidence score from 0 to 1."
optical_illusion_0157_open_q1,optical_illusion_0157.png,"Compare the actual central elements A and B, ignoring apparent size. Answer A larger, B larger, or equal. Explain briefly what you used in the image, then end with a confidence score from 0 to 1."
optical_illusion_0158_open_q1,optical_illusion_0158.png,"Compare the actual central elements A and B, ignoring apparent size. Answer A larger, B larger, or equal. Explain briefly what you used in the image, then end with a confidence score from 0 to 1."
optical_illusion_0159_open_q1,optical_illusion_0159.png,"Compare the actual central elements A and B, ignoring apparent size. Answer A larger, B larger, or equal. Explain briefly what you used in the image, then end with a confidence score from 0 to 1."
optical_illusion_0160_open_q1,optical_illusion_0160.png,"Compare the actual central elements A and B, ignoring apparent size. Answer A larger, B larger, or equal. Explain briefly what you used in the image, then end with a confidence score from 0 to 1."
optical_illusion_0161_open_q1,optical_illusion_0161.png,"Compare the actual central elements A and B, ignoring apparent size. Answer A larger, B larger, or equal. Explain briefly what you used in the image, then end with a confidence score from 0 to 1."
optical_illusion_0162_open_q1,optical_illusion_0162.png,"Compare the actual central elements A and B, ignoring apparent size. Answer A larger, B larger, or equal. Explain briefly what you used in the image, then end with a confidence score from 0 to 1."
optical_illusion_0163_open_q1,optical_illusion_0163.png,"Compare the actual central elements A and B, ignoring apparent size. Answer A larger, B larger, or equal. Explain briefly what you used in the image, then end with a confidence score from 0 to 1."
optical_illusion_0164_open_q1,optical_illusion_0164.png,"Compare the actual central elements A and B, ignoring apparent size. Answer A larger, B larger, or equal. Explain briefly what you used in the image, then end with a confidence score from 0 to 1."
optical_illusion_0165_open_q1,optical_illusion_0165.png,"Compare the actual central elements A and B, ignoring apparent size. Answer A larger, B larger, or equal. Explain briefly what you used in the image, then end with a confidence score from 0 to 1."
optical_illusion_0166_open_q1,optical_illusion_0166.png,"Compare the actual central elements A and B, ignoring apparent size. Answer A larger, B larger, or equal. Explain briefly what you used in the image, then end with a confidence score from 0 to 1."
optical_illusion_0167_open_q1,optical_illusion_0167.png,"Compare the actual central elements A and B, ignoring apparent size. Answer A larger, B larger, or equal. Explain briefly what you used in the image, then end with a confidence score from 0 to 1."
optical_illusion_0168_open_q1,optical_illusion_0168.png,"Compare the actual central elements A and B, ignoring apparent size. Answer A larger, B larger, or equal. Explain briefly what you used in the image, then end with a confidence score from 0 to 1."
optical_illusion_0169_open_q1,optical_illusion_0169.png,"Compare the actual central elements A and B, ignoring apparent size. Answer A larger, B larger, or equal. Explain briefly what you used in the image, then end with a confidence score from 0 to 1."
optical_illusion_0170_open_q1,optical_illusion_0170.png,"Compare the actual central elements A and B, ignoring apparent size. Answer A larger, B larger, or equal. Explain briefly what you used in the image, then end with a confidence score from 0 to 1."
optical_illusion_0171_open_q1,optical_illusion_0171.png,"Compare the actual central elements A and B, ignoring apparent size. Answer A larger, B larger, or equal. Explain briefly what you used in the image, then end with a confidence score from 0 to 1."
optical_illusion_0172_open_q1,optical_illusion_0172.png,"Compare the actual central elements A and B, ignoring apparent size. Answer A larger, B larger, or equal. Explain briefly what you used in the image, then end with a confidence score from 0 to 1."
optical_illusion_0173_open_q1,optical_illusion_0173.png,"Compare the actual central elements A and B, ignoring apparent size. Answer A larger, B larger, or equal. Explain briefly what you used in the image, then end with a confidence score from 0 to 1."
optical_illusion_0174_open_q1,optical_illusion_0174.png,"Compare the actual central elements A and B, ignoring apparent size. Answer A larger, B larger, or equal. Explain briefly what you used in the image, then end with a confidence score from 0 to 1."
optical_illusion_0175_open_q1,optical_illusion_0175.png,"Compare the actual central elements A and B, ignoring apparent size. Answer A larger, B larger, or equal. Explain briefly what you used in the image, then end with a confidence score from 0 to 1."
optical_illusion_0176_open_q1,optical_illusion_0176.png,"Compare the actual central elements A and B, ignoring apparent size. Answer A larger, B larger, or equal. Explain briefly what you used in the image, then end with a confidence score from 0 to 1."
optical_illusion_0177_open_q1,optical_illusion_0177.png,"Compare the actual central elements A and B, ignoring apparent size. Answer A larger, B larger, or equal. Explain briefly what you used in the image, then end with a confidence score from 0 to 1."
optical_illusion_0178_open_q1,optical_illusion_0178.png,"Compare the actual central elements A and B, ignoring apparent size. Answer A larger, B larger, or equal. Explain briefly what you used in the image, then end with a confidence score from 0 to 1."
optical_illusion_0179_open_q1,optical_illusion_0179.png,"Compare the actual central elements A and B, ignoring apparent size. Answer A larger, B larger, or equal. Explain briefly what you used in the image, then end with a confidence score from 0 to 1."
optical_illusion_0180_open_q1,optical_illusion_0180.png,"Compare the actual central elements A and B, ignoring apparent size. Answer A larger, B larger, or equal. Explain briefly what you used in the image, then end with a confidence score from 0 to 1."
optical_illusion_0181_open_q1,optical_illusion_0181.png,"Compare the actual central elements A and B, ignoring apparent size. Answer A larger, B larger, or equal. Explain briefly what you used in the image, then end with a confidence score from 0 to 1."
optical_illusion_0182_open_q1,optical_illusion_0182.png,"Compare the actual central elements A and B, ignoring apparent size. Answer A larger, B larger, or equal. Explain briefly what you used in the image, then end with a confidence score from 0 to 1."
optical_illusion_0183_open_q1,optical_illusion_0183.png,"Compare the actual central elements A and B, ignoring apparent size. Answer A larger, B larger, or equal. Explain briefly what you used in the image, then end with a confidence score from 0 to 1."
optical_illusion_0184_open_q1,optical_illusion_0184.png,"Compare the actual central elements A and B, ignoring apparent size. Answer A larger, B larger, or equal. Explain briefly what you used in the image, then end with a confidence score from 0 to 1."
optical_illusion_0185_open_q1,optical_illusion_0185.png,"Compare the actual central elements A and B, ignoring apparent size. Answer A larger, B larger, or equal. Explain briefly what you used in the image, then end with a confidence score from 0 to 1."
optical_illusion_0186_open_q1,optical_illusion_0186.png,"Compare the actual central elements A and B, ignoring apparent size. Answer A larger, B larger, or equal. Explain briefly what you used in the image, then end with a confidence score from 0 to 1."
optical_illusion_0187_open_q1,optical_illusion_0187.png,"Compare the actual central elements A and B, ignoring apparent size. Answer A larger, B larger, or equal. Explain briefly what you used in the image, then end with a confidence score from 0 to 1."
optical_illusion_0188_open_q1,optical_illusion_0188.png,"Compare the actual central elements A and B, ignoring apparent size. Answer A larger, B larger, or equal. Explain briefly what you used in the image, then end with a confidence score from 0 to 1."
optical_illusion_0189_open_q1,optical_illusion_0189.png,"Compare the actual central elements A and B, ignoring apparent size. Answer A larger, B larger, or equal. Explain briefly what you used in the image, then end with a confidence score from 0 to 1."
optical_illusion_0190_open_q1,optical_illusion_0190.png,"Compare the actual central elements A and B, ignoring apparent size. Answer A larger, B larger, or equal. Explain briefly what you used in the image, then end with a confidence score from 0 to 1."
optical_illusion_0191_open_q1,optical_illusion_0191.png,"Compare the actual central elements A and B, ignoring apparent size. Answer A larger, B larger, or equal. Explain briefly what you used in the image, then end with a confidence score from 0 to 1."
optical_illusion_0192_open_q1,optical_illusion_0192.png,"Compare the actual central elements A and B, ignoring apparent size. Answer A larger, B larger, or equal. Explain briefly what you used in the image, then end with a confidence score from 0 to 1."
optical_illusion_0193_open_q1,optical_illusion_0193.png,"Compare the actual central elements A and B, ignoring apparent size. Answer A larger, B larger, or equal. Explain briefly what you used in the image, then end with a confidence score from 0 to 1."
optical_illusion_0194_open_q1,optical_illusion_0194.png,"Compare the actual central elements A and B, ignoring apparent size. Answer A larger, B larger, or equal. Explain briefly what you used in the image, then end with a confidence score from 0 to 1."
optical_illusion_0195_open_q1,optical_illusion_0195.png,"Compare the actual central elements A and B, ignoring apparent size. Answer A larger, B larger, or equal. Explain briefly what you used in the image, then end with a confidence score from 0 to 1."
optical_illusion_0196_open_q1,optical_illusion_0196.png,"Compare the actual central elements A and B, ignoring apparent size. Answer A larger, B larger, or equal. Explain briefly what you used in the image, then end with a confidence score from 0 to 1."
optical_illusion_0197_open_q1,optical_illusion_0197.png,"Compare the actual central elements A and B, ignoring apparent size. Answer A larger, B larger, or equal. Explain briefly what you used in the image, then end with a confidence score from 0 to 1."
optical_illusion_0198_open_q1,optical_illusion_0198.png,"Compare the actual central elements A and B, ignoring apparent size. Answer A larger, B larger, or equal. Explain briefly what you used in the image, then end with a confidence score from 0 to 1."
optical_illusion_0199_open_q1,optical_illusion_0199.png,"Compare the actual central elements A and B, ignoring apparent size. Answer A larger, B larger, or equal. Explain briefly what you used in the image, then end with a confidence score from 0 to 1."
optical_illusion_0200_open_q1,optical_illusion_0200.png,"Compare the actual central elements A and B, ignoring apparent size. Answer A larger, B larger, or equal. Explain briefly what you used in the image, then end with a confidence score from 0 to 1."
optical_illusion_0201_open_q1,optical_illusion_0201.png,"Compare the actual central elements A and B, ignoring apparent size. Answer A larger, B larger, or equal. Explain briefly what you used in the image, then end with a confidence score from 0 to 1."
optical_illusion_0202_open_q1,optical_illusion_0202.png,"Compare the actual central elements A and B, ignoring apparent size. Answer A larger, B larger, or equal. Explain briefly what you used in the image, then end with a confidence score from 0 to 1."
optical_illusion_0203_open_q1,optical_illusion_0203.png,"Compare the actual central elements A and B, ignoring apparent size. Answer A larger, B larger, or equal. Explain briefly what you used in the image, then end with a confidence score from 0 to 1."
optical_illusion_0204_open_q1,optical_illusion_0204.png,"Compare the actual central elements A and B, ignoring apparent size. Answer A larger, B larger, or equal. Explain briefly what you used in the image, then end with a confidence score from 0 to 1."
optical_illusion_0205_open_q1,optical_illusion_0205.png,"Compare the actual central elements A and B, ignoring apparent size. Answer A larger, B larger, or equal. Explain briefly what you used in the image, then end with a confidence score from 0 to 1."
optical_illusion_0206_open_q1,optical_illusion_0206.png,"Compare the actual central elements A and B, ignoring apparent size. Answer A larger, B larger, or equal. Explain briefly what you used in the image, then end with a confidence score from 0 to 1."
optical_illusion_0207_open_q1,optical_illusion_0207.png,"Compare the actual central elements A and B, ignoring apparent size. Answer A larger, B larger, or equal. Explain briefly what you used in the image, then end with a confidence score from 0 to 1."
optical_illusion_0208_open_q1,optical_illusion_0208.png,"Compare the actual central elements A and B, ignoring apparent size. Answer A larger, B larger, or equal. Explain briefly what you used in the image, then end with a confidence score from 0 to 1."
optical_illusion_0209_open_q1,optical_illusion_0209.png,"Compare the actual central elements A and B, ignoring apparent size. Answer A larger, B larger, or equal. Explain briefly what you used in the image, then end with a confidence score from 0 to 1."
optical_illusion_0210_open_q1,optical_illusion_0210.png,"Compare the actual central elements A and B, ignoring apparent size. Answer A larger, B larger, or equal. Explain briefly what you used in the image, then end with a confidence score from 0 to 1."
optical_illusion_0211_open_q1,optical_illusion_0211.png,"Compare the actual central elements A and B, ignoring apparent size. Answer A larger, B larger, or equal. Explain briefly what you used in the image, then end with a confidence score from 0 to 1."
optical_illusion_0212_open_q1,optical_illusion_0212.png,"Compare the actual central elements A and B, ignoring apparent size. Answer A larger, B larger, or equal. Explain briefly what you used in the image, then end with a confidence score from 0 to 1."
optical_illusion_0213_open_q1,optical_illusion_0213.png,"Compare the actual central elements A and B, ignoring apparent size. Answer A larger, B larger, or equal. Explain briefly what you used in the image, then end with a confidence score from 0 to 1."
optical_illusion_0214_open_q1,optical_illusion_0214.png,"Compare the actual central elements A and B, ignoring apparent size. Answer A larger, B larger, or equal. Explain briefly what you used in the image, then end with a confidence score from 0 to 1."
optical_illusion_0215_open_q1,optical_illusion_0215.png,"Compare the actual central elements A and B, ignoring apparent size. Answer A larger, B larger, or equal. Explain briefly what you used in the image, then end with a confidence score from 0 to 1."
optical_illusion_0216_open_q1,optical_illusion_0216.png,"Compare the actual central elements A and B, ignoring apparent size. Answer A larger, B larger, or equal. Explain briefly what you used in the image, then end with a confidence score from 0 to 1."
optical_illusion_0217_open_q1,optical_illusion_0217.png,"Compare the actual central elements A and B, ignoring apparent size. Answer A larger, B larger, or equal. Explain briefly what you used in the image, then end with a confidence score from 0 to 1."
optical_illusion_0218_open_q1,optical_illusion_0218.png,"Compare the actual central elements A and B, ignoring apparent size. Answer A larger, B larger, or equal. Explain briefly what you used in the image, then end with a confidence score from 0 to 1."
optical_illusion_0219_open_q1,optical_illusion_0219.png,"Compare the actual central elements A and B, ignoring apparent size. Answer A larger, B larger, or equal. Explain briefly what you used in the image, then end with a confidence score from 0 to 1."
optical_illusion_0220_open_q1,optical_illusion_0220.png,"Compare the actual central elements A and B, ignoring apparent size. Answer A larger, B larger, or equal. Explain briefly what you used in the image, then end with a confidence score from 0 to 1."
optical_illusion_0221_open_q1,optical_illusion_0221.png,"Compare the actual central elements A and B, ignoring apparent size. Answer A larger, B larger, or equal. Explain briefly what you used in the image, then end with a confidence score from 0 to 1."
optical_illusion_0222_open_q1,optical_illusion_0222.png,"Compare the actual central elements A and B, ignoring apparent size. Answer A larger, B larger, or equal. Explain briefly what you used in the image, then end with a confidence score from 0 to 1."
optical_illusion_0223_open_q1,optical_illusion_0223.png,"Compare the actual central elements A and B, ignoring apparent size. Answer A larger, B larger, or equal. Explain briefly what you used in the image, then end with a confidence score from 0 to 1."
optical_illusion_0224_open_q1,optical_illusion_0224.png,"Compare the actual central elements A and B, ignoring apparent size. Answer A larger, B larger, or equal. Explain briefly what you used in the image, then end with a confidence score from 0 to 1."
optical_illusion_0225_open_q1,optical_illusion_0225.png,"Compare the actual central elements A and B, ignoring apparent size. Answer A larger, B larger, or equal. Explain briefly what you used in the image, then end with a confidence score from 0 to 1."
optical_illusion_0226_open_q1,optical_illusion_0226.png,"Compare the actual central elements A and B, ignoring apparent size. Answer A larger, B larger, or equal. Explain briefly what you used in the image, then end with a confidence score from 0 to 1."
optical_illusion_0227_open_q1,optical_illusion_0227.png,"Compare the actual central elements A and B, ignoring apparent size. Answer A larger, B larger, or equal. Explain briefly what you used in the image, then end with a confidence score from 0 to 1."
optical_illusion_0228_open_q1,optical_illusion_0228.png,"Compare the actual central elements A and B, ignoring apparent size. Answer A larger, B larger, or equal. Explain briefly what you used in the image, then end with a confidence score from 0 to 1."
optical_illusion_0229_open_q1,optical_illusion_0229.png,"Compare the actual central elements A and B, ignoring apparent size. Answer A larger, B larger, or equal. Explain briefly what you used in the image, then end with a confidence score from 0 to 1."
optical_illusion_0230_open_q1,optical_illusion_0230.png,"Compare the actual central elements A and B, ignoring apparent size. Answer A larger, B larger, or equal. Explain briefly what you used in the image, then end with a confidence score from 0 to 1."
optical_illusion_0231_open_q1,optical_illusion_0231.png,"Compare the actual central elements A and B, ignoring apparent size. Answer A larger, B larger, or equal. Explain briefly what you used in the image, then end with a confidence score from 0 to 1."
optical_illusion_0232_open_q1,optical_illusion_0232.png,"Compare the actual central elements A and B, ignoring apparent size. Answer A larger, B larger, or equal. Explain briefly what you used in the image, then end with a confidence score from 0 to 1."
optical_illusion_0233_open_q1,optical_illusion_0233.png,"Compare the actual central elements A and B, ignoring apparent size. Answer A larger, B larger, or equal. Explain briefly what you used in the image, then end with a confidence score from 0 to 1."
optical_illusion_0234_open_q1,optical_illusion_0234.png,"Compare the actual central elements A and B, ignoring apparent size. Answer A larger, B larger, or equal. Explain briefly what you used in the image, then end with a confidence score from 0 to 1."
optical_illusion_0235_open_q1,optical_illusion_0235.png,"Compare the actual central elements A and B, ignoring apparent size. Answer A larger, B larger, or equal. Explain briefly what you used in the image, then end with a confidence score from 0 to 1."
optical_illusion_0236_open_q1,optical_illusion_0236.png,"Compare the actual central elements A and B, ignoring apparent size. Answer A larger, B larger, or equal. Explain briefly what you used in the image, then end with a confidence score from 0 to 1."
optical_illusion_0237_open_q1,optical_illusion_0237.png,"Compare the actual central elements A and B, ignoring apparent size. Answer A larger, B larger, or equal. Explain briefly what you used in the image, then end with a confidence score from 0 to 1."
optical_illusion_0238_open_q1,optical_illusion_0238.png,"Compare the actual central elements A and B, ignoring apparent size. Answer A larger, B larger, or equal. Explain briefly what you used in the image, then end with a confidence score from 0 to 1."
optical_illusion_0239_open_q1,optical_illusion_0239.png,"Compare the actual central elements A and B, ignoring apparent size. Answer A larger, B larger, or equal. Explain briefly what you used in the image, then end with a confidence score from 0 to 1."
optical_illusion_0240_open_q1,optical_illusion_0240.png,"Compare the actual central elements A and B, ignoring apparent size. Answer A larger, B larger, or equal. Explain briefly what you used in the image, then end with a confidence score from 0 to 1."
optical_illusion_0241_open_q1,optical_illusion_0241.png,"Compare the actual central elements A and B, ignoring apparent size. Answer A larger, B larger, or equal. Explain briefly what you used in the image, then end with a confidence score from 0 to 1."
optical_illusion_0242_open_q1,optical_illusion_0242.png,"Compare the actual central elements A and B, ignoring apparent size. Answer A larger, B larger, or equal. Explain briefly what you used in the image, then end with a confidence score from 0 to 1."
optical_illusion_0243_open_q1,optical_illusion_0243.png,"Compare the actual central elements A and B, ignoring apparent size. Answer A larger, B larger, or equal. Explain briefly what you used in the image, then end with a confidence score from 0 to 1."
optical_illusion_0244_open_q1,optical_illusion_0244.png,"Compare the actual central elements A and B, ignoring apparent size. Answer A larger, B larger, or equal. Explain briefly what you used in the image, then end with a confidence score from 0 to 1."
optical_illusion_0245_open_q1,optical_illusion_0245.png,"Compare the actual central elements A and B, ignoring apparent size. Answer A larger, B larger, or equal. Explain briefly what you used in the image, then end with a confidence score from 0 to 1."
optical_illusion_0246_open_q1,optical_illusion_0246.png,"Compare the actual central elements A and B, ignoring apparent size. Answer A larger, B larger, or equal. Explain briefly what you used in the image, then end with a confidence score from 0 to 1."
optical_illusion_0247_open_q1,optical_illusion_0247.png,"Compare the actual central elements A and B, ignoring apparent size. Answer A larger, B larger, or equal. Explain briefly what you used in the image, then end with a confidence score from 0 to 1."
optical_illusion_0248_open_q1,optical_illusion_0248.png,"Compare the actual central elements A and B, ignoring apparent size. Answer A larger, B larger, or equal. Explain briefly what you used in the image, then end with a confidence score from 0 to 1."
optical_illusion_0249_open_q1,optical_illusion_0249.png,"Compare the actual central elements A and B, ignoring apparent size. Answer A larger, B larger, or equal. Explain briefly what you used in the image, then end with a confidence score from 0 to 1."
optical_illusion_0250_open_q1,optical_illusion_0250.png,"Compare the actual central elements A and B, ignoring apparent size. Answer A larger, B larger, or equal. Explain briefly what you used in the image, then end with a confidence score from 0 to 1."
optical_illusion_0251_open_q1,optical_illusion_0251.png,"Compare the actual central elements A and B, ignoring apparent size. Answer A larger, B larger, or equal. Explain briefly what you used in the image, then end with a confidence score from 0 to 1."
optical_illusion_0252_open_q1,optical_illusion_0252.png,"Compare the actual central elements A and B, ignoring apparent size. Answer A larger, B larger, or equal. Explain briefly what you used in the image, then end with a confidence score from 0 to 1."
optical_illusion_0253_open_q1,optical_illusion_0253.png,"Compare the actual central elements A and B, ignoring apparent size. Answer A larger, B larger, or equal. Explain briefly what you used in the image, then end with a confidence score from 0 to 1."
optical_illusion_0254_open_q1,optical_illusion_0254.png,"Compare the actual central elements A and B, ignoring apparent size. Answer A larger, B larger, or equal. Explain briefly what you used in the image, then end with a confidence score from 0 to 1."
optical_illusion_0255_open_q1,optical_illusion_0255.png,"Compare the actual central elements A and B, ignoring apparent size. Answer A larger, B larger, or equal. Explain briefly what you used in the image, then end with a confidence score from 0 to 1."
optical_illusion_0256_open_q1,optical_illusion_0256.png,"Compare the actual central elements A and B, ignoring apparent size. Answer A larger, B larger, or equal. Explain briefly what you used in the image, then end with a confidence score from 0 to 1."
optical_illusion_0257_open_q1,optical_illusion_0257.png,"Compare the actual central elements A and B, ignoring apparent size. Answer A larger, B larger, or equal. Explain briefly what you used in the image, then end with a confidence score from 0 to 1."
optical_illusion_0258_open_q1,optical_illusion_0258.png,"Compare the actual central elements A and B, ignoring apparent size. Answer A larger, B larger, or equal. Explain briefly what you used in the image, then end with a confidence score from 0 to 1."
optical_illusion_0259_open_q1,optical_illusion_0259.png,"Compare the actual central elements A and B, ignoring apparent size. Answer A larger, B larger, or equal. Explain briefly what you used in the image, then end with a confidence score from 0 to 1."
optical_illusion_0260_open_q1,optical_illusion_0260.png,"Compare the actual central elements A and B, ignoring apparent size. Answer A larger, B larger, or equal. Explain briefly what you used in the image, then end with a confidence score from 0 to 1."
optical_illusion_0261_open_q1,optical_illusion_0261.png,"Compare the actual central elements A and B, ignoring apparent size. Answer A larger, B larger, or equal. Explain briefly what you used in the image, then end with a confidence score from 0 to 1."
optical_illusion_0262_open_q1,optical_illusion_0262.png,"Compare the actual central elements A and B, ignoring apparent size. Answer A larger, B larger, or equal. Explain briefly what you used in the image, then end with a confidence score from 0 to 1."
optical_illusion_0263_open_q1,optical_illusion_0263.png,"Compare the actual central elements A and B, ignoring apparent size. Answer A larger, B larger, or equal. Explain briefly what you used in the image, then end with a confidence score from 0 to 1."
optical_illusion_0264_open_q1,optical_illusion_0264.png,"Compare the actual central elements A and B, ignoring apparent size. Answer A larger, B larger, or equal. Explain briefly what you used in the image, then end with a confidence score from 0 to 1."
optical_illusion_0265_open_q1,optical_illusion_0265.png,"Compare the actual central elements A and B, ignoring apparent size. Answer A larger, B larger, or equal. Explain briefly what you used in the image, then end with a confidence score from 0 to 1."
optical_illusion_0266_open_q1,optical_illusion_0266.png,"Compare the actual central elements A and B, ignoring apparent size. Answer A larger, B larger, or equal. Explain briefly what you used in the image, then end with a confidence score from 0 to 1."
optical_illusion_0267_open_q1,optical_illusion_0267.png,"Compare the actual central elements A and B, ignoring apparent size. Answer A larger, B larger, or equal. Explain briefly what you used in the image, then end with a confidence score from 0 to 1."
optical_illusion_0268_open_q1,optical_illusion_0268.png,"Compare the actual central elements A and B, ignoring apparent size. Answer A larger, B larger, or equal. Explain briefly what you used in the image, then end with a confidence score from 0 to 1."
optical_illusion_0269_open_q1,optical_illusion_0269.png,"Compare the actual central elements A and B, ignoring apparent size. Answer A larger, B larger, or equal. Explain briefly what you used in the image, then end with a confidence score from 0 to 1."
optical_illusion_0270_open_q1,optical_illusion_0270.png,"Compare the actual central elements A and B, ignoring apparent size. Answer A larger, B larger, or equal. Explain briefly what you used in the image, then end with a confidence score from 0 to 1."
optical_illusion_0271_open_q1,optical_illusion_0271.png,"Compare the actual central elements A and B, ignoring apparent size. Answer A larger, B larger, or equal. Explain briefly what you used in the image, then end with a confidence score from 0 to 1."
optical_illusion_0272_open_q1,optical_illusion_0272.png,"Compare the actual central elements A and B, ignoring apparent size. Answer A larger, B larger, or equal. Explain briefly what you used in the image, then end with a confidence score from 0 to 1."
optical_illusion_0273_open_q1,optical_illusion_0273.png,"Compare the actual central elements A and B, ignoring apparent size. Answer A larger, B larger, or equal. Explain briefly what you used in the image, then end with a confidence score from 0 to 1."
optical_illusion_0274_open_q1,optical_illusion_0274.png,"Compare the actual central elements A and B, ignoring apparent size. Answer A larger, B larger, or equal. Explain briefly what you used in the image, then end with a confidence score from 0 to 1."
optical_illusion_0275_open_q1,optical_illusion_0275.png,"Compare the actual central elements A and B, ignoring apparent size. Answer A larger, B larger, or equal. Explain briefly what you used in the image, then end with a confidence score from 0 to 1."
optical_illusion_0276_open_q1,optical_illusion_0276.png,"Compare the actual central elements A and B, ignoring apparent size. Answer A larger, B larger, or equal. Explain briefly what you used in the image, then end with a confidence score from 0 to 1."
optical_illusion_0277_open_q1,optical_illusion_0277.png,"Compare the actual central elements A and B, ignoring apparent size. Answer A larger, B larger, or equal. Explain briefly what you used in the image, then end with a confidence score from 0 to 1."
optical_illusion_0278_open_q1,optical_illusion_0278.png,"Compare the actual central elements A and B, ignoring apparent size. Answer A larger, B larger, or equal. Explain briefly what you used in the image, then end with a confidence score from 0 to 1."
optical_illusion_0279_open_q1,optical_illusion_0279.png,"Compare the actual central elements A and B, ignoring apparent size. Answer A larger, B larger, or equal. Explain briefly what you used in the image, then end with a confidence score from 0 to 1."
optical_illusion_0280_open_q1,optical_illusion_0280.png,"Compare the actual central elements A and B, ignoring apparent size. Answer A larger, B larger, or equal. Explain briefly what you used in the image, then end with a confidence score from 0 to 1."
optical_illusion_0281_open_q1,optical_illusion_0281.png,"Compare the actual central elements A and B, ignoring apparent size. Answer A larger, B larger, or equal. Explain briefly what you used in the image, then end with a confidence score from 0 to 1."
optical_illusion_0282_open_q1,optical_illusion_0282.png,"Compare the actual central elements A and B, ignoring apparent size. Answer A larger, B larger, or equal. Explain briefly what you used in the image, then end with a confidence score from 0 to 1."
optical_illusion_0283_open_q1,optical_illusion_0283.png,"Compare the actual central elements A and B, ignoring apparent size. Answer A larger, B larger, or equal. Explain briefly what you used in the image, then end with a confidence score from 0 to 1."
optical_illusion_0284_open_q1,optical_illusion_0284.png,"Compare the actual central elements A and B, ignoring apparent size. Answer A larger, B larger, or equal. Explain briefly what you used in the image, then end with a confidence score from 0 to 1."
optical_illusion_0285_open_q1,optical_illusion_0285.png,"Compare the actual central elements A and B, ignoring apparent size. Answer A larger, B larger, or equal. Explain briefly what you used in the image, then end with a confidence score from 0 to 1."
optical_illusion_0286_open_q1,optical_illusion_0286.png,"Compare the actual central elements A and B, ignoring apparent size. Answer A larger, B larger, or equal. Explain briefly what you used in the image, then end with a confidence score from 0 to 1."
optical_illusion_0287_open_q1,optical_illusion_0287.png,"Compare the actual central elements A and B, ignoring apparent size. Answer A larger, B larger, or equal. Explain briefly what you used in the image, then end with a confidence score from 0 to 1."
optical_illusion_0288_open_q1,optical_illusion_0288.png,"Compare the actual central elements A and B, ignoring apparent size. Answer A larger, B larger, or equal. Explain briefly what you used in the image, then end with a confidence score from 0 to 1."
optical_illusion_0289_open_q1,optical_illusion_0289.png,"Compare the actual central elements A and B, ignoring apparent size. Answer A larger, B larger, or equal. Explain briefly what you used in the image, then end with a confidence score from 0 to 1."
optical_illusion_0290_open_q1,optical_illusion_0290.png,"Compare the actual central elements A and B, ignoring apparent size. Answer A larger, B larger, or equal. Explain briefly what you used in the image, then end with a confidence score from 0 to 1."
optical_illusion_0291_open_q1,optical_illusion_0291.png,"Compare the actual central elements A and B, ignoring apparent size. Answer A larger, B larger, or equal. Explain briefly what you used in the image, then end with a confidence score from 0 to 1."
optical_illusion_0292_open_q1,optical_illusion_0292.png,"Compare the actual central elements A and B, ignoring apparent size. Answer A larger, B larger, or equal. Explain briefly what you used in the image, then end with a confidence score from 0 to 1."
optical_illusion_0293_open_q1,optical_illusion_0293.png,"Compare the actual central elements A and B, ignoring apparent size. Answer A larger, B larger, or equal. Explain briefly what you used in the image, then end with a confidence score from 0 to 1."
optical_illusion_0294_open_q1,optical_illusion_0294.png,"Compare the actual central elements A and B, ignoring apparent size. Answer A larger, B larger, or equal. Explain briefly what you used in the image, then end with a confidence score from 0 to 1."
optical_illusion_0295_open_q1,optical_illusion_0295.png,"Compare the actual central elements A and B, ignoring apparent size. Answer A larger, B larger, or equal. Explain briefly what you used in the image, then end with a confidence score from 0 to 1."
optical_illusion_0296_open_q1,optical_illusion_0296.png,"Compare the actual central elements A and B, ignoring apparent size. Answer A larger, B larger, or equal. Explain briefly what you used in the image, then end with a confidence score from 0 to 1."
optical_illusion_0297_open_q1,optical_illusion_0297.png,"Compare the actual central elements A and B, ignoring apparent size. Answer A larger, B larger, or equal. Explain briefly what you used in the image, then end with a confidence score from 0 to 1."
optical_illusion_0298_open_q1,optical_illusion_0298.png,"Compare the actual central elements A and B, ignoring apparent size. Answer A larger, B larger, or equal. Explain briefly what you used in the image, then end with a confidence score from 0 to 1."
optical_illusion_0299_open_q1,optical_illusion_0299.png,"Compare the actual central elements A and B, ignoring apparent size. Answer A larger, B larger, or equal. Explain briefly what you used in the image, then end with a confidence score from 0 to 1."
optical_illusion_0300_open_q1,optical_illusion_0300.png,"Compare the actual central elements A and B, ignoring apparent size. Answer A larger, B larger, or equal. Explain briefly what you used in the image, then end with a confidence score from 0 to 1."
optical_illusion_0301_open_q1,optical_illusion_0301.png,"Compare the actual central elements A and B, ignoring apparent size. Answer A larger, B larger, or equal. Explain briefly what you used in the image, then end with a confidence score from 0 to 1."
optical_illusion_0302_open_q1,optical_illusion_0302.png,"Compare the actual central elements A and B, ignoring apparent size. Answer A larger, B larger, or equal. Explain briefly what you used in the image, then end with a confidence score from 0 to 1."
optical_illusion_0303_open_q1,optical_illusion_0303.png,"Compare the actual central elements A and B, ignoring apparent size. Answer A larger, B larger, or equal. Explain briefly what you used in the image, then end with a confidence score from 0 to 1."
optical_illusion_0304_open_q1,optical_illusion_0304.png,"Compare the actual central elements A and B, ignoring apparent size. Answer A larger, B larger, or equal. Explain briefly what you used in the image, then end with a confidence score from 0 to 1."
optical_illusion_0305_open_q1,optical_illusion_0305.png,"Compare the actual central elements A and B, ignoring apparent size. Answer A larger, B larger, or equal. Explain briefly what you used in the image, then end with a confidence score from 0 to 1."
optical_illusion_0306_open_q1,optical_illusion_0306.png,"Compare the actual central elements A and B, ignoring apparent size. Answer A larger, B larger, or equal. Explain briefly what you used in the image, then end with a confidence score from 0 to 1."
optical_illusion_0307_open_q1,optical_illusion_0307.png,"Compare the actual central elements A and B, ignoring apparent size. Answer A larger, B larger, or equal. Explain briefly what you used in the image, then end with a confidence score from 0 to 1."
optical_illusion_0308_open_q1,optical_illusion_0308.png,"Compare the actual central elements A and B, ignoring apparent size. Answer A larger, B larger, or equal. Explain briefly what you used in the image, then end with a confidence score from 0 to 1."
optical_illusion_0309_open_q1,optical_illusion_0309.png,"Compare the actual central elements A and B, ignoring apparent size. Answer A larger, B larger, or equal. Explain briefly what you used in the image, then end with a confidence score from 0 to 1."
optical_illusion_0310_open_q1,optical_illusion_0310.png,"Compare the actual central elements A and B, ignoring apparent size. Answer A larger, B larger, or equal. Explain briefly what you used in the image, then end with a confidence score from 0 to 1."
optical_illusion_0311_open_q1,optical_illusion_0311.png,"Compare the actual central elements A and B, ignoring apparent size. Answer A larger, B larger, or equal. Explain briefly what you used in the image, then end with a confidence score from 0 to 1."
optical_illusion_0312_open_q1,optical_illusion_0312.png,"Compare the actual central elements A and B, ignoring apparent size. Answer A larger, B larger, or equal. Explain briefly what you used in the image, then end with a confidence score from 0 to 1."
optical_illusion_0313_open_q1,optical_illusion_0313.png,"Compare the actual central elements A and B, ignoring apparent size. Answer A larger, B larger, or equal. Explain briefly what you used in the image, then end with a confidence score from 0 to 1."
optical_illusion_0314_open_q1,optical_illusion_0314.png,"Compare the actual central elements A and B, ignoring apparent size. Answer A larger, B larger, or equal. Explain briefly what you used in the image, then end with a confidence score from 0 to 1."
optical_illusion_0315_open_q1,optical_illusion_0315.png,"Compare the actual central elements A and B, ignoring apparent size. Answer A larger, B larger, or equal. Explain briefly what you used in the image, then end with a confidence score from 0 to 1."
optical_illusion_0316_open_q1,optical_illusion_0316.png,"Compare the actual central elements A and B, ignoring apparent size. Answer A larger, B larger, or equal. Explain briefly what you used in the image, then end with a confidence score from 0 to 1."
optical_illusion_0317_open_q1,optical_illusion_0317.png,"Compare the actual central elements A and B, ignoring apparent size. Answer A larger, B larger, or equal. Explain briefly what you used in the image, then end with a confidence score from 0 to 1."
optical_illusion_0318_open_q1,optical_illusion_0318.png,"Compare the actual central elements A and B, ignoring apparent size. Answer A larger, B larger, or equal. Explain briefly what you used in the image, then end with a confidence score from 0 to 1."
optical_illusion_0319_open_q1,optical_illusion_0319.png,"Compare the actual central elements A and B, ignoring apparent size. Answer A larger, B larger, or equal. Explain briefly what you used in the image, then end with a confidence score from 0 to 1."
optical_illusion_0320_open_q1,optical_illusion_0320.png,"Compare the actual central elements A and B, ignoring apparent size. Answer A larger, B larger, or equal. Explain briefly what you used in the image, then end with a confidence score from 0 to 1."
optical_illusion_0321_open_q1,optical_illusion_0321.png,"Compare the actual central elements A and B, ignoring apparent size. Answer A larger, B larger, or equal. Explain briefly what you used in the image, then end with a confidence score from 0 to 1."
optical_illusion_0322_open_q1,optical_illusion_0322.png,"Compare the actual central elements A and B, ignoring apparent size. Answer A larger, B larger, or equal. Explain briefly what you used in the image, then end with a confidence score from 0 to 1."
optical_illusion_0323_open_q1,optical_illusion_0323.png,"Compare the actual central elements A and B, ignoring apparent size. Answer A larger, B larger, or equal. Explain briefly what you used in the image, then end with a confidence score from 0 to 1."
optical_illusion_0324_open_q1,optical_illusion_0324.png,"Compare the actual central elements A and B, ignoring apparent size. Answer A larger, B larger, or equal. Explain briefly what you used in the image, then end with a confidence score from 0 to 1."
optical_illusion_0325_open_q1,optical_illusion_0325.png,"Compare the actual central elements A and B, ignoring apparent size. Answer A larger, B larger, or equal. Explain briefly what you used in the image, then end with a confidence score from 0 to 1."
optical_illusion_0326_open_q1,optical_illusion_0326.png,"Compare the actual central elements A and B, ignoring apparent size. Answer A larger, B larger, or equal. Explain briefly what you used in the image, then end with a confidence score from 0 to 1."
optical_illusion_0327_open_q1,optical_illusion_0327.png,"Compare the actual central elements A and B, ignoring apparent size. Answer A larger, B larger, or equal. Explain briefly what you used in the image, then end with a confidence score from 0 to 1."
optical_illusion_0328_open_q1,optical_illusion_0328.png,"Compare the actual central elements A and B, ignoring apparent size. Answer A larger, B larger, or equal. Explain briefly what you used in the image, then end with a confidence score from 0 to 1."
optical_illusion_0329_open_q1,optical_illusion_0329.png,"Compare the actual central elements A and B, ignoring apparent size. Answer A larger, B larger, or equal. Explain briefly what you used in the image, then end with a confidence score from 0 to 1."
optical_illusion_0330_open_q1,optical_illusion_0330.png,"Compare the actual central elements A and B, ignoring apparent size. Answer A larger, B larger, or equal. Explain briefly what you used in the image, then end with a confidence score from 0 to 1."
optical_illusion_0331_open_q1,optical_illusion_0331.png,"Compare the actual central elements A and B, ignoring apparent size. Answer A larger, B larger, or equal. Explain briefly what you used in the image, then end with a confidence score from 0 to 1."
optical_illusion_0332_open_q1,optical_illusion_0332.png,"Compare the actual central elements A and B, ignoring apparent size. Answer A larger, B larger, or equal. Explain briefly what you used in the image, then end with a confidence score from 0 to 1."
optical_illusion_0333_open_q1,optical_illusion_0333.png,"Compare the actual central elements A and B, ignoring apparent size. Answer A larger, B larger, or equal. Explain briefly what you used in the image, then end with a confidence score from 0 to 1."
optical_illusion_0334_open_q1,optical_illusion_0334.png,"Compare the actual central elements A and B, ignoring apparent size. Answer A larger, B larger, or equal. Explain briefly what you used in the image, then end with a confidence score from 0 to 1."
optical_illusion_0335_open_q1,optical_illusion_0335.png,"Compare the actual central elements A and B, ignoring apparent size. Answer A larger, B larger, or equal. Explain briefly what you used in the image, then end with a confidence score from 0 to 1."
optical_illusion_0336_open_q1,optical_illusion_0336.png,"Compare the actual central elements A and B, ignoring apparent size. Answer A larger, B larger, or equal. Explain briefly what you used in the image, then end with a confidence score from 0 to 1."
optical_illusion_0337_open_q1,optical_illusion_0337.png,"Compare the actual central elements A and B, ignoring apparent size. Answer A larger, B larger, or equal. Explain briefly what you used in the image, then end with a confidence score from 0 to 1."
optical_illusion_0338_open_q1,optical_illusion_0338.png,"Compare the actual central elements A and B, ignoring apparent size. Answer A larger, B larger, or equal. Explain briefly what you used in the image, then end with a confidence score from 0 to 1."
optical_illusion_0339_open_q1,optical_illusion_0339.png,"Compare the actual central elements A and B, ignoring apparent size. Answer A larger, B larger, or equal. Explain briefly what you used in the image, then end with a confidence score from 0 to 1."
optical_illusion_0340_open_q1,optical_illusion_0340.png,"Compare the actual central elements A and B, ignoring apparent size. Answer A larger, B larger, or equal. Explain briefly what you used in the image, then end with a confidence score from 0 to 1."
optical_illusion_0341_open_q1,optical_illusion_0341.png,"Compare the actual central elements A and B, ignoring apparent size. Answer A larger, B larger, or equal. Explain briefly what you used in the image, then end with a confidence score from 0 to 1."
optical_illusion_0342_open_q1,optical_illusion_0342.png,"Compare the actual central elements A and B, ignoring apparent size. Answer A larger, B larger, or equal. Explain briefly what you used in the image, then end with a confidence score from 0 to 1."
optical_illusion_0343_open_q1,optical_illusion_0343.png,"Compare the actual central elements A and B, ignoring apparent size. Answer A larger, B larger, or equal. Explain briefly what you used in the image, then end with a confidence score from 0 to 1."
optical_illusion_0344_open_q1,optical_illusion_0344.png,"Compare the actual central elements A and B, ignoring apparent size. Answer A larger, B larger, or equal. Explain briefly what you used in the image, then end with a confidence score from 0 to 1."
optical_illusion_0345_open_q1,optical_illusion_0345.png,"Compare the actual central elements A and B, ignoring apparent size. Answer A larger, B larger, or equal. Explain briefly what you used in the image, then end with a confidence score from 0 to 1."
optical_illusion_0346_open_q1,optical_illusion_0346.png,"Compare the actual central elements A and B, ignoring apparent size. Answer A larger, B larger, or equal. Explain briefly what you used in the image, then end with a confidence score from 0 to 1."
optical_illusion_0347_open_q1,optical_illusion_0347.png,"Compare the actual central elements A and B, ignoring apparent size. Answer A larger, B larger, or equal. Explain briefly what you used in the image, then end with a confidence score from 0 to 1."
optical_illusion_0348_open_q1,optical_illusion_0348.png,"Compare the actual central elements A and B, ignoring apparent size. Answer A larger, B larger, or equal. Explain briefly what you used in the image, then end with a confidence score from 0 to 1."
optical_illusion_0349_open_q1,optical_illusion_0349.png,"Compare the actual central elements A and B, ignoring apparent size. Answer A larger, B larger, or equal. Explain briefly what you used in the image, then end with a confidence score from 0 to 1."
optical_illusion_0350_open_q1,optical_illusion_0350.png,"Compare the actual central elements A and B, ignoring apparent size. Answer A larger, B larger, or equal. Explain briefly what you used in the image, then end with a confidence score from 0 to 1."
optical_illusion_0351_open_q1,optical_illusion_0351.png,"Compare the actual central elements A and B, ignoring apparent size. Answer A larger, B larger, or equal. Explain briefly what you used in the image, then end with a confidence score from 0 to 1."
optical_illusion_0352_open_q1,optical_illusion_0352.png,"Compare the actual central elements A and B, ignoring apparent size. Answer A larger, B larger, or equal. Explain briefly what you used in the image, then end with a confidence score from 0 to 1."
optical_illusion_0353_open_q1,optical_illusion_0353.png,"Compare the actual central elements A and B, ignoring apparent size. Answer A larger, B larger, or equal. Explain briefly what you used in the image, then end with a confidence score from 0 to 1."
optical_illusion_0354_open_q1,optical_illusion_0354.png,"Compare the actual central elements A and B, ignoring apparent size. Answer A larger, B larger, or equal. Explain briefly what you used in the image, then end with a confidence score from 0 to 1."
optical_illusion_0355_open_q1,optical_illusion_0355.png,"Compare the actual central elements A and B, ignoring apparent size. Answer A larger, B larger, or equal. Explain briefly what you used in the image, then end with a confidence score from 0 to 1."
optical_illusion_0356_open_q1,optical_illusion_0356.png,"Compare the actual central elements A and B, ignoring apparent size. Answer A larger, B larger, or equal. Explain briefly what you used in the image, then end with a confidence score from 0 to 1."
optical_illusion_0357_open_q1,optical_illusion_0357.png,"Compare the actual central elements A and B, ignoring apparent size. Answer A larger, B larger, or equal. Explain briefly what you used in the image, then end with a confidence score from 0 to 1."
optical_illusion_0358_open_q1,optical_illusion_0358.png,"Compare the actual central elements A and B, ignoring apparent size. Answer A larger, B larger, or equal. Explain briefly what you used in the image, then end with a confidence score from 0 to 1."
optical_illusion_0359_open_q1,optical_illusion_0359.png,"Compare the actual central elements A and B, ignoring apparent size. Answer A larger, B larger, or equal. Explain briefly what you used in the image, then end with a confidence score from 0 to 1."
optical_illusion_0360_open_q1,optical_illusion_0360.png,"Compare the actual central elements A and B, ignoring apparent size. Answer A larger, B larger, or equal. Explain briefly what you used in the image, then end with a confidence score from 0 to 1."
optical_illusion_0361_open_q1,optical_illusion_0361.png,"Compare the actual central elements A and B, ignoring apparent size. Answer A larger, B larger, or equal. Explain briefly what you used in the image, then end with a confidence score from 0 to 1."
optical_illusion_0362_open_q1,optical_illusion_0362.png,"Compare the actual central elements A and B, ignoring apparent size. Answer A larger, B larger, or equal. Explain briefly what you used in the image, then end with a confidence score from 0 to 1."
optical_illusion_0363_open_q1,optical_illusion_0363.png,"Compare the actual central elements A and B, ignoring apparent size. Answer A larger, B larger, or equal. Explain briefly what you used in the image, then end with a confidence score from 0 to 1."
optical_illusion_0364_open_q1,optical_illusion_0364.png,"Compare the actual central elements A and B, ignoring apparent size. Answer A larger, B larger, or equal. Explain briefly what you used in the image, then end with a confidence score from 0 to 1."
optical_illusion_0365_open_q1,optical_illusion_0365.png,"Compare the actual central elements A and B, ignoring apparent size. Answer A larger, B larger, or equal. Explain briefly what you used in the image, then end with a confidence score from 0 to 1."
optical_illusion_0366_open_q1,optical_illusion_0366.png,"Compare the actual central elements A and B, ignoring apparent size. Answer A larger, B larger, or equal. Explain briefly what you used in the image, then end with a confidence score from 0 to 1."
optical_illusion_0367_open_q1,optical_illusion_0367.png,"Compare the actual central elements A and B, ignoring apparent size. Answer A larger, B larger, or equal. Explain briefly what you used in the image, then end with a confidence score from 0 to 1."
optical_illusion_0368_open_q1,optical_illusion_0368.png,"Compare the actual central elements A and B, ignoring apparent size. Answer A larger, B larger, or equal. Explain briefly what you used in the image, then end with a confidence score from 0 to 1."
optical_illusion_0369_open_q1,optical_illusion_0369.png,"Compare the actual central elements A and B, ignoring apparent size. Answer A larger, B larger, or equal. Explain briefly what you used in the image, then end with a confidence score from 0 to 1."
optical_illusion_0370_open_q1,optical_illusion_0370.png,"Compare the actual central elements A and B, ignoring apparent size. Answer A larger, B larger, or equal. Explain briefly what you used in the image, then end with a confidence score from 0 to 1."
optical_illusion_0371_open_q1,optical_illusion_0371.png,"Compare the actual central elements A and B, ignoring apparent size. Answer A larger, B larger, or equal. Explain briefly what you used in the image, then end with a confidence score from 0 to 1."
optical_illusion_0372_open_q1,optical_illusion_0372.png,"Compare the actual central elements A and B, ignoring apparent size. Answer A larger, B larger, or equal. Explain briefly what you used in the image, then end with a confidence score from 0 to 1."
optical_illusion_0373_open_q1,optical_illusion_0373.png,"Compare the actual central elements A and B, ignoring apparent size. Answer A larger, B larger, or equal. Explain briefly what you used in the image, then end with a confidence score from 0 to 1."
optical_illusion_0374_open_q1,optical_illusion_0374.png,"Compare the actual central elements A and B, ignoring apparent size. Answer A larger, B larger, or equal. Explain briefly what you used in the image, then end with a confidence score from 0 to 1."
optical_illusion_0375_open_q1,optical_illusion_0375.png,"Compare the actual central elements A and B, ignoring apparent size. Answer A larger, B larger, or equal. Explain briefly what you used in the image, then end with a confidence score from 0 to 1."
optical_illusion_0376_open_q1,optical_illusion_0376.png,"Compare the actual central elements A and B, ignoring apparent size. Answer A larger, B larger, or equal. Explain briefly what you used in the image, then end with a confidence score from 0 to 1."
optical_illusion_0377_open_q1,optical_illusion_0377.png,"Compare the actual central elements A and B, ignoring apparent size. Answer A larger, B larger, or equal. Explain briefly what you used in the image, then end with a confidence score from 0 to 1."
optical_illusion_0378_open_q1,optical_illusion_0378.png,"Compare the actual central elements A and B, ignoring apparent size. Answer A larger, B larger, or equal. Explain briefly what you used in the image, then end with a confidence score from 0 to 1."
optical_illusion_0379_open_q1,optical_illusion_0379.png,"Compare the actual central elements A and B, ignoring apparent size. Answer A larger, B larger, or equal. Explain briefly what you used in the image, then end with a confidence score from 0 to 1."
optical_illusion_0380_open_q1,optical_illusion_0380.png,"Compare the actual central elements A and B, ignoring apparent size. Answer A larger, B larger, or equal. Explain briefly what you used in the image, then end with a confidence score from 0 to 1."
optical_illusion_0381_open_q1,optical_illusion_0381.png,"Compare the actual central elements A and B, ignoring apparent size. Answer A larger, B larger, or equal. Explain briefly what you used in the image, then end with a confidence score from 0 to 1."
optical_illusion_0382_open_q1,optical_illusion_0382.png,"Compare the actual central elements A and B, ignoring apparent size. Answer A larger, B larger, or equal. Explain briefly what you used in the image, then end with a confidence score from 0 to 1."
optical_illusion_0383_open_q1,optical_illusion_0383.png,"Compare the actual central elements A and B, ignoring apparent size. Answer A larger, B larger, or equal. Explain briefly what you used in the image, then end with a confidence score from 0 to 1."
optical_illusion_0384_open_q1,optical_illusion_0384.png,"Compare the actual central elements A and B, ignoring apparent size. Answer A larger, B larger, or equal. Explain briefly what you used in the image, then end with a confidence score from 0 to 1."
optical_illusion_0385_open_q1,optical_illusion_0385.png,"Compare the actual central elements A and B, ignoring apparent size. Answer A larger, B larger, or equal. Explain briefly what you used in the image, then end with a confidence score from 0 to 1."
optical_illusion_0386_open_q1,optical_illusion_0386.png,"Compare the actual central elements A and B, ignoring apparent size. Answer A larger, B larger, or equal. Explain briefly what you used in the image, then end with a confidence score from 0 to 1."
optical_illusion_0387_open_q1,optical_illusion_0387.png,"Compare the actual central elements A and B, ignoring apparent size. Answer A larger, B larger, or equal. Explain briefly what you used in the image, then end with a confidence score from 0 to 1."
optical_illusion_0388_open_q1,optical_illusion_0388.png,"Compare the actual central elements A and B, ignoring apparent size. Answer A larger, B larger, or equal. Explain briefly what you used in the image, then end with a confidence score from 0 to 1."
optical_illusion_0389_open_q1,optical_illusion_0389.png,"Compare the actual central elements A and B, ignoring apparent size. Answer A larger, B larger, or equal. Explain briefly what you used in the image, then end with a confidence score from 0 to 1."
optical_illusion_0390_open_q1,optical_illusion_0390.png,"Compare the actual central elements A and B, ignoring apparent size. Answer A larger, B larger, or equal. Explain briefly what you used in the image, then end with a confidence score from 0 to 1."
optical_illusion_0391_open_q1,optical_illusion_0391.png,"Compare the actual central elements A and B, ignoring apparent size. Answer A larger, B larger, or equal. Explain briefly what you used in the image, then end with a confidence score from 0 to 1."
optical_illusion_0392_open_q1,optical_illusion_0392.png,"Compare the actual central elements A and B, ignoring apparent size. Answer A larger, B larger, or equal. Explain briefly what you used in the image, then end with a confidence score from 0 to 1."
optical_illusion_0393_open_q1,optical_illusion_0393.png,"Compare the actual central elements A and B, ignoring apparent size. Answer A larger, B larger, or equal. Explain briefly what you used in the image, then end with a confidence score from 0 to 1."
optical_illusion_0394_open_q1,optical_illusion_0394.png,"Compare the actual central elements A and B, ignoring apparent size. Answer A larger, B larger, or equal. Explain briefly what you used in the image, then end with a confidence score from 0 to 1."
optical_illusion_0395_open_q1,optical_illusion_0395.png,"Compare the actual central elements A and B, ignoring apparent size. Answer A larger, B larger, or equal. Explain briefly what you used in the image, then end with a confidence score from 0 to 1."
optical_illusion_0396_open_q1,optical_illusion_0396.png,"Compare the actual central elements A and B, ignoring apparent size. Answer A larger, B larger, or equal. Explain briefly what you used in the image, then end with a confidence score from 0 to 1."
optical_illusion_0397_open_q1,optical_illusion_0397.png,"Compare the actual central elements A and B, ignoring apparent size. Answer A larger, B larger, or equal. Explain briefly what you used in the image, then end with a confidence score from 0 to 1."
optical_illusion_0398_open_q1,optical_illusion_0398.png,"Compare the actual central elements A and B, ignoring apparent size. Answer A larger, B larger, or equal. Explain briefly what you used in the image, then end with a confidence score from 0 to 1."
optical_illusion_0399_open_q1,optical_illusion_0399.png,"Compare the actual central elements A and B, ignoring apparent size. Answer A larger, B larger, or equal. Explain briefly what you used in the image, then end with a confidence score from 0 to 1."
optical_illusion_0400_open_q1,optical_illusion_0400.png,"Compare the actual central elements A and B, ignoring apparent size. Answer A larger, B larger, or equal. Explain briefly what you used in the image, then end with a confidence score from 0 to 1."
optical_illusion_0401_open_q1,optical_illusion_0401.png,"Compare the actual central elements A and B, ignoring apparent size. Answer A larger, B larger, or equal. Explain briefly what you used in the image, then end with a confidence score from 0 to 1."
optical_illusion_0402_open_q1,optical_illusion_0402.png,"Compare the actual central elements A and B, ignoring apparent size. Answer A larger, B larger, or equal. Explain briefly what you used in the image, then end with a confidence score from 0 to 1."
optical_illusion_0403_open_q1,optical_illusion_0403.png,"Compare the actual central elements A and B, ignoring apparent size. Answer A larger, B larger, or equal. Explain briefly what you used in the image, then end with a confidence score from 0 to 1."
optical_illusion_0404_open_q1,optical_illusion_0404.png,"Compare the actual central elements A and B, ignoring apparent size. Answer A larger, B larger, or equal. Explain briefly what you used in the image, then end with a confidence score from 0 to 1."
optical_illusion_0405_open_q1,optical_illusion_0405.png,"Compare the actual central elements A and B, ignoring apparent size. Answer A larger, B larger, or equal. Explain briefly what you used in the image, then end with a confidence score from 0 to 1."
optical_illusion_0406_open_q1,optical_illusion_0406.png,"Compare the actual central elements A and B, ignoring apparent size. Answer A larger, B larger, or equal. Explain briefly what you used in the image, then end with a confidence score from 0 to 1."
optical_illusion_0407_open_q1,optical_illusion_0407.png,"Compare the actual central elements A and B, ignoring apparent size. Answer A larger, B larger, or equal. Explain briefly what you used in the image, then end with a confidence score from 0 to 1."
optical_illusion_0408_open_q1,optical_illusion_0408.png,"Compare the actual central elements A and B, ignoring apparent size. Answer A larger, B larger, or equal. Explain briefly what you used in the image, then end with a confidence score from 0 to 1."
optical_illusion_0409_open_q1,optical_illusion_0409.png,"Compare the actual central elements A and B, ignoring apparent size. Answer A larger, B larger, or equal. Explain briefly what you used in the image, then end with a confidence score from 0 to 1."
optical_illusion_0410_open_q1,optical_illusion_0410.png,"Compare the actual central elements A and B, ignoring apparent size. Answer A larger, B larger, or equal. Explain briefly what you used in the image, then end with a confidence score from 0 to 1."
optical_illusion_0411_open_q1,optical_illusion_0411.png,"Compare the actual central elements A and B, ignoring apparent size. Answer A larger, B larger, or equal. Explain briefly what you used in the image, then end with a confidence score from 0 to 1."
optical_illusion_0412_open_q1,optical_illusion_0412.png,"Compare the actual central elements A and B, ignoring apparent size. Answer A larger, B larger, or equal. Explain briefly what you used in the image, then end with a confidence score from 0 to 1."
optical_illusion_0413_open_q1,optical_illusion_0413.png,"Compare the actual central elements A and B, ignoring apparent size. Answer A larger, B larger, or equal. Explain briefly what you used in the image, then end with a confidence score from 0 to 1."
optical_illusion_0414_open_q1,optical_illusion_0414.png,"Compare the actual central elements A and B, ignoring apparent size. Answer A larger, B larger, or equal. Explain briefly what you used in the image, then end with a confidence score from 0 to 1."
optical_illusion_0415_open_q1,optical_illusion_0415.png,"Compare the actual central elements A and B, ignoring apparent size. Answer A larger, B larger, or equal. Explain briefly what you used in the image, then end with a confidence score from 0 to 1."
optical_illusion_0416_open_q1,optical_illusion_0416.png,"Compare the actual central elements A and B, ignoring apparent size. Answer A larger, B larger, or equal. Explain briefly what you used in the image, then end with a confidence score from 0 to 1."
optical_illusion_0417_open_q1,optical_illusion_0417.png,"Compare the actual central elements A and B, ignoring apparent size. Answer A larger, B larger, or equal. Explain briefly what you used in the image, then end with a confidence score from 0 to 1."
optical_illusion_0418_open_q1,optical_illusion_0418.png,"Compare the actual central elements A and B, ignoring apparent size. Answer A larger, B larger, or equal. Explain briefly what you used in the image, then end with a confidence score from 0 to 1."
optical_illusion_0419_open_q1,optical_illusion_0419.png,"Compare the actual central elements A and B, ignoring apparent size. Answer A larger, B larger, or equal. Explain briefly what you used in the image, then end with a confidence score from 0 to 1."
optical_illusion_0420_open_q1,optical_illusion_0420.png,"Compare the actual central elements A and B, ignoring apparent size. Answer A larger, B larger, or equal. Explain briefly what you used in the image, then end with a confidence score from 0 to 1."
optical_illusion_0421_open_q1,optical_illusion_0421.png,"Compare the actual central elements A and B, ignoring apparent size. Answer A larger, B larger, or equal. Explain briefly what you used in the image, then end with a confidence score from 0 to 1."
optical_illusion_0422_open_q1,optical_illusion_0422.png,"Compare the actual central elements A and B, ignoring apparent size. Answer A larger, B larger, or equal. Explain briefly what you used in the image, then end with a confidence score from 0 to 1."
optical_illusion_0423_open_q1,optical_illusion_0423.png,"Compare the actual central elements A and B, ignoring apparent size. Answer A larger, B larger, or equal. Explain briefly what you used in the image, then end with a confidence score from 0 to 1."
optical_illusion_0424_open_q1,optical_illusion_0424.png,"Compare the actual central elements A and B, ignoring apparent size. Answer A larger, B larger, or equal. Explain briefly what you used in the image, then end with a confidence score from 0 to 1."
optical_illusion_0425_open_q1,optical_illusion_0425.png,"Compare the actual central elements A and B, ignoring apparent size. Answer A larger, B larger, or equal. Explain briefly what you used in the image, then end with a confidence score from 0 to 1."
optical_illusion_0426_open_q1,optical_illusion_0426.png,"Compare the actual central elements A and B, ignoring apparent size. Answer A larger, B larger, or equal. Explain briefly what you used in the image, then end with a confidence score from 0 to 1."
optical_illusion_0427_open_q1,optical_illusion_0427.png,"Compare the actual central elements A and B, ignoring apparent size. Answer A larger, B larger, or equal. Explain briefly what you used in the image, then end with a confidence score from 0 to 1."
optical_illusion_0428_open_q1,optical_illusion_0428.png,"Compare the actual central elements A and B, ignoring apparent size. Answer A larger, B larger, or equal. Explain briefly what you used in the image, then end with a confidence score from 0 to 1."
optical_illusion_0429_open_q1,optical_illusion_0429.png,"Compare the actual central elements A and B, ignoring apparent size. Answer A larger, B larger, or equal. Explain briefly what you used in the image, then end with a confidence score from 0 to 1."
optical_illusion_0430_open_q1,optical_illusion_0430.png,"Compare the actual central elements A and B, ignoring apparent size. Answer A larger, B larger, or equal. Explain briefly what you used in the image, then end with a confidence score from 0 to 1."
optical_illusion_0431_open_q1,optical_illusion_0431.png,"Compare the actual central elements A and B, ignoring apparent size. Answer A larger, B larger, or equal. Explain briefly what you used in the image, then end with a confidence score from 0 to 1."
optical_illusion_0432_open_q1,optical_illusion_0432.png,"Compare the actual central elements A and B, ignoring apparent size. Answer A larger, B larger, or equal. Explain briefly what you used in the image, then end with a confidence score from 0 to 1."
optical_illusion_0433_open_q1,optical_illusion_0433.png,"Compare the actual central elements A and B, ignoring apparent size. Answer A larger, B larger, or equal. Explain briefly what you used in the image, then end with a confidence score from 0 to 1."
optical_illusion_0434_open_q1,optical_illusion_0434.png,"Compare the actual central elements A and B, ignoring apparent size. Answer A larger, B larger, or equal. Explain briefly what you used in the image, then end with a confidence score from 0 to 1."
optical_illusion_0435_open_q1,optical_illusion_0435.png,"Compare the actual central elements A and B, ignoring apparent size. Answer A larger, B larger, or equal. Explain briefly what you used in the image, then end with a confidence score from 0 to 1."
optical_illusion_0436_open_q1,optical_illusion_0436.png,"Compare the actual central elements A and B, ignoring apparent size. Answer A larger, B larger, or equal. Explain briefly what you used in the image, then end with a confidence score from 0 to 1."
optical_illusion_0437_open_q1,optical_illusion_0437.png,"Compare the actual central elements A and B, ignoring apparent size. Answer A larger, B larger, or equal. Explain briefly what you used in the image, then end with a confidence score from 0 to 1."
optical_illusion_0438_open_q1,optical_illusion_0438.png,"Compare the actual central elements A and B, ignoring apparent size. Answer A larger, B larger, or equal. Explain briefly what you used in the image, then end with a confidence score from 0 to 1."
optical_illusion_0439_open_q1,optical_illusion_0439.png,"Compare the actual central elements A and B, ignoring apparent size. Answer A larger, B larger, or equal. Explain briefly what you used in the image, then end with a confidence score from 0 to 1."
optical_illusion_0440_open_q1,optical_illusion_0440.png,"Compare the actual central elements A and B, ignoring apparent size. Answer A larger, B larger, or equal. Explain briefly what you used in the image, then end with a confidence score from 0 to 1."
optical_illusion_0441_open_q1,optical_illusion_0441.png,"Compare the actual central elements A and B, ignoring apparent size. Answer A larger, B larger, or equal. Explain briefly what you used in the image, then end with a confidence score from 0 to 1."
optical_illusion_0442_open_q1,optical_illusion_0442.png,"Compare the actual central elements A and B, ignoring apparent size. Answer A larger, B larger, or equal. Explain briefly what you used in the image, then end with a confidence score from 0 to 1."
optical_illusion_0443_open_q1,optical_illusion_0443.png,"Compare the actual central elements A and B, ignoring apparent size. Answer A larger, B larger, or equal. Explain briefly what you used in the image, then end with a confidence score from 0 to 1."
optical_illusion_0444_open_q1,optical_illusion_0444.png,"Compare the actual central elements A and B, ignoring apparent size. Answer A larger, B larger, or equal. Explain briefly what you used in the image, then end with a confidence score from 0 to 1."
optical_illusion_0445_open_q1,optical_illusion_0445.png,"Compare the actual central elements A and B, ignoring apparent size. Answer A larger, B larger, or equal. Explain briefly what you used in the image, then end with a confidence score from 0 to 1."
optical_illusion_0446_open_q1,optical_illusion_0446.png,"Compare the actual central elements A and B, ignoring apparent size. Answer A larger, B larger, or equal. Explain briefly what you used in the image, then end with a confidence score from 0 to 1."
optical_illusion_0447_open_q1,optical_illusion_0447.png,"Compare the actual central elements A and B, ignoring apparent size. Answer A larger, B larger, or equal. Explain briefly what you used in the image, then end with a confidence score from 0 to 1."
optical_illusion_0448_open_q1,optical_illusion_0448.png,"Compare the actual central elements A and B, ignoring apparent size. Answer A larger, B larger, or equal. Explain briefly what you used in the image, then end with a confidence score from 0 to 1."
optical_illusion_0449_open_q1,optical_illusion_0449.png,"Compare the actual central elements A and B, ignoring apparent size. Answer A larger, B larger, or equal. Explain briefly what you used in the image, then end with a confidence score from 0 to 1."
optical_illusion_0450_open_q1,optical_illusion_0450.png,"Compare the actual central elements A and B, ignoring apparent size. Answer A larger, B larger, or equal. Explain briefly what you used in the image, then end with a confidence score from 0 to 1."
optical_illusion_0451_open_q1,optical_illusion_0451.png,"Compare the actual central elements A and B, ignoring apparent size. Answer A larger, B larger, or equal. Explain briefly what you used in the image, then end with a confidence score from 0 to 1."
optical_illusion_0452_open_q1,optical_illusion_0452.png,"Compare the actual central elements A and B, ignoring apparent size. Answer A larger, B larger, or equal. Explain briefly what you used in the image, then end with a confidence score from 0 to 1."
optical_illusion_0453_open_q1,optical_illusion_0453.png,"Compare the actual central elements A and B, ignoring apparent size. Answer A larger, B larger, or equal. Explain briefly what you used in the image, then end with a confidence score from 0 to 1."
optical_illusion_0454_open_q1,optical_illusion_0454.png,"Compare the actual central elements A and B, ignoring apparent size. Answer A larger, B larger, or equal. Explain briefly what you used in the image, then end with a confidence score from 0 to 1."
optical_illusion_0455_open_q1,optical_illusion_0455.png,"Compare the actual central elements A and B, ignoring apparent size. Answer A larger, B larger, or equal. Explain briefly what you used in the image, then end with a confidence score from 0 to 1."
optical_illusion_0456_open_q1,optical_illusion_0456.png,"Compare the actual central elements A and B, ignoring apparent size. Answer A larger, B larger, or equal. Explain briefly what you used in the image, then end with a confidence score from 0 to 1."
optical_illusion_0457_open_q1,optical_illusion_0457.png,"Compare the actual central elements A and B, ignoring apparent size. Answer A larger, B larger, or equal. Explain briefly what you used in the image, then end with a confidence score from 0 to 1."
optical_illusion_0458_open_q1,optical_illusion_0458.png,"Compare the actual central elements A and B, ignoring apparent size. Answer A larger, B larger, or equal. Explain briefly what you used in the image, then end with a confidence score from 0 to 1."
optical_illusion_0459_open_q1,optical_illusion_0459.png,"Compare the actual central elements A and B, ignoring apparent size. Answer A larger, B larger, or equal. Explain briefly what you used in the image, then end with a confidence score from 0 to 1."
optical_illusion_0460_open_q1,optical_illusion_0460.png,"Compare the actual central elements A and B, ignoring apparent size. Answer A larger, B larger, or equal. Explain briefly what you used in the image, then end with a confidence score from 0 to 1."
optical_illusion_0461_open_q1,optical_illusion_0461.png,"Compare the actual central elements A and B, ignoring apparent size. Answer A larger, B larger, or equal. Explain briefly what you used in the image, then end with a confidence score from 0 to 1."
optical_illusion_0462_open_q1,optical_illusion_0462.png,"Compare the actual central elements A and B, ignoring apparent size. Answer A larger, B larger, or equal. Explain briefly what you used in the image, then end with a confidence score from 0 to 1."
optical_illusion_0463_open_q1,optical_illusion_0463.png,"Compare the actual central elements A and B, ignoring apparent size. Answer A larger, B larger, or equal. Explain briefly what you used in the image, then end with a confidence score from 0 to 1."
optical_illusion_0464_open_q1,optical_illusion_0464.png,"Compare the actual central elements A and B, ignoring apparent size. Answer A larger, B larger, or equal. Explain briefly what you used in the image, then end with a confidence score from 0 to 1."
optical_illusion_0465_open_q1,optical_illusion_0465.png,"Compare the actual central elements A and B, ignoring apparent size. Answer A larger, B larger, or equal. Explain briefly what you used in the image, then end with a confidence score from 0 to 1."
optical_illusion_0466_open_q1,optical_illusion_0466.png,"Compare the actual central elements A and B, ignoring apparent size. Answer A larger, B larger, or equal. Explain briefly what you used in the image, then end with a confidence score from 0 to 1."
optical_illusion_0467_open_q1,optical_illusion_0467.png,"Compare the actual central elements A and B, ignoring apparent size. Answer A larger, B larger, or equal. Explain briefly what you used in the image, then end with a confidence score from 0 to 1."
optical_illusion_0468_open_q1,optical_illusion_0468.png,"Compare the actual central elements A and B, ignoring apparent size. Answer A larger, B larger, or equal. Explain briefly what you used in the image, then end with a confidence score from 0 to 1."
optical_illusion_0469_open_q1,optical_illusion_0469.png,"Compare the actual central elements A and B, ignoring apparent size. Answer A larger, B larger, or equal. Explain briefly what you used in the image, then end with a confidence score from 0 to 1."
optical_illusion_0470_open_q1,optical_illusion_0470.png,"Compare the actual central elements A and B, ignoring apparent size. Answer A larger, B larger, or equal. Explain briefly what you used in the image, then end with a confidence score from 0 to 1."
optical_illusion_0471_open_q1,optical_illusion_0471.png,"Compare the actual central elements A and B, ignoring apparent size. Answer A larger, B larger, or equal. Explain briefly what you used in the image, then end with a confidence score from 0 to 1."
optical_illusion_0472_open_q1,optical_illusion_0472.png,"Compare the actual central elements A and B, ignoring apparent size. Answer A larger, B larger, or equal. Explain briefly what you used in the image, then end with a confidence score from 0 to 1."
optical_illusion_0473_open_q1,optical_illusion_0473.png,"Compare the actual central elements A and B, ignoring apparent size. Answer A larger, B larger, or equal. Explain briefly what you used in the image, then end with a confidence score from 0 to 1."
optical_illusion_0474_open_q1,optical_illusion_0474.png,"Compare the actual central elements A and B, ignoring apparent size. Answer A larger, B larger, or equal. Explain briefly what you used in the image, then end with a confidence score from 0 to 1."
optical_illusion_0475_open_q1,optical_illusion_0475.png,"Compare the actual central elements A and B, ignoring apparent size. Answer A larger, B larger, or equal. Explain briefly what you used in the image, then end with a confidence score from 0 to 1."
optical_illusion_0476_open_q1,optical_illusion_0476.png,"Compare the actual central elements A and B, ignoring apparent size. Answer A larger, B larger, or equal. Explain briefly what you used in the image, then end with a confidence score from 0 to 1."
optical_illusion_0477_open_q1,optical_illusion_0477.png,"Compare the actual central elements A and B, ignoring apparent size. Answer A larger, B larger, or equal. Explain briefly what you used in the image, then end with a confidence score from 0 to 1."
optical_illusion_0478_open_q1,optical_illusion_0478.png,"Compare the actual central elements A and B, ignoring apparent size. Answer A larger, B larger, or equal. Explain briefly what you used in the image, then end with a confidence score from 0 to 1."
optical_illusion_0479_open_q1,optical_illusion_0479.png,"Compare the actual central elements A and B, ignoring apparent size. Answer A larger, B larger, or equal. Explain briefly what you used in the image, then end with a confidence score from 0 to 1."
optical_illusion_0480_open_q1,optical_illusion_0480.png,"Compare the actual central elements A and B, ignoring apparent size. Answer A larger, B larger, or equal. Explain briefly what you used in the image, then end with a confidence score from 0 to 1."
optical_illusion_0481_open_q1,optical_illusion_0481.png,"Compare the actual central elements A and B, ignoring apparent size. Answer A larger, B larger, or equal. Explain briefly what you used in the image, then end with a confidence score from 0 to 1."
optical_illusion_0482_open_q1,optical_illusion_0482.png,"Compare the actual central elements A and B, ignoring apparent size. Answer A larger, B larger, or equal. Explain briefly what you used in the image, then end with a confidence score from 0 to 1."
optical_illusion_0483_open_q1,optical_illusion_0483.png,"Compare the actual central elements A and B, ignoring apparent size. Answer A larger, B larger, or equal. Explain briefly what you used in the image, then end with a confidence score from 0 to 1."
optical_illusion_0484_open_q1,optical_illusion_0484.png,"Compare the actual central elements A and B, ignoring apparent size. Answer A larger, B larger, or equal. Explain briefly what you used in the image, then end with a confidence score from 0 to 1."
optical_illusion_0485_open_q1,optical_illusion_0485.png,"Compare the actual central elements A and B, ignoring apparent size. Answer A larger, B larger, or equal. Explain briefly what you used in the image, then end with a confidence score from 0 to 1."
optical_illusion_0486_open_q1,optical_illusion_0486.png,"Compare the actual central elements A and B, ignoring apparent size. Answer A larger, B larger, or equal. Explain briefly what you used in the image, then end with a confidence score from 0 to 1."
optical_illusion_0487_open_q1,optical_illusion_0487.png,"Compare the actual central elements A and B, ignoring apparent size. Answer A larger, B larger, or equal. Explain briefly what you used in the image, then end with a confidence score from 0 to 1."
optical_illusion_0488_open_q1,optical_illusion_0488.png,"Compare the actual central elements A and B, ignoring apparent size. Answer A larger, B larger, or equal. Explain briefly what you used in the image, then end with a confidence score from 0 to 1."
optical_illusion_0489_open_q1,optical_illusion_0489.png,"Compare the actual central elements A and B, ignoring apparent size. Answer A larger, B larger, or equal. Explain briefly what you used in the image, then end with a confidence score from 0 to 1."
optical_illusion_0490_open_q1,optical_illusion_0490.png,"Compare the actual central elements A and B, ignoring apparent size. Answer A larger, B larger, or equal. Explain briefly what you used in the image, then end with a confidence score from 0 to 1."
optical_illusion_0491_open_q1,optical_illusion_0491.png,"Compare the actual central elements A and B, ignoring apparent size. Answer A larger, B larger, or equal. Explain briefly what you used in the image, then end with a confidence score from 0 to 1."
optical_illusion_0492_open_q1,optical_illusion_0492.png,"Compare the actual central elements A and B, ignoring apparent size. Answer A larger, B larger, or equal. Explain briefly what you used in the image, then end with a confidence score from 0 to 1."
optical_illusion_0493_open_q1,optical_illusion_0493.png,"Compare the actual central elements A and B, ignoring apparent size. Answer A larger, B larger, or equal. Explain briefly what you used in the image, then end with a confidence score from 0 to 1."
optical_illusion_0494_open_q1,optical_illusion_0494.png,"Compare the actual central elements A and B, ignoring apparent size. Answer A larger, B larger, or equal. Explain briefly what you used in the image, then end with a confidence score from 0 to 1."
optical_illusion_0495_open_q1,optical_illusion_0495.png,"Compare the actual central elements A and B, ignoring apparent size. Answer A larger, B larger, or equal. Explain briefly what you used in the image, then end with a confidence score from 0 to 1."
optical_illusion_0496_open_q1,optical_illusion_0496.png,"Compare the actual central elements A and B, ignoring apparent size. Answer A larger, B larger, or equal. Explain briefly what you used in the image, then end with a confidence score from 0 to 1."
optical_illusion_0497_open_q1,optical_illusion_0497.png,"Compare the actual central elements A and B, ignoring apparent size. Answer A larger, B larger, or equal. Explain briefly what you used in the image, then end with a confidence score from 0 to 1."
optical_illusion_0498_open_q1,optical_illusion_0498.png,"Compare the actual central elements A and B, ignoring apparent size. Answer A larger, B larger, or equal. Explain briefly what you used in the image, then end with a confidence score from 0 to 1."
optical_illusion_0499_open_q1,optical_illusion_0499.png,"Compare the actual central elements A and B, ignoring apparent size. Answer A larger, B larger, or equal. Explain briefly what you used in the image, then end with a confidence score from 0 to 1."
optical_illusion_0500_open_q1,optical_illusion_0500.png,"Compare the actual central elements A and B, ignoring apparent size. Answer A larger, B larger, or equal. Explain briefly what you used in the image, then end with a confidence score from 0 to 1."
optical_illusion_0501_open_q1,optical_illusion_0501.png,"Compare the actual central elements A and B, ignoring apparent size. Answer A larger, B larger, or equal. Explain briefly what you used in the image, then end with a confidence score from 0 to 1."
optical_illusion_0502_open_q1,optical_illusion_0502.png,"Compare the actual central elements A and B, ignoring apparent size. Answer A larger, B larger, or equal. Explain briefly what you used in the image, then end with a confidence score from 0 to 1."
optical_illusion_0503_open_q1,optical_illusion_0503.png,"Compare the actual central elements A and B, ignoring apparent size. Answer A larger, B larger, or equal. Explain briefly what you used in the image, then end with a confidence score from 0 to 1."
optical_illusion_0504_open_q1,optical_illusion_0504.png,"Compare the actual central elements A and B, ignoring apparent size. Answer A larger, B larger, or equal. Explain briefly what you used in the image, then end with a confidence score from 0 to 1."
optical_illusion_0505_open_q1,optical_illusion_0505.png,"Compare the actual central elements A and B, ignoring apparent size. Answer A larger, B larger, or equal. Explain briefly what you used in the image, then end with a confidence score from 0 to 1."
optical_illusion_0506_open_q1,optical_illusion_0506.png,"Compare the actual central elements A and B, ignoring apparent size. Answer A larger, B larger, or equal. Explain briefly what you used in the image, then end with a confidence score from 0 to 1."
optical_illusion_0507_open_q1,optical_illusion_0507.png,"Compare the actual central elements A and B, ignoring apparent size. Answer A larger, B larger, or equal. Explain briefly what you used in the image, then end with a confidence score from 0 to 1."
optical_illusion_0508_open_q1,optical_illusion_0508.png,"Compare the actual central elements A and B, ignoring apparent size. Answer A larger, B larger, or equal. Explain briefly what you used in the image, then end with a confidence score from 0 to 1."
optical_illusion_0509_open_q1,optical_illusion_0509.png,"Compare the actual central elements A and B, ignoring apparent size. Answer A larger, B larger, or equal. Explain briefly what you used in the image, then end with a confidence score from 0 to 1."
optical_illusion_0510_open_q1,optical_illusion_0510.png,"Compare the actual central elements A and B, ignoring apparent size. Answer A larger, B larger, or equal. Explain briefly what you used in the image, then end with a confidence score from 0 to 1."
optical_illusion_0511_open_q1,optical_illusion_0511.png,"Compare the actual central elements A and B, ignoring apparent size. Answer A larger, B larger, or equal. Explain briefly what you used in the image, then end with a confidence score from 0 to 1."
optical_illusion_0512_open_q1,optical_illusion_0512.png,"Compare the actual central elements A and B, ignoring apparent size. Answer A larger, B larger, or equal. Explain briefly what you used in the image, then end with a confidence score from 0 to 1."
optical_illusion_0513_open_q1,optical_illusion_0513.png,"Compare the actual central elements A and B, ignoring apparent size. Answer A larger, B larger, or equal. Explain briefly what you used in the image, then end with a confidence score from 0 to 1."
optical_illusion_0514_open_q1,optical_illusion_0514.png,"Compare the actual central elements A and B, ignoring apparent size. Answer A larger, B larger, or equal. Explain briefly what you used in the image, then end with a confidence score from 0 to 1."
optical_illusion_0515_open_q1,optical_illusion_0515.png,"Compare the actual central elements A and B, ignoring apparent size. Answer A larger, B larger, or equal. Explain briefly what you used in the image, then end with a confidence score from 0 to 1."
optical_illusion_0516_open_q1,optical_illusion_0516.png,"Compare the actual central elements A and B, ignoring apparent size. Answer A larger, B larger, or equal. Explain briefly what you used in the image, then end with a confidence score from 0 to 1."
optical_illusion_0517_open_q1,optical_illusion_0517.png,"Compare the actual central elements A and B, ignoring apparent size. Answer A larger, B larger, or equal. Explain briefly what you used in the image, then end with a confidence score from 0 to 1."
optical_illusion_0518_open_q1,optical_illusion_0518.png,"Compare the actual central elements A and B, ignoring apparent size. Answer A larger, B larger, or equal. Explain briefly what you used in the image, then end with a confidence score from 0 to 1."
optical_illusion_0519_open_q1,optical_illusion_0519.png,"Compare the actual central elements A and B, ignoring apparent size. Answer A larger, B larger, or equal. Explain briefly what you used in the image, then end with a confidence score from 0 to 1."
optical_illusion_0520_open_q1,optical_illusion_0520.png,"Compare the actual central elements A and B, ignoring apparent size. Answer A larger, B larger, or equal. Explain briefly what you used in the image, then end with a confidence score from 0 to 1."
optical_illusion_0521_open_q1,optical_illusion_0521.png,"Compare the actual central elements A and B, ignoring apparent size. Answer A larger, B larger, or equal. Explain briefly what you used in the image, then end with a confidence score from 0 to 1."
optical_illusion_0522_open_q1,optical_illusion_0522.png,"Compare the actual central elements A and B, ignoring apparent size. Answer A larger, B larger, or equal. Explain briefly what you used in the image, then end with a confidence score from 0 to 1."
optical_illusion_0523_open_q1,optical_illusion_0523.png,"Compare the actual central elements A and B, ignoring apparent size. Answer A larger, B larger, or equal. Explain briefly what you used in the image, then end with a confidence score from 0 to 1."
optical_illusion_0524_open_q1,optical_illusion_0524.png,"Compare the actual central elements A and B, ignoring apparent size. Answer A larger, B larger, or equal. Explain briefly what you used in the image, then end with a confidence score from 0 to 1."
optical_illusion_0525_open_q1,optical_illusion_0525.png,"Compare the actual central elements A and B, ignoring apparent size. Answer A larger, B larger, or equal. Explain briefly what you used in the image, then end with a confidence score from 0 to 1."
optical_illusion_0526_open_q1,optical_illusion_0526.png,"Compare the actual central elements A and B, ignoring apparent size. Answer A larger, B larger, or equal. Explain briefly what you used in the image, then end with a confidence score from 0 to 1."
optical_illusion_0527_open_q1,optical_illusion_0527.png,"Compare the actual central elements A and B, ignoring apparent size. Answer A larger, B larger, or equal. Explain briefly what you used in the image, then end with a confidence score from 0 to 1."
optical_illusion_0528_open_q1,optical_illusion_0528.png,"Compare the actual central elements A and B, ignoring apparent size. Answer A larger, B larger, or equal. Explain briefly what you used in the image, then end with a confidence score from 0 to 1."
optical_illusion_0529_open_q1,optical_illusion_0529.png,"Compare the actual central elements A and B, ignoring apparent size. Answer A larger, B larger, or equal. Explain briefly what you used in the image, then end with a confidence score from 0 to 1."
optical_illusion_0530_open_q1,optical_illusion_0530.png,"Compare the actual central elements A and B, ignoring apparent size. Answer A larger, B larger, or equal. Explain briefly what you used in the image, then end with a confidence score from 0 to 1."
optical_illusion_0531_open_q1,optical_illusion_0531.png,"Compare the actual central elements A and B, ignoring apparent size. Answer A larger, B larger, or equal. Explain briefly what you used in the image, then end with a confidence score from 0 to 1."
optical_illusion_0532_open_q1,optical_illusion_0532.png,"Compare the actual central elements A and B, ignoring apparent size. Answer A larger, B larger, or equal. Explain briefly what you used in the image, then end with a confidence score from 0 to 1."
optical_illusion_0533_open_q1,optical_illusion_0533.png,"Compare the actual central elements A and B, ignoring apparent size. Answer A larger, B larger, or equal. Explain briefly what you used in the image, then end with a confidence score from 0 to 1."
optical_illusion_0534_open_q1,optical_illusion_0534.png,"Compare the actual central elements A and B, ignoring apparent size. Answer A larger, B larger, or equal. Explain briefly what you used in the image, then end with a confidence score from 0 to 1."
optical_illusion_0535_open_q1,optical_illusion_0535.png,"Compare the actual central elements A and B, ignoring apparent size. Answer A larger, B larger, or equal. Explain briefly what you used in the image, then end with a confidence score from 0 to 1."
optical_illusion_0536_open_q1,optical_illusion_0536.png,"Compare the actual central elements A and B, ignoring apparent size. Answer A larger, B larger, or equal. Explain briefly what you used in the image, then end with a confidence score from 0 to 1."
optical_illusion_0537_open_q1,optical_illusion_0537.png,"Compare the actual central elements A and B, ignoring apparent size. Answer A larger, B larger, or equal. Explain briefly what you used in the image, then end with a confidence score from 0 to 1."
optical_illusion_0538_open_q1,optical_illusion_0538.png,"Compare the actual central elements A and B, ignoring apparent size. Answer A larger, B larger, or equal. Explain briefly what you used in the image, then end with a confidence score from 0 to 1."
optical_illusion_0539_open_q1,optical_illusion_0539.png,"Compare the actual central elements A and B, ignoring apparent size. Answer A larger, B larger, or equal. Explain briefly what you used in the image, then end with a confidence score from 0 to 1."
optical_illusion_0540_open_q1,optical_illusion_0540.png,"Compare the actual central elements A and B, ignoring apparent size. Answer A larger, B larger, or equal. Explain briefly what you used in the image, then end with a confidence score from 0 to 1."
optical_illusion_0541_open_q1,optical_illusion_0541.png,"Compare the actual central elements A and B, ignoring apparent size. Answer A larger, B larger, or equal. Explain briefly what you used in the image, then end with a confidence score from 0 to 1."
optical_illusion_0542_open_q1,optical_illusion_0542.png,"Compare the actual central elements A and B, ignoring apparent size. Answer A larger, B larger, or equal. Explain briefly what you used in the image, then end with a confidence score from 0 to 1."
optical_illusion_0543_open_q1,optical_illusion_0543.png,"Compare the actual central elements A and B, ignoring apparent size. Answer A larger, B larger, or equal. Explain briefly what you used in the image, then end with a confidence score from 0 to 1."
optical_illusion_0544_open_q1,optical_illusion_0544.png,"Compare the actual central elements A and B, ignoring apparent size. Answer A larger, B larger, or equal. Explain briefly what you used in the image, then end with a confidence score from 0 to 1."
optical_illusion_0545_open_q1,optical_illusion_0545.png,"Compare the actual central elements A and B, ignoring apparent size. Answer A larger, B larger, or equal. Explain briefly what you used in the image, then end with a confidence score from 0 to 1."
optical_illusion_0546_open_q1,optical_illusion_0546.png,"Compare the actual central elements A and B, ignoring apparent size. Answer A larger, B larger, or equal. Explain briefly what you used in the image, then end with a confidence score from 0 to 1."
optical_illusion_0547_open_q1,optical_illusion_0547.png,"Compare the actual central elements A and B, ignoring apparent size. Answer A larger, B larger, or equal. Explain briefly what you used in the image, then end with a confidence score from 0 to 1."
optical_illusion_0548_open_q1,optical_illusion_0548.png,"Compare the actual central elements A and B, ignoring apparent size. Answer A larger, B larger, or equal. Explain briefly what you used in the image, then end with a confidence score from 0 to 1."
optical_illusion_0549_open_q1,optical_illusion_0549.png,"Compare the actual central elements A and B, ignoring apparent size. Answer A larger, B larger, or equal. Explain briefly what you used in the image, then end with a confidence score from 0 to 1."
optical_illusion_0550_open_q1,optical_illusion_0550.png,"Compare the actual central elements A and B, ignoring apparent size. Answer A larger, B larger, or equal. Explain briefly what you used in the image, then end with a confidence score from 0 to 1."
optical_illusion_0551_open_q1,optical_illusion_0551.png,"Compare the actual central elements A and B, ignoring apparent size. Answer A larger, B larger, or equal. Explain briefly what you used in the image, then end with a confidence score from 0 to 1."
optical_illusion_0552_open_q1,optical_illusion_0552.png,"Compare the actual central elements A and B, ignoring apparent size. Answer A larger, B larger, or equal. Explain briefly what you used in the image, then end with a confidence score from 0 to 1."
optical_illusion_0553_open_q1,optical_illusion_0553.png,"Compare the actual central elements A and B, ignoring apparent size. Answer A larger, B larger, or equal. Explain briefly what you used in the image, then end with a confidence score from 0 to 1."
optical_illusion_0554_open_q1,optical_illusion_0554.png,"Compare the actual central elements A and B, ignoring apparent size. Answer A larger, B larger, or equal. Explain briefly what you used in the image, then end with a confidence score from 0 to 1."
optical_illusion_0555_open_q1,optical_illusion_0555.png,"Compare the actual central elements A and B, ignoring apparent size. Answer A larger, B larger, or equal. Explain briefly what you used in the image, then end with a confidence score from 0 to 1."
optical_illusion_0556_open_q1,optical_illusion_0556.png,"Compare the actual central elements A and B, ignoring apparent size. Answer A larger, B larger, or equal. Explain briefly what you used in the image, then end with a confidence score from 0 to 1."
optical_illusion_0557_open_q1,optical_illusion_0557.png,"Compare the actual central elements A and B, ignoring apparent size. Answer A larger, B larger, or equal. Explain briefly what you used in the image, then end with a confidence score from 0 to 1."
optical_illusion_0558_open_q1,optical_illusion_0558.png,"Compare the actual central elements A and B, ignoring apparent size. Answer A larger, B larger, or equal. Explain briefly what you used in the image, then end with a confidence score from 0 to 1."
optical_illusion_0559_open_q1,optical_illusion_0559.png,"Compare the actual central elements A and B, ignoring apparent size. Answer A larger, B larger, or equal. Explain briefly what you used in the image, then end with a confidence score from 0 to 1."
optical_illusion_0560_open_q1,optical_illusion_0560.png,"Compare the actual central elements A and B, ignoring apparent size. Answer A larger, B larger, or equal. Explain briefly what you used in the image, then end with a confidence score from 0 to 1."
optical_illusion_0561_open_q1,optical_illusion_0561.png,"Compare the actual central elements A and B, ignoring apparent size. Answer A larger, B larger, or equal. Explain briefly what you used in the image, then end with a confidence score from 0 to 1."
optical_illusion_0562_open_q1,optical_illusion_0562.png,"Compare the actual central elements A and B, ignoring apparent size. Answer A larger, B larger, or equal. Explain briefly what you used in the image, then end with a confidence score from 0 to 1."
optical_illusion_0563_open_q1,optical_illusion_0563.png,"Compare the actual central elements A and B, ignoring apparent size. Answer A larger, B larger, or equal. Explain briefly what you used in the image, then end with a confidence score from 0 to 1."
optical_illusion_0564_open_q1,optical_illusion_0564.png,"Compare the actual central elements A and B, ignoring apparent size. Answer A larger, B larger, or equal. Explain briefly what you used in the image, then end with a confidence score from 0 to 1."
optical_illusion_0565_open_q1,optical_illusion_0565.png,"Compare the actual central elements A and B, ignoring apparent size. Answer A larger, B larger, or equal. Explain briefly what you used in the image, then end with a confidence score from 0 to 1."
optical_illusion_0566_open_q1,optical_illusion_0566.png,"Compare the actual central elements A and B, ignoring apparent size. Answer A larger, B larger, or equal. Explain briefly what you used in the image, then end with a confidence score from 0 to 1."
optical_illusion_0567_open_q1,optical_illusion_0567.png,"Compare the actual central elements A and B, ignoring apparent size. Answer A larger, B larger, or equal. Explain briefly what you used in the image, then end with a confidence score from 0 to 1."
optical_illusion_0568_open_q1,optical_illusion_0568.png,"Compare the actual central elements A and B, ignoring apparent size. Answer A larger, B larger, or equal. Explain briefly what you used in the image, then end with a confidence score from 0 to 1."
optical_illusion_0569_open_q1,optical_illusion_0569.png,"Compare the actual central elements A and B, ignoring apparent size. Answer A larger, B larger, or equal. Explain briefly what you used in the image, then end with a confidence score from 0 to 1."
optical_illusion_0570_open_q1,optical_illusion_0570.png,"Compare the actual central elements A and B, ignoring apparent size. Answer A larger, B larger, or equal. Explain briefly what you used in the image, then end with a confidence score from 0 to 1."
optical_illusion_0571_open_q1,optical_illusion_0571.png,"Compare the actual central elements A and B, ignoring apparent size. Answer A larger, B larger, or equal. Explain briefly what you used in the image, then end with a confidence score from 0 to 1."
optical_illusion_0572_open_q1,optical_illusion_0572.png,"Compare the actual central elements A and B, ignoring apparent size. Answer A larger, B larger, or equal. Explain briefly what you used in the image, then end with a confidence score from 0 to 1."
optical_illusion_0573_open_q1,optical_illusion_0573.png,"Compare the actual central elements A and B, ignoring apparent size. Answer A larger, B larger, or equal. Explain briefly what you used in the image, then end with a confidence score from 0 to 1."
optical_illusion_0574_open_q1,optical_illusion_0574.png,"Compare the actual central elements A and B, ignoring apparent size. Answer A larger, B larger, or equal. Explain briefly what you used in the image, then end with a confidence score from 0 to 1."
optical_illusion_0575_open_q1,optical_illusion_0575.png,"Compare the actual central elements A and B, ignoring apparent size. Answer A larger, B larger, or equal. Explain briefly what you used in the image, then end with a confidence score from 0 to 1."
optical_illusion_0576_open_q1,optical_illusion_0576.png,"Compare the actual central elements A and B, ignoring apparent size. Answer A larger, B larger, or equal. Explain briefly what you used in the image, then end with a confidence score from 0 to 1."
optical_illusion_0577_open_q1,optical_illusion_0577.png,"Compare the actual central elements A and B, ignoring apparent size. Answer A larger, B larger, or equal. Explain briefly what you used in the image, then end with a confidence score from 0 to 1."
optical_illusion_0578_open_q1,optical_illusion_0578.png,"Compare the actual central elements A and B, ignoring apparent size. Answer A larger, B larger, or equal. Explain briefly what you used in the image, then end with a confidence score from 0 to 1."
optical_illusion_0579_open_q1,optical_illusion_0579.png,"Compare the actual central elements A and B, ignoring apparent size. Answer A larger, B larger, or equal. Explain briefly what you used in the image, then end with a confidence score from 0 to 1."
optical_illusion_0580_open_q1,optical_illusion_0580.png,"Compare the actual central elements A and B, ignoring apparent size. Answer A larger, B larger, or equal. Explain briefly what you used in the image, then end with a confidence score from 0 to 1."
optical_illusion_0581_open_q1,optical_illusion_0581.png,"Compare the actual central elements A and B, ignoring apparent size. Answer A larger, B larger, or equal. Explain briefly what you used in the image, then end with a confidence score from 0 to 1."
optical_illusion_0582_open_q1,optical_illusion_0582.png,"Compare the actual central elements A and B, ignoring apparent size. Answer A larger, B larger, or equal. Explain briefly what you used in the image, then end with a confidence score from 0 to 1."
optical_illusion_0583_open_q1,optical_illusion_0583.png,"Compare the actual central elements A and B, ignoring apparent size. Answer A larger, B larger, or equal. Explain briefly what you used in the image, then end with a confidence score from 0 to 1."
optical_illusion_0584_open_q1,optical_illusion_0584.png,"Compare the actual central elements A and B, ignoring apparent size. Answer A larger, B larger, or equal. Explain briefly what you used in the image, then end with a confidence score from 0 to 1."
optical_illusion_0585_open_q1,optical_illusion_0585.png,"Compare the actual central elements A and B, ignoring apparent size. Answer A larger, B larger, or equal. Explain briefly what you used in the image, then end with a confidence score from 0 to 1."
optical_illusion_0586_open_q1,optical_illusion_0586.png,"Compare the actual central elements A and B, ignoring apparent size. Answer A larger, B larger, or equal. Explain briefly what you used in the image, then end with a confidence score from 0 to 1."
optical_illusion_0587_open_q1,optical_illusion_0587.png,"Compare the actual central elements A and B, ignoring apparent size. Answer A larger, B larger, or equal. Explain briefly what you used in the image, then end with a confidence score from 0 to 1."
optical_illusion_0588_open_q1,optical_illusion_0588.png,"Compare the actual central elements A and B, ignoring apparent size. Answer A larger, B larger, or equal. Explain briefly what you used in the image, then end with a confidence score from 0 to 1."
optical_illusion_0589_open_q1,optical_illusion_0589.png,"Compare the actual central elements A and B, ignoring apparent size. Answer A larger, B larger, or equal. Explain briefly what you used in the image, then end with a confidence score from 0 to 1."
optical_illusion_0590_open_q1,optical_illusion_0590.png,"Compare the actual central elements A and B, ignoring apparent size. Answer A larger, B larger, or equal. Explain briefly what you used in the image, then end with a confidence score from 0 to 1."
optical_illusion_0591_open_q1,optical_illusion_0591.png,"Compare the actual central elements A and B, ignoring apparent size. Answer A larger, B larger, or equal. Explain briefly what you used in the image, then end with a confidence score from 0 to 1."
optical_illusion_0592_open_q1,optical_illusion_0592.png,"Compare the actual central elements A and B, ignoring apparent size. Answer A larger, B larger, or equal. Explain briefly what you used in the image, then end with a confidence score from 0 to 1."
optical_illusion_0593_open_q1,optical_illusion_0593.png,"Compare the actual central elements A and B, ignoring apparent size. Answer A larger, B larger, or equal. Explain briefly what you used in the image, then end with a confidence score from 0 to 1."
optical_illusion_0594_open_q1,optical_illusion_0594.png,"Compare the actual central elements A and B, ignoring apparent size. Answer A larger, B larger, or equal. Explain briefly what you used in the image, then end with a confidence score from 0 to 1."
optical_illusion_0595_open_q1,optical_illusion_0595.png,"Compare the actual central elements A and B, ignoring apparent size. Answer A larger, B larger, or equal. Explain briefly what you used in the image, then end with a confidence score from 0 to 1."
optical_illusion_0596_open_q1,optical_illusion_0596.png,"Compare the actual central elements A and B, ignoring apparent size. Answer A larger, B larger, or equal. Explain briefly what you used in the image, then end with a confidence score from 0 to 1."
optical_illusion_0597_open_q1,optical_illusion_0597.png,"Compare the actual central elements A and B, ignoring apparent size. Answer A larger, B larger, or equal. Explain briefly what you used in the image, then end with a confidence score from 0 to 1."
optical_illusion_0598_open_q1,optical_illusion_0598.png,"Compare the actual central elements A and B, ignoring apparent size. Answer A larger, B larger, or equal. Explain briefly what you used in the image, then end with a confidence score from 0 to 1."
optical_illusion_0599_open_q1,optical_illusion_0599.png,"Compare the actual central elements A and B, ignoring apparent size. Answer A larger, B larger, or equal. Explain briefly what you used in the image, then end with a confidence score from 0 to 1."
optical_illusion_0600_open_q1,optical_illusion_0600.png,"Compare the actual central elements A and B, ignoring apparent size. Answer A larger, B larger, or equal. Explain briefly what you used in the image, then end with a confidence score from 0 to 1."
optical_illusion_0601_open_q1,optical_illusion_0601.png,"Compare the actual central elements A and B, ignoring apparent size. Answer A larger, B larger, or equal. Explain briefly what you used in the image, then end with a confidence score from 0 to 1."
optical_illusion_0602_open_q1,optical_illusion_0602.png,"Compare the actual central elements A and B, ignoring apparent size. Answer A larger, B larger, or equal. Explain briefly what you used in the image, then end with a confidence score from 0 to 1."
optical_illusion_0603_open_q1,optical_illusion_0603.png,"Compare the actual central elements A and B, ignoring apparent size. Answer A larger, B larger, or equal. Explain briefly what you used in the image, then end with a confidence score from 0 to 1."
optical_illusion_0604_open_q1,optical_illusion_0604.png,"Compare the actual central elements A and B, ignoring apparent size. Answer A larger, B larger, or equal. Explain briefly what you used in the image, then end with a confidence score from 0 to 1."
optical_illusion_0605_open_q1,optical_illusion_0605.png,"Compare the actual central elements A and B, ignoring apparent size. Answer A larger, B larger, or equal. Explain briefly what you used in the image, then end with a confidence score from 0 to 1."
optical_illusion_0606_open_q1,optical_illusion_0606.png,"Compare the actual central elements A and B, ignoring apparent size. Answer A larger, B larger, or equal. Explain briefly what you used in the image, then end with a confidence score from 0 to 1."
optical_illusion_0607_open_q1,optical_illusion_0607.png,"Compare the actual central elements A and B, ignoring apparent size. Answer A larger, B larger, or equal. Explain briefly what you used in the image, then end with a confidence score from 0 to 1."
optical_illusion_0608_open_q1,optical_illusion_0608.png,"Compare the actual central elements A and B, ignoring apparent size. Answer A larger, B larger, or equal. Explain briefly what you used in the image, then end with a confidence score from 0 to 1."
optical_illusion_0609_open_q1,optical_illusion_0609.png,"Compare the actual central elements A and B, ignoring apparent size. Answer A larger, B larger, or equal. Explain briefly what you used in the image, then end with a confidence score from 0 to 1."
optical_illusion_0610_open_q1,optical_illusion_0610.png,"Compare the actual central elements A and B, ignoring apparent size. Answer A larger, B larger, or equal. Explain briefly what you used in the image, then end with a confidence score from 0 to 1."
optical_illusion_0611_open_q1,optical_illusion_0611.png,"Compare the actual central elements A and B, ignoring apparent size. Answer A larger, B larger, or equal. Explain briefly what you used in the image, then end with a confidence score from 0 to 1."
optical_illusion_0612_open_q1,optical_illusion_0612.png,"Compare the actual central elements A and B, ignoring apparent size. Answer A larger, B larger, or equal. Explain briefly what you used in the image, then end with a confidence score from 0 to 1."
optical_illusion_0613_open_q1,optical_illusion_0613.png,"Compare the actual central elements A and B, ignoring apparent size. Answer A larger, B larger, or equal. Explain briefly what you used in the image, then end with a confidence score from 0 to 1."
optical_illusion_0614_open_q1,optical_illusion_0614.png,"Compare the actual central elements A and B, ignoring apparent size. Answer A larger, B larger, or equal. Explain briefly what you used in the image, then end with a confidence score from 0 to 1."
optical_illusion_0615_open_q1,optical_illusion_0615.png,"Compare the actual central elements A and B, ignoring apparent size. Answer A larger, B larger, or equal. Explain briefly what you used in the image, then end with a confidence score from 0 to 1."
optical_illusion_0616_open_q1,optical_illusion_0616.png,"Compare the actual central elements A and B, ignoring apparent size. Answer A larger, B larger, or equal. Explain briefly what you used in the image, then end with a confidence score from 0 to 1."
optical_illusion_0617_open_q1,optical_illusion_0617.png,"Compare the actual central elements A and B, ignoring apparent size. Answer A larger, B larger, or equal. Explain briefly what you used in the image, then end with a confidence score from 0 to 1."
optical_illusion_0618_open_q1,optical_illusion_0618.png,"Compare the actual central elements A and B, ignoring apparent size. Answer A larger, B larger, or equal. Explain briefly what you used in the image, then end with a confidence score from 0 to 1."
optical_illusion_0619_open_q1,optical_illusion_0619.png,"Compare the actual central elements A and B, ignoring apparent size. Answer A larger, B larger, or equal. Explain briefly what you used in the image, then end with a confidence score from 0 to 1."
optical_illusion_0620_open_q1,optical_illusion_0620.png,"Compare the actual central elements A and B, ignoring apparent size. Answer A larger, B larger, or equal. Explain briefly what you used in the image, then end with a confidence score from 0 to 1."
optical_illusion_0621_open_q1,optical_illusion_0621.png,"Compare the actual central elements A and B, ignoring apparent size. Answer A larger, B larger, or equal. Explain briefly what you used in the image, then end with a confidence score from 0 to 1."
optical_illusion_0622_open_q1,optical_illusion_0622.png,"Compare the actual central elements A and B, ignoring apparent size. Answer A larger, B larger, or equal. Explain briefly what you used in the image, then end with a confidence score from 0 to 1."
optical_illusion_0623_open_q1,optical_illusion_0623.png,"Compare the actual central elements A and B, ignoring apparent size. Answer A larger, B larger, or equal. Explain briefly what you used in the image, then end with a confidence score from 0 to 1."
optical_illusion_0624_open_q1,optical_illusion_0624.png,"Compare the actual central elements A and B, ignoring apparent size. Answer A larger, B larger, or equal. Explain briefly what you used in the image, then end with a confidence score from 0 to 1."
optical_illusion_0625_open_q1,optical_illusion_0625.png,"Compare the actual central elements A and B, ignoring apparent size. Answer A larger, B larger, or equal. Explain briefly what you used in the image, then end with a confidence score from 0 to 1."
optical_illusion_0626_open_q1,optical_illusion_0626.png,"Compare the actual central elements A and B, ignoring apparent size. Answer A larger, B larger, or equal. Explain briefly what you used in the image, then end with a confidence score from 0 to 1."
optical_illusion_0627_open_q1,optical_illusion_0627.png,"Compare the actual central elements A and B, ignoring apparent size. Answer A larger, B larger, or equal. Explain briefly what you used in the image, then end with a confidence score from 0 to 1."
optical_illusion_0628_open_q1,optical_illusion_0628.png,"Compare the actual central elements A and B, ignoring apparent size. Answer A larger, B larger, or equal. Explain briefly what you used in the image, then end with a confidence score from 0 to 1."
optical_illusion_0629_open_q1,optical_illusion_0629.png,"Compare the actual central elements A and B, ignoring apparent size. Answer A larger, B larger, or equal. Explain briefly what you used in the image, then end with a confidence score from 0 to 1."
optical_illusion_0630_open_q1,optical_illusion_0630.png,"Compare the actual central elements A and B, ignoring apparent size. Answer A larger, B larger, or equal. Explain briefly what you used in the image, then end with a confidence score from 0 to 1."
optical_illusion_0631_open_q1,optical_illusion_0631.png,"Compare the actual central elements A and B, ignoring apparent size. Answer A larger, B larger, or equal. Explain briefly what you used in the image, then end with a confidence score from 0 to 1."
optical_illusion_0632_open_q1,optical_illusion_0632.png,"Compare the actual central elements A and B, ignoring apparent size. Answer A larger, B larger, or equal. Explain briefly what you used in the image, then end with a confidence score from 0 to 1."
optical_illusion_0633_open_q1,optical_illusion_0633.png,"Compare the actual central elements A and B, ignoring apparent size. Answer A larger, B larger, or equal. Explain briefly what you used in the image, then end with a confidence score from 0 to 1."
optical_illusion_0634_open_q1,optical_illusion_0634.png,"Compare the actual central elements A and B, ignoring apparent size. Answer A larger, B larger, or equal. Explain briefly what you used in the image, then end with a confidence score from 0 to 1."
optical_illusion_0635_open_q1,optical_illusion_0635.png,"Compare the actual central elements A and B, ignoring apparent size. Answer A larger, B larger, or equal. Explain briefly what you used in the image, then end with a confidence score from 0 to 1."
optical_illusion_0636_open_q1,optical_illusion_0636.png,"Compare the actual central elements A and B, ignoring apparent size. Answer A larger, B larger, or equal. Explain briefly what you used in the image, then end with a confidence score from 0 to 1."
optical_illusion_0637_open_q1,optical_illusion_0637.png,"Compare the actual central elements A and B, ignoring apparent size. Answer A larger, B larger, or equal. Explain briefly what you used in the image, then end with a confidence score from 0 to 1."
optical_illusion_0638_open_q1,optical_illusion_0638.png,"Compare the actual central elements A and B, ignoring apparent size. Answer A larger, B larger, or equal. Explain briefly what you used in the image, then end with a confidence score from 0 to 1."
optical_illusion_0639_open_q1,optical_illusion_0639.png,"Compare the actual central elements A and B, ignoring apparent size. Answer A larger, B larger, or equal. Explain briefly what you used in the image, then end with a confidence score from 0 to 1."
optical_illusion_0640_open_q1,optical_illusion_0640.png,"Compare the actual central elements A and B, ignoring apparent size. Answer A larger, B larger, or equal. Explain briefly what you used in the image, then end with a confidence score from 0 to 1."
optical_illusion_0641_open_q1,optical_illusion_0641.png,"Compare the actual central elements A and B, ignoring apparent size. Answer A larger, B larger, or equal. Explain briefly what you used in the image, then end with a confidence score from 0 to 1."
optical_illusion_0642_open_q1,optical_illusion_0642.png,"Compare the actual central elements A and B, ignoring apparent size. Answer A larger, B larger, or equal. Explain briefly what you used in the image, then end with a confidence score from 0 to 1."
optical_illusion_0643_open_q1,optical_illusion_0643.png,"Compare the actual central elements A and B, ignoring apparent size. Answer A larger, B larger, or equal. Explain briefly what you used in the image, then end with a confidence score from 0 to 1."
optical_illusion_0644_open_q1,optical_illusion_0644.png,"Compare the actual central elements A and B, ignoring apparent size. Answer A larger, B larger, or equal. Explain briefly what you used in the image, then end with a confidence score from 0 to 1."
optical_illusion_0645_open_q1,optical_illusion_0645.png,"Compare the actual central elements A and B, ignoring apparent size. Answer A larger, B larger, or equal. Explain briefly what you used in the image, then end with a confidence score from 0 to 1."
optical_illusion_0646_open_q1,optical_illusion_0646.png,"Compare the actual central elements A and B, ignoring apparent size. Answer A larger, B larger, or equal. Explain briefly what you used in the image, then end with a confidence score from 0 to 1."
optical_illusion_0647_open_q1,optical_illusion_0647.png,"Compare the actual central elements A and B, ignoring apparent size. Answer A larger, B larger, or equal. Explain briefly what you used in the image, then end with a confidence score from 0 to 1."
optical_illusion_0648_open_q1,optical_illusion_0648.png,"Compare the actual central elements A and B, ignoring apparent size. Answer A larger, B larger, or equal. Explain briefly what you used in the image, then end with a confidence score from 0 to 1."
optical_illusion_0649_open_q1,optical_illusion_0649.png,"Compare the actual central elements A and B, ignoring apparent size. Answer A larger, B larger, or equal. Explain briefly what you used in the image, then end with a confidence score from 0 to 1."
optical_illusion_0650_open_q1,optical_illusion_0650.png,"Compare the actual central elements A and B, ignoring apparent size. Answer A larger, B larger, or equal. Explain briefly what you used in the image, then end with a confidence score from 0 to 1."
optical_illusion_0651_open_q1,optical_illusion_0651.png,"Compare the actual central elements A and B, ignoring apparent size. Answer A larger, B larger, or equal. Explain briefly what you used in the image, then end with a confidence score from 0 to 1."
optical_illusion_0652_open_q1,optical_illusion_0652.png,"Compare the actual central elements A and B, ignoring apparent size. Answer A larger, B larger, or equal. Explain briefly what you used in the image, then end with a confidence score from 0 to 1."
optical_illusion_0653_open_q1,optical_illusion_0653.png,"Compare the actual central elements A and B, ignoring apparent size. Answer A larger, B larger, or equal. Explain briefly what you used in the image, then end with a confidence score from 0 to 1."
optical_illusion_0654_open_q1,optical_illusion_0654.png,"Compare the actual central elements A and B, ignoring apparent size. Answer A larger, B larger, or equal. Explain briefly what you used in the image, then end with a confidence score from 0 to 1."
optical_illusion_0655_open_q1,optical_illusion_0655.png,"Compare the actual central elements A and B, ignoring apparent size. Answer A larger, B larger, or equal. Explain briefly what you used in the image, then end with a confidence score from 0 to 1."
optical_illusion_0656_open_q1,optical_illusion_0656.png,"Compare the actual central elements A and B, ignoring apparent size. Answer A larger, B larger, or equal. Explain briefly what you used in the image, then end with a confidence score from 0 to 1."
optical_illusion_0657_open_q1,optical_illusion_0657.png,"Compare the actual central elements A and B, ignoring apparent size. Answer A larger, B larger, or equal. Explain briefly what you used in the image, then end with a confidence score from 0 to 1."
optical_illusion_0658_open_q1,optical_illusion_0658.png,"Compare the actual central elements A and B, ignoring apparent size. Answer A larger, B larger, or equal. Explain briefly what you used in the image, then end with a confidence score from 0 to 1."
optical_illusion_0659_open_q1,optical_illusion_0659.png,"Compare the actual central elements A and B, ignoring apparent size. Answer A larger, B larger, or equal. Explain briefly what you used in the image, then end with a confidence score from 0 to 1."
optical_illusion_0660_open_q1,optical_illusion_0660.png,"Compare the actual central elements A and B, ignoring apparent size. Answer A larger, B larger, or equal. Explain briefly what you used in the image, then end with a confidence score from 0 to 1."
optical_illusion_0661_open_q1,optical_illusion_0661.png,"Compare the actual central elements A and B, ignoring apparent size. Answer A larger, B larger, or equal. Explain briefly what you used in the image, then end with a confidence score from 0 to 1."
optical_illusion_0662_open_q1,optical_illusion_0662.png,"Compare the actual central elements A and B, ignoring apparent size. Answer A larger, B larger, or equal. Explain briefly what you used in the image, then end with a confidence score from 0 to 1."
optical_illusion_0663_open_q1,optical_illusion_0663.png,"Compare the actual central elements A and B, ignoring apparent size. Answer A larger, B larger, or equal. Explain briefly what you used in the image, then end with a confidence score from 0 to 1."
optical_illusion_0664_open_q1,optical_illusion_0664.png,"Compare the actual central elements A and B, ignoring apparent size. Answer A larger, B larger, or equal. Explain briefly what you used in the image, then end with a confidence score from 0 to 1."
optical_illusion_0665_open_q1,optical_illusion_0665.png,"Compare the actual central elements A and B, ignoring apparent size. Answer A larger, B larger, or equal. Explain briefly what you used in the image, then end with a confidence score from 0 to 1."
optical_illusion_0666_open_q1,optical_illusion_0666.png,"Compare the actual central elements A and B, ignoring apparent size. Answer A larger, B larger, or equal. Explain briefly what you used in the image, then end with a confidence score from 0 to 1."
optical_illusion_0667_open_q1,optical_illusion_0667.png,"Compare the actual central elements A and B, ignoring apparent size. Answer A larger, B larger, or equal. Explain briefly what you used in the image, then end with a confidence score from 0 to 1."
optical_illusion_0668_open_q1,optical_illusion_0668.png,"Compare the actual central elements A and B, ignoring apparent size. Answer A larger, B larger, or equal. Explain briefly what you used in the image, then end with a confidence score from 0 to 1."
optical_illusion_0669_open_q1,optical_illusion_0669.png,"Compare the actual central elements A and B, ignoring apparent size. Answer A larger, B larger, or equal. Explain briefly what you used in the image, then end with a confidence score from 0 to 1."
optical_illusion_0670_open_q1,optical_illusion_0670.png,"Compare the actual central elements A and B, ignoring apparent size. Answer A larger, B larger, or equal. Explain briefly what you used in the image, then end with a confidence score from 0 to 1."
optical_illusion_0671_open_q1,optical_illusion_0671.png,"Compare the actual central elements A and B, ignoring apparent size. Answer A larger, B larger, or equal. Explain briefly what you used in the image, then end with a confidence score from 0 to 1."
optical_illusion_0672_open_q1,optical_illusion_0672.png,"Compare the actual central elements A and B, ignoring apparent size. Answer A larger, B larger, or equal. Explain briefly what you used in the image, then end with a confidence score from 0 to 1."
optical_illusion_0673_open_q1,optical_illusion_0673.png,"Compare the actual central elements A and B, ignoring apparent size. Answer A larger, B larger, or equal. Explain briefly what you used in the image, then end with a confidence score from 0 to 1."
optical_illusion_0674_open_q1,optical_illusion_0674.png,"Compare the actual central elements A and B, ignoring apparent size. Answer A larger, B larger, or equal. Explain briefly what you used in the image, then end with a confidence score from 0 to 1."
optical_illusion_0675_open_q1,optical_illusion_0675.png,"Compare the actual central elements A and B, ignoring apparent size. Answer A larger, B larger, or equal. Explain briefly what you used in the image, then end with a confidence score from 0 to 1."
optical_illusion_0676_open_q1,optical_illusion_0676.png,"Compare the actual central elements A and B, ignoring apparent size. Answer A larger, B larger, or equal. Explain briefly what you used in the image, then end with a confidence score from 0 to 1."
optical_illusion_0677_open_q1,optical_illusion_0677.png,"Compare the actual central elements A and B, ignoring apparent size. Answer A larger, B larger, or equal. Explain briefly what you used in the image, then end with a confidence score from 0 to 1."
optical_illusion_0678_open_q1,optical_illusion_0678.png,"Compare the actual central elements A and B, ignoring apparent size. Answer A larger, B larger, or equal. Explain briefly what you used in the image, then end with a confidence score from 0 to 1."
optical_illusion_0679_open_q1,optical_illusion_0679.png,"Compare the actual central elements A and B, ignoring apparent size. Answer A larger, B larger, or equal. Explain briefly what you used in the image, then end with a confidence score from 0 to 1."
optical_illusion_0680_open_q1,optical_illusion_0680.png,"Compare the actual central elements A and B, ignoring apparent size. Answer A larger, B larger, or equal. Explain briefly what you used in the image, then end with a confidence score from 0 to 1."
optical_illusion_0681_open_q1,optical_illusion_0681.png,"Compare the actual central elements A and B, ignoring apparent size. Answer A larger, B larger, or equal. Explain briefly what you used in the image, then end with a confidence score from 0 to 1."
optical_illusion_0682_open_q1,optical_illusion_0682.png,"Compare the actual central elements A and B, ignoring apparent size. Answer A larger, B larger, or equal. Explain briefly what you used in the image, then end with a confidence score from 0 to 1."
optical_illusion_0683_open_q1,optical_illusion_0683.png,"Compare the actual central elements A and B, ignoring apparent size. Answer A larger, B larger, or equal. Explain briefly what you used in the image, then end with a confidence score from 0 to 1."
optical_illusion_0684_open_q1,optical_illusion_0684.png,"Compare the actual central elements A and B, ignoring apparent size. Answer A larger, B larger, or equal. Explain briefly what you used in the image, then end with a confidence score from 0 to 1."
optical_illusion_0685_open_q1,optical_illusion_0685.png,"Compare the actual central elements A and B, ignoring apparent size. Answer A larger, B larger, or equal. Explain briefly what you used in the image, then end with a confidence score from 0 to 1."
optical_illusion_0686_open_q1,optical_illusion_0686.png,"Compare the actual central elements A and B, ignoring apparent size. Answer A larger, B larger, or equal. Explain briefly what you used in the image, then end with a confidence score from 0 to 1."
optical_illusion_0687_open_q1,optical_illusion_0687.png,"Compare the actual central elements A and B, ignoring apparent size. Answer A larger, B larger, or equal. Explain briefly what you used in the image, then end with a confidence score from 0 to 1."
optical_illusion_0688_open_q1,optical_illusion_0688.png,"Compare the actual central elements A and B, ignoring apparent size. Answer A larger, B larger, or equal. Explain briefly what you used in the image, then end with a confidence score from 0 to 1."
optical_illusion_0689_open_q1,optical_illusion_0689.png,"Compare the actual central elements A and B, ignoring apparent size. Answer A larger, B larger, or equal. Explain briefly what you used in the image, then end with a confidence score from 0 to 1."
optical_illusion_0690_open_q1,optical_illusion_0690.png,"Compare the actual central elements A and B, ignoring apparent size. Answer A larger, B larger, or equal. Explain briefly what you used in the image, then end with a confidence score from 0 to 1."
optical_illusion_0691_open_q1,optical_illusion_0691.png,"Compare the actual central elements A and B, ignoring apparent size. Answer A larger, B larger, or equal. Explain briefly what you used in the image, then end with a confidence score from 0 to 1."
optical_illusion_0692_open_q1,optical_illusion_0692.png,"Compare the actual central elements A and B, ignoring apparent size. Answer A larger, B larger, or equal. Explain briefly what you used in the image, then end with a confidence score from 0 to 1."
optical_illusion_0693_open_q1,optical_illusion_0693.png,"Compare the actual central elements A and B, ignoring apparent size. Answer A larger, B larger, or equal. Explain briefly what you used in the image, then end with a confidence score from 0 to 1."
optical_illusion_0694_open_q1,optical_illusion_0694.png,"Compare the actual central elements A and B, ignoring apparent size. Answer A larger, B larger, or equal. Explain briefly what you used in the image, then end with a confidence score from 0 to 1."
optical_illusion_0695_open_q1,optical_illusion_0695.png,"Compare the actual central elements A and B, ignoring apparent size. Answer A larger, B larger, or equal. Explain briefly what you used in the image, then end with a confidence score from 0 to 1."
optical_illusion_0696_open_q1,optical_illusion_0696.png,"Compare the actual central elements A and B, ignoring apparent size. Answer A larger, B larger, or equal. Explain briefly what you used in the image, then end with a confidence score from 0 to 1."
optical_illusion_0697_open_q1,optical_illusion_0697.png,"Compare the actual central elements A and B, ignoring apparent size. Answer A larger, B larger, or equal. Explain briefly what you used in the image, then end with a confidence score from 0 to 1."
optical_illusion_0698_open_q1,optical_illusion_0698.png,"Compare the actual central elements A and B, ignoring apparent size. Answer A larger, B larger, or equal. Explain briefly what you used in the image, then end with a confidence score from 0 to 1."
optical_illusion_0699_open_q1,optical_illusion_0699.png,"Compare the actual central elements A and B, ignoring apparent size. Answer A larger, B larger, or equal. Explain briefly what you used in the image, then end with a confidence score from 0 to 1."
optical_illusion_0700_open_q1,optical_illusion_0700.png,"Compare the actual central elements A and B, ignoring apparent size. Answer A larger, B larger, or equal. Explain briefly what you used in the image, then end with a confidence score from 0 to 1."
optical_illusion_0701_open_q1,optical_illusion_0701.png,"Compare the actual central elements A and B, ignoring apparent size. Answer A larger, B larger, or equal. Explain briefly what you used in the image, then end with a confidence score from 0 to 1."
optical_illusion_0702_open_q1,optical_illusion_0702.png,"Compare the actual central elements A and B, ignoring apparent size. Answer A larger, B larger, or equal. Explain briefly what you used in the image, then end with a confidence score from 0 to 1."
optical_illusion_0703_open_q1,optical_illusion_0703.png,"Compare the actual central elements A and B, ignoring apparent size. Answer A larger, B larger, or equal. Explain briefly what you used in the image, then end with a confidence score from 0 to 1."
optical_illusion_0704_open_q1,optical_illusion_0704.png,"Compare the actual central elements A and B, ignoring apparent size. Answer A larger, B larger, or equal. Explain briefly what you used in the image, then end with a confidence score from 0 to 1."
optical_illusion_0705_open_q1,optical_illusion_0705.png,"Compare the actual central elements A and B, ignoring apparent size. Answer A larger, B larger, or equal. Explain briefly what you used in the image, then end with a confidence score from 0 to 1."
optical_illusion_0706_open_q1,optical_illusion_0706.png,"Compare the actual central elements A and B, ignoring apparent size. Answer A larger, B larger, or equal. Explain briefly what you used in the image, then end with a confidence score from 0 to 1."
optical_illusion_0707_open_q1,optical_illusion_0707.png,"Compare the actual central elements A and B, ignoring apparent size. Answer A larger, B larger, or equal. Explain briefly what you used in the image, then end with a confidence score from 0 to 1."
optical_illusion_0708_open_q1,optical_illusion_0708.png,"Compare the actual central elements A and B, ignoring apparent size. Answer A larger, B larger, or equal. Explain briefly what you used in the image, then end with a confidence score from 0 to 1."
optical_illusion_0709_open_q1,optical_illusion_0709.png,"Compare the actual central elements A and B, ignoring apparent size. Answer A larger, B larger, or equal. Explain briefly what you used in the image, then end with a confidence score from 0 to 1."
optical_illusion_0710_open_q1,optical_illusion_0710.png,"Compare the actual central elements A and B, ignoring apparent size. Answer A larger, B larger, or equal. Explain briefly what you used in the image, then end with a confidence score from 0 to 1."
optical_illusion_0711_open_q1,optical_illusion_0711.png,"Compare the actual central elements A and B, ignoring apparent size. Answer A larger, B larger, or equal. Explain briefly what you used in the image, then end with a confidence score from 0 to 1."
optical_illusion_0712_open_q1,optical_illusion_0712.png,"Compare the actual central elements A and B, ignoring apparent size. Answer A larger, B larger, or equal. Explain briefly what you used in the image, then end with a confidence score from 0 to 1."
optical_illusion_0713_open_q1,optical_illusion_0713.png,"Compare the actual central elements A and B, ignoring apparent size. Answer A larger, B larger, or equal. Explain briefly what you used in the image, then end with a confidence score from 0 to 1."
optical_illusion_0714_open_q1,optical_illusion_0714.png,"Compare the actual central elements A and B, ignoring apparent size. Answer A larger, B larger, or equal. Explain briefly what you used in the image, then end with a confidence score from 0 to 1."
optical_illusion_0715_open_q1,optical_illusion_0715.png,"Compare the actual central elements A and B, ignoring apparent size. Answer A larger, B larger, or equal. Explain briefly what you used in the image, then end with a confidence score from 0 to 1."
optical_illusion_0716_open_q1,optical_illusion_0716.png,"Compare the actual central elements A and B, ignoring apparent size. Answer A larger, B larger, or equal. Explain briefly what you used in the image, then end with a confidence score from 0 to 1."
optical_illusion_0717_open_q1,optical_illusion_0717.png,"Compare the actual central elements A and B, ignoring apparent size. Answer A larger, B larger, or equal. Explain briefly what you used in the image, then end with a confidence score from 0 to 1."
optical_illusion_0718_open_q1,optical_illusion_0718.png,"Compare the actual central elements A and B, ignoring apparent size. Answer A larger, B larger, or equal. Explain briefly what you used in the image, then end with a confidence score from 0 to 1."
optical_illusion_0719_open_q1,optical_illusion_0719.png,"Compare the actual central elements A and B, ignoring apparent size. Answer A larger, B larger, or equal. Explain briefly what you used in the image, then end with a confidence score from 0 to 1."
optical_illusion_0720_open_q1,optical_illusion_0720.png,"Compare the actual central elements A and B, ignoring apparent size. Answer A larger, B larger, or equal. Explain briefly what you used in the image, then end with a confidence score from 0 to 1."
optical_illusion_0721_open_q1,optical_illusion_0721.png,"Compare the actual central elements A and B, ignoring apparent size. Answer A larger, B larger, or equal. Explain briefly what you used in the image, then end with a confidence score from 0 to 1."
optical_illusion_0722_open_q1,optical_illusion_0722.png,"Compare the actual central elements A and B, ignoring apparent size. Answer A larger, B larger, or equal. Explain briefly what you used in the image, then end with a confidence score from 0 to 1."
optical_illusion_0723_open_q1,optical_illusion_0723.png,"Compare the actual central elements A and B, ignoring apparent size. Answer A larger, B larger, or equal. Explain briefly what you used in the image, then end with a confidence score from 0 to 1."
optical_illusion_0724_open_q1,optical_illusion_0724.png,"Compare the actual central elements A and B, ignoring apparent size. Answer A larger, B larger, or equal. Explain briefly what you used in the image, then end with a confidence score from 0 to 1."
optical_illusion_0725_open_q1,optical_illusion_0725.png,"Compare the actual central elements A and B, ignoring apparent size. Answer A larger, B larger, or equal. Explain briefly what you used in the image, then end with a confidence score from 0 to 1."
optical_illusion_0726_open_q1,optical_illusion_0726.png,"Compare the actual central elements A and B, ignoring apparent size. Answer A larger, B larger, or equal. Explain briefly what you used in the image, then end with a confidence score from 0 to 1."
optical_illusion_0727_open_q1,optical_illusion_0727.png,"Compare the actual central elements A and B, ignoring apparent size. Answer A larger, B larger, or equal. Explain briefly what you used in the image, then end with a confidence score from 0 to 1."
optical_illusion_0728_open_q1,optical_illusion_0728.png,"Compare the actual central elements A and B, ignoring apparent size. Answer A larger, B larger, or equal. Explain briefly what you used in the image, then end with a confidence score from 0 to 1."
optical_illusion_0729_open_q1,optical_illusion_0729.png,"Compare the actual central elements A and B, ignoring apparent size. Answer A larger, B larger, or equal. Explain briefly what you used in the image, then end with a confidence score from 0 to 1."
optical_illusion_0730_open_q1,optical_illusion_0730.png,"Compare the actual central elements A and B, ignoring apparent size. Answer A larger, B larger, or equal. Explain briefly what you used in the image, then end with a confidence score from 0 to 1."
optical_illusion_0731_open_q1,optical_illusion_0731.png,"Compare the actual central elements A and B, ignoring apparent size. Answer A larger, B larger, or equal. Explain briefly what you used in the image, then end with a confidence score from 0 to 1."
optical_illusion_0732_open_q1,optical_illusion_0732.png,"Compare the actual central elements A and B, ignoring apparent size. Answer A larger, B larger, or equal. Explain briefly what you used in the image, then end with a confidence score from 0 to 1."
optical_illusion_0733_open_q1,optical_illusion_0733.png,"Compare the actual central elements A and B, ignoring apparent size. Answer A larger, B larger, or equal. Explain briefly what you used in the image, then end with a confidence score from 0 to 1."
optical_illusion_0734_open_q1,optical_illusion_0734.png,"Compare the actual central elements A and B, ignoring apparent size. Answer A larger, B larger, or equal. Explain briefly what you used in the image, then end with a confidence score from 0 to 1."
optical_illusion_0735_open_q1,optical_illusion_0735.png,"Compare the actual central elements A and B, ignoring apparent size. Answer A larger, B larger, or equal. Explain briefly what you used in the image, then end with a confidence score from 0 to 1."
optical_illusion_0736_open_q1,optical_illusion_0736.png,"Compare the actual central elements A and B, ignoring apparent size. Answer A larger, B larger, or equal. Explain briefly what you used in the image, then end with a confidence score from 0 to 1."
optical_illusion_0737_open_q1,optical_illusion_0737.png,"Compare the actual central elements A and B, ignoring apparent size. Answer A larger, B larger, or equal. Explain briefly what you used in the image, then end with a confidence score from 0 to 1."
optical_illusion_0738_open_q1,optical_illusion_0738.png,"Compare the actual central elements A and B, ignoring apparent size. Answer A larger, B larger, or equal. Explain briefly what you used in the image, then end with a confidence score from 0 to 1."
optical_illusion_0739_open_q1,optical_illusion_0739.png,"Compare the actual central elements A and B, ignoring apparent size. Answer A larger, B larger, or equal. Explain briefly what you used in the image, then end with a confidence score from 0 to 1."
optical_illusion_0740_open_q1,optical_illusion_0740.png,"Compare the actual central elements A and B, ignoring apparent size. Answer A larger, B larger, or equal. Explain briefly what you used in the image, then end with a confidence score from 0 to 1."
optical_illusion_0741_open_q1,optical_illusion_0741.png,"Compare the actual central elements A and B, ignoring apparent size. Answer A larger, B larger, or equal. Explain briefly what you used in the image, then end with a confidence score from 0 to 1."
optical_illusion_0742_open_q1,optical_illusion_0742.png,"Compare the actual central elements A and B, ignoring apparent size. Answer A larger, B larger, or equal. Explain briefly what you used in the image, then end with a confidence score from 0 to 1."
optical_illusion_0743_open_q1,optical_illusion_0743.png,"Compare the actual central elements A and B, ignoring apparent size. Answer A larger, B larger, or equal. Explain briefly what you used in the image, then end with a confidence score from 0 to 1."
optical_illusion_0744_open_q1,optical_illusion_0744.png,"Compare the actual central elements A and B, ignoring apparent size. Answer A larger, B larger, or equal. Explain briefly what you used in the image, then end with a confidence score from 0 to 1."
optical_illusion_0745_open_q1,optical_illusion_0745.png,"Compare the actual central elements A and B, ignoring apparent size. Answer A larger, B larger, or equal. Explain briefly what you used in the image, then end with a confidence score from 0 to 1."
optical_illusion_0746_open_q1,optical_illusion_0746.png,"Compare the actual central elements A and B, ignoring apparent size. Answer A larger, B larger, or equal. Explain briefly what you used in the image, then end with a confidence score from 0 to 1."
optical_illusion_0747_open_q1,optical_illusion_0747.png,"Compare the actual central elements A and B, ignoring apparent size. Answer A larger, B larger, or equal. Explain briefly what you used in the image, then end with a confidence score from 0 to 1."
optical_illusion_0748_open_q1,optical_illusion_0748.png,"Compare the actual central elements A and B, ignoring apparent size. Answer A larger, B larger, or equal. Explain briefly what you used in the image, then end with a confidence score from 0 to 1."
optical_illusion_0749_open_q1,optical_illusion_0749.png,"Compare the actual central elements A and B, ignoring apparent size. Answer A larger, B larger, or equal. Explain briefly what you used in the image, then end with a confidence score from 0 to 1."
optical_illusion_0750_open_q1,optical_illusion_0750.png,"Compare the actual central elements A and B, ignoring apparent size. Answer A larger, B larger, or equal. Explain briefly what you used in the image, then end with a confidence score from 0 to 1."
optical_illusion_0751_open_q1,optical_illusion_0751.png,"Compare the actual central elements A and B, ignoring apparent size. Answer A larger, B larger, or equal. Explain briefly what you used in the image, then end with a confidence score from 0 to 1."
optical_illusion_0752_open_q1,optical_illusion_0752.png,"Compare the actual central elements A and B, ignoring apparent size. Answer A larger, B larger, or equal. Explain briefly what you used in the image, then end with a confidence score from 0 to 1."
optical_illusion_0753_open_q1,optical_illusion_0753.png,"Compare the actual central elements A and B, ignoring apparent size. Answer A larger, B larger, or equal. Explain briefly what you used in the image, then end with a confidence score from 0 to 1."
optical_illusion_0754_open_q1,optical_illusion_0754.png,"Compare the actual central elements A and B, ignoring apparent size. Answer A larger, B larger, or equal. Explain briefly what you used in the image, then end with a confidence score from 0 to 1."
optical_illusion_0755_open_q1,optical_illusion_0755.png,"Compare the actual central elements A and B, ignoring apparent size. Answer A larger, B larger, or equal. Explain briefly what you used in the image, then end with a confidence score from 0 to 1."
optical_illusion_0756_open_q1,optical_illusion_0756.png,"Compare the actual central elements A and B, ignoring apparent size. Answer A larger, B larger, or equal. Explain briefly what you used in the image, then end with a confidence score from 0 to 1."
optical_illusion_0757_open_q1,optical_illusion_0757.png,"Compare the actual central elements A and B, ignoring apparent size. Answer A larger, B larger, or equal. Explain briefly what you used in the image, then end with a confidence score from 0 to 1."
optical_illusion_0758_open_q1,optical_illusion_0758.png,"Compare the actual central elements A and B, ignoring apparent size. Answer A larger, B larger, or equal. Explain briefly what you used in the image, then end with a confidence score from 0 to 1."
optical_illusion_0759_open_q1,optical_illusion_0759.png,"Compare the actual central elements A and B, ignoring apparent size. Answer A larger, B larger, or equal. Explain briefly what you used in the image, then end with a confidence score from 0 to 1."
optical_illusion_0760_open_q1,optical_illusion_0760.png,"Compare the actual central elements A and B, ignoring apparent size. Answer A larger, B larger, or equal. Explain briefly what you used in the image, then end with a confidence score from 0 to 1."
optical_illusion_0761_open_q1,optical_illusion_0761.png,"Compare the actual central elements A and B, ignoring apparent size. Answer A larger, B larger, or equal. Explain briefly what you used in the image, then end with a confidence score from 0 to 1."
optical_illusion_0762_open_q1,optical_illusion_0762.png,"Compare the actual central elements A and B, ignoring apparent size. Answer A larger, B larger, or equal. Explain briefly what you used in the image, then end with a confidence score from 0 to 1."
optical_illusion_0763_open_q1,optical_illusion_0763.png,"Compare the actual central elements A and B, ignoring apparent size. Answer A larger, B larger, or equal. Explain briefly what you used in the image, then end with a confidence score from 0 to 1."
optical_illusion_0764_open_q1,optical_illusion_0764.png,"Compare the actual central elements A and B, ignoring apparent size. Answer A larger, B larger, or equal. Explain briefly what you used in the image, then end with a confidence score from 0 to 1."
optical_illusion_0765_open_q1,optical_illusion_0765.png,"Compare the actual central elements A and B, ignoring apparent size. Answer A larger, B larger, or equal. Explain briefly what you used in the image, then end with a confidence score from 0 to 1."
optical_illusion_0766_open_q1,optical_illusion_0766.png,"Compare the actual central elements A and B, ignoring apparent size. Answer A larger, B larger, or equal. Explain briefly what you used in the image, then end with a confidence score from 0 to 1."
optical_illusion_0767_open_q1,optical_illusion_0767.png,"Compare the actual central elements A and B, ignoring apparent size. Answer A larger, B larger, or equal. Explain briefly what you used in the image, then end with a confidence score from 0 to 1."
optical_illusion_0768_open_q1,optical_illusion_0768.png,"Compare the actual central elements A and B, ignoring apparent size. Answer A larger, B larger, or equal. Explain briefly what you used in the image, then end with a confidence score from 0 to 1."
optical_illusion_0769_open_q1,optical_illusion_0769.png,"Compare the actual central elements A and B, ignoring apparent size. Answer A larger, B larger, or equal. Explain briefly what you used in the image, then end with a confidence score from 0 to 1."
optical_illusion_0770_open_q1,optical_illusion_0770.png,"Compare the actual central elements A and B, ignoring apparent size. Answer A larger, B larger, or equal. Explain briefly what you used in the image, then end with a confidence score from 0 to 1."
optical_illusion_0771_open_q1,optical_illusion_0771.png,"Compare the actual central elements A and B, ignoring apparent size. Answer A larger, B larger, or equal. Explain briefly what you used in the image, then end with a confidence score from 0 to 1."
optical_illusion_0772_open_q1,optical_illusion_0772.png,"Compare the actual central elements A and B, ignoring apparent size. Answer A larger, B larger, or equal. Explain briefly what you used in the image, then end with a confidence score from 0 to 1."
optical_illusion_0773_open_q1,optical_illusion_0773.png,"Compare the actual central elements A and B, ignoring apparent size. Answer A larger, B larger, or equal. Explain briefly what you used in the image, then end with a confidence score from 0 to 1."
optical_illusion_0774_open_q1,optical_illusion_0774.png,"Compare the actual central elements A and B, ignoring apparent size. Answer A larger, B larger, or equal. Explain briefly what you used in the image, then end with a confidence score from 0 to 1."
optical_illusion_0775_open_q1,optical_illusion_0775.png,"Compare the actual central elements A and B, ignoring apparent size. Answer A larger, B larger, or equal. Explain briefly what you used in the image, then end with a confidence score from 0 to 1."
optical_illusion_0776_open_q1,optical_illusion_0776.png,"Compare the actual central elements A and B, ignoring apparent size. Answer A larger, B larger, or equal. Explain briefly what you used in the image, then end with a confidence score from 0 to 1."
optical_illusion_0777_open_q1,optical_illusion_0777.png,"Compare the actual central elements A and B, ignoring apparent size. Answer A larger, B larger, or equal. Explain briefly what you used in the image, then end with a confidence score from 0 to 1."
optical_illusion_0778_open_q1,optical_illusion_0778.png,"Compare the actual central elements A and B, ignoring apparent size. Answer A larger, B larger, or equal. Explain briefly what you used in the image, then end with a confidence score from 0 to 1."
optical_illusion_0779_open_q1,optical_illusion_0779.png,"Compare the actual central elements A and B, ignoring apparent size. Answer A larger, B larger, or equal. Explain briefly what you used in the image, then end with a confidence score from 0 to 1."
optical_illusion_0780_open_q1,optical_illusion_0780.png,"Compare the actual central elements A and B, ignoring apparent size. Answer A larger, B larger, or equal. Explain briefly what you used in the image, then end with a confidence score from 0 to 1."
optical_illusion_0781_open_q1,optical_illusion_0781.png,"Compare the actual central elements A and B, ignoring apparent size. Answer A larger, B larger, or equal. Explain briefly what you used in the image, then end with a confidence score from 0 to 1."
optical_illusion_0782_open_q1,optical_illusion_0782.png,"Compare the actual central elements A and B, ignoring apparent size. Answer A larger, B larger, or equal. Explain briefly what you used in the image, then end with a confidence score from 0 to 1."
optical_illusion_0783_open_q1,optical_illusion_0783.png,"Compare the actual central elements A and B, ignoring apparent size. Answer A larger, B larger, or equal. Explain briefly what you used in the image, then end with a confidence score from 0 to 1."
optical_illusion_0784_open_q1,optical_illusion_0784.png,"Compare the actual central elements A and B, ignoring apparent size. Answer A larger, B larger, or equal. Explain briefly what you used in the image, then end with a confidence score from 0 to 1."
optical_illusion_0785_open_q1,optical_illusion_0785.png,"Compare the actual central elements A and B, ignoring apparent size. Answer A larger, B larger, or equal. Explain briefly what you used in the image, then end with a confidence score from 0 to 1."
optical_illusion_0786_open_q1,optical_illusion_0786.png,"Compare the actual central elements A and B, ignoring apparent size. Answer A larger, B larger, or equal. Explain briefly what you used in the image, then end with a confidence score from 0 to 1."
optical_illusion_0787_open_q1,optical_illusion_0787.png,"Compare the actual central elements A and B, ignoring apparent size. Answer A larger, B larger, or equal. Explain briefly what you used in the image, then end with a confidence score from 0 to 1."
optical_illusion_0788_open_q1,optical_illusion_0788.png,"Compare the actual central elements A and B, ignoring apparent size. Answer A larger, B larger, or equal. Explain briefly what you used in the image, then end with a confidence score from 0 to 1."
optical_illusion_0789_open_q1,optical_illusion_0789.png,"Compare the actual central elements A and B, ignoring apparent size. Answer A larger, B larger, or equal. Explain briefly what you used in the image, then end with a confidence score from 0 to 1."
optical_illusion_0790_open_q1,optical_illusion_0790.png,"Compare the actual central elements A and B, ignoring apparent size. Answer A larger, B larger, or equal. Explain briefly what you used in the image, then end with a confidence score from 0 to 1."
optical_illusion_0791_open_q1,optical_illusion_0791.png,"Compare the actual central elements A and B, ignoring apparent size. Answer A larger, B larger, or equal. Explain briefly what you used in the image, then end with a confidence score from 0 to 1."
optical_illusion_0792_open_q1,optical_illusion_0792.png,"Compare the actual central elements A and B, ignoring apparent size. Answer A larger, B larger, or equal. Explain briefly what you used in the image, then end with a confidence score from 0 to 1."
optical_illusion_0793_open_q1,optical_illusion_0793.png,"Compare the actual central elements A and B, ignoring apparent size. Answer A larger, B larger, or equal. Explain briefly what you used in the image, then end with a confidence score from 0 to 1."
optical_illusion_0794_open_q1,optical_illusion_0794.png,"Compare the actual central elements A and B, ignoring apparent size. Answer A larger, B larger, or equal. Explain briefly what you used in the image, then end with a confidence score from 0 to 1."
optical_illusion_0795_open_q1,optical_illusion_0795.png,"Compare the actual central elements A and B, ignoring apparent size. Answer A larger, B larger, or equal. Explain briefly what you used in the image, then end with a confidence score from 0 to 1."
optical_illusion_0796_open_q1,optical_illusion_0796.png,"Compare the actual central elements A and B, ignoring apparent size. Answer A larger, B larger, or equal. Explain briefly what you used in the image, then end with a confidence score from 0 to 1."
optical_illusion_0797_open_q1,optical_illusion_0797.png,"Compare the actual central elements A and B, ignoring apparent size. Answer A larger, B larger, or equal. Explain briefly what you used in the image, then end with a confidence score from 0 to 1."
optical_illusion_0798_open_q1,optical_illusion_0798.png,"Compare the actual central elements A and B, ignoring apparent size. Answer A larger, B larger, or equal. Explain briefly what you used in the image, then end with a confidence score from 0 to 1."
optical_illusion_0799_open_q1,optical_illusion_0799.png,"Compare the actual central elements A and B, ignoring apparent size. Answer A larger, B larger, or equal. Explain briefly what you used in the image, then end with a confidence score from 0 to 1."
optical_illusion_0800_open_q1,optical_illusion_0800.png,"Compare the actual central elements A and B, ignoring apparent size. Answer A larger, B larger, or equal. Explain briefly what you used in the image, then end with a confidence score from 0 to 1."
optical_illusion_0801_open_q1,optical_illusion_0801.png,"Compare the actual central elements A and B, ignoring apparent size. Answer A larger, B larger, or equal. Explain briefly what you used in the image, then end with a confidence score from 0 to 1."
optical_illusion_0802_open_q1,optical_illusion_0802.png,"Compare the actual central elements A and B, ignoring apparent size. Answer A larger, B larger, or equal. Explain briefly what you used in the image, then end with a confidence score from 0 to 1."
optical_illusion_0803_open_q1,optical_illusion_0803.png,"Compare the actual central elements A and B, ignoring apparent size. Answer A larger, B larger, or equal. Explain briefly what you used in the image, then end with a confidence score from 0 to 1."
optical_illusion_0804_open_q1,optical_illusion_0804.png,"Compare the actual central elements A and B, ignoring apparent size. Answer A larger, B larger, or equal. Explain briefly what you used in the image, then end with a confidence score from 0 to 1."
optical_illusion_0805_open_q1,optical_illusion_0805.png,"Compare the actual central elements A and B, ignoring apparent size. Answer A larger, B larger, or equal. Explain briefly what you used in the image, then end with a confidence score from 0 to 1."
optical_illusion_0806_open_q1,optical_illusion_0806.png,"Compare the actual central elements A and B, ignoring apparent size. Answer A larger, B larger, or equal. Explain briefly what you used in the image, then end with a confidence score from 0 to 1."
optical_illusion_0807_open_q1,optical_illusion_0807.png,"Compare the actual central elements A and B, ignoring apparent size. Answer A larger, B larger, or equal. Explain briefly what you used in the image, then end with a confidence score from 0 to 1."
optical_illusion_0808_open_q1,optical_illusion_0808.png,"Compare the actual central elements A and B, ignoring apparent size. Answer A larger, B larger, or equal. Explain briefly what you used in the image, then end with a confidence score from 0 to 1."
optical_illusion_0809_open_q1,optical_illusion_0809.png,"Compare the actual central elements A and B, ignoring apparent size. Answer A larger, B larger, or equal. Explain briefly what you used in the image, then end with a confidence score from 0 to 1."
optical_illusion_0810_open_q1,optical_illusion_0810.png,"Compare the actual central elements A and B, ignoring apparent size. Answer A larger, B larger, or equal. Explain briefly what you used in the image, then end with a confidence score from 0 to 1."
optical_illusion_0811_open_q1,optical_illusion_0811.png,"Compare the actual central elements A and B, ignoring apparent size. Answer A larger, B larger, or equal. Explain briefly what you used in the image, then end with a confidence score from 0 to 1."
optical_illusion_0812_open_q1,optical_illusion_0812.png,"Compare the actual central elements A and B, ignoring apparent size. Answer A larger, B larger, or equal. Explain briefly what you used in the image, then end with a confidence score from 0 to 1."
optical_illusion_0813_open_q1,optical_illusion_0813.png,"Compare the actual central elements A and B, ignoring apparent size. Answer A larger, B larger, or equal. Explain briefly what you used in the image, then end with a confidence score from 0 to 1."
optical_illusion_0814_open_q1,optical_illusion_0814.png,"Compare the actual central elements A and B, ignoring apparent size. Answer A larger, B larger, or equal. Explain briefly what you used in the image, then end with a confidence score from 0 to 1."
optical_illusion_0815_open_q1,optical_illusion_0815.png,"Compare the actual central elements A and B, ignoring apparent size. Answer A larger, B larger, or equal. Explain briefly what you used in the image, then end with a confidence score from 0 to 1."
optical_illusion_0816_open_q1,optical_illusion_0816.png,"Compare the actual central elements A and B, ignoring apparent size. Answer A larger, B larger, or equal. Explain briefly what you used in the image, then end with a confidence score from 0 to 1."
optical_illusion_0817_open_q1,optical_illusion_0817.png,"Compare the actual central elements A and B, ignoring apparent size. Answer A larger, B larger, or equal. Explain briefly what you used in the image, then end with a confidence score from 0 to 1."
optical_illusion_0818_open_q1,optical_illusion_0818.png,"Compare the actual central elements A and B, ignoring apparent size. Answer A larger, B larger, or equal. Explain briefly what you used in the image, then end with a confidence score from 0 to 1."
optical_illusion_0819_open_q1,optical_illusion_0819.png,"Compare the actual central elements A and B, ignoring apparent size. Answer A larger, B larger, or equal. Explain briefly what you used in the image, then end with a confidence score from 0 to 1."
optical_illusion_0820_open_q1,optical_illusion_0820.png,"Compare the actual central elements A and B, ignoring apparent size. Answer A larger, B larger, or equal. Explain briefly what you used in the image, then end with a confidence score from 0 to 1."
optical_illusion_0821_open_q1,optical_illusion_0821.png,"Compare the actual central elements A and B, ignoring apparent size. Answer A larger, B larger, or equal. Explain briefly what you used in the image, then end with a confidence score from 0 to 1."
optical_illusion_0822_open_q1,optical_illusion_0822.png,"Compare the actual central elements A and B, ignoring apparent size. Answer A larger, B larger, or equal. Explain briefly what you used in the image, then end with a confidence score from 0 to 1."
optical_illusion_0823_open_q1,optical_illusion_0823.png,"Compare the actual central elements A and B, ignoring apparent size. Answer A larger, B larger, or equal. Explain briefly what you used in the image, then end with a confidence score from 0 to 1."
optical_illusion_0824_open_q1,optical_illusion_0824.png,"Compare the actual central elements A and B, ignoring apparent size. Answer A larger, B larger, or equal. Explain briefly what you used in the image, then end with a confidence score from 0 to 1."
optical_illusion_0825_open_q1,optical_illusion_0825.png,"Compare the actual central elements A and B, ignoring apparent size. Answer A larger, B larger, or equal. Explain briefly what you used in the image, then end with a confidence score from 0 to 1."
optical_illusion_0826_open_q1,optical_illusion_0826.png,"Compare the actual central elements A and B, ignoring apparent size. Answer A larger, B larger, or equal. Explain briefly what you used in the image, then end with a confidence score from 0 to 1."
optical_illusion_0827_open_q1,optical_illusion_0827.png,"Compare the actual central elements A and B, ignoring apparent size. Answer A larger, B larger, or equal. Explain briefly what you used in the image, then end with a confidence score from 0 to 1."
optical_illusion_0828_open_q1,optical_illusion_0828.png,"Compare the actual central elements A and B, ignoring apparent size. Answer A larger, B larger, or equal. Explain briefly what you used in the image, then end with a confidence score from 0 to 1."
optical_illusion_0829_open_q1,optical_illusion_0829.png,"Compare the actual central elements A and B, ignoring apparent size. Answer A larger, B larger, or equal. Explain briefly what you used in the image, then end with a confidence score from 0 to 1."
optical_illusion_0830_open_q1,optical_illusion_0830.png,"Compare the actual central elements A and B, ignoring apparent size. Answer A larger, B larger, or equal. Explain briefly what you used in the image, then end with a confidence score from 0 to 1."
optical_illusion_0831_open_q1,optical_illusion_0831.png,"Compare the actual central elements A and B, ignoring apparent size. Answer A larger, B larger, or equal. Explain briefly what you used in the image, then end with a confidence score from 0 to 1."
optical_illusion_0832_open_q1,optical_illusion_0832.png,"Compare the actual central elements A and B, ignoring apparent size. Answer A larger, B larger, or equal. Explain briefly what you used in the image, then end with a confidence score from 0 to 1."
optical_illusion_0833_open_q1,optical_illusion_0833.png,"Compare the actual central elements A and B, ignoring apparent size. Answer A larger, B larger, or equal. Explain briefly what you used in the image, then end with a confidence score from 0 to 1."
optical_illusion_0834_open_q1,optical_illusion_0834.png,"Compare the actual central elements A and B, ignoring apparent size. Answer A larger, B larger, or equal. Explain briefly what you used in the image, then end with a confidence score from 0 to 1."
optical_illusion_0835_open_q1,optical_illusion_0835.png,"Compare the actual central elements A and B, ignoring apparent size. Answer A larger, B larger, or equal. Explain briefly what you used in the image, then end with a confidence score from 0 to 1."
optical_illusion_0836_open_q1,optical_illusion_0836.png,"Compare the actual central elements A and B, ignoring apparent size. Answer A larger, B larger, or equal. Explain briefly what you used in the image, then end with a confidence score from 0 to 1."
optical_illusion_0837_open_q1,optical_illusion_0837.png,"Compare the actual central elements A and B, ignoring apparent size. Answer A larger, B larger, or equal. Explain briefly what you used in the image, then end with a confidence score from 0 to 1."
optical_illusion_0838_open_q1,optical_illusion_0838.png,"Compare the actual central elements A and B, ignoring apparent size. Answer A larger, B larger, or equal. Explain briefly what you used in the image, then end with a confidence score from 0 to 1."
optical_illusion_0839_open_q1,optical_illusion_0839.png,"Compare the actual central elements A and B, ignoring apparent size. Answer A larger, B larger, or equal. Explain briefly what you used in the image, then end with a confidence score from 0 to 1."
optical_illusion_0840_open_q1,optical_illusion_0840.png,"Compare the actual central elements A and B, ignoring apparent size. Answer A larger, B larger, or equal. Explain briefly what you used in the image, then end with a confidence score from 0 to 1."
optical_illusion_0841_open_q1,optical_illusion_0841.png,"Compare the actual central elements A and B, ignoring apparent size. Answer A larger, B larger, or equal. Explain briefly what you used in the image, then end with a confidence score from 0 to 1."
optical_illusion_0842_open_q1,optical_illusion_0842.png,"Compare the actual central elements A and B, ignoring apparent size. Answer A larger, B larger, or equal. Explain briefly what you used in the image, then end with a confidence score from 0 to 1."
optical_illusion_0843_open_q1,optical_illusion_0843.png,"Compare the actual central elements A and B, ignoring apparent size. Answer A larger, B larger, or equal. Explain briefly what you used in the image, then end with a confidence score from 0 to 1."
optical_illusion_0844_open_q1,optical_illusion_0844.png,"Compare the actual central elements A and B, ignoring apparent size. Answer A larger, B larger, or equal. Explain briefly what you used in the image, then end with a confidence score from 0 to 1."
optical_illusion_0845_open_q1,optical_illusion_0845.png,"Compare the actual central elements A and B, ignoring apparent size. Answer A larger, B larger, or equal. Explain briefly what you used in the image, then end with a confidence score from 0 to 1."
optical_illusion_0846_open_q1,optical_illusion_0846.png,"Compare the actual central elements A and B, ignoring apparent size. Answer A larger, B larger, or equal. Explain briefly what you used in the image, then end with a confidence score from 0 to 1."
optical_illusion_0847_open_q1,optical_illusion_0847.png,"Compare the actual central elements A and B, ignoring apparent size. Answer A larger, B larger, or equal. Explain briefly what you used in the image, then end with a confidence score from 0 to 1."
optical_illusion_0848_open_q1,optical_illusion_0848.png,"Compare the actual central elements A and B, ignoring apparent size. Answer A larger, B larger, or equal. Explain briefly what you used in the image, then end with a confidence score from 0 to 1."
optical_illusion_0849_open_q1,optical_illusion_0849.png,"Compare the actual central elements A and B, ignoring apparent size. Answer A larger, B larger, or equal. Explain briefly what you used in the image, then end with a confidence score from 0 to 1."
optical_illusion_0850_open_q1,optical_illusion_0850.png,"Compare the actual central elements A and B, ignoring apparent size. Answer A larger, B larger, or equal. Explain briefly what you used in the image, then end with a confidence score from 0 to 1."
optical_illusion_0851_open_q1,optical_illusion_0851.png,"Compare the actual central elements A and B, ignoring apparent size. Answer A larger, B larger, or equal. Explain briefly what you used in the image, then end with a confidence score from 0 to 1."
optical_illusion_0852_open_q1,optical_illusion_0852.png,"Compare the actual central elements A and B, ignoring apparent size. Answer A larger, B larger, or equal. Explain briefly what you used in the image, then end with a confidence score from 0 to 1."
optical_illusion_0853_open_q1,optical_illusion_0853.png,"Compare the actual central elements A and B, ignoring apparent size. Answer A larger, B larger, or equal. Explain briefly what you used in the image, then end with a confidence score from 0 to 1."
optical_illusion_0854_open_q1,optical_illusion_0854.png,"Compare the actual central elements A and B, ignoring apparent size. Answer A larger, B larger, or equal. Explain briefly what you used in the image, then end with a confidence score from 0 to 1."
optical_illusion_0855_open_q1,optical_illusion_0855.png,"Compare the actual central elements A and B, ignoring apparent size. Answer A larger, B larger, or equal. Explain briefly what you used in the image, then end with a confidence score from 0 to 1."
optical_illusion_0856_open_q1,optical_illusion_0856.png,"Compare the actual central elements A and B, ignoring apparent size. Answer A larger, B larger, or equal. Explain briefly what you used in the image, then end with a confidence score from 0 to 1."
optical_illusion_0857_open_q1,optical_illusion_0857.png,"Compare the actual central elements A and B, ignoring apparent size. Answer A larger, B larger, or equal. Explain briefly what you used in the image, then end with a confidence score from 0 to 1."
optical_illusion_0858_open_q1,optical_illusion_0858.png,"Compare the actual central elements A and B, ignoring apparent size. Answer A larger, B larger, or equal. Explain briefly what you used in the image, then end with a confidence score from 0 to 1."
optical_illusion_0859_open_q1,optical_illusion_0859.png,"Compare the actual central elements A and B, ignoring apparent size. Answer A larger, B larger, or equal. Explain briefly what you used in the image, then end with a confidence score from 0 to 1."
optical_illusion_0860_open_q1,optical_illusion_0860.png,"Compare the actual central elements A and B, ignoring apparent size. Answer A larger, B larger, or equal. Explain briefly what you used in the image, then end with a confidence score from 0 to 1."
optical_illusion_0861_open_q1,optical_illusion_0861.png,"Compare the actual central elements A and B, ignoring apparent size. Answer A larger, B larger, or equal. Explain briefly what you used in the image, then end with a confidence score from 0 to 1."
optical_illusion_0862_open_q1,optical_illusion_0862.png,"Compare the actual central elements A and B, ignoring apparent size. Answer A larger, B larger, or equal. Explain briefly what you used in the image, then end with a confidence score from 0 to 1."
optical_illusion_0863_open_q1,optical_illusion_0863.png,"Compare the actual central elements A and B, ignoring apparent size. Answer A larger, B larger, or equal. Explain briefly what you used in the image, then end with a confidence score from 0 to 1."
optical_illusion_0864_open_q1,optical_illusion_0864.png,"Compare the actual central elements A and B, ignoring apparent size. Answer A larger, B larger, or equal. Explain briefly what you used in the image, then end with a confidence score from 0 to 1."
optical_illusion_0865_open_q1,optical_illusion_0865.png,"Compare the actual central elements A and B, ignoring apparent size. Answer A larger, B larger, or equal. Explain briefly what you used in the image, then end with a confidence score from 0 to 1."
optical_illusion_0866_open_q1,optical_illusion_0866.png,"Compare the actual central elements A and B, ignoring apparent size. Answer A larger, B larger, or equal. Explain briefly what you used in the image, then end with a confidence score from 0 to 1."
optical_illusion_0867_open_q1,optical_illusion_0867.png,"Compare the actual central elements A and B, ignoring apparent size. Answer A larger, B larger, or equal. Explain briefly what you used in the image, then end with a confidence score from 0 to 1."
optical_illusion_0868_open_q1,optical_illusion_0868.png,"Compare the actual central elements A and B, ignoring apparent size. Answer A larger, B larger, or equal. Explain briefly what you used in the image, then end with a confidence score from 0 to 1."
optical_illusion_0869_open_q1,optical_illusion_0869.png,"Compare the actual central elements A and B, ignoring apparent size. Answer A larger, B larger, or equal. Explain briefly what you used in the image, then end with a confidence score from 0 to 1."
optical_illusion_0870_open_q1,optical_illusion_0870.png,"Compare the actual central elements A and B, ignoring apparent size. Answer A larger, B larger, or equal. Explain briefly what you used in the image, then end with a confidence score from 0 to 1."
optical_illusion_0871_open_q1,optical_illusion_0871.png,"Compare the actual central elements A and B, ignoring apparent size. Answer A larger, B larger, or equal. Explain briefly what you used in the image, then end with a confidence score from 0 to 1."
optical_illusion_0872_open_q1,optical_illusion_0872.png,"Compare the actual central elements A and B, ignoring apparent size. Answer A larger, B larger, or equal. Explain briefly what you used in the image, then end with a confidence score from 0 to 1."
optical_illusion_0873_open_q1,optical_illusion_0873.png,"Compare the actual central elements A and B, ignoring apparent size. Answer A larger, B larger, or equal. Explain briefly what you used in the image, then end with a confidence score from 0 to 1."
optical_illusion_0874_open_q1,optical_illusion_0874.png,"Compare the actual central elements A and B, ignoring apparent size. Answer A larger, B larger, or equal. Explain briefly what you used in the image, then end with a confidence score from 0 to 1."
optical_illusion_0875_open_q1,optical_illusion_0875.png,"Compare the actual central elements A and B, ignoring apparent size. Answer A larger, B larger, or equal. Explain briefly what you used in the image, then end with a confidence score from 0 to 1."
optical_illusion_0876_open_q1,optical_illusion_0876.png,"Compare the actual central elements A and B, ignoring apparent size. Answer A larger, B larger, or equal. Explain briefly what you used in the image, then end with a confidence score from 0 to 1."
optical_illusion_0877_open_q1,optical_illusion_0877.png,"Compare the actual central elements A and B, ignoring apparent size. Answer A larger, B larger, or equal. Explain briefly what you used in the image, then end with a confidence score from 0 to 1."
optical_illusion_0878_open_q1,optical_illusion_0878.png,"Compare the actual central elements A and B, ignoring apparent size. Answer A larger, B larger, or equal. Explain briefly what you used in the image, then end with a confidence score from 0 to 1."
optical_illusion_0879_open_q1,optical_illusion_0879.png,"Compare the actual central elements A and B, ignoring apparent size. Answer A larger, B larger, or equal. Explain briefly what you used in the image, then end with a confidence score from 0 to 1."
optical_illusion_0880_open_q1,optical_illusion_0880.png,"Compare the actual central elements A and B, ignoring apparent size. Answer A larger, B larger, or equal. Explain briefly what you used in the image, then end with a confidence score from 0 to 1."
optical_illusion_0881_open_q1,optical_illusion_0881.png,"Compare the actual central elements A and B, ignoring apparent size. Answer A larger, B larger, or equal. Explain briefly what you used in the image, then end with a confidence score from 0 to 1."
optical_illusion_0882_open_q1,optical_illusion_0882.png,"Compare the actual central elements A and B, ignoring apparent size. Answer A larger, B larger, or equal. Explain briefly what you used in the image, then end with a confidence score from 0 to 1."
optical_illusion_0883_open_q1,optical_illusion_0883.png,"Compare the actual central elements A and B, ignoring apparent size. Answer A larger, B larger, or equal. Explain briefly what you used in the image, then end with a confidence score from 0 to 1."
optical_illusion_0884_open_q1,optical_illusion_0884.png,"Compare the actual central elements A and B, ignoring apparent size. Answer A larger, B larger, or equal. Explain briefly what you used in the image, then end with a confidence score from 0 to 1."
optical_illusion_0885_open_q1,optical_illusion_0885.png,"Compare the actual central elements A and B, ignoring apparent size. Answer A larger, B larger, or equal. Explain briefly what you used in the image, then end with a confidence score from 0 to 1."
optical_illusion_0886_open_q1,optical_illusion_0886.png,"Compare the actual central elements A and B, ignoring apparent size. Answer A larger, B larger, or equal. Explain briefly what you used in the image, then end with a confidence score from 0 to 1."
optical_illusion_0887_open_q1,optical_illusion_0887.png,"Compare the actual central elements A and B, ignoring apparent size. Answer A larger, B larger, or equal. Explain briefly what you used in the image, then end with a confidence score from 0 to 1."
optical_illusion_0888_open_q1,optical_illusion_0888.png,"Compare the actual central elements A and B, ignoring apparent size. Answer A larger, B larger, or equal. Explain briefly what you used in the image, then end with a confidence score from 0 to 1."
optical_illusion_0889_open_q1,optical_illusion_0889.png,"Compare the actual central elements A and B, ignoring apparent size. Answer A larger, B larger, or equal. Explain briefly what you used in the image, then end with a confidence score from 0 to 1."
optical_illusion_0890_open_q1,optical_illusion_0890.png,"Compare the actual central elements A and B, ignoring apparent size. Answer A larger, B larger, or equal. Explain briefly what you used in the image, then end with a confidence score from 0 to 1."
optical_illusion_0891_open_q1,optical_illusion_0891.png,"Compare the actual central elements A and B, ignoring apparent size. Answer A larger, B larger, or equal. Explain briefly what you used in the image, then end with a confidence score from 0 to 1."
optical_illusion_0892_open_q1,optical_illusion_0892.png,"Compare the actual central elements A and B, ignoring apparent size. Answer A larger, B larger, or equal. Explain briefly what you used in the image, then end with a confidence score from 0 to 1."
optical_illusion_0893_open_q1,optical_illusion_0893.png,"Compare the actual central elements A and B, ignoring apparent size. Answer A larger, B larger, or equal. Explain briefly what you used in the image, then end with a confidence score from 0 to 1."
optical_illusion_0894_open_q1,optical_illusion_0894.png,"Compare the actual central elements A and B, ignoring apparent size. Answer A larger, B larger, or equal. Explain briefly what you used in the image, then end with a confidence score from 0 to 1."
optical_illusion_0895_open_q1,optical_illusion_0895.png,"Compare the actual central elements A and B, ignoring apparent size. Answer A larger, B larger, or equal. Explain briefly what you used in the image, then end with a confidence score from 0 to 1."
optical_illusion_0896_open_q1,optical_illusion_0896.png,"Compare the actual central elements A and B, ignoring apparent size. Answer A larger, B larger, or equal. Explain briefly what you used in the image, then end with a confidence score from 0 to 1."
optical_illusion_0897_open_q1,optical_illusion_0897.png,"Compare the actual central elements A and B, ignoring apparent size. Answer A larger, B larger, or equal. Explain briefly what you used in the image, then end with a confidence score from 0 to 1."
optical_illusion_0898_open_q1,optical_illusion_0898.png,"Compare the actual central elements A and B, ignoring apparent size. Answer A larger, B larger, or equal. Explain briefly what you used in the image, then end with a confidence score from 0 to 1."
optical_illusion_0899_open_q1,optical_illusion_0899.png,"Compare the actual central elements A and B, ignoring apparent size. Answer A larger, B larger, or equal. Explain briefly what you used in the image, then end with a confidence score from 0 to 1."
optical_illusion_0900_open_q1,optical_illusion_0900.png,"Compare the actual central elements A and B, ignoring apparent size. Answer A larger, B larger, or equal. Explain briefly what you used in the image, then end with a confidence score from 0 to 1."
optical_illusion_0901_open_q1,optical_illusion_0901.png,"Compare the actual central elements A and B, ignoring apparent size. Answer A larger, B larger, or equal. Explain briefly what you used in the image, then end with a confidence score from 0 to 1."
optical_illusion_0902_open_q1,optical_illusion_0902.png,"Compare the actual central elements A and B, ignoring apparent size. Answer A larger, B larger, or equal. Explain briefly what you used in the image, then end with a confidence score from 0 to 1."
optical_illusion_0903_open_q1,optical_illusion_0903.png,"Compare the actual central elements A and B, ignoring apparent size. Answer A larger, B larger, or equal. Explain briefly what you used in the image, then end with a confidence score from 0 to 1."
optical_illusion_0904_open_q1,optical_illusion_0904.png,"Compare the actual central elements A and B, ignoring apparent size. Answer A larger, B larger, or equal. Explain briefly what you used in the image, then end with a confidence score from 0 to 1."
optical_illusion_0905_open_q1,optical_illusion_0905.png,"Compare the actual central elements A and B, ignoring apparent size. Answer A larger, B larger, or equal. Explain briefly what you used in the image, then end with a confidence score from 0 to 1."
optical_illusion_0906_open_q1,optical_illusion_0906.png,"Compare the actual central elements A and B, ignoring apparent size. Answer A larger, B larger, or equal. Explain briefly what you used in the image, then end with a confidence score from 0 to 1."
optical_illusion_0907_open_q1,optical_illusion_0907.png,"Compare the actual central elements A and B, ignoring apparent size. Answer A larger, B larger, or equal. Explain briefly what you used in the image, then end with a confidence score from 0 to 1."
optical_illusion_0908_open_q1,optical_illusion_0908.png,"Compare the actual central elements A and B, ignoring apparent size. Answer A larger, B larger, or equal. Explain briefly what you used in the image, then end with a confidence score from 0 to 1."
optical_illusion_0909_open_q1,optical_illusion_0909.png,"Compare the actual central elements A and B, ignoring apparent size. Answer A larger, B larger, or equal. Explain briefly what you used in the image, then end with a confidence score from 0 to 1."
optical_illusion_0910_open_q1,optical_illusion_0910.png,"Compare the actual central elements A and B, ignoring apparent size. Answer A larger, B larger, or equal. Explain briefly what you used in the image, then end with a confidence score from 0 to 1."
optical_illusion_0911_open_q1,optical_illusion_0911.png,"Compare the actual central elements A and B, ignoring apparent size. Answer A larger, B larger, or equal. Explain briefly what you used in the image, then end with a confidence score from 0 to 1."
optical_illusion_0912_open_q1,optical_illusion_0912.png,"Compare the actual central elements A and B, ignoring apparent size. Answer A larger, B larger, or equal. Explain briefly what you used in the image, then end with a confidence score from 0 to 1."
optical_illusion_0913_open_q1,optical_illusion_0913.png,"Compare the actual central elements A and B, ignoring apparent size. Answer A larger, B larger, or equal. Explain briefly what you used in the image, then end with a confidence score from 0 to 1."
optical_illusion_0914_open_q1,optical_illusion_0914.png,"Compare the actual central elements A and B, ignoring apparent size. Answer A larger, B larger, or equal. Explain briefly what you used in the image, then end with a confidence score from 0 to 1."
optical_illusion_0915_open_q1,optical_illusion_0915.png,"Compare the actual central elements A and B, ignoring apparent size. Answer A larger, B larger, or equal. Explain briefly what you used in the image, then end with a confidence score from 0 to 1."
optical_illusion_0916_open_q1,optical_illusion_0916.png,"Compare the actual central elements A and B, ignoring apparent size. Answer A larger, B larger, or equal. Explain briefly what you used in the image, then end with a confidence score from 0 to 1."
optical_illusion_0917_open_q1,optical_illusion_0917.png,"Compare the actual central elements A and B, ignoring apparent size. Answer A larger, B larger, or equal. Explain briefly what you used in the image, then end with a confidence score from 0 to 1."
optical_illusion_0918_open_q1,optical_illusion_0918.png,"Compare the actual central elements A and B, ignoring apparent size. Answer A larger, B larger, or equal. Explain briefly what you used in the image, then end with a confidence score from 0 to 1."
optical_illusion_0919_open_q1,optical_illusion_0919.png,"Compare the actual central elements A and B, ignoring apparent size. Answer A larger, B larger, or equal. Explain briefly what you used in the image, then end with a confidence score from 0 to 1."
optical_illusion_0920_open_q1,optical_illusion_0920.png,"Compare the actual central elements A and B, ignoring apparent size. Answer A larger, B larger, or equal. Explain briefly what you used in the image, then end with a confidence score from 0 to 1."
optical_illusion_0921_open_q1,optical_illusion_0921.png,"Compare the actual central elements A and B, ignoring apparent size. Answer A larger, B larger, or equal. Explain briefly what you used in the image, then end with a confidence score from 0 to 1."
optical_illusion_0922_open_q1,optical_illusion_0922.png,"Compare the actual central elements A and B, ignoring apparent size. Answer A larger, B larger, or equal. Explain briefly what you used in the image, then end with a confidence score from 0 to 1."
optical_illusion_0923_open_q1,optical_illusion_0923.png,"Compare the actual central elements A and B, ignoring apparent size. Answer A larger, B larger, or equal. Explain briefly what you used in the image, then end with a confidence score from 0 to 1."
optical_illusion_0924_open_q1,optical_illusion_0924.png,"Compare the actual central elements A and B, ignoring apparent size. Answer A larger, B larger, or equal. Explain briefly what you used in the image, then end with a confidence score from 0 to 1."
optical_illusion_0925_open_q1,optical_illusion_0925.png,"Compare the actual central elements A and B, ignoring apparent size. Answer A larger, B larger, or equal. Explain briefly what you used in the image, then end with a confidence score from 0 to 1."
optical_illusion_0926_open_q1,optical_illusion_0926.png,"Compare the actual central elements A and B, ignoring apparent size. Answer A larger, B larger, or equal. Explain briefly what you used in the image, then end with a confidence score from 0 to 1."
optical_illusion_0927_open_q1,optical_illusion_0927.png,"Compare the actual central elements A and B, ignoring apparent size. Answer A larger, B larger, or equal. Explain briefly what you used in the image, then end with a confidence score from 0 to 1."
optical_illusion_0928_open_q1,optical_illusion_0928.png,"Compare the actual central elements A and B, ignoring apparent size. Answer A larger, B larger, or equal. Explain briefly what you used in the image, then end with a confidence score from 0 to 1."
optical_illusion_0929_open_q1,optical_illusion_0929.png,"Compare the actual central elements A and B, ignoring apparent size. Answer A larger, B larger, or equal. Explain briefly what you used in the image, then end with a confidence score from 0 to 1."
optical_illusion_0930_open_q1,optical_illusion_0930.png,"Compare the actual central elements A and B, ignoring apparent size. Answer A larger, B larger, or equal. Explain briefly what you used in the image, then end with a confidence score from 0 to 1."
optical_illusion_0931_open_q1,optical_illusion_0931.png,"Compare the actual central elements A and B, ignoring apparent size. Answer A larger, B larger, or equal. Explain briefly what you used in the image, then end with a confidence score from 0 to 1."
optical_illusion_0932_open_q1,optical_illusion_0932.png,"Compare the actual central elements A and B, ignoring apparent size. Answer A larger, B larger, or equal. Explain briefly what you used in the image, then end with a confidence score from 0 to 1."
optical_illusion_0933_open_q1,optical_illusion_0933.png,"Compare the actual central elements A and B, ignoring apparent size. Answer A larger, B larger, or equal. Explain briefly what you used in the image, then end with a confidence score from 0 to 1."
optical_illusion_0934_open_q1,optical_illusion_0934.png,"Compare the actual central elements A and B, ignoring apparent size. Answer A larger, B larger, or equal. Explain briefly what you used in the image, then end with a confidence score from 0 to 1."
optical_illusion_0935_open_q1,optical_illusion_0935.png,"Compare the actual central elements A and B, ignoring apparent size. Answer A larger, B larger, or equal. Explain briefly what you used in the image, then end with a confidence score from 0 to 1."
optical_illusion_0936_open_q1,optical_illusion_0936.png,"Compare the actual central elements A and B, ignoring apparent size. Answer A larger, B larger, or equal. Explain briefly what you used in the image, then end with a confidence score from 0 to 1."
optical_illusion_0937_open_q1,optical_illusion_0937.png,"Compare the actual central elements A and B, ignoring apparent size. Answer A larger, B larger, or equal. Explain briefly what you used in the image, then end with a confidence score from 0 to 1."
optical_illusion_0938_open_q1,optical_illusion_0938.png,"Compare the actual central elements A and B, ignoring apparent size. Answer A larger, B larger, or equal. Explain briefly what you used in the image, then end with a confidence score from 0 to 1."
optical_illusion_0939_open_q1,optical_illusion_0939.png,"Compare the actual central elements A and B, ignoring apparent size. Answer A larger, B larger, or equal. Explain briefly what you used in the image, then end with a confidence score from 0 to 1."
optical_illusion_0940_open_q1,optical_illusion_0940.png,"Compare the actual central elements A and B, ignoring apparent size. Answer A larger, B larger, or equal. Explain briefly what you used in the image, then end with a confidence score from 0 to 1."
optical_illusion_0941_open_q1,optical_illusion_0941.png,"Compare the actual central elements A and B, ignoring apparent size. Answer A larger, B larger, or equal. Explain briefly what you used in the image, then end with a confidence score from 0 to 1."
optical_illusion_0942_open_q1,optical_illusion_0942.png,"Compare the actual central elements A and B, ignoring apparent size. Answer A larger, B larger, or equal. Explain briefly what you used in the image, then end with a confidence score from 0 to 1."
optical_illusion_0943_open_q1,optical_illusion_0943.png,"Compare the actual central elements A and B, ignoring apparent size. Answer A larger, B larger, or equal. Explain briefly what you used in the image, then end with a confidence score from 0 to 1."
optical_illusion_0944_open_q1,optical_illusion_0944.png,"Compare the actual central elements A and B, ignoring apparent size. Answer A larger, B larger, or equal. Explain briefly what you used in the image, then end with a confidence score from 0 to 1."
optical_illusion_0945_open_q1,optical_illusion_0945.png,"Compare the actual central elements A and B, ignoring apparent size. Answer A larger, B larger, or equal. Explain briefly what you used in the image, then end with a confidence score from 0 to 1."
optical_illusion_0946_open_q1,optical_illusion_0946.png,"Compare the actual central elements A and B, ignoring apparent size. Answer A larger, B larger, or equal. Explain briefly what you used in the image, then end with a confidence score from 0 to 1."
optical_illusion_0947_open_q1,optical_illusion_0947.png,"Compare the actual central elements A and B, ignoring apparent size. Answer A larger, B larger, or equal. Explain briefly what you used in the image, then end with a confidence score from 0 to 1."
optical_illusion_0948_open_q1,optical_illusion_0948.png,"Compare the actual central elements A and B, ignoring apparent size. Answer A larger, B larger, or equal. Explain briefly what you used in the image, then end with a confidence score from 0 to 1."
optical_illusion_0949_open_q1,optical_illusion_0949.png,"Compare the actual central elements A and B, ignoring apparent size. Answer A larger, B larger, or equal. Explain briefly what you used in the image, then end with a confidence score from 0 to 1."
optical_illusion_0950_open_q1,optical_illusion_0950.png,"Compare the actual central elements A and B, ignoring apparent size. Answer A larger, B larger, or equal. Explain briefly what you used in the image, then end with a confidence score from 0 to 1."
optical_illusion_0951_open_q1,optical_illusion_0951.png,"Compare the actual central elements A and B, ignoring apparent size. Answer A larger, B larger, or equal. Explain briefly what you used in the image, then end with a confidence score from 0 to 1."
optical_illusion_0952_open_q1,optical_illusion_0952.png,"Compare the actual central elements A and B, ignoring apparent size. Answer A larger, B larger, or equal. Explain briefly what you used in the image, then end with a confidence score from 0 to 1."
optical_illusion_0953_open_q1,optical_illusion_0953.png,"Compare the actual central elements A and B, ignoring apparent size. Answer A larger, B larger, or equal. Explain briefly what you used in the image, then end with a confidence score from 0 to 1."
optical_illusion_0954_open_q1,optical_illusion_0954.png,"Compare the actual central elements A and B, ignoring apparent size. Answer A larger, B larger, or equal. Explain briefly what you used in the image, then end with a confidence score from 0 to 1."
optical_illusion_0955_open_q1,optical_illusion_0955.png,"Compare the actual central elements A and B, ignoring apparent size. Answer A larger, B larger, or equal. Explain briefly what you used in the image, then end with a confidence score from 0 to 1."
optical_illusion_0956_open_q1,optical_illusion_0956.png,"Compare the actual central elements A and B, ignoring apparent size. Answer A larger, B larger, or equal. Explain briefly what you used in the image, then end with a confidence score from 0 to 1."
optical_illusion_0957_open_q1,optical_illusion_0957.png,"Compare the actual central elements A and B, ignoring apparent size. Answer A larger, B larger, or equal. Explain briefly what you used in the image, then end with a confidence score from 0 to 1."
optical_illusion_0958_open_q1,optical_illusion_0958.png,"Compare the actual central elements A and B, ignoring apparent size. Answer A larger, B larger, or equal. Explain briefly what you used in the image, then end with a confidence score from 0 to 1."
optical_illusion_0959_open_q1,optical_illusion_0959.png,"Compare the actual central elements A and B, ignoring apparent size. Answer A larger, B larger, or equal. Explain briefly what you used in the image, then end with a confidence score from 0 to 1."
optical_illusion_0960_open_q1,optical_illusion_0960.png,"Compare the actual central elements A and B, ignoring apparent size. Answer A larger, B larger, or equal. Explain briefly what you used in the image, then end with a confidence score from 0 to 1."
optical_illusion_0961_open_q1,optical_illusion_0961.png,"Compare the actual central elements A and B, ignoring apparent size. Answer A larger, B larger, or equal. Explain briefly what you used in the image, then end with a confidence score from 0 to 1."
optical_illusion_0962_open_q1,optical_illusion_0962.png,"Compare the actual central elements A and B, ignoring apparent size. Answer A larger, B larger, or equal. Explain briefly what you used in the image, then end with a confidence score from 0 to 1."
optical_illusion_0963_open_q1,optical_illusion_0963.png,"Compare the actual central elements A and B, ignoring apparent size. Answer A larger, B larger, or equal. Explain briefly what you used in the image, then end with a confidence score from 0 to 1."
optical_illusion_0964_open_q1,optical_illusion_0964.png,"Compare the actual central elements A and B, ignoring apparent size. Answer A larger, B larger, or equal. Explain briefly what you used in the image, then end with a confidence score from 0 to 1."
optical_illusion_0965_open_q1,optical_illusion_0965.png,"Compare the actual central elements A and B, ignoring apparent size. Answer A larger, B larger, or equal. Explain briefly what you used in the image, then end with a confidence score from 0 to 1."
optical_illusion_0966_open_q1,optical_illusion_0966.png,"Compare the actual central elements A and B, ignoring apparent size. Answer A larger, B larger, or equal. Explain briefly what you used in the image, then end with a confidence score from 0 to 1."
optical_illusion_0967_open_q1,optical_illusion_0967.png,"Compare the actual central elements A and B, ignoring apparent size. Answer A larger, B larger, or equal. Explain briefly what you used in the image, then end with a confidence score from 0 to 1."
optical_illusion_0968_open_q1,optical_illusion_0968.png,"Compare the actual central elements A and B, ignoring apparent size. Answer A larger, B larger, or equal. Explain briefly what you used in the image, then end with a confidence score from 0 to 1."
optical_illusion_0969_open_q1,optical_illusion_0969.png,"Compare the actual central elements A and B, ignoring apparent size. Answer A larger, B larger, or equal. Explain briefly what you used in the image, then end with a confidence score from 0 to 1."
optical_illusion_0970_open_q1,optical_illusion_0970.png,"Compare the actual central elements A and B, ignoring apparent size. Answer A larger, B larger, or equal. Explain briefly what you used in the image, then end with a confidence score from 0 to 1."
optical_illusion_0971_open_q1,optical_illusion_0971.png,"Compare the actual central elements A and B, ignoring apparent size. Answer A larger, B larger, or equal. Explain briefly what you used in the image, then end with a confidence score from 0 to 1."
optical_illusion_0972_open_q1,optical_illusion_0972.png,"Compare the actual central elements A and B, ignoring apparent size. Answer A larger, B larger, or equal. Explain briefly what you used in the image, then end with a confidence score from 0 to 1."
optical_illusion_0973_open_q1,optical_illusion_0973.png,"Compare the actual central elements A and B, ignoring apparent size. Answer A larger, B larger, or equal. Explain briefly what you used in the image, then end with a confidence score from 0 to 1."
optical_illusion_0974_open_q1,optical_illusion_0974.png,"Compare the actual central elements A and B, ignoring apparent size. Answer A larger, B larger, or equal. Explain briefly what you used in the image, then end with a confidence score from 0 to 1."
optical_illusion_0975_open_q1,optical_illusion_0975.png,"Compare the actual central elements A and B, ignoring apparent size. Answer A larger, B larger, or equal. Explain briefly what you used in the image, then end with a confidence score from 0 to 1."
optical_illusion_0976_open_q1,optical_illusion_0976.png,"Compare the actual central elements A and B, ignoring apparent size. Answer A larger, B larger, or equal. Explain briefly what you used in the image, then end with a confidence score from 0 to 1."
optical_illusion_0977_open_q1,optical_illusion_0977.png,"Compare the actual central elements A and B, ignoring apparent size. Answer A larger, B larger, or equal. Explain briefly what you used in the image, then end with a confidence score from 0 to 1."
optical_illusion_0978_open_q1,optical_illusion_0978.png,"Compare the actual central elements A and B, ignoring apparent size. Answer A larger, B larger, or equal. Explain briefly what you used in the image, then end with a confidence score from 0 to 1."
optical_illusion_0979_open_q1,optical_illusion_0979.png,"Compare the actual central elements A and B, ignoring apparent size. Answer A larger, B larger, or equal. Explain briefly what you used in the image, then end with a confidence score from 0 to 1."
optical_illusion_0980_open_q1,optical_illusion_0980.png,"Compare the actual central elements A and B, ignoring apparent size. Answer A larger, B larger, or equal. Explain briefly what you used in the image, then end with a confidence score from 0 to 1."
optical_illusion_0981_open_q1,optical_illusion_0981.png,"Compare the actual central elements A and B, ignoring apparent size. Answer A larger, B larger, or equal. Explain briefly what you used in the image, then end with a confidence score from 0 to 1."
optical_illusion_0982_open_q1,optical_illusion_0982.png,"Compare the actual central elements A and B, ignoring apparent size. Answer A larger, B larger, or equal. Explain briefly what you used in the image, then end with a confidence score from 0 to 1."
optical_illusion_0983_open_q1,optical_illusion_0983.png,"Compare the actual central elements A and B, ignoring apparent size. Answer A larger, B larger, or equal. Explain briefly what you used in the image, then end with a confidence score from 0 to 1."
optical_illusion_0984_open_q1,optical_illusion_0984.png,"Compare the actual central elements A and B, ignoring apparent size. Answer A larger, B larger, or equal. Explain briefly what you used in the image, then end with a confidence score from 0 to 1."
optical_illusion_0985_open_q1,optical_illusion_0985.png,"Compare the actual central elements A and B, ignoring apparent size. Answer A larger, B larger, or equal. Explain briefly what you used in the image, then end with a confidence score from 0 to 1."
optical_illusion_0986_open_q1,optical_illusion_0986.png,"Compare the actual central elements A and B, ignoring apparent size. Answer A larger, B larger, or equal. Explain briefly what you used in the image, then end with a confidence score from 0 to 1."
optical_illusion_0987_open_q1,optical_illusion_0987.png,"Compare the actual central elements A and B, ignoring apparent size. Answer A larger, B larger, or equal. Explain briefly what you used in the image, then end with a confidence score from 0 to 1."
optical_illusion_0988_open_q1,optical_illusion_0988.png,"Compare the actual central elements A and B, ignoring apparent size. Answer A larger, B larger, or equal. Explain briefly what you used in the image, then end with a confidence score from 0 to 1."
optical_illusion_0989_open_q1,optical_illusion_0989.png,"Compare the actual central elements A and B, ignoring apparent size. Answer A larger, B larger, or equal. Explain briefly what you used in the image, then end with a confidence score from 0 to 1."
optical_illusion_0990_open_q1,optical_illusion_0990.png,"Compare the actual central elements A and B, ignoring apparent size. Answer A larger, B larger, or equal. Explain briefly what you used in the image, then end with a confidence score from 0 to 1."
optical_illusion_0991_open_q1,optical_illusion_0991.png,"Compare the actual central elements A and B, ignoring apparent size. Answer A larger, B larger, or equal. Explain briefly what you used in the image, then end with a confidence score from 0 to 1."
optical_illusion_0992_open_q1,optical_illusion_0992.png,"Compare the actual central elements A and B, ignoring apparent size. Answer A larger, B larger, or equal. Explain briefly what you used in the image, then end with a confidence score from 0 to 1."
optical_illusion_0993_open_q1,optical_illusion_0993.png,"Compare the actual central elements A and B, ignoring apparent size. Answer A larger, B larger, or equal. Explain briefly what you used in the image, then end with a confidence score from 0 to 1."
optical_illusion_0994_open_q1,optical_illusion_0994.png,"Compare the actual central elements A and B, ignoring apparent size. Answer A larger, B larger, or equal. Explain briefly what you used in the image, then end with a confidence score from 0 to 1."
optical_illusion_0995_open_q1,optical_illusion_0995.png,"Compare the actual central elements A and B, ignoring apparent size. Answer A larger, B larger, or equal. Explain briefly what you used in the image, then end with a confidence score from 0 to 1."
optical_illusion_0996_open_q1,optical_illusion_0996.png,"Compare the actual central elements A and B, ignoring apparent size. Answer A larger, B larger, or equal. Explain briefly what you used in the image, then end with a confidence score from 0 to 1."
optical_illusion_0997_open_q1,optical_illusion_0997.png,"Compare the actual central elements A and B, ignoring apparent size. Answer A larger, B larger, or equal. Explain briefly what you used in the image, then end with a confidence score from 0 to 1."
optical_illusion_0998_open_q1,optical_illusion_0998.png,"Compare the actual central elements A and B, ignoring apparent size. Answer A larger, B larger, or equal. Explain briefly what you used in the image, then end with a confidence score from 0 to 1."
optical_illusion_0999_open_q1,optical_illusion_0999.png,"Compare the actual central elements A and B, ignoring apparent size. Answer A larger, B larger, or equal. Explain briefly what you used in the image, then end with a confidence score from 0 to 1."
optical_illusion_1000_open_q1,optical_illusion_1000.png,"Compare the actual central elements A and B, ignoring apparent size. Answer A larger, B larger, or equal. Explain briefly what you used in the image, then end with a confidence score from 0 to 1."
optical_illusion_1001_open_q1,optical_illusion_1001.png,"Compare the actual central elements A and B, ignoring apparent size. Answer A larger, B larger, or equal. Explain briefly what you used in the image, then end with a confidence score from 0 to 1."
optical_illusion_1002_open_q1,optical_illusion_1002.png,"Compare the actual central elements A and B, ignoring apparent size. Answer A larger, B larger, or equal. Explain briefly what you used in the image, then end with a confidence score from 0 to 1."
optical_illusion_1003_open_q1,optical_illusion_1003.png,"Compare the actual central elements A and B, ignoring apparent size. Answer A larger, B larger, or equal. Explain briefly what you used in the image, then end with a confidence score from 0 to 1."
optical_illusion_1004_open_q1,optical_illusion_1004.png,"Compare the actual central elements A and B, ignoring apparent size. Answer A larger, B larger, or equal. Explain briefly what you used in the image, then end with a confidence score from 0 to 1."
optical_illusion_1005_open_q1,optical_illusion_1005.png,"Compare the actual central elements A and B, ignoring apparent size. Answer A larger, B larger, or equal. Explain briefly what you used in the image, then end with a confidence score from 0 to 1."
optical_illusion_1006_open_q1,optical_illusion_1006.png,"Compare the actual central elements A and B, ignoring apparent size. Answer A larger, B larger, or equal. Explain briefly what you used in the image, then end with a confidence score from 0 to 1."
optical_illusion_1007_open_q1,optical_illusion_1007.png,"Compare the actual central elements A and B, ignoring apparent size. Answer A larger, B larger, or equal. Explain briefly what you used in the image, then end with a confidence score from 0 to 1."
optical_illusion_1008_open_q1,optical_illusion_1008.png,"Compare the actual central elements A and B, ignoring apparent size. Answer A larger, B larger, or equal. Explain briefly what you used in the image, then end with a confidence score from 0 to 1."
optical_illusion_1009_open_q1,optical_illusion_1009.png,"Compare the actual central elements A and B, ignoring apparent size. Answer A larger, B larger, or equal. Explain briefly what you used in the image, then end with a confidence score from 0 to 1."
optical_illusion_1010_open_q1,optical_illusion_1010.png,"Compare the actual central elements A and B, ignoring apparent size. Answer A larger, B larger, or equal. Explain briefly what you used in the image, then end with a confidence score from 0 to 1."
optical_illusion_1011_open_q1,optical_illusion_1011.png,"Compare the actual central elements A and B, ignoring apparent size. Answer A larger, B larger, or equal. Explain briefly what you used in the image, then end with a confidence score from 0 to 1."
optical_illusion_1012_open_q1,optical_illusion_1012.png,"Compare the actual central elements A and B, ignoring apparent size. Answer A larger, B larger, or equal. Explain briefly what you used in the image, then end with a confidence score from 0 to 1."
optical_illusion_1013_open_q1,optical_illusion_1013.png,"Compare the actual central elements A and B, ignoring apparent size. Answer A larger, B larger, or equal. Explain briefly what you used in the image, then end with a confidence score from 0 to 1."
optical_illusion_1014_open_q1,optical_illusion_1014.png,"Compare the actual central elements A and B, ignoring apparent size. Answer A larger, B larger, or equal. Explain briefly what you used in the image, then end with a confidence score from 0 to 1."
optical_illusion_1015_open_q1,optical_illusion_1015.png,"Compare the actual central elements A and B, ignoring apparent size. Answer A larger, B larger, or equal. Explain briefly what you used in the image, then end with a confidence score from 0 to 1."
optical_illusion_1016_open_q1,optical_illusion_1016.png,"Compare the actual central elements A and B, ignoring apparent size. Answer A larger, B larger, or equal. Explain briefly what you used in the image, then end with a confidence score from 0 to 1."
optical_illusion_1017_open_q1,optical_illusion_1017.png,"Compare the actual central elements A and B, ignoring apparent size. Answer A larger, B larger, or equal. Explain briefly what you used in the image, then end with a confidence score from 0 to 1."
optical_illusion_1018_open_q1,optical_illusion_1018.png,"Compare the actual central elements A and B, ignoring apparent size. Answer A larger, B larger, or equal. Explain briefly what you used in the image, then end with a confidence score from 0 to 1."
optical_illusion_1019_open_q1,optical_illusion_1019.png,"Compare the actual central elements A and B, ignoring apparent size. Answer A larger, B larger, or equal. Explain briefly what you used in the image, then end with a confidence score from 0 to 1."
optical_illusion_1020_open_q1,optical_illusion_1020.png,"Compare the actual central elements A and B, ignoring apparent size. Answer A larger, B larger, or equal. Explain briefly what you used in the image, then end with a confidence score from 0 to 1."
optical_illusion_1021_open_q1,optical_illusion_1021.png,"Compare the actual central elements A and B, ignoring apparent size. Answer A larger, B larger, or equal. Explain briefly what you used in the image, then end with a confidence score from 0 to 1."
optical_illusion_1022_open_q1,optical_illusion_1022.png,"Compare the actual central elements A and B, ignoring apparent size. Answer A larger, B larger, or equal. Explain briefly what you used in the image, then end with a confidence score from 0 to 1."
optical_illusion_1023_open_q1,optical_illusion_1023.png,"Compare the actual central elements A and B, ignoring apparent size. Answer A larger, B larger, or equal. Explain briefly what you used in the image, then end with a confidence score from 0 to 1."
optical_illusion_1024_open_q1,optical_illusion_1024.png,"Compare the actual central elements A and B, ignoring apparent size. Answer A larger, B larger, or equal. Explain briefly what you used in the image, then end with a confidence score from 0 to 1."
optical_illusion_1025_open_q1,optical_illusion_1025.png,"Compare the actual central elements A and B, ignoring apparent size. Answer A larger, B larger, or equal. Explain briefly what you used in the image, then end with a confidence score from 0 to 1."
optical_illusion_1026_open_q1,optical_illusion_1026.png,"Compare the actual central elements A and B, ignoring apparent size. Answer A larger, B larger, or equal. Explain briefly what you used in the image, then end with a confidence score from 0 to 1."
optical_illusion_1027_open_q1,optical_illusion_1027.png,"Compare the actual central elements A and B, ignoring apparent size. Answer A larger, B larger, or equal. Explain briefly what you used in the image, then end with a confidence score from 0 to 1."
optical_illusion_1028_open_q1,optical_illusion_1028.png,"Compare the actual central elements A and B, ignoring apparent size. Answer A larger, B larger, or equal. Explain briefly what you used in the image, then end with a confidence score from 0 to 1."
optical_illusion_1029_open_q1,optical_illusion_1029.png,"Compare the actual central elements A and B, ignoring apparent size. Answer A larger, B larger, or equal. Explain briefly what you used in the image, then end with a confidence score from 0 to 1."
optical_illusion_1030_open_q1,optical_illusion_1030.png,"Compare the actual central elements A and B, ignoring apparent size. Answer A larger, B larger, or equal. Explain briefly what you used in the image, then end with a confidence score from 0 to 1."
optical_illusion_1031_open_q1,optical_illusion_1031.png,"Compare the actual central elements A and B, ignoring apparent size. Answer A larger, B larger, or equal. Explain briefly what you used in the image, then end with a confidence score from 0 to 1."
optical_illusion_1032_open_q1,optical_illusion_1032.png,"Compare the actual central elements A and B, ignoring apparent size. Answer A larger, B larger, or equal. Explain briefly what you used in the image, then end with a confidence score from 0 to 1."
optical_illusion_1033_open_q1,optical_illusion_1033.png,"Compare the actual central elements A and B, ignoring apparent size. Answer A larger, B larger, or equal. Explain briefly what you used in the image, then end with a confidence score from 0 to 1."
optical_illusion_1034_open_q1,optical_illusion_1034.png,"Compare the actual central elements A and B, ignoring apparent size. Answer A larger, B larger, or equal. Explain briefly what you used in the image, then end with a confidence score from 0 to 1."
optical_illusion_1035_open_q1,optical_illusion_1035.png,"Compare the actual central elements A and B, ignoring apparent size. Answer A larger, B larger, or equal. Explain briefly what you used in the image, then end with a confidence score from 0 to 1."
optical_illusion_1036_open_q1,optical_illusion_1036.png,"Compare the actual central elements A and B, ignoring apparent size. Answer A larger, B larger, or equal. Explain briefly what you used in the image, then end with a confidence score from 0 to 1."
optical_illusion_1037_open_q1,optical_illusion_1037.png,"Compare the actual central elements A and B, ignoring apparent size. Answer A larger, B larger, or equal. Explain briefly what you used in the image, then end with a confidence score from 0 to 1."
optical_illusion_1038_open_q1,optical_illusion_1038.png,"Compare the actual central elements A and B, ignoring apparent size. Answer A larger, B larger, or equal. Explain briefly what you used in the image, then end with a confidence score from 0 to 1."
optical_illusion_1039_open_q1,optical_illusion_1039.png,"Compare the actual central elements A and B, ignoring apparent size. Answer A larger, B larger, or equal. Explain briefly what you used in the image, then end with a confidence score from 0 to 1."
optical_illusion_1040_open_q1,optical_illusion_1040.png,"Compare the actual central elements A and B, ignoring apparent size. Answer A larger, B larger, or equal. Explain briefly what you used in the image, then end with a confidence score from 0 to 1."
optical_illusion_1041_open_q1,optical_illusion_1041.png,"Compare the actual central elements A and B, ignoring apparent size. Answer A larger, B larger, or equal. Explain briefly what you used in the image, then end with a confidence score from 0 to 1."
optical_illusion_1042_open_q1,optical_illusion_1042.png,"Compare the actual central elements A and B, ignoring apparent size. Answer A larger, B larger, or equal. Explain briefly what you used in the image, then end with a confidence score from 0 to 1."
optical_illusion_1043_open_q1,optical_illusion_1043.png,"Compare the actual central elements A and B, ignoring apparent size. Answer A larger, B larger, or equal. Explain briefly what you used in the image, then end with a confidence score from 0 to 1."
optical_illusion_1044_open_q1,optical_illusion_1044.png,"Compare the actual central elements A and B, ignoring apparent size. Answer A larger, B larger, or equal. Explain briefly what you used in the image, then end with a confidence score from 0 to 1."
optical_illusion_1045_open_q1,optical_illusion_1045.png,"Compare the actual central elements A and B, ignoring apparent size. Answer A larger, B larger, or equal. Explain briefly what you used in the image, then end with a confidence score from 0 to 1."
optical_illusion_1046_open_q1,optical_illusion_1046.png,"Compare the actual central elements A and B, ignoring apparent size. Answer A larger, B larger, or equal. Explain briefly what you used in the image, then end with a confidence score from 0 to 1."
optical_illusion_1047_open_q1,optical_illusion_1047.png,"Compare the actual central elements A and B, ignoring apparent size. Answer A larger, B larger, or equal. Explain briefly what you used in the image, then end with a confidence score from 0 to 1."
optical_illusion_1048_open_q1,optical_illusion_1048.png,"Compare the actual central elements A and B, ignoring apparent size. Answer A larger, B larger, or equal. Explain briefly what you used in the image, then end with a confidence score from 0 to 1."
optical_illusion_1049_open_q1,optical_illusion_1049.png,"Compare the actual central elements A and B, ignoring apparent size. Answer A larger, B larger, or equal. Explain briefly what you used in the image, then end with a confidence score from 0 to 1."
optical_illusion_1050_open_q1,optical_illusion_1050.png,"Compare the actual central elements A and B, ignoring apparent size. Answer A larger, B larger, or equal. Explain briefly what you used in the image, then end with a confidence score from 0 to 1."
optical_illusion_1051_open_q1,optical_illusion_1051.png,"Compare the actual central elements A and B, ignoring apparent size. Answer A larger, B larger, or equal. Explain briefly what you used in the image, then end with a confidence score from 0 to 1."
optical_illusion_1052_open_q1,optical_illusion_1052.png,"Compare the actual central elements A and B, ignoring apparent size. Answer A larger, B larger, or equal. Explain briefly what you used in the image, then end with a confidence score from 0 to 1."
optical_illusion_1053_open_q1,optical_illusion_1053.png,"Compare the actual central elements A and B, ignoring apparent size. Answer A larger, B larger, or equal. Explain briefly what you used in the image, then end with a confidence score from 0 to 1."
optical_illusion_1054_open_q1,optical_illusion_1054.png,"Compare the actual central elements A and B, ignoring apparent size. Answer A larger, B larger, or equal. Explain briefly what you used in the image, then end with a confidence score from 0 to 1."
optical_illusion_1055_open_q1,optical_illusion_1055.png,"Compare the actual central elements A and B, ignoring apparent size. Answer A larger, B larger, or equal. Explain briefly what you used in the image, then end with a confidence score from 0 to 1."
optical_illusion_1056_open_q1,optical_illusion_1056.png,"Compare the actual central elements A and B, ignoring apparent size. Answer A larger, B larger, or equal. Explain briefly what you used in the image, then end with a confidence score from 0 to 1."
optical_illusion_1057_open_q1,optical_illusion_1057.png,"Compare the actual central elements A and B, ignoring apparent size. Answer A larger, B larger, or equal. Explain briefly what you used in the image, then end with a confidence score from 0 to 1."
optical_illusion_1058_open_q1,optical_illusion_1058.png,"Compare the actual central elements A and B, ignoring apparent size. Answer A larger, B larger, or equal. Explain briefly what you used in the image, then end with a confidence score from 0 to 1."
optical_illusion_1059_open_q1,optical_illusion_1059.png,"Compare the actual central elements A and B, ignoring apparent size. Answer A larger, B larger, or equal. Explain briefly what you used in the image, then end with a confidence score from 0 to 1."
optical_illusion_1060_open_q1,optical_illusion_1060.png,"Compare the actual central elements A and B, ignoring apparent size. Answer A larger, B larger, or equal. Explain briefly what you used in the image, then end with a confidence score from 0 to 1."
optical_illusion_1061_open_q1,optical_illusion_1061.png,"Compare the actual central elements A and B, ignoring apparent size. Answer A larger, B larger, or equal. Explain briefly what you used in the image, then end with a confidence score from 0 to 1."
optical_illusion_1062_open_q1,optical_illusion_1062.png,"Compare the actual central elements A and B, ignoring apparent size. Answer A larger, B larger, or equal. Explain briefly what you used in the image, then end with a confidence score from 0 to 1."
optical_illusion_1063_open_q1,optical_illusion_1063.png,"Compare the actual central elements A and B, ignoring apparent size. Answer A larger, B larger, or equal. Explain briefly what you used in the image, then end with a confidence score from 0 to 1."
optical_illusion_1064_open_q1,optical_illusion_1064.png,"Compare the actual central elements A and B, ignoring apparent size. Answer A larger, B larger, or equal. Explain briefly what you used in the image, then end with a confidence score from 0 to 1."
optical_illusion_1065_open_q1,optical_illusion_1065.png,"Compare the actual central elements A and B, ignoring apparent size. Answer A larger, B larger, or equal. Explain briefly what you used in the image, then end with a confidence score from 0 to 1."
optical_illusion_1066_open_q1,optical_illusion_1066.png,"Compare the actual central elements A and B, ignoring apparent size. Answer A larger, B larger, or equal. Explain briefly what you used in the image, then end with a confidence score from 0 to 1."
optical_illusion_1067_open_q1,optical_illusion_1067.png,"Compare the actual central elements A and B, ignoring apparent size. Answer A larger, B larger, or equal. Explain briefly what you used in the image, then end with a confidence score from 0 to 1."
optical_illusion_1068_open_q1,optical_illusion_1068.png,"Compare the actual central elements A and B, ignoring apparent size. Answer A larger, B larger, or equal. Explain briefly what you used in the image, then end with a confidence score from 0 to 1."
optical_illusion_1069_open_q1,optical_illusion_1069.png,"Compare the actual central elements A and B, ignoring apparent size. Answer A larger, B larger, or equal. Explain briefly what you used in the image, then end with a confidence score from 0 to 1."
optical_illusion_1070_open_q1,optical_illusion_1070.png,"Compare the actual central elements A and B, ignoring apparent size. Answer A larger, B larger, or equal. Explain briefly what you used in the image, then end with a confidence score from 0 to 1."
optical_illusion_1071_open_q1,optical_illusion_1071.png,"Compare the actual central elements A and B, ignoring apparent size. Answer A larger, B larger, or equal. Explain briefly what you used in the image, then end with a confidence score from 0 to 1."
optical_illusion_1072_open_q1,optical_illusion_1072.png,"Compare the actual central elements A and B, ignoring apparent size. Answer A larger, B larger, or equal. Explain briefly what you used in the image, then end with a confidence score from 0 to 1."
optical_illusion_1073_open_q1,optical_illusion_1073.png,"Compare the actual central elements A and B, ignoring apparent size. Answer A larger, B larger, or equal. Explain briefly what you used in the image, then end with a confidence score from 0 to 1."
optical_illusion_1074_open_q1,optical_illusion_1074.png,"Compare the actual central elements A and B, ignoring apparent size. Answer A larger, B larger, or equal. Explain briefly what you used in the image, then end with a confidence score from 0 to 1."
optical_illusion_1075_open_q1,optical_illusion_1075.png,"Compare the actual central elements A and B, ignoring apparent size. Answer A larger, B larger, or equal. Explain briefly what you used in the image, then end with a confidence score from 0 to 1."
optical_illusion_1076_open_q1,optical_illusion_1076.png,"Compare the actual central elements A and B, ignoring apparent size. Answer A larger, B larger, or equal. Explain briefly what you used in the image, then end with a confidence score from 0 to 1."
optical_illusion_1077_open_q1,optical_illusion_1077.png,"Compare the actual central elements A and B, ignoring apparent size. Answer A larger, B larger, or equal. Explain briefly what you used in the image, then end with a confidence score from 0 to 1."
optical_illusion_1078_open_q1,optical_illusion_1078.png,"Compare the actual central elements A and B, ignoring apparent size. Answer A larger, B larger, or equal. Explain briefly what you used in the image, then end with a confidence score from 0 to 1."
optical_illusion_1079_open_q1,optical_illusion_1079.png,"Compare the actual central elements A and B, ignoring apparent size. Answer A larger, B larger, or equal. Explain briefly what you used in the image, then end with a confidence score from 0 to 1."
optical_illusion_1080_open_q1,optical_illusion_1080.png,"Compare the actual central elements A and B, ignoring apparent size. Answer A larger, B larger, or equal. Explain briefly what you used in the image, then end with a confidence score from 0 to 1."
optical_illusion_1081_open_q1,optical_illusion_1081.png,"Compare the actual central elements A and B, ignoring apparent size. Answer A larger, B larger, or equal. Explain briefly what you used in the image, then end with a confidence score from 0 to 1."
optical_illusion_1082_open_q1,optical_illusion_1082.png,"Compare the actual central elements A and B, ignoring apparent size. Answer A larger, B larger, or equal. Explain briefly what you used in the image, then end with a confidence score from 0 to 1."
optical_illusion_1083_open_q1,optical_illusion_1083.png,"Compare the actual central elements A and B, ignoring apparent size. Answer A larger, B larger, or equal. Explain briefly what you used in the image, then end with a confidence score from 0 to 1."
optical_illusion_1084_open_q1,optical_illusion_1084.png,"Compare the actual central elements A and B, ignoring apparent size. Answer A larger, B larger, or equal. Explain briefly what you used in the image, then end with a confidence score from 0 to 1."
optical_illusion_1085_open_q1,optical_illusion_1085.png,"Compare the actual central elements A and B, ignoring apparent size. Answer A larger, B larger, or equal. Explain briefly what you used in the image, then end with a confidence score from 0 to 1."
optical_illusion_1086_open_q1,optical_illusion_1086.png,"Compare the actual central elements A and B, ignoring apparent size. Answer A larger, B larger, or equal. Explain briefly what you used in the image, then end with a confidence score from 0 to 1."
optical_illusion_1087_open_q1,optical_illusion_1087.png,"Compare the actual central elements A and B, ignoring apparent size. Answer A larger, B larger, or equal. Explain briefly what you used in the image, then end with a confidence score from 0 to 1."
optical_illusion_1088_open_q1,optical_illusion_1088.png,"Compare the actual central elements A and B, ignoring apparent size. Answer A larger, B larger, or equal. Explain briefly what you used in the image, then end with a confidence score from 0 to 1."
optical_illusion_1089_open_q1,optical_illusion_1089.png,"Compare the actual central elements A and B, ignoring apparent size. Answer A larger, B larger, or equal. Explain briefly what you used in the image, then end with a confidence score from 0 to 1."
optical_illusion_1090_open_q1,optical_illusion_1090.png,"Compare the actual central elements A and B, ignoring apparent size. Answer A larger, B larger, or equal. Explain briefly what you used in the image, then end with a confidence score from 0 to 1."
optical_illusion_1091_open_q1,optical_illusion_1091.png,"Compare the actual central elements A and B, ignoring apparent size. Answer A larger, B larger, or equal. Explain briefly what you used in the image, then end with a confidence score from 0 to 1."
optical_illusion_1092_open_q1,optical_illusion_1092.png,"Compare the actual central elements A and B, ignoring apparent size. Answer A larger, B larger, or equal. Explain briefly what you used in the image, then end with a confidence score from 0 to 1."
optical_illusion_1093_open_q1,optical_illusion_1093.png,"Compare the actual central elements A and B, ignoring apparent size. Answer A larger, B larger, or equal. Explain briefly what you used in the image, then end with a confidence score from 0 to 1."
optical_illusion_1094_open_q1,optical_illusion_1094.png,"Compare the actual central elements A and B, ignoring apparent size. Answer A larger, B larger, or equal. Explain briefly what you used in the image, then end with a confidence score from 0 to 1."
optical_illusion_1095_open_q1,optical_illusion_1095.png,"Compare the actual central elements A and B, ignoring apparent size. Answer A larger, B larger, or equal. Explain briefly what you used in the image, then end with a confidence score from 0 to 1."
optical_illusion_1096_open_q1,optical_illusion_1096.png,"Compare the actual central elements A and B, ignoring apparent size. Answer A larger, B larger, or equal. Explain briefly what you used in the image, then end with a confidence score from 0 to 1."
optical_illusion_1097_open_q1,optical_illusion_1097.png,"Compare the actual central elements A and B, ignoring apparent size. Answer A larger, B larger, or equal. Explain briefly what you used in the image, then end with a confidence score from 0 to 1."
optical_illusion_1098_open_q1,optical_illusion_1098.png,"Compare the actual central elements A and B, ignoring apparent size. Answer A larger, B larger, or equal. Explain briefly what you used in the image, then end with a confidence score from 0 to 1."
optical_illusion_1099_open_q1,optical_illusion_1099.png,"Compare the actual central elements A and B, ignoring apparent size. Answer A larger, B larger, or equal. Explain briefly what you used in the image, then end with a confidence score from 0 to 1."
optical_illusion_1100_open_q1,optical_illusion_1100.png,"Compare the actual central elements A and B, ignoring apparent size. Answer A larger, B larger, or equal. Explain briefly what you used in the image, then end with a confidence score from 0 to 1."
optical_illusion_1101_open_q1,optical_illusion_1101.png,"Compare the actual central elements A and B, ignoring apparent size. Answer A larger, B larger, or equal. Explain briefly what you used in the image, then end with a confidence score from 0 to 1."
optical_illusion_1102_open_q1,optical_illusion_1102.png,"Compare the actual central elements A and B, ignoring apparent size. Answer A larger, B larger, or equal. Explain briefly what you used in the image, then end with a confidence score from 0 to 1."
optical_illusion_1103_open_q1,optical_illusion_1103.png,"Compare the actual central elements A and B, ignoring apparent size. Answer A larger, B larger, or equal. Explain briefly what you used in the image, then end with a confidence score from 0 to 1."
optical_illusion_1104_open_q1,optical_illusion_1104.png,"Compare the actual central elements A and B, ignoring apparent size. Answer A larger, B larger, or equal. Explain briefly what you used in the image, then end with a confidence score from 0 to 1."
optical_illusion_1105_open_q1,optical_illusion_1105.png,"Compare the actual central elements A and B, ignoring apparent size. Answer A larger, B larger, or equal. Explain briefly what you used in the image, then end with a confidence score from 0 to 1."
optical_illusion_1106_open_q1,optical_illusion_1106.png,"Compare the actual central elements A and B, ignoring apparent size. Answer A larger, B larger, or equal. Explain briefly what you used in the image, then end with a confidence score from 0 to 1."
optical_illusion_1107_open_q1,optical_illusion_1107.png,"Compare the actual central elements A and B, ignoring apparent size. Answer A larger, B larger, or equal. Explain briefly what you used in the image, then end with a confidence score from 0 to 1."
optical_illusion_1108_open_q1,optical_illusion_1108.png,"Compare the actual central elements A and B, ignoring apparent size. Answer A larger, B larger, or equal. Explain briefly what you used in the image, then end with a confidence score from 0 to 1."
optical_illusion_1109_open_q1,optical_illusion_1109.png,"Compare the actual central elements A and B, ignoring apparent size. Answer A larger, B larger, or equal. Explain briefly what you used in the image, then end with a confidence score from 0 to 1."
optical_illusion_1110_open_q1,optical_illusion_1110.png,"Compare the actual central elements A and B, ignoring apparent size. Answer A larger, B larger, or equal. Explain briefly what you used in the image, then end with a confidence score from 0 to 1."
optical_illusion_1111_open_q1,optical_illusion_1111.png,"Compare the actual central elements A and B, ignoring apparent size. Answer A larger, B larger, or equal. Explain briefly what you used in the image, then end with a confidence score from 0 to 1."
optical_illusion_1112_open_q1,optical_illusion_1112.png,"Compare the actual central elements A and B, ignoring apparent size. Answer A larger, B larger, or equal. Explain briefly what you used in the image, then end with a confidence score from 0 to 1."
optical_illusion_1113_open_q1,optical_illusion_1113.png,"Compare the actual central elements A and B, ignoring apparent size. Answer A larger, B larger, or equal. Explain briefly what you used in the image, then end with a confidence score from 0 to 1."
optical_illusion_1114_open_q1,optical_illusion_1114.png,"Compare the actual central elements A and B, ignoring apparent size. Answer A larger, B larger, or equal. Explain briefly what you used in the image, then end with a confidence score from 0 to 1."
optical_illusion_1115_open_q1,optical_illusion_1115.png,"Compare the actual central elements A and B, ignoring apparent size. Answer A larger, B larger, or equal. Explain briefly what you used in the image, then end with a confidence score from 0 to 1."
optical_illusion_1116_open_q1,optical_illusion_1116.png,"Compare the actual central elements A and B, ignoring apparent size. Answer A larger, B larger, or equal. Explain briefly what you used in the image, then end with a confidence score from 0 to 1."
optical_illusion_1117_open_q1,optical_illusion_1117.png,"Compare the actual central elements A and B, ignoring apparent size. Answer A larger, B larger, or equal. Explain briefly what you used in the image, then end with a confidence score from 0 to 1."
optical_illusion_1118_open_q1,optical_illusion_1118.png,"Compare the actual central elements A and B, ignoring apparent size. Answer A larger, B larger, or equal. Explain briefly what you used in the image, then end with a confidence score from 0 to 1."
optical_illusion_1119_open_q1,optical_illusion_1119.png,"Compare the actual central elements A and B, ignoring apparent size. Answer A larger, B larger, or equal. Explain briefly what you used in the image, then end with a confidence score from 0 to 1."
optical_illusion_1120_open_q1,optical_illusion_1120.png,"Compare the actual central elements A and B, ignoring apparent size. Answer A larger, B larger, or equal. Explain briefly what you used in the image, then end with a confidence score from 0 to 1."
optical_illusion_1121_open_q1,optical_illusion_1121.png,"Compare the actual central elements A and B, ignoring apparent size. Answer A larger, B larger, or equal. Explain briefly what you used in the image, then end with a confidence score from 0 to 1."
optical_illusion_1122_open_q1,optical_illusion_1122.png,"Compare the actual central elements A and B, ignoring apparent size. Answer A larger, B larger, or equal. Explain briefly what you used in the image, then end with a confidence score from 0 to 1."
optical_illusion_1123_open_q1,optical_illusion_1123.png,"Compare the actual central elements A and B, ignoring apparent size. Answer A larger, B larger, or equal. Explain briefly what you used in the image, then end with a confidence score from 0 to 1."
optical_illusion_1124_open_q1,optical_illusion_1124.png,"Compare the actual central elements A and B, ignoring apparent size. Answer A larger, B larger, or equal. Explain briefly what you used in the image, then end with a confidence score from 0 to 1."
optical_illusion_1125_open_q1,optical_illusion_1125.png,"Compare the actual central elements A and B, ignoring apparent size. Answer A larger, B larger, or equal. Explain briefly what you used in the image, then end with a confidence score from 0 to 1."
optical_illusion_1126_open_q1,optical_illusion_1126.png,"Compare the actual central elements A and B, ignoring apparent size. Answer A larger, B larger, or equal. Explain briefly what you used in the image, then end with a confidence score from 0 to 1."
optical_illusion_1127_open_q1,optical_illusion_1127.png,"Compare the actual central elements A and B, ignoring apparent size. Answer A larger, B larger, or equal. Explain briefly what you used in the image, then end with a confidence score from 0 to 1."
optical_illusion_1128_open_q1,optical_illusion_1128.png,"Compare the actual central elements A and B, ignoring apparent size. Answer A larger, B larger, or equal. Explain briefly what you used in the image, then end with a confidence score from 0 to 1."
optical_illusion_1129_open_q1,optical_illusion_1129.png,"Compare the actual central elements A and B, ignoring apparent size. Answer A larger, B larger, or equal. Explain briefly what you used in the image, then end with a confidence score from 0 to 1."
optical_illusion_1130_open_q1,optical_illusion_1130.png,"Compare the actual central elements A and B, ignoring apparent size. Answer A larger, B larger, or equal. Explain briefly what you used in the image, then end with a confidence score from 0 to 1."
optical_illusion_1131_open_q1,optical_illusion_1131.png,"Compare the actual central elements A and B, ignoring apparent size. Answer A larger, B larger, or equal. Explain briefly what you used in the image, then end with a confidence score from 0 to 1."
optical_illusion_1132_open_q1,optical_illusion_1132.png,"Compare the actual central elements A and B, ignoring apparent size. Answer A larger, B larger, or equal. Explain briefly what you used in the image, then end with a confidence score from 0 to 1."
optical_illusion_1133_open_q1,optical_illusion_1133.png,"Compare the actual central elements A and B, ignoring apparent size. Answer A larger, B larger, or equal. Explain briefly what you used in the image, then end with a confidence score from 0 to 1."
optical_illusion_1134_open_q1,optical_illusion_1134.png,"Compare the actual central elements A and B, ignoring apparent size. Answer A larger, B larger, or equal. Explain briefly what you used in the image, then end with a confidence score from 0 to 1."
optical_illusion_1135_open_q1,optical_illusion_1135.png,"Compare the actual central elements A and B, ignoring apparent size. Answer A larger, B larger, or equal. Explain briefly what you used in the image, then end with a confidence score from 0 to 1."
optical_illusion_1136_open_q1,optical_illusion_1136.png,"Compare the actual central elements A and B, ignoring apparent size. Answer A larger, B larger, or equal. Explain briefly what you used in the image, then end with a confidence score from 0 to 1."
optical_illusion_1137_open_q1,optical_illusion_1137.png,"Compare the actual central elements A and B, ignoring apparent size. Answer A larger, B larger, or equal. Explain briefly what you used in the image, then end with a confidence score from 0 to 1."
optical_illusion_1138_open_q1,optical_illusion_1138.png,"Compare the actual central elements A and B, ignoring apparent size. Answer A larger, B larger, or equal. Explain briefly what you used in the image, then end with a confidence score from 0 to 1."
optical_illusion_1139_open_q1,optical_illusion_1139.png,"Compare the actual central elements A and B, ignoring apparent size. Answer A larger, B larger, or equal. Explain briefly what you used in the image, then end with a confidence score from 0 to 1."
optical_illusion_1140_open_q1,optical_illusion_1140.png,"Compare the actual central elements A and B, ignoring apparent size. Answer A larger, B larger, or equal. Explain briefly what you used in the image, then end with a confidence score from 0 to 1."
optical_illusion_1141_open_q1,optical_illusion_1141.png,"Compare the actual central elements A and B, ignoring apparent size. Answer A larger, B larger, or equal. Explain briefly what you used in the image, then end with a confidence score from 0 to 1."
optical_illusion_1142_open_q1,optical_illusion_1142.png,"Compare the actual central elements A and B, ignoring apparent size. Answer A larger, B larger, or equal. Explain briefly what you used in the image, then end with a confidence score from 0 to 1."
optical_illusion_1143_open_q1,optical_illusion_1143.png,"Compare the actual central elements A and B, ignoring apparent size. Answer A larger, B larger, or equal. Explain briefly what you used in the image, then end with a confidence score from 0 to 1."
optical_illusion_1144_open_q1,optical_illusion_1144.png,"Compare the actual central elements A and B, ignoring apparent size. Answer A larger, B larger, or equal. Explain briefly what you used in the image, then end with a confidence score from 0 to 1."
optical_illusion_1145_open_q1,optical_illusion_1145.png,"Compare the actual central elements A and B, ignoring apparent size. Answer A larger, B larger, or equal. Explain briefly what you used in the image, then end with a confidence score from 0 to 1."
optical_illusion_1146_open_q1,optical_illusion_1146.png,"Compare the actual central elements A and B, ignoring apparent size. Answer A larger, B larger, or equal. Explain briefly what you used in the image, then end with a confidence score from 0 to 1."
optical_illusion_1147_open_q1,optical_illusion_1147.png,"Compare the actual central elements A and B, ignoring apparent size. Answer A larger, B larger, or equal. Explain briefly what you used in the image, then end with a confidence score from 0 to 1."
optical_illusion_1148_open_q1,optical_illusion_1148.png,"Compare the actual central elements A and B, ignoring apparent size. Answer A larger, B larger, or equal. Explain briefly what you used in the image, then end with a confidence score from 0 to 1."
optical_illusion_1149_open_q1,optical_illusion_1149.png,"Compare the actual central elements A and B, ignoring apparent size. Answer A larger, B larger, or equal. Explain briefly what you used in the image, then end with a confidence score from 0 to 1."
optical_illusion_1150_open_q1,optical_illusion_1150.png,"Compare the actual central elements A and B, ignoring apparent size. Answer A larger, B larger, or equal. Explain briefly what you used in the image, then end with a confidence score from 0 to 1."
optical_illusion_1151_open_q1,optical_illusion_1151.png,"Compare the actual central elements A and B, ignoring apparent size. Answer A larger, B larger, or equal. Explain briefly what you used in the image, then end with a confidence score from 0 to 1."
optical_illusion_1152_open_q1,optical_illusion_1152.png,"Compare the actual central elements A and B, ignoring apparent size. Answer A larger, B larger, or equal. Explain briefly what you used in the image, then end with a confidence score from 0 to 1."
optical_illusion_1153_open_q1,optical_illusion_1153.png,"Compare the actual central elements A and B, ignoring apparent size. Answer A larger, B larger, or equal. Explain briefly what you used in the image, then end with a confidence score from 0 to 1."
optical_illusion_1154_open_q1,optical_illusion_1154.png,"Compare the actual central elements A and B, ignoring apparent size. Answer A larger, B larger, or equal. Explain briefly what you used in the image, then end with a confidence score from 0 to 1."
optical_illusion_1155_open_q1,optical_illusion_1155.png,"Compare the actual central elements A and B, ignoring apparent size. Answer A larger, B larger, or equal. Explain briefly what you used in the image, then end with a confidence score from 0 to 1."
optical_illusion_1156_open_q1,optical_illusion_1156.png,"Compare the actual central elements A and B, ignoring apparent size. Answer A larger, B larger, or equal. Explain briefly what you used in the image, then end with a confidence score from 0 to 1."
optical_illusion_1157_open_q1,optical_illusion_1157.png,"Compare the actual central elements A and B, ignoring apparent size. Answer A larger, B larger, or equal. Explain briefly what you used in the image, then end with a confidence score from 0 to 1."
optical_illusion_1158_open_q1,optical_illusion_1158.png,"Compare the actual central elements A and B, ignoring apparent size. Answer A larger, B larger, or equal. Explain briefly what you used in the image, then end with a confidence score from 0 to 1."
optical_illusion_1159_open_q1,optical_illusion_1159.png,"Compare the actual central elements A and B, ignoring apparent size. Answer A larger, B larger, or equal. Explain briefly what you used in the image, then end with a confidence score from 0 to 1."
optical_illusion_1160_open_q1,optical_illusion_1160.png,"Compare the actual central elements A and B, ignoring apparent size. Answer A larger, B larger, or equal. Explain briefly what you used in the image, then end with a confidence score from 0 to 1."
optical_illusion_1161_open_q1,optical_illusion_1161.png,"Compare the actual central elements A and B, ignoring apparent size. Answer A larger, B larger, or equal. Explain briefly what you used in the image, then end with a confidence score from 0 to 1."
optical_illusion_1162_open_q1,optical_illusion_1162.png,"Compare the actual central elements A and B, ignoring apparent size. Answer A larger, B larger, or equal. Explain briefly what you used in the image, then end with a confidence score from 0 to 1."
optical_illusion_1163_open_q1,optical_illusion_1163.png,"Compare the actual central elements A and B, ignoring apparent size. Answer A larger, B larger, or equal. Explain briefly what you used in the image, then end with a confidence score from 0 to 1."
optical_illusion_1164_open_q1,optical_illusion_1164.png,"Compare the actual central elements A and B, ignoring apparent size. Answer A larger, B larger, or equal. Explain briefly what you used in the image, then end with a confidence score from 0 to 1."
optical_illusion_1165_open_q1,optical_illusion_1165.png,"Compare the actual central elements A and B, ignoring apparent size. Answer A larger, B larger, or equal. Explain briefly what you used in the image, then end with a confidence score from 0 to 1."
optical_illusion_1166_open_q1,optical_illusion_1166.png,"Compare the actual central elements A and B, ignoring apparent size. Answer A larger, B larger, or equal. Explain briefly what you used in the image, then end with a confidence score from 0 to 1."
optical_illusion_1167_open_q1,optical_illusion_1167.png,"Compare the actual central elements A and B, ignoring apparent size. Answer A larger, B larger, or equal. Explain briefly what you used in the image, then end with a confidence score from 0 to 1."
optical_illusion_1168_open_q1,optical_illusion_1168.png,"Compare the actual central elements A and B, ignoring apparent size. Answer A larger, B larger, or equal. Explain briefly what you used in the image, then end with a confidence score from 0 to 1."
optical_illusion_1169_open_q1,optical_illusion_1169.png,"Compare the actual central elements A and B, ignoring apparent size. Answer A larger, B larger, or equal. Explain briefly what you used in the image, then end with a confidence score from 0 to 1."
optical_illusion_1170_open_q1,optical_illusion_1170.png,"Compare the actual central elements A and B, ignoring apparent size. Answer A larger, B larger, or equal. Explain briefly what you used in the image, then end with a confidence score from 0 to 1."
optical_illusion_1171_open_q1,optical_illusion_1171.png,"Compare the actual central elements A and B, ignoring apparent size. Answer A larger, B larger, or equal. Explain briefly what you used in the image, then end with a confidence score from 0 to 1."
optical_illusion_1172_open_q1,optical_illusion_1172.png,"Compare the actual central elements A and B, ignoring apparent size. Answer A larger, B larger, or equal. Explain briefly what you used in the image, then end with a confidence score from 0 to 1."
optical_illusion_1173_open_q1,optical_illusion_1173.png,"Compare the actual central elements A and B, ignoring apparent size. Answer A larger, B larger, or equal. Explain briefly what you used in the image, then end with a confidence score from 0 to 1."
optical_illusion_1174_open_q1,optical_illusion_1174.png,"Compare the actual central elements A and B, ignoring apparent size. Answer A larger, B larger, or equal. Explain briefly what you used in the image, then end with a confidence score from 0 to 1."
optical_illusion_1175_open_q1,optical_illusion_1175.png,"Compare the actual central elements A and B, ignoring apparent size. Answer A larger, B larger, or equal. Explain briefly what you used in the image, then end with a confidence score from 0 to 1."
optical_illusion_1176_open_q1,optical_illusion_1176.png,"Compare the actual central elements A and B, ignoring apparent size. Answer A larger, B larger, or equal. Explain briefly what you used in the image, then end with a confidence score from 0 to 1."
optical_illusion_1177_open_q1,optical_illusion_1177.png,"Compare the actual central elements A and B, ignoring apparent size. Answer A larger, B larger, or equal. Explain briefly what you used in the image, then end with a confidence score from 0 to 1."
optical_illusion_1178_open_q1,optical_illusion_1178.png,"Compare the actual central elements A and B, ignoring apparent size. Answer A larger, B larger, or equal. Explain briefly what you used in the image, then end with a confidence score from 0 to 1."
optical_illusion_1179_open_q1,optical_illusion_1179.png,"Compare the actual central elements A and B, ignoring apparent size. Answer A larger, B larger, or equal. Explain briefly what you used in the image, then end with a confidence score from 0 to 1."
optical_illusion_1180_open_q1,optical_illusion_1180.png,"Compare the actual central elements A and B, ignoring apparent size. Answer A larger, B larger, or equal. Explain briefly what you used in the image, then end with a confidence score from 0 to 1."
optical_illusion_1181_open_q1,optical_illusion_1181.png,"Compare the actual central elements A and B, ignoring apparent size. Answer A larger, B larger, or equal. Explain briefly what you used in the image, then end with a confidence score from 0 to 1."
optical_illusion_1182_open_q1,optical_illusion_1182.png,"Compare the actual central elements A and B, ignoring apparent size. Answer A larger, B larger, or equal. Explain briefly what you used in the image, then end with a confidence score from 0 to 1."
optical_illusion_1183_open_q1,optical_illusion_1183.png,"Compare the actual central elements A and B, ignoring apparent size. Answer A larger, B larger, or equal. Explain briefly what you used in the image, then end with a confidence score from 0 to 1."
optical_illusion_1184_open_q1,optical_illusion_1184.png,"Compare the actual central elements A and B, ignoring apparent size. Answer A larger, B larger, or equal. Explain briefly what you used in the image, then end with a confidence score from 0 to 1."
optical_illusion_1185_open_q1,optical_illusion_1185.png,"Compare the actual central elements A and B, ignoring apparent size. Answer A larger, B larger, or equal. Explain briefly what you used in the image, then end with a confidence score from 0 to 1."
optical_illusion_1186_open_q1,optical_illusion_1186.png,"Compare the actual central elements A and B, ignoring apparent size. Answer A larger, B larger, or equal. Explain briefly what you used in the image, then end with a confidence score from 0 to 1."
optical_illusion_1187_open_q1,optical_illusion_1187.png,"Compare the actual central elements A and B, ignoring apparent size. Answer A larger, B larger, or equal. Explain briefly what you used in the image, then end with a confidence score from 0 to 1."
optical_illusion_1188_open_q1,optical_illusion_1188.png,"Compare the actual central elements A and B, ignoring apparent size. Answer A larger, B larger, or equal. Explain briefly what you used in the image, then end with a confidence score from 0 to 1."
optical_illusion_1189_open_q1,optical_illusion_1189.png,"Compare the actual central elements A and B, ignoring apparent size. Answer A larger, B larger, or equal. Explain briefly what you used in the image, then end with a confidence score from 0 to 1."
optical_illusion_1190_open_q1,optical_illusion_1190.png,"Compare the actual central elements A and B, ignoring apparent size. Answer A larger, B larger, or equal. Explain briefly what you used in the image, then end with a confidence score from 0 to 1."
optical_illusion_1191_open_q1,optical_illusion_1191.png,"Compare the actual central elements A and B, ignoring apparent size. Answer A larger, B larger, or equal. Explain briefly what you used in the image, then end with a confidence score from 0 to 1."
optical_illusion_1192_open_q1,optical_illusion_1192.png,"Compare the actual central elements A and B, ignoring apparent size. Answer A larger, B larger, or equal. Explain briefly what you used in the image, then end with a confidence score from 0 to 1."
optical_illusion_1193_open_q1,optical_illusion_1193.png,"Compare the actual central elements A and B, ignoring apparent size. Answer A larger, B larger, or equal. Explain briefly what you used in the image, then end with a confidence score from 0 to 1."
optical_illusion_1194_open_q1,optical_illusion_1194.png,"Compare the actual central elements A and B, ignoring apparent size. Answer A larger, B larger, or equal. Explain briefly what you used in the image, then end with a confidence score from 0 to 1."
optical_illusion_1195_open_q1,optical_illusion_1195.png,"Compare the actual central elements A and B, ignoring apparent size. Answer A larger, B larger, or equal. Explain briefly what you used in the image, then end with a confidence score from 0 to 1."
optical_illusion_1196_open_q1,optical_illusion_1196.png,"Compare the actual central elements A and B, ignoring apparent size. Answer A larger, B larger, or equal. Explain briefly what you used in the image, then end with a confidence score from 0 to 1."
optical_illusion_1197_open_q1,optical_illusion_1197.png,"Compare the actual central elements A and B, ignoring apparent size. Answer A larger, B larger, or equal. Explain briefly what you used in the image, then end with a confidence score from 0 to 1."
optical_illusion_1198_open_q1,optical_illusion_1198.png,"Compare the actual central elements A and B, ignoring apparent size. Answer A larger, B larger, or equal. Explain briefly what you used in the image, then end with a confidence score from 0 to 1."
optical_illusion_1199_open_q1,optical_illusion_1199.png,"Compare the actual central elements A and B, ignoring apparent size. Answer A larger, B larger, or equal. Explain briefly what you used in the image, then end with a confidence score from 0 to 1."
optical_illusion_1200_open_q1,optical_illusion_1200.png,"Compare the actual central elements A and B, ignoring apparent size. Answer A larger, B larger, or equal. Explain briefly what you used in the image, then end with a confidence score from 0 to 1."
optical_illusion_1201_open_q1,optical_illusion_1201.png,"Compare the actual central elements A and B, ignoring apparent size. Answer A larger, B larger, or equal. Explain briefly what you used in the image, then end with a confidence score from 0 to 1."
optical_illusion_1202_open_q1,optical_illusion_1202.png,"Compare the actual central elements A and B, ignoring apparent size. Answer A larger, B larger, or equal. Explain briefly what you used in the image, then end with a confidence score from 0 to 1."
optical_illusion_1203_open_q1,optical_illusion_1203.png,"Compare the actual central elements A and B, ignoring apparent size. Answer A larger, B larger, or equal. Explain briefly what you used in the image, then end with a confidence score from 0 to 1."
optical_illusion_1204_open_q1,optical_illusion_1204.png,"Compare the actual central elements A and B, ignoring apparent size. Answer A larger, B larger, or equal. Explain briefly what you used in the image, then end with a confidence score from 0 to 1."
optical_illusion_1205_open_q1,optical_illusion_1205.png,"Compare the actual central elements A and B, ignoring apparent size. Answer A larger, B larger, or equal. Explain briefly what you used in the image, then end with a confidence score from 0 to 1."
optical_illusion_1206_open_q1,optical_illusion_1206.png,"Compare the actual central elements A and B, ignoring apparent size. Answer A larger, B larger, or equal. Explain briefly what you used in the image, then end with a confidence score from 0 to 1."
optical_illusion_1207_open_q1,optical_illusion_1207.png,"Compare the actual central elements A and B, ignoring apparent size. Answer A larger, B larger, or equal. Explain briefly what you used in the image, then end with a confidence score from 0 to 1."
optical_illusion_1208_open_q1,optical_illusion_1208.png,"Compare the actual central elements A and B, ignoring apparent size. Answer A larger, B larger, or equal. Explain briefly what you used in the image, then end with a confidence score from 0 to 1."
optical_illusion_1209_open_q1,optical_illusion_1209.png,"Compare the actual central elements A and B, ignoring apparent size. Answer A larger, B larger, or equal. Explain briefly what you used in the image, then end with a confidence score from 0 to 1."
optical_illusion_1210_open_q1,optical_illusion_1210.png,"Compare the actual central elements A and B, ignoring apparent size. Answer A larger, B larger, or equal. Explain briefly what you used in the image, then end with a confidence score from 0 to 1."
optical_illusion_1211_open_q1,optical_illusion_1211.png,"Compare the actual central elements A and B, ignoring apparent size. Answer A larger, B larger, or equal. Explain briefly what you used in the image, then end with a confidence score from 0 to 1."
optical_illusion_1212_open_q1,optical_illusion_1212.png,"Compare the actual central elements A and B, ignoring apparent size. Answer A larger, B larger, or equal. Explain briefly what you used in the image, then end with a confidence score from 0 to 1."
optical_illusion_1213_open_q1,optical_illusion_1213.png,"Compare the actual central elements A and B, ignoring apparent size. Answer A larger, B larger, or equal. Explain briefly what you used in the image, then end with a confidence score from 0 to 1."
optical_illusion_1214_open_q1,optical_illusion_1214.png,"Compare the actual central elements A and B, ignoring apparent size. Answer A larger, B larger, or equal. Explain briefly what you used in the image, then end with a confidence score from 0 to 1."
optical_illusion_1215_open_q1,optical_illusion_1215.png,"Compare the actual central elements A and B, ignoring apparent size. Answer A larger, B larger, or equal. Explain briefly what you used in the image, then end with a confidence score from 0 to 1."
optical_illusion_1216_open_q1,optical_illusion_1216.png,"Compare the actual central elements A and B, ignoring apparent size. Answer A larger, B larger, or equal. Explain briefly what you used in the image, then end with a confidence score from 0 to 1."
optical_illusion_1217_open_q1,optical_illusion_1217.png,"Compare the actual central elements A and B, ignoring apparent size. Answer A larger, B larger, or equal. Explain briefly what you used in the image, then end with a confidence score from 0 to 1."
optical_illusion_1218_open_q1,optical_illusion_1218.png,"Compare the actual central elements A and B, ignoring apparent size. Answer A larger, B larger, or equal. Explain briefly what you used in the image, then end with a confidence score from 0 to 1."
optical_illusion_1219_open_q1,optical_illusion_1219.png,"Compare the actual central elements A and B, ignoring apparent size. Answer A larger, B larger, or equal. Explain briefly what you used in the image, then end with a confidence score from 0 to 1."
optical_illusion_1220_open_q1,optical_illusion_1220.png,"Compare the actual central elements A and B, ignoring apparent size. Answer A larger, B larger, or equal. Explain briefly what you used in the image, then end with a confidence score from 0 to 1."
optical_illusion_1221_open_q1,optical_illusion_1221.png,"Compare the actual central elements A and B, ignoring apparent size. Answer A larger, B larger, or equal. Explain briefly what you used in the image, then end with a confidence score from 0 to 1."
optical_illusion_1222_open_q1,optical_illusion_1222.png,"Compare the actual central elements A and B, ignoring apparent size. Answer A larger, B larger, or equal. Explain briefly what you used in the image, then end with a confidence score from 0 to 1."
optical_illusion_1223_open_q1,optical_illusion_1223.png,"Compare the actual central elements A and B, ignoring apparent size. Answer A larger, B larger, or equal. Explain briefly what you used in the image, then end with a confidence score from 0 to 1."
optical_illusion_1224_open_q1,optical_illusion_1224.png,"Compare the actual central elements A and B, ignoring apparent size. Answer A larger, B larger, or equal. Explain briefly what you used in the image, then end with a confidence score from 0 to 1."
optical_illusion_1225_open_q1,optical_illusion_1225.png,"Compare the actual central elements A and B, ignoring apparent size. Answer A larger, B larger, or equal. Explain briefly what you used in the image, then end with a confidence score from 0 to 1."
optical_illusion_1226_open_q1,optical_illusion_1226.png,"Compare the actual central elements A and B, ignoring apparent size. Answer A larger, B larger, or equal. Explain briefly what you used in the image, then end with a confidence score from 0 to 1."
optical_illusion_1227_open_q1,optical_illusion_1227.png,"Compare the actual central elements A and B, ignoring apparent size. Answer A larger, B larger, or equal. Explain briefly what you used in the image, then end with a confidence score from 0 to 1."
optical_illusion_1228_open_q1,optical_illusion_1228.png,"Compare the actual central elements A and B, ignoring apparent size. Answer A larger, B larger, or equal. Explain briefly what you used in the image, then end with a confidence score from 0 to 1."
optical_illusion_1229_open_q1,optical_illusion_1229.png,"Compare the actual central elements A and B, ignoring apparent size. Answer A larger, B larger, or equal. Explain briefly what you used in the image, then end with a confidence score from 0 to 1."
optical_illusion_1230_open_q1,optical_illusion_1230.png,"Compare the actual central elements A and B, ignoring apparent size. Answer A larger, B larger, or equal. Explain briefly what you used in the image, then end with a confidence score from 0 to 1."
optical_illusion_1231_open_q1,optical_illusion_1231.png,"Compare the actual central elements A and B, ignoring apparent size. Answer A larger, B larger, or equal. Explain briefly what you used in the image, then end with a confidence score from 0 to 1."
optical_illusion_1232_open_q1,optical_illusion_1232.png,"Compare the actual central elements A and B, ignoring apparent size. Answer A larger, B larger, or equal. Explain briefly what you used in the image, then end with a confidence score from 0 to 1."
optical_illusion_1233_open_q1,optical_illusion_1233.png,"Compare the actual central elements A and B, ignoring apparent size. Answer A larger, B larger, or equal. Explain briefly what you used in the image, then end with a confidence score from 0 to 1."
optical_illusion_1234_open_q1,optical_illusion_1234.png,"Compare the actual central elements A and B, ignoring apparent size. Answer A larger, B larger, or equal. Explain briefly what you used in the image, then end with a confidence score from 0 to 1."
optical_illusion_1235_open_q1,optical_illusion_1235.png,"Compare the actual central elements A and B, ignoring apparent size. Answer A larger, B larger, or equal. Explain briefly what you used in the image, then end with a confidence score from 0 to 1."
optical_illusion_1236_open_q1,optical_illusion_1236.png,"Compare the actual central elements A and B, ignoring apparent size. Answer A larger, B larger, or equal. Explain briefly what you used in the image, then end with a confidence score from 0 to 1."
optical_illusion_1237_open_q1,optical_illusion_1237.png,"Compare the actual central elements A and B, ignoring apparent size. Answer A larger, B larger, or equal. Explain briefly what you used in the image, then end with a confidence score from 0 to 1."
optical_illusion_1238_open_q1,optical_illusion_1238.png,"Compare the actual central elements A and B, ignoring apparent size. Answer A larger, B larger, or equal. Explain briefly what you used in the image, then end with a confidence score from 0 to 1."
optical_illusion_1239_open_q1,optical_illusion_1239.png,"Compare the actual central elements A and B, ignoring apparent size. Answer A larger, B larger, or equal. Explain briefly what you used in the image, then end with a confidence score from 0 to 1."
optical_illusion_1240_open_q1,optical_illusion_1240.png,"Compare the actual central elements A and B, ignoring apparent size. Answer A larger, B larger, or equal. Explain briefly what you used in the image, then end with a confidence score from 0 to 1."
optical_illusion_1241_open_q1,optical_illusion_1241.png,"Compare the actual central elements A and B, ignoring apparent size. Answer A larger, B larger, or equal. Explain briefly what you used in the image, then end with a confidence score from 0 to 1."
optical_illusion_1242_open_q1,optical_illusion_1242.png,"Compare the actual central elements A and B, ignoring apparent size. Answer A larger, B larger, or equal. Explain briefly what you used in the image, then end with a confidence score from 0 to 1."
optical_illusion_1243_open_q1,optical_illusion_1243.png,"Compare the actual central elements A and B, ignoring apparent size. Answer A larger, B larger, or equal. Explain briefly what you used in the image, then end with a confidence score from 0 to 1."
optical_illusion_1244_open_q1,optical_illusion_1244.png,"Compare the actual central elements A and B, ignoring apparent size. Answer A larger, B larger, or equal. Explain briefly what you used in the image, then end with a confidence score from 0 to 1."
optical_illusion_1245_open_q1,optical_illusion_1245.png,"Compare the actual central elements A and B, ignoring apparent size. Answer A larger, B larger, or equal. Explain briefly what you used in the image, then end with a confidence score from 0 to 1."
optical_illusion_1246_open_q1,optical_illusion_1246.png,"Compare the actual central elements A and B, ignoring apparent size. Answer A larger, B larger, or equal. Explain briefly what you used in the image, then end with a confidence score from 0 to 1."
optical_illusion_1247_open_q1,optical_illusion_1247.png,"Compare the actual central elements A and B, ignoring apparent size. Answer A larger, B larger, or equal. Explain briefly what you used in the image, then end with a confidence score from 0 to 1."
optical_illusion_1248_open_q1,optical_illusion_1248.png,"Compare the actual central elements A and B, ignoring apparent size. Answer A larger, B larger, or equal. Explain briefly what you used in the image, then end with a confidence score from 0 to 1."
optical_illusion_1249_open_q1,optical_illusion_1249.png,"Compare the actual central elements A and B, ignoring apparent size. Answer A larger, B larger, or equal. Explain briefly what you used in the image, then end with a confidence score from 0 to 1."
optical_illusion_1250_open_q1,optical_illusion_1250.png,"Compare the actual central elements A and B, ignoring apparent size. Answer A larger, B larger, or equal. Explain briefly what you used in the image, then end with a confidence score from 0 to 1."
optical_illusion_1251_open_q1,optical_illusion_1251.png,"Compare the actual central elements A and B, ignoring apparent size. Answer A larger, B larger, or equal. Explain briefly what you used in the image, then end with a confidence score from 0 to 1."
optical_illusion_1252_open_q1,optical_illusion_1252.png,"Compare the actual central elements A and B, ignoring apparent size. Answer A larger, B larger, or equal. Explain briefly what you used in the image, then end with a confidence score from 0 to 1."
optical_illusion_1253_open_q1,optical_illusion_1253.png,"Compare the actual central elements A and B, ignoring apparent size. Answer A larger, B larger, or equal. Explain briefly what you used in the image, then end with a confidence score from 0 to 1."
optical_illusion_1254_open_q1,optical_illusion_1254.png,"Compare the actual central elements A and B, ignoring apparent size. Answer A larger, B larger, or equal. Explain briefly what you used in the image, then end with a confidence score from 0 to 1."
optical_illusion_1255_open_q1,optical_illusion_1255.png,"Compare the actual central elements A and B, ignoring apparent size. Answer A larger, B larger, or equal. Explain briefly what you used in the image, then end with a confidence score from 0 to 1."
optical_illusion_1256_open_q1,optical_illusion_1256.png,"Compare the actual central elements A and B, ignoring apparent size. Answer A larger, B larger, or equal. Explain briefly what you used in the image, then end with a confidence score from 0 to 1."
optical_illusion_1257_open_q1,optical_illusion_1257.png,"Compare the actual central elements A and B, ignoring apparent size. Answer A larger, B larger, or equal. Explain briefly what you used in the image, then end with a confidence score from 0 to 1."
optical_illusion_1258_open_q1,optical_illusion_1258.png,"Compare the actual central elements A and B, ignoring apparent size. Answer A larger, B larger, or equal. Explain briefly what you used in the image, then end with a confidence score from 0 to 1."
optical_illusion_1259_open_q1,optical_illusion_1259.png,"Compare the actual central elements A and B, ignoring apparent size. Answer A larger, B larger, or equal. Explain briefly what you used in the image, then end with a confidence score from 0 to 1."
optical_illusion_1260_open_q1,optical_illusion_1260.png,"Compare the actual central elements A and B, ignoring apparent size. Answer A larger, B larger, or equal. Explain briefly what you used in the image, then end with a confidence score from 0 to 1."
optical_illusion_1261_open_q1,optical_illusion_1261.png,"Compare the actual central elements A and B, ignoring apparent size. Answer A larger, B larger, or equal. Explain briefly what you used in the image, then end with a confidence score from 0 to 1."
optical_illusion_1262_open_q1,optical_illusion_1262.png,"Compare the actual central elements A and B, ignoring apparent size. Answer A larger, B larger, or equal. Explain briefly what you used in the image, then end with a confidence score from 0 to 1."
optical_illusion_1263_open_q1,optical_illusion_1263.png,"Compare the actual central elements A and B, ignoring apparent size. Answer A larger, B larger, or equal. Explain briefly what you used in the image, then end with a confidence score from 0 to 1."
optical_illusion_1264_open_q1,optical_illusion_1264.png,"Compare the actual central elements A and B, ignoring apparent size. Answer A larger, B larger, or equal. Explain briefly what you used in the image, then end with a confidence score from 0 to 1."
optical_illusion_1265_open_q1,optical_illusion_1265.png,"Compare the actual central elements A and B, ignoring apparent size. Answer A larger, B larger, or equal. Explain briefly what you used in the image, then end with a confidence score from 0 to 1."
optical_illusion_1266_open_q1,optical_illusion_1266.png,"Compare the actual central elements A and B, ignoring apparent size. Answer A larger, B larger, or equal. Explain briefly what you used in the image, then end with a confidence score from 0 to 1."
optical_illusion_1267_open_q1,optical_illusion_1267.png,"Compare the actual central elements A and B, ignoring apparent size. Answer A larger, B larger, or equal. Explain briefly what you used in the image, then end with a confidence score from 0 to 1."
optical_illusion_1268_open_q1,optical_illusion_1268.png,"Compare the actual central elements A and B, ignoring apparent size. Answer A larger, B larger, or equal. Explain briefly what you used in the image, then end with a confidence score from 0 to 1."
optical_illusion_1269_open_q1,optical_illusion_1269.png,"Compare the actual central elements A and B, ignoring apparent size. Answer A larger, B larger, or equal. Explain briefly what you used in the image, then end with a confidence score from 0 to 1."
optical_illusion_1270_open_q1,optical_illusion_1270.png,"Compare the actual central elements A and B, ignoring apparent size. Answer A larger, B larger, or equal. Explain briefly what you used in the image, then end with a confidence score from 0 to 1."
optical_illusion_1271_open_q1,optical_illusion_1271.png,"Compare the actual central elements A and B, ignoring apparent size. Answer A larger, B larger, or equal. Explain briefly what you used in the image, then end with a confidence score from 0 to 1."
optical_illusion_1272_open_q1,optical_illusion_1272.png,"Compare the actual central elements A and B, ignoring apparent size. Answer A larger, B larger, or equal. Explain briefly what you used in the image, then end with a confidence score from 0 to 1."
optical_illusion_1273_open_q1,optical_illusion_1273.png,"Compare the actual central elements A and B, ignoring apparent size. Answer A larger, B larger, or equal. Explain briefly what you used in the image, then end with a confidence score from 0 to 1."
optical_illusion_1274_open_q1,optical_illusion_1274.png,"Compare the actual central elements A and B, ignoring apparent size. Answer A larger, B larger, or equal. Explain briefly what you used in the image, then end with a confidence score from 0 to 1."
optical_illusion_1275_open_q1,optical_illusion_1275.png,"Compare the actual central elements A and B, ignoring apparent size. Answer A larger, B larger, or equal. Explain briefly what you used in the image, then end with a confidence score from 0 to 1."
optical_illusion_1276_open_q1,optical_illusion_1276.png,"Compare the actual central elements A and B, ignoring apparent size. Answer A larger, B larger, or equal. Explain briefly what you used in the image, then end with a confidence score from 0 to 1."
optical_illusion_1277_open_q1,optical_illusion_1277.png,"Compare the actual central elements A and B, ignoring apparent size. Answer A larger, B larger, or equal. Explain briefly what you used in the image, then end with a confidence score from 0 to 1."
optical_illusion_1278_open_q1,optical_illusion_1278.png,"Compare the actual central elements A and B, ignoring apparent size. Answer A larger, B larger, or equal. Explain briefly what you used in the image, then end with a confidence score from 0 to 1."
optical_illusion_1279_open_q1,optical_illusion_1279.png,"Compare the actual central elements A and B, ignoring apparent size. Answer A larger, B larger, or equal. Explain briefly what you used in the image, then end with a confidence score from 0 to 1."
optical_illusion_1280_open_q1,optical_illusion_1280.png,"Compare the actual central elements A and B, ignoring apparent size. Answer A larger, B larger, or equal. Explain briefly what you used in the image, then end with a confidence score from 0 to 1."
optical_illusion_1281_open_q1,optical_illusion_1281.png,"Compare the actual central elements A and B, ignoring apparent size. Answer A larger, B larger, or equal. Explain briefly what you used in the image, then end with a confidence score from 0 to 1."
optical_illusion_1282_open_q1,optical_illusion_1282.png,"Compare the actual central elements A and B, ignoring apparent size. Answer A larger, B larger, or equal. Explain briefly what you used in the image, then end with a confidence score from 0 to 1."
optical_illusion_1283_open_q1,optical_illusion_1283.png,"Compare the actual central elements A and B, ignoring apparent size. Answer A larger, B larger, or equal. Explain briefly what you used in the image, then end with a confidence score from 0 to 1."
optical_illusion_1284_open_q1,optical_illusion_1284.png,"Compare the actual central elements A and B, ignoring apparent size. Answer A larger, B larger, or equal. Explain briefly what you used in the image, then end with a confidence score from 0 to 1."
optical_illusion_1285_open_q1,optical_illusion_1285.png,"Compare the actual central elements A and B, ignoring apparent size. Answer A larger, B larger, or equal. Explain briefly what you used in the image, then end with a confidence score from 0 to 1."
optical_illusion_1286_open_q1,optical_illusion_1286.png,"Compare the actual central elements A and B, ignoring apparent size. Answer A larger, B larger, or equal. Explain briefly what you used in the image, then end with a confidence score from 0 to 1."
optical_illusion_1287_open_q1,optical_illusion_1287.png,"Compare the actual central elements A and B, ignoring apparent size. Answer A larger, B larger, or equal. Explain briefly what you used in the image, then end with a confidence score from 0 to 1."
optical_illusion_1288_open_q1,optical_illusion_1288.png,"Compare the actual central elements A and B, ignoring apparent size. Answer A larger, B larger, or equal. Explain briefly what you used in the image, then end with a confidence score from 0 to 1."
optical_illusion_1289_open_q1,optical_illusion_1289.png,"Compare the actual central elements A and B, ignoring apparent size. Answer A larger, B larger, or equal. Explain briefly what you used in the image, then end with a confidence score from 0 to 1."
optical_illusion_1290_open_q1,optical_illusion_1290.png,"Compare the actual central elements A and B, ignoring apparent size. Answer A larger, B larger, or equal. Explain briefly what you used in the image, then end with a confidence score from 0 to 1."
optical_illusion_1291_open_q1,optical_illusion_1291.png,"Compare the actual central elements A and B, ignoring apparent size. Answer A larger, B larger, or equal. Explain briefly what you used in the image, then end with a confidence score from 0 to 1."
optical_illusion_1292_open_q1,optical_illusion_1292.png,"Compare the actual central elements A and B, ignoring apparent size. Answer A larger, B larger, or equal. Explain briefly what you used in the image, then end with a confidence score from 0 to 1."
optical_illusion_1293_open_q1,optical_illusion_1293.png,"Compare the actual central elements A and B, ignoring apparent size. Answer A larger, B larger, or equal. Explain briefly what you used in the image, then end with a confidence score from 0 to 1."
optical_illusion_1294_open_q1,optical_illusion_1294.png,"Compare the actual central elements A and B, ignoring apparent size. Answer A larger, B larger, or equal. Explain briefly what you used in the image, then end with a confidence score from 0 to 1."
optical_illusion_1295_open_q1,optical_illusion_1295.png,"Compare the actual central elements A and B, ignoring apparent size. Answer A larger, B larger, or equal. Explain briefly what you used in the image, then end with a confidence score from 0 to 1."
optical_illusion_1296_open_q1,optical_illusion_1296.png,"Compare the actual central elements A and B, ignoring apparent size. Answer A larger, B larger, or equal. Explain briefly what you used in the image, then end with a confidence score from 0 to 1."
optical_illusion_1297_open_q1,optical_illusion_1297.png,"Compare the actual central elements A and B, ignoring apparent size. Answer A larger, B larger, or equal. Explain briefly what you used in the image, then end with a confidence score from 0 to 1."
optical_illusion_1298_open_q1,optical_illusion_1298.png,"Compare the actual central elements A and B, ignoring apparent size. Answer A larger, B larger, or equal. Explain briefly what you used in the image, then end with a confidence score from 0 to 1."
optical_illusion_1299_open_q1,optical_illusion_1299.png,"Compare the actual central elements A and B, ignoring apparent size. Answer A larger, B larger, or equal. Explain briefly what you used in the image, then end with a confidence score from 0 to 1."
optical_illusion_1300_open_q1,optical_illusion_1300.png,"Compare the actual central elements A and B, ignoring apparent size. Answer A larger, B larger, or equal. Explain briefly what you used in the image, then end with a confidence score from 0 to 1."
optical_illusion_1301_open_q1,optical_illusion_1301.png,"Compare the actual central elements A and B, ignoring apparent size. Answer A larger, B larger, or equal. Explain briefly what you used in the image, then end with a confidence score from 0 to 1."
optical_illusion_1302_open_q1,optical_illusion_1302.png,"Compare the actual central elements A and B, ignoring apparent size. Answer A larger, B larger, or equal. Explain briefly what you used in the image, then end with a confidence score from 0 to 1."
optical_illusion_1303_open_q1,optical_illusion_1303.png,"Compare the actual central elements A and B, ignoring apparent size. Answer A larger, B larger, or equal. Explain briefly what you used in the image, then end with a confidence score from 0 to 1."
optical_illusion_1304_open_q1,optical_illusion_1304.png,"Compare the actual central elements A and B, ignoring apparent size. Answer A larger, B larger, or equal. Explain briefly what you used in the image, then end with a confidence score from 0 to 1."
optical_illusion_1305_open_q1,optical_illusion_1305.png,"Compare the actual central elements A and B, ignoring apparent size. Answer A larger, B larger, or equal. Explain briefly what you used in the image, then end with a confidence score from 0 to 1."
optical_illusion_1306_open_q1,optical_illusion_1306.png,"Compare the actual central elements A and B, ignoring apparent size. Answer A larger, B larger, or equal. Explain briefly what you used in the image, then end with a confidence score from 0 to 1."
optical_illusion_1307_open_q1,optical_illusion_1307.png,"Compare the actual central elements A and B, ignoring apparent size. Answer A larger, B larger, or equal. Explain briefly what you used in the image, then end with a confidence score from 0 to 1."
optical_illusion_1308_open_q1,optical_illusion_1308.png,"Compare the actual central elements A and B, ignoring apparent size. Answer A larger, B larger, or equal. Explain briefly what you used in the image, then end with a confidence score from 0 to 1."
optical_illusion_1309_open_q1,optical_illusion_1309.png,"Compare the actual central elements A and B, ignoring apparent size. Answer A larger, B larger, or equal. Explain briefly what you used in the image, then end with a confidence score from 0 to 1."
optical_illusion_1310_open_q1,optical_illusion_1310.png,"Compare the actual central elements A and B, ignoring apparent size. Answer A larger, B larger, or equal. Explain briefly what you used in the image, then end with a confidence score from 0 to 1."
optical_illusion_1311_open_q1,optical_illusion_1311.png,"Compare the actual central elements A and B, ignoring apparent size. Answer A larger, B larger, or equal. Explain briefly what you used in the image, then end with a confidence score from 0 to 1."
optical_illusion_1312_open_q1,optical_illusion_1312.png,"Compare the actual central elements A and B, ignoring apparent size. Answer A larger, B larger, or equal. Explain briefly what you used in the image, then end with a confidence score from 0 to 1."
optical_illusion_1313_open_q1,optical_illusion_1313.png,"Compare the actual central elements A and B, ignoring apparent size. Answer A larger, B larger, or equal. Explain briefly what you used in the image, then end with a confidence score from 0 to 1."
optical_illusion_1314_open_q1,optical_illusion_1314.png,"Compare the actual central elements A and B, ignoring apparent size. Answer A larger, B larger, or equal. Explain briefly what you used in the image, then end with a confidence score from 0 to 1."
optical_illusion_1315_open_q1,optical_illusion_1315.png,"Compare the actual central elements A and B, ignoring apparent size. Answer A larger, B larger, or equal. Explain briefly what you used in the image, then end with a confidence score from 0 to 1."
optical_illusion_1316_open_q1,optical_illusion_1316.png,"Compare the actual central elements A and B, ignoring apparent size. Answer A larger, B larger, or equal. Explain briefly what you used in the image, then end with a confidence score from 0 to 1."
optical_illusion_1317_open_q1,optical_illusion_1317.png,"Compare the actual central elements A and B, ignoring apparent size. Answer A larger, B larger, or equal. Explain briefly what you used in the image, then end with a confidence score from 0 to 1."
optical_illusion_1318_open_q1,optical_illusion_1318.png,"Compare the actual central elements A and B, ignoring apparent size. Answer A larger, B larger, or equal. Explain briefly what you used in the image, then end with a confidence score from 0 to 1."
optical_illusion_1319_open_q1,optical_illusion_1319.png,"Compare the actual central elements A and B, ignoring apparent size. Answer A larger, B larger, or equal. Explain briefly what you used in the image, then end with a confidence score from 0 to 1."
optical_illusion_1320_open_q1,optical_illusion_1320.png,"Compare the actual central elements A and B, ignoring apparent size. Answer A larger, B larger, or equal. Explain briefly what you used in the image, then end with a confidence score from 0 to 1."
optical_illusion_1321_open_q1,optical_illusion_1321.png,"Compare the actual central elements A and B, ignoring apparent size. Answer A larger, B larger, or equal. Explain briefly what you used in the image, then end with a confidence score from 0 to 1."
optical_illusion_1322_open_q1,optical_illusion_1322.png,"Compare the actual central elements A and B, ignoring apparent size. Answer A larger, B larger, or equal. Explain briefly what you used in the image, then end with a confidence score from 0 to 1."
optical_illusion_1323_open_q1,optical_illusion_1323.png,"Compare the actual central elements A and B, ignoring apparent size. Answer A larger, B larger, or equal. Explain briefly what you used in the image, then end with a confidence score from 0 to 1."
optical_illusion_1324_open_q1,optical_illusion_1324.png,"Compare the actual central elements A and B, ignoring apparent size. Answer A larger, B larger, or equal. Explain briefly what you used in the image, then end with a confidence score from 0 to 1."
optical_illusion_1325_open_q1,optical_illusion_1325.png,"Compare the actual central elements A and B, ignoring apparent size. Answer A larger, B larger, or equal. Explain briefly what you used in the image, then end with a confidence score from 0 to 1."
optical_illusion_1326_open_q1,optical_illusion_1326.png,"Compare the actual central elements A and B, ignoring apparent size. Answer A larger, B larger, or equal. Explain briefly what you used in the image, then end with a confidence score from 0 to 1."
optical_illusion_1327_open_q1,optical_illusion_1327.png,"Compare the actual central elements A and B, ignoring apparent size. Answer A larger, B larger, or equal. Explain briefly what you used in the image, then end with a confidence score from 0 to 1."
optical_illusion_1328_open_q1,optical_illusion_1328.png,"Compare the actual central elements A and B, ignoring apparent size. Answer A larger, B larger, or equal. Explain briefly what you used in the image, then end with a confidence score from 0 to 1."
optical_illusion_1329_open_q1,optical_illusion_1329.png,"Compare the actual central elements A and B, ignoring apparent size. Answer A larger, B larger, or equal. Explain briefly what you used in the image, then end with a confidence score from 0 to 1."
optical_illusion_1330_open_q1,optical_illusion_1330.png,"Compare the actual central elements A and B, ignoring apparent size. Answer A larger, B larger, or equal. Explain briefly what you used in the image, then end with a confidence score from 0 to 1."
optical_illusion_1331_open_q1,optical_illusion_1331.png,"Compare the actual central elements A and B, ignoring apparent size. Answer A larger, B larger, or equal. Explain briefly what you used in the image, then end with a confidence score from 0 to 1."
optical_illusion_1332_open_q1,optical_illusion_1332.png,"Compare the actual central elements A and B, ignoring apparent size. Answer A larger, B larger, or equal. Explain briefly what you used in the image, then end with a confidence score from 0 to 1."
optical_illusion_1333_open_q1,optical_illusion_1333.png,"Compare the actual central elements A and B, ignoring apparent size. Answer A larger, B larger, or equal. Explain briefly what you used in the image, then end with a confidence score from 0 to 1."
optical_illusion_1334_open_q1,optical_illusion_1334.png,"Compare the actual central elements A and B, ignoring apparent size. Answer A larger, B larger, or equal. Explain briefly what you used in the image, then end with a confidence score from 0 to 1."
optical_illusion_1335_open_q1,optical_illusion_1335.png,"Compare the actual central elements A and B, ignoring apparent size. Answer A larger, B larger, or equal. Explain briefly what you used in the image, then end with a confidence score from 0 to 1."
optical_illusion_1336_open_q1,optical_illusion_1336.png,"Compare the actual central elements A and B, ignoring apparent size. Answer A larger, B larger, or equal. Explain briefly what you used in the image, then end with a confidence score from 0 to 1."
optical_illusion_1337_open_q1,optical_illusion_1337.png,"Compare the actual central elements A and B, ignoring apparent size. Answer A larger, B larger, or equal. Explain briefly what you used in the image, then end with a confidence score from 0 to 1."
optical_illusion_1338_open_q1,optical_illusion_1338.png,"Compare the actual central elements A and B, ignoring apparent size. Answer A larger, B larger, or equal. Explain briefly what you used in the image, then end with a confidence score from 0 to 1."
optical_illusion_1339_open_q1,optical_illusion_1339.png,"Compare the actual central elements A and B, ignoring apparent size. Answer A larger, B larger, or equal. Explain briefly what you used in the image, then end with a confidence score from 0 to 1."
optical_illusion_1340_open_q1,optical_illusion_1340.png,"Compare the actual central elements A and B, ignoring apparent size. Answer A larger, B larger, or equal. Explain briefly what you used in the image, then end with a confidence score from 0 to 1."
optical_illusion_1341_open_q1,optical_illusion_1341.png,"Compare the actual central elements A and B, ignoring apparent size. Answer A larger, B larger, or equal. Explain briefly what you used in the image, then end with a confidence score from 0 to 1."
optical_illusion_1342_open_q1,optical_illusion_1342.png,"Compare the actual central elements A and B, ignoring apparent size. Answer A larger, B larger, or equal. Explain briefly what you used in the image, then end with a confidence score from 0 to 1."
optical_illusion_1343_open_q1,optical_illusion_1343.png,"Compare the actual central elements A and B, ignoring apparent size. Answer A larger, B larger, or equal. Explain briefly what you used in the image, then end with a confidence score from 0 to 1."
optical_illusion_1344_open_q1,optical_illusion_1344.png,"Compare the actual central elements A and B, ignoring apparent size. Answer A larger, B larger, or equal. Explain briefly what you used in the image, then end with a confidence score from 0 to 1."
optical_illusion_1345_open_q1,optical_illusion_1345.png,"Compare the actual central elements A and B, ignoring apparent size. Answer A larger, B larger, or equal. Explain briefly what you used in the image, then end with a confidence score from 0 to 1."
optical_illusion_1346_open_q1,optical_illusion_1346.png,"Compare the actual central elements A and B, ignoring apparent size. Answer A larger, B larger, or equal. Explain briefly what you used in the image, then end with a confidence score from 0 to 1."
optical_illusion_1347_open_q1,optical_illusion_1347.png,"Compare the actual central elements A and B, ignoring apparent size. Answer A larger, B larger, or equal. Explain briefly what you used in the image, then end with a confidence score from 0 to 1."
optical_illusion_1348_open_q1,optical_illusion_1348.png,"Compare the actual central elements A and B, ignoring apparent size. Answer A larger, B larger, or equal. Explain briefly what you used in the image, then end with a confidence score from 0 to 1."
optical_illusion_1349_open_q1,optical_illusion_1349.png,"Compare the actual central elements A and B, ignoring apparent size. Answer A larger, B larger, or equal. Explain briefly what you used in the image, then end with a confidence score from 0 to 1."
optical_illusion_1350_open_q1,optical_illusion_1350.png,"Compare the actual central elements A and B, ignoring apparent size. Answer A larger, B larger, or equal. Explain briefly what you used in the image, then end with a confidence score from 0 to 1."
optical_illusion_1351_open_q1,optical_illusion_1351.png,"Compare the actual central elements A and B, ignoring apparent size. Answer A larger, B larger, or equal. Explain briefly what you used in the image, then end with a confidence score from 0 to 1."
optical_illusion_1352_open_q1,optical_illusion_1352.png,"Compare the actual central elements A and B, ignoring apparent size. Answer A larger, B larger, or equal. Explain briefly what you used in the image, then end with a confidence score from 0 to 1."
optical_illusion_1353_open_q1,optical_illusion_1353.png,"Compare the actual central elements A and B, ignoring apparent size. Answer A larger, B larger, or equal. Explain briefly what you used in the image, then end with a confidence score from 0 to 1."
optical_illusion_1354_open_q1,optical_illusion_1354.png,"Compare the actual central elements A and B, ignoring apparent size. Answer A larger, B larger, or equal. Explain briefly what you used in the image, then end with a confidence score from 0 to 1."
optical_illusion_1355_open_q1,optical_illusion_1355.png,"Compare the actual central elements A and B, ignoring apparent size. Answer A larger, B larger, or equal. Explain briefly what you used in the image, then end with a confidence score from 0 to 1."
optical_illusion_1356_open_q1,optical_illusion_1356.png,"Compare the actual central elements A and B, ignoring apparent size. Answer A larger, B larger, or equal. Explain briefly what you used in the image, then end with a confidence score from 0 to 1."
optical_illusion_1357_open_q1,optical_illusion_1357.png,"Compare the actual central elements A and B, ignoring apparent size. Answer A larger, B larger, or equal. Explain briefly what you used in the image, then end with a confidence score from 0 to 1."
optical_illusion_1358_open_q1,optical_illusion_1358.png,"Compare the actual central elements A and B, ignoring apparent size. Answer A larger, B larger, or equal. Explain briefly what you used in the image, then end with a confidence score from 0 to 1."
optical_illusion_1359_open_q1,optical_illusion_1359.png,"Compare the actual central elements A and B, ignoring apparent size. Answer A larger, B larger, or equal. Explain briefly what you used in the image, then end with a confidence score from 0 to 1."
optical_illusion_1360_open_q1,optical_illusion_1360.png,"Compare the actual central elements A and B, ignoring apparent size. Answer A larger, B larger, or equal. Explain briefly what you used in the image, then end with a confidence score from 0 to 1."
optical_illusion_1361_open_q1,optical_illusion_1361.png,"Compare the actual central elements A and B, ignoring apparent size. Answer A larger, B larger, or equal. Explain briefly what you used in the image, then end with a confidence score from 0 to 1."
optical_illusion_1362_open_q1,optical_illusion_1362.png,"Compare the actual central elements A and B, ignoring apparent size. Answer A larger, B larger, or equal. Explain briefly what you used in the image, then end with a confidence score from 0 to 1."
optical_illusion_1363_open_q1,optical_illusion_1363.png,"Compare the actual central elements A and B, ignoring apparent size. Answer A larger, B larger, or equal. Explain briefly what you used in the image, then end with a confidence score from 0 to 1."
optical_illusion_1364_open_q1,optical_illusion_1364.png,"Compare the actual central elements A and B, ignoring apparent size. Answer A larger, B larger, or equal. Explain briefly what you used in the image, then end with a confidence score from 0 to 1."
optical_illusion_1365_open_q1,optical_illusion_1365.png,"Compare the actual central elements A and B, ignoring apparent size. Answer A larger, B larger, or equal. Explain briefly what you used in the image, then end with a confidence score from 0 to 1."
optical_illusion_1366_open_q1,optical_illusion_1366.png,"Compare the actual central elements A and B, ignoring apparent size. Answer A larger, B larger, or equal. Explain briefly what you used in the image, then end with a confidence score from 0 to 1."
optical_illusion_1367_open_q1,optical_illusion_1367.png,"Compare the actual central elements A and B, ignoring apparent size. Answer A larger, B larger, or equal. Explain briefly what you used in the image, then end with a confidence score from 0 to 1."
optical_illusion_1368_open_q1,optical_illusion_1368.png,"Compare the actual central elements A and B, ignoring apparent size. Answer A larger, B larger, or equal. Explain briefly what you used in the image, then end with a confidence score from 0 to 1."
optical_illusion_1369_open_q1,optical_illusion_1369.png,"Compare the actual central elements A and B, ignoring apparent size. Answer A larger, B larger, or equal. Explain briefly what you used in the image, then end with a confidence score from 0 to 1."
optical_illusion_1370_open_q1,optical_illusion_1370.png,"Compare the actual central elements A and B, ignoring apparent size. Answer A larger, B larger, or equal. Explain briefly what you used in the image, then end with a confidence score from 0 to 1."
optical_illusion_1371_open_q1,optical_illusion_1371.png,"Compare the actual central elements A and B, ignoring apparent size. Answer A larger, B larger, or equal. Explain briefly what you used in the image, then end with a confidence score from 0 to 1."
optical_illusion_1372_open_q1,optical_illusion_1372.png,"Compare the actual central elements A and B, ignoring apparent size. Answer A larger, B larger, or equal. Explain briefly what you used in the image, then end with a confidence score from 0 to 1."
optical_illusion_1373_open_q1,optical_illusion_1373.png,"Compare the actual central elements A and B, ignoring apparent size. Answer A larger, B larger, or equal. Explain briefly what you used in the image, then end with a confidence score from 0 to 1."
optical_illusion_1374_open_q1,optical_illusion_1374.png,"Compare the actual central elements A and B, ignoring apparent size. Answer A larger, B larger, or equal. Explain briefly what you used in the image, then end with a confidence score from 0 to 1."
optical_illusion_1375_open_q1,optical_illusion_1375.png,"Compare the actual central elements A and B, ignoring apparent size. Answer A larger, B larger, or equal. Explain briefly what you used in the image, then end with a confidence score from 0 to 1."
optical_illusion_1376_open_q1,optical_illusion_1376.png,"Compare the actual central elements A and B, ignoring apparent size. Answer A larger, B larger, or equal. Explain briefly what you used in the image, then end with a confidence score from 0 to 1."
optical_illusion_1377_open_q1,optical_illusion_1377.png,"Compare the actual central elements A and B, ignoring apparent size. Answer A larger, B larger, or equal. Explain briefly what you used in the image, then end with a confidence score from 0 to 1."
optical_illusion_1378_open_q1,optical_illusion_1378.png,"Compare the actual central elements A and B, ignoring apparent size. Answer A larger, B larger, or equal. Explain briefly what you used in the image, then end with a confidence score from 0 to 1."
optical_illusion_1379_open_q1,optical_illusion_1379.png,"Compare the actual central elements A and B, ignoring apparent size. Answer A larger, B larger, or equal. Explain briefly what you used in the image, then end with a confidence score from 0 to 1."
optical_illusion_1380_open_q1,optical_illusion_1380.png,"Compare the actual central elements A and B, ignoring apparent size. Answer A larger, B larger, or equal. Explain briefly what you used in the image, then end with a confidence score from 0 to 1."
optical_illusion_1381_open_q1,optical_illusion_1381.png,"Compare the actual central elements A and B, ignoring apparent size. Answer A larger, B larger, or equal. Explain briefly what you used in the image, then end with a confidence score from 0 to 1."
optical_illusion_1382_open_q1,optical_illusion_1382.png,"Compare the actual central elements A and B, ignoring apparent size. Answer A larger, B larger, or equal. Explain briefly what you used in the image, then end with a confidence score from 0 to 1."
optical_illusion_1383_open_q1,optical_illusion_1383.png,"Compare the actual central elements A and B, ignoring apparent size. Answer A larger, B larger, or equal. Explain briefly what you used in the image, then end with a confidence score from 0 to 1."
optical_illusion_1384_open_q1,optical_illusion_1384.png,"Compare the actual central elements A and B, ignoring apparent size. Answer A larger, B larger, or equal. Explain briefly what you used in the image, then end with a confidence score from 0 to 1."
optical_illusion_1385_open_q1,optical_illusion_1385.png,"Compare the actual central elements A and B, ignoring apparent size. Answer A larger, B larger, or equal. Explain briefly what you used in the image, then end with a confidence score from 0 to 1."
optical_illusion_1386_open_q1,optical_illusion_1386.png,"Compare the actual central elements A and B, ignoring apparent size. Answer A larger, B larger, or equal. Explain briefly what you used in the image, then end with a confidence score from 0 to 1."
optical_illusion_1387_open_q1,optical_illusion_1387.png,"Compare the actual central elements A and B, ignoring apparent size. Answer A larger, B larger, or equal. Explain briefly what you used in the image, then end with a confidence score from 0 to 1."
optical_illusion_1388_open_q1,optical_illusion_1388.png,"Compare the actual central elements A and B, ignoring apparent size. Answer A larger, B larger, or equal. Explain briefly what you used in the image, then end with a confidence score from 0 to 1."
optical_illusion_1389_open_q1,optical_illusion_1389.png,"Compare the actual central elements A and B, ignoring apparent size. Answer A larger, B larger, or equal. Explain briefly what you used in the image, then end with a confidence score from 0 to 1."
optical_illusion_1390_open_q1,optical_illusion_1390.png,"Compare the actual central elements A and B, ignoring apparent size. Answer A larger, B larger, or equal. Explain briefly what you used in the image, then end with a confidence score from 0 to 1."
optical_illusion_1391_open_q1,optical_illusion_1391.png,"Compare the actual central elements A and B, ignoring apparent size. Answer A larger, B larger, or equal. Explain briefly what you used in the image, then end with a confidence score from 0 to 1."
optical_illusion_1392_open_q1,optical_illusion_1392.png,"Compare the actual central elements A and B, ignoring apparent size. Answer A larger, B larger, or equal. Explain briefly what you used in the image, then end with a confidence score from 0 to 1."
optical_illusion_1393_open_q1,optical_illusion_1393.png,"Compare the actual central elements A and B, ignoring apparent size. Answer A larger, B larger, or equal. Explain briefly what you used in the image, then end with a confidence score from 0 to 1."
optical_illusion_1394_open_q1,optical_illusion_1394.png,"Compare the actual central elements A and B, ignoring apparent size. Answer A larger, B larger, or equal. Explain briefly what you used in the image, then end with a confidence score from 0 to 1."
optical_illusion_1395_open_q1,optical_illusion_1395.png,"Compare the actual central elements A and B, ignoring apparent size. Answer A larger, B larger, or equal. Explain briefly what you used in the image, then end with a confidence score from 0 to 1."
optical_illusion_1396_open_q1,optical_illusion_1396.png,"Compare the actual central elements A and B, ignoring apparent size. Answer A larger, B larger, or equal. Explain briefly what you used in the image, then end with a confidence score from 0 to 1."
optical_illusion_1397_open_q1,optical_illusion_1397.png,"Compare the actual central elements A and B, ignoring apparent size. Answer A larger, B larger, or equal. Explain briefly what you used in the image, then end with a confidence score from 0 to 1."
optical_illusion_1398_open_q1,optical_illusion_1398.png,"Compare the actual central elements A and B, ignoring apparent size. Answer A larger, B larger, or equal. Explain briefly what you used in the image, then end with a confidence score from 0 to 1."
optical_illusion_1399_open_q1,optical_illusion_1399.png,"Compare the actual central elements A and B, ignoring apparent size. Answer A larger, B larger, or equal. Explain briefly what you used in the image, then end with a confidence score from 0 to 1."
optical_illusion_1400_open_q1,optical_illusion_1400.png,"Compare the actual central elements A and B, ignoring apparent size. Answer A larger, B larger, or equal. Explain briefly what you used in the image, then end with a confidence score from 0 to 1."
optical_illusion_1401_open_q1,optical_illusion_1401.png,"Compare the actual central elements A and B, ignoring apparent size. Answer A larger, B larger, or equal. Explain briefly what you used in the image, then end with a confidence score from 0 to 1."
optical_illusion_1402_open_q1,optical_illusion_1402.png,"Compare the actual central elements A and B, ignoring apparent size. Answer A larger, B larger, or equal. Explain briefly what you used in the image, then end with a confidence score from 0 to 1."
optical_illusion_1403_open_q1,optical_illusion_1403.png,"Compare the actual central elements A and B, ignoring apparent size. Answer A larger, B larger, or equal. Explain briefly what you used in the image, then end with a confidence score from 0 to 1."
optical_illusion_1404_open_q1,optical_illusion_1404.png,"Compare the actual central elements A and B, ignoring apparent size. Answer A larger, B larger, or equal. Explain briefly what you used in the image, then end with a confidence score from 0 to 1."
optical_illusion_1405_open_q1,optical_illusion_1405.png,"Compare the actual central elements A and B, ignoring apparent size. Answer A larger, B larger, or equal. Explain briefly what you used in the image, then end with a confidence score from 0 to 1."
optical_illusion_1406_open_q1,optical_illusion_1406.png,"Compare the actual central elements A and B, ignoring apparent size. Answer A larger, B larger, or equal. Explain briefly what you used in the image, then end with a confidence score from 0 to 1."
optical_illusion_1407_open_q1,optical_illusion_1407.png,"Compare the actual central elements A and B, ignoring apparent size. Answer A larger, B larger, or equal. Explain briefly what you used in the image, then end with a confidence score from 0 to 1."
optical_illusion_1408_open_q1,optical_illusion_1408.png,"Compare the actual central elements A and B, ignoring apparent size. Answer A larger, B larger, or equal. Explain briefly what you used in the image, then end with a confidence score from 0 to 1."
optical_illusion_1409_open_q1,optical_illusion_1409.png,"Compare the actual central elements A and B, ignoring apparent size. Answer A larger, B larger, or equal. Explain briefly what you used in the image, then end with a confidence score from 0 to 1."
optical_illusion_1410_open_q1,optical_illusion_1410.png,"Compare the actual central elements A and B, ignoring apparent size. Answer A larger, B larger, or equal. Explain briefly what you used in the image, then end with a confidence score from 0 to 1."
optical_illusion_1411_open_q1,optical_illusion_1411.png,"Compare the actual central elements A and B, ignoring apparent size. Answer A larger, B larger, or equal. Explain briefly what you used in the image, then end with a confidence score from 0 to 1."
optical_illusion_1412_open_q1,optical_illusion_1412.png,"Compare the actual central elements A and B, ignoring apparent size. Answer A larger, B larger, or equal. Explain briefly what you used in the image, then end with a confidence score from 0 to 1."
optical_illusion_1413_open_q1,optical_illusion_1413.png,"Compare the actual central elements A and B, ignoring apparent size. Answer A larger, B larger, or equal. Explain briefly what you used in the image, then end with a confidence score from 0 to 1."
optical_illusion_1414_open_q1,optical_illusion_1414.png,"Compare the actual central elements A and B, ignoring apparent size. Answer A larger, B larger, or equal. Explain briefly what you used in the image, then end with a confidence score from 0 to 1."
optical_illusion_1415_open_q1,optical_illusion_1415.png,"Compare the actual central elements A and B, ignoring apparent size. Answer A larger, B larger, or equal. Explain briefly what you used in the image, then end with a confidence score from 0 to 1."
optical_illusion_1416_open_q1,optical_illusion_1416.png,"Compare the actual central elements A and B, ignoring apparent size. Answer A larger, B larger, or equal. Explain briefly what you used in the image, then end with a confidence score from 0 to 1."
optical_illusion_1417_open_q1,optical_illusion_1417.png,"Compare the actual central elements A and B, ignoring apparent size. Answer A larger, B larger, or equal. Explain briefly what you used in the image, then end with a confidence score from 0 to 1."
optical_illusion_1418_open_q1,optical_illusion_1418.png,"Compare the actual central elements A and B, ignoring apparent size. Answer A larger, B larger, or equal. Explain briefly what you used in the image, then end with a confidence score from 0 to 1."
optical_illusion_1419_open_q1,optical_illusion_1419.png,"Compare the actual central elements A and B, ignoring apparent size. Answer A larger, B larger, or equal. Explain briefly what you used in the image, then end with a confidence score from 0 to 1."
optical_illusion_1420_open_q1,optical_illusion_1420.png,"Compare the actual central elements A and B, ignoring apparent size. Answer A larger, B larger, or equal. Explain briefly what you used in the image, then end with a confidence score from 0 to 1."
optical_illusion_1421_open_q1,optical_illusion_1421.png,"Compare the actual central elements A and B, ignoring apparent size. Answer A larger, B larger, or equal. Explain briefly what you used in the image, then end with a confidence score from 0 to 1."
optical_illusion_1422_open_q1,optical_illusion_1422.png,"Compare the actual central elements A and B, ignoring apparent size. Answer A larger, B larger, or equal. Explain briefly what you used in the image, then end with a confidence score from 0 to 1."
optical_illusion_1423_open_q1,optical_illusion_1423.png,"Compare the actual central elements A and B, ignoring apparent size. Answer A larger, B larger, or equal. Explain briefly what you used in the image, then end with a confidence score from 0 to 1."
optical_illusion_1424_open_q1,optical_illusion_1424.png,"Compare the actual central elements A and B, ignoring apparent size. Answer A larger, B larger, or equal. Explain briefly what you used in the image, then end with a confidence score from 0 to 1."
optical_illusion_1425_open_q1,optical_illusion_1425.png,"Compare the actual central elements A and B, ignoring apparent size. Answer A larger, B larger, or equal. Explain briefly what you used in the image, then end with a confidence score from 0 to 1."
optical_illusion_1426_open_q1,optical_illusion_1426.png,"Compare the actual central elements A and B, ignoring apparent size. Answer A larger, B larger, or equal. Explain briefly what you used in the image, then end with a confidence score from 0 to 1."
optical_illusion_1427_open_q1,optical_illusion_1427.png,"Compare the actual central elements A and B, ignoring apparent size. Answer A larger, B larger, or equal. Explain briefly what you used in the image, then end with a confidence score from 0 to 1."
optical_illusion_1428_open_q1,optical_illusion_1428.png,"Compare the actual central elements A and B, ignoring apparent size. Answer A larger, B larger, or equal. Explain briefly what you used in the image, then end with a confidence score from 0 to 1."
optical_illusion_1429_open_q1,optical_illusion_1429.png,"Compare the actual central elements A and B, ignoring apparent size. Answer A larger, B larger, or equal. Explain briefly what you used in the image, then end with a confidence score from 0 to 1."
optical_illusion_1430_open_q1,optical_illusion_1430.png,"Compare the actual central elements A and B, ignoring apparent size. Answer A larger, B larger, or equal. Explain briefly what you used in the image, then end with a confidence score from 0 to 1."
optical_illusion_1431_open_q1,optical_illusion_1431.png,"Compare the actual central elements A and B, ignoring apparent size. Answer A larger, B larger, or equal. Explain briefly what you used in the image, then end with a confidence score from 0 to 1."
optical_illusion_1432_open_q1,optical_illusion_1432.png,"Compare the actual central elements A and B, ignoring apparent size. Answer A larger, B larger, or equal. Explain briefly what you used in the image, then end with a confidence score from 0 to 1."
optical_illusion_1433_open_q1,optical_illusion_1433.png,"Compare the actual central elements A and B, ignoring apparent size. Answer A larger, B larger, or equal. Explain briefly what you used in the image, then end with a confidence score from 0 to 1."
optical_illusion_1434_open_q1,optical_illusion_1434.png,"Compare the actual central elements A and B, ignoring apparent size. Answer A larger, B larger, or equal. Explain briefly what you used in the image, then end with a confidence score from 0 to 1."
optical_illusion_1435_open_q1,optical_illusion_1435.png,"Compare the actual central elements A and B, ignoring apparent size. Answer A larger, B larger, or equal. Explain briefly what you used in the image, then end with a confidence score from 0 to 1."
optical_illusion_1436_open_q1,optical_illusion_1436.png,"Compare the actual central elements A and B, ignoring apparent size. Answer A larger, B larger, or equal. Explain briefly what you used in the image, then end with a confidence score from 0 to 1."
optical_illusion_1437_open_q1,optical_illusion_1437.png,"Compare the actual central elements A and B, ignoring apparent size. Answer A larger, B larger, or equal. Explain briefly what you used in the image, then end with a confidence score from 0 to 1."
optical_illusion_1438_open_q1,optical_illusion_1438.png,"Compare the actual central elements A and B, ignoring apparent size. Answer A larger, B larger, or equal. Explain briefly what you used in the image, then end with a confidence score from 0 to 1."
optical_illusion_1439_open_q1,optical_illusion_1439.png,"Compare the actual central elements A and B, ignoring apparent size. Answer A larger, B larger, or equal. Explain briefly what you used in the image, then end with a confidence score from 0 to 1."
optical_illusion_1440_open_q1,optical_illusion_1440.png,"Compare the actual central elements A and B, ignoring apparent size. Answer A larger, B larger, or equal. Explain briefly what you used in the image, then end with a confidence score from 0 to 1."
optical_illusion_1441_open_q1,optical_illusion_1441.png,"Compare the actual central elements A and B, ignoring apparent size. Answer A larger, B larger, or equal. Explain briefly what you used in the image, then end with a confidence score from 0 to 1."
optical_illusion_1442_open_q1,optical_illusion_1442.png,"Compare the actual central elements A and B, ignoring apparent size. Answer A larger, B larger, or equal. Explain briefly what you used in the image, then end with a confidence score from 0 to 1."
optical_illusion_1443_open_q1,optical_illusion_1443.png,"Compare the actual central elements A and B, ignoring apparent size. Answer A larger, B larger, or equal. Explain briefly what you used in the image, then end with a confidence score from 0 to 1."
optical_illusion_1444_open_q1,optical_illusion_1444.png,"Compare the actual central elements A and B, ignoring apparent size. Answer A larger, B larger, or equal. Explain briefly what you used in the image, then end with a confidence score from 0 to 1."
optical_illusion_1445_open_q1,optical_illusion_1445.png,"Compare the actual central elements A and B, ignoring apparent size. Answer A larger, B larger, or equal. Explain briefly what you used in the image, then end with a confidence score from 0 to 1."
optical_illusion_1446_open_q1,optical_illusion_1446.png,"Compare the actual central elements A and B, ignoring apparent size. Answer A larger, B larger, or equal. Explain briefly what you used in the image, then end with a confidence score from 0 to 1."
optical_illusion_1447_open_q1,optical_illusion_1447.png,"Compare the actual central elements A and B, ignoring apparent size. Answer A larger, B larger, or equal. Explain briefly what you used in the image, then end with a confidence score from 0 to 1."
optical_illusion_1448_open_q1,optical_illusion_1448.png,"Compare the actual central elements A and B, ignoring apparent size. Answer A larger, B larger, or equal. Explain briefly what you used in the image, then end with a confidence score from 0 to 1."
optical_illusion_1449_open_q1,optical_illusion_1449.png,"Compare the actual central elements A and B, ignoring apparent size. Answer A larger, B larger, or equal. Explain briefly what you used in the image, then end with a confidence score from 0 to 1."
optical_illusion_1450_open_q1,optical_illusion_1450.png,"Compare the actual central elements A and B, ignoring apparent size. Answer A larger, B larger, or equal. Explain briefly what you used in the image, then end with a confidence score from 0 to 1."
optical_illusion_1451_open_q1,optical_illusion_1451.png,"Compare the actual central elements A and B, ignoring apparent size. Answer A larger, B larger, or equal. Explain briefly what you used in the image, then end with a confidence score from 0 to 1."
optical_illusion_1452_open_q1,optical_illusion_1452.png,"Compare the actual central elements A and B, ignoring apparent size. Answer A larger, B larger, or equal. Explain briefly what you used in the image, then end with a confidence score from 0 to 1."
optical_illusion_1453_open_q1,optical_illusion_1453.png,"Compare the actual central elements A and B, ignoring apparent size. Answer A larger, B larger, or equal. Explain briefly what you used in the image, then end with a confidence score from 0 to 1."
optical_illusion_1454_open_q1,optical_illusion_1454.png,"Compare the actual central elements A and B, ignoring apparent size. Answer A larger, B larger, or equal. Explain briefly what you used in the image, then end with a confidence score from 0 to 1."
optical_illusion_1455_open_q1,optical_illusion_1455.png,"Compare the actual central elements A and B, ignoring apparent size. Answer A larger, B larger, or equal. Explain briefly what you used in the image, then end with a confidence score from 0 to 1."
optical_illusion_1456_open_q1,optical_illusion_1456.png,"Compare the actual central elements A and B, ignoring apparent size. Answer A larger, B larger, or equal. Explain briefly what you used in the image, then end with a confidence score from 0 to 1."
optical_illusion_1457_open_q1,optical_illusion_1457.png,"Compare the actual central elements A and B, ignoring apparent size. Answer A larger, B larger, or equal. Explain briefly what you used in the image, then end with a confidence score from 0 to 1."
optical_illusion_1458_open_q1,optical_illusion_1458.png,"Compare the actual central elements A and B, ignoring apparent size. Answer A larger, B larger, or equal. Explain briefly what you used in the image, then end with a confidence score from 0 to 1."
optical_illusion_1459_open_q1,optical_illusion_1459.png,"Compare the actual central elements A and B, ignoring apparent size. Answer A larger, B larger, or equal. Explain briefly what you used in the image, then end with a confidence score from 0 to 1."
optical_illusion_1460_open_q1,optical_illusion_1460.png,"Compare the actual central elements A and B, ignoring apparent size. Answer A larger, B larger, or equal. Explain briefly what you used in the image, then end with a confidence score from 0 to 1."
optical_illusion_1461_open_q1,optical_illusion_1461.png,"Compare the actual central elements A and B, ignoring apparent size. Answer A larger, B larger, or equal. Explain briefly what you used in the image, then end with a confidence score from 0 to 1."
optical_illusion_1462_open_q1,optical_illusion_1462.png,"Compare the actual central elements A and B, ignoring apparent size. Answer A larger, B larger, or equal. Explain briefly what you used in the image, then end with a confidence score from 0 to 1."
optical_illusion_1463_open_q1,optical_illusion_1463.png,"Compare the actual central elements A and B, ignoring apparent size. Answer A larger, B larger, or equal. Explain briefly what you used in the image, then end with a confidence score from 0 to 1."
optical_illusion_1464_open_q1,optical_illusion_1464.png,"Compare the actual central elements A and B, ignoring apparent size. Answer A larger, B larger, or equal. Explain briefly what you used in the image, then end with a confidence score from 0 to 1."
optical_illusion_1465_open_q1,optical_illusion_1465.png,"Compare the actual central elements A and B, ignoring apparent size. Answer A larger, B larger, or equal. Explain briefly what you used in the image, then end with a confidence score from 0 to 1."
optical_illusion_1466_open_q1,optical_illusion_1466.png,"Compare the actual central elements A and B, ignoring apparent size. Answer A larger, B larger, or equal. Explain briefly what you used in the image, then end with a confidence score from 0 to 1."
optical_illusion_1467_open_q1,optical_illusion_1467.png,"Compare the actual central elements A and B, ignoring apparent size. Answer A larger, B larger, or equal. Explain briefly what you used in the image, then end with a confidence score from 0 to 1."
optical_illusion_1468_open_q1,optical_illusion_1468.png,"Compare the actual central elements A and B, ignoring apparent size. Answer A larger, B larger, or equal. Explain briefly what you used in the image, then end with a confidence score from 0 to 1."
optical_illusion_1469_open_q1,optical_illusion_1469.png,"Compare the actual central elements A and B, ignoring apparent size. Answer A larger, B larger, or equal. Explain briefly what you used in the image, then end with a confidence score from 0 to 1."
optical_illusion_1470_open_q1,optical_illusion_1470.png,"Compare the actual central elements A and B, ignoring apparent size. Answer A larger, B larger, or equal. Explain briefly what you used in the image, then end with a confidence score from 0 to 1."
optical_illusion_1471_open_q1,optical_illusion_1471.png,"Compare the actual central elements A and B, ignoring apparent size. Answer A larger, B larger, or equal. Explain briefly what you used in the image, then end with a confidence score from 0 to 1."
optical_illusion_1472_open_q1,optical_illusion_1472.png,"Compare the actual central elements A and B, ignoring apparent size. Answer A larger, B larger, or equal. Explain briefly what you used in the image, then end with a confidence score from 0 to 1."
optical_illusion_1473_open_q1,optical_illusion_1473.png,"Compare the actual central elements A and B, ignoring apparent size. Answer A larger, B larger, or equal. Explain briefly what you used in the image, then end with a confidence score from 0 to 1."
optical_illusion_1474_open_q1,optical_illusion_1474.png,"Compare the actual central elements A and B, ignoring apparent size. Answer A larger, B larger, or equal. Explain briefly what you used in the image, then end with a confidence score from 0 to 1."
optical_illusion_1475_open_q1,optical_illusion_1475.png,"Compare the actual central elements A and B, ignoring apparent size. Answer A larger, B larger, or equal. Explain briefly what you used in the image, then end with a confidence score from 0 to 1."
optical_illusion_1476_open_q1,optical_illusion_1476.png,"Compare the actual central elements A and B, ignoring apparent size. Answer A larger, B larger, or equal. Explain briefly what you used in the image, then end with a confidence score from 0 to 1."
optical_illusion_1477_open_q1,optical_illusion_1477.png,"Compare the actual central elements A and B, ignoring apparent size. Answer A larger, B larger, or equal. Explain briefly what you used in the image, then end with a confidence score from 0 to 1."
optical_illusion_1478_open_q1,optical_illusion_1478.png,"Compare the actual central elements A and B, ignoring apparent size. Answer A larger, B larger, or equal. Explain briefly what you used in the image, then end with a confidence score from 0 to 1."
optical_illusion_1479_open_q1,optical_illusion_1479.png,"Compare the actual central elements A and B, ignoring apparent size. Answer A larger, B larger, or equal. Explain briefly what you used in the image, then end with a confidence score from 0 to 1."
optical_illusion_1480_open_q1,optical_illusion_1480.png,"Compare the actual central elements A and B, ignoring apparent size. Answer A larger, B larger, or equal. Explain briefly what you used in the image, then end with a confidence score from 0 to 1."
optical_illusion_1481_open_q1,optical_illusion_1481.png,"Compare the actual central elements A and B, ignoring apparent size. Answer A larger, B larger, or equal. Explain briefly what you used in the image, then end with a confidence score from 0 to 1."
optical_illusion_1482_open_q1,optical_illusion_1482.png,"Compare the actual central elements A and B, ignoring apparent size. Answer A larger, B larger, or equal. Explain briefly what you used in the image, then end with a confidence score from 0 to 1."
optical_illusion_1483_open_q1,optical_illusion_1483.png,"Compare the actual central elements A and B, ignoring apparent size. Answer A larger, B larger, or equal. Explain briefly what you used in the image, then end with a confidence score from 0 to 1."
optical_illusion_1484_open_q1,optical_illusion_1484.png,"Compare the actual central elements A and B, ignoring apparent size. Answer A larger, B larger, or equal. Explain briefly what you used in the image, then end with a confidence score from 0 to 1."
optical_illusion_1485_open_q1,optical_illusion_1485.png,"Compare the actual central elements A and B, ignoring apparent size. Answer A larger, B larger, or equal. Explain briefly what you used in the image, then end with a confidence score from 0 to 1."
optical_illusion_1486_open_q1,optical_illusion_1486.png,"Compare the actual central elements A and B, ignoring apparent size. Answer A larger, B larger, or equal. Explain briefly what you used in the image, then end with a confidence score from 0 to 1."
optical_illusion_1487_open_q1,optical_illusion_1487.png,"Compare the actual central elements A and B, ignoring apparent size. Answer A larger, B larger, or equal. Explain briefly what you used in the image, then end with a confidence score from 0 to 1."
optical_illusion_1488_open_q1,optical_illusion_1488.png,"Compare the actual central elements A and B, ignoring apparent size. Answer A larger, B larger, or equal. Explain briefly what you used in the image, then end with a confidence score from 0 to 1."
optical_illusion_1489_open_q1,optical_illusion_1489.png,"Compare the actual central elements A and B, ignoring apparent size. Answer A larger, B larger, or equal. Explain briefly what you used in the image, then end with a confidence score from 0 to 1."
optical_illusion_1490_open_q1,optical_illusion_1490.png,"Compare the actual central elements A and B, ignoring apparent size. Answer A larger, B larger, or equal. Explain briefly what you used in the image, then end with a confidence score from 0 to 1."
optical_illusion_1491_open_q1,optical_illusion_1491.png,"Compare the actual central elements A and B, ignoring apparent size. Answer A larger, B larger, or equal. Explain briefly what you used in the image, then end with a confidence score from 0 to 1."
optical_illusion_1492_open_q1,optical_illusion_1492.png,"Compare the actual central elements A and B, ignoring apparent size. Answer A larger, B larger, or equal. Explain briefly what you used in the image, then end with a confidence score from 0 to 1."
optical_illusion_1493_open_q1,optical_illusion_1493.png,"Compare the actual central elements A and B, ignoring apparent size. Answer A larger, B larger, or equal. Explain briefly what you used in the image, then end with a confidence score from 0 to 1."
optical_illusion_1494_open_q1,optical_illusion_1494.png,"Compare the actual central elements A and B, ignoring apparent size. Answer A larger, B larger, or equal. Explain briefly what you used in the image, then end with a confidence score from 0 to 1."
optical_illusion_1495_open_q1,optical_illusion_1495.png,"Compare the actual central elements A and B, ignoring apparent size. Answer A larger, B larger, or equal. Explain briefly what you used in the image, then end with a confidence score from 0 to 1."
optical_illusion_1496_open_q1,optical_illusion_1496.png,"Compare the actual central elements A and B, ignoring apparent size. Answer A larger, B larger, or equal. Explain briefly what you used in the image, then end with a confidence score from 0 to 1."
optical_illusion_1497_open_q1,optical_illusion_1497.png,"Compare the actual central elements A and B, ignoring apparent size. Answer A larger, B larger, or equal. Explain briefly what you used in the image, then end with a confidence score from 0 to 1."
optical_illusion_1498_open_q1,optical_illusion_1498.png,"Compare the actual central elements A and B, ignoring apparent size. Answer A larger, B larger, or equal. Explain briefly what you used in the image, then end with a confidence score from 0 to 1."
optical_illusion_1499_open_q1,optical_illusion_1499.png,"Compare the actual central elements A and B, ignoring apparent size. Answer A larger, B larger, or equal. Explain briefly what you used in the image, then end with a confidence score from 0 to 1."
optical_illusion_1500_open_q1,optical_illusion_1500.png,"Compare the actual central elements A and B, ignoring apparent size. Answer A larger, B larger, or equal. Explain briefly what you used in the image, then end with a confidence score from 0 to 1."
optical_illusion_1501_open_q1,optical_illusion_1501.png,"Compare the actual central elements A and B, ignoring apparent size. Answer A larger, B larger, or equal. Explain briefly what you used in the image, then end with a confidence score from 0 to 1."
optical_illusion_1502_open_q1,optical_illusion_1502.png,"Compare the actual central elements A and B, ignoring apparent size. Answer A larger, B larger, or equal. Explain briefly what you used in the image, then end with a confidence score from 0 to 1."
optical_illusion_1503_open_q1,optical_illusion_1503.png,"Compare the actual central elements A and B, ignoring apparent size. Answer A larger, B larger, or equal. Explain briefly what you used in the image, then end with a confidence score from 0 to 1."
optical_illusion_1504_open_q1,optical_illusion_1504.png,"Compare the actual central elements A and B, ignoring apparent size. Answer A larger, B larger, or equal. Explain briefly what you used in the image, then end with a confidence score from 0 to 1."
optical_illusion_1505_open_q1,optical_illusion_1505.png,"Compare the actual central elements A and B, ignoring apparent size. Answer A larger, B larger, or equal. Explain briefly what you used in the image, then end with a confidence score from 0 to 1."
optical_illusion_1506_open_q1,optical_illusion_1506.png,"Compare the actual central elements A and B, ignoring apparent size. Answer A larger, B larger, or equal. Explain briefly what you used in the image, then end with a confidence score from 0 to 1."
optical_illusion_1507_open_q1,optical_illusion_1507.png,"Compare the actual central elements A and B, ignoring apparent size. Answer A larger, B larger, or equal. Explain briefly what you used in the image, then end with a confidence score from 0 to 1."
optical_illusion_1508_open_q1,optical_illusion_1508.png,"Compare the actual central elements A and B, ignoring apparent size. Answer A larger, B larger, or equal. Explain briefly what you used in the image, then end with a confidence score from 0 to 1."
optical_illusion_1509_open_q1,optical_illusion_1509.png,"Compare the actual central elements A and B, ignoring apparent size. Answer A larger, B larger, or equal. Explain briefly what you used in the image, then end with a confidence score from 0 to 1."
optical_illusion_1510_open_q1,optical_illusion_1510.png,"Compare the actual central elements A and B, ignoring apparent size. Answer A larger, B larger, or equal. Explain briefly what you used in the image, then end with a confidence score from 0 to 1."
optical_illusion_1511_open_q1,optical_illusion_1511.png,"Compare the actual central elements A and B, ignoring apparent size. Answer A larger, B larger, or equal. Explain briefly what you used in the image, then end with a confidence score from 0 to 1."
optical_illusion_1512_open_q1,optical_illusion_1512.png,"Compare the actual central elements A and B, ignoring apparent size. Answer A larger, B larger, or equal. Explain briefly what you used in the image, then end with a confidence score from 0 to 1."
optical_illusion_1513_open_q1,optical_illusion_1513.png,"Compare the actual central elements A and B, ignoring apparent size. Answer A larger, B larger, or equal. Explain briefly what you used in the image, then end with a confidence score from 0 to 1."
optical_illusion_1514_open_q1,optical_illusion_1514.png,"Compare the actual central elements A and B, ignoring apparent size. Answer A larger, B larger, or equal. Explain briefly what you used in the image, then end with a confidence score from 0 to 1."
optical_illusion_1515_open_q1,optical_illusion_1515.png,"Compare the actual central elements A and B, ignoring apparent size. Answer A larger, B larger, or equal. Explain briefly what you used in the image, then end with a confidence score from 0 to 1."
optical_illusion_1516_open_q1,optical_illusion_1516.png,"Compare the actual central elements A and B, ignoring apparent size. Answer A larger, B larger, or equal. Explain briefly what you used in the image, then end with a confidence score from 0 to 1."
optical_illusion_1517_open_q1,optical_illusion_1517.png,"Compare the actual central elements A and B, ignoring apparent size. Answer A larger, B larger, or equal. Explain briefly what you used in the image, then end with a confidence score from 0 to 1."
optical_illusion_1518_open_q1,optical_illusion_1518.png,"Compare the actual central elements A and B, ignoring apparent size. Answer A larger, B larger, or equal. Explain briefly what you used in the image, then end with a confidence score from 0 to 1."
optical_illusion_1519_open_q1,optical_illusion_1519.png,"Compare the actual central elements A and B, ignoring apparent size. Answer A larger, B larger, or equal. Explain briefly what you used in the image, then end with a confidence score from 0 to 1."
optical_illusion_1520_open_q1,optical_illusion_1520.png,"Compare the actual central elements A and B, ignoring apparent size. Answer A larger, B larger, or equal. Explain briefly what you used in the image, then end with a confidence score from 0 to 1."
optical_illusion_1521_open_q1,optical_illusion_1521.png,"Compare the actual central elements A and B, ignoring apparent size. Answer A larger, B larger, or equal. Explain briefly what you used in the image, then end with a confidence score from 0 to 1."
optical_illusion_1522_open_q1,optical_illusion_1522.png,"Compare the actual central elements A and B, ignoring apparent size. Answer A larger, B larger, or equal. Explain briefly what you used in the image, then end with a confidence score from 0 to 1."
optical_illusion_1523_open_q1,optical_illusion_1523.png,"Compare the actual central elements A and B, ignoring apparent size. Answer A larger, B larger, or equal. Explain briefly what you used in the image, then end with a confidence score from 0 to 1."
optical_illusion_1524_open_q1,optical_illusion_1524.png,"Compare the actual central elements A and B, ignoring apparent size. Answer A larger, B larger, or equal. Explain briefly what you used in the image, then end with a confidence score from 0 to 1."
optical_illusion_1525_open_q1,optical_illusion_1525.png,"Compare the actual central elements A and B, ignoring apparent size. Answer A larger, B larger, or equal. Explain briefly what you used in the image, then end with a confidence score from 0 to 1."
optical_illusion_1526_open_q1,optical_illusion_1526.png,"Compare the actual central elements A and B, ignoring apparent size. Answer A larger, B larger, or equal. Explain briefly what you used in the image, then end with a confidence score from 0 to 1."
optical_illusion_1527_open_q1,optical_illusion_1527.png,"Compare the actual central elements A and B, ignoring apparent size. Answer A larger, B larger, or equal. Explain briefly what you used in the image, then end with a confidence score from 0 to 1."
optical_illusion_1528_open_q1,optical_illusion_1528.png,"Compare the actual central elements A and B, ignoring apparent size. Answer A larger, B larger, or equal. Explain briefly what you used in the image, then end with a confidence score from 0 to 1."
optical_illusion_1529_open_q1,optical_illusion_1529.png,"Compare the actual central elements A and B, ignoring apparent size. Answer A larger, B larger, or equal. Explain briefly what you used in the image, then end with a confidence score from 0 to 1."
optical_illusion_1530_open_q1,optical_illusion_1530.png,"Compare the actual central elements A and B, ignoring apparent size. Answer A larger, B larger, or equal. Explain briefly what you used in the image, then end with a confidence score from 0 to 1."
optical_illusion_1531_open_q1,optical_illusion_1531.png,"Compare the actual central elements A and B, ignoring apparent size. Answer A larger, B larger, or equal. Explain briefly what you used in the image, then end with a confidence score from 0 to 1."
optical_illusion_1532_open_q1,optical_illusion_1532.png,"Compare the actual central elements A and B, ignoring apparent size. Answer A larger, B larger, or equal. Explain briefly what you used in the image, then end with a confidence score from 0 to 1."
optical_illusion_1533_open_q1,optical_illusion_1533.png,"Compare the actual central elements A and B, ignoring apparent size. Answer A larger, B larger, or equal. Explain briefly what you used in the image, then end with a confidence score from 0 to 1."
optical_illusion_1534_open_q1,optical_illusion_1534.png,"Compare the actual central elements A and B, ignoring apparent size. Answer A larger, B larger, or equal. Explain briefly what you used in the image, then end with a confidence score from 0 to 1."
optical_illusion_1535_open_q1,optical_illusion_1535.png,"Compare the actual central elements A and B, ignoring apparent size. Answer A larger, B larger, or equal. Explain briefly what you used in the image, then end with a confidence score from 0 to 1."
optical_illusion_1536_open_q1,optical_illusion_1536.png,"Compare the actual central elements A and B, ignoring apparent size. Answer A larger, B larger, or equal. Explain briefly what you used in the image, then end with a confidence score from 0 to 1."
optical_illusion_1537_open_q1,optical_illusion_1537.png,"Compare the actual central elements A and B, ignoring apparent size. Answer A larger, B larger, or equal. Explain briefly what you used in the image, then end with a confidence score from 0 to 1."
optical_illusion_1538_open_q1,optical_illusion_1538.png,"Compare the actual central elements A and B, ignoring apparent size. Answer A larger, B larger, or equal. Explain briefly what you used in the image, then end with a confidence score from 0 to 1."
optical_illusion_1539_open_q1,optical_illusion_1539.png,"Compare the actual central elements A and B, ignoring apparent size. Answer A larger, B larger, or equal. Explain briefly what you used in the image, then end with a confidence score from 0 to 1."
optical_illusion_1540_open_q1,optical_illusion_1540.png,"Compare the actual central elements A and B, ignoring apparent size. Answer A larger, B larger, or equal. Explain briefly what you used in the image, then end with a confidence score from 0 to 1."
optical_illusion_1541_open_q1,optical_illusion_1541.png,"Compare the actual central elements A and B, ignoring apparent size. Answer A larger, B larger, or equal. Explain briefly what you used in the image, then end with a confidence score from 0 to 1."
optical_illusion_1542_open_q1,optical_illusion_1542.png,"Compare the actual central elements A and B, ignoring apparent size. Answer A larger, B larger, or equal. Explain briefly what you used in the image, then end with a confidence score from 0 to 1."
optical_illusion_1543_open_q1,optical_illusion_1543.png,"Compare the actual central elements A and B, ignoring apparent size. Answer A larger, B larger, or equal. Explain briefly what you used in the image, then end with a confidence score from 0 to 1."
optical_illusion_1544_open_q1,optical_illusion_1544.png,"Compare the actual central elements A and B, ignoring apparent size. Answer A larger, B larger, or equal. Explain briefly what you used in the image, then end with a confidence score from 0 to 1."
optical_illusion_1545_open_q1,optical_illusion_1545.png,"Compare the actual central elements A and B, ignoring apparent size. Answer A larger, B larger, or equal. Explain briefly what you used in the image, then end with a confidence score from 0 to 1."
optical_illusion_1546_open_q1,optical_illusion_1546.png,"Compare the actual central elements A and B, ignoring apparent size. Answer A larger, B larger, or equal. Explain briefly what you used in the image, then end with a confidence score from 0 to 1."
optical_illusion_1547_open_q1,optical_illusion_1547.png,"Compare the actual central elements A and B, ignoring apparent size. Answer A larger, B larger, or equal. Explain briefly what you used in the image, then end with a confidence score from 0 to 1."
optical_illusion_1548_open_q1,optical_illusion_1548.png,"Compare the actual central elements A and B, ignoring apparent size. Answer A larger, B larger, or equal. Explain briefly what you used in the image, then end with a confidence score from 0 to 1."
optical_illusion_1549_open_q1,optical_illusion_1549.png,"Compare the actual central elements A and B, ignoring apparent size. Answer A larger, B larger, or equal. Explain briefly what you used in the image, then end with a confidence score from 0 to 1."
optical_illusion_1550_open_q1,optical_illusion_1550.png,"Compare the actual central elements A and B, ignoring apparent size. Answer A larger, B larger, or equal. Explain briefly what you used in the image, then end with a confidence score from 0 to 1."
optical_illusion_1551_open_q1,optical_illusion_1551.png,"Compare the actual central elements A and B, ignoring apparent size. Answer A larger, B larger, or equal. Explain briefly what you used in the image, then end with a confidence score from 0 to 1."
optical_illusion_1552_open_q1,optical_illusion_1552.png,"Compare the actual central elements A and B, ignoring apparent size. Answer A larger, B larger, or equal. Explain briefly what you used in the image, then end with a confidence score from 0 to 1."
optical_illusion_1553_open_q1,optical_illusion_1553.png,"Compare the actual central elements A and B, ignoring apparent size. Answer A larger, B larger, or equal. Explain briefly what you used in the image, then end with a confidence score from 0 to 1."
optical_illusion_1554_open_q1,optical_illusion_1554.png,"Compare the actual central elements A and B, ignoring apparent size. Answer A larger, B larger, or equal. Explain briefly what you used in the image, then end with a confidence score from 0 to 1."
optical_illusion_1555_open_q1,optical_illusion_1555.png,"Compare the actual central elements A and B, ignoring apparent size. Answer A larger, B larger, or equal. Explain briefly what you used in the image, then end with a confidence score from 0 to 1."
optical_illusion_1556_open_q1,optical_illusion_1556.png,"Compare the actual central elements A and B, ignoring apparent size. Answer A larger, B larger, or equal. Explain briefly what you used in the image, then end with a confidence score from 0 to 1."
optical_illusion_1557_open_q1,optical_illusion_1557.png,"Compare the actual central elements A and B, ignoring apparent size. Answer A larger, B larger, or equal. Explain briefly what you used in the image, then end with a confidence score from 0 to 1."
optical_illusion_1558_open_q1,optical_illusion_1558.png,"Compare the actual central elements A and B, ignoring apparent size. Answer A larger, B larger, or equal. Explain briefly what you used in the image, then end with a confidence score from 0 to 1."
optical_illusion_1559_open_q1,optical_illusion_1559.png,"Compare the actual central elements A and B, ignoring apparent size. Answer A larger, B larger, or equal. Explain briefly what you used in the image, then end with a confidence score from 0 to 1."
optical_illusion_1560_open_q1,optical_illusion_1560.png,"Compare the actual central elements A and B, ignoring apparent size. Answer A larger, B larger, or equal. Explain briefly what you used in the image, then end with a confidence score from 0 to 1."
optical_illusion_1561_open_q1,optical_illusion_1561.png,"Compare the actual central elements A and B, ignoring apparent size. Answer A larger, B larger, or equal. Explain briefly what you used in the image, then end with a confidence score from 0 to 1."
optical_illusion_1562_open_q1,optical_illusion_1562.png,"Compare the actual central elements A and B, ignoring apparent size. Answer A larger, B larger, or equal. Explain briefly what you used in the image, then end with a confidence score from 0 to 1."
optical_illusion_1563_open_q1,optical_illusion_1563.png,"Compare the actual central elements A and B, ignoring apparent size. Answer A larger, B larger, or equal. Explain briefly what you used in the image, then end with a confidence score from 0 to 1."
optical_illusion_1564_open_q1,optical_illusion_1564.png,"Compare the actual central elements A and B, ignoring apparent size. Answer A larger, B larger, or equal. Explain briefly what you used in the image, then end with a confidence score from 0 to 1."
optical_illusion_1565_open_q1,optical_illusion_1565.png,"Compare the actual central elements A and B, ignoring apparent size. Answer A larger, B larger, or equal. Explain briefly what you used in the image, then end with a confidence score from 0 to 1."
optical_illusion_1566_open_q1,optical_illusion_1566.png,"Compare the actual central elements A and B, ignoring apparent size. Answer A larger, B larger, or equal. Explain briefly what you used in the image, then end with a confidence score from 0 to 1."
optical_illusion_1567_open_q1,optical_illusion_1567.png,"Compare the actual central elements A and B, ignoring apparent size. Answer A larger, B larger, or equal. Explain briefly what you used in the image, then end with a confidence score from 0 to 1."
optical_illusion_1568_open_q1,optical_illusion_1568.png,"Compare the actual central elements A and B, ignoring apparent size. Answer A larger, B larger, or equal. Explain briefly what you used in the image, then end with a confidence score from 0 to 1."
optical_illusion_1569_open_q1,optical_illusion_1569.png,"Compare the actual central elements A and B, ignoring apparent size. Answer A larger, B larger, or equal. Explain briefly what you used in the image, then end with a confidence score from 0 to 1."
optical_illusion_1570_open_q1,optical_illusion_1570.png,"Compare the actual central elements A and B, ignoring apparent size. Answer A larger, B larger, or equal. Explain briefly what you used in the image, then end with a confidence score from 0 to 1."
optical_illusion_1571_open_q1,optical_illusion_1571.png,"Compare the actual central elements A and B, ignoring apparent size. Answer A larger, B larger, or equal. Explain briefly what you used in the image, then end with a confidence score from 0 to 1."
optical_illusion_1572_open_q1,optical_illusion_1572.png,"Compare the actual central elements A and B, ignoring apparent size. Answer A larger, B larger, or equal. Explain briefly what you used in the image, then end with a confidence score from 0 to 1."
optical_illusion_1573_open_q1,optical_illusion_1573.png,"Compare the actual central elements A and B, ignoring apparent size. Answer A larger, B larger, or equal. Explain briefly what you used in the image, then end with a confidence score from 0 to 1."
optical_illusion_1574_open_q1,optical_illusion_1574.png,"Compare the actual central elements A and B, ignoring apparent size. Answer A larger, B larger, or equal. Explain briefly what you used in the image, then end with a confidence score from 0 to 1."
optical_illusion_1575_open_q1,optical_illusion_1575.png,"Compare the actual central elements A and B, ignoring apparent size. Answer A larger, B larger, or equal. Explain briefly what you used in the image, then end with a confidence score from 0 to 1."
optical_illusion_1576_open_q1,optical_illusion_1576.png,"Compare the actual central elements A and B, ignoring apparent size. Answer A larger, B larger, or equal. Explain briefly what you used in the image, then end with a confidence score from 0 to 1."
optical_illusion_1577_open_q1,optical_illusion_1577.png,"Compare the actual central elements A and B, ignoring apparent size. Answer A larger, B larger, or equal. Explain briefly what you used in the image, then end with a confidence score from 0 to 1."
optical_illusion_1578_open_q1,optical_illusion_1578.png,"Compare the actual central elements A and B, ignoring apparent size. Answer A larger, B larger, or equal. Explain briefly what you used in the image, then end with a confidence score from 0 to 1."
optical_illusion_1579_open_q1,optical_illusion_1579.png,"Compare the actual central elements A and B, ignoring apparent size. Answer A larger, B larger, or equal. Explain briefly what you used in the image, then end with a confidence score from 0 to 1."
optical_illusion_1580_open_q1,optical_illusion_1580.png,"Compare the actual central elements A and B, ignoring apparent size. Answer A larger, B larger, or equal. Explain briefly what you used in the image, then end with a confidence score from 0 to 1."
optical_illusion_1581_open_q1,optical_illusion_1581.png,"Compare the actual central elements A and B, ignoring apparent size. Answer A larger, B larger, or equal. Explain briefly what you used in the image, then end with a confidence score from 0 to 1."
optical_illusion_1582_open_q1,optical_illusion_1582.png,"Compare the actual central elements A and B, ignoring apparent size. Answer A larger, B larger, or equal. Explain briefly what you used in the image, then end with a confidence score from 0 to 1."
optical_illusion_1583_open_q1,optical_illusion_1583.png,"Compare the actual central elements A and B, ignoring apparent size. Answer A larger, B larger, or equal. Explain briefly what you used in the image, then end with a confidence score from 0 to 1."
optical_illusion_1584_open_q1,optical_illusion_1584.png,"Compare the actual central elements A and B, ignoring apparent size. Answer A larger, B larger, or equal. Explain briefly what you used in the image, then end with a confidence score from 0 to 1."
optical_illusion_1585_open_q1,optical_illusion_1585.png,"Compare the actual central elements A and B, ignoring apparent size. Answer A larger, B larger, or equal. Explain briefly what you used in the image, then end with a confidence score from 0 to 1."
optical_illusion_1586_open_q1,optical_illusion_1586.png,"Compare the actual central elements A and B, ignoring apparent size. Answer A larger, B larger, or equal. Explain briefly what you used in the image, then end with a confidence score from 0 to 1."
optical_illusion_1587_open_q1,optical_illusion_1587.png,"Compare the actual central elements A and B, ignoring apparent size. Answer A larger, B larger, or equal. Explain briefly what you used in the image, then end with a confidence score from 0 to 1."
optical_illusion_1588_open_q1,optical_illusion_1588.png,"Compare the actual central elements A and B, ignoring apparent size. Answer A larger, B larger, or equal. Explain briefly what you used in the image, then end with a confidence score from 0 to 1."
optical_illusion_1589_open_q1,optical_illusion_1589.png,"Compare the actual central elements A and B, ignoring apparent size. Answer A larger, B larger, or equal. Explain briefly what you used in the image, then end with a confidence score from 0 to 1."
optical_illusion_1590_open_q1,optical_illusion_1590.png,"Compare the actual central elements A and B, ignoring apparent size. Answer A larger, B larger, or equal. Explain briefly what you used in the image, then end with a confidence score from 0 to 1."
optical_illusion_1591_open_q1,optical_illusion_1591.png,"Compare the actual central elements A and B, ignoring apparent size. Answer A larger, B larger, or equal. Explain briefly what you used in the image, then end with a confidence score from 0 to 1."
optical_illusion_1592_open_q1,optical_illusion_1592.png,"Compare the actual central elements A and B, ignoring apparent size. Answer A larger, B larger, or equal. Explain briefly what you used in the image, then end with a confidence score from 0 to 1."
optical_illusion_1593_open_q1,optical_illusion_1593.png,"Compare the actual central elements A and B, ignoring apparent size. Answer A larger, B larger, or equal. Explain briefly what you used in the image, then end with a confidence score from 0 to 1."
optical_illusion_1594_open_q1,optical_illusion_1594.png,"Compare the actual central elements A and B, ignoring apparent size. Answer A larger, B larger, or equal. Explain briefly what you used in the image, then end with a confidence score from 0 to 1."
optical_illusion_1595_open_q1,optical_illusion_1595.png,"Compare the actual central elements A and B, ignoring apparent size. Answer A larger, B larger, or equal. Explain briefly what you used in the image, then end with a confidence score from 0 to 1."
optical_illusion_1596_open_q1,optical_illusion_1596.png,"Compare the actual central elements A and B, ignoring apparent size. Answer A larger, B larger, or equal. Explain briefly what you used in the image, then end with a confidence score from 0 to 1."
optical_illusion_1597_open_q1,optical_illusion_1597.png,"Compare the actual central elements A and B, ignoring apparent size. Answer A larger, B larger, or equal. Explain briefly what you used in the image, then end with a confidence score from 0 to 1."
optical_illusion_1598_open_q1,optical_illusion_1598.png,"Compare the actual central elements A and B, ignoring apparent size. Answer A larger, B larger, or equal. Explain briefly what you used in the image, then end with a confidence score from 0 to 1."
optical_illusion_1599_open_q1,optical_illusion_1599.png,"Compare the actual central elements A and B, ignoring apparent size. Answer A larger, B larger, or equal. Explain briefly what you used in the image, then end with a confidence score from 0 to 1."
optical_illusion_1600_open_q1,optical_illusion_1600.png,"Compare the actual central elements A and B, ignoring apparent size. Answer A larger, B larger, or equal. Explain briefly what you used in the image, then end with a confidence score from 0 to 1."
optical_illusion_1601_open_q1,optical_illusion_1601.png,"Compare the actual central elements A and B, ignoring apparent size. Answer A larger, B larger, or equal. Explain briefly what you used in the image, then end with a confidence score from 0 to 1."
optical_illusion_1602_open_q1,optical_illusion_1602.png,"Compare the actual central elements A and B, ignoring apparent size. Answer A larger, B larger, or equal. Explain briefly what you used in the image, then end with a confidence score from 0 to 1."
optical_illusion_1603_open_q1,optical_illusion_1603.png,"Compare the actual central elements A and B, ignoring apparent size. Answer A larger, B larger, or equal. Explain briefly what you used in the image, then end with a confidence score from 0 to 1."
optical_illusion_1604_open_q1,optical_illusion_1604.png,"Compare the actual central elements A and B, ignoring apparent size. Answer A larger, B larger, or equal. Explain briefly what you used in the image, then end with a confidence score from 0 to 1."
optical_illusion_1605_open_q1,optical_illusion_1605.png,"Compare the actual central elements A and B, ignoring apparent size. Answer A larger, B larger, or equal. Explain briefly what you used in the image, then end with a confidence score from 0 to 1."
optical_illusion_1606_open_q1,optical_illusion_1606.png,"Compare the actual central elements A and B, ignoring apparent size. Answer A larger, B larger, or equal. Explain briefly what you used in the image, then end with a confidence score from 0 to 1."
optical_illusion_1607_open_q1,optical_illusion_1607.png,"Compare the actual central elements A and B, ignoring apparent size. Answer A larger, B larger, or equal. Explain briefly what you used in the image, then end with a confidence score from 0 to 1."
optical_illusion_1608_open_q1,optical_illusion_1608.png,"Compare the actual central elements A and B, ignoring apparent size. Answer A larger, B larger, or equal. Explain briefly what you used in the image, then end with a confidence score from 0 to 1."
optical_illusion_1609_open_q1,optical_illusion_1609.png,"Compare the actual central elements A and B, ignoring apparent size. Answer A larger, B larger, or equal. Explain briefly what you used in the image, then end with a confidence score from 0 to 1."
optical_illusion_1610_open_q1,optical_illusion_1610.png,"Compare the actual central elements A and B, ignoring apparent size. Answer A larger, B larger, or equal. Explain briefly what you used in the image, then end with a confidence score from 0 to 1."
optical_illusion_1611_open_q1,optical_illusion_1611.png,"Compare the actual central elements A and B, ignoring apparent size. Answer A larger, B larger, or equal. Explain briefly what you used in the image, then end with a confidence score from 0 to 1."
optical_illusion_1612_open_q1,optical_illusion_1612.png,"Compare the actual central elements A and B, ignoring apparent size. Answer A larger, B larger, or equal. Explain briefly what you used in the image, then end with a confidence score from 0 to 1."
optical_illusion_1613_open_q1,optical_illusion_1613.png,"Compare the actual central elements A and B, ignoring apparent size. Answer A larger, B larger, or equal. Explain briefly what you used in the image, then end with a confidence score from 0 to 1."
optical_illusion_1614_open_q1,optical_illusion_1614.png,"Compare the actual central elements A and B, ignoring apparent size. Answer A larger, B larger, or equal. Explain briefly what you used in the image, then end with a confidence score from 0 to 1."
optical_illusion_1615_open_q1,optical_illusion_1615.png,"Compare the actual central elements A and B, ignoring apparent size. Answer A larger, B larger, or equal. Explain briefly what you used in the image, then end with a confidence score from 0 to 1."
optical_illusion_1616_open_q1,optical_illusion_1616.png,"Compare the actual central elements A and B, ignoring apparent size. Answer A larger, B larger, or equal. Explain briefly what you used in the image, then end with a confidence score from 0 to 1."
optical_illusion_1617_open_q1,optical_illusion_1617.png,"Compare the actual central elements A and B, ignoring apparent size. Answer A larger, B larger, or equal. Explain briefly what you used in the image, then end with a confidence score from 0 to 1."
optical_illusion_1618_open_q1,optical_illusion_1618.png,"Compare the actual central elements A and B, ignoring apparent size. Answer A larger, B larger, or equal. Explain briefly what you used in the image, then end with a confidence score from 0 to 1."
optical_illusion_1619_open_q1,optical_illusion_1619.png,"Compare the actual central elements A and B, ignoring apparent size. Answer A larger, B larger, or equal. Explain briefly what you used in the image, then end with a confidence score from 0 to 1."
optical_illusion_1620_open_q1,optical_illusion_1620.png,"Compare the actual central elements A and B, ignoring apparent size. Answer A larger, B larger, or equal. Explain briefly what you used in the image, then end with a confidence score from 0 to 1."
optical_illusion_1621_open_q1,optical_illusion_1621.png,"Compare the actual central elements A and B, ignoring apparent size. Answer A larger, B larger, or equal. Explain briefly what you used in the image, then end with a confidence score from 0 to 1."
optical_illusion_1622_open_q1,optical_illusion_1622.png,"Compare the actual central elements A and B, ignoring apparent size. Answer A larger, B larger, or equal. Explain briefly what you used in the image, then end with a confidence score from 0 to 1."
optical_illusion_1623_open_q1,optical_illusion_1623.png,"Compare the actual central elements A and B, ignoring apparent size. Answer A larger, B larger, or equal. Explain briefly what you used in the image, then end with a confidence score from 0 to 1."
optical_illusion_1624_open_q1,optical_illusion_1624.png,"Compare the actual central elements A and B, ignoring apparent size. Answer A larger, B larger, or equal. Explain briefly what you used in the image, then end with a confidence score from 0 to 1."
optical_illusion_1625_open_q1,optical_illusion_1625.png,"Compare the actual central elements A and B, ignoring apparent size. Answer A larger, B larger, or equal. Explain briefly what you used in the image, then end with a confidence score from 0 to 1."
optical_illusion_1626_open_q1,optical_illusion_1626.png,"Compare the actual central elements A and B, ignoring apparent size. Answer A larger, B larger, or equal. Explain briefly what you used in the image, then end with a confidence score from 0 to 1."
optical_illusion_1627_open_q1,optical_illusion_1627.png,"Compare the actual central elements A and B, ignoring apparent size. Answer A larger, B larger, or equal. Explain briefly what you used in the image, then end with a confidence score from 0 to 1."
optical_illusion_1628_open_q1,optical_illusion_1628.png,"Compare the actual central elements A and B, ignoring apparent size. Answer A larger, B larger, or equal. Explain briefly what you used in the image, then end with a confidence score from 0 to 1."
optical_illusion_1629_open_q1,optical_illusion_1629.png,"Compare the actual central elements A and B, ignoring apparent size. Answer A larger, B larger, or equal. Explain briefly what you used in the image, then end with a confidence score from 0 to 1."
optical_illusion_1630_open_q1,optical_illusion_1630.png,"Compare the actual central elements A and B, ignoring apparent size. Answer A larger, B larger, or equal. Explain briefly what you used in the image, then end with a confidence score from 0 to 1."
optical_illusion_1631_open_q1,optical_illusion_1631.png,"Compare the actual central elements A and B, ignoring apparent size. Answer A larger, B larger, or equal. Explain briefly what you used in the image, then end with a confidence score from 0 to 1."
optical_illusion_1632_open_q1,optical_illusion_1632.png,"Compare the actual central elements A and B, ignoring apparent size. Answer A larger, B larger, or equal. Explain briefly what you used in the image, then end with a confidence score from 0 to 1."
optical_illusion_1633_open_q1,optical_illusion_1633.png,"Compare the actual central elements A and B, ignoring apparent size. Answer A larger, B larger, or equal. Explain briefly what you used in the image, then end with a confidence score from 0 to 1."
optical_illusion_1634_open_q1,optical_illusion_1634.png,"Compare the actual central elements A and B, ignoring apparent size. Answer A larger, B larger, or equal. Explain briefly what you used in the image, then end with a confidence score from 0 to 1."
optical_illusion_1635_open_q1,optical_illusion_1635.png,"Compare the actual central elements A and B, ignoring apparent size. Answer A larger, B larger, or equal. Explain briefly what you used in the image, then end with a confidence score from 0 to 1."
optical_illusion_1636_open_q1,optical_illusion_1636.png,"Compare the actual central elements A and B, ignoring apparent size. Answer A larger, B larger, or equal. Explain briefly what you used in the image, then end with a confidence score from 0 to 1."
optical_illusion_1637_open_q1,optical_illusion_1637.png,"Compare the actual central elements A and B, ignoring apparent size. Answer A larger, B larger, or equal. Explain briefly what you used in the image, then end with a confidence score from 0 to 1."
optical_illusion_1638_open_q1,optical_illusion_1638.png,"Compare the actual central elements A and B, ignoring apparent size. Answer A larger, B larger, or equal. Explain briefly what you used in the image, then end with a confidence score from 0 to 1."
optical_illusion_1639_open_q1,optical_illusion_1639.png,"Compare the actual central elements A and B, ignoring apparent size. Answer A larger, B larger, or equal. Explain briefly what you used in the image, then end with a confidence score from 0 to 1."
optical_illusion_1640_open_q1,optical_illusion_1640.png,"Compare the actual central elements A and B, ignoring apparent size. Answer A larger, B larger, or equal. Explain briefly what you used in the image, then end with a confidence score from 0 to 1."
optical_illusion_1641_open_q1,optical_illusion_1641.png,"Compare the actual central elements A and B, ignoring apparent size. Answer A larger, B larger, or equal. Explain briefly what you used in the image, then end with a confidence score from 0 to 1."
optical_illusion_1642_open_q1,optical_illusion_1642.png,"Compare the actual central elements A and B, ignoring apparent size. Answer A larger, B larger, or equal. Explain briefly what you used in the image, then end with a confidence score from 0 to 1."
optical_illusion_1643_open_q1,optical_illusion_1643.png,"Compare the actual central elements A and B, ignoring apparent size. Answer A larger, B larger, or equal. Explain briefly what you used in the image, then end with a confidence score from 0 to 1."
optical_illusion_1644_open_q1,optical_illusion_1644.png,"Compare the actual central elements A and B, ignoring apparent size. Answer A larger, B larger, or equal. Explain briefly what you used in the image, then end with a confidence score from 0 to 1."
optical_illusion_1645_open_q1,optical_illusion_1645.png,"Compare the actual central elements A and B, ignoring apparent size. Answer A larger, B larger, or equal. Explain briefly what you used in the image, then end with a confidence score from 0 to 1."
optical_illusion_1646_open_q1,optical_illusion_1646.png,"Compare the actual central elements A and B, ignoring apparent size. Answer A larger, B larger, or equal. Explain briefly what you used in the image, then end with a confidence score from 0 to 1."
optical_illusion_1647_open_q1,optical_illusion_1647.png,"Compare the actual central elements A and B, ignoring apparent size. Answer A larger, B larger, or equal. Explain briefly what you used in the image, then end with a confidence score from 0 to 1."
optical_illusion_1648_open_q1,optical_illusion_1648.png,"Compare the actual central elements A and B, ignoring apparent size. Answer A larger, B larger, or equal. Explain briefly what you used in the image, then end with a confidence score from 0 to 1."
optical_illusion_1649_open_q1,optical_illusion_1649.png,"Compare the actual central elements A and B, ignoring apparent size. Answer A larger, B larger, or equal. Explain briefly what you used in the image, then end with a confidence score from 0 to 1."
optical_illusion_1650_open_q1,optical_illusion_1650.png,"Compare the actual central elements A and B, ignoring apparent size. Answer A larger, B larger, or equal. Explain briefly what you used in the image, then end with a confidence score from 0 to 1."
optical_illusion_1651_open_q1,optical_illusion_1651.png,"Compare the actual central elements A and B, ignoring apparent size. Answer A larger, B larger, or equal. Explain briefly what you used in the image, then end with a confidence score from 0 to 1."
optical_illusion_1652_open_q1,optical_illusion_1652.png,"Compare the actual central elements A and B, ignoring apparent size. Answer A larger, B larger, or equal. Explain briefly what you used in the image, then end with a confidence score from 0 to 1."
optical_illusion_1653_open_q1,optical_illusion_1653.png,"Compare the actual central elements A and B, ignoring apparent size. Answer A larger, B larger, or equal. Explain briefly what you used in the image, then end with a confidence score from 0 to 1."
optical_illusion_1654_open_q1,optical_illusion_1654.png,"Compare the actual central elements A and B, ignoring apparent size. Answer A larger, B larger, or equal. Explain briefly what you used in the image, then end with a confidence score from 0 to 1."
optical_illusion_1655_open_q1,optical_illusion_1655.png,"Compare the actual central elements A and B, ignoring apparent size. Answer A larger, B larger, or equal. Explain briefly what you used in the image, then end with a confidence score from 0 to 1."
optical_illusion_1656_open_q1,optical_illusion_1656.png,"Compare the actual central elements A and B, ignoring apparent size. Answer A larger, B larger, or equal. Explain briefly what you used in the image, then end with a confidence score from 0 to 1."
optical_illusion_1657_open_q1,optical_illusion_1657.png,"Compare the actual central elements A and B, ignoring apparent size. Answer A larger, B larger, or equal. Explain briefly what you used in the image, then end with a confidence score from 0 to 1."
optical_illusion_1658_open_q1,optical_illusion_1658.png,"Compare the actual central elements A and B, ignoring apparent size. Answer A larger, B larger, or equal. Explain briefly what you used in the image, then end with a confidence score from 0 to 1."
optical_illusion_1659_open_q1,optical_illusion_1659.png,"Compare the actual central elements A and B, ignoring apparent size. Answer A larger, B larger, or equal. Explain briefly what you used in the image, then end with a confidence score from 0 to 1."
optical_illusion_1660_open_q1,optical_illusion_1660.png,"Compare the actual central elements A and B, ignoring apparent size. Answer A larger, B larger, or equal. Explain briefly what you used in the image, then end with a confidence score from 0 to 1."
optical_illusion_1661_open_q1,optical_illusion_1661.png,"Compare the actual central elements A and B, ignoring apparent size. Answer A larger, B larger, or equal. Explain briefly what you used in the image, then end with a confidence score from 0 to 1."
optical_illusion_1662_open_q1,optical_illusion_1662.png,"Compare the actual central elements A and B, ignoring apparent size. Answer A larger, B larger, or equal. Explain briefly what you used in the image, then end with a confidence score from 0 to 1."
optical_illusion_1663_open_q1,optical_illusion_1663.png,"Compare the actual central elements A and B, ignoring apparent size. Answer A larger, B larger, or equal. Explain briefly what you used in the image, then end with a confidence score from 0 to 1."
optical_illusion_1664_open_q1,optical_illusion_1664.png,"Compare the actual central elements A and B, ignoring apparent size. Answer A larger, B larger, or equal. Explain briefly what you used in the image, then end with a confidence score from 0 to 1."
optical_illusion_1665_open_q1,optical_illusion_1665.png,"Compare the actual central elements A and B, ignoring apparent size. Answer A larger, B larger, or equal. Explain briefly what you used in the image, then end with a confidence score from 0 to 1."
optical_illusion_1666_open_q1,optical_illusion_1666.png,"Compare the actual central elements A and B, ignoring apparent size. Answer A larger, B larger, or equal. Explain briefly what you used in the image, then end with a confidence score from 0 to 1."
optical_illusion_1667_open_q1,optical_illusion_1667.png,"Compare the actual central elements A and B, ignoring apparent size. Answer A larger, B larger, or equal. Explain briefly what you used in the image, then end with a confidence score from 0 to 1."
optical_illusion_1668_open_q1,optical_illusion_1668.png,"Compare the actual central elements A and B, ignoring apparent size. Answer A larger, B larger, or equal. Explain briefly what you used in the image, then end with a confidence score from 0 to 1."
optical_illusion_1669_open_q1,optical_illusion_1669.png,"Compare the actual central elements A and B, ignoring apparent size. Answer A larger, B larger, or equal. Explain briefly what you used in the image, then end with a confidence score from 0 to 1."
optical_illusion_1670_open_q1,optical_illusion_1670.png,"Compare the actual central elements A and B, ignoring apparent size. Answer A larger, B larger, or equal. Explain briefly what you used in the image, then end with a confidence score from 0 to 1."
optical_illusion_1671_open_q1,optical_illusion_1671.png,"Compare the actual central elements A and B, ignoring apparent size. Answer A larger, B larger, or equal. Explain briefly what you used in the image, then end with a confidence score from 0 to 1."
optical_illusion_1672_open_q1,optical_illusion_1672.png,"Compare the actual central elements A and B, ignoring apparent size. Answer A larger, B larger, or equal. Explain briefly what you used in the image, then end with a confidence score from 0 to 1."
optical_illusion_1673_open_q1,optical_illusion_1673.png,"Compare the actual central elements A and B, ignoring apparent size. Answer A larger, B larger, or equal. Explain briefly what you used in the image, then end with a confidence score from 0 to 1."
optical_illusion_1674_open_q1,optical_illusion_1674.png,"Compare the actual central elements A and B, ignoring apparent size. Answer A larger, B larger, or equal. Explain briefly what you used in the image, then end with a confidence score from 0 to 1."
optical_illusion_1675_open_q1,optical_illusion_1675.png,"Compare the actual central elements A and B, ignoring apparent size. Answer A larger, B larger, or equal. Explain briefly what you used in the image, then end with a confidence score from 0 to 1."
optical_illusion_1676_open_q1,optical_illusion_1676.png,"Compare the actual central elements A and B, ignoring apparent size. Answer A larger, B larger, or equal. Explain briefly what you used in the image, then end with a confidence score from 0 to 1."
optical_illusion_1677_open_q1,optical_illusion_1677.png,"Compare the actual central elements A and B, ignoring apparent size. Answer A larger, B larger, or equal. Explain briefly what you used in the image, then end with a confidence score from 0 to 1."
optical_illusion_1678_open_q1,optical_illusion_1678.png,"Compare the actual central elements A and B, ignoring apparent size. Answer A larger, B larger, or equal. Explain briefly what you used in the image, then end with a confidence score from 0 to 1."
optical_illusion_1679_open_q1,optical_illusion_1679.png,"Compare the actual central elements A and B, ignoring apparent size. Answer A larger, B larger, or equal. Explain briefly what you used in the image, then end with a confidence score from 0 to 1."
optical_illusion_1680_open_q1,optical_illusion_1680.png,"Compare the actual central elements A and B, ignoring apparent size. Answer A larger, B larger, or equal. Explain briefly what you used in the image, then end with a confidence score from 0 to 1."
optical_illusion_1681_open_q1,optical_illusion_1681.png,"Compare the actual central elements A and B, ignoring apparent size. Answer A larger, B larger, or equal. Explain briefly what you used in the image, then end with a confidence score from 0 to 1."
optical_illusion_1682_open_q1,optical_illusion_1682.png,"Compare the actual central elements A and B, ignoring apparent size. Answer A larger, B larger, or equal. Explain briefly what you used in the image, then end with a confidence score from 0 to 1."
optical_illusion_1683_open_q1,optical_illusion_1683.png,"Compare the actual central elements A and B, ignoring apparent size. Answer A larger, B larger, or equal. Explain briefly what you used in the image, then end with a confidence score from 0 to 1."
optical_illusion_1684_open_q1,optical_illusion_1684.png,"Compare the actual central elements A and B, ignoring apparent size. Answer A larger, B larger, or equal. Explain briefly what you used in the image, then end with a confidence score from 0 to 1."
optical_illusion_1685_open_q1,optical_illusion_1685.png,"Compare the actual central elements A and B, ignoring apparent size. Answer A larger, B larger, or equal. Explain briefly what you used in the image, then end with a confidence score from 0 to 1."
optical_illusion_1686_open_q1,optical_illusion_1686.png,"Compare the actual central elements A and B, ignoring apparent size. Answer A larger, B larger, or equal. Explain briefly what you used in the image, then end with a confidence score from 0 to 1."
optical_illusion_1687_open_q1,optical_illusion_1687.png,"Compare the actual central elements A and B, ignoring apparent size. Answer A larger, B larger, or equal. Explain briefly what you used in the image, then end with a confidence score from 0 to 1."
optical_illusion_1688_open_q1,optical_illusion_1688.png,"Compare the actual central elements A and B, ignoring apparent size. Answer A larger, B larger, or equal. Explain briefly what you used in the image, then end with a confidence score from 0 to 1."
optical_illusion_1689_open_q1,optical_illusion_1689.png,"Compare the actual central elements A and B, ignoring apparent size. Answer A larger, B larger, or equal. Explain briefly what you used in the image, then end with a confidence score from 0 to 1."
optical_illusion_1690_open_q1,optical_illusion_1690.png,"Compare the actual central elements A and B, ignoring apparent size. Answer A larger, B larger, or equal. Explain briefly what you used in the image, then end with a confidence score from 0 to 1."
optical_illusion_1691_open_q1,optical_illusion_1691.png,"Compare the actual central elements A and B, ignoring apparent size. Answer A larger, B larger, or equal. Explain briefly what you used in the image, then end with a confidence score from 0 to 1."
optical_illusion_1692_open_q1,optical_illusion_1692.png,"Compare the actual central elements A and B, ignoring apparent size. Answer A larger, B larger, or equal. Explain briefly what you used in the image, then end with a confidence score from 0 to 1."
optical_illusion_1693_open_q1,optical_illusion_1693.png,"Compare the actual central elements A and B, ignoring apparent size. Answer A larger, B larger, or equal. Explain briefly what you used in the image, then end with a confidence score from 0 to 1."
optical_illusion_1694_open_q1,optical_illusion_1694.png,"Compare the actual central elements A and B, ignoring apparent size. Answer A larger, B larger, or equal. Explain briefly what you used in the image, then end with a confidence score from 0 to 1."
optical_illusion_1695_open_q1,optical_illusion_1695.png,"Compare the actual central elements A and B, ignoring apparent size. Answer A larger, B larger, or equal. Explain briefly what you used in the image, then end with a confidence score from 0 to 1."
optical_illusion_1696_open_q1,optical_illusion_1696.png,"Compare the actual central elements A and B, ignoring apparent size. Answer A larger, B larger, or equal. Explain briefly what you used in the image, then end with a confidence score from 0 to 1."
optical_illusion_1697_open_q1,optical_illusion_1697.png,"Compare the actual central elements A and B, ignoring apparent size. Answer A larger, B larger, or equal. Explain briefly what you used in the image, then end with a confidence score from 0 to 1."
optical_illusion_1698_open_q1,optical_illusion_1698.png,"Compare the actual central elements A and B, ignoring apparent size. Answer A larger, B larger, or equal. Explain briefly what you used in the image, then end with a confidence score from 0 to 1."
optical_illusion_1699_open_q1,optical_illusion_1699.png,"Compare the actual central elements A and B, ignoring apparent size. Answer A larger, B larger, or equal. Explain briefly what you used in the image, then end with a confidence score from 0 to 1."
optical_illusion_1700_open_q1,optical_illusion_1700.png,"Compare the actual central elements A and B, ignoring apparent size. Answer A larger, B larger, or equal. Explain briefly what you used in the image, then end with a confidence score from 0 to 1."
optical_illusion_1701_open_q1,optical_illusion_1701.png,"Compare the actual central elements A and B, ignoring apparent size. Answer A larger, B larger, or equal. Explain briefly what you used in the image, then end with a confidence score from 0 to 1."
optical_illusion_1702_open_q1,optical_illusion_1702.png,"Compare the actual central elements A and B, ignoring apparent size. Answer A larger, B larger, or equal. Explain briefly what you used in the image, then end with a confidence score from 0 to 1."
optical_illusion_1703_open_q1,optical_illusion_1703.png,"Compare the actual central elements A and B, ignoring apparent size. Answer A larger, B larger, or equal. Explain briefly what you used in the image, then end with a confidence score from 0 to 1."
optical_illusion_1704_open_q1,optical_illusion_1704.png,"Compare the actual central elements A and B, ignoring apparent size. Answer A larger, B larger, or equal. Explain briefly what you used in the image, then end with a confidence score from 0 to 1."
optical_illusion_1705_open_q1,optical_illusion_1705.png,"Compare the actual central elements A and B, ignoring apparent size. Answer A larger, B larger, or equal. Explain briefly what you used in the image, then end with a confidence score from 0 to 1."
optical_illusion_1706_open_q1,optical_illusion_1706.png,"Compare the actual central elements A and B, ignoring apparent size. Answer A larger, B larger, or equal. Explain briefly what you used in the image, then end with a confidence score from 0 to 1."
optical_illusion_1707_open_q1,optical_illusion_1707.png,"Compare the actual central elements A and B, ignoring apparent size. Answer A larger, B larger, or equal. Explain briefly what you used in the image, then end with a confidence score from 0 to 1."
optical_illusion_1708_open_q1,optical_illusion_1708.png,"Compare the actual central elements A and B, ignoring apparent size. Answer A larger, B larger, or equal. Explain briefly what you used in the image, then end with a confidence score from 0 to 1."
optical_illusion_1709_open_q1,optical_illusion_1709.png,"Compare the actual central elements A and B, ignoring apparent size. Answer A larger, B larger, or equal. Explain briefly what you used in the image, then end with a confidence score from 0 to 1."
optical_illusion_1710_open_q1,optical_illusion_1710.png,"Compare the actual central elements A and B, ignoring apparent size. Answer A larger, B larger, or equal. Explain briefly what you used in the image, then end with a confidence score from 0 to 1."
optical_illusion_1711_open_q1,optical_illusion_1711.png,"Compare the actual central elements A and B, ignoring apparent size. Answer A larger, B larger, or equal. Explain briefly what you used in the image, then end with a confidence score from 0 to 1."
optical_illusion_1712_open_q1,optical_illusion_1712.png,"Compare the actual central elements A and B, ignoring apparent size. Answer A larger, B larger, or equal. Explain briefly what you used in the image, then end with a confidence score from 0 to 1."
optical_illusion_1713_open_q1,optical_illusion_1713.png,"Compare the actual central elements A and B, ignoring apparent size. Answer A larger, B larger, or equal. Explain briefly what you used in the image, then end with a confidence score from 0 to 1."
optical_illusion_1714_open_q1,optical_illusion_1714.png,"Compare the actual central elements A and B, ignoring apparent size. Answer A larger, B larger, or equal. Explain briefly what you used in the image, then end with a confidence score from 0 to 1."
optical_illusion_1715_open_q1,optical_illusion_1715.png,"Compare the actual central elements A and B, ignoring apparent size. Answer A larger, B larger, or equal. Explain briefly what you used in the image, then end with a confidence score from 0 to 1."
optical_illusion_1716_open_q1,optical_illusion_1716.png,"Compare the actual central elements A and B, ignoring apparent size. Answer A larger, B larger, or equal. Explain briefly what you used in the image, then end with a confidence score from 0 to 1."
optical_illusion_1717_open_q1,optical_illusion_1717.png,"Compare the actual central elements A and B, ignoring apparent size. Answer A larger, B larger, or equal. Explain briefly what you used in the image, then end with a confidence score from 0 to 1."
optical_illusion_1718_open_q1,optical_illusion_1718.png,"Compare the actual central elements A and B, ignoring apparent size. Answer A larger, B larger, or equal. Explain briefly what you used in the image, then end with a confidence score from 0 to 1."
optical_illusion_1719_open_q1,optical_illusion_1719.png,"Compare the actual central elements A and B, ignoring apparent size. Answer A larger, B larger, or equal. Explain briefly what you used in the image, then end with a confidence score from 0 to 1."
optical_illusion_1720_open_q1,optical_illusion_1720.png,"Compare the actual central elements A and B, ignoring apparent size. Answer A larger, B larger, or equal. Explain briefly what you used in the image, then end with a confidence score from 0 to 1."
optical_illusion_1721_open_q1,optical_illusion_1721.png,"Compare the actual central elements A and B, ignoring apparent size. Answer A larger, B larger, or equal. Explain briefly what you used in the image, then end with a confidence score from 0 to 1."
optical_illusion_1722_open_q1,optical_illusion_1722.png,"Compare the actual central elements A and B, ignoring apparent size. Answer A larger, B larger, or equal. Explain briefly what you used in the image, then end with a confidence score from 0 to 1."
optical_illusion_1723_open_q1,optical_illusion_1723.png,"Compare the actual central elements A and B, ignoring apparent size. Answer A larger, B larger, or equal. Explain briefly what you used in the image, then end with a confidence score from 0 to 1."
optical_illusion_1724_open_q1,optical_illusion_1724.png,"Compare the actual central elements A and B, ignoring apparent size. Answer A larger, B larger, or equal. Explain briefly what you used in the image, then end with a confidence score from 0 to 1."
optical_illusion_1725_open_q1,optical_illusion_1725.png,"Compare the actual central elements A and B, ignoring apparent size. Answer A larger, B larger, or equal. Explain briefly what you used in the image, then end with a confidence score from 0 to 1."
optical_illusion_1726_open_q1,optical_illusion_1726.png,"Compare the actual central elements A and B, ignoring apparent size. Answer A larger, B larger, or equal. Explain briefly what you used in the image, then end with a confidence score from 0 to 1."
optical_illusion_1727_open_q1,optical_illusion_1727.png,"Compare the actual central elements A and B, ignoring apparent size. Answer A larger, B larger, or equal. Explain briefly what you used in the image, then end with a confidence score from 0 to 1."
optical_illusion_1728_open_q1,optical_illusion_1728.png,"Compare the actual central elements A and B, ignoring apparent size. Answer A larger, B larger, or equal. Explain briefly what you used in the image, then end with a confidence score from 0 to 1."
optical_illusion_1729_open_q1,optical_illusion_1729.png,"Compare the actual central elements A and B, ignoring apparent size. Answer A larger, B larger, or equal. Explain briefly what you used in the image, then end with a confidence score from 0 to 1."
optical_illusion_1730_open_q1,optical_illusion_1730.png,"Compare the actual central elements A and B, ignoring apparent size. Answer A larger, B larger, or equal. Explain briefly what you used in the image, then end with a confidence score from 0 to 1."
optical_illusion_1731_open_q1,optical_illusion_1731.png,"Compare the actual central elements A and B, ignoring apparent size. Answer A larger, B larger, or equal. Explain briefly what you used in the image, then end with a confidence score from 0 to 1."
optical_illusion_1732_open_q1,optical_illusion_1732.png,"Compare the actual central elements A and B, ignoring apparent size. Answer A larger, B larger, or equal. Explain briefly what you used in the image, then end with a confidence score from 0 to 1."
optical_illusion_1733_open_q1,optical_illusion_1733.png,"Compare the actual central elements A and B, ignoring apparent size. Answer A larger, B larger, or equal. Explain briefly what you used in the image, then end with a confidence score from 0 to 1."
optical_illusion_1734_open_q1,optical_illusion_1734.png,"Compare the actual central elements A and B, ignoring apparent size. Answer A larger, B larger, or equal. Explain briefly what you used in the image, then end with a confidence score from 0 to 1."
optical_illusion_1735_open_q1,optical_illusion_1735.png,"Compare the actual central elements A and B, ignoring apparent size. Answer A larger, B larger, or equal. Explain briefly what you used in the image, then end with a confidence score from 0 to 1."
optical_illusion_1736_open_q1,optical_illusion_1736.png,"Compare the actual central elements A and B, ignoring apparent size. Answer A larger, B larger, or equal. Explain briefly what you used in the image, then end with a confidence score from 0 to 1."
optical_illusion_1737_open_q1,optical_illusion_1737.png,"Compare the actual central elements A and B, ignoring apparent size. Answer A larger, B larger, or equal. Explain briefly what you used in the image, then end with a confidence score from 0 to 1."
optical_illusion_1738_open_q1,optical_illusion_1738.png,"Compare the actual central elements A and B, ignoring apparent size. Answer A larger, B larger, or equal. Explain briefly what you used in the image, then end with a confidence score from 0 to 1."
optical_illusion_1739_open_q1,optical_illusion_1739.png,"Compare the actual central elements A and B, ignoring apparent size. Answer A larger, B larger, or equal. Explain briefly what you used in the image, then end with a confidence score from 0 to 1."
optical_illusion_1740_open_q1,optical_illusion_1740.png,"Compare the actual central elements A and B, ignoring apparent size. Answer A larger, B larger, or equal. Explain briefly what you used in the image, then end with a confidence score from 0 to 1."
optical_illusion_1741_open_q1,optical_illusion_1741.png,"Compare the actual central elements A and B, ignoring apparent size. Answer A larger, B larger, or equal. Explain briefly what you used in the image, then end with a confidence score from 0 to 1."
optical_illusion_1742_open_q1,optical_illusion_1742.png,"Compare the actual central elements A and B, ignoring apparent size. Answer A larger, B larger, or equal. Explain briefly what you used in the image, then end with a confidence score from 0 to 1."
optical_illusion_1743_open_q1,optical_illusion_1743.png,"Compare the actual central elements A and B, ignoring apparent size. Answer A larger, B larger, or equal. Explain briefly what you used in the image, then end with a confidence score from 0 to 1."
optical_illusion_1744_open_q1,optical_illusion_1744.png,"Compare the actual central elements A and B, ignoring apparent size. Answer A larger, B larger, or equal. Explain briefly what you used in the image, then end with a confidence score from 0 to 1."
optical_illusion_1745_open_q1,optical_illusion_1745.png,"Compare the actual central elements A and B, ignoring apparent size. Answer A larger, B larger, or equal. Explain briefly what you used in the image, then end with a confidence score from 0 to 1."
optical_illusion_1746_open_q1,optical_illusion_1746.png,"Compare the actual central elements A and B, ignoring apparent size. Answer A larger, B larger, or equal. Explain briefly what you used in the image, then end with a confidence score from 0 to 1."
optical_illusion_1747_open_q1,optical_illusion_1747.png,"Compare the actual central elements A and B, ignoring apparent size. Answer A larger, B larger, or equal. Explain briefly what you used in the image, then end with a confidence score from 0 to 1."
optical_illusion_1748_open_q1,optical_illusion_1748.png,"Compare the actual central elements A and B, ignoring apparent size. Answer A larger, B larger, or equal. Explain briefly what you used in the image, then end with a confidence score from 0 to 1."
optical_illusion_1749_open_q1,optical_illusion_1749.png,"Compare the actual central elements A and B, ignoring apparent size. Answer A larger, B larger, or equal. Explain briefly what you used in the image, then end with a confidence score from 0 to 1."
optical_illusion_1750_open_q1,optical_illusion_1750.png,"Compare the actual central elements A and B, ignoring apparent size. Answer A larger, B larger, or equal. Explain briefly what you used in the image, then end with a confidence score from 0 to 1."
optical_illusion_1751_open_q1,optical_illusion_1751.png,"Compare the actual central elements A and B, ignoring apparent size. Answer A larger, B larger, or equal. Explain briefly what you used in the image, then end with a confidence score from 0 to 1."
optical_illusion_1752_open_q1,optical_illusion_1752.png,"Compare the actual central elements A and B, ignoring apparent size. Answer A larger, B larger, or equal. Explain briefly what you used in the image, then end with a confidence score from 0 to 1."
optical_illusion_1753_open_q1,optical_illusion_1753.png,"Compare the actual central elements A and B, ignoring apparent size. Answer A larger, B larger, or equal. Explain briefly what you used in the image, then end with a confidence score from 0 to 1."
optical_illusion_1754_open_q1,optical_illusion_1754.png,"Compare the actual central elements A and B, ignoring apparent size. Answer A larger, B larger, or equal. Explain briefly what you used in the image, then end with a confidence score from 0 to 1."
optical_illusion_1755_open_q1,optical_illusion_1755.png,"Compare the actual central elements A and B, ignoring apparent size. Answer A larger, B larger, or equal. Explain briefly what you used in the image, then end with a confidence score from 0 to 1."
optical_illusion_1756_open_q1,optical_illusion_1756.png,"Compare the actual central elements A and B, ignoring apparent size. Answer A larger, B larger, or equal. Explain briefly what you used in the image, then end with a confidence score from 0 to 1."
optical_illusion_1757_open_q1,optical_illusion_1757.png,"Compare the actual central elements A and B, ignoring apparent size. Answer A larger, B larger, or equal. Explain briefly what you used in the image, then end with a confidence score from 0 to 1."
optical_illusion_1758_open_q1,optical_illusion_1758.png,"Compare the actual central elements A and B, ignoring apparent size. Answer A larger, B larger, or equal. Explain briefly what you used in the image, then end with a confidence score from 0 to 1."
optical_illusion_1759_open_q1,optical_illusion_1759.png,"Compare the actual central elements A and B, ignoring apparent size. Answer A larger, B larger, or equal. Explain briefly what you used in the image, then end with a confidence score from 0 to 1."
optical_illusion_1760_open_q1,optical_illusion_1760.png,"Compare the actual central elements A and B, ignoring apparent size. Answer A larger, B larger, or equal. Explain briefly what you used in the image, then end with a confidence score from 0 to 1."
optical_illusion_1761_open_q1,optical_illusion_1761.png,"Compare the actual central elements A and B, ignoring apparent size. Answer A larger, B larger, or equal. Explain briefly what you used in the image, then end with a confidence score from 0 to 1."
optical_illusion_1762_open_q1,optical_illusion_1762.png,"Compare the actual central elements A and B, ignoring apparent size. Answer A larger, B larger, or equal. Explain briefly what you used in the image, then end with a confidence score from 0 to 1."
optical_illusion_1763_open_q1,optical_illusion_1763.png,"Compare the actual central elements A and B, ignoring apparent size. Answer A larger, B larger, or equal. Explain briefly what you used in the image, then end with a confidence score from 0 to 1."
optical_illusion_1764_open_q1,optical_illusion_1764.png,"Compare the actual central elements A and B, ignoring apparent size. Answer A larger, B larger, or equal. Explain briefly what you used in the image, then end with a confidence score from 0 to 1."
optical_illusion_1765_open_q1,optical_illusion_1765.png,"Compare the actual central elements A and B, ignoring apparent size. Answer A larger, B larger, or equal. Explain briefly what you used in the image, then end with a confidence score from 0 to 1."
optical_illusion_1766_open_q1,optical_illusion_1766.png,"Compare the actual central elements A and B, ignoring apparent size. Answer A larger, B larger, or equal. Explain briefly what you used in the image, then end with a confidence score from 0 to 1."
optical_illusion_1767_open_q1,optical_illusion_1767.png,"Compare the actual central elements A and B, ignoring apparent size. Answer A larger, B larger, or equal. Explain briefly what you used in the image, then end with a confidence score from 0 to 1."
optical_illusion_1768_open_q1,optical_illusion_1768.png,"Compare the actual central elements A and B, ignoring apparent size. Answer A larger, B larger, or equal. Explain briefly what you used in the image, then end with a confidence score from 0 to 1."
optical_illusion_1769_open_q1,optical_illusion_1769.png,"Compare the actual central elements A and B, ignoring apparent size. Answer A larger, B larger, or equal. Explain briefly what you used in the image, then end with a confidence score from 0 to 1."
optical_illusion_1770_open_q1,optical_illusion_1770.png,"Compare the actual central elements A and B, ignoring apparent size. Answer A larger, B larger, or equal. Explain briefly what you used in the image, then end with a confidence score from 0 to 1."
optical_illusion_1771_open_q1,optical_illusion_1771.png,"Compare the actual central elements A and B, ignoring apparent size. Answer A larger, B larger, or equal. Explain briefly what you used in the image, then end with a confidence score from 0 to 1."
optical_illusion_1772_open_q1,optical_illusion_1772.png,"Compare the actual central elements A and B, ignoring apparent size. Answer A larger, B larger, or equal. Explain briefly what you used in the image, then end with a confidence score from 0 to 1."
optical_illusion_1773_open_q1,optical_illusion_1773.png,"Compare the actual central elements A and B, ignoring apparent size. Answer A larger, B larger, or equal. Explain briefly what you used in the image, then end with a confidence score from 0 to 1."
optical_illusion_1774_open_q1,optical_illusion_1774.png,"Compare the actual central elements A and B, ignoring apparent size. Answer A larger, B larger, or equal. Explain briefly what you used in the image, then end with a confidence score from 0 to 1."
optical_illusion_1775_open_q1,optical_illusion_1775.png,"Compare the actual central elements A and B, ignoring apparent size. Answer A larger, B larger, or equal. Explain briefly what you used in the image, then end with a confidence score from 0 to 1."
optical_illusion_1776_open_q1,optical_illusion_1776.png,"Compare the actual central elements A and B, ignoring apparent size. Answer A larger, B larger, or equal. Explain briefly what you used in the image, then end with a confidence score from 0 to 1."
optical_illusion_1777_open_q1,optical_illusion_1777.png,"Compare the actual central elements A and B, ignoring apparent size. Answer A larger, B larger, or equal. Explain briefly what you used in the image, then end with a confidence score from 0 to 1."
optical_illusion_1778_open_q1,optical_illusion_1778.png,"Compare the actual central elements A and B, ignoring apparent size. Answer A larger, B larger, or equal. Explain briefly what you used in the image, then end with a confidence score from 0 to 1."
optical_illusion_1779_open_q1,optical_illusion_1779.png,"Compare the actual central elements A and B, ignoring apparent size. Answer A larger, B larger, or equal. Explain briefly what you used in the image, then end with a confidence score from 0 to 1."
optical_illusion_1780_open_q1,optical_illusion_1780.png,"Compare the actual central elements A and B, ignoring apparent size. Answer A larger, B larger, or equal. Explain briefly what you used in the image, then end with a confidence score from 0 to 1."
optical_illusion_1781_open_q1,optical_illusion_1781.png,"Compare the actual central elements A and B, ignoring apparent size. Answer A larger, B larger, or equal. Explain briefly what you used in the image, then end with a confidence score from 0 to 1."
optical_illusion_1782_open_q1,optical_illusion_1782.png,"Compare the actual central elements A and B, ignoring apparent size. Answer A larger, B larger, or equal. Explain briefly what you used in the image, then end with a confidence score from 0 to 1."
optical_illusion_1783_open_q1,optical_illusion_1783.png,"Compare the actual central elements A and B, ignoring apparent size. Answer A larger, B larger, or equal. Explain briefly what you used in the image, then end with a confidence score from 0 to 1."
optical_illusion_1784_open_q1,optical_illusion_1784.png,"Compare the actual central elements A and B, ignoring apparent size. Answer A larger, B larger, or equal. Explain briefly what you used in the image, then end with a confidence score from 0 to 1."
optical_illusion_1785_open_q1,optical_illusion_1785.png,"Compare the actual central elements A and B, ignoring apparent size. Answer A larger, B larger, or equal. Explain briefly what you used in the image, then end with a confidence score from 0 to 1."
optical_illusion_1786_open_q1,optical_illusion_1786.png,"Compare the actual central elements A and B, ignoring apparent size. Answer A larger, B larger, or equal. Explain briefly what you used in the image, then end with a confidence score from 0 to 1."
optical_illusion_1787_open_q1,optical_illusion_1787.png,"Compare the actual central elements A and B, ignoring apparent size. Answer A larger, B larger, or equal. Explain briefly what you used in the image, then end with a confidence score from 0 to 1."
optical_illusion_1788_open_q1,optical_illusion_1788.png,"Compare the actual central elements A and B, ignoring apparent size. Answer A larger, B larger, or equal. Explain briefly what you used in the image, then end with a confidence score from 0 to 1."
optical_illusion_1789_open_q1,optical_illusion_1789.png,"Compare the actual central elements A and B, ignoring apparent size. Answer A larger, B larger, or equal. Explain briefly what you used in the image, then end with a confidence score from 0 to 1."
optical_illusion_1790_open_q1,optical_illusion_1790.png,"Compare the actual central elements A and B, ignoring apparent size. Answer A larger, B larger, or equal. Explain briefly what you used in the image, then end with a confidence score from 0 to 1."
optical_illusion_1791_open_q1,optical_illusion_1791.png,"Compare the actual central elements A and B, ignoring apparent size. Answer A larger, B larger, or equal. Explain briefly what you used in the image, then end with a confidence score from 0 to 1."
optical_illusion_1792_open_q1,optical_illusion_1792.png,"Compare the actual central elements A and B, ignoring apparent size. Answer A larger, B larger, or equal. Explain briefly what you used in the image, then end with a confidence score from 0 to 1."
optical_illusion_1793_open_q1,optical_illusion_1793.png,"Compare the actual central elements A and B, ignoring apparent size. Answer A larger, B larger, or equal. Explain briefly what you used in the image, then end with a confidence score from 0 to 1."
optical_illusion_1794_open_q1,optical_illusion_1794.png,"Compare the actual central elements A and B, ignoring apparent size. Answer A larger, B larger, or equal. Explain briefly what you used in the image, then end with a confidence score from 0 to 1."
optical_illusion_1795_open_q1,optical_illusion_1795.png,"Compare the actual central elements A and B, ignoring apparent size. Answer A larger, B larger, or equal. Explain briefly what you used in the image, then end with a confidence score from 0 to 1."
optical_illusion_1796_open_q1,optical_illusion_1796.png,"Compare the actual central elements A and B, ignoring apparent size. Answer A larger, B larger, or equal. Explain briefly what you used in the image, then end with a confidence score from 0 to 1."
optical_illusion_1797_open_q1,optical_illusion_1797.png,"Compare the actual central elements A and B, ignoring apparent size. Answer A larger, B larger, or equal. Explain briefly what you used in the image, then end with a confidence score from 0 to 1."
optical_illusion_1798_open_q1,optical_illusion_1798.png,"Compare the actual central elements A and B, ignoring apparent size. Answer A larger, B larger, or equal. Explain briefly what you used in the image, then end with a confidence score from 0 to 1."
optical_illusion_1799_open_q1,optical_illusion_1799.png,"Compare the actual central elements A and B, ignoring apparent size. Answer A larger, B larger, or equal. Explain briefly what you used in the image, then end with a confidence score from 0 to 1."
optical_illusion_1800_open_q1,optical_illusion_1800.png,"Compare the actual central elements A and B, ignoring apparent size. Answer A larger, B larger, or equal. Explain briefly what you used in the image, then end with a confidence score from 0 to 1."
optical_illusion_1801_open_q1,optical_illusion_1801.png,"Compare the actual central elements A and B, ignoring apparent size. Answer A larger, B larger, or equal. Explain briefly what you used in the image, then end with a confidence score from 0 to 1."
optical_illusion_1802_open_q1,optical_illusion_1802.png,"Compare the actual central elements A and B, ignoring apparent size. Answer A larger, B larger, or equal. Explain briefly what you used in the image, then end with a confidence score from 0 to 1."
optical_illusion_1803_open_q1,optical_illusion_1803.png,"Compare the actual central elements A and B, ignoring apparent size. Answer A larger, B larger, or equal. Explain briefly what you used in the image, then end with a confidence score from 0 to 1."
optical_illusion_1804_open_q1,optical_illusion_1804.png,"Compare the actual central elements A and B, ignoring apparent size. Answer A larger, B larger, or equal. Explain briefly what you used in the image, then end with a confidence score from 0 to 1."
optical_illusion_1805_open_q1,optical_illusion_1805.png,"Compare the actual central elements A and B, ignoring apparent size. Answer A larger, B larger, or equal. Explain briefly what you used in the image, then end with a confidence score from 0 to 1."
optical_illusion_1806_open_q1,optical_illusion_1806.png,"Compare the actual central elements A and B, ignoring apparent size. Answer A larger, B larger, or equal. Explain briefly what you used in the image, then end with a confidence score from 0 to 1."
optical_illusion_1807_open_q1,optical_illusion_1807.png,"Compare the actual central elements A and B, ignoring apparent size. Answer A larger, B larger, or equal. Explain briefly what you used in the image, then end with a confidence score from 0 to 1."
optical_illusion_1808_open_q1,optical_illusion_1808.png,"Compare the actual central elements A and B, ignoring apparent size. Answer A larger, B larger, or equal. Explain briefly what you used in the image, then end with a confidence score from 0 to 1."
optical_illusion_1809_open_q1,optical_illusion_1809.png,"Compare the actual central elements A and B, ignoring apparent size. Answer A larger, B larger, or equal. Explain briefly what you used in the image, then end with a confidence score from 0 to 1."
optical_illusion_1810_open_q1,optical_illusion_1810.png,"Compare the actual central elements A and B, ignoring apparent size. Answer A larger, B larger, or equal. Explain briefly what you used in the image, then end with a confidence score from 0 to 1."
optical_illusion_1811_open_q1,optical_illusion_1811.png,"Compare the actual central elements A and B, ignoring apparent size. Answer A larger, B larger, or equal. Explain briefly what you used in the image, then end with a confidence score from 0 to 1."
optical_illusion_1812_open_q1,optical_illusion_1812.png,"Compare the actual central elements A and B, ignoring apparent size. Answer A larger, B larger, or equal. Explain briefly what you used in the image, then end with a confidence score from 0 to 1."
optical_illusion_1813_open_q1,optical_illusion_1813.png,"Compare the actual central elements A and B, ignoring apparent size. Answer A larger, B larger, or equal. Explain briefly what you used in the image, then end with a confidence score from 0 to 1."
optical_illusion_1814_open_q1,optical_illusion_1814.png,"Compare the actual central elements A and B, ignoring apparent size. Answer A larger, B larger, or equal. Explain briefly what you used in the image, then end with a confidence score from 0 to 1."
optical_illusion_1815_open_q1,optical_illusion_1815.png,"Compare the actual central elements A and B, ignoring apparent size. Answer A larger, B larger, or equal. Explain briefly what you used in the image, then end with a confidence score from 0 to 1."
optical_illusion_1816_open_q1,optical_illusion_1816.png,"Compare the actual central elements A and B, ignoring apparent size. Answer A larger, B larger, or equal. Explain briefly what you used in the image, then end with a confidence score from 0 to 1."
optical_illusion_1817_open_q1,optical_illusion_1817.png,"Compare the actual central elements A and B, ignoring apparent size. Answer A larger, B larger, or equal. Explain briefly what you used in the image, then end with a confidence score from 0 to 1."
optical_illusion_1818_open_q1,optical_illusion_1818.png,"Compare the actual central elements A and B, ignoring apparent size. Answer A larger, B larger, or equal. Explain briefly what you used in the image, then end with a confidence score from 0 to 1."
optical_illusion_1819_open_q1,optical_illusion_1819.png,"Compare the actual central elements A and B, ignoring apparent size. Answer A larger, B larger, or equal. Explain briefly what you used in the image, then end with a confidence score from 0 to 1."
optical_illusion_1820_open_q1,optical_illusion_1820.png,"Compare the actual central elements A and B, ignoring apparent size. Answer A larger, B larger, or equal. Explain briefly what you used in the image, then end with a confidence score from 0 to 1."
optical_illusion_1821_open_q1,optical_illusion_1821.png,"Compare the actual central elements A and B, ignoring apparent size. Answer A larger, B larger, or equal. Explain briefly what you used in the image, then end with a confidence score from 0 to 1."
optical_illusion_1822_open_q1,optical_illusion_1822.png,"Compare the actual central elements A and B, ignoring apparent size. Answer A larger, B larger, or equal. Explain briefly what you used in the image, then end with a confidence score from 0 to 1."
optical_illusion_1823_open_q1,optical_illusion_1823.png,"Compare the actual central elements A and B, ignoring apparent size. Answer A larger, B larger, or equal. Explain briefly what you used in the image, then end with a confidence score from 0 to 1."
optical_illusion_1824_open_q1,optical_illusion_1824.png,"Compare the actual central elements A and B, ignoring apparent size. Answer A larger, B larger, or equal. Explain briefly what you used in the image, then end with a confidence score from 0 to 1."
optical_illusion_1825_open_q1,optical_illusion_1825.png,"Compare the actual central elements A and B, ignoring apparent size. Answer A larger, B larger, or equal. Explain briefly what you used in the image, then end with a confidence score from 0 to 1."
optical_illusion_1826_open_q1,optical_illusion_1826.png,"Compare the actual central elements A and B, ignoring apparent size. Answer A larger, B larger, or equal. Explain briefly what you used in the image, then end with a confidence score from 0 to 1."
optical_illusion_1827_open_q1,optical_illusion_1827.png,"Compare the actual central elements A and B, ignoring apparent size. Answer A larger, B larger, or equal. Explain briefly what you used in the image, then end with a confidence score from 0 to 1."
optical_illusion_1828_open_q1,optical_illusion_1828.png,"Compare the actual central elements A and B, ignoring apparent size. Answer A larger, B larger, or equal. Explain briefly what you used in the image, then end with a confidence score from 0 to 1."
optical_illusion_1829_open_q1,optical_illusion_1829.png,"Compare the actual central elements A and B, ignoring apparent size. Answer A larger, B larger, or equal. Explain briefly what you used in the image, then end with a confidence score from 0 to 1."
optical_illusion_1830_open_q1,optical_illusion_1830.png,"Compare the actual central elements A and B, ignoring apparent size. Answer A larger, B larger, or equal. Explain briefly what you used in the image, then end with a confidence score from 0 to 1."
optical_illusion_1831_open_q1,optical_illusion_1831.png,"Compare the actual central elements A and B, ignoring apparent size. Answer A larger, B larger, or equal. Explain briefly what you used in the image, then end with a confidence score from 0 to 1."
optical_illusion_1832_open_q1,optical_illusion_1832.png,"Compare the actual central elements A and B, ignoring apparent size. Answer A larger, B larger, or equal. Explain briefly what you used in the image, then end with a confidence score from 0 to 1."
optical_illusion_1833_open_q1,optical_illusion_1833.png,"Compare the actual central elements A and B, ignoring apparent size. Answer A larger, B larger, or equal. Explain briefly what you used in the image, then end with a confidence score from 0 to 1."
optical_illusion_1834_open_q1,optical_illusion_1834.png,"Compare the actual central elements A and B, ignoring apparent size. Answer A larger, B larger, or equal. Explain briefly what you used in the image, then end with a confidence score from 0 to 1."
optical_illusion_1835_open_q1,optical_illusion_1835.png,"Compare the actual central elements A and B, ignoring apparent size. Answer A larger, B larger, or equal. Explain briefly what you used in the image, then end with a confidence score from 0 to 1."
optical_illusion_1836_open_q1,optical_illusion_1836.png,"Compare the actual central elements A and B, ignoring apparent size. Answer A larger, B larger, or equal. Explain briefly what you used in the image, then end with a confidence score from 0 to 1."
optical_illusion_1837_open_q1,optical_illusion_1837.png,"Compare the actual central elements A and B, ignoring apparent size. Answer A larger, B larger, or equal. Explain briefly what you used in the image, then end with a confidence score from 0 to 1."
optical_illusion_1838_open_q1,optical_illusion_1838.png,"Compare the actual central elements A and B, ignoring apparent size. Answer A larger, B larger, or equal. Explain briefly what you used in the image, then end with a confidence score from 0 to 1."
optical_illusion_1839_open_q1,optical_illusion_1839.png,"Compare the actual central elements A and B, ignoring apparent size. Answer A larger, B larger, or equal. Explain briefly what you used in the image, then end with a confidence score from 0 to 1."
optical_illusion_1840_open_q1,optical_illusion_1840.png,"Compare the actual central elements A and B, ignoring apparent size. Answer A larger, B larger, or equal. Explain briefly what you used in the image, then end with a confidence score from 0 to 1."
optical_illusion_1841_open_q1,optical_illusion_1841.png,"Compare the actual central elements A and B, ignoring apparent size. Answer A larger, B larger, or equal. Explain briefly what you used in the image, then end with a confidence score from 0 to 1."
optical_illusion_1842_open_q1,optical_illusion_1842.png,"Compare the actual central elements A and B, ignoring apparent size. Answer A larger, B larger, or equal. Explain briefly what you used in the image, then end with a confidence score from 0 to 1."
optical_illusion_1843_open_q1,optical_illusion_1843.png,"Compare the actual central elements A and B, ignoring apparent size. Answer A larger, B larger, or equal. Explain briefly what you used in the image, then end with a confidence score from 0 to 1."
optical_illusion_1844_open_q1,optical_illusion_1844.png,"Compare the actual central elements A and B, ignoring apparent size. Answer A larger, B larger, or equal. Explain briefly what you used in the image, then end with a confidence score from 0 to 1."
optical_illusion_1845_open_q1,optical_illusion_1845.png,"Compare the actual central elements A and B, ignoring apparent size. Answer A larger, B larger, or equal. Explain briefly what you used in the image, then end with a confidence score from 0 to 1."
optical_illusion_1846_open_q1,optical_illusion_1846.png,"Compare the actual central elements A and B, ignoring apparent size. Answer A larger, B larger, or equal. Explain briefly what you used in the image, then end with a confidence score from 0 to 1."
optical_illusion_1847_open_q1,optical_illusion_1847.png,"Compare the actual central elements A and B, ignoring apparent size. Answer A larger, B larger, or equal. Explain briefly what you used in the image, then end with a confidence score from 0 to 1."
optical_illusion_1848_open_q1,optical_illusion_1848.png,"Compare the actual central elements A and B, ignoring apparent size. Answer A larger, B larger, or equal. Explain briefly what you used in the image, then end with a confidence score from 0 to 1."
optical_illusion_1849_open_q1,optical_illusion_1849.png,"Compare the actual central elements A and B, ignoring apparent size. Answer A larger, B larger, or equal. Explain briefly what you used in the image, then end with a confidence score from 0 to 1."
optical_illusion_1850_open_q1,optical_illusion_1850.png,"Compare the actual central elements A and B, ignoring apparent size. Answer A larger, B larger, or equal. Explain briefly what you used in the image, then end with a confidence score from 0 to 1."
optical_illusion_1851_open_q1,optical_illusion_1851.png,"Compare the actual central elements A and B, ignoring apparent size. Answer A larger, B larger, or equal. Explain briefly what you used in the image, then end with a confidence score from 0 to 1."
optical_illusion_1852_open_q1,optical_illusion_1852.png,"Compare the actual central elements A and B, ignoring apparent size. Answer A larger, B larger, or equal. Explain briefly what you used in the image, then end with a confidence score from 0 to 1."
optical_illusion_1853_open_q1,optical_illusion_1853.png,"Compare the actual central elements A and B, ignoring apparent size. Answer A larger, B larger, or equal. Explain briefly what you used in the image, then end with a confidence score from 0 to 1."
optical_illusion_1854_open_q1,optical_illusion_1854.png,"Compare the actual central elements A and B, ignoring apparent size. Answer A larger, B larger, or equal. Explain briefly what you used in the image, then end with a confidence score from 0 to 1."
optical_illusion_1855_open_q1,optical_illusion_1855.png,"Compare the actual central elements A and B, ignoring apparent size. Answer A larger, B larger, or equal. Explain briefly what you used in the image, then end with a confidence score from 0 to 1."
optical_illusion_1856_open_q1,optical_illusion_1856.png,"Compare the actual central elements A and B, ignoring apparent size. Answer A larger, B larger, or equal. Explain briefly what you used in the image, then end with a confidence score from 0 to 1."
optical_illusion_1857_open_q1,optical_illusion_1857.png,"Compare the actual central elements A and B, ignoring apparent size. Answer A larger, B larger, or equal. Explain briefly what you used in the image, then end with a confidence score from 0 to 1."
optical_illusion_1858_open_q1,optical_illusion_1858.png,"Compare the actual central elements A and B, ignoring apparent size. Answer A larger, B larger, or equal. Explain briefly what you used in the image, then end with a confidence score from 0 to 1."
optical_illusion_1859_open_q1,optical_illusion_1859.png,"Compare the actual central elements A and B, ignoring apparent size. Answer A larger, B larger, or equal. Explain briefly what you used in the image, then end with a confidence score from 0 to 1."
optical_illusion_1860_open_q1,optical_illusion_1860.png,"Compare the actual central elements A and B, ignoring apparent size. Answer A larger, B larger, or equal. Explain briefly what you used in the image, then end with a confidence score from 0 to 1."
optical_illusion_1861_open_q1,optical_illusion_1861.png,"Compare the actual central elements A and B, ignoring apparent size. Answer A larger, B larger, or equal. Explain briefly what you used in the image, then end with a confidence score from 0 to 1."
optical_illusion_1862_open_q1,optical_illusion_1862.png,"Compare the actual central elements A and B, ignoring apparent size. Answer A larger, B larger, or equal. Explain briefly what you used in the image, then end with a confidence score from 0 to 1."
optical_illusion_1863_open_q1,optical_illusion_1863.png,"Compare the actual central elements A and B, ignoring apparent size. Answer A larger, B larger, or equal. Explain briefly what you used in the image, then end with a confidence score from 0 to 1."
optical_illusion_1864_open_q1,optical_illusion_1864.png,"Compare the actual central elements A and B, ignoring apparent size. Answer A larger, B larger, or equal. Explain briefly what you used in the image, then end with a confidence score from 0 to 1."
optical_illusion_1865_open_q1,optical_illusion_1865.png,"Compare the actual central elements A and B, ignoring apparent size. Answer A larger, B larger, or equal. Explain briefly what you used in the image, then end with a confidence score from 0 to 1."
optical_illusion_1866_open_q1,optical_illusion_1866.png,"Compare the actual central elements A and B, ignoring apparent size. Answer A larger, B larger, or equal. Explain briefly what you used in the image, then end with a confidence score from 0 to 1."
optical_illusion_1867_open_q1,optical_illusion_1867.png,"Compare the actual central elements A and B, ignoring apparent size. Answer A larger, B larger, or equal. Explain briefly what you used in the image, then end with a confidence score from 0 to 1."
optical_illusion_1868_open_q1,optical_illusion_1868.png,"Compare the actual central elements A and B, ignoring apparent size. Answer A larger, B larger, or equal. Explain briefly what you used in the image, then end with a confidence score from 0 to 1."
optical_illusion_1869_open_q1,optical_illusion_1869.png,"Compare the actual central elements A and B, ignoring apparent size. Answer A larger, B larger, or equal. Explain briefly what you used in the image, then end with a confidence score from 0 to 1."
optical_illusion_1870_open_q1,optical_illusion_1870.png,"Compare the actual central elements A and B, ignoring apparent size. Answer A larger, B larger, or equal. Explain briefly what you used in the image, then end with a confidence score from 0 to 1."
optical_illusion_1871_open_q1,optical_illusion_1871.png,"Compare the actual central elements A and B, ignoring apparent size. Answer A larger, B larger, or equal. Explain briefly what you used in the image, then end with a confidence score from 0 to 1."
optical_illusion_1872_open_q1,optical_illusion_1872.png,"Compare the actual central elements A and B, ignoring apparent size. Answer A larger, B larger, or equal. Explain briefly what you used in the image, then end with a confidence score from 0 to 1."
optical_illusion_1873_open_q1,optical_illusion_1873.png,"Compare the actual central elements A and B, ignoring apparent size. Answer A larger, B larger, or equal. Explain briefly what you used in the image, then end with a confidence score from 0 to 1."
optical_illusion_1874_open_q1,optical_illusion_1874.png,"Compare the actual central elements A and B, ignoring apparent size. Answer A larger, B larger, or equal. Explain briefly what you used in the image, then end with a confidence score from 0 to 1."
optical_illusion_1875_open_q1,optical_illusion_1875.png,"Compare the actual central elements A and B, ignoring apparent size. Answer A larger, B larger, or equal. Explain briefly what you used in the image, then end with a confidence score from 0 to 1."
optical_illusion_1876_open_q1,optical_illusion_1876.png,"Compare the actual central elements A and B, ignoring apparent size. Answer A larger, B larger, or equal. Explain briefly what you used in the image, then end with a confidence score from 0 to 1."
optical_illusion_1877_open_q1,optical_illusion_1877.png,"Compare the actual central elements A and B, ignoring apparent size. Answer A larger, B larger, or equal. Explain briefly what you used in the image, then end with a confidence score from 0 to 1."
optical_illusion_1878_open_q1,optical_illusion_1878.png,"Compare the actual central elements A and B, ignoring apparent size. Answer A larger, B larger, or equal. Explain briefly what you used in the image, then end with a confidence score from 0 to 1."
optical_illusion_1879_open_q1,optical_illusion_1879.png,"Compare the actual central elements A and B, ignoring apparent size. Answer A larger, B larger, or equal. Explain briefly what you used in the image, then end with a confidence score from 0 to 1."
optical_illusion_1880_open_q1,optical_illusion_1880.png,"Compare the actual central elements A and B, ignoring apparent size. Answer A larger, B larger, or equal. Explain briefly what you used in the image, then end with a confidence score from 0 to 1."
optical_illusion_1881_open_q1,optical_illusion_1881.png,"Compare the actual central elements A and B, ignoring apparent size. Answer A larger, B larger, or equal. Explain briefly what you used in the image, then end with a confidence score from 0 to 1."
optical_illusion_1882_open_q1,optical_illusion_1882.png,"Compare the actual central elements A and B, ignoring apparent size. Answer A larger, B larger, or equal. Explain briefly what you used in the image, then end with a confidence score from 0 to 1."
optical_illusion_1883_open_q1,optical_illusion_1883.png,"Compare the actual central elements A and B, ignoring apparent size. Answer A larger, B larger, or equal. Explain briefly what you used in the image, then end with a confidence score from 0 to 1."
optical_illusion_1884_open_q1,optical_illusion_1884.png,"Compare the actual central elements A and B, ignoring apparent size. Answer A larger, B larger, or equal. Explain briefly what you used in the image, then end with a confidence score from 0 to 1."
optical_illusion_1885_open_q1,optical_illusion_1885.png,"Compare the actual central elements A and B, ignoring apparent size. Answer A larger, B larger, or equal. Explain briefly what you used in the image, then end with a confidence score from 0 to 1."
optical_illusion_1886_open_q1,optical_illusion_1886.png,"Compare the actual central elements A and B, ignoring apparent size. Answer A larger, B larger, or equal. Explain briefly what you used in the image, then end with a confidence score from 0 to 1."
optical_illusion_1887_open_q1,optical_illusion_1887.png,"Compare the actual central elements A and B, ignoring apparent size. Answer A larger, B larger, or equal. Explain briefly what you used in the image, then end with a confidence score from 0 to 1."
optical_illusion_1888_open_q1,optical_illusion_1888.png,"Compare the actual central elements A and B, ignoring apparent size. Answer A larger, B larger, or equal. Explain briefly what you used in the image, then end with a confidence score from 0 to 1."
optical_illusion_1889_open_q1,optical_illusion_1889.png,"Compare the actual central elements A and B, ignoring apparent size. Answer A larger, B larger, or equal. Explain briefly what you used in the image, then end with a confidence score from 0 to 1."
optical_illusion_1890_open_q1,optical_illusion_1890.png,"Compare the actual central elements A and B, ignoring apparent size. Answer A larger, B larger, or equal. Explain briefly what you used in the image, then end with a confidence score from 0 to 1."
optical_illusion_1891_open_q1,optical_illusion_1891.png,"Compare the actual central elements A and B, ignoring apparent size. Answer A larger, B larger, or equal. Explain briefly what you used in the image, then end with a confidence score from 0 to 1."
optical_illusion_1892_open_q1,optical_illusion_1892.png,"Compare the actual central elements A and B, ignoring apparent size. Answer A larger, B larger, or equal. Explain briefly what you used in the image, then end with a confidence score from 0 to 1."
optical_illusion_1893_open_q1,optical_illusion_1893.png,"Compare the actual central elements A and B, ignoring apparent size. Answer A larger, B larger, or equal. Explain briefly what you used in the image, then end with a confidence score from 0 to 1."
optical_illusion_1894_open_q1,optical_illusion_1894.png,"Compare the actual central elements A and B, ignoring apparent size. Answer A larger, B larger, or equal. Explain briefly what you used in the image, then end with a confidence score from 0 to 1."
optical_illusion_1895_open_q1,optical_illusion_1895.png,"Compare the actual central elements A and B, ignoring apparent size. Answer A larger, B larger, or equal. Explain briefly what you used in the image, then end with a confidence score from 0 to 1."
optical_illusion_1896_open_q1,optical_illusion_1896.png,"Compare the actual central elements A and B, ignoring apparent size. Answer A larger, B larger, or equal. Explain briefly what you used in the image, then end with a confidence score from 0 to 1."
optical_illusion_1897_open_q1,optical_illusion_1897.png,"Compare the actual central elements A and B, ignoring apparent size. Answer A larger, B larger, or equal. Explain briefly what you used in the image, then end with a confidence score from 0 to 1."
optical_illusion_1898_open_q1,optical_illusion_1898.png,"Compare the actual central elements A and B, ignoring apparent size. Answer A larger, B larger, or equal. Explain briefly what you used in the image, then end with a confidence score from 0 to 1."
optical_illusion_1899_open_q1,optical_illusion_1899.png,"Compare the actual central elements A and B, ignoring apparent size. Answer A larger, B larger, or equal. Explain briefly what you used in the image, then end with a confidence score from 0 to 1."
optical_illusion_1900_open_q1,optical_illusion_1900.png,"Compare the actual central elements A and B, ignoring apparent size. Answer A larger, B larger, or equal. Explain briefly what you used in the image, then end with a confidence score from 0 to 1."
optical_illusion_1901_open_q1,optical_illusion_1901.png,"Compare the actual central elements A and B, ignoring apparent size. Answer A larger, B larger, or equal. Explain briefly what you used in the image, then end with a confidence score from 0 to 1."
optical_illusion_1902_open_q1,optical_illusion_1902.png,"Compare the actual central elements A and B, ignoring apparent size. Answer A larger, B larger, or equal. Explain briefly what you used in the image, then end with a confidence score from 0 to 1."
optical_illusion_1903_open_q1,optical_illusion_1903.png,"Compare the actual central elements A and B, ignoring apparent size. Answer A larger, B larger, or equal. Explain briefly what you used in the image, then end with a confidence score from 0 to 1."
optical_illusion_1904_open_q1,optical_illusion_1904.png,"Compare the actual central elements A and B, ignoring apparent size. Answer A larger, B larger, or equal. Explain briefly what you used in the image, then end with a confidence score from 0 to 1."
optical_illusion_1905_open_q1,optical_illusion_1905.png,"Compare the actual central elements A and B, ignoring apparent size. Answer A larger, B larger, or equal. Explain briefly what you used in the image, then end with a confidence score from 0 to 1."
optical_illusion_1906_open_q1,optical_illusion_1906.png,"Compare the actual central elements A and B, ignoring apparent size. Answer A larger, B larger, or equal. Explain briefly what you used in the image, then end with a confidence score from 0 to 1."
optical_illusion_1907_open_q1,optical_illusion_1907.png,"Compare the actual central elements A and B, ignoring apparent size. Answer A larger, B larger, or equal. Explain briefly what you used in the image, then end with a confidence score from 0 to 1."
optical_illusion_1908_open_q1,optical_illusion_1908.png,"Compare the actual central elements A and B, ignoring apparent size. Answer A larger, B larger, or equal. Explain briefly what you used in the image, then end with a confidence score from 0 to 1."
optical_illusion_1909_open_q1,optical_illusion_1909.png,"Compare the actual central elements A and B, ignoring apparent size. Answer A larger, B larger, or equal. Explain briefly what you used in the image, then end with a confidence score from 0 to 1."
optical_illusion_1910_open_q1,optical_illusion_1910.png,"Compare the actual central elements A and B, ignoring apparent size. Answer A larger, B larger, or equal. Explain briefly what you used in the image, then end with a confidence score from 0 to 1."
optical_illusion_1911_open_q1,optical_illusion_1911.png,"Compare the actual central elements A and B, ignoring apparent size. Answer A larger, B larger, or equal. Explain briefly what you used in the image, then end with a confidence score from 0 to 1."
optical_illusion_1912_open_q1,optical_illusion_1912.png,"Compare the actual central elements A and B, ignoring apparent size. Answer A larger, B larger, or equal. Explain briefly what you used in the image, then end with a confidence score from 0 to 1."
optical_illusion_1913_open_q1,optical_illusion_1913.png,"Compare the actual central elements A and B, ignoring apparent size. Answer A larger, B larger, or equal. Explain briefly what you used in the image, then end with a confidence score from 0 to 1."
optical_illusion_1914_open_q1,optical_illusion_1914.png,"Compare the actual central elements A and B, ignoring apparent size. Answer A larger, B larger, or equal. Explain briefly what you used in the image, then end with a confidence score from 0 to 1."
optical_illusion_1915_open_q1,optical_illusion_1915.png,"Compare the actual central elements A and B, ignoring apparent size. Answer A larger, B larger, or equal. Explain briefly what you used in the image, then end with a confidence score from 0 to 1."
optical_illusion_1916_open_q1,optical_illusion_1916.png,"Compare the actual central elements A and B, ignoring apparent size. Answer A larger, B larger, or equal. Explain briefly what you used in the image, then end with a confidence score from 0 to 1."
optical_illusion_1917_open_q1,optical_illusion_1917.png,"Compare the actual central elements A and B, ignoring apparent size. Answer A larger, B larger, or equal. Explain briefly what you used in the image, then end with a confidence score from 0 to 1."
optical_illusion_1918_open_q1,optical_illusion_1918.png,"Compare the actual central elements A and B, ignoring apparent size. Answer A larger, B larger, or equal. Explain briefly what you used in the image, then end with a confidence score from 0 to 1."
optical_illusion_1919_open_q1,optical_illusion_1919.png,"Compare the actual central elements A and B, ignoring apparent size. Answer A larger, B larger, or equal. Explain briefly what you used in the image, then end with a confidence score from 0 to 1."
optical_illusion_1920_open_q1,optical_illusion_1920.png,"Compare the actual central elements A and B, ignoring apparent size. Answer A larger, B larger, or equal. Explain briefly what you used in the image, then end with a confidence score from 0 to 1."
optical_illusion_1921_open_q1,optical_illusion_1921.png,"Compare the actual central elements A and B, ignoring apparent size. Answer A larger, B larger, or equal. Explain briefly what you used in the image, then end with a confidence score from 0 to 1."
optical_illusion_1922_open_q1,optical_illusion_1922.png,"Compare the actual central elements A and B, ignoring apparent size. Answer A larger, B larger, or equal. Explain briefly what you used in the image, then end with a confidence score from 0 to 1."
optical_illusion_1923_open_q1,optical_illusion_1923.png,"Compare the actual central elements A and B, ignoring apparent size. Answer A larger, B larger, or equal. Explain briefly what you used in the image, then end with a confidence score from 0 to 1."
optical_illusion_1924_open_q1,optical_illusion_1924.png,"Compare the actual central elements A and B, ignoring apparent size. Answer A larger, B larger, or equal. Explain briefly what you used in the image, then end with a confidence score from 0 to 1."
optical_illusion_1925_open_q1,optical_illusion_1925.png,"Compare the actual central elements A and B, ignoring apparent size. Answer A larger, B larger, or equal. Explain briefly what you used in the image, then end with a confidence score from 0 to 1."
optical_illusion_1926_open_q1,optical_illusion_1926.png,"Compare the actual central elements A and B, ignoring apparent size. Answer A larger, B larger, or equal. Explain briefly what you used in the image, then end with a confidence score from 0 to 1."
optical_illusion_1927_open_q1,optical_illusion_1927.png,"Compare the actual central elements A and B, ignoring apparent size. Answer A larger, B larger, or equal. Explain briefly what you used in the image, then end with a confidence score from 0 to 1."
optical_illusion_1928_open_q1,optical_illusion_1928.png,"Compare the actual central elements A and B, ignoring apparent size. Answer A larger, B larger, or equal. Explain briefly what you used in the image, then end with a confidence score from 0 to 1."
optical_illusion_1929_open_q1,optical_illusion_1929.png,"Compare the actual central elements A and B, ignoring apparent size. Answer A larger, B larger, or equal. Explain briefly what you used in the image, then end with a confidence score from 0 to 1."
optical_illusion_1930_open_q1,optical_illusion_1930.png,"Compare the actual central elements A and B, ignoring apparent size. Answer A larger, B larger, or equal. Explain briefly what you used in the image, then end with a confidence score from 0 to 1."
optical_illusion_1931_open_q1,optical_illusion_1931.png,"Compare the actual central elements A and B, ignoring apparent size. Answer A larger, B larger, or equal. Explain briefly what you used in the image, then end with a confidence score from 0 to 1."
optical_illusion_1932_open_q1,optical_illusion_1932.png,"Compare the actual central elements A and B, ignoring apparent size. Answer A larger, B larger, or equal. Explain briefly what you used in the image, then end with a confidence score from 0 to 1."
optical_illusion_1933_open_q1,optical_illusion_1933.png,"Compare the actual central elements A and B, ignoring apparent size. Answer A larger, B larger, or equal. Explain briefly what you used in the image, then end with a confidence score from 0 to 1."
optical_illusion_1934_open_q1,optical_illusion_1934.png,"Compare the actual central elements A and B, ignoring apparent size. Answer A larger, B larger, or equal. Explain briefly what you used in the image, then end with a confidence score from 0 to 1."
optical_illusion_1935_open_q1,optical_illusion_1935.png,"Compare the actual central elements A and B, ignoring apparent size. Answer A larger, B larger, or equal. Explain briefly what you used in the image, then end with a confidence score from 0 to 1."
optical_illusion_1936_open_q1,optical_illusion_1936.png,"Compare the actual central elements A and B, ignoring apparent size. Answer A larger, B larger, or equal. Explain briefly what you used in the image, then end with a confidence score from 0 to 1."
optical_illusion_1937_open_q1,optical_illusion_1937.png,"Compare the actual central elements A and B, ignoring apparent size. Answer A larger, B larger, or equal. Explain briefly what you used in the image, then end with a confidence score from 0 to 1."
optical_illusion_1938_open_q1,optical_illusion_1938.png,"Compare the actual central elements A and B, ignoring apparent size. Answer A larger, B larger, or equal. Explain briefly what you used in the image, then end with a confidence score from 0 to 1."
optical_illusion_1939_open_q1,optical_illusion_1939.png,"Compare the actual central elements A and B, ignoring apparent size. Answer A larger, B larger, or equal. Explain briefly what you used in the image, then end with a confidence score from 0 to 1."
optical_illusion_1940_open_q1,optical_illusion_1940.png,"Compare the actual central elements A and B, ignoring apparent size. Answer A larger, B larger, or equal. Explain briefly what you used in the image, then end with a confidence score from 0 to 1."
optical_illusion_1941_open_q1,optical_illusion_1941.png,"Compare the actual central elements A and B, ignoring apparent size. Answer A larger, B larger, or equal. Explain briefly what you used in the image, then end with a confidence score from 0 to 1."
optical_illusion_1942_open_q1,optical_illusion_1942.png,"Compare the actual central elements A and B, ignoring apparent size. Answer A larger, B larger, or equal. Explain briefly what you used in the image, then end with a confidence score from 0 to 1."
optical_illusion_1943_open_q1,optical_illusion_1943.png,"Compare the actual central elements A and B, ignoring apparent size. Answer A larger, B larger, or equal. Explain briefly what you used in the image, then end with a confidence score from 0 to 1."
optical_illusion_1944_open_q1,optical_illusion_1944.png,"Compare the actual central elements A and B, ignoring apparent size. Answer A larger, B larger, or equal. Explain briefly what you used in the image, then end with a confidence score from 0 to 1."
optical_illusion_1945_open_q1,optical_illusion_1945.png,"Compare the actual central elements A and B, ignoring apparent size. Answer A larger, B larger, or equal. Explain briefly what you used in the image, then end with a confidence score from 0 to 1."
optical_illusion_1946_open_q1,optical_illusion_1946.png,"Compare the actual central elements A and B, ignoring apparent size. Answer A larger, B larger, or equal. Explain briefly what you used in the image, then end with a confidence score from 0 to 1."
optical_illusion_1947_open_q1,optical_illusion_1947.png,"Compare the actual central elements A and B, ignoring apparent size. Answer A larger, B larger, or equal. Explain briefly what you used in the image, then end with a confidence score from 0 to 1."
optical_illusion_1948_open_q1,optical_illusion_1948.png,"Compare the actual central elements A and B, ignoring apparent size. Answer A larger, B larger, or equal. Explain briefly what you used in the image, then end with a confidence score from 0 to 1."
optical_illusion_1949_open_q1,optical_illusion_1949.png,"Compare the actual central elements A and B, ignoring apparent size. Answer A larger, B larger, or equal. Explain briefly what you used in the image, then end with a confidence score from 0 to 1."
optical_illusion_1950_open_q1,optical_illusion_1950.png,"Compare the actual central elements A and B, ignoring apparent size. Answer A larger, B larger, or equal. Explain briefly what you used in the image, then end with a confidence score from 0 to 1."
optical_illusion_1951_open_q1,optical_illusion_1951.png,"Compare the actual central elements A and B, ignoring apparent size. Answer A larger, B larger, or equal. Explain briefly what you used in the image, then end with a confidence score from 0 to 1."
optical_illusion_1952_open_q1,optical_illusion_1952.png,"Compare the actual central elements A and B, ignoring apparent size. Answer A larger, B larger, or equal. Explain briefly what you used in the image, then end with a confidence score from 0 to 1."
optical_illusion_1953_open_q1,optical_illusion_1953.png,"Compare the actual central elements A and B, ignoring apparent size. Answer A larger, B larger, or equal. Explain briefly what you used in the image, then end with a confidence score from 0 to 1."
optical_illusion_1954_open_q1,optical_illusion_1954.png,"Compare the actual central elements A and B, ignoring apparent size. Answer A larger, B larger, or equal. Explain briefly what you used in the image, then end with a confidence score from 0 to 1."
optical_illusion_1955_open_q1,optical_illusion_1955.png,"Compare the actual central elements A and B, ignoring apparent size. Answer A larger, B larger, or equal. Explain briefly what you used in the image, then end with a confidence score from 0 to 1."
optical_illusion_1956_open_q1,optical_illusion_1956.png,"Compare the actual central elements A and B, ignoring apparent size. Answer A larger, B larger, or equal. Explain briefly what you used in the image, then end with a confidence score from 0 to 1."
optical_illusion_1957_open_q1,optical_illusion_1957.png,"Compare the actual central elements A and B, ignoring apparent size. Answer A larger, B larger, or equal. Explain briefly what you used in the image, then end with a confidence score from 0 to 1."
optical_illusion_1958_open_q1,optical_illusion_1958.png,"Compare the actual central elements A and B, ignoring apparent size. Answer A larger, B larger, or equal. Explain briefly what you used in the image, then end with a confidence score from 0 to 1."
optical_illusion_1959_open_q1,optical_illusion_1959.png,"Compare the actual central elements A and B, ignoring apparent size. Answer A larger, B larger, or equal. Explain briefly what you used in the image, then end with a confidence score from 0 to 1."
optical_illusion_1960_open_q1,optical_illusion_1960.png,"Compare the actual central elements A and B, ignoring apparent size. Answer A larger, B larger, or equal. Explain briefly what you used in the image, then end with a confidence score from 0 to 1."
optical_illusion_1961_open_q1,optical_illusion_1961.png,"Compare the actual central elements A and B, ignoring apparent size. Answer A larger, B larger, or equal. Explain briefly what you used in the image, then end with a confidence score from 0 to 1."
optical_illusion_1962_open_q1,optical_illusion_1962.png,"Compare the actual central elements A and B, ignoring apparent size. Answer A larger, B larger, or equal. Explain briefly what you used in the image, then end with a confidence score from 0 to 1."
optical_illusion_1963_open_q1,optical_illusion_1963.png,"Compare the actual central elements A and B, ignoring apparent size. Answer A larger, B larger, or equal. Explain briefly what you used in the image, then end with a confidence score from 0 to 1."
optical_illusion_1964_open_q1,optical_illusion_1964.png,"Compare the actual central elements A and B, ignoring apparent size. Answer A larger, B larger, or equal. Explain briefly what you used in the image, then end with a confidence score from 0 to 1."
optical_illusion_1965_open_q1,optical_illusion_1965.png,"Compare the actual central elements A and B, ignoring apparent size. Answer A larger, B larger, or equal. Explain briefly what you used in the image, then end with a confidence score from 0 to 1."
optical_illusion_1966_open_q1,optical_illusion_1966.png,"Compare the actual central elements A and B, ignoring apparent size. Answer A larger, B larger, or equal. Explain briefly what you used in the image, then end with a confidence score from 0 to 1."
optical_illusion_1967_open_q1,optical_illusion_1967.png,"Compare the actual central elements A and B, ignoring apparent size. Answer A larger, B larger, or equal. Explain briefly what you used in the image, then end with a confidence score from 0 to 1."
optical_illusion_1968_open_q1,optical_illusion_1968.png,"Compare the actual central elements A and B, ignoring apparent size. Answer A larger, B larger, or equal. Explain briefly what you used in the image, then end with a confidence score from 0 to 1."
optical_illusion_1969_open_q1,optical_illusion_1969.png,"Compare the actual central elements A and B, ignoring apparent size. Answer A larger, B larger, or equal. Explain briefly what you used in the image, then end with a confidence score from 0 to 1."
optical_illusion_1970_open_q1,optical_illusion_1970.png,"Compare the actual central elements A and B, ignoring apparent size. Answer A larger, B larger, or equal. Explain briefly what you used in the image, then end with a confidence score from 0 to 1."
optical_illusion_1971_open_q1,optical_illusion_1971.png,"Compare the actual central elements A and B, ignoring apparent size. Answer A larger, B larger, or equal. Explain briefly what you used in the image, then end with a confidence score from 0 to 1."
optical_illusion_1972_open_q1,optical_illusion_1972.png,"Compare the actual central elements A and B, ignoring apparent size. Answer A larger, B larger, or equal. Explain briefly what you used in the image, then end with a confidence score from 0 to 1."
optical_illusion_1973_open_q1,optical_illusion_1973.png,"Compare the actual central elements A and B, ignoring apparent size. Answer A larger, B larger, or equal. Explain briefly what you used in the image, then end with a confidence score from 0 to 1."
optical_illusion_1974_open_q1,optical_illusion_1974.png,"Compare the actual central elements A and B, ignoring apparent size. Answer A larger, B larger, or equal. Explain briefly what you used in the image, then end with a confidence score from 0 to 1."
optical_illusion_1975_open_q1,optical_illusion_1975.png,"Compare the actual central elements A and B, ignoring apparent size. Answer A larger, B larger, or equal. Explain briefly what you used in the image, then end with a confidence score from 0 to 1."
optical_illusion_1976_open_q1,optical_illusion_1976.png,"Compare the actual central elements A and B, ignoring apparent size. Answer A larger, B larger, or equal. Explain briefly what you used in the image, then end with a confidence score from 0 to 1."
optical_illusion_1977_open_q1,optical_illusion_1977.png,"Compare the actual central elements A and B, ignoring apparent size. Answer A larger, B larger, or equal. Explain briefly what you used in the image, then end with a confidence score from 0 to 1."
optical_illusion_1978_open_q1,optical_illusion_1978.png,"Compare the actual central elements A and B, ignoring apparent size. Answer A larger, B larger, or equal. Explain briefly what you used in the image, then end with a confidence score from 0 to 1."
optical_illusion_1979_open_q1,optical_illusion_1979.png,"Compare the actual central elements A and B, ignoring apparent size. Answer A larger, B larger, or equal. Explain briefly what you used in the image, then end with a confidence score from 0 to 1."
optical_illusion_1980_open_q1,optical_illusion_1980.png,"Compare the actual central elements A and B, ignoring apparent size. Answer A larger, B larger, or equal. Explain briefly what you used in the image, then end with a confidence score from 0 to 1."
optical_illusion_1981_open_q1,optical_illusion_1981.png,"Compare the actual central elements A and B, ignoring apparent size. Answer A larger, B larger, or equal. Explain briefly what you used in the image, then end with a confidence score from 0 to 1."
optical_illusion_1982_open_q1,optical_illusion_1982.png,"Compare the actual central elements A and B, ignoring apparent size. Answer A larger, B larger, or equal. Explain briefly what you used in the image, then end with a confidence score from 0 to 1."
optical_illusion_1983_open_q1,optical_illusion_1983.png,"Compare the actual central elements A and B, ignoring apparent size. Answer A larger, B larger, or equal. Explain briefly what you used in the image, then end with a confidence score from 0 to 1."
optical_illusion_1984_open_q1,optical_illusion_1984.png,"Compare the actual central elements A and B, ignoring apparent size. Answer A larger, B larger, or equal. Explain briefly what you used in the image, then end with a confidence score from 0 to 1."
optical_illusion_1985_open_q1,optical_illusion_1985.png,"Compare the actual central elements A and B, ignoring apparent size. Answer A larger, B larger, or equal. Explain briefly what you used in the image, then end with a confidence score from 0 to 1."
optical_illusion_1986_open_q1,optical_illusion_1986.png,"Compare the actual central elements A and B, ignoring apparent size. Answer A larger, B larger, or equal. Explain briefly what you used in the image, then end with a confidence score from 0 to 1."
optical_illusion_1987_open_q1,optical_illusion_1987.png,"Compare the actual central elements A and B, ignoring apparent size. Answer A larger, B larger, or equal. Explain briefly what you used in the image, then end with a confidence score from 0 to 1."
optical_illusion_1988_open_q1,optical_illusion_1988.png,"Compare the actual central elements A and B, ignoring apparent size. Answer A larger, B larger, or equal. Explain briefly what you used in the image, then end with a confidence score from 0 to 1."
optical_illusion_1989_open_q1,optical_illusion_1989.png,"Compare the actual central elements A and B, ignoring apparent size. Answer A larger, B larger, or equal. Explain briefly what you used in the image, then end with a confidence score from 0 to 1."
optical_illusion_1990_open_q1,optical_illusion_1990.png,"Compare the actual central elements A and B, ignoring apparent size. Answer A larger, B larger, or equal. Explain briefly what you used in the image, then end with a confidence score from 0 to 1."
optical_illusion_1991_open_q1,optical_illusion_1991.png,"Compare the actual central elements A and B, ignoring apparent size. Answer A larger, B larger, or equal. Explain briefly what you used in the image, then end with a confidence score from 0 to 1."
optical_illusion_1992_open_q1,optical_illusion_1992.png,"Compare the actual central elements A and B, ignoring apparent size. Answer A larger, B larger, or equal. Explain briefly what you used in the image, then end with a confidence score from 0 to 1."
optical_illusion_1993_open_q1,optical_illusion_1993.png,"Compare the actual central elements A and B, ignoring apparent size. Answer A larger, B larger, or equal. Explain briefly what you used in the image, then end with a confidence score from 0 to 1."
optical_illusion_1994_open_q1,optical_illusion_1994.png,"Compare the actual central elements A and B, ignoring apparent size. Answer A larger, B larger, or equal. Explain briefly what you used in the image, then end with a confidence score from 0 to 1."
optical_illusion_1995_open_q1,optical_illusion_1995.png,"Compare the actual central elements A and B, ignoring apparent size. Answer A larger, B larger, or equal. Explain briefly what you used in the image, then end with a confidence score from 0 to 1."
optical_illusion_1996_open_q1,optical_illusion_1996.png,"Compare the actual central elements A and B, ignoring apparent size. Answer A larger, B larger, or equal. Explain briefly what you used in the image, then end with a confidence score from 0 to 1."
optical_illusion_1997_open_q1,optical_illusion_1997.png,"Compare the actual central elements A and B, ignoring apparent size. Answer A larger, B larger, or equal. Explain briefly what you used in the image, then end with a confidence score from 0 to 1."
optical_illusion_1998_open_q1,optical_illusion_1998.png,"Compare the actual central elements A and B, ignoring apparent size. Answer A larger, B larger, or equal. Explain briefly what you used in the image, then end with a confidence score from 0 to 1."
optical_illusion_1999_open_q1,optical_illusion_1999.png,"Compare the actual central elements A and B, ignoring apparent size. Answer A larger, B larger, or equal. Explain briefly what you used in the image, then end with a confidence score from 0 to 1."
optical_illusion_2000_open_q1,optical_illusion_2000.png,"Compare the actual central elements A and B, ignoring apparent size. Answer A larger, B larger, or equal. Explain briefly what you used in the image, then end with a confidence score from 0 to 1."
optical_illusion_2001_open_q1,optical_illusion_2001.png,"Compare the actual central elements A and B, ignoring apparent size. Answer A larger, B larger, or equal. Explain briefly what you used in the image, then end with a confidence score from 0 to 1."
optical_illusion_2002_open_q1,optical_illusion_2002.png,"Compare the actual central elements A and B, ignoring apparent size. Answer A larger, B larger, or equal. Explain briefly what you used in the image, then end with a confidence score from 0 to 1."
optical_illusion_2003_open_q1,optical_illusion_2003.png,"Compare the actual central elements A and B, ignoring apparent size. Answer A larger, B larger, or equal. Explain briefly what you used in the image, then end with a confidence score from 0 to 1."
optical_illusion_2004_open_q1,optical_illusion_2004.png,"Compare the actual central elements A and B, ignoring apparent size. Answer A larger, B larger, or equal. Explain briefly what you used in the image, then end with a confidence score from 0 to 1."
optical_illusion_2005_open_q1,optical_illusion_2005.png,"Compare the actual central elements A and B, ignoring apparent size. Answer A larger, B larger, or equal. Explain briefly what you used in the image, then end with a confidence score from 0 to 1."
optical_illusion_2006_open_q1,optical_illusion_2006.png,"Compare the actual central elements A and B, ignoring apparent size. Answer A larger, B larger, or equal. Explain briefly what you used in the image, then end with a confidence score from 0 to 1."
optical_illusion_2007_open_q1,optical_illusion_2007.png,"Compare the actual central elements A and B, ignoring apparent size. Answer A larger, B larger, or equal. Explain briefly what you used in the image, then end with a confidence score from 0 to 1."
optical_illusion_2008_open_q1,optical_illusion_2008.png,"Compare the actual central elements A and B, ignoring apparent size. Answer A larger, B larger, or equal. Explain briefly what you used in the image, then end with a confidence score from 0 to 1."
optical_illusion_2009_open_q1,optical_illusion_2009.png,"Compare the actual central elements A and B, ignoring apparent size. Answer A larger, B larger, or equal. Explain briefly what you used in the image, then end with a confidence score from 0 to 1."
optical_illusion_2010_open_q1,optical_illusion_2010.png,"Compare the actual central elements A and B, ignoring apparent size. Answer A larger, B larger, or equal. Explain briefly what you used in the image, then end with a confidence score from 0 to 1."
optical_illusion_2011_open_q1,optical_illusion_2011.png,"Compare the actual central elements A and B, ignoring apparent size. Answer A larger, B larger, or equal. Explain briefly what you used in the image, then end with a confidence score from 0 to 1."
optical_illusion_2012_open_q1,optical_illusion_2012.png,"Compare the actual central elements A and B, ignoring apparent size. Answer A larger, B larger, or equal. Explain briefly what you used in the image, then end with a confidence score from 0 to 1."
optical_illusion_2013_open_q1,optical_illusion_2013.png,"Compare the actual central elements A and B, ignoring apparent size. Answer A larger, B larger, or equal. Explain briefly what you used in the image, then end with a confidence score from 0 to 1."
optical_illusion_2014_open_q1,optical_illusion_2014.png,"Compare the actual central elements A and B, ignoring apparent size. Answer A larger, B larger, or equal. Explain briefly what you used in the image, then end with a confidence score from 0 to 1."
optical_illusion_2015_open_q1,optical_illusion_2015.png,"Compare the actual central elements A and B, ignoring apparent size. Answer A larger, B larger, or equal. Explain briefly what you used in the image, then end with a confidence score from 0 to 1."
optical_illusion_2016_open_q1,optical_illusion_2016.png,"Compare the actual central elements A and B, ignoring apparent size. Answer A larger, B larger, or equal. Explain briefly what you used in the image, then end with a confidence score from 0 to 1."
optical_illusion_2017_open_q1,optical_illusion_2017.png,"Compare the actual central elements A and B, ignoring apparent size. Answer A larger, B larger, or equal. Explain briefly what you used in the image, then end with a confidence score from 0 to 1."
optical_illusion_2018_open_q1,optical_illusion_2018.png,"Compare the actual central elements A and B, ignoring apparent size. Answer A larger, B larger, or equal. Explain briefly what you used in the image, then end with a confidence score from 0 to 1."
optical_illusion_2019_open_q1,optical_illusion_2019.png,"Compare the actual central elements A and B, ignoring apparent size. Answer A larger, B larger, or equal. Explain briefly what you used in the image, then end with a confidence score from 0 to 1."
optical_illusion_2020_open_q1,optical_illusion_2020.png,"Compare the actual central elements A and B, ignoring apparent size. Answer A larger, B larger, or equal. Explain briefly what you used in the image, then end with a confidence score from 0 to 1."
optical_illusion_2021_open_q1,optical_illusion_2021.png,"Compare the actual central elements A and B, ignoring apparent size. Answer A larger, B larger, or equal. Explain briefly what you used in the image, then end with a confidence score from 0 to 1."
optical_illusion_2022_open_q1,optical_illusion_2022.png,"Compare the actual central elements A and B, ignoring apparent size. Answer A larger, B larger, or equal. Explain briefly what you used in the image, then end with a confidence score from 0 to 1."
optical_illusion_2023_open_q1,optical_illusion_2023.png,"Compare the actual central elements A and B, ignoring apparent size. Answer A larger, B larger, or equal. Explain briefly what you used in the image, then end with a confidence score from 0 to 1."
optical_illusion_2024_open_q1,optical_illusion_2024.png,"Compare the actual central elements A and B, ignoring apparent size. Answer A larger, B larger, or equal. Explain briefly what you used in the image, then end with a confidence score from 0 to 1."
optical_illusion_2025_open_q1,optical_illusion_2025.png,"Compare the actual central elements A and B, ignoring apparent size. Answer A larger, B larger, or equal. Explain briefly what you used in the image, then end with a confidence score from 0 to 1."
optical_illusion_2026_open_q1,optical_illusion_2026.png,"Compare the actual central elements A and B, ignoring apparent size. Answer A larger, B larger, or equal. Explain briefly what you used in the image, then end with a confidence score from 0 to 1."
optical_illusion_2027_open_q1,optical_illusion_2027.png,"Compare the actual central elements A and B, ignoring apparent size. Answer A larger, B larger, or equal. Explain briefly what you used in the image, then end with a confidence score from 0 to 1."
optical_illusion_2028_open_q1,optical_illusion_2028.png,"Compare the actual central elements A and B, ignoring apparent size. Answer A larger, B larger, or equal. Explain briefly what you used in the image, then end with a confidence score from 0 to 1."
optical_illusion_2029_open_q1,optical_illusion_2029.png,"Compare the actual central elements A and B, ignoring apparent size. Answer A larger, B larger, or equal. Explain briefly what you used in the image, then end with a confidence score from 0 to 1."
optical_illusion_2030_open_q1,optical_illusion_2030.png,"Compare the actual central elements A and B, ignoring apparent size. Answer A larger, B larger, or equal. Explain briefly what you used in the image, then end with a confidence score from 0 to 1."
optical_illusion_2031_open_q1,optical_illusion_2031.png,"Compare the actual central elements A and B, ignoring apparent size. Answer A larger, B larger, or equal. Explain briefly what you used in the image, then end with a confidence score from 0 to 1."
optical_illusion_2032_open_q1,optical_illusion_2032.png,"Compare the actual central elements A and B, ignoring apparent size. Answer A larger, B larger, or equal. Explain briefly what you used in the image, then end with a confidence score from 0 to 1."
optical_illusion_2033_open_q1,optical_illusion_2033.png,"Compare the actual central elements A and B, ignoring apparent size. Answer A larger, B larger, or equal. Explain briefly what you used in the image, then end with a confidence score from 0 to 1."
optical_illusion_2034_open_q1,optical_illusion_2034.png,"Compare the actual central elements A and B, ignoring apparent size. Answer A larger, B larger, or equal. Explain briefly what you used in the image, then end with a confidence score from 0 to 1."
optical_illusion_2035_open_q1,optical_illusion_2035.png,"Compare the actual central elements A and B, ignoring apparent size. Answer A larger, B larger, or equal. Explain briefly what you used in the image, then end with a confidence score from 0 to 1."
optical_illusion_2036_open_q1,optical_illusion_2036.png,"Compare the actual central elements A and B, ignoring apparent size. Answer A larger, B larger, or equal. Explain briefly what you used in the image, then end with a confidence score from 0 to 1."
optical_illusion_2037_open_q1,optical_illusion_2037.png,"Compare the actual central elements A and B, ignoring apparent size. Answer A larger, B larger, or equal. Explain briefly what you used in the image, then end with a confidence score from 0 to 1."
optical_illusion_2038_open_q1,optical_illusion_2038.png,"Compare the actual central elements A and B, ignoring apparent size. Answer A larger, B larger, or equal. Explain briefly what you used in the image, then end with a confidence score from 0 to 1."
optical_illusion_2039_open_q1,optical_illusion_2039.png,"Compare the actual central elements A and B, ignoring apparent size. Answer A larger, B larger, or equal. Explain briefly what you used in the image, then end with a confidence score from 0 to 1."
optical_illusion_2040_open_q1,optical_illusion_2040.png,"Compare the actual central elements A and B, ignoring apparent size. Answer A larger, B larger, or equal. Explain briefly what you used in the image, then end with a confidence score from 0 to 1."
optical_illusion_2041_open_q1,optical_illusion_2041.png,"Compare the actual central elements A and B, ignoring apparent size. Answer A larger, B larger, or equal. Explain briefly what you used in the image, then end with a confidence score from 0 to 1."
optical_illusion_2042_open_q1,optical_illusion_2042.png,"Compare the actual central elements A and B, ignoring apparent size. Answer A larger, B larger, or equal. Explain briefly what you used in the image, then end with a confidence score from 0 to 1."
optical_illusion_2043_open_q1,optical_illusion_2043.png,"Compare the actual central elements A and B, ignoring apparent size. Answer A larger, B larger, or equal. Explain briefly what you used in the image, then end with a confidence score from 0 to 1."
optical_illusion_2044_open_q1,optical_illusion_2044.png,"Compare the actual central elements A and B, ignoring apparent size. Answer A larger, B larger, or equal. Explain briefly what you used in the image, then end with a confidence score from 0 to 1."
optical_illusion_2045_open_q1,optical_illusion_2045.png,"Compare the actual central elements A and B, ignoring apparent size. Answer A larger, B larger, or equal. Explain briefly what you used in the image, then end with a confidence score from 0 to 1."
optical_illusion_2046_open_q1,optical_illusion_2046.png,"Compare the actual central elements A and B, ignoring apparent size. Answer A larger, B larger, or equal. Explain briefly what you used in the image, then end with a confidence score from 0 to 1."
optical_illusion_2047_open_q1,optical_illusion_2047.png,"Compare the actual central elements A and B, ignoring apparent size. Answer A larger, B larger, or equal. Explain briefly what you used in the image, then end with a confidence score from 0 to 1."
optical_illusion_2048_open_q1,optical_illusion_2048.png,"Compare the actual central elements A and B, ignoring apparent size. Answer A larger, B larger, or equal. Explain briefly what you used in the image, then end with a confidence score from 0 to 1."
optical_illusion_2049_open_q1,optical_illusion_2049.png,"Compare the actual central elements A and B, ignoring apparent size. Answer A larger, B larger, or equal. Explain briefly what you used in the image, then end with a confidence score from 0 to 1."
optical_illusion_2050_open_q1,optical_illusion_2050.png,"Compare the actual central elements A and B, ignoring apparent size. Answer A larger, B larger, or equal. Explain briefly what you used in the image, then end with a confidence score from 0 to 1."
optical_illusion_2051_open_q1,optical_illusion_2051.png,"Compare the actual central elements A and B, ignoring apparent size. Answer A larger, B larger, or equal. Explain briefly what you used in the image, then end with a confidence score from 0 to 1."
optical_illusion_2052_open_q1,optical_illusion_2052.png,"Compare the actual central elements A and B, ignoring apparent size. Answer A larger, B larger, or equal. Explain briefly what you used in the image, then end with a confidence score from 0 to 1."
optical_illusion_2053_open_q1,optical_illusion_2053.png,"Compare the actual central elements A and B, ignoring apparent size. Answer A larger, B larger, or equal. Explain briefly what you used in the image, then end with a confidence score from 0 to 1."
optical_illusion_2054_open_q1,optical_illusion_2054.png,"Compare the actual central elements A and B, ignoring apparent size. Answer A larger, B larger, or equal. Explain briefly what you used in the image, then end with a confidence score from 0 to 1."
optical_illusion_2055_open_q1,optical_illusion_2055.png,"Compare the actual central elements A and B, ignoring apparent size. Answer A larger, B larger, or equal. Explain briefly what you used in the image, then end with a confidence score from 0 to 1."
optical_illusion_2056_open_q1,optical_illusion_2056.png,"Compare the actual central elements A and B, ignoring apparent size. Answer A larger, B larger, or equal. Explain briefly what you used in the image, then end with a confidence score from 0 to 1."
optical_illusion_2057_open_q1,optical_illusion_2057.png,"Compare the actual central elements A and B, ignoring apparent size. Answer A larger, B larger, or equal. Explain briefly what you used in the image, then end with a confidence score from 0 to 1."
optical_illusion_2058_open_q1,optical_illusion_2058.png,"Compare the actual central elements A and B, ignoring apparent size. Answer A larger, B larger, or equal. Explain briefly what you used in the image, then end with a confidence score from 0 to 1."
optical_illusion_2059_open_q1,optical_illusion_2059.png,"Compare the actual central elements A and B, ignoring apparent size. Answer A larger, B larger, or equal. Explain briefly what you used in the image, then end with a confidence score from 0 to 1."
optical_illusion_2060_open_q1,optical_illusion_2060.png,"Compare the actual central elements A and B, ignoring apparent size. Answer A larger, B larger, or equal. Explain briefly what you used in the image, then end with a confidence score from 0 to 1."
optical_illusion_2061_open_q1,optical_illusion_2061.png,"Compare the actual central elements A and B, ignoring apparent size. Answer A larger, B larger, or equal. Explain briefly what you used in the image, then end with a confidence score from 0 to 1."
optical_illusion_2062_open_q1,optical_illusion_2062.png,"Compare the actual central elements A and B, ignoring apparent size. Answer A larger, B larger, or equal. Explain briefly what you used in the image, then end with a confidence score from 0 to 1."
optical_illusion_2063_open_q1,optical_illusion_2063.png,"Compare the actual central elements A and B, ignoring apparent size. Answer A larger, B larger, or equal. Explain briefly what you used in the image, then end with a confidence score from 0 to 1."
optical_illusion_2064_open_q1,optical_illusion_2064.png,"Compare the actual central elements A and B, ignoring apparent size. Answer A larger, B larger, or equal. Explain briefly what you used in the image, then end with a confidence score from 0 to 1."
optical_illusion_2065_open_q1,optical_illusion_2065.png,"Compare the actual central elements A and B, ignoring apparent size. Answer A larger, B larger, or equal. Explain briefly what you used in the image, then end with a confidence score from 0 to 1."
optical_illusion_2066_open_q1,optical_illusion_2066.png,"Compare the actual central elements A and B, ignoring apparent size. Answer A larger, B larger, or equal. Explain briefly what you used in the image, then end with a confidence score from 0 to 1."
optical_illusion_2067_open_q1,optical_illusion_2067.png,"Compare the actual central elements A and B, ignoring apparent size. Answer A larger, B larger, or equal. Explain briefly what you used in the image, then end with a confidence score from 0 to 1."
optical_illusion_2068_open_q1,optical_illusion_2068.png,"Compare the actual central elements A and B, ignoring apparent size. Answer A larger, B larger, or equal. Explain briefly what you used in the image, then end with a confidence score from 0 to 1."
optical_illusion_2069_open_q1,optical_illusion_2069.png,"Compare the actual central elements A and B, ignoring apparent size. Answer A larger, B larger, or equal. Explain briefly what you used in the image, then end with a confidence score from 0 to 1."
optical_illusion_2070_open_q1,optical_illusion_2070.png,"Compare the actual central elements A and B, ignoring apparent size. Answer A larger, B larger, or equal. Explain briefly what you used in the image, then end with a confidence score from 0 to 1."
optical_illusion_2071_open_q1,optical_illusion_2071.png,"Compare the actual central elements A and B, ignoring apparent size. Answer A larger, B larger, or equal. Explain briefly what you used in the image, then end with a confidence score from 0 to 1."
optical_illusion_2072_open_q1,optical_illusion_2072.png,"Compare the actual central elements A and B, ignoring apparent size. Answer A larger, B larger, or equal. Explain briefly what you used in the image, then end with a confidence score from 0 to 1."
optical_illusion_2073_open_q1,optical_illusion_2073.png,"Compare the actual central elements A and B, ignoring apparent size. Answer A larger, B larger, or equal. Explain briefly what you used in the image, then end with a confidence score from 0 to 1."
optical_illusion_2074_open_q1,optical_illusion_2074.png,"Compare the actual central elements A and B, ignoring apparent size. Answer A larger, B larger, or equal. Explain briefly what you used in the image, then end with a confidence score from 0 to 1."
optical_illusion_2075_open_q1,optical_illusion_2075.png,"Compare the actual central elements A and B, ignoring apparent size. Answer A larger, B larger, or equal. Explain briefly what you used in the image, then end with a confidence score from 0 to 1."
optical_illusion_2076_open_q1,optical_illusion_2076.png,"Compare the actual central elements A and B, ignoring apparent size. Answer A larger, B larger, or equal. Explain briefly what you used in the image, then end with a confidence score from 0 to 1."
optical_illusion_2077_open_q1,optical_illusion_2077.png,"Compare the actual central elements A and B, ignoring apparent size. Answer A larger, B larger, or equal. Explain briefly what you used in the image, then end with a confidence score from 0 to 1."
optical_illusion_2078_open_q1,optical_illusion_2078.png,"Compare the actual central elements A and B, ignoring apparent size. Answer A larger, B larger, or equal. Explain briefly what you used in the image, then end with a confidence score from 0 to 1."
optical_illusion_2079_open_q1,optical_illusion_2079.png,"Compare the actual central elements A and B, ignoring apparent size. Answer A larger, B larger, or equal. Explain briefly what you used in the image, then end with a confidence score from 0 to 1."
optical_illusion_2080_open_q1,optical_illusion_2080.png,"Compare the actual central elements A and B, ignoring apparent size. Answer A larger, B larger, or equal. Explain briefly what you used in the image, then end with a confidence score from 0 to 1."
optical_illusion_2081_open_q1,optical_illusion_2081.png,"Compare the actual central elements A and B, ignoring apparent size. Answer A larger, B larger, or equal. Explain briefly what you used in the image, then end with a confidence score from 0 to 1."
optical_illusion_2082_open_q1,optical_illusion_2082.png,"Compare the actual central elements A and B, ignoring apparent size. Answer A larger, B larger, or equal. Explain briefly what you used in the image, then end with a confidence score from 0 to 1."
optical_illusion_2083_open_q1,optical_illusion_2083.png,"Compare the actual central elements A and B, ignoring apparent size. Answer A larger, B larger, or equal. Explain briefly what you used in the image, then end with a confidence score from 0 to 1."
optical_illusion_2084_open_q1,optical_illusion_2084.png,"Compare the actual central elements A and B, ignoring apparent size. Answer A larger, B larger, or equal. Explain briefly what you used in the image, then end with a confidence score from 0 to 1."
optical_illusion_2085_open_q1,optical_illusion_2085.png,"Compare the actual central elements A and B, ignoring apparent size. Answer A larger, B larger, or equal. Explain briefly what you used in the image, then end with a confidence score from 0 to 1."
optical_illusion_2086_open_q1,optical_illusion_2086.png,"Compare the actual central elements A and B, ignoring apparent size. Answer A larger, B larger, or equal. Explain briefly what you used in the image, then end with a confidence score from 0 to 1."
optical_illusion_2087_open_q1,optical_illusion_2087.png,"Compare the actual central elements A and B, ignoring apparent size. Answer A larger, B larger, or equal. Explain briefly what you used in the image, then end with a confidence score from 0 to 1."
optical_illusion_2088_open_q1,optical_illusion_2088.png,"Compare the actual central elements A and B, ignoring apparent size. Answer A larger, B larger, or equal. Explain briefly what you used in the image, then end with a confidence score from 0 to 1."
optical_illusion_2089_open_q1,optical_illusion_2089.png,"Compare the actual central elements A and B, ignoring apparent size. Answer A larger, B larger, or equal. Explain briefly what you used in the image, then end with a confidence score from 0 to 1."
optical_illusion_2090_open_q1,optical_illusion_2090.png,"Compare the actual central elements A and B, ignoring apparent size. Answer A larger, B larger, or equal. Explain briefly what you used in the image, then end with a confidence score from 0 to 1."
optical_illusion_2091_open_q1,optical_illusion_2091.png,"Compare the actual central elements A and B, ignoring apparent size. Answer A larger, B larger, or equal. Explain briefly what you used in the image, then end with a confidence score from 0 to 1."
optical_illusion_2092_open_q1,optical_illusion_2092.png,"Compare the actual central elements A and B, ignoring apparent size. Answer A larger, B larger, or equal. Explain briefly what you used in the image, then end with a confidence score from 0 to 1."
optical_illusion_2093_open_q1,optical_illusion_2093.png,"Compare the actual central elements A and B, ignoring apparent size. Answer A larger, B larger, or equal. Explain briefly what you used in the image, then end with a confidence score from 0 to 1."
optical_illusion_2094_open_q1,optical_illusion_2094.png,"Compare the actual central elements A and B, ignoring apparent size. Answer A larger, B larger, or equal. Explain briefly what you used in the image, then end with a confidence score from 0 to 1."
optical_illusion_2095_open_q1,optical_illusion_2095.png,"Compare the actual central elements A and B, ignoring apparent size. Answer A larger, B larger, or equal. Explain briefly what you used in the image, then end with a confidence score from 0 to 1."
optical_illusion_2096_open_q1,optical_illusion_2096.png,"Compare the actual central elements A and B, ignoring apparent size. Answer A larger, B larger, or equal. Explain briefly what you used in the image, then end with a confidence score from 0 to 1."
optical_illusion_2097_open_q1,optical_illusion_2097.png,"Compare the actual central elements A and B, ignoring apparent size. Answer A larger, B larger, or equal. Explain briefly what you used in the image, then end with a confidence score from 0 to 1."
optical_illusion_2098_open_q1,optical_illusion_2098.png,"Compare the actual central elements A and B, ignoring apparent size. Answer A larger, B larger, or equal. Explain briefly what you used in the image, then end with a confidence score from 0 to 1."
optical_illusion_2099_open_q1,optical_illusion_2099.png,"Compare the actual central elements A and B, ignoring apparent size. Answer A larger, B larger, or equal. Explain briefly what you used in the image, then end with a confidence score from 0 to 1."
optical_illusion_2100_open_q1,optical_illusion_2100.png,"Compare the actual central elements A and B, ignoring apparent size. Answer A larger, B larger, or equal. Explain briefly what you used in the image, then end with a confidence score from 0 to 1."
optical_illusion_2101_open_q1,optical_illusion_2101.png,"Compare the actual central elements A and B, ignoring apparent size. Answer A larger, B larger, or equal. Explain briefly what you used in the image, then end with a confidence score from 0 to 1."
optical_illusion_2102_open_q1,optical_illusion_2102.png,"Compare the actual central elements A and B, ignoring apparent size. Answer A larger, B larger, or equal. Explain briefly what you used in the image, then end with a confidence score from 0 to 1."
optical_illusion_2103_open_q1,optical_illusion_2103.png,"Compare the actual central elements A and B, ignoring apparent size. Answer A larger, B larger, or equal. Explain briefly what you used in the image, then end with a confidence score from 0 to 1."
optical_illusion_2104_open_q1,optical_illusion_2104.png,"Compare the actual central elements A and B, ignoring apparent size. Answer A larger, B larger, or equal. Explain briefly what you used in the image, then end with a confidence score from 0 to 1."
optical_illusion_2105_open_q1,optical_illusion_2105.png,"Compare the actual central elements A and B, ignoring apparent size. Answer A larger, B larger, or equal. Explain briefly what you used in the image, then end with a confidence score from 0 to 1."
optical_illusion_2106_open_q1,optical_illusion_2106.png,"Compare the actual central elements A and B, ignoring apparent size. Answer A larger, B larger, or equal. Explain briefly what you used in the image, then end with a confidence score from 0 to 1."
optical_illusion_2107_open_q1,optical_illusion_2107.png,"Compare the actual central elements A and B, ignoring apparent size. Answer A larger, B larger, or equal. Explain briefly what you used in the image, then end with a confidence score from 0 to 1."
optical_illusion_2108_open_q1,optical_illusion_2108.png,"Compare the actual central elements A and B, ignoring apparent size. Answer A larger, B larger, or equal. Explain briefly what you used in the image, then end with a confidence score from 0 to 1."
optical_illusion_2109_open_q1,optical_illusion_2109.png,"Compare the actual central elements A and B, ignoring apparent size. Answer A larger, B larger, or equal. Explain briefly what you used in the image, then end with a confidence score from 0 to 1."
optical_illusion_2110_open_q1,optical_illusion_2110.png,"Compare the actual central elements A and B, ignoring apparent size. Answer A larger, B larger, or equal. Explain briefly what you used in the image, then end with a confidence score from 0 to 1."
optical_illusion_2111_open_q1,optical_illusion_2111.png,"Compare the actual central elements A and B, ignoring apparent size. Answer A larger, B larger, or equal. Explain briefly what you used in the image, then end with a confidence score from 0 to 1."
optical_illusion_2112_open_q1,optical_illusion_2112.png,"Compare the actual central elements A and B, ignoring apparent size. Answer A larger, B larger, or equal. Explain briefly what you used in the image, then end with a confidence score from 0 to 1."
optical_illusion_2113_open_q1,optical_illusion_2113.png,"Compare the actual central elements A and B, ignoring apparent size. Answer A larger, B larger, or equal. Explain briefly what you used in the image, then end with a confidence score from 0 to 1."
optical_illusion_2114_open_q1,optical_illusion_2114.png,"Compare the actual central elements A and B, ignoring apparent size. Answer A larger, B larger, or equal. Explain briefly what you used in the image, then end with a confidence score from 0 to 1."
optical_illusion_2115_open_q1,optical_illusion_2115.png,"Compare the actual central elements A and B, ignoring apparent size. Answer A larger, B larger, or equal. Explain briefly what you used in the image, then end with a confidence score from 0 to 1."
optical_illusion_2116_open_q1,optical_illusion_2116.png,"Compare the actual central elements A and B, ignoring apparent size. Answer A larger, B larger, or equal. Explain briefly what you used in the image, then end with a confidence score from 0 to 1."
optical_illusion_2117_open_q1,optical_illusion_2117.png,"Compare the actual central elements A and B, ignoring apparent size. Answer A larger, B larger, or equal. Explain briefly what you used in the image, then end with a confidence score from 0 to 1."
optical_illusion_2118_open_q1,optical_illusion_2118.png,"Compare the actual central elements A and B, ignoring apparent size. Answer A larger, B larger, or equal. Explain briefly what you used in the image, then end with a confidence score from 0 to 1."
optical_illusion_2119_open_q1,optical_illusion_2119.png,"Compare the actual central elements A and B, ignoring apparent size. Answer A larger, B larger, or equal. Explain briefly what you used in the image, then end with a confidence score from 0 to 1."
optical_illusion_2120_open_q1,optical_illusion_2120.png,"Compare the actual central elements A and B, ignoring apparent size. Answer A larger, B larger, or equal. Explain briefly what you used in the image, then end with a confidence score from 0 to 1."
optical_illusion_2121_open_q1,optical_illusion_2121.png,"Compare the actual central elements A and B, ignoring apparent size. Answer A larger, B larger, or equal. Explain briefly what you used in the image, then end with a confidence score from 0 to 1."
optical_illusion_2122_open_q1,optical_illusion_2122.png,"Compare the actual central elements A and B, ignoring apparent size. Answer A larger, B larger, or equal. Explain briefly what you used in the image, then end with a confidence score from 0 to 1."
optical_illusion_2123_open_q1,optical_illusion_2123.png,"Compare the actual central elements A and B, ignoring apparent size. Answer A larger, B larger, or equal. Explain briefly what you used in the image, then end with a confidence score from 0 to 1."
optical_illusion_2124_open_q1,optical_illusion_2124.png,"Compare the actual central elements A and B, ignoring apparent size. Answer A larger, B larger, or equal. Explain briefly what you used in the image, then end with a confidence score from 0 to 1."
optical_illusion_2125_open_q1,optical_illusion_2125.png,"Compare the actual central elements A and B, ignoring apparent size. Answer A larger, B larger, or equal. Explain briefly what you used in the image, then end with a confidence score from 0 to 1."
optical_illusion_2126_open_q1,optical_illusion_2126.png,"Compare the actual central elements A and B, ignoring apparent size. Answer A larger, B larger, or equal. Explain briefly what you used in the image, then end with a confidence score from 0 to 1."
optical_illusion_2127_open_q1,optical_illusion_2127.png,"Compare the actual central elements A and B, ignoring apparent size. Answer A larger, B larger, or equal. Explain briefly what you used in the image, then end with a confidence score from 0 to 1."
optical_illusion_2128_open_q1,optical_illusion_2128.png,"Compare the actual central elements A and B, ignoring apparent size. Answer A larger, B larger, or equal. Explain briefly what you used in the image, then end with a confidence score from 0 to 1."
optical_illusion_2129_open_q1,optical_illusion_2129.png,"Compare the actual central elements A and B, ignoring apparent size. Answer A larger, B larger, or equal. Explain briefly what you used in the image, then end with a confidence score from 0 to 1."
optical_illusion_2130_open_q1,optical_illusion_2130.png,"Compare the actual central elements A and B, ignoring apparent size. Answer A larger, B larger, or equal. Explain briefly what you used in the image, then end with a confidence score from 0 to 1."
optical_illusion_2131_open_q1,optical_illusion_2131.png,"Compare the actual central elements A and B, ignoring apparent size. Answer A larger, B larger, or equal. Explain briefly what you used in the image, then end with a confidence score from 0 to 1."
optical_illusion_2132_open_q1,optical_illusion_2132.png,"Compare the actual central elements A and B, ignoring apparent size. Answer A larger, B larger, or equal. Explain briefly what you used in the image, then end with a confidence score from 0 to 1."
optical_illusion_2133_open_q1,optical_illusion_2133.png,"Compare the actual central elements A and B, ignoring apparent size. Answer A larger, B larger, or equal. Explain briefly what you used in the image, then end with a confidence score from 0 to 1."
optical_illusion_2134_open_q1,optical_illusion_2134.png,"Compare the actual central elements A and B, ignoring apparent size. Answer A larger, B larger, or equal. Explain briefly what you used in the image, then end with a confidence score from 0 to 1."
optical_illusion_2135_open_q1,optical_illusion_2135.png,"Compare the actual central elements A and B, ignoring apparent size. Answer A larger, B larger, or equal. Explain briefly what you used in the image, then end with a confidence score from 0 to 1."
optical_illusion_2136_open_q1,optical_illusion_2136.png,"Compare the actual central elements A and B, ignoring apparent size. Answer A larger, B larger, or equal. Explain briefly what you used in the image, then end with a confidence score from 0 to 1."
optical_illusion_2137_open_q1,optical_illusion_2137.png,"Compare the actual central elements A and B, ignoring apparent size. Answer A larger, B larger, or equal. Explain briefly what you used in the image, then end with a confidence score from 0 to 1."
optical_illusion_2138_open_q1,optical_illusion_2138.png,"Compare the actual central elements A and B, ignoring apparent size. Answer A larger, B larger, or equal. Explain briefly what you used in the image, then end with a confidence score from 0 to 1."
optical_illusion_2139_open_q1,optical_illusion_2139.png,"Compare the actual central elements A and B, ignoring apparent size. Answer A larger, B larger, or equal. Explain briefly what you used in the image, then end with a confidence score from 0 to 1."
optical_illusion_2140_open_q1,optical_illusion_2140.png,"Compare the actual central elements A and B, ignoring apparent size. Answer A larger, B larger, or equal. Explain briefly what you used in the image, then end with a confidence score from 0 to 1."
optical_illusion_2141_open_q1,optical_illusion_2141.png,"Compare the actual central elements A and B, ignoring apparent size. Answer A larger, B larger, or equal. Explain briefly what you used in the image, then end with a confidence score from 0 to 1."
optical_illusion_2142_open_q1,optical_illusion_2142.png,"Compare the actual central elements A and B, ignoring apparent size. Answer A larger, B larger, or equal. Explain briefly what you used in the image, then end with a confidence score from 0 to 1."
optical_illusion_2143_open_q1,optical_illusion_2143.png,"Compare the actual central elements A and B, ignoring apparent size. Answer A larger, B larger, or equal. Explain briefly what you used in the image, then end with a confidence score from 0 to 1."
optical_illusion_2144_open_q1,optical_illusion_2144.png,"Compare the actual central elements A and B, ignoring apparent size. Answer A larger, B larger, or equal. Explain briefly what you used in the image, then end with a confidence score from 0 to 1."
optical_illusion_2145_open_q1,optical_illusion_2145.png,"Compare the actual central elements A and B, ignoring apparent size. Answer A larger, B larger, or equal. Explain briefly what you used in the image, then end with a confidence score from 0 to 1."
optical_illusion_2146_open_q1,optical_illusion_2146.png,"Compare the actual central elements A and B, ignoring apparent size. Answer A larger, B larger, or equal. Explain briefly what you used in the image, then end with a confidence score from 0 to 1."
optical_illusion_2147_open_q1,optical_illusion_2147.png,"Compare the actual central elements A and B, ignoring apparent size. Answer A larger, B larger, or equal. Explain briefly what you used in the image, then end with a confidence score from 0 to 1."
optical_illusion_2148_open_q1,optical_illusion_2148.png,"Compare the actual central elements A and B, ignoring apparent size. Answer A larger, B larger, or equal. Explain briefly what you used in the image, then end with a confidence score from 0 to 1."
optical_illusion_2149_open_q1,optical_illusion_2149.png,"Compare the actual central elements A and B, ignoring apparent size. Answer A larger, B larger, or equal. Explain briefly what you used in the image, then end with a confidence score from 0 to 1."
optical_illusion_2150_open_q1,optical_illusion_2150.png,"Compare the actual central elements A and B, ignoring apparent size. Answer A larger, B larger, or equal. Explain briefly what you used in the image, then end with a confidence score from 0 to 1."
optical_illusion_2151_open_q1,optical_illusion_2151.png,"Compare the actual central elements A and B, ignoring apparent size. Answer A larger, B larger, or equal. Explain briefly what you used in the image, then end with a confidence score from 0 to 1."
optical_illusion_2152_open_q1,optical_illusion_2152.png,"Compare the actual central elements A and B, ignoring apparent size. Answer A larger, B larger, or equal. Explain briefly what you used in the image, then end with a confidence score from 0 to 1."
optical_illusion_2153_open_q1,optical_illusion_2153.png,"Compare the actual central elements A and B, ignoring apparent size. Answer A larger, B larger, or equal. Explain briefly what you used in the image, then end with a confidence score from 0 to 1."
optical_illusion_2154_open_q1,optical_illusion_2154.png,"Compare the actual central elements A and B, ignoring apparent size. Answer A larger, B larger, or equal. Explain briefly what you used in the image, then end with a confidence score from 0 to 1."
optical_illusion_2155_open_q1,optical_illusion_2155.png,"Compare the actual central elements A and B, ignoring apparent size. Answer A larger, B larger, or equal. Explain briefly what you used in the image, then end with a confidence score from 0 to 1."
optical_illusion_2156_open_q1,optical_illusion_2156.png,"Compare the actual central elements A and B, ignoring apparent size. Answer A larger, B larger, or equal. Explain briefly what you used in the image, then end with a confidence score from 0 to 1."
optical_illusion_2157_open_q1,optical_illusion_2157.png,"Compare the actual central elements A and B, ignoring apparent size. Answer A larger, B larger, or equal. Explain briefly what you used in the image, then end with a confidence score from 0 to 1."
optical_illusion_2158_open_q1,optical_illusion_2158.png,"Compare the actual central elements A and B, ignoring apparent size. Answer A larger, B larger, or equal. Explain briefly what you used in the image, then end with a confidence score from 0 to 1."
optical_illusion_2159_open_q1,optical_illusion_2159.png,"Compare the actual central elements A and B, ignoring apparent size. Answer A larger, B larger, or equal. Explain briefly what you used in the image, then end with a confidence score from 0 to 1."
optical_illusion_2160_open_q1,optical_illusion_2160.png,"Compare the actual central elements A and B, ignoring apparent size. Answer A larger, B larger, or equal. Explain briefly what you used in the image, then end with a confidence score from 0 to 1."
optical_illusion_2161_open_q1,optical_illusion_2161.png,"Compare the actual central elements A and B, ignoring apparent size. Answer A larger, B larger, or equal. Explain briefly what you used in the image, then end with a confidence score from 0 to 1."
optical_illusion_2162_open_q1,optical_illusion_2162.png,"Compare the actual central elements A and B, ignoring apparent size. Answer A larger, B larger, or equal. Explain briefly what you used in the image, then end with a confidence score from 0 to 1."
optical_illusion_2163_open_q1,optical_illusion_2163.png,"Compare the actual central elements A and B, ignoring apparent size. Answer A larger, B larger, or equal. Explain briefly what you used in the image, then end with a confidence score from 0 to 1."
optical_illusion_2164_open_q1,optical_illusion_2164.png,"Compare the actual central elements A and B, ignoring apparent size. Answer A larger, B larger, or equal. Explain briefly what you used in the image, then end with a confidence score from 0 to 1."
optical_illusion_2165_open_q1,optical_illusion_2165.png,"Compare the actual central elements A and B, ignoring apparent size. Answer A larger, B larger, or equal. Explain briefly what you used in the image, then end with a confidence score from 0 to 1."
optical_illusion_2166_open_q1,optical_illusion_2166.png,"Compare the actual central elements A and B, ignoring apparent size. Answer A larger, B larger, or equal. Explain briefly what you used in the image, then end with a confidence score from 0 to 1."
optical_illusion_2167_open_q1,optical_illusion_2167.png,"Compare the actual central elements A and B, ignoring apparent size. Answer A larger, B larger, or equal. Explain briefly what you used in the image, then end with a confidence score from 0 to 1."
optical_illusion_2168_open_q1,optical_illusion_2168.png,"Compare the actual central elements A and B, ignoring apparent size. Answer A larger, B larger, or equal. Explain briefly what you used in the image, then end with a confidence score from 0 to 1."
optical_illusion_2169_open_q1,optical_illusion_2169.png,"Compare the actual central elements A and B, ignoring apparent size. Answer A larger, B larger, or equal. Explain briefly what you used in the image, then end with a confidence score from 0 to 1."
optical_illusion_2170_open_q1,optical_illusion_2170.png,"Compare the actual central elements A and B, ignoring apparent size. Answer A larger, B larger, or equal. Explain briefly what you used in the image, then end with a confidence score from 0 to 1."
optical_illusion_2171_open_q1,optical_illusion_2171.png,"Compare the actual central elements A and B, ignoring apparent size. Answer A larger, B larger, or equal. Explain briefly what you used in the image, then end with a confidence score from 0 to 1."
optical_illusion_2172_open_q1,optical_illusion_2172.png,"Compare the actual central elements A and B, ignoring apparent size. Answer A larger, B larger, or equal. Explain briefly what you used in the image, then end with a confidence score from 0 to 1."
optical_illusion_2173_open_q1,optical_illusion_2173.png,"Compare the actual central elements A and B, ignoring apparent size. Answer A larger, B larger, or equal. Explain briefly what you used in the image, then end with a confidence score from 0 to 1."
optical_illusion_2174_open_q1,optical_illusion_2174.png,"Compare the actual central elements A and B, ignoring apparent size. Answer A larger, B larger, or equal. Explain briefly what you used in the image, then end with a confidence score from 0 to 1."
optical_illusion_2175_open_q1,optical_illusion_2175.png,"Compare the actual central elements A and B, ignoring apparent size. Answer A larger, B larger, or equal. Explain briefly what you used in the image, then end with a confidence score from 0 to 1."
optical_illusion_2176_open_q1,optical_illusion_2176.png,"Compare the actual central elements A and B, ignoring apparent size. Answer A larger, B larger, or equal. Explain briefly what you used in the image, then end with a confidence score from 0 to 1."
optical_illusion_2177_open_q1,optical_illusion_2177.png,"Compare the actual central elements A and B, ignoring apparent size. Answer A larger, B larger, or equal. Explain briefly what you used in the image, then end with a confidence score from 0 to 1."
optical_illusion_2178_open_q1,optical_illusion_2178.png,"Compare the actual central elements A and B, ignoring apparent size. Answer A larger, B larger, or equal. Explain briefly what you used in the image, then end with a confidence score from 0 to 1."
optical_illusion_2179_open_q1,optical_illusion_2179.png,"Compare the actual central elements A and B, ignoring apparent size. Answer A larger, B larger, or equal. Explain briefly what you used in the image, then end with a confidence score from 0 to 1."
optical_illusion_2180_open_q1,optical_illusion_2180.png,"Compare the actual central elements A and B, ignoring apparent size. Answer A larger, B larger, or equal. Explain briefly what you used in the image, then end with a confidence score from 0 to 1."
optical_illusion_2181_open_q1,optical_illusion_2181.png,"Compare the actual central elements A and B, ignoring apparent size. Answer A larger, B larger, or equal. Explain briefly what you used in the image, then end with a confidence score from 0 to 1."
optical_illusion_2182_open_q1,optical_illusion_2182.png,"Compare the actual central elements A and B, ignoring apparent size. Answer A larger, B larger, or equal. Explain briefly what you used in the image, then end with a confidence score from 0 to 1."
optical_illusion_2183_open_q1,optical_illusion_2183.png,"Compare the actual central elements A and B, ignoring apparent size. Answer A larger, B larger, or equal. Explain briefly what you used in the image, then end with a confidence score from 0 to 1."
optical_illusion_2184_open_q1,optical_illusion_2184.png,"Compare the actual central elements A and B, ignoring apparent size. Answer A larger, B larger, or equal. Explain briefly what you used in the image, then end with a confidence score from 0 to 1."
optical_illusion_2185_open_q1,optical_illusion_2185.png,"Compare the actual central elements A and B, ignoring apparent size. Answer A larger, B larger, or equal. Explain briefly what you used in the image, then end with a confidence score from 0 to 1."
optical_illusion_2186_open_q1,optical_illusion_2186.png,"Compare the actual central elements A and B, ignoring apparent size. Answer A larger, B larger, or equal. Explain briefly what you used in the image, then end with a confidence score from 0 to 1."
optical_illusion_2187_open_q1,optical_illusion_2187.png,"Compare the actual central elements A and B, ignoring apparent size. Answer A larger, B larger, or equal. Explain briefly what you used in the image, then end with a confidence score from 0 to 1."
optical_illusion_2188_open_q1,optical_illusion_2188.png,"Compare the actual central elements A and B, ignoring apparent size. Answer A larger, B larger, or equal. Explain briefly what you used in the image, then end with a confidence score from 0 to 1."
optical_illusion_2189_open_q1,optical_illusion_2189.png,"Compare the actual central elements A and B, ignoring apparent size. Answer A larger, B larger, or equal. Explain briefly what you used in the image, then end with a confidence score from 0 to 1."
optical_illusion_2190_open_q1,optical_illusion_2190.png,"Compare the actual central elements A and B, ignoring apparent size. Answer A larger, B larger, or equal. Explain briefly what you used in the image, then end with a confidence score from 0 to 1."
optical_illusion_2191_open_q1,optical_illusion_2191.png,"Compare the actual central elements A and B, ignoring apparent size. Answer A larger, B larger, or equal. Explain briefly what you used in the image, then end with a confidence score from 0 to 1."
optical_illusion_2192_open_q1,optical_illusion_2192.png,"Compare the actual central elements A and B, ignoring apparent size. Answer A larger, B larger, or equal. Explain briefly what you used in the image, then end with a confidence score from 0 to 1."
optical_illusion_2193_open_q1,optical_illusion_2193.png,"Compare the actual central elements A and B, ignoring apparent size. Answer A larger, B larger, or equal. Explain briefly what you used in the image, then end with a confidence score from 0 to 1."
optical_illusion_2194_open_q1,optical_illusion_2194.png,"Compare the actual central elements A and B, ignoring apparent size. Answer A larger, B larger, or equal. Explain briefly what you used in the image, then end with a confidence score from 0 to 1."
optical_illusion_2195_open_q1,optical_illusion_2195.png,"Compare the actual central elements A and B, ignoring apparent size. Answer A larger, B larger, or equal. Explain briefly what you used in the image, then end with a confidence score from 0 to 1."
optical_illusion_2196_open_q1,optical_illusion_2196.png,"Compare the actual central elements A and B, ignoring apparent size. Answer A larger, B larger, or equal. Explain briefly what you used in the image, then end with a confidence score from 0 to 1."
optical_illusion_2197_open_q1,optical_illusion_2197.png,"Compare the actual central elements A and B, ignoring apparent size. Answer A larger, B larger, or equal. Explain briefly what you used in the image, then end with a confidence score from 0 to 1."
optical_illusion_2198_open_q1,optical_illusion_2198.png,"Compare the actual central elements A and B, ignoring apparent size. Answer A larger, B larger, or equal. Explain briefly what you used in the image, then end with a confidence score from 0 to 1."
optical_illusion_2199_open_q1,optical_illusion_2199.png,"Compare the actual central elements A and B, ignoring apparent size. Answer A larger, B larger, or equal. Explain briefly what you used in the image, then end with a confidence score from 0 to 1."
optical_illusion_2200_open_q1,optical_illusion_2200.png,"Compare the actual central elements A and B, ignoring apparent size. Answer A larger, B larger, or equal. Explain briefly what you used in the image, then end with a confidence score from 0 to 1."
optical_illusion_2201_open_q1,optical_illusion_2201.png,"Compare the actual central elements A and B, ignoring apparent size. Answer A larger, B larger, or equal. Explain briefly what you used in the image, then end with a confidence score from 0 to 1."
optical_illusion_2202_open_q1,optical_illusion_2202.png,"Compare the actual central elements A and B, ignoring apparent size. Answer A larger, B larger, or equal. Explain briefly what you used in the image, then end with a confidence score from 0 to 1."
optical_illusion_2203_open_q1,optical_illusion_2203.png,"Compare the actual central elements A and B, ignoring apparent size. Answer A larger, B larger, or equal. Explain briefly what you used in the image, then end with a confidence score from 0 to 1."
optical_illusion_2204_open_q1,optical_illusion_2204.png,"Compare the actual central elements A and B, ignoring apparent size. Answer A larger, B larger, or equal. Explain briefly what you used in the image, then end with a confidence score from 0 to 1."
optical_illusion_2205_open_q1,optical_illusion_2205.png,"Compare the actual central elements A and B, ignoring apparent size. Answer A larger, B larger, or equal. Explain briefly what you used in the image, then end with a confidence score from 0 to 1."
optical_illusion_2206_open_q1,optical_illusion_2206.png,"Compare the actual central elements A and B, ignoring apparent size. Answer A larger, B larger, or equal. Explain briefly what you used in the image, then end with a confidence score from 0 to 1."
optical_illusion_2207_open_q1,optical_illusion_2207.png,"Compare the actual central elements A and B, ignoring apparent size. Answer A larger, B larger, or equal. Explain briefly what you used in the image, then end with a confidence score from 0 to 1."
optical_illusion_2208_open_q1,optical_illusion_2208.png,"Compare the actual central elements A and B, ignoring apparent size. Answer A larger, B larger, or equal. Explain briefly what you used in the image, then end with a confidence score from 0 to 1."
optical_illusion_2209_open_q1,optical_illusion_2209.png,"Compare the actual central elements A and B, ignoring apparent size. Answer A larger, B larger, or equal. Explain briefly what you used in the image, then end with a confidence score from 0 to 1."
optical_illusion_2210_open_q1,optical_illusion_2210.png,"Compare the actual central elements A and B, ignoring apparent size. Answer A larger, B larger, or equal. Explain briefly what you used in the image, then end with a confidence score from 0 to 1."
optical_illusion_2211_open_q1,optical_illusion_2211.png,"Compare the actual central elements A and B, ignoring apparent size. Answer A larger, B larger, or equal. Explain briefly what you used in the image, then end with a confidence score from 0 to 1."
optical_illusion_2212_open_q1,optical_illusion_2212.png,"Compare the actual central elements A and B, ignoring apparent size. Answer A larger, B larger, or equal. Explain briefly what you used in the image, then end with a confidence score from 0 to 1."
optical_illusion_2213_open_q1,optical_illusion_2213.png,"Compare the actual central elements A and B, ignoring apparent size. Answer A larger, B larger, or equal. Explain briefly what you used in the image, then end with a confidence score from 0 to 1."
optical_illusion_2214_open_q1,optical_illusion_2214.png,"Compare the actual central elements A and B, ignoring apparent size. Answer A larger, B larger, or equal. Explain briefly what you used in the image, then end with a confidence score from 0 to 1."
optical_illusion_2215_open_q1,optical_illusion_2215.png,"Compare the actual central elements A and B, ignoring apparent size. Answer A larger, B larger, or equal. Explain briefly what you used in the image, then end with a confidence score from 0 to 1."
optical_illusion_2216_open_q1,optical_illusion_2216.png,"Compare the actual central elements A and B, ignoring apparent size. Answer A larger, B larger, or equal. Explain briefly what you used in the image, then end with a confidence score from 0 to 1."
optical_illusion_2217_open_q1,optical_illusion_2217.png,"Compare the actual central elements A and B, ignoring apparent size. Answer A larger, B larger, or equal. Explain briefly what you used in the image, then end with a confidence score from 0 to 1."
optical_illusion_2218_open_q1,optical_illusion_2218.png,"Compare the actual central elements A and B, ignoring apparent size. Answer A larger, B larger, or equal. Explain briefly what you used in the image, then end with a confidence score from 0 to 1."
optical_illusion_2219_open_q1,optical_illusion_2219.png,"Compare the actual central elements A and B, ignoring apparent size. Answer A larger, B larger, or equal. Explain briefly what you used in the image, then end with a confidence score from 0 to 1."
optical_illusion_2220_open_q1,optical_illusion_2220.png,"Compare the actual central elements A and B, ignoring apparent size. Answer A larger, B larger, or equal. Explain briefly what you used in the image, then end with a confidence score from 0 to 1."
optical_illusion_2221_open_q1,optical_illusion_2221.png,"Compare the actual central elements A and B, ignoring apparent size. Answer A larger, B larger, or equal. Explain briefly what you used in the image, then end with a confidence score from 0 to 1."
optical_illusion_2222_open_q1,optical_illusion_2222.png,"Compare the actual central elements A and B, ignoring apparent size. Answer A larger, B larger, or equal. Explain briefly what you used in the image, then end with a confidence score from 0 to 1."
optical_illusion_2223_open_q1,optical_illusion_2223.png,"Compare the actual central elements A and B, ignoring apparent size. Answer A larger, B larger, or equal. Explain briefly what you used in the image, then end with a confidence score from 0 to 1."
optical_illusion_2224_open_q1,optical_illusion_2224.png,"Compare the actual central elements A and B, ignoring apparent size. Answer A larger, B larger, or equal. Explain briefly what you used in the image, then end with a confidence score from 0 to 1."
optical_illusion_2225_open_q1,optical_illusion_2225.png,"Compare the actual central elements A and B, ignoring apparent size. Answer A larger, B larger, or equal. Explain briefly what you used in the image, then end with a confidence score from 0 to 1."
optical_illusion_2226_open_q1,optical_illusion_2226.png,"Compare the actual central elements A and B, ignoring apparent size. Answer A larger, B larger, or equal. Explain briefly what you used in the image, then end with a confidence score from 0 to 1."
optical_illusion_2227_open_q1,optical_illusion_2227.png,"Compare the actual central elements A and B, ignoring apparent size. Answer A larger, B larger, or equal. Explain briefly what you used in the image, then end with a confidence score from 0 to 1."
optical_illusion_2228_open_q1,optical_illusion_2228.png,"Compare the actual central elements A and B, ignoring apparent size. Answer A larger, B larger, or equal. Explain briefly what you used in the image, then end with a confidence score from 0 to 1."
optical_illusion_2229_open_q1,optical_illusion_2229.png,"Compare the actual central elements A and B, ignoring apparent size. Answer A larger, B larger, or equal. Explain briefly what you used in the image, then end with a confidence score from 0 to 1."
optical_illusion_2230_open_q1,optical_illusion_2230.png,"Compare the actual central elements A and B, ignoring apparent size. Answer A larger, B larger, or equal. Explain briefly what you used in the image, then end with a confidence score from 0 to 1."
optical_illusion_2231_open_q1,optical_illusion_2231.png,"Compare the actual central elements A and B, ignoring apparent size. Answer A larger, B larger, or equal. Explain briefly what you used in the image, then end with a confidence score from 0 to 1."
optical_illusion_2232_open_q1,optical_illusion_2232.png,"Compare the actual central elements A and B, ignoring apparent size. Answer A larger, B larger, or equal. Explain briefly what you used in the image, then end with a confidence score from 0 to 1."
optical_illusion_2233_open_q1,optical_illusion_2233.png,"Compare the actual central elements A and B, ignoring apparent size. Answer A larger, B larger, or equal. Explain briefly what you used in the image, then end with a confidence score from 0 to 1."
optical_illusion_2234_open_q1,optical_illusion_2234.png,"Compare the actual central elements A and B, ignoring apparent size. Answer A larger, B larger, or equal. Explain briefly what you used in the image, then end with a confidence score from 0 to 1."
optical_illusion_2235_open_q1,optical_illusion_2235.png,"Compare the actual central elements A and B, ignoring apparent size. Answer A larger, B larger, or equal. Explain briefly what you used in the image, then end with a confidence score from 0 to 1."
optical_illusion_2236_open_q1,optical_illusion_2236.png,"Compare the actual central elements A and B, ignoring apparent size. Answer A larger, B larger, or equal. Explain briefly what you used in the image, then end with a confidence score from 0 to 1."
optical_illusion_2237_open_q1,optical_illusion_2237.png,"Compare the actual central elements A and B, ignoring apparent size. Answer A larger, B larger, or equal. Explain briefly what you used in the image, then end with a confidence score from 0 to 1."
optical_illusion_2238_open_q1,optical_illusion_2238.png,"Compare the actual central elements A and B, ignoring apparent size. Answer A larger, B larger, or equal. Explain briefly what you used in the image, then end with a confidence score from 0 to 1."
optical_illusion_2239_open_q1,optical_illusion_2239.png,"Compare the actual central elements A and B, ignoring apparent size. Answer A larger, B larger, or equal. Explain briefly what you used in the image, then end with a confidence score from 0 to 1."
optical_illusion_2240_open_q1,optical_illusion_2240.png,"Compare the actual central elements A and B, ignoring apparent size. Answer A larger, B larger, or equal. Explain briefly what you used in the image, then end with a confidence score from 0 to 1."
optical_illusion_2241_open_q1,optical_illusion_2241.png,"Compare the actual central elements A and B, ignoring apparent size. Answer A larger, B larger, or equal. Explain briefly what you used in the image, then end with a confidence score from 0 to 1."
optical_illusion_2242_open_q1,optical_illusion_2242.png,"Compare the actual central elements A and B, ignoring apparent size. Answer A larger, B larger, or equal. Explain briefly what you used in the image, then end with a confidence score from 0 to 1."
optical_illusion_2243_open_q1,optical_illusion_2243.png,"Compare the actual central elements A and B, ignoring apparent size. Answer A larger, B larger, or equal. Explain briefly what you used in the image, then end with a confidence score from 0 to 1."
optical_illusion_2244_open_q1,optical_illusion_2244.png,"Compare the actual central elements A and B, ignoring apparent size. Answer A larger, B larger, or equal. Explain briefly what you used in the image, then end with a confidence score from 0 to 1."
optical_illusion_2245_open_q1,optical_illusion_2245.png,"Compare the actual central elements A and B, ignoring apparent size. Answer A larger, B larger, or equal. Explain briefly what you used in the image, then end with a confidence score from 0 to 1."
optical_illusion_2246_open_q1,optical_illusion_2246.png,"Compare the actual central elements A and B, ignoring apparent size. Answer A larger, B larger, or equal. Explain briefly what you used in the image, then end with a confidence score from 0 to 1."
optical_illusion_2247_open_q1,optical_illusion_2247.png,"Compare the actual central elements A and B, ignoring apparent size. Answer A larger, B larger, or equal. Explain briefly what you used in the image, then end with a confidence score from 0 to 1."
optical_illusion_2248_open_q1,optical_illusion_2248.png,"Compare the actual central elements A and B, ignoring apparent size. Answer A larger, B larger, or equal. Explain briefly what you used in the image, then end with a confidence score from 0 to 1."
optical_illusion_2249_open_q1,optical_illusion_2249.png,"Compare the actual central elements A and B, ignoring apparent size. Answer A larger, B larger, or equal. Explain briefly what you used in the image, then end with a confidence score from 0 to 1."
optical_illusion_2250_open_q1,optical_illusion_2250.png,"Compare the actual central elements A and B, ignoring apparent size. Answer A larger, B larger, or equal. Explain briefly what you used in the image, then end with a confidence score from 0 to 1."
optical_illusion_2251_open_q1,optical_illusion_2251.png,"Compare the actual central elements A and B, ignoring apparent size. Answer A larger, B larger, or equal. Explain briefly what you used in the image, then end with a confidence score from 0 to 1."
optical_illusion_2252_open_q1,optical_illusion_2252.png,"Compare the actual central elements A and B, ignoring apparent size. Answer A larger, B larger, or equal. Explain briefly what you used in the image, then end with a confidence score from 0 to 1."
optical_illusion_2253_open_q1,optical_illusion_2253.png,"Compare the actual central elements A and B, ignoring apparent size. Answer A larger, B larger, or equal. Explain briefly what you used in the image, then end with a confidence score from 0 to 1."
optical_illusion_2254_open_q1,optical_illusion_2254.png,"Compare the actual central elements A and B, ignoring apparent size. Answer A larger, B larger, or equal. Explain briefly what you used in the image, then end with a confidence score from 0 to 1."
optical_illusion_2255_open_q1,optical_illusion_2255.png,"Compare the actual central elements A and B, ignoring apparent size. Answer A larger, B larger, or equal. Explain briefly what you used in the image, then end with a confidence score from 0 to 1."
optical_illusion_2256_open_q1,optical_illusion_2256.png,"Compare the actual central elements A and B, ignoring apparent size. Answer A larger, B larger, or equal. Explain briefly what you used in the image, then end with a confidence score from 0 to 1."
optical_illusion_2257_open_q1,optical_illusion_2257.png,"Compare the actual central elements A and B, ignoring apparent size. Answer A larger, B larger, or equal. Explain briefly what you used in the image, then end with a confidence score from 0 to 1."
optical_illusion_2258_open_q1,optical_illusion_2258.png,"Compare the actual central elements A and B, ignoring apparent size. Answer A larger, B larger, or equal. Explain briefly what you used in the image, then end with a confidence score from 0 to 1."
optical_illusion_2259_open_q1,optical_illusion_2259.png,"Compare the actual central elements A and B, ignoring apparent size. Answer A larger, B larger, or equal. Explain briefly what you used in the image, then end with a confidence score from 0 to 1."
optical_illusion_2260_open_q1,optical_illusion_2260.png,"Compare the actual central elements A and B, ignoring apparent size. Answer A larger, B larger, or equal. Explain briefly what you used in the image, then end with a confidence score from 0 to 1."
optical_illusion_2261_open_q1,optical_illusion_2261.png,"Compare the actual central elements A and B, ignoring apparent size. Answer A larger, B larger, or equal. Explain briefly what you used in the image, then end with a confidence score from 0 to 1."
optical_illusion_2262_open_q1,optical_illusion_2262.png,"Compare the actual central elements A and B, ignoring apparent size. Answer A larger, B larger, or equal. Explain briefly what you used in the image, then end with a confidence score from 0 to 1."
optical_illusion_2263_open_q1,optical_illusion_2263.png,"Compare the actual central elements A and B, ignoring apparent size. Answer A larger, B larger, or equal. Explain briefly what you used in the image, then end with a confidence score from 0 to 1."
optical_illusion_2264_open_q1,optical_illusion_2264.png,"Compare the actual central elements A and B, ignoring apparent size. Answer A larger, B larger, or equal. Explain briefly what you used in the image, then end with a confidence score from 0 to 1."
optical_illusion_2265_open_q1,optical_illusion_2265.png,"Compare the actual central elements A and B, ignoring apparent size. Answer A larger, B larger, or equal. Explain briefly what you used in the image, then end with a confidence score from 0 to 1."
optical_illusion_2266_open_q1,optical_illusion_2266.png,"Compare the actual central elements A and B, ignoring apparent size. Answer A larger, B larger, or equal. Explain briefly what you used in the image, then end with a confidence score from 0 to 1."
optical_illusion_2267_open_q1,optical_illusion_2267.png,"Compare the actual central elements A and B, ignoring apparent size. Answer A larger, B larger, or equal. Explain briefly what you used in the image, then end with a confidence score from 0 to 1."
optical_illusion_2268_open_q1,optical_illusion_2268.png,"Compare the actual central elements A and B, ignoring apparent size. Answer A larger, B larger, or equal. Explain briefly what you used in the image, then end with a confidence score from 0 to 1."
optical_illusion_2269_open_q1,optical_illusion_2269.png,"Compare the actual central elements A and B, ignoring apparent size. Answer A larger, B larger, or equal. Explain briefly what you used in the image, then end with a confidence score from 0 to 1."
optical_illusion_2270_open_q1,optical_illusion_2270.png,"Compare the actual central elements A and B, ignoring apparent size. Answer A larger, B larger, or equal. Explain briefly what you used in the image, then end with a confidence score from 0 to 1."
optical_illusion_2271_open_q1,optical_illusion_2271.png,"Compare the actual central elements A and B, ignoring apparent size. Answer A larger, B larger, or equal. Explain briefly what you used in the image, then end with a confidence score from 0 to 1."
optical_illusion_2272_open_q1,optical_illusion_2272.png,"Compare the actual central elements A and B, ignoring apparent size. Answer A larger, B larger, or equal. Explain briefly what you used in the image, then end with a confidence score from 0 to 1."
optical_illusion_2273_open_q1,optical_illusion_2273.png,"Compare the actual central elements A and B, ignoring apparent size. Answer A larger, B larger, or equal. Explain briefly what you used in the image, then end with a confidence score from 0 to 1."
optical_illusion_2274_open_q1,optical_illusion_2274.png,"Compare the actual central elements A and B, ignoring apparent size. Answer A larger, B larger, or equal. Explain briefly what you used in the image, then end with a confidence score from 0 to 1."
optical_illusion_2275_open_q1,optical_illusion_2275.png,"Compare the actual central elements A and B, ignoring apparent size. Answer A larger, B larger, or equal. Explain briefly what you used in the image, then end with a confidence score from 0 to 1."
optical_illusion_2276_open_q1,optical_illusion_2276.png,"Compare the actual central elements A and B, ignoring apparent size. Answer A larger, B larger, or equal. Explain briefly what you used in the image, then end with a confidence score from 0 to 1."
optical_illusion_2277_open_q1,optical_illusion_2277.png,"Compare the actual central elements A and B, ignoring apparent size. Answer A larger, B larger, or equal. Explain briefly what you used in the image, then end with a confidence score from 0 to 1."
optical_illusion_2278_open_q1,optical_illusion_2278.png,"Compare the actual central elements A and B, ignoring apparent size. Answer A larger, B larger, or equal. Explain briefly what you used in the image, then end with a confidence score from 0 to 1."
optical_illusion_2279_open_q1,optical_illusion_2279.png,"Compare the actual central elements A and B, ignoring apparent size. Answer A larger, B larger, or equal. Explain briefly what you used in the image, then end with a confidence score from 0 to 1."
optical_illusion_2280_open_q1,optical_illusion_2280.png,"Compare the actual central elements A and B, ignoring apparent size. Answer A larger, B larger, or equal. Explain briefly what you used in the image, then end with a confidence score from 0 to 1."
optical_illusion_2281_open_q1,optical_illusion_2281.png,"Compare the actual central elements A and B, ignoring apparent size. Answer A larger, B larger, or equal. Explain briefly what you used in the image, then end with a confidence score from 0 to 1."
optical_illusion_2282_open_q1,optical_illusion_2282.png,"Compare the actual central elements A and B, ignoring apparent size. Answer A larger, B larger, or equal. Explain briefly what you used in the image, then end with a confidence score from 0 to 1."
optical_illusion_2283_open_q1,optical_illusion_2283.png,"Compare the actual central elements A and B, ignoring apparent size. Answer A larger, B larger, or equal. Explain briefly what you used in the image, then end with a confidence score from 0 to 1."
optical_illusion_2284_open_q1,optical_illusion_2284.png,"Compare the actual central elements A and B, ignoring apparent size. Answer A larger, B larger, or equal. Explain briefly what you used in the image, then end with a confidence score from 0 to 1."
optical_illusion_2285_open_q1,optical_illusion_2285.png,"Compare the actual central elements A and B, ignoring apparent size. Answer A larger, B larger, or equal. Explain briefly what you used in the image, then end with a confidence score from 0 to 1."
optical_illusion_2286_open_q1,optical_illusion_2286.png,"Compare the actual central elements A and B, ignoring apparent size. Answer A larger, B larger, or equal. Explain briefly what you used in the image, then end with a confidence score from 0 to 1."
optical_illusion_2287_open_q1,optical_illusion_2287.png,"Compare the actual central elements A and B, ignoring apparent size. Answer A larger, B larger, or equal. Explain briefly what you used in the image, then end with a confidence score from 0 to 1."
optical_illusion_2288_open_q1,optical_illusion_2288.png,"Compare the actual central elements A and B, ignoring apparent size. Answer A larger, B larger, or equal. Explain briefly what you used in the image, then end with a confidence score from 0 to 1."
optical_illusion_2289_open_q1,optical_illusion_2289.png,"Compare the actual central elements A and B, ignoring apparent size. Answer A larger, B larger, or equal. Explain briefly what you used in the image, then end with a confidence score from 0 to 1."
optical_illusion_2290_open_q1,optical_illusion_2290.png,"Compare the actual central elements A and B, ignoring apparent size. Answer A larger, B larger, or equal. Explain briefly what you used in the image, then end with a confidence score from 0 to 1."
optical_illusion_2291_open_q1,optical_illusion_2291.png,"Compare the actual central elements A and B, ignoring apparent size. Answer A larger, B larger, or equal. Explain briefly what you used in the image, then end with a confidence score from 0 to 1."
optical_illusion_2292_open_q1,optical_illusion_2292.png,"Compare the actual central elements A and B, ignoring apparent size. Answer A larger, B larger, or equal. Explain briefly what you used in the image, then end with a confidence score from 0 to 1."
optical_illusion_2293_open_q1,optical_illusion_2293.png,"Compare the actual central elements A and B, ignoring apparent size. Answer A larger, B larger, or equal. Explain briefly what you used in the image, then end with a confidence score from 0 to 1."
optical_illusion_2294_open_q1,optical_illusion_2294.png,"Compare the actual central elements A and B, ignoring apparent size. Answer A larger, B larger, or equal. Explain briefly what you used in the image, then end with a confidence score from 0 to 1."
optical_illusion_2295_open_q1,optical_illusion_2295.png,"Compare the actual central elements A and B, ignoring apparent size. Answer A larger, B larger, or equal. Explain briefly what you used in the image, then end with a confidence score from 0 to 1."
optical_illusion_2296_open_q1,optical_illusion_2296.png,"Compare the actual central elements A and B, ignoring apparent size. Answer A larger, B larger, or equal. Explain briefly what you used in the image, then end with a confidence score from 0 to 1."
optical_illusion_2297_open_q1,optical_illusion_2297.png,"Compare the actual central elements A and B, ignoring apparent size. Answer A larger, B larger, or equal. Explain briefly what you used in the image, then end with a confidence score from 0 to 1."
optical_illusion_2298_open_q1,optical_illusion_2298.png,"Compare the actual central elements A and B, ignoring apparent size. Answer A larger, B larger, or equal. Explain briefly what you used in the image, then end with a confidence score from 0 to 1."
optical_illusion_2299_open_q1,optical_illusion_2299.png,"Compare the actual central elements A and B, ignoring apparent size. Answer A larger, B larger, or equal. Explain briefly what you used in the image, then end with a confidence score from 0 to 1."
optical_illusion_2300_open_q1,optical_illusion_2300.png,"Compare the actual central elements A and B, ignoring apparent size. Answer A larger, B larger, or equal. Explain briefly what you used in the image, then end with a confidence score from 0 to 1."
optical_illusion_2301_open_q1,optical_illusion_2301.png,"Compare the actual central elements A and B, ignoring apparent size. Answer A larger, B larger, or equal. Explain briefly what you used in the image, then end with a confidence score from 0 to 1."
optical_illusion_2302_open_q1,optical_illusion_2302.png,"Compare the actual central elements A and B, ignoring apparent size. Answer A larger, B larger, or equal. Explain briefly what you used in the image, then end with a confidence score from 0 to 1."
optical_illusion_2303_open_q1,optical_illusion_2303.png,"Compare the actual central elements A and B, ignoring apparent size. Answer A larger, B larger, or equal. Explain briefly what you used in the image, then end with a confidence score from 0 to 1."
optical_illusion_2304_open_q1,optical_illusion_2304.png,"Compare the actual central elements A and B, ignoring apparent size. Answer A larger, B larger, or equal. Explain briefly what you used in the image, then end with a confidence score from 0 to 1."
optical_illusion_2305_open_q1,optical_illusion_2305.png,"Compare the actual central elements A and B, ignoring apparent size. Answer A larger, B larger, or equal. Explain briefly what you used in the image, then end with a confidence score from 0 to 1."
optical_illusion_2306_open_q1,optical_illusion_2306.png,"Compare the actual central elements A and B, ignoring apparent size. Answer A larger, B larger, or equal. Explain briefly what you used in the image, then end with a confidence score from 0 to 1."
optical_illusion_2307_open_q1,optical_illusion_2307.png,"Compare the actual central elements A and B, ignoring apparent size. Answer A larger, B larger, or equal. Explain briefly what you used in the image, then end with a confidence score from 0 to 1."
optical_illusion_2308_open_q1,optical_illusion_2308.png,"Compare the actual central elements A and B, ignoring apparent size. Answer A larger, B larger, or equal. Explain briefly what you used in the image, then end with a confidence score from 0 to 1."
optical_illusion_2309_open_q1,optical_illusion_2309.png,"Compare the actual central elements A and B, ignoring apparent size. Answer A larger, B larger, or equal. Explain briefly what you used in the image, then end with a confidence score from 0 to 1."
optical_illusion_2310_open_q1,optical_illusion_2310.png,"Compare the actual central elements A and B, ignoring apparent size. Answer A larger, B larger, or equal. Explain briefly what you used in the image, then end with a confidence score from 0 to 1."
optical_illusion_2311_open_q1,optical_illusion_2311.png,"Compare the actual central elements A and B, ignoring apparent size. Answer A larger, B larger, or equal. Explain briefly what you used in the image, then end with a confidence score from 0 to 1."
optical_illusion_2312_open_q1,optical_illusion_2312.png,"Compare the actual central elements A and B, ignoring apparent size. Answer A larger, B larger, or equal. Explain briefly what you used in the image, then end with a confidence score from 0 to 1."
optical_illusion_2313_open_q1,optical_illusion_2313.png,"Compare the actual central elements A and B, ignoring apparent size. Answer A larger, B larger, or equal. Explain briefly what you used in the image, then end with a confidence score from 0 to 1."
optical_illusion_2314_open_q1,optical_illusion_2314.png,"Compare the actual central elements A and B, ignoring apparent size. Answer A larger, B larger, or equal. Explain briefly what you used in the image, then end with a confidence score from 0 to 1."
optical_illusion_2315_open_q1,optical_illusion_2315.png,"Compare the actual central elements A and B, ignoring apparent size. Answer A larger, B larger, or equal. Explain briefly what you used in the image, then end with a confidence score from 0 to 1."
optical_illusion_2316_open_q1,optical_illusion_2316.png,"Compare the actual central elements A and B, ignoring apparent size. Answer A larger, B larger, or equal. Explain briefly what you used in the image, then end with a confidence score from 0 to 1."
optical_illusion_2317_open_q1,optical_illusion_2317.png,"Compare the actual central elements A and B, ignoring apparent size. Answer A larger, B larger, or equal. Explain briefly what you used in the image, then end with a confidence score from 0 to 1."
optical_illusion_2318_open_q1,optical_illusion_2318.png,"Compare the actual central elements A and B, ignoring apparent size. Answer A larger, B larger, or equal. Explain briefly what you used in the image, then end with a confidence score from 0 to 1."
optical_illusion_2319_open_q1,optical_illusion_2319.png,"Compare the actual central elements A and B, ignoring apparent size. Answer A larger, B larger, or equal. Explain briefly what you used in the image, then end with a confidence score from 0 to 1."
optical_illusion_2320_open_q1,optical_illusion_2320.png,"Compare the actual central elements A and B, ignoring apparent size. Answer A larger, B larger, or equal. Explain briefly what you used in the image, then end with a confidence score from 0 to 1."
optical_illusion_2321_open_q1,optical_illusion_2321.png,"Compare the actual central elements A and B, ignoring apparent size. Answer A larger, B larger, or equal. Explain briefly what you used in the image, then end with a confidence score from 0 to 1."
optical_illusion_2322_open_q1,optical_illusion_2322.png,"Compare the actual central elements A and B, ignoring apparent size. Answer A larger, B larger, or equal. Explain briefly what you used in the image, then end with a confidence score from 0 to 1."
optical_illusion_2323_open_q1,optical_illusion_2323.png,"Compare the actual central elements A and B, ignoring apparent size. Answer A larger, B larger, or equal. Explain briefly what you used in the image, then end with a confidence score from 0 to 1."
optical_illusion_2324_open_q1,optical_illusion_2324.png,"Compare the actual central elements A and B, ignoring apparent size. Answer A larger, B larger, or equal. Explain briefly what you used in the image, then end with a confidence score from 0 to 1."
optical_illusion_2325_open_q1,optical_illusion_2325.png,"Compare the actual central elements A and B, ignoring apparent size. Answer A larger, B larger, or equal. Explain briefly what you used in the image, then end with a confidence score from 0 to 1."
optical_illusion_2326_open_q1,optical_illusion_2326.png,"Compare the actual central elements A and B, ignoring apparent size. Answer A larger, B larger, or equal. Explain briefly what you used in the image, then end with a confidence score from 0 to 1."
optical_illusion_2327_open_q1,optical_illusion_2327.png,"Compare the actual central elements A and B, ignoring apparent size. Answer A larger, B larger, or equal. Explain briefly what you used in the image, then end with a confidence score from 0 to 1."
optical_illusion_2328_open_q1,optical_illusion_2328.png,"Compare the actual central elements A and B, ignoring apparent size. Answer A larger, B larger, or equal. Explain briefly what you used in the image, then end with a confidence score from 0 to 1."
optical_illusion_2329_open_q1,optical_illusion_2329.png,"Compare the actual central elements A and B, ignoring apparent size. Answer A larger, B larger, or equal. Explain briefly what you used in the image, then end with a confidence score from 0 to 1."
optical_illusion_2330_open_q1,optical_illusion_2330.png,"Compare the actual central elements A and B, ignoring apparent size. Answer A larger, B larger, or equal. Explain briefly what you used in the image, then end with a confidence score from 0 to 1."
optical_illusion_2331_open_q1,optical_illusion_2331.png,"Compare the actual central elements A and B, ignoring apparent size. Answer A larger, B larger, or equal. Explain briefly what you used in the image, then end with a confidence score from 0 to 1."
optical_illusion_2332_open_q1,optical_illusion_2332.png,"Compare the actual central elements A and B, ignoring apparent size. Answer A larger, B larger, or equal. Explain briefly what you used in the image, then end with a confidence score from 0 to 1."
optical_illusion_2333_open_q1,optical_illusion_2333.png,"Compare the actual central elements A and B, ignoring apparent size. Answer A larger, B larger, or equal. Explain briefly what you used in the image, then end with a confidence score from 0 to 1."
optical_illusion_2334_open_q1,optical_illusion_2334.png,"Compare the actual central elements A and B, ignoring apparent size. Answer A larger, B larger, or equal. Explain briefly what you used in the image, then end with a confidence score from 0 to 1."
optical_illusion_2335_open_q1,optical_illusion_2335.png,"Compare the actual central elements A and B, ignoring apparent size. Answer A larger, B larger, or equal. Explain briefly what you used in the image, then end with a confidence score from 0 to 1."
optical_illusion_2336_open_q1,optical_illusion_2336.png,"Compare the actual central elements A and B, ignoring apparent size. Answer A larger, B larger, or equal. Explain briefly what you used in the image, then end with a confidence score from 0 to 1."
optical_illusion_2337_open_q1,optical_illusion_2337.png,"Compare the actual central elements A and B, ignoring apparent size. Answer A larger, B larger, or equal. Explain briefly what you used in the image, then end with a confidence score from 0 to 1."
optical_illusion_2338_open_q1,optical_illusion_2338.png,"Compare the actual central elements A and B, ignoring apparent size. Answer A larger, B larger, or equal. Explain briefly what you used in the image, then end with a confidence score from 0 to 1."
optical_illusion_2339_open_q1,optical_illusion_2339.png,"Compare the actual central elements A and B, ignoring apparent size. Answer A larger, B larger, or equal. Explain briefly what you used in the image, then end with a confidence score from 0 to 1."
optical_illusion_2340_open_q1,optical_illusion_2340.png,"Compare the actual central elements A and B, ignoring apparent size. Answer A larger, B larger, or equal. Explain briefly what you used in the image, then end with a confidence score from 0 to 1."
optical_illusion_2341_open_q1,optical_illusion_2341.png,"Compare the actual central elements A and B, ignoring apparent size. Answer A larger, B larger, or equal. Explain briefly what you used in the image, then end with a confidence score from 0 to 1."
optical_illusion_2342_open_q1,optical_illusion_2342.png,"Compare the actual central elements A and B, ignoring apparent size. Answer A larger, B larger, or equal. Explain briefly what you used in the image, then end with a confidence score from 0 to 1."
optical_illusion_2343_open_q1,optical_illusion_2343.png,"Compare the actual central elements A and B, ignoring apparent size. Answer A larger, B larger, or equal. Explain briefly what you used in the image, then end with a confidence score from 0 to 1."
optical_illusion_2344_open_q1,optical_illusion_2344.png,"Compare the actual central elements A and B, ignoring apparent size. Answer A larger, B larger, or equal. Explain briefly what you used in the image, then end with a confidence score from 0 to 1."
optical_illusion_2345_open_q1,optical_illusion_2345.png,"Compare the actual central elements A and B, ignoring apparent size. Answer A larger, B larger, or equal. Explain briefly what you used in the image, then end with a confidence score from 0 to 1."
optical_illusion_2346_open_q1,optical_illusion_2346.png,"Compare the actual central elements A and B, ignoring apparent size. Answer A larger, B larger, or equal. Explain briefly what you used in the image, then end with a confidence score from 0 to 1."
optical_illusion_2347_open_q1,optical_illusion_2347.png,"Compare the actual central elements A and B, ignoring apparent size. Answer A larger, B larger, or equal. Explain briefly what you used in the image, then end with a confidence score from 0 to 1."
optical_illusion_2348_open_q1,optical_illusion_2348.png,"Compare the actual central elements A and B, ignoring apparent size. Answer A larger, B larger, or equal. Explain briefly what you used in the image, then end with a confidence score from 0 to 1."
optical_illusion_2349_open_q1,optical_illusion_2349.png,"Compare the actual central elements A and B, ignoring apparent size. Answer A larger, B larger, or equal. Explain briefly what you used in the image, then end with a confidence score from 0 to 1."
optical_illusion_2350_open_q1,optical_illusion_2350.png,"Compare the actual central elements A and B, ignoring apparent size. Answer A larger, B larger, or equal. Explain briefly what you used in the image, then end with a confidence score from 0 to 1."
optical_illusion_2351_open_q1,optical_illusion_2351.png,"Compare the actual central elements A and B, ignoring apparent size. Answer A larger, B larger, or equal. Explain briefly what you used in the image, then end with a confidence score from 0 to 1."
optical_illusion_2352_open_q1,optical_illusion_2352.png,"Compare the actual central elements A and B, ignoring apparent size. Answer A larger, B larger, or equal. Explain briefly what you used in the image, then end with a confidence score from 0 to 1."
optical_illusion_2353_open_q1,optical_illusion_2353.png,"Compare the actual central elements A and B, ignoring apparent size. Answer A larger, B larger, or equal. Explain briefly what you used in the image, then end with a confidence score from 0 to 1."
optical_illusion_2354_open_q1,optical_illusion_2354.png,"Compare the actual central elements A and B, ignoring apparent size. Answer A larger, B larger, or equal. Explain briefly what you used in the image, then end with a confidence score from 0 to 1."
optical_illusion_2355_open_q1,optical_illusion_2355.png,"Compare the actual central elements A and B, ignoring apparent size. Answer A larger, B larger, or equal. Explain briefly what you used in the image, then end with a confidence score from 0 to 1."
optical_illusion_2356_open_q1,optical_illusion_2356.png,"Compare the actual central elements A and B, ignoring apparent size. Answer A larger, B larger, or equal. Explain briefly what you used in the image, then end with a confidence score from 0 to 1."
optical_illusion_2357_open_q1,optical_illusion_2357.png,"Compare the actual central elements A and B, ignoring apparent size. Answer A larger, B larger, or equal. Explain briefly what you used in the image, then end with a confidence score from 0 to 1."
optical_illusion_2358_open_q1,optical_illusion_2358.png,"Compare the actual central elements A and B, ignoring apparent size. Answer A larger, B larger, or equal. Explain briefly what you used in the image, then end with a confidence score from 0 to 1."
optical_illusion_2359_open_q1,optical_illusion_2359.png,"Compare the actual central elements A and B, ignoring apparent size. Answer A larger, B larger, or equal. Explain briefly what you used in the image, then end with a confidence score from 0 to 1."
optical_illusion_2360_open_q1,optical_illusion_2360.png,"Compare the actual central elements A and B, ignoring apparent size. Answer A larger, B larger, or equal. Explain briefly what you used in the image, then end with a confidence score from 0 to 1."
optical_illusion_2361_open_q1,optical_illusion_2361.png,"Compare the actual central elements A and B, ignoring apparent size. Answer A larger, B larger, or equal. Explain briefly what you used in the image, then end with a confidence score from 0 to 1."
optical_illusion_2362_open_q1,optical_illusion_2362.png,"Compare the actual central elements A and B, ignoring apparent size. Answer A larger, B larger, or equal. Explain briefly what you used in the image, then end with a confidence score from 0 to 1."
optical_illusion_2363_open_q1,optical_illusion_2363.png,"Compare the actual central elements A and B, ignoring apparent size. Answer A larger, B larger, or equal. Explain briefly what you used in the image, then end with a confidence score from 0 to 1."
optical_illusion_2364_open_q1,optical_illusion_2364.png,"Compare the actual central elements A and B, ignoring apparent size. Answer A larger, B larger, or equal. Explain briefly what you used in the image, then end with a confidence score from 0 to 1."
optical_illusion_2365_open_q1,optical_illusion_2365.png,"Compare the actual central elements A and B, ignoring apparent size. Answer A larger, B larger, or equal. Explain briefly what you used in the image, then end with a confidence score from 0 to 1."
optical_illusion_2366_open_q1,optical_illusion_2366.png,"Compare the actual central elements A and B, ignoring apparent size. Answer A larger, B larger, or equal. Explain briefly what you used in the image, then end with a confidence score from 0 to 1."
optical_illusion_2367_open_q1,optical_illusion_2367.png,"Compare the actual central elements A and B, ignoring apparent size. Answer A larger, B larger, or equal. Explain briefly what you used in the image, then end with a confidence score from 0 to 1."
optical_illusion_2368_open_q1,optical_illusion_2368.png,"Compare the actual central elements A and B, ignoring apparent size. Answer A larger, B larger, or equal. Explain briefly what you used in the image, then end with a confidence score from 0 to 1."
optical_illusion_2369_open_q1,optical_illusion_2369.png,"Compare the actual central elements A and B, ignoring apparent size. Answer A larger, B larger, or equal. Explain briefly what you used in the image, then end with a confidence score from 0 to 1."
optical_illusion_2370_open_q1,optical_illusion_2370.png,"Compare the actual central elements A and B, ignoring apparent size. Answer A larger, B larger, or equal. Explain briefly what you used in the image, then end with a confidence score from 0 to 1."
optical_illusion_2371_open_q1,optical_illusion_2371.png,"Compare the actual central elements A and B, ignoring apparent size. Answer A larger, B larger, or equal. Explain briefly what you used in the image, then end with a confidence score from 0 to 1."
optical_illusion_2372_open_q1,optical_illusion_2372.png,"Compare the actual central elements A and B, ignoring apparent size. Answer A larger, B larger, or equal. Explain briefly what you used in the image, then end with a confidence score from 0 to 1."
optical_illusion_2373_open_q1,optical_illusion_2373.png,"Compare the actual central elements A and B, ignoring apparent size. Answer A larger, B larger, or equal. Explain briefly what you used in the image, then end with a confidence score from 0 to 1."
optical_illusion_2374_open_q1,optical_illusion_2374.png,"Compare the actual central elements A and B, ignoring apparent size. Answer A larger, B larger, or equal. Explain briefly what you used in the image, then end with a confidence score from 0 to 1."
optical_illusion_2375_open_q1,optical_illusion_2375.png,"Compare the actual central elements A and B, ignoring apparent size. Answer A larger, B larger, or equal. Explain briefly what you used in the image, then end with a confidence score from 0 to 1."
optical_illusion_2376_open_q1,optical_illusion_2376.png,"Compare the actual central elements A and B, ignoring apparent size. Answer A larger, B larger, or equal. Explain briefly what you used in the image, then end with a confidence score from 0 to 1."
optical_illusion_2377_open_q1,optical_illusion_2377.png,"Compare the actual central elements A and B, ignoring apparent size. Answer A larger, B larger, or equal. Explain briefly what you used in the image, then end with a confidence score from 0 to 1."
optical_illusion_2378_open_q1,optical_illusion_2378.png,"Compare the actual central elements A and B, ignoring apparent size. Answer A larger, B larger, or equal. Explain briefly what you used in the image, then end with a confidence score from 0 to 1."
optical_illusion_2379_open_q1,optical_illusion_2379.png,"Compare the actual central elements A and B, ignoring apparent size. Answer A larger, B larger, or equal. Explain briefly what you used in the image, then end with a confidence score from 0 to 1."
optical_illusion_2380_open_q1,optical_illusion_2380.png,"Compare the actual central elements A and B, ignoring apparent size. Answer A larger, B larger, or equal. Explain briefly what you used in the image, then end with a confidence score from 0 to 1."
optical_illusion_2381_open_q1,optical_illusion_2381.png,"Compare the actual central elements A and B, ignoring apparent size. Answer A larger, B larger, or equal. Explain briefly what you used in the image, then end with a confidence score from 0 to 1."
optical_illusion_2382_open_q1,optical_illusion_2382.png,"Compare the actual central elements A and B, ignoring apparent size. Answer A larger, B larger, or equal. Explain briefly what you used in the image, then end with a confidence score from 0 to 1."
optical_illusion_2383_open_q1,optical_illusion_2383.png,"Compare the actual central elements A and B, ignoring apparent size. Answer A larger, B larger, or equal. Explain briefly what you used in the image, then end with a confidence score from 0 to 1."
optical_illusion_2384_open_q1,optical_illusion_2384.png,"Compare the actual central elements A and B, ignoring apparent size. Answer A larger, B larger, or equal. Explain briefly what you used in the image, then end with a confidence score from 0 to 1."
optical_illusion_2385_open_q1,optical_illusion_2385.png,"Compare the actual central elements A and B, ignoring apparent size. Answer A larger, B larger, or equal. Explain briefly what you used in the image, then end with a confidence score from 0 to 1."
optical_illusion_2386_open_q1,optical_illusion_2386.png,"Compare the actual central elements A and B, ignoring apparent size. Answer A larger, B larger, or equal. Explain briefly what you used in the image, then end with a confidence score from 0 to 1."
optical_illusion_2387_open_q1,optical_illusion_2387.png,"Compare the actual central elements A and B, ignoring apparent size. Answer A larger, B larger, or equal. Explain briefly what you used in the image, then end with a confidence score from 0 to 1."
optical_illusion_2388_open_q1,optical_illusion_2388.png,"Compare the actual central elements A and B, ignoring apparent size. Answer A larger, B larger, or equal. Explain briefly what you used in the image, then end with a confidence score from 0 to 1."
optical_illusion_2389_open_q1,optical_illusion_2389.png,"Compare the actual central elements A and B, ignoring apparent size. Answer A larger, B larger, or equal. Explain briefly what you used in the image, then end with a confidence score from 0 to 1."
optical_illusion_2390_open_q1,optical_illusion_2390.png,"Compare the actual central elements A and B, ignoring apparent size. Answer A larger, B larger, or equal. Explain briefly what you used in the image, then end with a confidence score from 0 to 1."
optical_illusion_2391_open_q1,optical_illusion_2391.png,"Compare the actual central elements A and B, ignoring apparent size. Answer A larger, B larger, or equal. Explain briefly what you used in the image, then end with a confidence score from 0 to 1."
optical_illusion_2392_open_q1,optical_illusion_2392.png,"Compare the actual central elements A and B, ignoring apparent size. Answer A larger, B larger, or equal. Explain briefly what you used in the image, then end with a confidence score from 0 to 1."
optical_illusion_2393_open_q1,optical_illusion_2393.png,"Compare the actual central elements A and B, ignoring apparent size. Answer A larger, B larger, or equal. Explain briefly what you used in the image, then end with a confidence score from 0 to 1."
optical_illusion_2394_open_q1,optical_illusion_2394.png,"Compare the actual central elements A and B, ignoring apparent size. Answer A larger, B larger, or equal. Explain briefly what you used in the image, then end with a confidence score from 0 to 1."
optical_illusion_2395_open_q1,optical_illusion_2395.png,"Compare the actual central elements A and B, ignoring apparent size. Answer A larger, B larger, or equal. Explain briefly what you used in the image, then end with a confidence score from 0 to 1."
optical_illusion_2396_open_q1,optical_illusion_2396.png,"Compare the actual central elements A and B, ignoring apparent size. Answer A larger, B larger, or equal. Explain briefly what you used in the image, then end with a confidence score from 0 to 1."
optical_illusion_2397_open_q1,optical_illusion_2397.png,"Compare the actual central elements A and B, ignoring apparent size. Answer A larger, B larger, or equal. Explain briefly what you used in the image, then end with a confidence score from 0 to 1."
optical_illusion_2398_open_q1,optical_illusion_2398.png,"Compare the actual central elements A and B, ignoring apparent size. Answer A larger, B larger, or equal. Explain briefly what you used in the image, then end with a confidence score from 0 to 1."
optical_illusion_2399_open_q1,optical_illusion_2399.png,"Compare the actual central elements A and B, ignoring apparent size. Answer A larger, B larger, or equal. Explain briefly what you used in the image, then end with a confidence score from 0 to 1."
optical_illusion_2400_open_q1,optical_illusion_2400.png,"Compare the actual central elements A and B, ignoring apparent size. Answer A larger, B larger, or equal. Explain briefly what you used in the image, then end with a confidence score from 0 to 1."
optical_illusion_2401_open_q1,optical_illusion_2401.png,"Compare the actual central elements A and B, ignoring apparent size. Answer A larger, B larger, or equal. Explain briefly what you used in the image, then end with a confidence score from 0 to 1."
optical_illusion_2402_open_q1,optical_illusion_2402.png,"Compare the actual central elements A and B, ignoring apparent size. Answer A larger, B larger, or equal. Explain briefly what you used in the image, then end with a confidence score from 0 to 1."
optical_illusion_2403_open_q1,optical_illusion_2403.png,"Compare the actual central elements A and B, ignoring apparent size. Answer A larger, B larger, or equal. Explain briefly what you used in the image, then end with a confidence score from 0 to 1."
optical_illusion_2404_open_q1,optical_illusion_2404.png,"Compare the actual central elements A and B, ignoring apparent size. Answer A larger, B larger, or equal. Explain briefly what you used in the image, then end with a confidence score from 0 to 1."
optical_illusion_2405_open_q1,optical_illusion_2405.png,"Compare the actual central elements A and B, ignoring apparent size. Answer A larger, B larger, or equal. Explain briefly what you used in the image, then end with a confidence score from 0 to 1."
optical_illusion_2406_open_q1,optical_illusion_2406.png,"Compare the actual central elements A and B, ignoring apparent size. Answer A larger, B larger, or equal. Explain briefly what you used in the image, then end with a confidence score from 0 to 1."
optical_illusion_2407_open_q1,optical_illusion_2407.png,"Compare the actual central elements A and B, ignoring apparent size. Answer A larger, B larger, or equal. Explain briefly what you used in the image, then end with a confidence score from 0 to 1."
optical_illusion_2408_open_q1,optical_illusion_2408.png,"Compare the actual central elements A and B, ignoring apparent size. Answer A larger, B larger, or equal. Explain briefly what you used in the image, then end with a confidence score from 0 to 1."
optical_illusion_2409_open_q1,optical_illusion_2409.png,"Compare the actual central elements A and B, ignoring apparent size. Answer A larger, B larger, or equal. Explain briefly what you used in the image, then end with a confidence score from 0 to 1."
optical_illusion_2410_open_q1,optical_illusion_2410.png,"Compare the actual central elements A and B, ignoring apparent size. Answer A larger, B larger, or equal. Explain briefly what you used in the image, then end with a confidence score from 0 to 1."
optical_illusion_2411_open_q1,optical_illusion_2411.png,"Compare the actual central elements A and B, ignoring apparent size. Answer A larger, B larger, or equal. Explain briefly what you used in the image, then end with a confidence score from 0 to 1."
optical_illusion_2412_open_q1,optical_illusion_2412.png,"Compare the actual central elements A and B, ignoring apparent size. Answer A larger, B larger, or equal. Explain briefly what you used in the image, then end with a confidence score from 0 to 1."
optical_illusion_2413_open_q1,optical_illusion_2413.png,"Compare the actual central elements A and B, ignoring apparent size. Answer A larger, B larger, or equal. Explain briefly what you used in the image, then end with a confidence score from 0 to 1."
optical_illusion_2414_open_q1,optical_illusion_2414.png,"Compare the actual central elements A and B, ignoring apparent size. Answer A larger, B larger, or equal. Explain briefly what you used in the image, then end with a confidence score from 0 to 1."
optical_illusion_2415_open_q1,optical_illusion_2415.png,"Compare the actual central elements A and B, ignoring apparent size. Answer A larger, B larger, or equal. Explain briefly what you used in the image, then end with a confidence score from 0 to 1."
optical_illusion_2416_open_q1,optical_illusion_2416.png,"Compare the actual central elements A and B, ignoring apparent size. Answer A larger, B larger, or equal. Explain briefly what you used in the image, then end with a confidence score from 0 to 1."
optical_illusion_2417_open_q1,optical_illusion_2417.png,"Compare the actual central elements A and B, ignoring apparent size. Answer A larger, B larger, or equal. Explain briefly what you used in the image, then end with a confidence score from 0 to 1."
optical_illusion_2418_open_q1,optical_illusion_2418.png,"Compare the actual central elements A and B, ignoring apparent size. Answer A larger, B larger, or equal. Explain briefly what you used in the image, then end with a confidence score from 0 to 1."
optical_illusion_2419_open_q1,optical_illusion_2419.png,"Compare the actual central elements A and B, ignoring apparent size. Answer A larger, B larger, or equal. Explain briefly what you used in the image, then end with a confidence score from 0 to 1."
optical_illusion_2420_open_q1,optical_illusion_2420.png,"Compare the actual central elements A and B, ignoring apparent size. Answer A larger, B larger, or equal. Explain briefly what you used in the image, then end with a confidence score from 0 to 1."
optical_illusion_2421_open_q1,optical_illusion_2421.png,"Compare the actual central elements A and B, ignoring apparent size. Answer A larger, B larger, or equal. Explain briefly what you used in the image, then end with a confidence score from 0 to 1."
optical_illusion_2422_open_q1,optical_illusion_2422.png,"Compare the actual central elements A and B, ignoring apparent size. Answer A larger, B larger, or equal. Explain briefly what you used in the image, then end with a confidence score from 0 to 1."
optical_illusion_2423_open_q1,optical_illusion_2423.png,"Compare the actual central elements A and B, ignoring apparent size. Answer A larger, B larger, or equal. Explain briefly what you used in the image, then end with a confidence score from 0 to 1."
optical_illusion_2424_open_q1,optical_illusion_2424.png,"Compare the actual central elements A and B, ignoring apparent size. Answer A larger, B larger, or equal. Explain briefly what you used in the image, then end with a confidence score from 0 to 1."
optical_illusion_2425_open_q1,optical_illusion_2425.png,"Compare the actual central elements A and B, ignoring apparent size. Answer A larger, B larger, or equal. Explain briefly what you used in the image, then end with a confidence score from 0 to 1."
optical_illusion_2426_open_q1,optical_illusion_2426.png,"Compare the actual central elements A and B, ignoring apparent size. Answer A larger, B larger, or equal. Explain briefly what you used in the image, then end with a confidence score from 0 to 1."
optical_illusion_2427_open_q1,optical_illusion_2427.png,"Compare the actual central elements A and B, ignoring apparent size. Answer A larger, B larger, or equal. Explain briefly what you used in the image, then end with a confidence score from 0 to 1."
optical_illusion_2428_open_q1,optical_illusion_2428.png,"Compare the actual central elements A and B, ignoring apparent size. Answer A larger, B larger, or equal. Explain briefly what you used in the image, then end with a confidence score from 0 to 1."
optical_illusion_2429_open_q1,optical_illusion_2429.png,"Compare the actual central elements A and B, ignoring apparent size. Answer A larger, B larger, or equal. Explain briefly what you used in the image, then end with a confidence score from 0 to 1."
optical_illusion_2430_open_q1,optical_illusion_2430.png,"Compare the actual central elements A and B, ignoring apparent size. Answer A larger, B larger, or equal. Explain briefly what you used in the image, then end with a confidence score from 0 to 1."
optical_illusion_2431_open_q1,optical_illusion_2431.png,"Compare the actual central elements A and B, ignoring apparent size. Answer A larger, B larger, or equal. Explain briefly what you used in the image, then end with a confidence score from 0 to 1."
optical_illusion_2432_open_q1,optical_illusion_2432.png,"Compare the actual central elements A and B, ignoring apparent size. Answer A larger, B larger, or equal. Explain briefly what you used in the image, then end with a confidence score from 0 to 1."
optical_illusion_2433_open_q1,optical_illusion_2433.png,"Compare the actual central elements A and B, ignoring apparent size. Answer A larger, B larger, or equal. Explain briefly what you used in the image, then end with a confidence score from 0 to 1."
optical_illusion_2434_open_q1,optical_illusion_2434.png,"Compare the actual central elements A and B, ignoring apparent size. Answer A larger, B larger, or equal. Explain briefly what you used in the image, then end with a confidence score from 0 to 1."
optical_illusion_2435_open_q1,optical_illusion_2435.png,"Compare the actual central elements A and B, ignoring apparent size. Answer A larger, B larger, or equal. Explain briefly what you used in the image, then end with a confidence score from 0 to 1."
optical_illusion_2436_open_q1,optical_illusion_2436.png,"Compare the actual central elements A and B, ignoring apparent size. Answer A larger, B larger, or equal. Explain briefly what you used in the image, then end with a confidence score from 0 to 1."
optical_illusion_2437_open_q1,optical_illusion_2437.png,"Compare the actual central elements A and B, ignoring apparent size. Answer A larger, B larger, or equal. Explain briefly what you used in the image, then end with a confidence score from 0 to 1."
optical_illusion_2438_open_q1,optical_illusion_2438.png,"Compare the actual central elements A and B, ignoring apparent size. Answer A larger, B larger, or equal. Explain briefly what you used in the image, then end with a confidence score from 0 to 1."
optical_illusion_2439_open_q1,optical_illusion_2439.png,"Compare the actual central elements A and B, ignoring apparent size. Answer A larger, B larger, or equal. Explain briefly what you used in the image, then end with a confidence score from 0 to 1."
optical_illusion_2440_open_q1,optical_illusion_2440.png,"Compare the actual central elements A and B, ignoring apparent size. Answer A larger, B larger, or equal. Explain briefly what you used in the image, then end with a confidence score from 0 to 1."
optical_illusion_2441_open_q1,optical_illusion_2441.png,"Compare the actual central elements A and B, ignoring apparent size. Answer A larger, B larger, or equal. Explain briefly what you used in the image, then end with a confidence score from 0 to 1."
optical_illusion_2442_open_q1,optical_illusion_2442.png,"Compare the actual central elements A and B, ignoring apparent size. Answer A larger, B larger, or equal. Explain briefly what you used in the image, then end with a confidence score from 0 to 1."
optical_illusion_2443_open_q1,optical_illusion_2443.png,"Compare the actual central elements A and B, ignoring apparent size. Answer A larger, B larger, or equal. Explain briefly what you used in the image, then end with a confidence score from 0 to 1."
optical_illusion_2444_open_q1,optical_illusion_2444.png,"Compare the actual central elements A and B, ignoring apparent size. Answer A larger, B larger, or equal. Explain briefly what you used in the image, then end with a confidence score from 0 to 1."
optical_illusion_2445_open_q1,optical_illusion_2445.png,"Compare the actual central elements A and B, ignoring apparent size. Answer A larger, B larger, or equal. Explain briefly what you used in the image, then end with a confidence score from 0 to 1."
optical_illusion_2446_open_q1,optical_illusion_2446.png,"Compare the actual central elements A and B, ignoring apparent size. Answer A larger, B larger, or equal. Explain briefly what you used in the image, then end with a confidence score from 0 to 1."
optical_illusion_2447_open_q1,optical_illusion_2447.png,"Compare the actual central elements A and B, ignoring apparent size. Answer A larger, B larger, or equal. Explain briefly what you used in the image, then end with a confidence score from 0 to 1."
optical_illusion_2448_open_q1,optical_illusion_2448.png,"Compare the actual central elements A and B, ignoring apparent size. Answer A larger, B larger, or equal. Explain briefly what you used in the image, then end with a confidence score from 0 to 1."
optical_illusion_2449_open_q1,optical_illusion_2449.png,"Compare the actual central elements A and B, ignoring apparent size. Answer A larger, B larger, or equal. Explain briefly what you used in the image, then end with a confidence score from 0 to 1."
optical_illusion_2450_open_q1,optical_illusion_2450.png,"Compare the actual central elements A and B, ignoring apparent size. Answer A larger, B larger, or equal. Explain briefly what you used in the image, then end with a confidence score from 0 to 1."
optical_illusion_2451_open_q1,optical_illusion_2451.png,"Compare the actual central elements A and B, ignoring apparent size. Answer A larger, B larger, or equal. Explain briefly what you used in the image, then end with a confidence score from 0 to 1."
optical_illusion_2452_open_q1,optical_illusion_2452.png,"Compare the actual central elements A and B, ignoring apparent size. Answer A larger, B larger, or equal. Explain briefly what you used in the image, then end with a confidence score from 0 to 1."
optical_illusion_2453_open_q1,optical_illusion_2453.png,"Compare the actual central elements A and B, ignoring apparent size. Answer A larger, B larger, or equal. Explain briefly what you used in the image, then end with a confidence score from 0 to 1."
optical_illusion_2454_open_q1,optical_illusion_2454.png,"Compare the actual central elements A and B, ignoring apparent size. Answer A larger, B larger, or equal. Explain briefly what you used in the image, then end with a confidence score from 0 to 1."
optical_illusion_2455_open_q1,optical_illusion_2455.png,"Compare the actual central elements A and B, ignoring apparent size. Answer A larger, B larger, or equal. Explain briefly what you used in the image, then end with a confidence score from 0 to 1."
optical_illusion_2456_open_q1,optical_illusion_2456.png,"Compare the actual central elements A and B, ignoring apparent size. Answer A larger, B larger, or equal. Explain briefly what you used in the image, then end with a confidence score from 0 to 1."
optical_illusion_2457_open_q1,optical_illusion_2457.png,"Compare the actual central elements A and B, ignoring apparent size. Answer A larger, B larger, or equal. Explain briefly what you used in the image, then end with a confidence score from 0 to 1."
optical_illusion_2458_open_q1,optical_illusion_2458.png,"Compare the actual central elements A and B, ignoring apparent size. Answer A larger, B larger, or equal. Explain briefly what you used in the image, then end with a confidence score from 0 to 1."
optical_illusion_2459_open_q1,optical_illusion_2459.png,"Compare the actual central elements A and B, ignoring apparent size. Answer A larger, B larger, or equal. Explain briefly what you used in the image, then end with a confidence score from 0 to 1."
optical_illusion_2460_open_q1,optical_illusion_2460.png,"Compare the actual central elements A and B, ignoring apparent size. Answer A larger, B larger, or equal. Explain briefly what you used in the image, then end with a confidence score from 0 to 1."
optical_illusion_2461_open_q1,optical_illusion_2461.png,"Compare the actual central elements A and B, ignoring apparent size. Answer A larger, B larger, or equal. Explain briefly what you used in the image, then end with a confidence score from 0 to 1."
optical_illusion_2462_open_q1,optical_illusion_2462.png,"Compare the actual central elements A and B, ignoring apparent size. Answer A larger, B larger, or equal. Explain briefly what you used in the image, then end with a confidence score from 0 to 1."
optical_illusion_2463_open_q1,optical_illusion_2463.png,"Compare the actual central elements A and B, ignoring apparent size. Answer A larger, B larger, or equal. Explain briefly what you used in the image, then end with a confidence score from 0 to 1."
optical_illusion_2464_open_q1,optical_illusion_2464.png,"Compare the actual central elements A and B, ignoring apparent size. Answer A larger, B larger, or equal. Explain briefly what you used in the image, then end with a confidence score from 0 to 1."
optical_illusion_2465_open_q1,optical_illusion_2465.png,"Compare the actual central elements A and B, ignoring apparent size. Answer A larger, B larger, or equal. Explain briefly what you used in the image, then end with a confidence score from 0 to 1."
optical_illusion_2466_open_q1,optical_illusion_2466.png,"Compare the actual central elements A and B, ignoring apparent size. Answer A larger, B larger, or equal. Explain briefly what you used in the image, then end with a confidence score from 0 to 1."
optical_illusion_2467_open_q1,optical_illusion_2467.png,"Compare the actual central elements A and B, ignoring apparent size. Answer A larger, B larger, or equal. Explain briefly what you used in the image, then end with a confidence score from 0 to 1."
optical_illusion_2468_open_q1,optical_illusion_2468.png,"Compare the actual central elements A and B, ignoring apparent size. Answer A larger, B larger, or equal. Explain briefly what you used in the image, then end with a confidence score from 0 to 1."
optical_illusion_2469_open_q1,optical_illusion_2469.png,"Compare the actual central elements A and B, ignoring apparent size. Answer A larger, B larger, or equal. Explain briefly what you used in the image, then end with a confidence score from 0 to 1."
optical_illusion_2470_open_q1,optical_illusion_2470.png,"Compare the actual central elements A and B, ignoring apparent size. Answer A larger, B larger, or equal. Explain briefly what you used in the image, then end with a confidence score from 0 to 1."
optical_illusion_2471_open_q1,optical_illusion_2471.png,"Compare the actual central elements A and B, ignoring apparent size. Answer A larger, B larger, or equal. Explain briefly what you used in the image, then end with a confidence score from 0 to 1."
optical_illusion_2472_open_q1,optical_illusion_2472.png,"Compare the actual central elements A and B, ignoring apparent size. Answer A larger, B larger, or equal. Explain briefly what you used in the image, then end with a confidence score from 0 to 1."
optical_illusion_2473_open_q1,optical_illusion_2473.png,"Compare the actual central elements A and B, ignoring apparent size. Answer A larger, B larger, or equal. Explain briefly what you used in the image, then end with a confidence score from 0 to 1."
optical_illusion_2474_open_q1,optical_illusion_2474.png,"Compare the actual central elements A and B, ignoring apparent size. Answer A larger, B larger, or equal. Explain briefly what you used in the image, then end with a confidence score from 0 to 1."
optical_illusion_2475_open_q1,optical_illusion_2475.png,"Compare the actual central elements A and B, ignoring apparent size. Answer A larger, B larger, or equal. Explain briefly what you used in the image, then end with a confidence score from 0 to 1."
optical_illusion_2476_open_q1,optical_illusion_2476.png,"Compare the actual central elements A and B, ignoring apparent size. Answer A larger, B larger, or equal. Explain briefly what you used in the image, then end with a confidence score from 0 to 1."
optical_illusion_2477_open_q1,optical_illusion_2477.png,"Compare the actual central elements A and B, ignoring apparent size. Answer A larger, B larger, or equal. Explain briefly what you used in the image, then end with a confidence score from 0 to 1."
optical_illusion_2478_open_q1,optical_illusion_2478.png,"Compare the actual central elements A and B, ignoring apparent size. Answer A larger, B larger, or equal. Explain briefly what you used in the image, then end with a confidence score from 0 to 1."
optical_illusion_2479_open_q1,optical_illusion_2479.png,"Compare the actual central elements A and B, ignoring apparent size. Answer A larger, B larger, or equal. Explain briefly what you used in the image, then end with a confidence score from 0 to 1."
optical_illusion_2480_open_q1,optical_illusion_2480.png,"Compare the actual central elements A and B, ignoring apparent size. Answer A larger, B larger, or equal. Explain briefly what you used in the image, then end with a confidence score from 0 to 1."
optical_illusion_2481_open_q1,optical_illusion_2481.png,"Compare the actual central elements A and B, ignoring apparent size. Answer A larger, B larger, or equal. Explain briefly what you used in the image, then end with a confidence score from 0 to 1."
optical_illusion_2482_open_q1,optical_illusion_2482.png,"Compare the actual central elements A and B, ignoring apparent size. Answer A larger, B larger, or equal. Explain briefly what you used in the image, then end with a confidence score from 0 to 1."
optical_illusion_2483_open_q1,optical_illusion_2483.png,"Compare the actual central elements A and B, ignoring apparent size. Answer A larger, B larger, or equal. Explain briefly what you used in the image, then end with a confidence score from 0 to 1."
optical_illusion_2484_open_q1,optical_illusion_2484.png,"Compare the actual central elements A and B, ignoring apparent size. Answer A larger, B larger, or equal. Explain briefly what you used in the image, then end with a confidence score from 0 to 1."
optical_illusion_2485_open_q1,optical_illusion_2485.png,"Compare the actual central elements A and B, ignoring apparent size. Answer A larger, B larger, or equal. Explain briefly what you used in the image, then end with a confidence score from 0 to 1."
optical_illusion_2486_open_q1,optical_illusion_2486.png,"Compare the actual central elements A and B, ignoring apparent size. Answer A larger, B larger, or equal. Explain briefly what you used in the image, then end with a confidence score from 0 to 1."
optical_illusion_2487_open_q1,optical_illusion_2487.png,"Compare the actual central elements A and B, ignoring apparent size. Answer A larger, B larger, or equal. Explain briefly what you used in the image, then end with a confidence score from 0 to 1."
optical_illusion_2488_open_q1,optical_illusion_2488.png,"Compare the actual central elements A and B, ignoring apparent size. Answer A larger, B larger, or equal. Explain briefly what you used in the image, then end with a confidence score from 0 to 1."
optical_illusion_2489_open_q1,optical_illusion_2489.png,"Compare the actual central elements A and B, ignoring apparent size. Answer A larger, B larger, or equal. Explain briefly what you used in the image, then end with a confidence score from 0 to 1."
optical_illusion_2490_open_q1,optical_illusion_2490.png,"Compare the actual central elements A and B, ignoring apparent size. Answer A larger, B larger, or equal. Explain briefly what you used in the image, then end with a confidence score from 0 to 1."
optical_illusion_2491_open_q1,optical_illusion_2491.png,"Compare the actual central elements A and B, ignoring apparent size. Answer A larger, B larger, or equal. Explain briefly what you used in the image, then end with a confidence score from 0 to 1."
optical_illusion_2492_open_q1,optical_illusion_2492.png,"Compare the actual central elements A and B, ignoring apparent size. Answer A larger, B larger, or equal. Explain briefly what you used in the image, then end with a confidence score from 0 to 1."
optical_illusion_2493_open_q1,optical_illusion_2493.png,"Compare the actual central elements A and B, ignoring apparent size. Answer A larger, B larger, or equal. Explain briefly what you used in the image, then end with a confidence score from 0 to 1."
optical_illusion_2494_open_q1,optical_illusion_2494.png,"Compare the actual central elements A and B, ignoring apparent size. Answer A larger, B larger, or equal. Explain briefly what you used in the image, then end with a confidence score from 0 to 1."
optical_illusion_2495_open_q1,optical_illusion_2495.png,"Compare the actual central elements A and B, ignoring apparent size. Answer A larger, B larger, or equal. Explain briefly what you used in the image, then end with a confidence score from 0 to 1."
optical_illusion_2496_open_q1,optical_illusion_2496.png,"Compare the actual central elements A and B, ignoring apparent size. Answer A larger, B larger, or equal. Explain briefly what you used in the image, then end with a confidence score from 0 to 1."
optical_illusion_2497_open_q1,optical_illusion_2497.png,"Compare the actual central elements A and B, ignoring apparent size. Answer A larger, B larger, or equal. Explain briefly what you used in the image, then end with a confidence score from 0 to 1."
optical_illusion_2498_open_q1,optical_illusion_2498.png,"Compare the actual central elements A and B, ignoring apparent size. Answer A larger, B larger, or equal. Explain briefly what you used in the image, then end with a confidence score from 0 to 1."
optical_illusion_2499_open_q1,optical_illusion_2499.png,"Compare the actual central elements A and B, ignoring apparent size. Answer A larger, B larger, or equal. Explain briefly what you used in the image, then end with a confidence score from 0 to 1."
optical_illusion_2500_open_q1,optical_illusion_2500.png,"Compare the actual central elements A and B, ignoring apparent size. Answer A larger, B larger, or equal. Explain briefly what you used in the image, then end with a confidence score from 0 to 1."
optical_illusion_2501_open_q1,optical_illusion_2501.png,"Compare the actual central elements A and B, ignoring apparent size. Answer A larger, B larger, or equal. Explain briefly what you used in the image, then end with a confidence score from 0 to 1."
optical_illusion_2502_open_q1,optical_illusion_2502.png,"Compare the actual central elements A and B, ignoring apparent size. Answer A larger, B larger, or equal. Explain briefly what you used in the image, then end with a confidence score from 0 to 1."
optical_illusion_2503_open_q1,optical_illusion_2503.png,"Compare the actual central elements A and B, ignoring apparent size. Answer A larger, B larger, or equal. Explain briefly what you used in the image, then end with a confidence score from 0 to 1."
optical_illusion_2504_open_q1,optical_illusion_2504.png,"Compare the actual central elements A and B, ignoring apparent size. Answer A larger, B larger, or equal. Explain briefly what you used in the image, then end with a confidence score from 0 to 1."
optical_illusion_2505_open_q1,optical_illusion_2505.png,"Compare the actual central elements A and B, ignoring apparent size. Answer A larger, B larger, or equal. Explain briefly what you used in the image, then end with a confidence score from 0 to 1."
optical_illusion_2506_open_q1,optical_illusion_2506.png,"Compare the actual central elements A and B, ignoring apparent size. Answer A larger, B larger, or equal. Explain briefly what you used in the image, then end with a confidence score from 0 to 1."
optical_illusion_2507_open_q1,optical_illusion_2507.png,"Compare the actual central elements A and B, ignoring apparent size. Answer A larger, B larger, or equal. Explain briefly what you used in the image, then end with a confidence score from 0 to 1."
optical_illusion_2508_open_q1,optical_illusion_2508.png,"Compare the actual central elements A and B, ignoring apparent size. Answer A larger, B larger, or equal. Explain briefly what you used in the image, then end with a confidence score from 0 to 1."
optical_illusion_2509_open_q1,optical_illusion_2509.png,"Compare the actual central elements A and B, ignoring apparent size. Answer A larger, B larger, or equal. Explain briefly what you used in the image, then end with a confidence score from 0 to 1."
optical_illusion_2510_open_q1,optical_illusion_2510.png,"Compare the actual central elements A and B, ignoring apparent size. Answer A larger, B larger, or equal. Explain briefly what you used in the image, then end with a confidence score from 0 to 1."
optical_illusion_2511_open_q1,optical_illusion_2511.png,"Compare the actual central elements A and B, ignoring apparent size. Answer A larger, B larger, or equal. Explain briefly what you used in the image, then end with a confidence score from 0 to 1."
optical_illusion_2512_open_q1,optical_illusion_2512.png,"Compare the actual central elements A and B, ignoring apparent size. Answer A larger, B larger, or equal. Explain briefly what you used in the image, then end with a confidence score from 0 to 1."
optical_illusion_2513_open_q1,optical_illusion_2513.png,"Compare the actual central elements A and B, ignoring apparent size. Answer A larger, B larger, or equal. Explain briefly what you used in the image, then end with a confidence score from 0 to 1."
optical_illusion_2514_open_q1,optical_illusion_2514.png,"Compare the actual central elements A and B, ignoring apparent size. Answer A larger, B larger, or equal. Explain briefly what you used in the image, then end with a confidence score from 0 to 1."
optical_illusion_2515_open_q1,optical_illusion_2515.png,"Compare the actual central elements A and B, ignoring apparent size. Answer A larger, B larger, or equal. Explain briefly what you used in the image, then end with a confidence score from 0 to 1."
optical_illusion_2516_open_q1,optical_illusion_2516.png,"Compare the actual central elements A and B, ignoring apparent size. Answer A larger, B larger, or equal. Explain briefly what you used in the image, then end with a confidence score from 0 to 1."
optical_illusion_2517_open_q1,optical_illusion_2517.png,"Compare the actual central elements A and B, ignoring apparent size. Answer A larger, B larger, or equal. Explain briefly what you used in the image, then end with a confidence score from 0 to 1."
optical_illusion_2518_open_q1,optical_illusion_2518.png,"Compare the actual central elements A and B, ignoring apparent size. Answer A larger, B larger, or equal. Explain briefly what you used in the image, then end with a confidence score from 0 to 1."
optical_illusion_2519_open_q1,optical_illusion_2519.png,"Compare the actual central elements A and B, ignoring apparent size. Answer A larger, B larger, or equal. Explain briefly what you used in the image, then end with a confidence score from 0 to 1."
optical_illusion_2520_open_q1,optical_illusion_2520.png,"Compare the actual central elements A and B, ignoring apparent size. Answer A larger, B larger, or equal. Explain briefly what you used in the image, then end with a confidence score from 0 to 1."
optical_illusion_2521_open_q1,optical_illusion_2521.png,"Compare the actual central elements A and B, ignoring apparent size. Answer A larger, B larger, or equal. Explain briefly what you used in the image, then end with a confidence score from 0 to 1."
optical_illusion_2522_open_q1,optical_illusion_2522.png,"Compare the actual central elements A and B, ignoring apparent size. Answer A larger, B larger, or equal. Explain briefly what you used in the image, then end with a confidence score from 0 to 1."
optical_illusion_2523_open_q1,optical_illusion_2523.png,"Compare the actual central elements A and B, ignoring apparent size. Answer A larger, B larger, or equal. Explain briefly what you used in the image, then end with a confidence score from 0 to 1."
optical_illusion_2524_open_q1,optical_illusion_2524.png,"Compare the actual central elements A and B, ignoring apparent size. Answer A larger, B larger, or equal. Explain briefly what you used in the image, then end with a confidence score from 0 to 1."
optical_illusion_2525_open_q1,optical_illusion_2525.png,"Compare the actual central elements A and B, ignoring apparent size. Answer A larger, B larger, or equal. Explain briefly what you used in the image, then end with a confidence score from 0 to 1."
optical_illusion_2526_open_q1,optical_illusion_2526.png,"Compare the actual central elements A and B, ignoring apparent size. Answer A larger, B larger, or equal. Explain briefly what you used in the image, then end with a confidence score from 0 to 1."
optical_illusion_2527_open_q1,optical_illusion_2527.png,"Compare the actual central elements A and B, ignoring apparent size. Answer A larger, B larger, or equal. Explain briefly what you used in the image, then end with a confidence score from 0 to 1."
optical_illusion_2528_open_q1,optical_illusion_2528.png,"Compare the actual central elements A and B, ignoring apparent size. Answer A larger, B larger, or equal. Explain briefly what you used in the image, then end with a confidence score from 0 to 1."
optical_illusion_2529_open_q1,optical_illusion_2529.png,"Compare the actual central elements A and B, ignoring apparent size. Answer A larger, B larger, or equal. Explain briefly what you used in the image, then end with a confidence score from 0 to 1."
optical_illusion_2530_open_q1,optical_illusion_2530.png,"Compare the actual central elements A and B, ignoring apparent size. Answer A larger, B larger, or equal. Explain briefly what you used in the image, then end with a confidence score from 0 to 1."
optical_illusion_2531_open_q1,optical_illusion_2531.png,"Compare the actual central elements A and B, ignoring apparent size. Answer A larger, B larger, or equal. Explain briefly what you used in the image, then end with a confidence score from 0 to 1."
optical_illusion_2532_open_q1,optical_illusion_2532.png,"Compare the actual central elements A and B, ignoring apparent size. Answer A larger, B larger, or equal. Explain briefly what you used in the image, then end with a confidence score from 0 to 1."
optical_illusion_2533_open_q1,optical_illusion_2533.png,"Compare the actual central elements A and B, ignoring apparent size. Answer A larger, B larger, or equal. Explain briefly what you used in the image, then end with a confidence score from 0 to 1."
optical_illusion_2534_open_q1,optical_illusion_2534.png,"Compare the actual central elements A and B, ignoring apparent size. Answer A larger, B larger, or equal. Explain briefly what you used in the image, then end with a confidence score from 0 to 1."
optical_illusion_2535_open_q1,optical_illusion_2535.png,"Compare the actual central elements A and B, ignoring apparent size. Answer A larger, B larger, or equal. Explain briefly what you used in the image, then end with a confidence score from 0 to 1."
optical_illusion_2536_open_q1,optical_illusion_2536.png,"Compare the actual central elements A and B, ignoring apparent size. Answer A larger, B larger, or equal. Explain briefly what you used in the image, then end with a confidence score from 0 to 1."
optical_illusion_2537_open_q1,optical_illusion_2537.png,"Compare the actual central elements A and B, ignoring apparent size. Answer A larger, B larger, or equal. Explain briefly what you used in the image, then end with a confidence score from 0 to 1."
optical_illusion_2538_open_q1,optical_illusion_2538.png,"Compare the actual central elements A and B, ignoring apparent size. Answer A larger, B larger, or equal. Explain briefly what you used in the image, then end with a confidence score from 0 to 1."
optical_illusion_2539_open_q1,optical_illusion_2539.png,"Compare the actual central elements A and B, ignoring apparent size. Answer A larger, B larger, or equal. Explain briefly what you used in the image, then end with a confidence score from 0 to 1."
optical_illusion_2540_open_q1,optical_illusion_2540.png,"Compare the actual central elements A and B, ignoring apparent size. Answer A larger, B larger, or equal. Explain briefly what you used in the image, then end with a confidence score from 0 to 1."
optical_illusion_2541_open_q1,optical_illusion_2541.png,"Compare the actual central elements A and B, ignoring apparent size. Answer A larger, B larger, or equal. Explain briefly what you used in the image, then end with a confidence score from 0 to 1."
optical_illusion_2542_open_q1,optical_illusion_2542.png,"Compare the actual central elements A and B, ignoring apparent size. Answer A larger, B larger, or equal. Explain briefly what you used in the image, then end with a confidence score from 0 to 1."
optical_illusion_2543_open_q1,optical_illusion_2543.png,"Compare the actual central elements A and B, ignoring apparent size. Answer A larger, B larger, or equal. Explain briefly what you used in the image, then end with a confidence score from 0 to 1."
optical_illusion_2544_open_q1,optical_illusion_2544.png,"Compare the actual central elements A and B, ignoring apparent size. Answer A larger, B larger, or equal. Explain briefly what you used in the image, then end with a confidence score from 0 to 1."
optical_illusion_2545_open_q1,optical_illusion_2545.png,"Compare the actual central elements A and B, ignoring apparent size. Answer A larger, B larger, or equal. Explain briefly what you used in the image, then end with a confidence score from 0 to 1."
optical_illusion_2546_open_q1,optical_illusion_2546.png,"Compare the actual central elements A and B, ignoring apparent size. Answer A larger, B larger, or equal. Explain briefly what you used in the image, then end with a confidence score from 0 to 1."
optical_illusion_2547_open_q1,optical_illusion_2547.png,"Compare the actual central elements A and B, ignoring apparent size. Answer A larger, B larger, or equal. Explain briefly what you used in the image, then end with a confidence score from 0 to 1."
optical_illusion_2548_open_q1,optical_illusion_2548.png,"Compare the actual central elements A and B, ignoring apparent size. Answer A larger, B larger, or equal. Explain briefly what you used in the image, then end with a confidence score from 0 to 1."
optical_illusion_2549_open_q1,optical_illusion_2549.png,"Compare the actual central elements A and B, ignoring apparent size. Answer A larger, B larger, or equal. Explain briefly what you used in the image, then end with a confidence score from 0 to 1."
optical_illusion_2550_open_q1,optical_illusion_2550.png,"Compare the actual central elements A and B, ignoring apparent size. Answer A larger, B larger, or equal. Explain briefly what you used in the image, then end with a confidence score from 0 to 1."
optical_illusion_2551_open_q1,optical_illusion_2551.png,"Compare the actual central elements A and B, ignoring apparent size. Answer A larger, B larger, or equal. Explain briefly what you used in the image, then end with a confidence score from 0 to 1."
optical_illusion_2552_open_q1,optical_illusion_2552.png,"Compare the actual central elements A and B, ignoring apparent size. Answer A larger, B larger, or equal. Explain briefly what you used in the image, then end with a confidence score from 0 to 1."
optical_illusion_2553_open_q1,optical_illusion_2553.png,"Compare the actual central elements A and B, ignoring apparent size. Answer A larger, B larger, or equal. Explain briefly what you used in the image, then end with a confidence score from 0 to 1."
optical_illusion_2554_open_q1,optical_illusion_2554.png,"Compare the actual central elements A and B, ignoring apparent size. Answer A larger, B larger, or equal. Explain briefly what you used in the image, then end with a confidence score from 0 to 1."
optical_illusion_2555_open_q1,optical_illusion_2555.png,"Compare the actual central elements A and B, ignoring apparent size. Answer A larger, B larger, or equal. Explain briefly what you used in the image, then end with a confidence score from 0 to 1."
optical_illusion_2556_open_q1,optical_illusion_2556.png,"Compare the actual central elements A and B, ignoring apparent size. Answer A larger, B larger, or equal. Explain briefly what you used in the image, then end with a confidence score from 0 to 1."
optical_illusion_2557_open_q1,optical_illusion_2557.png,"Compare the actual central elements A and B, ignoring apparent size. Answer A larger, B larger, or equal. Explain briefly what you used in the image, then end with a confidence score from 0 to 1."
optical_illusion_2558_open_q1,optical_illusion_2558.png,"Compare the actual central elements A and B, ignoring apparent size. Answer A larger, B larger, or equal. Explain briefly what you used in the image, then end with a confidence score from 0 to 1."
optical_illusion_2559_open_q1,optical_illusion_2559.png,"Compare the actual central elements A and B, ignoring apparent size. Answer A larger, B larger, or equal. Explain briefly what you used in the image, then end with a confidence score from 0 to 1."
optical_illusion_2560_open_q1,optical_illusion_2560.png,"Compare the actual central elements A and B, ignoring apparent size. Answer A larger, B larger, or equal. Explain briefly what you used in the image, then end with a confidence score from 0 to 1."
optical_illusion_2561_open_q1,optical_illusion_2561.png,"Compare the actual central elements A and B, ignoring apparent size. Answer A larger, B larger, or equal. Explain briefly what you used in the image, then end with a confidence score from 0 to 1."
optical_illusion_2562_open_q1,optical_illusion_2562.png,"Compare the actual central elements A and B, ignoring apparent size. Answer A larger, B larger, or equal. Explain briefly what you used in the image, then end with a confidence score from 0 to 1."
optical_illusion_2563_open_q1,optical_illusion_2563.png,"Compare the actual central elements A and B, ignoring apparent size. Answer A larger, B larger, or equal. Explain briefly what you used in the image, then end with a confidence score from 0 to 1."
optical_illusion_2564_open_q1,optical_illusion_2564.png,"Compare the actual central elements A and B, ignoring apparent size. Answer A larger, B larger, or equal. Explain briefly what you used in the image, then end with a confidence score from 0 to 1."
optical_illusion_2565_open_q1,optical_illusion_2565.png,"Compare the actual central elements A and B, ignoring apparent size. Answer A larger, B larger, or equal. Explain briefly what you used in the image, then end with a confidence score from 0 to 1."
optical_illusion_2566_open_q1,optical_illusion_2566.png,"Compare the actual central elements A and B, ignoring apparent size. Answer A larger, B larger, or equal. Explain briefly what you used in the image, then end with a confidence score from 0 to 1."
optical_illusion_2567_open_q1,optical_illusion_2567.png,"Compare the actual central elements A and B, ignoring apparent size. Answer A larger, B larger, or equal. Explain briefly what you used in the image, then end with a confidence score from 0 to 1."
optical_illusion_2568_open_q1,optical_illusion_2568.png,"Compare the actual central elements A and B, ignoring apparent size. Answer A larger, B larger, or equal. Explain briefly what you used in the image, then end with a confidence score from 0 to 1."
optical_illusion_2569_open_q1,optical_illusion_2569.png,"Compare the actual central elements A and B, ignoring apparent size. Answer A larger, B larger, or equal. Explain briefly what you used in the image, then end with a confidence score from 0 to 1."
optical_illusion_2570_open_q1,optical_illusion_2570.png,"Compare the actual central elements A and B, ignoring apparent size. Answer A larger, B larger, or equal. Explain briefly what you used in the image, then end with a confidence score from 0 to 1."
optical_illusion_2571_open_q1,optical_illusion_2571.png,"Compare the actual central elements A and B, ignoring apparent size. Answer A larger, B larger, or equal. Explain briefly what you used in the image, then end with a confidence score from 0 to 1."
optical_illusion_2572_open_q1,optical_illusion_2572.png,"Compare the actual central elements A and B, ignoring apparent size. Answer A larger, B larger, or equal. Explain briefly what you used in the image, then end with a confidence score from 0 to 1."
optical_illusion_2573_open_q1,optical_illusion_2573.png,"Compare the actual central elements A and B, ignoring apparent size. Answer A larger, B larger, or equal. Explain briefly what you used in the image, then end with a confidence score from 0 to 1."
optical_illusion_2574_open_q1,optical_illusion_2574.png,"Compare the actual central elements A and B, ignoring apparent size. Answer A larger, B larger, or equal. Explain briefly what you used in the image, then end with a confidence score from 0 to 1."
optical_illusion_2575_open_q1,optical_illusion_2575.png,"Compare the actual central elements A and B, ignoring apparent size. Answer A larger, B larger, or equal. Explain briefly what you used in the image, then end with a confidence score from 0 to 1."
optical_illusion_2576_open_q1,optical_illusion_2576.png,"Compare the actual central elements A and B, ignoring apparent size. Answer A larger, B larger, or equal. Explain briefly what you used in the image, then end with a confidence score from 0 to 1."
optical_illusion_2577_open_q1,optical_illusion_2577.png,"Compare the actual central elements A and B, ignoring apparent size. Answer A larger, B larger, or equal. Explain briefly what you used in the image, then end with a confidence score from 0 to 1."
optical_illusion_2578_open_q1,optical_illusion_2578.png,"Compare the actual central elements A and B, ignoring apparent size. Answer A larger, B larger, or equal. Explain briefly what you used in the image, then end with a confidence score from 0 to 1."
optical_illusion_2579_open_q1,optical_illusion_2579.png,"Compare the actual central elements A and B, ignoring apparent size. Answer A larger, B larger, or equal. Explain briefly what you used in the image, then end with a confidence score from 0 to 1."
optical_illusion_2580_open_q1,optical_illusion_2580.png,"Compare the actual central elements A and B, ignoring apparent size. Answer A larger, B larger, or equal. Explain briefly what you used in the image, then end with a confidence score from 0 to 1."
optical_illusion_2581_open_q1,optical_illusion_2581.png,"Compare the actual central elements A and B, ignoring apparent size. Answer A larger, B larger, or equal. Explain briefly what you used in the image, then end with a confidence score from 0 to 1."
optical_illusion_2582_open_q1,optical_illusion_2582.png,"Compare the actual central elements A and B, ignoring apparent size. Answer A larger, B larger, or equal. Explain briefly what you used in the image, then end with a confidence score from 0 to 1."
optical_illusion_2583_open_q1,optical_illusion_2583.png,"Compare the actual central elements A and B, ignoring apparent size. Answer A larger, B larger, or equal. Explain briefly what you used in the image, then end with a confidence score from 0 to 1."
optical_illusion_2584_open_q1,optical_illusion_2584.png,"Compare the actual central elements A and B, ignoring apparent size. Answer A larger, B larger, or equal. Explain briefly what you used in the image, then end with a confidence score from 0 to 1."
optical_illusion_2585_open_q1,optical_illusion_2585.png,"Compare the actual central elements A and B, ignoring apparent size. Answer A larger, B larger, or equal. Explain briefly what you used in the image, then end with a confidence score from 0 to 1."
optical_illusion_2586_open_q1,optical_illusion_2586.png,"Compare the actual central elements A and B, ignoring apparent size. Answer A larger, B larger, or equal. Explain briefly what you used in the image, then end with a confidence score from 0 to 1."
optical_illusion_2587_open_q1,optical_illusion_2587.png,"Compare the actual central elements A and B, ignoring apparent size. Answer A larger, B larger, or equal. Explain briefly what you used in the image, then end with a confidence score from 0 to 1."
optical_illusion_2588_open_q1,optical_illusion_2588.png,"Compare the actual central elements A and B, ignoring apparent size. Answer A larger, B larger, or equal. Explain briefly what you used in the image, then end with a confidence score from 0 to 1."
optical_illusion_2589_open_q1,optical_illusion_2589.png,"Compare the actual central elements A and B, ignoring apparent size. Answer A larger, B larger, or equal. Explain briefly what you used in the image, then end with a confidence score from 0 to 1."
optical_illusion_2590_open_q1,optical_illusion_2590.png,"Compare the actual central elements A and B, ignoring apparent size. Answer A larger, B larger, or equal. Explain briefly what you used in the image, then end with a confidence score from 0 to 1."
optical_illusion_2591_open_q1,optical_illusion_2591.png,"Compare the actual central elements A and B, ignoring apparent size. Answer A larger, B larger, or equal. Explain briefly what you used in the image, then end with a confidence score from 0 to 1."
optical_illusion_2592_open_q1,optical_illusion_2592.png,"Compare the actual central elements A and B, ignoring apparent size. Answer A larger, B larger, or equal. Explain briefly what you used in the image, then end with a confidence score from 0 to 1."
optical_illusion_2593_open_q1,optical_illusion_2593.png,"Compare the actual central elements A and B, ignoring apparent size. Answer A larger, B larger, or equal. Explain briefly what you used in the image, then end with a confidence score from 0 to 1."
optical_illusion_2594_open_q1,optical_illusion_2594.png,"Compare the actual central elements A and B, ignoring apparent size. Answer A larger, B larger, or equal. Explain briefly what you used in the image, then end with a confidence score from 0 to 1."
optical_illusion_2595_open_q1,optical_illusion_2595.png,"Compare the actual central elements A and B, ignoring apparent size. Answer A larger, B larger, or equal. Explain briefly what you used in the image, then end with a confidence score from 0 to 1."
optical_illusion_2596_open_q1,optical_illusion_2596.png,"Compare the actual central elements A and B, ignoring apparent size. Answer A larger, B larger, or equal. Explain briefly what you used in the image, then end with a confidence score from 0 to 1."
optical_illusion_2597_open_q1,optical_illusion_2597.png,"Compare the actual central elements A and B, ignoring apparent size. Answer A larger, B larger, or equal. Explain briefly what you used in the image, then end with a confidence score from 0 to 1."
optical_illusion_2598_open_q1,optical_illusion_2598.png,"Compare the actual central elements A and B, ignoring apparent size. Answer A larger, B larger, or equal. Explain briefly what you used in the image, then end with a confidence score from 0 to 1."
optical_illusion_2599_open_q1,optical_illusion_2599.png,"Compare the actual central elements A and B, ignoring apparent size. Answer A larger, B larger, or equal. Explain briefly what you used in the image, then end with a confidence score from 0 to 1."
optical_illusion_2600_open_q1,optical_illusion_2600.png,"Compare the actual central elements A and B, ignoring apparent size. Answer A larger, B larger, or equal. Explain briefly what you used in the image, then end with a confidence score from 0 to 1."
optical_illusion_2601_open_q1,optical_illusion_2601.png,"Compare the actual central elements A and B, ignoring apparent size. Answer A larger, B larger, or equal. Explain briefly what you used in the image, then end with a confidence score from 0 to 1."
optical_illusion_2602_open_q1,optical_illusion_2602.png,"Compare the actual central elements A and B, ignoring apparent size. Answer A larger, B larger, or equal. Explain briefly what you used in the image, then end with a confidence score from 0 to 1."
optical_illusion_2603_open_q1,optical_illusion_2603.png,"Compare the actual central elements A and B, ignoring apparent size. Answer A larger, B larger, or equal. Explain briefly what you used in the image, then end with a confidence score from 0 to 1."
optical_illusion_2604_open_q1,optical_illusion_2604.png,"Compare the actual central elements A and B, ignoring apparent size. Answer A larger, B larger, or equal. Explain briefly what you used in the image, then end with a confidence score from 0 to 1."
optical_illusion_2605_open_q1,optical_illusion_2605.png,"Compare the actual central elements A and B, ignoring apparent size. Answer A larger, B larger, or equal. Explain briefly what you used in the image, then end with a confidence score from 0 to 1."
optical_illusion_2606_open_q1,optical_illusion_2606.png,"Compare the actual central elements A and B, ignoring apparent size. Answer A larger, B larger, or equal. Explain briefly what you used in the image, then end with a confidence score from 0 to 1."
optical_illusion_2607_open_q1,optical_illusion_2607.png,"Compare the actual central elements A and B, ignoring apparent size. Answer A larger, B larger, or equal. Explain briefly what you used in the image, then end with a confidence score from 0 to 1."
optical_illusion_2608_open_q1,optical_illusion_2608.png,"Compare the actual central elements A and B, ignoring apparent size. Answer A larger, B larger, or equal. Explain briefly what you used in the image, then end with a confidence score from 0 to 1."
optical_illusion_2609_open_q1,optical_illusion_2609.png,"Compare the actual central elements A and B, ignoring apparent size. Answer A larger, B larger, or equal. Explain briefly what you used in the image, then end with a confidence score from 0 to 1."
optical_illusion_2610_open_q1,optical_illusion_2610.png,"Compare the actual central elements A and B, ignoring apparent size. Answer A larger, B larger, or equal. Explain briefly what you used in the image, then end with a confidence score from 0 to 1."
optical_illusion_2611_open_q1,optical_illusion_2611.png,"Compare the actual central elements A and B, ignoring apparent size. Answer A larger, B larger, or equal. Explain briefly what you used in the image, then end with a confidence score from 0 to 1."
optical_illusion_2612_open_q1,optical_illusion_2612.png,"Compare the actual central elements A and B, ignoring apparent size. Answer A larger, B larger, or equal. Explain briefly what you used in the image, then end with a confidence score from 0 to 1."
optical_illusion_2613_open_q1,optical_illusion_2613.png,"Compare the actual central elements A and B, ignoring apparent size. Answer A larger, B larger, or equal. Explain briefly what you used in the image, then end with a confidence score from 0 to 1."
optical_illusion_2614_open_q1,optical_illusion_2614.png,"Compare the actual central elements A and B, ignoring apparent size. Answer A larger, B larger, or equal. Explain briefly what you used in the image, then end with a confidence score from 0 to 1."
optical_illusion_2615_open_q1,optical_illusion_2615.png,"Compare the actual central elements A and B, ignoring apparent size. Answer A larger, B larger, or equal. Explain briefly what you used in the image, then end with a confidence score from 0 to 1."
optical_illusion_2616_open_q1,optical_illusion_2616.png,"Compare the actual central elements A and B, ignoring apparent size. Answer A larger, B larger, or equal. Explain briefly what you used in the image, then end with a confidence score from 0 to 1."
optical_illusion_2617_open_q1,optical_illusion_2617.png,"Compare the actual central elements A and B, ignoring apparent size. Answer A larger, B larger, or equal. Explain briefly what you used in the image, then end with a confidence score from 0 to 1."
optical_illusion_2618_open_q1,optical_illusion_2618.png,"Compare the actual central elements A and B, ignoring apparent size. Answer A larger, B larger, or equal. Explain briefly what you used in the image, then end with a confidence score from 0 to 1."
optical_illusion_2619_open_q1,optical_illusion_2619.png,"Compare the actual central elements A and B, ignoring apparent size. Answer A larger, B larger, or equal. Explain briefly what you used in the image, then end with a confidence score from 0 to 1."
optical_illusion_2620_open_q1,optical_illusion_2620.png,"Compare the actual central elements A and B, ignoring apparent size. Answer A larger, B larger, or equal. Explain briefly what you used in the image, then end with a confidence score from 0 to 1."
optical_illusion_2621_open_q1,optical_illusion_2621.png,"Compare the actual central elements A and B, ignoring apparent size. Answer A larger, B larger, or equal. Explain briefly what you used in the image, then end with a confidence score from 0 to 1."
optical_illusion_2622_open_q1,optical_illusion_2622.png,"Compare the actual central elements A and B, ignoring apparent size. Answer A larger, B larger, or equal. Explain briefly what you used in the image, then end with a confidence score from 0 to 1."
optical_illusion_2623_open_q1,optical_illusion_2623.png,"Compare the actual central elements A and B, ignoring apparent size. Answer A larger, B larger, or equal. Explain briefly what you used in the image, then end with a confidence score from 0 to 1."
optical_illusion_2624_open_q1,optical_illusion_2624.png,"Compare the actual central elements A and B, ignoring apparent size. Answer A larger, B larger, or equal. Explain briefly what you used in the image, then end with a confidence score from 0 to 1."
optical_illusion_2625_open_q1,optical_illusion_2625.png,"Compare the actual central elements A and B, ignoring apparent size. Answer A larger, B larger, or equal. Explain briefly what you used in the image, then end with a confidence score from 0 to 1."
optical_illusion_2626_open_q1,optical_illusion_2626.png,"Compare the actual central elements A and B, ignoring apparent size. Answer A larger, B larger, or equal. Explain briefly what you used in the image, then end with a confidence score from 0 to 1."
optical_illusion_2627_open_q1,optical_illusion_2627.png,"Compare the actual central elements A and B, ignoring apparent size. Answer A larger, B larger, or equal. Explain briefly what you used in the image, then end with a confidence score from 0 to 1."
optical_illusion_2628_open_q1,optical_illusion_2628.png,"Compare the actual central elements A and B, ignoring apparent size. Answer A larger, B larger, or equal. Explain briefly what you used in the image, then end with a confidence score from 0 to 1."
optical_illusion_2629_open_q1,optical_illusion_2629.png,"Compare the actual central elements A and B, ignoring apparent size. Answer A larger, B larger, or equal. Explain briefly what you used in the image, then end with a confidence score from 0 to 1."
optical_illusion_2630_open_q1,optical_illusion_2630.png,"Compare the actual central elements A and B, ignoring apparent size. Answer A larger, B larger, or equal. Explain briefly what you used in the image, then end with a confidence score from 0 to 1."
optical_illusion_2631_open_q1,optical_illusion_2631.png,"Compare the actual central elements A and B, ignoring apparent size. Answer A larger, B larger, or equal. Explain briefly what you used in the image, then end with a confidence score from 0 to 1."
optical_illusion_2632_open_q1,optical_illusion_2632.png,"Compare the actual central elements A and B, ignoring apparent size. Answer A larger, B larger, or equal. Explain briefly what you used in the image, then end with a confidence score from 0 to 1."
optical_illusion_2633_open_q1,optical_illusion_2633.png,"Compare the actual central elements A and B, ignoring apparent size. Answer A larger, B larger, or equal. Explain briefly what you used in the image, then end with a confidence score from 0 to 1."
optical_illusion_2634_open_q1,optical_illusion_2634.png,"Compare the actual central elements A and B, ignoring apparent size. Answer A larger, B larger, or equal. Explain briefly what you used in the image, then end with a confidence score from 0 to 1."
optical_illusion_2635_open_q1,optical_illusion_2635.png,"Compare the actual central elements A and B, ignoring apparent size. Answer A larger, B larger, or equal. Explain briefly what you used in the image, then end with a confidence score from 0 to 1."
optical_illusion_2636_open_q1,optical_illusion_2636.png,"Compare the actual central elements A and B, ignoring apparent size. Answer A larger, B larger, or equal. Explain briefly what you used in the image, then end with a confidence score from 0 to 1."
optical_illusion_2637_open_q1,optical_illusion_2637.png,"Compare the actual central elements A and B, ignoring apparent size. Answer A larger, B larger, or equal. Explain briefly what you used in the image, then end with a confidence score from 0 to 1."
optical_illusion_2638_open_q1,optical_illusion_2638.png,"Compare the actual central elements A and B, ignoring apparent size. Answer A larger, B larger, or equal. Explain briefly what you used in the image, then end with a confidence score from 0 to 1."
optical_illusion_2639_open_q1,optical_illusion_2639.png,"Compare the actual central elements A and B, ignoring apparent size. Answer A larger, B larger, or equal. Explain briefly what you used in the image, then end with a confidence score from 0 to 1."
optical_illusion_2640_open_q1,optical_illusion_2640.png,"Compare the actual central elements A and B, ignoring apparent size. Answer A larger, B larger, or equal. Explain briefly what you used in the image, then end with a confidence score from 0 to 1."
optical_illusion_2641_open_q1,optical_illusion_2641.png,"Compare the actual central elements A and B, ignoring apparent size. Answer A larger, B larger, or equal. Explain briefly what you used in the image, then end with a confidence score from 0 to 1."
optical_illusion_2642_open_q1,optical_illusion_2642.png,"Compare the actual central elements A and B, ignoring apparent size. Answer A larger, B larger, or equal. Explain briefly what you used in the image, then end with a confidence score from 0 to 1."
optical_illusion_2643_open_q1,optical_illusion_2643.png,"Compare the actual central elements A and B, ignoring apparent size. Answer A larger, B larger, or equal. Explain briefly what you used in the image, then end with a confidence score from 0 to 1."
optical_illusion_2644_open_q1,optical_illusion_2644.png,"Compare the actual central elements A and B, ignoring apparent size. Answer A larger, B larger, or equal. Explain briefly what you used in the image, then end with a confidence score from 0 to 1."
optical_illusion_2645_open_q1,optical_illusion_2645.png,"Compare the actual central elements A and B, ignoring apparent size. Answer A larger, B larger, or equal. Explain briefly what you used in the image, then end with a confidence score from 0 to 1."
optical_illusion_2646_open_q1,optical_illusion_2646.png,"Compare the actual central elements A and B, ignoring apparent size. Answer A larger, B larger, or equal. Explain briefly what you used in the image, then end with a confidence score from 0 to 1."
optical_illusion_2647_open_q1,optical_illusion_2647.png,"Compare the actual central elements A and B, ignoring apparent size. Answer A larger, B larger, or equal. Explain briefly what you used in the image, then end with a confidence score from 0 to 1."
optical_illusion_2648_open_q1,optical_illusion_2648.png,"Compare the actual central elements A and B, ignoring apparent size. Answer A larger, B larger, or equal. Explain briefly what you used in the image, then end with a confidence score from 0 to 1."
optical_illusion_2649_open_q1,optical_illusion_2649.png,"Compare the actual central elements A and B, ignoring apparent size. Answer A larger, B larger, or equal. Explain briefly what you used in the image, then end with a confidence score from 0 to 1."
optical_illusion_2650_open_q1,optical_illusion_2650.png,"Compare the actual central elements A and B, ignoring apparent size. Answer A larger, B larger, or equal. Explain briefly what you used in the image, then end with a confidence score from 0 to 1."
optical_illusion_2651_open_q1,optical_illusion_2651.png,"Compare the actual central elements A and B, ignoring apparent size. Answer A larger, B larger, or equal. Explain briefly what you used in the image, then end with a confidence score from 0 to 1."
optical_illusion_2652_open_q1,optical_illusion_2652.png,"Compare the actual central elements A and B, ignoring apparent size. Answer A larger, B larger, or equal. Explain briefly what you used in the image, then end with a confidence score from 0 to 1."
optical_illusion_2653_open_q1,optical_illusion_2653.png,"Compare the actual central elements A and B, ignoring apparent size. Answer A larger, B larger, or equal. Explain briefly what you used in the image, then end with a confidence score from 0 to 1."
optical_illusion_2654_open_q1,optical_illusion_2654.png,"Compare the actual central elements A and B, ignoring apparent size. Answer A larger, B larger, or equal. Explain briefly what you used in the image, then end with a confidence score from 0 to 1."
optical_illusion_2655_open_q1,optical_illusion_2655.png,"Compare the actual central elements A and B, ignoring apparent size. Answer A larger, B larger, or equal. Explain briefly what you used in the image, then end with a confidence score from 0 to 1."
optical_illusion_2656_open_q1,optical_illusion_2656.png,"Compare the actual central elements A and B, ignoring apparent size. Answer A larger, B larger, or equal. Explain briefly what you used in the image, then end with a confidence score from 0 to 1."
optical_illusion_2657_open_q1,optical_illusion_2657.png,"Compare the actual central elements A and B, ignoring apparent size. Answer A larger, B larger, or equal. Explain briefly what you used in the image, then end with a confidence score from 0 to 1."
optical_illusion_2658_open_q1,optical_illusion_2658.png,"Compare the actual central elements A and B, ignoring apparent size. Answer A larger, B larger, or equal. Explain briefly what you used in the image, then end with a confidence score from 0 to 1."
optical_illusion_2659_open_q1,optical_illusion_2659.png,"Compare the actual central elements A and B, ignoring apparent size. Answer A larger, B larger, or equal. Explain briefly what you used in the image, then end with a confidence score from 0 to 1."
optical_illusion_2660_open_q1,optical_illusion_2660.png,"Compare the actual central elements A and B, ignoring apparent size. Answer A larger, B larger, or equal. Explain briefly what you used in the image, then end with a confidence score from 0 to 1."
optical_illusion_2661_open_q1,optical_illusion_2661.png,"Compare the actual central elements A and B, ignoring apparent size. Answer A larger, B larger, or equal. Explain briefly what you used in the image, then end with a confidence score from 0 to 1."
optical_illusion_2662_open_q1,optical_illusion_2662.png,"Compare the actual central elements A and B, ignoring apparent size. Answer A larger, B larger, or equal. Explain briefly what you used in the image, then end with a confidence score from 0 to 1."
optical_illusion_2663_open_q1,optical_illusion_2663.png,"Compare the actual central elements A and B, ignoring apparent size. Answer A larger, B larger, or equal. Explain briefly what you used in the image, then end with a confidence score from 0 to 1."
optical_illusion_2664_open_q1,optical_illusion_2664.png,"Compare the actual central elements A and B, ignoring apparent size. Answer A larger, B larger, or equal. Explain briefly what you used in the image, then end with a confidence score from 0 to 1."
optical_illusion_2665_open_q1,optical_illusion_2665.png,"Compare the actual central elements A and B, ignoring apparent size. Answer A larger, B larger, or equal. Explain briefly what you used in the image, then end with a confidence score from 0 to 1."
optical_illusion_2666_open_q1,optical_illusion_2666.png,"Compare the actual central elements A and B, ignoring apparent size. Answer A larger, B larger, or equal. Explain briefly what you used in the image, then end with a confidence score from 0 to 1."
optical_illusion_2667_open_q1,optical_illusion_2667.png,"Compare the actual central elements A and B, ignoring apparent size. Answer A larger, B larger, or equal. Explain briefly what you used in the image, then end with a confidence score from 0 to 1."
optical_illusion_2668_open_q1,optical_illusion_2668.png,"Compare the actual central elements A and B, ignoring apparent size. Answer A larger, B larger, or equal. Explain briefly what you used in the image, then end with a confidence score from 0 to 1."
optical_illusion_2669_open_q1,optical_illusion_2669.png,"Compare the actual central elements A and B, ignoring apparent size. Answer A larger, B larger, or equal. Explain briefly what you used in the image, then end with a confidence score from 0 to 1."
optical_illusion_2670_open_q1,optical_illusion_2670.png,"Compare the actual central elements A and B, ignoring apparent size. Answer A larger, B larger, or equal. Explain briefly what you used in the image, then end with a confidence score from 0 to 1."
optical_illusion_2671_open_q1,optical_illusion_2671.png,"Compare the actual central elements A and B, ignoring apparent size. Answer A larger, B larger, or equal. Explain briefly what you used in the image, then end with a confidence score from 0 to 1."
optical_illusion_2672_open_q1,optical_illusion_2672.png,"Compare the actual central elements A and B, ignoring apparent size. Answer A larger, B larger, or equal. Explain briefly what you used in the image, then end with a confidence score from 0 to 1."
optical_illusion_2673_open_q1,optical_illusion_2673.png,"Compare the actual central elements A and B, ignoring apparent size. Answer A larger, B larger, or equal. Explain briefly what you used in the image, then end with a confidence score from 0 to 1."
optical_illusion_2674_open_q1,optical_illusion_2674.png,"Compare the actual central elements A and B, ignoring apparent size. Answer A larger, B larger, or equal. Explain briefly what you used in the image, then end with a confidence score from 0 to 1."
optical_illusion_2675_open_q1,optical_illusion_2675.png,"Compare the actual central elements A and B, ignoring apparent size. Answer A larger, B larger, or equal. Explain briefly what you used in the image, then end with a confidence score from 0 to 1."
optical_illusion_2676_open_q1,optical_illusion_2676.png,"Compare the actual central elements A and B, ignoring apparent size. Answer A larger, B larger, or equal. Explain briefly what you used in the image, then end with a confidence score from 0 to 1."
optical_illusion_2677_open_q1,optical_illusion_2677.png,"Compare the actual central elements A and B, ignoring apparent size. Answer A larger, B larger, or equal. Explain briefly what you used in the image, then end with a confidence score from 0 to 1."
optical_illusion_2678_open_q1,optical_illusion_2678.png,"Compare the actual central elements A and B, ignoring apparent size. Answer A larger, B larger, or equal. Explain briefly what you used in the image, then end with a confidence score from 0 to 1."
optical_illusion_2679_open_q1,optical_illusion_2679.png,"Compare the actual central elements A and B, ignoring apparent size. Answer A larger, B larger, or equal. Explain briefly what you used in the image, then end with a confidence score from 0 to 1."
optical_illusion_2680_open_q1,optical_illusion_2680.png,"Compare the actual central elements A and B, ignoring apparent size. Answer A larger, B larger, or equal. Explain briefly what you used in the image, then end with a confidence score from 0 to 1."
optical_illusion_2681_open_q1,optical_illusion_2681.png,"Compare the actual central elements A and B, ignoring apparent size. Answer A larger, B larger, or equal. Explain briefly what you used in the image, then end with a confidence score from 0 to 1."
optical_illusion_2682_open_q1,optical_illusion_2682.png,"Compare the actual central elements A and B, ignoring apparent size. Answer A larger, B larger, or equal. Explain briefly what you used in the image, then end with a confidence score from 0 to 1."
optical_illusion_2683_open_q1,optical_illusion_2683.png,"Compare the actual central elements A and B, ignoring apparent size. Answer A larger, B larger, or equal. Explain briefly what you used in the image, then end with a confidence score from 0 to 1."
optical_illusion_2684_open_q1,optical_illusion_2684.png,"Compare the actual central elements A and B, ignoring apparent size. Answer A larger, B larger, or equal. Explain briefly what you used in the image, then end with a confidence score from 0 to 1."
optical_illusion_2685_open_q1,optical_illusion_2685.png,"Compare the actual central elements A and B, ignoring apparent size. Answer A larger, B larger, or equal. Explain briefly what you used in the image, then end with a confidence score from 0 to 1."
optical_illusion_2686_open_q1,optical_illusion_2686.png,"Compare the actual central elements A and B, ignoring apparent size. Answer A larger, B larger, or equal. Explain briefly what you used in the image, then end with a confidence score from 0 to 1."
optical_illusion_2687_open_q1,optical_illusion_2687.png,"Compare the actual central elements A and B, ignoring apparent size. Answer A larger, B larger, or equal. Explain briefly what you used in the image, then end with a confidence score from 0 to 1."
optical_illusion_2688_open_q1,optical_illusion_2688.png,"Compare the actual central elements A and B, ignoring apparent size. Answer A larger, B larger, or equal. Explain briefly what you used in the image, then end with a confidence score from 0 to 1."
optical_illusion_2689_open_q1,optical_illusion_2689.png,"Compare the actual central elements A and B, ignoring apparent size. Answer A larger, B larger, or equal. Explain briefly what you used in the image, then end with a confidence score from 0 to 1."
optical_illusion_2690_open_q1,optical_illusion_2690.png,"Compare the actual central elements A and B, ignoring apparent size. Answer A larger, B larger, or equal. Explain briefly what you used in the image, then end with a confidence score from 0 to 1."
optical_illusion_2691_open_q1,optical_illusion_2691.png,"Compare the actual central elements A and B, ignoring apparent size. Answer A larger, B larger, or equal. Explain briefly what you used in the image, then end with a confidence score from 0 to 1."
optical_illusion_2692_open_q1,optical_illusion_2692.png,"Compare the actual central elements A and B, ignoring apparent size. Answer A larger, B larger, or equal. Explain briefly what you used in the image, then end with a confidence score from 0 to 1."
optical_illusion_2693_open_q1,optical_illusion_2693.png,"Compare the actual central elements A and B, ignoring apparent size. Answer A larger, B larger, or equal. Explain briefly what you used in the image, then end with a confidence score from 0 to 1."
optical_illusion_2694_open_q1,optical_illusion_2694.png,"Compare the actual central elements A and B, ignoring apparent size. Answer A larger, B larger, or equal. Explain briefly what you used in the image, then end with a confidence score from 0 to 1."
optical_illusion_2695_open_q1,optical_illusion_2695.png,"Compare the actual central elements A and B, ignoring apparent size. Answer A larger, B larger, or equal. Explain briefly what you used in the image, then end with a confidence score from 0 to 1."
optical_illusion_2696_open_q1,optical_illusion_2696.png,"Compare the actual central elements A and B, ignoring apparent size. Answer A larger, B larger, or equal. Explain briefly what you used in the image, then end with a confidence score from 0 to 1."
optical_illusion_2697_open_q1,optical_illusion_2697.png,"Compare the actual central elements A and B, ignoring apparent size. Answer A larger, B larger, or equal. Explain briefly what you used in the image, then end with a confidence score from 0 to 1."
optical_illusion_2698_open_q1,optical_illusion_2698.png,"Compare the actual central elements A and B, ignoring apparent size. Answer A larger, B larger, or equal. Explain briefly what you used in the image, then end with a confidence score from 0 to 1."
optical_illusion_2699_open_q1,optical_illusion_2699.png,"Compare the actual central elements A and B, ignoring apparent size. Answer A larger, B larger, or equal. Explain briefly what you used in the image, then end with a confidence score from 0 to 1."
optical_illusion_2700_open_q1,optical_illusion_2700.png,"Compare the actual central elements A and B, ignoring apparent size. Answer A larger, B larger, or equal. Explain briefly what you used in the image, then end with a confidence score from 0 to 1."
optical_illusion_2701_open_q1,optical_illusion_2701.png,"Compare the actual central elements A and B, ignoring apparent size. Answer A larger, B larger, or equal. Explain briefly what you used in the image, then end with a confidence score from 0 to 1."
optical_illusion_2702_open_q1,optical_illusion_2702.png,"Compare the actual central elements A and B, ignoring apparent size. Answer A larger, B larger, or equal. Explain briefly what you used in the image, then end with a confidence score from 0 to 1."
optical_illusion_2703_open_q1,optical_illusion_2703.png,"Compare the actual central elements A and B, ignoring apparent size. Answer A larger, B larger, or equal. Explain briefly what you used in the image, then end with a confidence score from 0 to 1."
optical_illusion_2704_open_q1,optical_illusion_2704.png,"Compare the actual central elements A and B, ignoring apparent size. Answer A larger, B larger, or equal. Explain briefly what you used in the image, then end with a confidence score from 0 to 1."
optical_illusion_2705_open_q1,optical_illusion_2705.png,"Compare the actual central elements A and B, ignoring apparent size. Answer A larger, B larger, or equal. Explain briefly what you used in the image, then end with a confidence score from 0 to 1."
optical_illusion_2706_open_q1,optical_illusion_2706.png,"Compare the actual central elements A and B, ignoring apparent size. Answer A larger, B larger, or equal. Explain briefly what you used in the image, then end with a confidence score from 0 to 1."
optical_illusion_2707_open_q1,optical_illusion_2707.png,"Compare the actual central elements A and B, ignoring apparent size. Answer A larger, B larger, or equal. Explain briefly what you used in the image, then end with a confidence score from 0 to 1."
optical_illusion_2708_open_q1,optical_illusion_2708.png,"Compare the actual central elements A and B, ignoring apparent size. Answer A larger, B larger, or equal. Explain briefly what you used in the image, then end with a confidence score from 0 to 1."
optical_illusion_2709_open_q1,optical_illusion_2709.png,"Compare the actual central elements A and B, ignoring apparent size. Answer A larger, B larger, or equal. Explain briefly what you used in the image, then end with a confidence score from 0 to 1."
optical_illusion_2710_open_q1,optical_illusion_2710.png,"Compare the actual central elements A and B, ignoring apparent size. Answer A larger, B larger, or equal. Explain briefly what you used in the image, then end with a confidence score from 0 to 1."
optical_illusion_2711_open_q1,optical_illusion_2711.png,"Compare the actual central elements A and B, ignoring apparent size. Answer A larger, B larger, or equal. Explain briefly what you used in the image, then end with a confidence score from 0 to 1."
optical_illusion_2712_open_q1,optical_illusion_2712.png,"Compare the actual central elements A and B, ignoring apparent size. Answer A larger, B larger, or equal. Explain briefly what you used in the image, then end with a confidence score from 0 to 1."
optical_illusion_2713_open_q1,optical_illusion_2713.png,"Compare the actual central elements A and B, ignoring apparent size. Answer A larger, B larger, or equal. Explain briefly what you used in the image, then end with a confidence score from 0 to 1."
optical_illusion_2714_open_q1,optical_illusion_2714.png,"Compare the actual central elements A and B, ignoring apparent size. Answer A larger, B larger, or equal. Explain briefly what you used in the image, then end with a confidence score from 0 to 1."
optical_illusion_2715_open_q1,optical_illusion_2715.png,"Compare the actual central elements A and B, ignoring apparent size. Answer A larger, B larger, or equal. Explain briefly what you used in the image, then end with a confidence score from 0 to 1."
optical_illusion_2716_open_q1,optical_illusion_2716.png,"Compare the actual central elements A and B, ignoring apparent size. Answer A larger, B larger, or equal. Explain briefly what you used in the image, then end with a confidence score from 0 to 1."
optical_illusion_2717_open_q1,optical_illusion_2717.png,"Compare the actual central elements A and B, ignoring apparent size. Answer A larger, B larger, or equal. Explain briefly what you used in the image, then end with a confidence score from 0 to 1."
optical_illusion_2718_open_q1,optical_illusion_2718.png,"Compare the actual central elements A and B, ignoring apparent size. Answer A larger, B larger, or equal. Explain briefly what you used in the image, then end with a confidence score from 0 to 1."
optical_illusion_2719_open_q1,optical_illusion_2719.png,"Compare the actual central elements A and B, ignoring apparent size. Answer A larger, B larger, or equal. Explain briefly what you used in the image, then end with a confidence score from 0 to 1."
optical_illusion_2720_open_q1,optical_illusion_2720.png,"Compare the actual central elements A and B, ignoring apparent size. Answer A larger, B larger, or equal. Explain briefly what you used in the image, then end with a confidence score from 0 to 1."
optical_illusion_2721_open_q1,optical_illusion_2721.png,"Compare the actual central elements A and B, ignoring apparent size. Answer A larger, B larger, or equal. Explain briefly what you used in the image, then end with a confidence score from 0 to 1."
optical_illusion_2722_open_q1,optical_illusion_2722.png,"Compare the actual central elements A and B, ignoring apparent size. Answer A larger, B larger, or equal. Explain briefly what you used in the image, then end with a confidence score from 0 to 1."
optical_illusion_2723_open_q1,optical_illusion_2723.png,"Compare the actual central elements A and B, ignoring apparent size. Answer A larger, B larger, or equal. Explain briefly what you used in the image, then end with a confidence score from 0 to 1."
optical_illusion_2724_open_q1,optical_illusion_2724.png,"Compare the actual central elements A and B, ignoring apparent size. Answer A larger, B larger, or equal. Explain briefly what you used in the image, then end with a confidence score from 0 to 1."
optical_illusion_2725_open_q1,optical_illusion_2725.png,"Compare the actual central elements A and B, ignoring apparent size. Answer A larger, B larger, or equal. Explain briefly what you used in the image, then end with a confidence score from 0 to 1."
optical_illusion_2726_open_q1,optical_illusion_2726.png,"Compare the actual central elements A and B, ignoring apparent size. Answer A larger, B larger, or equal. Explain briefly what you used in the image, then end with a confidence score from 0 to 1."
optical_illusion_2727_open_q1,optical_illusion_2727.png,"Compare the actual central elements A and B, ignoring apparent size. Answer A larger, B larger, or equal. Explain briefly what you used in the image, then end with a confidence score from 0 to 1."
optical_illusion_2728_open_q1,optical_illusion_2728.png,"Compare the actual central elements A and B, ignoring apparent size. Answer A larger, B larger, or equal. Explain briefly what you used in the image, then end with a confidence score from 0 to 1."
optical_illusion_2729_open_q1,optical_illusion_2729.png,"Compare the actual central elements A and B, ignoring apparent size. Answer A larger, B larger, or equal. Explain briefly what you used in the image, then end with a confidence score from 0 to 1."
optical_illusion_2730_open_q1,optical_illusion_2730.png,"Compare the actual central elements A and B, ignoring apparent size. Answer A larger, B larger, or equal. Explain briefly what you used in the image, then end with a confidence score from 0 to 1."
optical_illusion_2731_open_q1,optical_illusion_2731.png,"Compare the actual central elements A and B, ignoring apparent size. Answer A larger, B larger, or equal. Explain briefly what you used in the image, then end with a confidence score from 0 to 1."
optical_illusion_2732_open_q1,optical_illusion_2732.png,"Compare the actual central elements A and B, ignoring apparent size. Answer A larger, B larger, or equal. Explain briefly what you used in the image, then end with a confidence score from 0 to 1."
optical_illusion_2733_open_q1,optical_illusion_2733.png,"Compare the actual central elements A and B, ignoring apparent size. Answer A larger, B larger, or equal. Explain briefly what you used in the image, then end with a confidence score from 0 to 1."
optical_illusion_2734_open_q1,optical_illusion_2734.png,"Compare the actual central elements A and B, ignoring apparent size. Answer A larger, B larger, or equal. Explain briefly what you used in the image, then end with a confidence score from 0 to 1."
optical_illusion_2735_open_q1,optical_illusion_2735.png,"Compare the actual central elements A and B, ignoring apparent size. Answer A larger, B larger, or equal. Explain briefly what you used in the image, then end with a confidence score from 0 to 1."
optical_illusion_2736_open_q1,optical_illusion_2736.png,"Compare the actual central elements A and B, ignoring apparent size. Answer A larger, B larger, or equal. Explain briefly what you used in the image, then end with a confidence score from 0 to 1."
optical_illusion_2737_open_q1,optical_illusion_2737.png,"Compare the actual central elements A and B, ignoring apparent size. Answer A larger, B larger, or equal. Explain briefly what you used in the image, then end with a confidence score from 0 to 1."
optical_illusion_2738_open_q1,optical_illusion_2738.png,"Compare the actual central elements A and B, ignoring apparent size. Answer A larger, B larger, or equal. Explain briefly what you used in the image, then end with a confidence score from 0 to 1."
optical_illusion_2739_open_q1,optical_illusion_2739.png,"Compare the actual central elements A and B, ignoring apparent size. Answer A larger, B larger, or equal. Explain briefly what you used in the image, then end with a confidence score from 0 to 1."
optical_illusion_2740_open_q1,optical_illusion_2740.png,"Compare the actual central elements A and B, ignoring apparent size. Answer A larger, B larger, or equal. Explain briefly what you used in the image, then end with a confidence score from 0 to 1."
optical_illusion_2741_open_q1,optical_illusion_2741.png,"Compare the actual central elements A and B, ignoring apparent size. Answer A larger, B larger, or equal. Explain briefly what you used in the image, then end with a confidence score from 0 to 1."
optical_illusion_2742_open_q1,optical_illusion_2742.png,"Compare the actual central elements A and B, ignoring apparent size. Answer A larger, B larger, or equal. Explain briefly what you used in the image, then end with a confidence score from 0 to 1."
optical_illusion_2743_open_q1,optical_illusion_2743.png,"Compare the actual central elements A and B, ignoring apparent size. Answer A larger, B larger, or equal. Explain briefly what you used in the image, then end with a confidence score from 0 to 1."
optical_illusion_2744_open_q1,optical_illusion_2744.png,"Compare the actual central elements A and B, ignoring apparent size. Answer A larger, B larger, or equal. Explain briefly what you used in the image, then end with a confidence score from 0 to 1."
optical_illusion_2745_open_q1,optical_illusion_2745.png,"Compare the actual central elements A and B, ignoring apparent size. Answer A larger, B larger, or equal. Explain briefly what you used in the image, then end with a confidence score from 0 to 1."
optical_illusion_2746_open_q1,optical_illusion_2746.png,"Compare the actual central elements A and B, ignoring apparent size. Answer A larger, B larger, or equal. Explain briefly what you used in the image, then end with a confidence score from 0 to 1."
optical_illusion_2747_open_q1,optical_illusion_2747.png,"Compare the actual central elements A and B, ignoring apparent size. Answer A larger, B larger, or equal. Explain briefly what you used in the image, then end with a confidence score from 0 to 1."
optical_illusion_2748_open_q1,optical_illusion_2748.png,"Compare the actual central elements A and B, ignoring apparent size. Answer A larger, B larger, or equal. Explain briefly what you used in the image, then end with a confidence score from 0 to 1."
optical_illusion_2749_open_q1,optical_illusion_2749.png,"Compare the actual central elements A and B, ignoring apparent size. Answer A larger, B larger, or equal. Explain briefly what you used in the image, then end with a confidence score from 0 to 1."
optical_illusion_2750_open_q1,optical_illusion_2750.png,"Compare the actual central elements A and B, ignoring apparent size. Answer A larger, B larger, or equal. Explain briefly what you used in the image, then end with a confidence score from 0 to 1."
optical_illusion_2751_open_q1,optical_illusion_2751.png,"Compare the actual central elements A and B, ignoring apparent size. Answer A larger, B larger, or equal. Explain briefly what you used in the image, then end with a confidence score from 0 to 1."
optical_illusion_2752_open_q1,optical_illusion_2752.png,"Compare the actual central elements A and B, ignoring apparent size. Answer A larger, B larger, or equal. Explain briefly what you used in the image, then end with a confidence score from 0 to 1."
optical_illusion_2753_open_q1,optical_illusion_2753.png,"Compare the actual central elements A and B, ignoring apparent size. Answer A larger, B larger, or equal. Explain briefly what you used in the image, then end with a confidence score from 0 to 1."
optical_illusion_2754_open_q1,optical_illusion_2754.png,"Compare the actual central elements A and B, ignoring apparent size. Answer A larger, B larger, or equal. Explain briefly what you used in the image, then end with a confidence score from 0 to 1."
optical_illusion_2755_open_q1,optical_illusion_2755.png,"Compare the actual central elements A and B, ignoring apparent size. Answer A larger, B larger, or equal. Explain briefly what you used in the image, then end with a confidence score from 0 to 1."
optical_illusion_2756_open_q1,optical_illusion_2756.png,"Compare the actual central elements A and B, ignoring apparent size. Answer A larger, B larger, or equal. Explain briefly what you used in the image, then end with a confidence score from 0 to 1."
optical_illusion_2757_open_q1,optical_illusion_2757.png,"Compare the actual central elements A and B, ignoring apparent size. Answer A larger, B larger, or equal. Explain briefly what you used in the image, then end with a confidence score from 0 to 1."
optical_illusion_2758_open_q1,optical_illusion_2758.png,"Compare the actual central elements A and B, ignoring apparent size. Answer A larger, B larger, or equal. Explain briefly what you used in the image, then end with a confidence score from 0 to 1."
optical_illusion_2759_open_q1,optical_illusion_2759.png,"Compare the actual central elements A and B, ignoring apparent size. Answer A larger, B larger, or equal. Explain briefly what you used in the image, then end with a confidence score from 0 to 1."
optical_illusion_2760_open_q1,optical_illusion_2760.png,"Compare the actual central elements A and B, ignoring apparent size. Answer A larger, B larger, or equal. Explain briefly what you used in the image, then end with a confidence score from 0 to 1."
optical_illusion_2761_open_q1,optical_illusion_2761.png,"Compare the actual central elements A and B, ignoring apparent size. Answer A larger, B larger, or equal. Explain briefly what you used in the image, then end with a confidence score from 0 to 1."
optical_illusion_2762_open_q1,optical_illusion_2762.png,"Compare the actual central elements A and B, ignoring apparent size. Answer A larger, B larger, or equal. Explain briefly what you used in the image, then end with a confidence score from 0 to 1."
optical_illusion_2763_open_q1,optical_illusion_2763.png,"Compare the actual central elements A and B, ignoring apparent size. Answer A larger, B larger, or equal. Explain briefly what you used in the image, then end with a confidence score from 0 to 1."
optical_illusion_2764_open_q1,optical_illusion_2764.png,"Compare the actual central elements A and B, ignoring apparent size. Answer A larger, B larger, or equal. Explain briefly what you used in the image, then end with a confidence score from 0 to 1."
optical_illusion_2765_open_q1,optical_illusion_2765.png,"Compare the actual central elements A and B, ignoring apparent size. Answer A larger, B larger, or equal. Explain briefly what you used in the image, then end with a confidence score from 0 to 1."
optical_illusion_2766_open_q1,optical_illusion_2766.png,"Compare the actual central elements A and B, ignoring apparent size. Answer A larger, B larger, or equal. Explain briefly what you used in the image, then end with a confidence score from 0 to 1."
optical_illusion_2767_open_q1,optical_illusion_2767.png,"Compare the actual central elements A and B, ignoring apparent size. Answer A larger, B larger, or equal. Explain briefly what you used in the image, then end with a confidence score from 0 to 1."
optical_illusion_2768_open_q1,optical_illusion_2768.png,"Compare the actual central elements A and B, ignoring apparent size. Answer A larger, B larger, or equal. Explain briefly what you used in the image, then end with a confidence score from 0 to 1."
optical_illusion_2769_open_q1,optical_illusion_2769.png,"Compare the actual central elements A and B, ignoring apparent size. Answer A larger, B larger, or equal. Explain briefly what you used in the image, then end with a confidence score from 0 to 1."
optical_illusion_2770_open_q1,optical_illusion_2770.png,"Compare the actual central elements A and B, ignoring apparent size. Answer A larger, B larger, or equal. Explain briefly what you used in the image, then end with a confidence score from 0 to 1."
optical_illusion_2771_open_q1,optical_illusion_2771.png,"Compare the actual central elements A and B, ignoring apparent size. Answer A larger, B larger, or equal. Explain briefly what you used in the image, then end with a confidence score from 0 to 1."
optical_illusion_2772_open_q1,optical_illusion_2772.png,"Compare the actual central elements A and B, ignoring apparent size. Answer A larger, B larger, or equal. Explain briefly what you used in the image, then end with a confidence score from 0 to 1."
optical_illusion_2773_open_q1,optical_illusion_2773.png,"Compare the actual central elements A and B, ignoring apparent size. Answer A larger, B larger, or equal. Explain briefly what you used in the image, then end with a confidence score from 0 to 1."
optical_illusion_2774_open_q1,optical_illusion_2774.png,"Compare the actual central elements A and B, ignoring apparent size. Answer A larger, B larger, or equal. Explain briefly what you used in the image, then end with a confidence score from 0 to 1."
optical_illusion_2775_open_q1,optical_illusion_2775.png,"Compare the actual central elements A and B, ignoring apparent size. Answer A larger, B larger, or equal. Explain briefly what you used in the image, then end with a confidence score from 0 to 1."
optical_illusion_2776_open_q1,optical_illusion_2776.png,"Compare the actual central elements A and B, ignoring apparent size. Answer A larger, B larger, or equal. Explain briefly what you used in the image, then end with a confidence score from 0 to 1."
optical_illusion_2777_open_q1,optical_illusion_2777.png,"Compare the actual central elements A and B, ignoring apparent size. Answer A larger, B larger, or equal. Explain briefly what you used in the image, then end with a confidence score from 0 to 1."
optical_illusion_2778_open_q1,optical_illusion_2778.png,"Compare the actual central elements A and B, ignoring apparent size. Answer A larger, B larger, or equal. Explain briefly what you used in the image, then end with a confidence score from 0 to 1."
optical_illusion_2779_open_q1,optical_illusion_2779.png,"Compare the actual central elements A and B, ignoring apparent size. Answer A larger, B larger, or equal. Explain briefly what you used in the image, then end with a confidence score from 0 to 1."
optical_illusion_2780_open_q1,optical_illusion_2780.png,"Compare the actual central elements A and B, ignoring apparent size. Answer A larger, B larger, or equal. Explain briefly what you used in the image, then end with a confidence score from 0 to 1."
optical_illusion_2781_open_q1,optical_illusion_2781.png,"Compare the actual central elements A and B, ignoring apparent size. Answer A larger, B larger, or equal. Explain briefly what you used in the image, then end with a confidence score from 0 to 1."
optical_illusion_2782_open_q1,optical_illusion_2782.png,"Compare the actual central elements A and B, ignoring apparent size. Answer A larger, B larger, or equal. Explain briefly what you used in the image, then end with a confidence score from 0 to 1."
optical_illusion_2783_open_q1,optical_illusion_2783.png,"Compare the actual central elements A and B, ignoring apparent size. Answer A larger, B larger, or equal. Explain briefly what you used in the image, then end with a confidence score from 0 to 1."
optical_illusion_2784_open_q1,optical_illusion_2784.png,"Compare the actual central elements A and B, ignoring apparent size. Answer A larger, B larger, or equal. Explain briefly what you used in the image, then end with a confidence score from 0 to 1."
optical_illusion_2785_open_q1,optical_illusion_2785.png,"Compare the actual central elements A and B, ignoring apparent size. Answer A larger, B larger, or equal. Explain briefly what you used in the image, then end with a confidence score from 0 to 1."
optical_illusion_2786_open_q1,optical_illusion_2786.png,"Compare the actual central elements A and B, ignoring apparent size. Answer A larger, B larger, or equal. Explain briefly what you used in the image, then end with a confidence score from 0 to 1."
optical_illusion_2787_open_q1,optical_illusion_2787.png,"Compare the actual central elements A and B, ignoring apparent size. Answer A larger, B larger, or equal. Explain briefly what you used in the image, then end with a confidence score from 0 to 1."
optical_illusion_2788_open_q1,optical_illusion_2788.png,"Compare the actual central elements A and B, ignoring apparent size. Answer A larger, B larger, or equal. Explain briefly what you used in the image, then end with a confidence score from 0 to 1."
optical_illusion_2789_open_q1,optical_illusion_2789.png,"Compare the actual central elements A and B, ignoring apparent size. Answer A larger, B larger, or equal. Explain briefly what you used in the image, then end with a confidence score from 0 to 1."
optical_illusion_2790_open_q1,optical_illusion_2790.png,"Compare the actual central elements A and B, ignoring apparent size. Answer A larger, B larger, or equal. Explain briefly what you used in the image, then end with a confidence score from 0 to 1."
optical_illusion_2791_open_q1,optical_illusion_2791.png,"Compare the actual central elements A and B, ignoring apparent size. Answer A larger, B larger, or equal. Explain briefly what you used in the image, then end with a confidence score from 0 to 1."
optical_illusion_2792_open_q1,optical_illusion_2792.png,"Compare the actual central elements A and B, ignoring apparent size. Answer A larger, B larger, or equal. Explain briefly what you used in the image, then end with a confidence score from 0 to 1."
optical_illusion_2793_open_q1,optical_illusion_2793.png,"Compare the actual central elements A and B, ignoring apparent size. Answer A larger, B larger, or equal. Explain briefly what you used in the image, then end with a confidence score from 0 to 1."
optical_illusion_2794_open_q1,optical_illusion_2794.png,"Compare the actual central elements A and B, ignoring apparent size. Answer A larger, B larger, or equal. Explain briefly what you used in the image, then end with a confidence score from 0 to 1."
optical_illusion_2795_open_q1,optical_illusion_2795.png,"Compare the actual central elements A and B, ignoring apparent size. Answer A larger, B larger, or equal. Explain briefly what you used in the image, then end with a confidence score from 0 to 1."
optical_illusion_2796_open_q1,optical_illusion_2796.png,"Compare the actual central elements A and B, ignoring apparent size. Answer A larger, B larger, or equal. Explain briefly what you used in the image, then end with a confidence score from 0 to 1."
optical_illusion_2797_open_q1,optical_illusion_2797.png,"Compare the actual central elements A and B, ignoring apparent size. Answer A larger, B larger, or equal. Explain briefly what you used in the image, then end with a confidence score from 0 to 1."
optical_illusion_2798_open_q1,optical_illusion_2798.png,"Compare the actual central elements A and B, ignoring apparent size. Answer A larger, B larger, or equal. Explain briefly what you used in the image, then end with a confidence score from 0 to 1."
optical_illusion_2799_open_q1,optical_illusion_2799.png,"Compare the actual central elements A and B, ignoring apparent size. Answer A larger, B larger, or equal. Explain briefly what you used in the image, then end with a confidence score from 0 to 1."
optical_illusion_2800_open_q1,optical_illusion_2800.png,"Compare the actual central elements A and B, ignoring apparent size. Answer A larger, B larger, or equal. Explain briefly what you used in the image, then end with a confidence score from 0 to 1."
optical_illusion_2801_open_q1,optical_illusion_2801.png,"Compare the actual central elements A and B, ignoring apparent size. Answer A larger, B larger, or equal. Explain briefly what you used in the image, then end with a confidence score from 0 to 1."
optical_illusion_2802_open_q1,optical_illusion_2802.png,"Compare the actual central elements A and B, ignoring apparent size. Answer A larger, B larger, or equal. Explain briefly what you used in the image, then end with a confidence score from 0 to 1."
optical_illusion_2803_open_q1,optical_illusion_2803.png,"Compare the actual central elements A and B, ignoring apparent size. Answer A larger, B larger, or equal. Explain briefly what you used in the image, then end with a confidence score from 0 to 1."
optical_illusion_2804_open_q1,optical_illusion_2804.png,"Compare the actual central elements A and B, ignoring apparent size. Answer A larger, B larger, or equal. Explain briefly what you used in the image, then end with a confidence score from 0 to 1."
optical_illusion_2805_open_q1,optical_illusion_2805.png,"Compare the actual central elements A and B, ignoring apparent size. Answer A larger, B larger, or equal. Explain briefly what you used in the image, then end with a confidence score from 0 to 1."
optical_illusion_2806_open_q1,optical_illusion_2806.png,"Compare the actual central elements A and B, ignoring apparent size. Answer A larger, B larger, or equal. Explain briefly what you used in the image, then end with a confidence score from 0 to 1."
optical_illusion_2807_open_q1,optical_illusion_2807.png,"Compare the actual central elements A and B, ignoring apparent size. Answer A larger, B larger, or equal. Explain briefly what you used in the image, then end with a confidence score from 0 to 1."
optical_illusion_2808_open_q1,optical_illusion_2808.png,"Compare the actual central elements A and B, ignoring apparent size. Answer A larger, B larger, or equal. Explain briefly what you used in the image, then end with a confidence score from 0 to 1."
optical_illusion_2809_open_q1,optical_illusion_2809.png,"Compare the actual central elements A and B, ignoring apparent size. Answer A larger, B larger, or equal. Explain briefly what you used in the image, then end with a confidence score from 0 to 1."
optical_illusion_2810_open_q1,optical_illusion_2810.png,"Compare the actual central elements A and B, ignoring apparent size. Answer A larger, B larger, or equal. Explain briefly what you used in the image, then end with a confidence score from 0 to 1."
optical_illusion_2811_open_q1,optical_illusion_2811.png,"Compare the actual central elements A and B, ignoring apparent size. Answer A larger, B larger, or equal. Explain briefly what you used in the image, then end with a confidence score from 0 to 1."
optical_illusion_2812_open_q1,optical_illusion_2812.png,"Compare the actual central elements A and B, ignoring apparent size. Answer A larger, B larger, or equal. Explain briefly what you used in the image, then end with a confidence score from 0 to 1."
optical_illusion_2813_open_q1,optical_illusion_2813.png,"Compare the actual central elements A and B, ignoring apparent size. Answer A larger, B larger, or equal. Explain briefly what you used in the image, then end with a confidence score from 0 to 1."
optical_illusion_2814_open_q1,optical_illusion_2814.png,"Compare the actual central elements A and B, ignoring apparent size. Answer A larger, B larger, or equal. Explain briefly what you used in the image, then end with a confidence score from 0 to 1."
optical_illusion_2815_open_q1,optical_illusion_2815.png,"Compare the actual central elements A and B, ignoring apparent size. Answer A larger, B larger, or equal. Explain briefly what you used in the image, then end with a confidence score from 0 to 1."
optical_illusion_2816_open_q1,optical_illusion_2816.png,"Compare the actual central elements A and B, ignoring apparent size. Answer A larger, B larger, or equal. Explain briefly what you used in the image, then end with a confidence score from 0 to 1."
optical_illusion_2817_open_q1,optical_illusion_2817.png,"Compare the actual central elements A and B, ignoring apparent size. Answer A larger, B larger, or equal. Explain briefly what you used in the image, then end with a confidence score from 0 to 1."
optical_illusion_2818_open_q1,optical_illusion_2818.png,"Compare the actual central elements A and B, ignoring apparent size. Answer A larger, B larger, or equal. Explain briefly what you used in the image, then end with a confidence score from 0 to 1."
optical_illusion_2819_open_q1,optical_illusion_2819.png,"Compare the actual central elements A and B, ignoring apparent size. Answer A larger, B larger, or equal. Explain briefly what you used in the image, then end with a confidence score from 0 to 1."
optical_illusion_2820_open_q1,optical_illusion_2820.png,"Compare the actual central elements A and B, ignoring apparent size. Answer A larger, B larger, or equal. Explain briefly what you used in the image, then end with a confidence score from 0 to 1."
optical_illusion_2821_open_q1,optical_illusion_2821.png,"Compare the actual central elements A and B, ignoring apparent size. Answer A larger, B larger, or equal. Explain briefly what you used in the image, then end with a confidence score from 0 to 1."
optical_illusion_2822_open_q1,optical_illusion_2822.png,"Compare the actual central elements A and B, ignoring apparent size. Answer A larger, B larger, or equal. Explain briefly what you used in the image, then end with a confidence score from 0 to 1."
optical_illusion_2823_open_q1,optical_illusion_2823.png,"Compare the actual central elements A and B, ignoring apparent size. Answer A larger, B larger, or equal. Explain briefly what you used in the image, then end with a confidence score from 0 to 1."
optical_illusion_2824_open_q1,optical_illusion_2824.png,"Compare the actual central elements A and B, ignoring apparent size. Answer A larger, B larger, or equal. Explain briefly what you used in the image, then end with a confidence score from 0 to 1."
optical_illusion_2825_open_q1,optical_illusion_2825.png,"Compare the actual central elements A and B, ignoring apparent size. Answer A larger, B larger, or equal. Explain briefly what you used in the image, then end with a confidence score from 0 to 1."
optical_illusion_2826_open_q1,optical_illusion_2826.png,"Compare the actual central elements A and B, ignoring apparent size. Answer A larger, B larger, or equal. Explain briefly what you used in the image, then end with a confidence score from 0 to 1."
optical_illusion_2827_open_q1,optical_illusion_2827.png,"Compare the actual central elements A and B, ignoring apparent size. Answer A larger, B larger, or equal. Explain briefly what you used in the image, then end with a confidence score from 0 to 1."
optical_illusion_2828_open_q1,optical_illusion_2828.png,"Compare the actual central elements A and B, ignoring apparent size. Answer A larger, B larger, or equal. Explain briefly what you used in the image, then end with a confidence score from 0 to 1."
optical_illusion_2829_open_q1,optical_illusion_2829.png,"Compare the actual central elements A and B, ignoring apparent size. Answer A larger, B larger, or equal. Explain briefly what you used in the image, then end with a confidence score from 0 to 1."
optical_illusion_2830_open_q1,optical_illusion_2830.png,"Compare the actual central elements A and B, ignoring apparent size. Answer A larger, B larger, or equal. Explain briefly what you used in the image, then end with a confidence score from 0 to 1."
optical_illusion_2831_open_q1,optical_illusion_2831.png,"Compare the actual central elements A and B, ignoring apparent size. Answer A larger, B larger, or equal. Explain briefly what you used in the image, then end with a confidence score from 0 to 1."
optical_illusion_2832_open_q1,optical_illusion_2832.png,"Compare the actual central elements A and B, ignoring apparent size. Answer A larger, B larger, or equal. Explain briefly what you used in the image, then end with a confidence score from 0 to 1."
optical_illusion_2833_open_q1,optical_illusion_2833.png,"Compare the actual central elements A and B, ignoring apparent size. Answer A larger, B larger, or equal. Explain briefly what you used in the image, then end with a confidence score from 0 to 1."
optical_illusion_2834_open_q1,optical_illusion_2834.png,"Compare the actual central elements A and B, ignoring apparent size. Answer A larger, B larger, or equal. Explain briefly what you used in the image, then end with a confidence score from 0 to 1."
optical_illusion_2835_open_q1,optical_illusion_2835.png,"Compare the actual central elements A and B, ignoring apparent size. Answer A larger, B larger, or equal. Explain briefly what you used in the image, then end with a confidence score from 0 to 1."
optical_illusion_2836_open_q1,optical_illusion_2836.png,"Compare the actual central elements A and B, ignoring apparent size. Answer A larger, B larger, or equal. Explain briefly what you used in the image, then end with a confidence score from 0 to 1."
optical_illusion_2837_open_q1,optical_illusion_2837.png,"Compare the actual central elements A and B, ignoring apparent size. Answer A larger, B larger, or equal. Explain briefly what you used in the image, then end with a confidence score from 0 to 1."
optical_illusion_2838_open_q1,optical_illusion_2838.png,"Compare the actual central elements A and B, ignoring apparent size. Answer A larger, B larger, or equal. Explain briefly what you used in the image, then end with a confidence score from 0 to 1."
optical_illusion_2839_open_q1,optical_illusion_2839.png,"Compare the actual central elements A and B, ignoring apparent size. Answer A larger, B larger, or equal. Explain briefly what you used in the image, then end with a confidence score from 0 to 1."
optical_illusion_2840_open_q1,optical_illusion_2840.png,"Compare the actual central elements A and B, ignoring apparent size. Answer A larger, B larger, or equal. Explain briefly what you used in the image, then end with a confidence score from 0 to 1."
optical_illusion_2841_open_q1,optical_illusion_2841.png,"Compare the actual central elements A and B, ignoring apparent size. Answer A larger, B larger, or equal. Explain briefly what you used in the image, then end with a confidence score from 0 to 1."
optical_illusion_2842_open_q1,optical_illusion_2842.png,"Compare the actual central elements A and B, ignoring apparent size. Answer A larger, B larger, or equal. Explain briefly what you used in the image, then end with a confidence score from 0 to 1."
optical_illusion_2843_open_q1,optical_illusion_2843.png,"Compare the actual central elements A and B, ignoring apparent size. Answer A larger, B larger, or equal. Explain briefly what you used in the image, then end with a confidence score from 0 to 1."
optical_illusion_2844_open_q1,optical_illusion_2844.png,"Compare the actual central elements A and B, ignoring apparent size. Answer A larger, B larger, or equal. Explain briefly what you used in the image, then end with a confidence score from 0 to 1."
optical_illusion_2845_open_q1,optical_illusion_2845.png,"Compare the actual central elements A and B, ignoring apparent size. Answer A larger, B larger, or equal. Explain briefly what you used in the image, then end with a confidence score from 0 to 1."
optical_illusion_2846_open_q1,optical_illusion_2846.png,"Compare the actual central elements A and B, ignoring apparent size. Answer A larger, B larger, or equal. Explain briefly what you used in the image, then end with a confidence score from 0 to 1."
optical_illusion_2847_open_q1,optical_illusion_2847.png,"Compare the actual central elements A and B, ignoring apparent size. Answer A larger, B larger, or equal. Explain briefly what you used in the image, then end with a confidence score from 0 to 1."
optical_illusion_2848_open_q1,optical_illusion_2848.png,"Compare the actual central elements A and B, ignoring apparent size. Answer A larger, B larger, or equal. Explain briefly what you used in the image, then end with a confidence score from 0 to 1."
optical_illusion_2849_open_q1,optical_illusion_2849.png,"Compare the actual central elements A and B, ignoring apparent size. Answer A larger, B larger, or equal. Explain briefly what you used in the image, then end with a confidence score from 0 to 1."
optical_illusion_2850_open_q1,optical_illusion_2850.png,"Compare the actual central elements A and B, ignoring apparent size. Answer A larger, B larger, or equal. Explain briefly what you used in the image, then end with a confidence score from 0 to 1."
optical_illusion_2851_open_q1,optical_illusion_2851.png,"Compare the actual central elements A and B, ignoring apparent size. Answer A larger, B larger, or equal. Explain briefly what you used in the image, then end with a confidence score from 0 to 1."
optical_illusion_2852_open_q1,optical_illusion_2852.png,"Compare the actual central elements A and B, ignoring apparent size. Answer A larger, B larger, or equal. Explain briefly what you used in the image, then end with a confidence score from 0 to 1."
optical_illusion_2853_open_q1,optical_illusion_2853.png,"Compare the actual central elements A and B, ignoring apparent size. Answer A larger, B larger, or equal. Explain briefly what you used in the image, then end with a confidence score from 0 to 1."
optical_illusion_2854_open_q1,optical_illusion_2854.png,"Compare the actual central elements A and B, ignoring apparent size. Answer A larger, B larger, or equal. Explain briefly what you used in the image, then end with a confidence score from 0 to 1."
optical_illusion_2855_open_q1,optical_illusion_2855.png,"Compare the actual central elements A and B, ignoring apparent size. Answer A larger, B larger, or equal. Explain briefly what you used in the image, then end with a confidence score from 0 to 1."
optical_illusion_2856_open_q1,optical_illusion_2856.png,"Compare the actual central elements A and B, ignoring apparent size. Answer A larger, B larger, or equal. Explain briefly what you used in the image, then end with a confidence score from 0 to 1."
optical_illusion_2857_open_q1,optical_illusion_2857.png,"Compare the actual central elements A and B, ignoring apparent size. Answer A larger, B larger, or equal. Explain briefly what you used in the image, then end with a confidence score from 0 to 1."
optical_illusion_2858_open_q1,optical_illusion_2858.png,"Compare the actual central elements A and B, ignoring apparent size. Answer A larger, B larger, or equal. Explain briefly what you used in the image, then end with a confidence score from 0 to 1."
optical_illusion_2859_open_q1,optical_illusion_2859.png,"Compare the actual central elements A and B, ignoring apparent size. Answer A larger, B larger, or equal. Explain briefly what you used in the image, then end with a confidence score from 0 to 1."
optical_illusion_2860_open_q1,optical_illusion_2860.png,"Compare the actual central elements A and B, ignoring apparent size. Answer A larger, B larger, or equal. Explain briefly what you used in the image, then end with a confidence score from 0 to 1."
optical_illusion_2861_open_q1,optical_illusion_2861.png,"Compare the actual central elements A and B, ignoring apparent size. Answer A larger, B larger, or equal. Explain briefly what you used in the image, then end with a confidence score from 0 to 1."
optical_illusion_2862_open_q1,optical_illusion_2862.png,"Compare the actual central elements A and B, ignoring apparent size. Answer A larger, B larger, or equal. Explain briefly what you used in the image, then end with a confidence score from 0 to 1."
optical_illusion_2863_open_q1,optical_illusion_2863.png,"Compare the actual central elements A and B, ignoring apparent size. Answer A larger, B larger, or equal. Explain briefly what you used in the image, then end with a confidence score from 0 to 1."
optical_illusion_2864_open_q1,optical_illusion_2864.png,"Compare the actual central elements A and B, ignoring apparent size. Answer A larger, B larger, or equal. Explain briefly what you used in the image, then end with a confidence score from 0 to 1."
optical_illusion_2865_open_q1,optical_illusion_2865.png,"Compare the actual central elements A and B, ignoring apparent size. Answer A larger, B larger, or equal. Explain briefly what you used in the image, then end with a confidence score from 0 to 1."
optical_illusion_2866_open_q1,optical_illusion_2866.png,"Compare the actual central elements A and B, ignoring apparent size. Answer A larger, B larger, or equal. Explain briefly what you used in the image, then end with a confidence score from 0 to 1."
optical_illusion_2867_open_q1,optical_illusion_2867.png,"Compare the actual central elements A and B, ignoring apparent size. Answer A larger, B larger, or equal. Explain briefly what you used in the image, then end with a confidence score from 0 to 1."
optical_illusion_2868_open_q1,optical_illusion_2868.png,"Compare the actual central elements A and B, ignoring apparent size. Answer A larger, B larger, or equal. Explain briefly what you used in the image, then end with a confidence score from 0 to 1."
optical_illusion_2869_open_q1,optical_illusion_2869.png,"Compare the actual central elements A and B, ignoring apparent size. Answer A larger, B larger, or equal. Explain briefly what you used in the image, then end with a confidence score from 0 to 1."
optical_illusion_2870_open_q1,optical_illusion_2870.png,"Compare the actual central elements A and B, ignoring apparent size. Answer A larger, B larger, or equal. Explain briefly what you used in the image, then end with a confidence score from 0 to 1."
optical_illusion_2871_open_q1,optical_illusion_2871.png,"Compare the actual central elements A and B, ignoring apparent size. Answer A larger, B larger, or equal. Explain briefly what you used in the image, then end with a confidence score from 0 to 1."
optical_illusion_2872_open_q1,optical_illusion_2872.png,"Compare the actual central elements A and B, ignoring apparent size. Answer A larger, B larger, or equal. Explain briefly what you used in the image, then end with a confidence score from 0 to 1."
optical_illusion_2873_open_q1,optical_illusion_2873.png,"Compare the actual central elements A and B, ignoring apparent size. Answer A larger, B larger, or equal. Explain briefly what you used in the image, then end with a confidence score from 0 to 1."
optical_illusion_2874_open_q1,optical_illusion_2874.png,"Compare the actual central elements A and B, ignoring apparent size. Answer A larger, B larger, or equal. Explain briefly what you used in the image, then end with a confidence score from 0 to 1."
optical_illusion_2875_open_q1,optical_illusion_2875.png,"Compare the actual central elements A and B, ignoring apparent size. Answer A larger, B larger, or equal. Explain briefly what you used in the image, then end with a confidence score from 0 to 1."
optical_illusion_2876_open_q1,optical_illusion_2876.png,"Compare the actual central elements A and B, ignoring apparent size. Answer A larger, B larger, or equal. Explain briefly what you used in the image, then end with a confidence score from 0 to 1."
optical_illusion_2877_open_q1,optical_illusion_2877.png,"Compare the actual central elements A and B, ignoring apparent size. Answer A larger, B larger, or equal. Explain briefly what you used in the image, then end with a confidence score from 0 to 1."
optical_illusion_2878_open_q1,optical_illusion_2878.png,"Compare the actual central elements A and B, ignoring apparent size. Answer A larger, B larger, or equal. Explain briefly what you used in the image, then end with a confidence score from 0 to 1."
optical_illusion_2879_open_q1,optical_illusion_2879.png,"Compare the actual central elements A and B, ignoring apparent size. Answer A larger, B larger, or equal. Explain briefly what you used in the image, then end with a confidence score from 0 to 1."
optical_illusion_2880_open_q1,optical_illusion_2880.png,"Compare the actual central elements A and B, ignoring apparent size. Answer A larger, B larger, or equal. Explain briefly what you used in the image, then end with a confidence score from 0 to 1."
optical_illusion_2881_open_q1,optical_illusion_2881.png,"Compare the actual central elements A and B, ignoring apparent size. Answer A larger, B larger, or equal. Explain briefly what you used in the image, then end with a confidence score from 0 to 1."
optical_illusion_2882_open_q1,optical_illusion_2882.png,"Compare the actual central elements A and B, ignoring apparent size. Answer A larger, B larger, or equal. Explain briefly what you used in the image, then end with a confidence score from 0 to 1."
optical_illusion_2883_open_q1,optical_illusion_2883.png,"Compare the actual central elements A and B, ignoring apparent size. Answer A larger, B larger, or equal. Explain briefly what you used in the image, then end with a confidence score from 0 to 1."
optical_illusion_2884_open_q1,optical_illusion_2884.png,"Compare the actual central elements A and B, ignoring apparent size. Answer A larger, B larger, or equal. Explain briefly what you used in the image, then end with a confidence score from 0 to 1."
optical_illusion_2885_open_q1,optical_illusion_2885.png,"Compare the actual central elements A and B, ignoring apparent size. Answer A larger, B larger, or equal. Explain briefly what you used in the image, then end with a confidence score from 0 to 1."
optical_illusion_2886_open_q1,optical_illusion_2886.png,"Compare the actual central elements A and B, ignoring apparent size. Answer A larger, B larger, or equal. Explain briefly what you used in the image, then end with a confidence score from 0 to 1."
optical_illusion_2887_open_q1,optical_illusion_2887.png,"Compare the actual central elements A and B, ignoring apparent size. Answer A larger, B larger, or equal. Explain briefly what you used in the image, then end with a confidence score from 0 to 1."
optical_illusion_2888_open_q1,optical_illusion_2888.png,"Compare the actual central elements A and B, ignoring apparent size. Answer A larger, B larger, or equal. Explain briefly what you used in the image, then end with a confidence score from 0 to 1."
optical_illusion_2889_open_q1,optical_illusion_2889.png,"Compare the actual central elements A and B, ignoring apparent size. Answer A larger, B larger, or equal. Explain briefly what you used in the image, then end with a confidence score from 0 to 1."
optical_illusion_2890_open_q1,optical_illusion_2890.png,"Compare the actual central elements A and B, ignoring apparent size. Answer A larger, B larger, or equal. Explain briefly what you used in the image, then end with a confidence score from 0 to 1."
optical_illusion_2891_open_q1,optical_illusion_2891.png,"Compare the actual central elements A and B, ignoring apparent size. Answer A larger, B larger, or equal. Explain briefly what you used in the image, then end with a confidence score from 0 to 1."
optical_illusion_2892_open_q1,optical_illusion_2892.png,"Compare the actual central elements A and B, ignoring apparent size. Answer A larger, B larger, or equal. Explain briefly what you used in the image, then end with a confidence score from 0 to 1."
optical_illusion_2893_open_q1,optical_illusion_2893.png,"Compare the actual central elements A and B, ignoring apparent size. Answer A larger, B larger, or equal. Explain briefly what you used in the image, then end with a confidence score from 0 to 1."
optical_illusion_2894_open_q1,optical_illusion_2894.png,"Compare the actual central elements A and B, ignoring apparent size. Answer A larger, B larger, or equal. Explain briefly what you used in the image, then end with a confidence score from 0 to 1."
optical_illusion_2895_open_q1,optical_illusion_2895.png,"Compare the actual central elements A and B, ignoring apparent size. Answer A larger, B larger, or equal. Explain briefly what you used in the image, then end with a confidence score from 0 to 1."
optical_illusion_2896_open_q1,optical_illusion_2896.png,"Compare the actual central elements A and B, ignoring apparent size. Answer A larger, B larger, or equal. Explain briefly what you used in the image, then end with a confidence score from 0 to 1."
optical_illusion_2897_open_q1,optical_illusion_2897.png,"Compare the actual central elements A and B, ignoring apparent size. Answer A larger, B larger, or equal. Explain briefly what you used in the image, then end with a confidence score from 0 to 1."
optical_illusion_2898_open_q1,optical_illusion_2898.png,"Compare the actual central elements A and B, ignoring apparent size. Answer A larger, B larger, or equal. Explain briefly what you used in the image, then end with a confidence score from 0 to 1."
optical_illusion_2899_open_q1,optical_illusion_2899.png,"Compare the actual central elements A and B, ignoring apparent size. Answer A larger, B larger, or equal. Explain briefly what you used in the image, then end with a confidence score from 0 to 1."
optical_illusion_2900_open_q1,optical_illusion_2900.png,"Compare the actual central elements A and B, ignoring apparent size. Answer A larger, B larger, or equal. Explain briefly what you used in the image, then end with a confidence score from 0 to 1."
optical_illusion_2901_open_q1,optical_illusion_2901.png,"Compare the actual central elements A and B, ignoring apparent size. Answer A larger, B larger, or equal. Explain briefly what you used in the image, then end with a confidence score from 0 to 1."
optical_illusion_2902_open_q1,optical_illusion_2902.png,"Compare the actual central elements A and B, ignoring apparent size. Answer A larger, B larger, or equal. Explain briefly what you used in the image, then end with a confidence score from 0 to 1."
optical_illusion_2903_open_q1,optical_illusion_2903.png,"Compare the actual central elements A and B, ignoring apparent size. Answer A larger, B larger, or equal. Explain briefly what you used in the image, then end with a confidence score from 0 to 1."
optical_illusion_2904_open_q1,optical_illusion_2904.png,"Compare the actual central elements A and B, ignoring apparent size. Answer A larger, B larger, or equal. Explain briefly what you used in the image, then end with a confidence score from 0 to 1."
optical_illusion_2905_open_q1,optical_illusion_2905.png,"Compare the actual central elements A and B, ignoring apparent size. Answer A larger, B larger, or equal. Explain briefly what you used in the image, then end with a confidence score from 0 to 1."
optical_illusion_2906_open_q1,optical_illusion_2906.png,"Compare the actual central elements A and B, ignoring apparent size. Answer A larger, B larger, or equal. Explain briefly what you used in the image, then end with a confidence score from 0 to 1."
optical_illusion_2907_open_q1,optical_illusion_2907.png,"Compare the actual central elements A and B, ignoring apparent size. Answer A larger, B larger, or equal. Explain briefly what you used in the image, then end with a confidence score from 0 to 1."
optical_illusion_2908_open_q1,optical_illusion_2908.png,"Compare the actual central elements A and B, ignoring apparent size. Answer A larger, B larger, or equal. Explain briefly what you used in the image, then end with a confidence score from 0 to 1."
optical_illusion_2909_open_q1,optical_illusion_2909.png,"Compare the actual central elements A and B, ignoring apparent size. Answer A larger, B larger, or equal. Explain briefly what you used in the image, then end with a confidence score from 0 to 1."
optical_illusion_2910_open_q1,optical_illusion_2910.png,"Compare the actual central elements A and B, ignoring apparent size. Answer A larger, B larger, or equal. Explain briefly what you used in the image, then end with a confidence score from 0 to 1."
optical_illusion_2911_open_q1,optical_illusion_2911.png,"Compare the actual central elements A and B, ignoring apparent size. Answer A larger, B larger, or equal. Explain briefly what you used in the image, then end with a confidence score from 0 to 1."
optical_illusion_2912_open_q1,optical_illusion_2912.png,"Compare the actual central elements A and B, ignoring apparent size. Answer A larger, B larger, or equal. Explain briefly what you used in the image, then end with a confidence score from 0 to 1."
optical_illusion_2913_open_q1,optical_illusion_2913.png,"Compare the actual central elements A and B, ignoring apparent size. Answer A larger, B larger, or equal. Explain briefly what you used in the image, then end with a confidence score from 0 to 1."
optical_illusion_2914_open_q1,optical_illusion_2914.png,"Compare the actual central elements A and B, ignoring apparent size. Answer A larger, B larger, or equal. Explain briefly what you used in the image, then end with a confidence score from 0 to 1."
optical_illusion_2915_open_q1,optical_illusion_2915.png,"Compare the actual central elements A and B, ignoring apparent size. Answer A larger, B larger, or equal. Explain briefly what you used in the image, then end with a confidence score from 0 to 1."
optical_illusion_2916_open_q1,optical_illusion_2916.png,"Compare the actual central elements A and B, ignoring apparent size. Answer A larger, B larger, or equal. Explain briefly what you used in the image, then end with a confidence score from 0 to 1."
optical_illusion_2917_open_q1,optical_illusion_2917.png,"Compare the actual central elements A and B, ignoring apparent size. Answer A larger, B larger, or equal. Explain briefly what you used in the image, then end with a confidence score from 0 to 1."
optical_illusion_2918_open_q1,optical_illusion_2918.png,"Compare the actual central elements A and B, ignoring apparent size. Answer A larger, B larger, or equal. Explain briefly what you used in the image, then end with a confidence score from 0 to 1."
optical_illusion_2919_open_q1,optical_illusion_2919.png,"Compare the actual central elements A and B, ignoring apparent size. Answer A larger, B larger, or equal. Explain briefly what you used in the image, then end with a confidence score from 0 to 1."
optical_illusion_2920_open_q1,optical_illusion_2920.png,"Compare the actual central elements A and B, ignoring apparent size. Answer A larger, B larger, or equal. Explain briefly what you used in the image, then end with a confidence score from 0 to 1."
optical_illusion_2921_open_q1,optical_illusion_2921.png,"Compare the actual central elements A and B, ignoring apparent size. Answer A larger, B larger, or equal. Explain briefly what you used in the image, then end with a confidence score from 0 to 1."
optical_illusion_2922_open_q1,optical_illusion_2922.png,"Compare the actual central elements A and B, ignoring apparent size. Answer A larger, B larger, or equal. Explain briefly what you used in the image, then end with a confidence score from 0 to 1."
optical_illusion_2923_open_q1,optical_illusion_2923.png,"Compare the actual central elements A and B, ignoring apparent size. Answer A larger, B larger, or equal. Explain briefly what you used in the image, then end with a confidence score from 0 to 1."
optical_illusion_2924_open_q1,optical_illusion_2924.png,"Compare the actual central elements A and B, ignoring apparent size. Answer A larger, B larger, or equal. Explain briefly what you used in the image, then end with a confidence score from 0 to 1."
optical_illusion_2925_open_q1,optical_illusion_2925.png,"Compare the actual central elements A and B, ignoring apparent size. Answer A larger, B larger, or equal. Explain briefly what you used in the image, then end with a confidence score from 0 to 1."
optical_illusion_2926_open_q1,optical_illusion_2926.png,"Compare the actual central elements A and B, ignoring apparent size. Answer A larger, B larger, or equal. Explain briefly what you used in the image, then end with a confidence score from 0 to 1."
optical_illusion_2927_open_q1,optical_illusion_2927.png,"Compare the actual central elements A and B, ignoring apparent size. Answer A larger, B larger, or equal. Explain briefly what you used in the image, then end with a confidence score from 0 to 1."
optical_illusion_2928_open_q1,optical_illusion_2928.png,"Compare the actual central elements A and B, ignoring apparent size. Answer A larger, B larger, or equal. Explain briefly what you used in the image, then end with a confidence score from 0 to 1."
optical_illusion_2929_open_q1,optical_illusion_2929.png,"Compare the actual central elements A and B, ignoring apparent size. Answer A larger, B larger, or equal. Explain briefly what you used in the image, then end with a confidence score from 0 to 1."
optical_illusion_2930_open_q1,optical_illusion_2930.png,"Compare the actual central elements A and B, ignoring apparent size. Answer A larger, B larger, or equal. Explain briefly what you used in the image, then end with a confidence score from 0 to 1."
optical_illusion_2931_open_q1,optical_illusion_2931.png,"Compare the actual central elements A and B, ignoring apparent size. Answer A larger, B larger, or equal. Explain briefly what you used in the image, then end with a confidence score from 0 to 1."
optical_illusion_2932_open_q1,optical_illusion_2932.png,"Compare the actual central elements A and B, ignoring apparent size. Answer A larger, B larger, or equal. Explain briefly what you used in the image, then end with a confidence score from 0 to 1."
optical_illusion_2933_open_q1,optical_illusion_2933.png,"Compare the actual central elements A and B, ignoring apparent size. Answer A larger, B larger, or equal. Explain briefly what you used in the image, then end with a confidence score from 0 to 1."
optical_illusion_2934_open_q1,optical_illusion_2934.png,"Compare the actual central elements A and B, ignoring apparent size. Answer A larger, B larger, or equal. Explain briefly what you used in the image, then end with a confidence score from 0 to 1."
optical_illusion_2935_open_q1,optical_illusion_2935.png,"Compare the actual central elements A and B, ignoring apparent size. Answer A larger, B larger, or equal. Explain briefly what you used in the image, then end with a confidence score from 0 to 1."
optical_illusion_2936_open_q1,optical_illusion_2936.png,"Compare the actual central elements A and B, ignoring apparent size. Answer A larger, B larger, or equal. Explain briefly what you used in the image, then end with a confidence score from 0 to 1."
optical_illusion_2937_open_q1,optical_illusion_2937.png,"Compare the actual central elements A and B, ignoring apparent size. Answer A larger, B larger, or equal. Explain briefly what you used in the image, then end with a confidence score from 0 to 1."
optical_illusion_2938_open_q1,optical_illusion_2938.png,"Compare the actual central elements A and B, ignoring apparent size. Answer A larger, B larger, or equal. Explain briefly what you used in the image, then end with a confidence score from 0 to 1."
optical_illusion_2939_open_q1,optical_illusion_2939.png,"Compare the actual central elements A and B, ignoring apparent size. Answer A larger, B larger, or equal. Explain briefly what you used in the image, then end with a confidence score from 0 to 1."
optical_illusion_2940_open_q1,optical_illusion_2940.png,"Compare the actual central elements A and B, ignoring apparent size. Answer A larger, B larger, or equal. Explain briefly what you used in the image, then end with a confidence score from 0 to 1."
optical_illusion_2941_open_q1,optical_illusion_2941.png,"Compare the actual central elements A and B, ignoring apparent size. Answer A larger, B larger, or equal. Explain briefly what you used in the image, then end with a confidence score from 0 to 1."
optical_illusion_2942_open_q1,optical_illusion_2942.png,"Compare the actual central elements A and B, ignoring apparent size. Answer A larger, B larger, or equal. Explain briefly what you used in the image, then end with a confidence score from 0 to 1."
optical_illusion_2943_open_q1,optical_illusion_2943.png,"Compare the actual central elements A and B, ignoring apparent size. Answer A larger, B larger, or equal. Explain briefly what you used in the image, then end with a confidence score from 0 to 1."
optical_illusion_2944_open_q1,optical_illusion_2944.png,"Compare the actual central elements A and B, ignoring apparent size. Answer A larger, B larger, or equal. Explain briefly what you used in the image, then end with a confidence score from 0 to 1."
optical_illusion_2945_open_q1,optical_illusion_2945.png,"Compare the actual central elements A and B, ignoring apparent size. Answer A larger, B larger, or equal. Explain briefly what you used in the image, then end with a confidence score from 0 to 1."
optical_illusion_2946_open_q1,optical_illusion_2946.png,"Compare the actual central elements A and B, ignoring apparent size. Answer A larger, B larger, or equal. Explain briefly what you used in the image, then end with a confidence score from 0 to 1."
optical_illusion_2947_open_q1,optical_illusion_2947.png,"Compare the actual central elements A and B, ignoring apparent size. Answer A larger, B larger, or equal. Explain briefly what you used in the image, then end with a confidence score from 0 to 1."
optical_illusion_2948_open_q1,optical_illusion_2948.png,"Compare the actual central elements A and B, ignoring apparent size. Answer A larger, B larger, or equal. Explain briefly what you used in the image, then end with a confidence score from 0 to 1."
optical_illusion_2949_open_q1,optical_illusion_2949.png,"Compare the actual central elements A and B, ignoring apparent size. Answer A larger, B larger, or equal. Explain briefly what you used in the image, then end with a confidence score from 0 to 1."
optical_illusion_2950_open_q1,optical_illusion_2950.png,"Compare the actual central elements A and B, ignoring apparent size. Answer A larger, B larger, or equal. Explain briefly what you used in the image, then end with a confidence score from 0 to 1."
optical_illusion_2951_open_q1,optical_illusion_2951.png,"Compare the actual central elements A and B, ignoring apparent size. Answer A larger, B larger, or equal. Explain briefly what you used in the image, then end with a confidence score from 0 to 1."
optical_illusion_2952_open_q1,optical_illusion_2952.png,"Compare the actual central elements A and B, ignoring apparent size. Answer A larger, B larger, or equal. Explain briefly what you used in the image, then end with a confidence score from 0 to 1."
optical_illusion_2953_open_q1,optical_illusion_2953.png,"Compare the actual central elements A and B, ignoring apparent size. Answer A larger, B larger, or equal. Explain briefly what you used in the image, then end with a confidence score from 0 to 1."
optical_illusion_2954_open_q1,optical_illusion_2954.png,"Compare the actual central elements A and B, ignoring apparent size. Answer A larger, B larger, or equal. Explain briefly what you used in the image, then end with a confidence score from 0 to 1."
optical_illusion_2955_open_q1,optical_illusion_2955.png,"Compare the actual central elements A and B, ignoring apparent size. Answer A larger, B larger, or equal. Explain briefly what you used in the image, then end with a confidence score from 0 to 1."
optical_illusion_2956_open_q1,optical_illusion_2956.png,"Compare the actual central elements A and B, ignoring apparent size. Answer A larger, B larger, or equal. Explain briefly what you used in the image, then end with a confidence score from 0 to 1."
optical_illusion_2957_open_q1,optical_illusion_2957.png,"Compare the actual central elements A and B, ignoring apparent size. Answer A larger, B larger, or equal. Explain briefly what you used in the image, then end with a confidence score from 0 to 1."
optical_illusion_2958_open_q1,optical_illusion_2958.png,"Compare the actual central elements A and B, ignoring apparent size. Answer A larger, B larger, or equal. Explain briefly what you used in the image, then end with a confidence score from 0 to 1."
optical_illusion_2959_open_q1,optical_illusion_2959.png,"Compare the actual central elements A and B, ignoring apparent size. Answer A larger, B larger, or equal. Explain briefly what you used in the image, then end with a confidence score from 0 to 1."
optical_illusion_2960_open_q1,optical_illusion_2960.png,"Compare the actual central elements A and B, ignoring apparent size. Answer A larger, B larger, or equal. Explain briefly what you used in the image, then end with a confidence score from 0 to 1."
optical_illusion_2961_open_q1,optical_illusion_2961.png,"Compare the actual central elements A and B, ignoring apparent size. Answer A larger, B larger, or equal. Explain briefly what you used in the image, then end with a confidence score from 0 to 1."
optical_illusion_2962_open_q1,optical_illusion_2962.png,"Compare the actual central elements A and B, ignoring apparent size. Answer A larger, B larger, or equal. Explain briefly what you used in the image, then end with a confidence score from 0 to 1."
optical_illusion_2963_open_q1,optical_illusion_2963.png,"Compare the actual central elements A and B, ignoring apparent size. Answer A larger, B larger, or equal. Explain briefly what you used in the image, then end with a confidence score from 0 to 1."
optical_illusion_2964_open_q1,optical_illusion_2964.png,"Compare the actual central elements A and B, ignoring apparent size. Answer A larger, B larger, or equal. Explain briefly what you used in the image, then end with a confidence score from 0 to 1."
optical_illusion_2965_open_q1,optical_illusion_2965.png,"Compare the actual central elements A and B, ignoring apparent size. Answer A larger, B larger, or equal. Explain briefly what you used in the image, then end with a confidence score from 0 to 1."
optical_illusion_2966_open_q1,optical_illusion_2966.png,"Compare the actual central elements A and B, ignoring apparent size. Answer A larger, B larger, or equal. Explain briefly what you used in the image, then end with a confidence score from 0 to 1."
optical_illusion_2967_open_q1,optical_illusion_2967.png,"Compare the actual central elements A and B, ignoring apparent size. Answer A larger, B larger, or equal. Explain briefly what you used in the image, then end with a confidence score from 0 to 1."
optical_illusion_2968_open_q1,optical_illusion_2968.png,"Compare the actual central elements A and B, ignoring apparent size. Answer A larger, B larger, or equal. Explain briefly what you used in the image, then end with a confidence score from 0 to 1."
optical_illusion_2969_open_q1,optical_illusion_2969.png,"Compare the actual central elements A and B, ignoring apparent size. Answer A larger, B larger, or equal. Explain briefly what you used in the image, then end with a confidence score from 0 to 1."
optical_illusion_2970_open_q1,optical_illusion_2970.png,"Compare the actual central elements A and B, ignoring apparent size. Answer A larger, B larger, or equal. Explain briefly what you used in the image, then end with a confidence score from 0 to 1."
optical_illusion_2971_open_q1,optical_illusion_2971.png,"Compare the actual central elements A and B, ignoring apparent size. Answer A larger, B larger, or equal. Explain briefly what you used in the image, then end with a confidence score from 0 to 1."
optical_illusion_2972_open_q1,optical_illusion_2972.png,"Compare the actual central elements A and B, ignoring apparent size. Answer A larger, B larger, or equal. Explain briefly what you used in the image, then end with a confidence score from 0 to 1."
optical_illusion_2973_open_q1,optical_illusion_2973.png,"Compare the actual central elements A and B, ignoring apparent size. Answer A larger, B larger, or equal. Explain briefly what you used in the image, then end with a confidence score from 0 to 1."
optical_illusion_2974_open_q1,optical_illusion_2974.png,"Compare the actual central elements A and B, ignoring apparent size. Answer A larger, B larger, or equal. Explain briefly what you used in the image, then end with a confidence score from 0 to 1."
optical_illusion_2975_open_q1,optical_illusion_2975.png,"Compare the actual central elements A and B, ignoring apparent size. Answer A larger, B larger, or equal. Explain briefly what you used in the image, then end with a confidence score from 0 to 1."
optical_illusion_2976_open_q1,optical_illusion_2976.png,"Compare the actual central elements A and B, ignoring apparent size. Answer A larger, B larger, or equal. Explain briefly what you used in the image, then end with a confidence score from 0 to 1."
optical_illusion_2977_open_q1,optical_illusion_2977.png,"Compare the actual central elements A and B, ignoring apparent size. Answer A larger, B larger, or equal. Explain briefly what you used in the image, then end with a confidence score from 0 to 1."
optical_illusion_2978_open_q1,optical_illusion_2978.png,"Compare the actual central elements A and B, ignoring apparent size. Answer A larger, B larger, or equal. Explain briefly what you used in the image, then end with a confidence score from 0 to 1."
optical_illusion_2979_open_q1,optical_illusion_2979.png,"Compare the actual central elements A and B, ignoring apparent size. Answer A larger, B larger, or equal. Explain briefly what you used in the image, then end with a confidence score from 0 to 1."
optical_illusion_2980_open_q1,optical_illusion_2980.png,"Compare the actual central elements A and B, ignoring apparent size. Answer A larger, B larger, or equal. Explain briefly what you used in the image, then end with a confidence score from 0 to 1."
optical_illusion_2981_open_q1,optical_illusion_2981.png,"Compare the actual central elements A and B, ignoring apparent size. Answer A larger, B larger, or equal. Explain briefly what you used in the image, then end with a confidence score from 0 to 1."
optical_illusion_2982_open_q1,optical_illusion_2982.png,"Compare the actual central elements A and B, ignoring apparent size. Answer A larger, B larger, or equal. Explain briefly what you used in the image, then end with a confidence score from 0 to 1."
optical_illusion_2983_open_q1,optical_illusion_2983.png,"Compare the actual central elements A and B, ignoring apparent size. Answer A larger, B larger, or equal. Explain briefly what you used in the image, then end with a confidence score from 0 to 1."
optical_illusion_2984_open_q1,optical_illusion_2984.png,"Compare the actual central elements A and B, ignoring apparent size. Answer A larger, B larger, or equal. Explain briefly what you used in the image, then end with a confidence score from 0 to 1."
optical_illusion_2985_open_q1,optical_illusion_2985.png,"Compare the actual central elements A and B, ignoring apparent size. Answer A larger, B larger, or equal. Explain briefly what you used in the image, then end with a confidence score from 0 to 1."
optical_illusion_2986_open_q1,optical_illusion_2986.png,"Compare the actual central elements A and B, ignoring apparent size. Answer A larger, B larger, or equal. Explain briefly what you used in the image, then end with a confidence score from 0 to 1."
optical_illusion_2987_open_q1,optical_illusion_2987.png,"Compare the actual central elements A and B, ignoring apparent size. Answer A larger, B larger, or equal. Explain briefly what you used in the image, then end with a confidence score from 0 to 1."
optical_illusion_2988_open_q1,optical_illusion_2988.png,"Compare the actual central elements A and B, ignoring apparent size. Answer A larger, B larger, or equal. Explain briefly what you used in the image, then end with a confidence score from 0 to 1."
optical_illusion_2989_open_q1,optical_illusion_2989.png,"Compare the actual central elements A and B, ignoring apparent size. Answer A larger, B larger, or equal. Explain briefly what you used in the image, then end with a confidence score from 0 to 1."
optical_illusion_2990_open_q1,optical_illusion_2990.png,"Compare the actual central elements A and B, ignoring apparent size. Answer A larger, B larger, or equal. Explain briefly what you used in the image, then end with a confidence score from 0 to 1."
optical_illusion_2991_open_q1,optical_illusion_2991.png,"Compare the actual central elements A and B, ignoring apparent size. Answer A larger, B larger, or equal. Explain briefly what you used in the image, then end with a confidence score from 0 to 1."
optical_illusion_2992_open_q1,optical_illusion_2992.png,"Compare the actual central elements A and B, ignoring apparent size. Answer A larger, B larger, or equal. Explain briefly what you used in the image, then end with a confidence score from 0 to 1."
optical_illusion_2993_open_q1,optical_illusion_2993.png,"Compare the actual central elements A and B, ignoring apparent size. Answer A larger, B larger, or equal. Explain briefly what you used in the image, then end with a confidence score from 0 to 1."
optical_illusion_2994_open_q1,optical_illusion_2994.png,"Compare the actual central elements A and B, ignoring apparent size. Answer A larger, B larger, or equal. Explain briefly what you used in the image, then end with a confidence score from 0 to 1."
optical_illusion_2995_open_q1,optical_illusion_2995.png,"Compare the actual central elements A and B, ignoring apparent size. Answer A larger, B larger, or equal. Explain briefly what you used in the image, then end with a confidence score from 0 to 1."
optical_illusion_2996_open_q1,optical_illusion_2996.png,"Compare the actual central elements A and B, ignoring apparent size. Answer A larger, B larger, or equal. Explain briefly what you used in the image, then end with a confidence score from 0 to 1."
optical_illusion_2997_open_q1,optical_illusion_2997.png,"Compare the actual central elements A and B, ignoring apparent size. Answer A larger, B larger, or equal. Explain briefly what you used in the image, then end with a confidence score from 0 to 1."
optical_illusion_2998_open_q1,optical_illusion_2998.png,"Compare the actual central elements A and B, ignoring apparent size. Answer A larger, B larger, or equal. Explain briefly what you used in the image, then end with a confidence score from 0 to 1."
optical_illusion_2999_open_q1,optical_illusion_2999.png,"Compare the actual central elements A and B, ignoring apparent size. Answer A larger, B larger, or equal. Explain briefly what you used in the image, then end with a confidence score from 0 to 1."
optical_illusion_3000_open_q1,optical_illusion_3000.png,"Compare the actual central elements A and B, ignoring apparent size. Answer A larger, B larger, or equal. Explain briefly what you used in the image, then end with a confidence score from 0 to 1."
