question_id,image,prompt
compass_bearing_0001_open_q1,compass_bearing_0001.png,"Read the compass rose in the corner, then compare the straight-line displacement between every pair of landmarks: name the two landmarks that lie closest together, and give the compass direction from the alphabetically earlier of them to the other, using only north, north-east, east, south-east, south, south-west, west or north-west. State your conclusion, justify it by describing the displacements you compared, and end with a confidence score from 0 to 1."
compass_bearing_0008_open_q1,compass_bearing_0008.png,"Read the compass rose in the corner, then compare the straight-line displacement between every pair of landmarks: name the two landmarks that lie closest together, and give the compass direction from the alphabetically earlier of them to the other, using only north, north-east, east, south-east, south, south-west, west or north-west. State your conclusion, justify it by describing the displacements you compared, and end with a confidence score from 0 to 1."
compass_bearing_0010_open_q1,compass_bearing_0010.png,"Read the compass rose in the corner, then compare the straight-line displacement between every pair of landmarks: name the two landmarks that lie closest together, and give the compass direction from the alphabetically earlier of them to the other, using only north, north-east, east, south-east, south, south-west, west or north-west. State your conclusion, justify it by describing the displacements you compared, and end with a confidence score from 0 to 1."
compass_bearing_0015_open_q1,compass_bearing_0015.png,"Read the compass rose in the corner, then compare the straight-line displacement between every pair of landmarks: name the two landmarks that lie closest together, and give the compass direction from the alphabetically earlier of them to the other, using only north, north-east, east, south-east, south, south-west, west or north-west. State your conclusion, justify it by describing the displacements you compared, and end with a confidence score from 0 to 1."
compass_bearing_0017_open_q1,compass_bearing_0017.png,"Read the compass rose in the corner, then compare the straight-line displacement between every pair of landmarks: name the two landmarks that lie closest together, and give the compass direction from the alphabetically earlier of them to the other, using only north, north-east, east, south-east, south, south-west, west or north-west. State your conclusion, justify it by describing the displacements you compared, and end with a confidence score from 0 to 1."
compass_bearing_0019_open_q1,compass_bearing_0019.png,"Read the compass rose in the corner, then compare the straight-line displacement between every pair of landmarks: name the two landmarks that lie closest together, and give the compass direction from the alphabetically earlier of them to the other, using only north, north-east, east, south-east, south, south-west, west or north-west. State your conclusion, justify it by describing the displacements you compared, and end with a confidence score from 0 to 1."
compass_bearing_0024_open_q1,compass_bearing_0024.png,"Read the compass rose in the corner, then compare the straight-line displacement between every pair of landmarks: name the two landmarks that lie closest together, and give the compass direction from the alphabetically earlier of them to the other, using only north, north-east, east, south-east, south, south-west, west or north-west. State your conclusion, justify it by describing the displacements you compared, and end with a confidence score from 0 to 1."
compass_bearing_0026_open_q1,compass_bearing_0026.png,"Read the compass rose in the corner, then compare the straight-line displacement between every pair of landmarks: name the two landmarks that lie closest together, and give the compass direction from the alphabetically earlier of them to the other, using only north, north-east, east, south-east, south, south-west, west or north-west. State your conclusion, justify it by describing the displacements you compared, and end with a confidence score from 0 to 1."
compass_bearing_0029_open_q1,compass_bearing_0029.png,"Read the compass rose in the corner, then compare the straight-line displacement between every pair of landmarks: name the two landmarks that lie closest together, and give the compass direction from the alphabetically earlier of them to the other, using only north, north-east, east, south-east, south, south-west, west or north-west. State your conclusion, justify it by describing the displacements you compared, and end with a confidence score from 0 to 1."
compass_bearing_0030_open_q1,compass_bearing_0030.png,"Read the compass rose in the corner, then compare the straight-line displacement between every pair of landmarks: name the two landmarks that lie closest together, and give the compass direction from the alphabetically earlier of them to the other, using only north, north-east, east, south-east, south, south-west, west or north-west. State your conclusion, justify it by describing the displacements you compared, and end with a confidence score from 0 to 1."
compass_bearing_0033_open_q1,compass_bearing_0033.png,"Read the compass rose in the corner, then compare the straight-line displacement between every pair of landmarks: name the two landmarks that lie closest together, and give the compass direction from the alphabetically earlier of them to the other, using only north, north-east, east, south-east, south, south-west, west or north-west. State your conclusion, justify it by describing the displacements you compared, and end with a confidence score from 0 to 1."
compass_bearing_0034_open_q1,compass_bearing_0034.png,"Read the compass rose in the corner, then compare the straight-line displacement between every pair of landmarks: name the two landmarks that lie closest together, and give the compass direction from the alphabetically earlier of them to the other, using only north, north-east, east, south-east, south, south-west, west or north-west. State your conclusion, justify it by describing the displacements you compared, and end with a confidence score from 0 to 1."
compass_bearing_0035_open_q1,compass_bearing_0035.png,"Read the compass rose in the corner, then compare the straight-line displacement between every pair of landmarks: name the two landmarks that lie closest together, and give the compass direction from the alphabetically earlier of them to the other, using only north, north-east, east, south-east, south, south-west, west or north-west. State your conclusion, justify it by describing the displacements you compared, and end with a confidence score from 0 to 1."
compass_bearing_0038_open_q1,compass_bearing_0038.png,"Read the compass rose in the corner, then compare the straight-line displacement between every pair of landmarks: name the two landmarks that lie closest together, and give the compass direction from the alphabetically earlier of them to the other, using only north, north-east, east, south-east, south, south-west, west or north-west. State your conclusion, justify it by describing the displacements you compared, and end with a confidence score from 0 to 1."
compass_bearing_0039_open_q1,compass_bearing_0039.png,"Read the compass rose in the corner, then compare the straight-line displacement between every pair of landmarks: name the two landmarks that lie closest together, and give the compass direction from the alphabetically earlier of them to the other, using only north, north-east, east, south-east, south, south-west, west or north-west. State your conclusion, justify it by describing the displacements you compared, and end with a confidence score from 0 to 1."
compass_bearing_0040_open_q1,compass_bearing_0040.png,"Read the compass rose in the corner, then compare the straight-line displacement between every pair of landmarks: name the two landmarks that lie closest together, and give the compass direction from the alphabetically earlier of them to the other, using only north, north-east, east, south-east, south, south-west, west or north-west. State your conclusion, justify it by describing the displacements you compared, and end with a confidence score from 0 to 1."
compass_bearing_0044_open_q1,compass_bearing_0044.png,"Read the compass rose in the corner, then compare the straight-line displacement between every pair of landmarks: name the two landmarks that lie closest together, and give the compass direction from the alphabetically earlier of them to the other, using only north, north-east, east, south-east, south, south-west, west or north-west. State your conclusion, justify it by describing the displacements you compared, and end with a confidence score from 0 to 1."
compass_bearing_0046_open_q1,compass_bearing_0046.png,"Read the compass rose in the corner, then compare the straight-line displacement between every pair of landmarks: name the two landmarks that lie closest together, and give the compass direction from the alphabetically earlier of them to the other, using only north, north-east, east, south-east, south, south-west, west or north-west. State your conclusion, justify it by describing the displacements you compared, and end with a confidence score from 0 to 1."
compass_bearing_0047_open_q1,compass_bearing_0047.png,"Read the compass rose in the corner, then compare the straight-line displacement between every pair of landmarks: name the two landmarks that lie closest together, and give the compass direction from the alphabetically earlier of them to the other, using only north, north-east, east, south-east, south, south-west, west or north-west. State your conclusion, justify it by describing the displacements you compared, and end with a confidence score from 0 to 1."
compass_bearing_0048_open_q1,compass_bearing_0048.png,"Read the compass rose in the corner, then compare the straight-line displacement between every pair of landmarks: name the two landmarks that lie closest together, and give the compass direction from the alphabetically earlier of them to the other, using only north, north-east, east, south-east, south, south-west, west or north-west. State your conclusion, justify it by describing the displacements you compared, and end with a confidence score from 0 to 1."
compass_bearing_0058_open_q1,compass_bearing_0058.png,"Read the compass rose in the corner, then compare the straight-line displacement between every pair of landmarks: name the two landmarks that lie closest together, and give the compass direction from the alphabetically earlier of them to the other, using only north, north-east, east, south-east, south, south-west, west or north-west. State your conclusion, justify it by describing the displacements you compared, and end with a confidence score from 0 to 1."
compass_bearing_0060_open_q1,compass_bearing_0060.png,"Read the compass rose in the corner, then compare the straight-line displacement between every pair of landmarks: name the two landmarks that lie closest together, and give the compass direction from the alphabetically earlier of them to the other, using only north, north-east, east, south-east, south, south-west, west or north-west. State your conclusion, justify it by describing the displacements you compared, and end with a confidence score from 0 to 1."
compass_bearing_0063_open_q1,compass_bearing_0063.png,"Read the compass rose in the corner, then compare the straight-line displacement between every pair of landmarks: name the two landmarks that lie closest together, and give the compass direction from the alphabetically earlier of them to the other, using only north, north-east, east, south-east, south, south-west, west or north-west. State your conclusion, justify it by describing the displacements you compared, and end with a confidence score from 0 to 1."
compass_bearing_0065_open_q1,compass_bearing_0065.png,"Read the compass rose in the corner, then compare the straight-line displacement between every pair of landmarks: name the two landmarks that lie closest together, and give the compass direction from the alphabetically earlier of them to the other, using only north, north-east, east, south-east, south, south-west, west or north-west. State your conclusion, justify it by describing the displacements you compared, and end with a confidence score from 0 to 1."
compass_bearing_0066_open_q1,compass_bearing_0066.png,"Read the compass rose in the corner, then compare the straight-line displacement between every pair of landmarks: name the two landmarks that lie closest together, and give the compass direction from the alphabetically earlier of them to the other, using only north, north-east, east, south-east, south, south-west, west or north-west. State your conclusion, justify it by describing the displacements you compared, and end with a confidence score from 0 to 1."
compass_bearing_0067_open_q1,compass_bearing_0067.png,"Read the compass rose in the corner, then compare the straight-line displacement between every pair of landmarks: name the two landmarks that lie closest together, and give the compass direction from the alphabetically earlier of them to the other, using only north, north-east, east, south-east, south, south-west, west or north-west. State your conclusion, justify it by describing the displacements you compared, and end with a confidence score from 0 to 1."
compass_bearing_0070_open_q1,compass_bearing_0070.png,"Read the compass rose in the corner, then compare the straight-line displacement between every pair of landmarks: name the two landmarks that lie closest together, and give the compass direction from the alphabetically earlier of them to the other, using only north, north-east, east, south-east, south, south-west, west or north-west. State your conclusion, justify it by describing the displacements you compared, and end with a confidence score from 0 to 1."
compass_bearing_0073_open_q1,compass_bearing_0073.png,"Read the compass rose in the corner, then compare the straight-line displacement between every pair of landmarks: name the two landmarks that lie closest together, and give the compass direction from the alphabetically earlier of them to the other, using only north, north-east, east, south-east, south, south-west, west or north-west. State your conclusion, justify it by describing the displacements you compared, and end with a confidence score from 0 to 1."
compass_bearing_0075_open_q1,compass_bearing_0075.png,"Read the compass rose in the corner, then compare the straight-line displacement between every pair of landmarks: name the two landmarks that lie closest together, and give the compass direction from the alphabetically earlier of them to the other, using only north, north-east, east, south-east, south, south-west, west or north-west. State your conclusion, justify it by describing the displacements you compared, and end with a confidence score from 0 to 1."
compass_bearing_0076_open_q1,compass_bearing_0076.png,"Read the compass rose in the corner, then compare the straight-line displacement between every pair of landmarks: name the two landmarks that lie closest together, and give the compass direction from the alphabetically earlier of them to the other, using only north, north-east, east, south-east, south, south-west, west or north-west. State your conclusion, justify it by describing the displacements you compared, and end with a confidence score from 0 to 1."
compass_bearing_0078_open_q1,compass_bearing_0078.png,"Read the compass rose in the corner, then compare the straight-line displacement between every pair of landmarks: name the two landmarks that lie closest together, and give the compass direction from the alphabetically earlier of them to the other, using only north, north-east, east, south-east, south, south-west, west or north-west. State your conclusion, justify it by describing the displacements you compared, and end with a confidence score from 0 to 1."
compass_bearing_0084_open_q1,compass_bearing_0084.png,"Read the compass rose in the corner, then compare the straight-line displacement between every pair of landmarks: name the two landmarks that lie closest together, and give the compass direction from the alphabetically earlier of them to the other, using only north, north-east, east, south-east, south, south-west, west or north-west. State your conclusion, justify it by describing the displacements you compared, and end with a confidence score from 0 to 1."
compass_bearing_0085_open_q1,compass_bearing_0085.png,"Read the compass rose in the corner, then compare the straight-line displacement between every pair of landmarks: name the two landmarks that lie closest together, and give the compass direction from the alphabetically earlier of them to the other, using only north, north-east, east, south-east, south, south-west, west or north-west. State your conclusion, justify it by describing the displacements you compared, and end with a confidence score from 0 to 1."
compass_bearing_0086_open_q1,compass_bearing_0086.png,"Read the compass rose in the corner, then compare the straight-line displacement between every pair of landmarks: name the two landmarks that lie closest together, and give the compass direction from the alphabetically earlier of them to the other, using only north, north-east, east, south-east, south, south-west, west or north-west. State your conclusion, justify it by describing the displacements you compared, and end with a confidence score from 0 to 1."
compass_bearing_0090_open_q1,compass_bearing_0090.png,"Read the compass rose in the corner, then compare the straight-line displacement between every pair of landmarks: name the two landmarks that lie closest together, and give the compass direction from the alphabetically earlier of them to the other, using only north, north-east, east, south-east, south, south-west, west or north-west. State your conclusion, justify it by describing the displacements you compared, and end with a confidence score from 0 to 1."
compass_bearing_0095_open_q1,compass_bearing_0095.png,"Read the compass rose in the corner, then compare the straight-line displacement between every pair of landmarks: name the two landmarks that lie closest together, and give the compass direction from the alphabetically earlier of them to the other, using only north, north-east, east, south-east, south, south-west, west or north-west. State your conclusion, justify it by describing the displacements you compared, and end with a confidence score from 0 to 1."
compass_bearing_0102_open_q1,compass_bearing_0102.png,"Read the compass rose in the corner, then compare the straight-line displacement between every pair of landmarks: name the two landmarks that lie closest together, and give the compass direction from the alphabetically earlier of them to the other, using only north, north-east, east, south-east, south, south-west, west or north-west. State your conclusion, justify it by describing the displacements you compared, and end with a confidence score from 0 to 1."
compass_bearing_0105_open_q1,compass_bearing_0105.png,"Read the compass rose in the corner, then compare the straight-line displacement between every pair of landmarks: name the two landmarks that lie closest together, and give the compass direction from the alphabetically earlier of them to the other, using only north, north-east, east, south-east, south, south-west, west or north-west. State your conclusion, justify it by describing the displacements you compared, and end with a confidence score from 0 to 1."
compass_bearing_0108_open_q1,compass_bearing_0108.png,"Read the compass rose in the corner, then compare the straight-line displacement between every pair of landmarks: name the two landmarks that lie closest together, and give the compass direction from the alphabetically earlier of them to the other, using only north, north-east, east, south-east, south, south-west, west or north-west. State your conclusion, justify it by describing the displacements you compared, and end with a confidence score from 0 to 1."
compass_bearing_0111_open_q1,compass_bearing_0111.png,"Read the compass rose in the corner, then compare the straight-line displacement between every pair of landmarks: name the two landmarks that lie closest together, and give the compass direction from the alphabetically earlier of them to the other, using only north, north-east, east, south-east, south, south-west, west or north-west. State your conclusion, justify it by describing the displacements you compared, and end with a confidence score from 0 to 1."
compass_bearing_0114_open_q1,compass_bearing_0114.png,"Read the compass rose in the corner, then compare the straight-line displacement between every pair of landmarks: name the two landmarks that lie closest together, and give the compass direction from the alphabetically earlier of them to the other, using only north, north-east, east, south-east, south, south-west, west or north-west. State your conclusion, justify it by describing the displacements you compared, and end with a confidence score from 0 to 1."
compass_bearing_0115_open_q1,compass_bearing_0115.png,"Read the compass rose in the corner, then compare the straight-line displacement between every pair of landmarks: name the two landmarks that lie closest together, and give the compass direction from the alphabetically earlier of them to the other, using only north, north-east, east, south-east, south, south-west, west or north-west. State your conclusion, justify it by describing the displacements you compared, and end with a confidence score from 0 to 1."
compass_bearing_0120_open_q1,compass_bearing_0120.png,"Read the compass rose in the corner, then compare the straight-line displacement between every pair of landmarks: name the two landmarks that lie closest together, and give the compass direction from the alphabetically earlier of them to the other, using only north, north-east, east, south-east, south, south-west, west or north-west. State your conclusion, justify it by describing the displacements you compared, and end with a confidence score from 0 to 1."
compass_bearing_0128_open_q1,compass_bearing_0128.png,"Read the compass rose in the corner, then compare the straight-line displacement between every pair of landmarks: name the two landmarks that lie closest together, and give the compass direction from the alphabetically earlier of them to the other, using only north, north-east, east, south-east, south, south-west, west or north-west. State your conclusion, justify it by describing the displacements you compared, and end with a confidence score from 0 to 1."
compass_bearing_0130_open_q1,compass_bearing_0130.png,"Read the compass rose in the corner, then compare the straight-line displacement between every pair of landmarks: name the two landmarks that lie closest together, and give the compass direction from the alphabetically earlier of them to the other, using only north, north-east, east, south-east, south, south-west, west or north-west. State your conclusion, justify it by describing the displacements you compared, and end with a confidence score from 0 to 1."
compass_bearing_0131_open_q1,compass_bearing_0131.png,"Read the compass rose in the corner, then compare the straight-line displacement between every pair of landmarks: name the two landmarks that lie closest together, and give the compass direction from the alphabetically earlier of them to the other, using only north, north-east, east, south-east, south, south-west, west or north-west. State your conclusion, justify it by describing the displacements you compared, and end with a confidence score from 0 to 1."
compass_bearing_0134_open_q1,compass_bearing_0134.png,"Read the compass rose in the corner, then compare the straight-line displacement between every pair of landmarks: name the two landmarks that lie closest together, and give the compass direction from the alphabetically earlier of them to the other, using only north, north-east, east, south-east, south, south-west, west or north-west. State your conclusion, justify it by describing the displacements you compared, and end with a confidence score from 0 to 1."
compass_bearing_0135_open_q1,compass_bearing_0135.png,"Read the compass rose in the corner, then compare the straight-line displacement between every pair of landmarks: name the two landmarks that lie closest together, and give the compass direction from the alphabetically earlier of them to the other, using only north, north-east, east, south-east, south, south-west, west or north-west. State your conclusion, justify it by describing the displacements you compared, and end with a confidence score from 0 to 1."
compass_bearing_0137_open_q1,compass_bearing_0137.png,"Read the compass rose in the corner, then compare the straight-line displacement between every pair of landmarks: name the two landmarks that lie closest together, and give the compass direction from the alphabetically earlier of them to the other, using only north, north-east, east, south-east, south, south-west, west or north-west. State your conclusion, justify it by describing the displacements you compared, and end with a confidence score from 0 to 1."
compass_bearing_0140_open_q1,compass_bearing_0140.png,"Read the compass rose in the corner, then compare the straight-line displacement between every pair of landmarks: name the two landmarks that lie closest together, and give the compass direction from the alphabetically earlier of them to the other, using only north, north-east, east, south-east, south, south-west, west or north-west. State your conclusion, justify it by describing the displacements you compared, and end with a confidence score from 0 to 1."
compass_bearing_0141_open_q1,compass_bearing_0141.png,"Read the compass rose in the corner, then compare the straight-line displacement between every pair of landmarks: name the two landmarks that lie closest together, and give the compass direction from the alphabetically earlier of them to the other, using only north, north-east, east, south-east, south, south-west, west or north-west. State your conclusion, justify it by describing the displacements you compared, and end with a confidence score from 0 to 1."
compass_bearing_0145_open_q1,compass_bearing_0145.png,"Read the compass rose in the corner, then compare the straight-line displacement between every pair of landmarks: name the two landmarks that lie closest together, and give the compass direction from the alphabetically earlier of them to the other, using only north, north-east, east, south-east, south, south-west, west or north-west. State your conclusion, justify it by describing the displacements you compared, and end with a confidence score from 0 to 1."
compass_bearing_0147_open_q1,compass_bearing_0147.png,"Read the compass rose in the corner, then compare the straight-line displacement between every pair of landmarks: name the two landmarks that lie closest together, and give the compass direction from the alphabetically earlier of them to the other, using only north, north-east, east, south-east, south, south-west, west or north-west. State your conclusion, justify it by describing the displacements you compared, and end with a confidence score from 0 to 1."
compass_bearing_0148_open_q1,compass_bearing_0148.png,"Read the compass rose in the corner, then compare the straight-line displacement between every pair of landmarks: name the two landmarks that lie closest together, and give the compass direction from the alphabetically earlier of them to the other, using only north, north-east, east, south-east, south, south-west, west or north-west. State your conclusion, justify it by describing the displacements you compared, and end with a confidence score from 0 to 1."
compass_bearing_0150_open_q1,compass_bearing_0150.png,"Read the compass rose in the corner, then compare the straight-line displacement between every pair of landmarks: name the two landmarks that lie closest together, and give the compass direction from the alphabetically earlier of them to the other, using only north, north-east, east, south-east, south, south-west, west or north-west. State your conclusion, justify it by describing the displacements you compared, and end with a confidence score from 0 to 1."
compass_bearing_0151_open_q1,compass_bearing_0151.png,"Read the compass rose in the corner, then compare the straight-line displacement between every pair of landmarks: name the two landmarks that lie closest together, and give the compass direction from the alphabetically earlier of them to the other, using only north, north-east, east, south-east, south, south-west, west or north-west. State your conclusion, justify it by describing the displacements you compared, and end with a confidence score from 0 to 1."
compass_bearing_0153_open_q1,compass_bearing_0153.png,"Read the compass rose in the corner, then compare the straight-line displacement between every pair of landmarks: name the two landmarks that lie closest together, and give the compass direction from the alphabetically earlier of them to the other, using only north, north-east, east, south-east, south, south-west, west or north-west. State your conclusion, justify it by describing the displacements you compared, and end with a confidence score from 0 to 1."
compass_bearing_0158_open_q1,compass_bearing_0158.png,"Read the compass rose in the corner, then compare the straight-line displacement between every pair of landmarks: name the two landmarks that lie closest together, and give the compass direction from the alphabetically earlier of them to the other, using only north, north-east, east, south-east, south, south-west, west or north-west. State your conclusion, justify it by describing the displacements you compared, and end with a confidence score from 0 to 1."
compass_bearing_0161_open_q1,compass_bearing_0161.png,"Read the compass rose in the corner, then compare the straight-line displacement between every pair of landmarks: name the two landmarks that lie closest together, and give the compass direction from the alphabetically earlier of them to the other, using only north, north-east, east, south-east, south, south-west, west or north-west. State your conclusion, justify it by describing the displacements you compared, and end with a confidence score from 0 to 1."
compass_bearing_0162_open_q1,compass_bearing_0162.png,"Read the compass rose in the corner, then compare the straight-line displacement between every pair of landmarks: name the two landmarks that lie closest together, and give the compass direction from the alphabetically earlier of them to the other, using only north, north-east, east, south-east, south, south-west, west or north-west. State your conclusion, justify it by describing the displacements you compared, and end with a confidence score from 0 to 1."
compass_bearing_0166_open_q1,compass_bearing_0166.png,"Read the compass rose in the corner, then compare the straight-line displacement between every pair of landmarks: name the two landmarks that lie closest together, and give the compass direction from the alphabetically earlier of them to the other, using only north, north-east, east, south-east, south, south-west, west or north-west. State your conclusion, justify it by describing the displacements you compared, and end with a confidence score from 0 to 1."
compass_bearing_0167_open_q1,compass_bearing_0167.png,"Read the compass rose in the corner, then compare the straight-line displacement between every pair of landmarks: name the two landmarks that lie closest together, and give the compass direction from the alphabetically earlier of them to the other, using only north, north-east, east, south-east, south, south-west, west or north-west. State your conclusion, justify it by describing the displacements you compared, and end with a confidence score from 0 to 1."
compass_bearing_0168_open_q1,compass_bearing_0168.png,"Read the compass rose in the corner, then compare the straight-line displacement between every pair of landmarks: name the two landmarks that lie closest together, and give the compass direction from the alphabetically earlier of them to the other, using only north, north-east, east, south-east, south, south-west, west or north-west. State your conclusion, justify it by describing the displacements you compared, and end with a confidence score from 0 to 1."
compass_bearing_0169_open_q1,compass_bearing_0169.png,"Read the compass rose in the corner, then compare the straight-line displacement between every pair of landmarks: name the two landmarks that lie closest together, and give the compass direction from the alphabetically earlier of them to the other, using only north, north-east, east, south-east, south, south-west, west or north-west. State your conclusion, justify it by describing the displacements you compared, and end with a confidence score from 0 to 1."
compass_bearing_0170_open_q1,compass_bearing_0170.png,"Read the compass rose in the corner, then compare the straight-line displacement between every pair of landmarks: name the two landmarks that lie closest together, and give the compass direction from the alphabetically earlier of them to the other, using only north, north-east, east, south-east, south, south-west, west or north-west. State your conclusion, justify it by describing the displacements you compared, and end with a confidence score from 0 to 1."
compass_bearing_0173_open_q1,compass_bearing_0173.png,"Read the compass rose in the corner, then compare the straight-line displacement between every pair of landmarks: name the two landmarks that lie closest together, and give the compass direction from the alphabetically earlier of them to the other, using only north, north-east, east, south-east, south, south-west, west or north-west. State your conclusion, justify it by describing the displacements you compared, and end with a confidence score from 0 to 1."
compass_bearing_0177_open_q1,compass_bearing_0177.png,"Read the compass rose in the corner, then compare the straight-line displacement between every pair of landmarks: name the two landmarks that lie closest together, and give the compass direction from the alphabetically earlier of them to the other, using only north, north-east, east, south-east, south, south-west, west or north-west. State your conclusion, justify it by describing the displacements you compared, and end with a confidence score from 0 to 1."
compass_bearing_0178_open_q1,compass_bearing_0178.png,"Read the compass rose in the corner, then compare the straight-line displacement between every pair of landmarks: name the two landmarks that lie closest together, and give the compass direction from the alphabetically earlier of them to the other, using only north, north-east, east, south-east, south, south-west, west or north-west. State your conclusion, justify it by describing the displacements you compared, and end with a confidence score from 0 to 1."
compass_bearing_0179_open_q1,compass_bearing_0179.png,"Read the compass rose in the corner, then compare the straight-line displacement between every pair of landmarks: name the two landmarks that lie closest together, and give the compass direction from the alphabetically earlier of them to the other, using only north, north-east, east, south-east, south, south-west, west or north-west. State your conclusion, justify it by describing the displacements you compared, and end with a confidence score from 0 to 1."
compass_bearing_0180_open_q1,compass_bearing_0180.png,"Read the compass rose in the corner, then compare the straight-line displacement between every pair of landmarks: name the two landmarks that lie closest together, and give the compass direction from the alphabetically earlier of them to the other, using only north, north-east, east, south-east, south, south-west, west or north-west. State your conclusion, justify it by describing the displacements you compared, and end with a confidence score from 0 to 1."
compass_bearing_0189_open_q1,compass_bearing_0189.png,"Read the compass rose in the corner, then compare the straight-line displacement between every pair of landmarks: name the two landmarks that lie closest together, and give the compass direction from the alphabetically earlier of them to the other, using only north, north-east, east, south-east, south, south-west, west or north-west. State your conclusion, justify it by describing the displacements you compared, and end with a confidence score from 0 to 1."
compass_bearing_0190_open_q1,compass_bearing_0190.png,"Read the compass rose in the corner, then compare the straight-line displacement between every pair of landmarks: name the two landmarks that lie closest together, and give the compass direction from the alphabetically earlier of them to the other, using only north, north-east, east, south-east, south, south-west, west or north-west. State your conclusion, justify it by describing the displacements you compared, and end with a confidence score from 0 to 1."
compass_bearing_0196_open_q1,compass_bearing_0196.png,"Read the compass rose in the corner, then compare the straight-line displacement between every pair of landmarks: name the two landmarks that lie closest together, and give the compass direction from the alphabetically earlier of them to the other, using only north, north-east, east, south-east, south, south-west, west or north-west. State your conclusion, justify it by describing the displacements you compared, and end with a confidence score from 0 to 1."
compass_bearing_0198_open_q1,compass_bearing_0198.png,"Read the compass rose in the corner, then compare the straight-line displacement between every pair of landmarks: name the two landmarks that lie closest together, and give the compass direction from the alphabetically earlier of them to the other, using only north, north-east, east, south-east, south, south-west, west or north-west. State your conclusion, justify it by describing the displacements you compared, and end with a confidence score from 0 to 1."
compass_bearing_0199_open_q1,compass_bearing_0199.png,"Read the compass rose in the corner, then compare the straight-line displacement between every pair of landmarks: name the two landmarks that lie closest together, and give the compass direction from the alphabetically earlier of them to the other, using only north, north-east, east, south-east, south, south-west, west or north-west. State your conclusion, justify it by describing the displacements you compared, and end with a confidence score from 0 to 1."
compass_bearing_0201_open_q1,compass_bearing_0201.png,"Read the compass rose in the corner, then compare the straight-line displacement between every pair of landmarks: name the two landmarks that lie closest together, and give the compass direction from the alphabetically earlier of them to the other, using only north, north-east, east, south-east, south, south-west, west or north-west. State your conclusion, justify it by describing the displacements you compared, and end with a confidence score from 0 to 1."
compass_bearing_0205_open_q1,compass_bearing_0205.png,"Read the compass rose in the corner, then compare the straight-line displacement between every pair of landmarks: name the two landmarks that lie closest together, and give the compass direction from the alphabetically earlier of them to the other, using only north, north-east, east, south-east, south, south-west, west or north-west. State your conclusion, justify it by describing the displacements you compared, and end with a confidence score from 0 to 1."
compass_bearing_0206_open_q1,compass_bearing_0206.png,"Read the compass rose in the corner, then compare the straight-line displacement between every pair of landmarks: name the two landmarks that lie closest together, and give the compass direction from the alphabetically earlier of them to the other, using only north, north-east, east, south-east, south, south-west, west or north-west. State your conclusion, justify it by describing the displacements you compared, and end with a confidence score from 0 to 1."
compass_bearing_0208_open_q1,compass_bearing_0208.png,"Read the compass rose in the corner, then compare the straight-line displacement between every pair of landmarks: name the two landmarks that lie closest together, and give the compass direction from the alphabetically earlier of them to the other, using only north, north-east, east, south-east, south, south-west, west or north-west. State your conclusion, justify it by describing the displacements you compared, and end with a confidence score from 0 to 1."
compass_bearing_0210_open_q1,compass_bearing_0210.png,"Read the compass rose in the corner, then compare the straight-line displacement between every pair of landmarks: name the two landmarks that lie closest together, and give the compass direction from the alphabetically earlier of them to the other, using only north, north-east, east, south-east, south, south-west, west or north-west. State your conclusion, justify it by describing the displacements you compared, and end with a confidence score from 0 to 1."
compass_bearing_0218_open_q1,compass_bearing_0218.png,"Read the compass rose in the corner, then compare the straight-line displacement between every pair of landmarks: name the two landmarks that lie closest together, and give the compass direction from the alphabetically earlier of them to the other, using only north, north-east, east, south-east, south, south-west, west or north-west. State your conclusion, justify it by describing the displacements you compared, and end with a confidence score from 0 to 1."
compass_bearing_0219_open_q1,compass_bearing_0219.png,"Read the compass rose in the corner, then compare the straight-line displacement between every pair of landmarks: name the two landmarks that lie closest together, and give the compass direction from the alphabetically earlier of them to the other, using only north, north-east, east, south-east, south, south-west, west or north-west. State your conclusion, justify it by describing the displacements you compared, and end with a confidence score from 0 to 1."
compass_bearing_0220_open_q1,compass_bearing_0220.png,"Read the compass rose in the corner, then compare the straight-line displacement between every pair of landmarks: name the two landmarks that lie closest together, and give the compass direction from the alphabetically earlier of them to the other, using only north, north-east, east, south-east, south, south-west, west or north-west. State your conclusion, justify it by describing the displacements you compared, and end with a confidence score from 0 to 1."
compass_bearing_0224_open_q1,compass_bearing_0224.png,"Read the compass rose in the corner, then compare the straight-line displacement between every pair of landmarks: name the two landmarks that lie closest together, and give the compass direction from the alphabetically earlier of them to the other, using only north, north-east, east, south-east, south, south-west, west or north-west. State your conclusion, justify it by describing the displacements you compared, and end with a confidence score from 0 to 1."
compass_bearing_0228_open_q1,compass_bearing_0228.png,"Read the compass rose in the corner, then compare the straight-line displacement between every pair of landmarks: name the two landmarks that lie closest together, and give the compass direction from the alphabetically earlier of them to the other, using only north, north-east, east, south-east, south, south-west, west or north-west. State your conclusion, justify it by describing the displacements you compared, and end with a confidence score from 0 to 1."
compass_bearing_0235_open_q1,compass_bearing_0235.png,"Read the compass rose in the corner, then compare the straight-line displacement between every pair of landmarks: name the two landmarks that lie closest together, and give the compass direction from the alphabetically earlier of them to the other, using only north, north-east, east, south-east, south, south-west, west or north-west. State your conclusion, justify it by describing the displacements you compared, and end with a confidence score from 0 to 1."
compass_bearing_0239_open_q1,compass_bearing_0239.png,"Read the compass rose in the corner, then compare the straight-line displacement between every pair of landmarks: name the two landmarks that lie closest together, and give the compass direction from the alphabetically earlier of them to the other, using only north, north-east, east, south-east, south, south-west, west or north-west. State your conclusion, justify it by describing the displacements you compared, and end with a confidence score from 0 to 1."
compass_bearing_0240_open_q1,compass_bearing_0240.png,"Read the compass rose in the corner, then compare the straight-line displacement between every pair of landmarks: name the two landmarks that lie closest together, and give the compass direction from the alphabetically earlier of them to the other, using only north, north-east, east, south-east, south, south-west, west or north-west. State your conclusion, justify it by describing the displacements you compared, and end with a confidence score from 0 to 1."
compass_bearing_0242_open_q1,compass_bearing_0242.png,"Read the compass rose in the corner, then compare the straight-line displacement between every pair of landmarks: name the two landmarks that lie closest together, and give the compass direction from the alphabetically earlier of them to the other, using only north, north-east, east, south-east, south, south-west, west or north-west. State your conclusion, justify it by describing the displacements you compared, and end with a confidence score from 0 to 1."
compass_bearing_0243_open_q1,compass_bearing_0243.png,"Read the compass rose in the corner, then compare the straight-line displacement between every pair of landmarks: name the two landmarks that lie closest together, and give the compass direction from the alphabetically earlier of them to the other, using only north, north-east, east, south-east, south, south-west, west or north-west. State your conclusion, justify it by describing the displacements you compared, and end with a confidence score from 0 to 1."
compass_bearing_0244_open_q1,compass_bearing_0244.png,"Read the compass rose in the corner, then compare the straight-line displacement between every pair of landmarks: name the two landmarks that lie closest together, and give the compass direction from the alphabetically earlier of them to the other, using only north, north-east, east, south-east, south, south-west, west or north-west. State your conclusion, justify it by describing the displacements you compared, and end with a confidence score from 0 to 1."
compass_bearing_0246_open_q1,compass_bearing_0246.png,"Read the compass rose in the corner, then compare the straight-line displacement between every pair of landmarks: name the two landmarks that lie closest together, and give the compass direction from the alphabetically earlier of them to the other, using only north, north-east, east, south-east, south, south-west, west or north-west. State your conclusion, justify it by describing the displacements you compared, and end with a confidence score from 0 to 1."
compass_bearing_0247_open_q1,compass_bearing_0247.png,"Read the compass rose in the corner, then compare the straight-line displacement between every pair of landmarks: name the two landmarks that lie closest together, and give the compass direction from the alphabetically earlier of them to the other, using only north, north-east, east, south-east, south, south-west, west or north-west. State your conclusion, justify it by describing the displacements you compared, and end with a confidence score from 0 to 1."
compass_bearing_0249_open_q1,compass_bearing_0249.png,"Read the compass rose in the corner, then compare the straight-line displacement between every pair of landmarks: name the two landmarks that lie closest together, and give the compass direction from the alphabetically earlier of them to the other, using only north, north-east, east, south-east, south, south-west, west or north-west. State your conclusion, justify it by describing the displacements you compared, and end with a confidence score from 0 to 1."
compass_bearing_0250_open_q1,compass_bearing_0250.png,"Read the compass rose in the corner, then compare the straight-line displacement between every pair of landmarks: name the two landmarks that lie closest together, and give the compass direction from the alphabetically earlier of them to the other, using only north, north-east, east, south-east, south, south-west, west or north-west. State your conclusion, justify it by describing the displacements you compared, and end with a confidence score from 0 to 1."
compass_bearing_0255_open_q1,compass_bearing_0255.png,"Read the compass rose in the corner, then compare the straight-line displacement between every pair of landmarks: name the two landmarks that lie closest together, and give the compass direction from the alphabetically earlier of them to the other, using only north, north-east, east, south-east, south, south-west, west or north-west. State your conclusion, justify it by describing the displacements you compared, and end with a confidence score from 0 to 1."
compass_bearing_0261_open_q1,compass_bearing_0261.png,"Read the compass rose in the corner, then compare the straight-line displacement between every pair of landmarks: name the two landmarks that lie closest together, and give the compass direction from the alphabetically earlier of them to the other, using only north, north-east, east, south-east, south, south-west, west or north-west. State your conclusion, justify it by describing the displacements you compared, and end with a confidence score from 0 to 1."
compass_bearing_0263_open_q1,compass_bearing_0263.png,"Read the compass rose in the corner, then compare the straight-line displacement between every pair of landmarks: name the two landmarks that lie closest together, and give the compass direction from the alphabetically earlier of them to the other, using only north, north-east, east, south-east, south, south-west, west or north-west. State your conclusion, justify it by describing the displacements you compared, and end with a confidence score from 0 to 1."
compass_bearing_0266_open_q1,compass_bearing_0266.png,"Read the compass rose in the corner, then compare the straight-line displacement between every pair of landmarks: name the two landmarks that lie closest together, and give the compass direction from the alphabetically earlier of them to the other, using only north, north-east, east, south-east, south, south-west, west or north-west. State your conclusion, justify it by describing the displacements you compared, and end with a confidence score from 0 to 1."
compass_bearing_0270_open_q1,compass_bearing_0270.png,"Read the compass rose in the corner, then compare the straight-line displacement between every pair of landmarks: name the two landmarks that lie closest together, and give the compass direction from the alphabetically earlier of them to the other, using only north, north-east, east, south-east, south, south-west, west or north-west. State your conclusion, justify it by describing the displacements you compared, and end with a confidence score from 0 to 1."
compass_bearing_0272_open_q1,compass_bearing_0272.png,"Read the compass rose in the corner, then compare the straight-line displacement between every pair of landmarks: name the two landmarks that lie closest together, and give the compass direction from the alphabetically earlier of them to the other, using only north, north-east, east, south-east, south, south-west, west or north-west. State your conclusion, justify it by describing the displacements you compared, and end with a confidence score from 0 to 1."
compass_bearing_0273_open_q1,compass_bearing_0273.png,"Read the compass rose in the corner, then compare the straight-line displacement between every pair of landmarks: name the two landmarks that lie closest together, and give the compass direction from the alphabetically earlier of them to the other, using only north, north-east, east, south-east, south, south-west, west or north-west. State your conclusion, justify it by describing the displacements you compared, and end with a confidence score from 0 to 1."
compass_bearing_0274_open_q1,compass_bearing_0274.png,"Read the compass rose in the corner, then compare the straight-line displacement between every pair of landmarks: name the two landmarks that lie closest together, and give the compass direction from the alphabetically earlier of them to the other, using only north, north-east, east, south-east, south, south-west, west or north-west. State your conclusion, justify it by describing the displacements you compared, and end with a confidence score from 0 to 1."
compass_bearing_0276_open_q1,compass_bearing_0276.png,"Read the compass rose in the corner, then compare the straight-line displacement between every pair of landmarks: name the two landmarks that lie closest together, and give the compass direction from the alphabetically earlier of them to the other, using only north, north-east, east, south-east, south, south-west, west or north-west. State your conclusion, justify it by describing the displacements you compared, and end with a confidence score from 0 to 1."
compass_bearing_0277_open_q1,compass_bearing_0277.png,"Read the compass rose in the corner, then compare the straight-line displacement between every pair of landmarks: name the two landmarks that lie closest together, and give the compass direction from the alphabetically earlier of them to the other, using only north, north-east, east, south-east, south, south-west, west or north-west. State your conclusion, justify it by describing the displacements you compared, and end with a confidence score from 0 to 1."
compass_bearing_0279_open_q1,compass_bearing_0279.png,"Read the compass rose in the corner, then compare the straight-line displacement between every pair of landmarks: name the two landmarks that lie closest together, and give the compass direction from the alphabetically earlier of them to the other, using only north, north-east, east, south-east, south, south-west, west or north-west. State your conclusion, justify it by describing the displacements you compared, and end with a confidence score from 0 to 1."
compass_bearing_0280_open_q1,compass_bearing_0280.png,"Read the compass rose in the corner, then compare the straight-line displacement between every pair of landmarks: name the two landmarks that lie closest together, and give the compass direction from the alphabetically earlier of them to the other, using only north, north-east, east, south-east, south, south-west, west or north-west. State your conclusion, justify it by describing the displacements you compared, and end with a confidence score from 0 to 1."
compass_bearing_0285_open_q1,compass_bearing_0285.png,"Read the compass rose in the corner, then compare the straight-line displacement between every pair of landmarks: name the two landmarks that lie closest together, and give the compass direction from the alphabetically earlier of them to the other, using only north, north-east, east, south-east, south, south-west, west or north-west. State your conclusion, justify it by describing the displacements you compared, and end with a confidence score from 0 to 1."
compass_bearing_0290_open_q1,compass_bearing_0290.png,"Read the compass rose in the corner, then compare the straight-line displacement between every pair of landmarks: name the two landmarks that lie closest together, and give the compass direction from the alphabetically earlier of them to the other, using only north, north-east, east, south-east, south, south-west, west or north-west. State your conclusion, justify it by describing the displacements you compared, and end with a confidence score from 0 to 1."
compass_bearing_0296_open_q1,compass_bearing_0296.png,"Read the compass rose in the corner, then compare the straight-line displacement between every pair of landmarks: name the two landmarks that lie closest together, and give the compass direction from the alphabetically earlier of them to the other, using only north, north-east, east, south-east, south, south-west, west or north-west. State your conclusion, justify it by describing the displacements you compared, and end with a confidence score from 0 to 1."
compass_bearing_0300_open_q1,compass_bearing_0300.png,"Read the compass rose in the corner, then compare the straight-line displacement between every pair of landmarks: name the two landmarks that lie closest together, and give the compass direction from the alphabetically earlier of them to the other, using only north, north-east, east, south-east, south, south-west, west or north-west. State your conclusion, justify it by describing the displacements you compared, and end with a confidence score from 0 to 1."
compass_bearing_0301_open_q1,compass_bearing_0301.png,"Read the compass rose in the corner, then compare the straight-line displacement between every pair of landmarks: name the two landmarks that lie closest together, and give the compass direction from the alphabetically earlier of them to the other, using only north, north-east, east, south-east, south, south-west, west or north-west. State your conclusion, justify it by describing the displacements you compared, and end with a confidence score from 0 to 1."
compass_bearing_0302_open_q1,compass_bearing_0302.png,"Read the compass rose in the corner, then compare the straight-line displacement between every pair of landmarks: name the two landmarks that lie closest together, and give the compass direction from the alphabetically earlier of them to the other, using only north, north-east, east, south-east, south, south-west, west or north-west. State your conclusion, justify it by describing the displacements you compared, and end with a confidence score from 0 to 1."
compass_bearing_0304_open_q1,compass_bearing_0304.png,"Read the compass rose in the corner, then compare the straight-line displacement between every pair of landmarks: name the two landmarks that lie closest together, and give the compass direction from the alphabetically earlier of them to the other, using only north, north-east, east, south-east, south, south-west, west or north-west. State your conclusion, justify it by describing the displacements you compared, and end with a confidence score from 0 to 1."
compass_bearing_0307_open_q1,compass_bearing_0307.png,"Read the compass rose in the corner, then compare the straight-line displacement between every pair of landmarks: name the two landmarks that lie closest together, and give the compass direction from the alphabetically earlier of them to the other, using only north, north-east, east, south-east, south, south-west, west or north-west. State your conclusion, justify it by describing the displacements you compared, and end with a confidence score from 0 to 1."
compass_bearing_0309_open_q1,compass_bearing_0309.png,"Read the compass rose in the corner, then compare the straight-line displacement between every pair of landmarks: name the two landmarks that lie closest together, and give the compass direction from the alphabetically earlier of them to the other, using only north, north-east, east, south-east, south, south-west, west or north-west. State your conclusion, justify it by describing the displacements you compared, and end with a confidence score from 0 to 1."
compass_bearing_0310_open_q1,compass_bearing_0310.png,"Read the compass rose in the corner, then compare the straight-line displacement between every pair of landmarks: name the two landmarks that lie closest together, and give the compass direction from the alphabetically earlier of them to the other, using only north, north-east, east, south-east, south, south-west, west or north-west. State your conclusion, justify it by describing the displacements you compared, and end with a confidence score from 0 to 1."
compass_bearing_0313_open_q1,compass_bearing_0313.png,"Read the compass rose in the corner, then compare the straight-line displacement between every pair of landmarks: name the two landmarks that lie closest together, and give the compass direction from the alphabetically earlier of them to the other, using only north, north-east, east, south-east, south, south-west, west or north-west. State your conclusion, justify it by describing the displacements you compared, and end with a confidence score from 0 to 1."
compass_bearing_0316_open_q1,compass_bearing_0316.png,"Read the compass rose in the corner, then compare the straight-line displacement between every pair of landmarks: name the two landmarks that lie closest together, and give the compass direction from the alphabetically earlier of them to the other, using only north, north-east, east, south-east, south, south-west, west or north-west. State your conclusion, justify it by describing the displacements you compared, and end with a confidence score from 0 to 1."
compass_bearing_0318_open_q1,compass_bearing_0318.png,"Read the compass rose in the corner, then compare the straight-line displacement between every pair of landmarks: name the two landmarks that lie closest together, and give the compass direction from the alphabetically earlier of them to the other, using only north, north-east, east, south-east, south, south-west, west or north-west. State your conclusion, justify it by describing the displacements you compared, and end with a confidence score from 0 to 1."
compass_bearing_0320_open_q1,compass_bearing_0320.png,"Read the compass rose in the corner, then compare the straight-line displacement between every pair of landmarks: name the two landmarks that lie closest together, and give the compass direction from the alphabetically earlier of them to the other, using only north, north-east, east, south-east, south, south-west, west or north-west. State your conclusion, justify it by describing the displacements you compared, and end with a confidence score from 0 to 1."
compass_bearing_0325_open_q1,compass_bearing_0325.png,"Read the compass rose in the corner, then compare the straight-line displacement between every pair of landmarks: name the two landmarks that lie closest together, and give the compass direction from the alphabetically earlier of them to the other, using only north, north-east, east, south-east, south, south-west, west or north-west. State your conclusion, justify it by describing the displacements you compared, and end with a confidence score from 0 to 1."
compass_bearing_0329_open_q1,compass_bearing_0329.png,"Read the compass rose in the corner, then compare the straight-line displacement between every pair of landmarks: name the two landmarks that lie closest together, and give the compass direction from the alphabetically earlier of them to the other, using only north, north-east, east, south-east, south, south-west, west or north-west. State your conclusion, justify it by describing the displacements you compared, and end with a confidence score from 0 to 1."
compass_bearing_0333_open_q1,compass_bearing_0333.png,"Read the compass rose in the corner, then compare the straight-line displacement between every pair of landmarks: name the two landmarks that lie closest together, and give the compass direction from the alphabetically earlier of them to the other, using only north, north-east, east, south-east, south, south-west, west or north-west. State your conclusion, justify it by describing the displacements you compared, and end with a confidence score from 0 to 1."
compass_bearing_0336_open_q1,compass_bearing_0336.png,"Read the compass rose in the corner, then compare the straight-line displacement between every pair of landmarks: name the two landmarks that lie closest together, and give the compass direction from the alphabetically earlier of them to the other, using only north, north-east, east, south-east, south, south-west, west or north-west. State your conclusion, justify it by describing the displacements you compared, and end with a confidence score from 0 to 1."
compass_bearing_0337_open_q1,compass_bearing_0337.png,"Read the compass rose in the corner, then compare the straight-line displacement between every pair of landmarks: name the two landmarks that lie closest together, and give the compass direction from the alphabetically earlier of them to the other, using only north, north-east, east, south-east, south, south-west, west or north-west. State your conclusion, justify it by describing the displacements you compared, and end with a confidence score from 0 to 1."
compass_bearing_0339_open_q1,compass_bearing_0339.png,"Read the compass rose in the corner, then compare the straight-line displacement between every pair of landmarks: name the two landmarks that lie closest together, and give the compass direction from the alphabetically earlier of them to the other, using only north, north-east, east, south-east, south, south-west, west or north-west. State your conclusion, justify it by describing the displacements you compared, and end with a confidence score from 0 to 1."
compass_bearing_0340_open_q1,compass_bearing_0340.png,"Read the compass rose in the corner, then compare the straight-line displacement between every pair of landmarks: name the two landmarks that lie closest together, and give the compass direction from the alphabetically earlier of them to the other, using only north, north-east, east, south-east, south, south-west, west or north-west. State your conclusion, justify it by describing the displacements you compared, and end with a confidence score from 0 to 1."
compass_bearing_0343_open_q1,compass_bearing_0343.png,"Read the compass rose in the corner, then compare the straight-line displacement between every pair of landmarks: name the two landmarks that lie closest together, and give the compass direction from the alphabetically earlier of them to the other, using only north, north-east, east, south-east, south, south-west, west or north-west. State your conclusion, justify it by describing the displacements you compared, and end with a confidence score from 0 to 1."
compass_bearing_0346_open_q1,compass_bearing_0346.png,"Read the compass rose in the corner, then compare the straight-line displacement between every pair of landmarks: name the two landmarks that lie closest together, and give the compass direction from the alphabetically earlier of them to the other, using only north, north-east, east, south-east, south, south-west, west or north-west. State your conclusion, justify it by describing the displacements you compared, and end with a confidence score from 0 to 1."
compass_bearing_0349_open_q1,compass_bearing_0349.png,"Read the compass rose in the corner, then compare the straight-line displacement between every pair of landmarks: name the two landmarks that lie closest together, and give the compass direction from the alphabetically earlier of them to the other, using only north, north-east, east, south-east, south, south-west, west or north-west. State your conclusion, justify it by describing the displacements you compared, and end with a confidence score from 0 to 1."
compass_bearing_0350_open_q1,compass_bearing_0350.png,"Read the compass rose in the corner, then compare the straight-line displacement between every pair of landmarks: name the two landmarks that lie closest together, and give the compass direction from the alphabetically earlier of them to the other, using only north, north-east, east, south-east, south, south-west, west or north-west. State your conclusion, justify it by describing the displacements you compared, and end with a confidence score from 0 to 1."
compass_bearing_0351_open_q1,compass_bearing_0351.png,"Read the compass rose in the corner, then compare the straight-line displacement between every pair of landmarks: name the two landmarks that lie closest together, and give the compass direction from the alphabetically earlier of them to the other, using only north, north-east, east, south-east, south, south-west, west or north-west. State your conclusion, justify it by describing the displacements you compared, and end with a confidence score from 0 to 1."
compass_bearing_0352_open_q1,compass_bearing_0352.png,"Read the compass rose in the corner, then compare the straight-line displacement between every pair of landmarks: name the two landmarks that lie closest together, and give the compass direction from the alphabetically earlier of them to the other, using only north, north-east, east, south-east, south, south-west, west or north-west. State your conclusion, justify it by describing the displacements you compared, and end with a confidence score from 0 to 1."
compass_bearing_0353_open_q1,compass_bearing_0353.png,"Read the compass rose in the corner, then compare the straight-line displacement between every pair of landmarks: name the two landmarks that lie closest together, and give the compass direction from the alphabetically earlier of them to the other, using only north, north-east, east, south-east, south, south-west, west or north-west. State your conclusion, justify it by describing the displacements you compared, and end with a confidence score from 0 to 1."
compass_bearing_0354_open_q1,compass_bearing_0354.png,"Read the compass rose in the corner, then compare the straight-line displacement between every pair of landmarks: name the two landmarks that lie closest together, and give the compass direction from the alphabetically earlier of them to the other, using only north, north-east, east, south-east, south, south-west, west or north-west. State your conclusion, justify it by describing the displacements you compared, and end with a confidence score from 0 to 1."
compass_bearing_0358_open_q1,compass_bearing_0358.png,"Read the compass rose in the corner, then compare the straight-line displacement between every pair of landmarks: name the two landmarks that lie closest together, and give the compass direction from the alphabetically earlier of them to the other, using only north, north-east, east, south-east, south, south-west, west or north-west. State your conclusion, justify it by describing the displacements you compared, and end with a confidence score from 0 to 1."
compass_bearing_0359_open_q1,compass_bearing_0359.png,"Read the compass rose in the corner, then compare the straight-line displacement between every pair of landmarks: name the two landmarks that lie closest together, and give the compass direction from the alphabetically earlier of them to the other, using only north, north-east, east, south-east, south, south-west, west or north-west. State your conclusion, justify it by describing the displacements you compared, and end with a confidence score from 0 to 1."
compass_bearing_0363_open_q1,compass_bearing_0363.png,"Read the compass rose in the corner, then compare the straight-line displacement between every pair of landmarks: name the two landmarks that lie closest together, and give the compass direction from the alphabetically earlier of them to the other, using only north, north-east, east, south-east, south, south-west, west or north-west. State your conclusion, justify it by describing the displacements you compared, and end with a confidence score from 0 to 1."
compass_bearing_0365_open_q1,compass_bearing_0365.png,"Read the compass rose in the corner, then compare the straight-line displacement between every pair of landmarks: name the two landmarks that lie closest together, and give the compass direction from the alphabetically earlier of them to the other, using only north, north-east, east, south-east, south, south-west, west or north-west. State your conclusion, justify it by describing the displacements you compared, and end with a confidence score from 0 to 1."
compass_bearing_0369_open_q1,compass_bearing_0369.png,"Read the compass rose in the corner, then compare the straight-line displacement between every pair of landmarks: name the two landmarks that lie closest together, and give the compass direction from the alphabetically earlier of them to the other, using only north, north-east, east, south-east, south, south-west, west or north-west. State your conclusion, justify it by describing the displacements you compared, and end with a confidence score from 0 to 1."
compass_bearing_0370_open_q1,compass_bearing_0370.png,"Read the compass rose in the corner, then compare the straight-line displacement between every pair of landmarks: name the two landmarks that lie closest together, and give the compass direction from the alphabetically earlier of them to the other, using only north, north-east, east, south-east, south, south-west, west or north-west. State your conclusion, justify it by describing the displacements you compared, and end with a confidence score from 0 to 1."
compass_bearing_0371_open_q1,compass_bearing_0371.png,"Read the compass rose in the corner, then compare the straight-line displacement between every pair of landmarks: name the two landmarks that lie closest together, and give the compass direction from the alphabetically earlier of them to the other, using only north, north-east, east, south-east, south, south-west, west or north-west. State your conclusion, justify it by describing the displacements you compared, and end with a confidence score from 0 to 1."
compass_bearing_0372_open_q1,compass_bearing_0372.png,"Read the compass rose in the corner, then compare the straight-line displacement between every pair of landmarks: name the two landmarks that lie closest together, and give the compass direction from the alphabetically earlier of them to the other, using only north, north-east, east, south-east, south, south-west, west or north-west. State your conclusion, justify it by describing the displacements you compared, and end with a confidence score from 0 to 1."
compass_bearing_0375_open_q1,compass_bearing_0375.png,"Read the compass rose in the corner, then compare the straight-line displacement between every pair of landmarks: name the two landmarks that lie closest together, and give the compass direction from the alphabetically earlier of them to the other, using only north, north-east, east, south-east, south, south-west, west or north-west. State your conclusion, justify it by describing the displacements you compared, and end with a confidence score from 0 to 1."
compass_bearing_0377_open_q1,compass_bearing_0377.png,"Read the compass rose in the corner, then compare the straight-line displacement between every pair of landmarks: name the two landmarks that lie closest together, and give the compass direction from the alphabetically earlier of them to the other, using only north, north-east, east, south-east, south, south-west, west or north-west. State your conclusion, justify it by describing the displacements you compared, and end with a confidence score from 0 to 1."
compass_bearing_0378_open_q1,compass_bearing_0378.png,"Read the compass rose in the corner, then compare the straight-line displacement between every pair of landmarks: name the two landmarks that lie closest together, and give the compass direction from the alphabetically earlier of them to the other, using only north, north-east, east, south-east, south, south-west, west or north-west. State your conclusion, justify it by describing the displacements you compared, and end with a confidence score from 0 to 1."
compass_bearing_0380_open_q1,compass_bearing_0380.png,"Read the compass rose in the corner, then compare the straight-line displacement between every pair of landmarks: name the two landmarks that lie closest together, and give the compass direction from the alphabetically earlier of them to the other, using only north, north-east, east, south-east, south, south-west, west or north-west. State your conclusion, justify it by describing the displacements you compared, and end with a confidence score from 0 to 1."
compass_bearing_0385_open_q1,compass_bearing_0385.png,"Read the compass rose in the corner, then compare the straight-line displacement between every pair of landmarks: name the two landmarks that lie closest together, and give the compass direction from the alphabetically earlier of them to the other, using only north, north-east, east, south-east, south, south-west, west or north-west. State your conclusion, justify it by describing the displacements you compared, and end with a confidence score from 0 to 1."
compass_bearing_0387_open_q1,compass_bearing_0387.png,"Read the compass rose in the corner, then compare the straight-line displacement between every pair of landmarks: name the two landmarks that lie closest together, and give the compass direction from the alphabetically earlier of them to the other, using only north, north-east, east, south-east, south, south-west, west or north-west. State your conclusion, justify it by describing the displacements you compared, and end with a confidence score from 0 to 1."
compass_bearing_0390_open_q1,compass_bearing_0390.png,"Read the compass rose in the corner, then compare the straight-line displacement between every pair of landmarks: name the two landmarks that lie closest together, and give the compass direction from the alphabetically earlier of them to the other, using only north, north-east, east, south-east, south, south-west, west or north-west. State your conclusion, justify it by describing the displacements you compared, and end with a confidence score from 0 to 1."
compass_bearing_0391_open_q1,compass_bearing_0391.png,"Read the compass rose in the corner, then compare the straight-line displacement between every pair of landmarks: name the two landmarks that lie closest together, and give the compass direction from the alphabetically earlier of them to the other, using only north, north-east, east, south-east, south, south-west, west or north-west. State your conclusion, justify it by describing the displacements you compared, and end with a confidence score from 0 to 1."
compass_bearing_0395_open_q1,compass_bearing_0395.png,"Read the compass rose in the corner, then compare the straight-line displacement between every pair of landmarks: name the two landmarks that lie closest together, and give the compass direction from the alphabetically earlier of them to the other, using only north, north-east, east, south-east, south, south-west, west or north-west. State your conclusion, justify it by describing the displacements you compared, and end with a confidence score from 0 to 1."
compass_bearing_0401_open_q1,compass_bearing_0401.png,"Read the compass rose in the corner, then compare the straight-line displacement between every pair of landmarks: name the two landmarks that lie closest together, and give the compass direction from the alphabetically earlier of them to the other, using only north, north-east, east, south-east, south, south-west, west or north-west. State your conclusion, justify it by describing the displacements you compared, and end with a confidence score from 0 to 1."
compass_bearing_0404_open_q1,compass_bearing_0404.png,"Read the compass rose in the corner, then compare the straight-line displacement between every pair of landmarks: name the two landmarks that lie closest together, and give the compass direction from the alphabetically earlier of them to the other, using only north, north-east, east, south-east, south, south-west, west or north-west. State your conclusion, justify it by describing the displacements you compared, and end with a confidence score from 0 to 1."
compass_bearing_0409_open_q1,compass_bearing_0409.png,"Read the compass rose in the corner, then compare the straight-line displacement between every pair of landmarks: name the two landmarks that lie closest together, and give the compass direction from the alphabetically earlier of them to the other, using only north, north-east, east, south-east, south, south-west, west or north-west. State your conclusion, justify it by describing the displacements you compared, and end with a confidence score from 0 to 1."
compass_bearing_0410_open_q1,compass_bearing_0410.png,"Read the compass rose in the corner, then compare the straight-line displacement between every pair of landmarks: name the two landmarks that lie closest together, and give the compass direction from the alphabetically earlier of them to the other, using only north, north-east, east, south-east, south, south-west, west or north-west. State your conclusion, justify it by describing the displacements you compared, and end with a confidence score from 0 to 1."
compass_bearing_0416_open_q1,compass_bearing_0416.png,"Read the compass rose in the corner, then compare the straight-line displacement between every pair of landmarks: name the two landmarks that lie closest together, and give the compass direction from the alphabetically earlier of them to the other, using only north, north-east, east, south-east, south, south-west, west or north-west. State your conclusion, justify it by describing the displacements you compared, and end with a confidence score from 0 to 1."
compass_bearing_0422_open_q1,compass_bearing_0422.png,"Read the compass rose in the corner, then compare the straight-line displacement between every pair of landmarks: name the two landmarks that lie closest together, and give the compass direction from the alphabetically earlier of them to the other, using only north, north-east, east, south-east, south, south-west, west or north-west. State your conclusion, justify it by describing the displacements you compared, and end with a confidence score from 0 to 1."
compass_bearing_0427_open_q1,compass_bearing_0427.png,"Read the compass rose in the corner, then compare the straight-line displacement between every pair of landmarks: name the two landmarks that lie closest together, and give the compass direction from the alphabetically earlier of them to the other, using only north, north-east, east, south-east, south, south-west, west or north-west. State your conclusion, justify it by describing the displacements you compared, and end with a confidence score from 0 to 1."
compass_bearing_0428_open_q1,compass_bearing_0428.png,"Read the compass rose in the corner, then compare the straight-line displacement between every pair of landmarks: name the two landmarks that lie closest together, and give the compass direction from the alphabetically earlier of them to the other, using only north, north-east, east, south-east, south, south-west, west or north-west. State your conclusion, justify it by describing the displacements you compared, and end with a confidence score from 0 to 1."
compass_bearing_0430_open_q1,compass_bearing_0430.png,"Read the compass rose in the corner, then compare the straight-line displacement between every pair of landmarks: name the two landmarks that lie closest together, and give the compass direction from the alphabetically earlier of them to the other, using only north, north-east, east, south-east, south, south-west, west or north-west. State your conclusion, justify it by describing the displacements you compared, and end with a confidence score from 0 to 1."
compass_bearing_0431_open_q1,compass_bearing_0431.png,"Read the compass rose in the corner, then compare the straight-line displacement between every pair of landmarks: name the two landmarks that lie closest together, and give the compass direction from the alphabetically earlier of them to the other, using only north, north-east, east, south-east, south, south-west, west or north-west. State your conclusion, justify it by describing the displacements you compared, and end with a confidence score from 0 to 1."
compass_bearing_0434_open_q1,compass_bearing_0434.png,"Read the compass rose in the corner, then compare the straight-line displacement between every pair of landmarks: name the two landmarks that lie closest together, and give the compass direction from the alphabetically earlier of them to the other, using only north, north-east, east, south-east, south, south-west, west or north-west. State your conclusion, justify it by describing the displacements you compared, and end with a confidence score from 0 to 1."
compass_bearing_0437_open_q1,compass_bearing_0437.png,"Read the compass rose in the corner, then compare the straight-line displacement between every pair of landmarks: name the two landmarks that lie closest together, and give the compass direction from the alphabetically earlier of them to the other, using only north, north-east, east, south-east, south, south-west, west or north-west. State your conclusion, justify it by describing the displacements you compared, and end with a confidence score from 0 to 1."
compass_bearing_0442_open_q1,compass_bearing_0442.png,"Read the compass rose in the corner, then compare the straight-line displacement between every pair of landmarks: name the two landmarks that lie closest together, and give the compass direction from the alphabetically earlier of them to the other, using only north, north-east, east, south-east, south, south-west, west or north-west. State your conclusion, justify it by describing the displacements you compared, and end with a confidence score from 0 to 1."
compass_bearing_0445_open_q1,compass_bearing_0445.png,"Read the compass rose in the corner, then compare the straight-line displacement between every pair of landmarks: name the two landmarks that lie closest together, and give the compass direction from the alphabetically earlier of them to the other, using only north, north-east, east, south-east, south, south-west, west or north-west. State your conclusion, justify it by describing the displacements you compared, and end with a confidence score from 0 to 1."
compass_bearing_0446_open_q1,compass_bearing_0446.png,"Read the compass rose in the corner, then compare the straight-line displacement between every pair of landmarks: name the two landmarks that lie closest together, and give the compass direction from the alphabetically earlier of them to the other, using only north, north-east, east, south-east, south, south-west, west or north-west. State your conclusion, justify it by describing the displacements you compared, and end with a confidence score from 0 to 1."
compass_bearing_0450_open_q1,compass_bearing_0450.png,"Read the compass rose in the corner, then compare the straight-line displacement between every pair of landmarks: name the two landmarks that lie closest together, and give the compass direction from the alphabetically earlier of them to the other, using only north, north-east, east, south-east, south, south-west, west or north-west. State your conclusion, justify it by describing the displacements you compared, and end with a confidence score from 0 to 1."
compass_bearing_0451_open_q1,compass_bearing_0451.png,"Read the compass rose in the corner, then compare the straight-line displacement between every pair of landmarks: name the two landmarks that lie closest together, and give the compass direction from the alphabetically earlier of them to the other, using only north, north-east, east, south-east, south, south-west, west or north-west. State your conclusion, justify it by describing the displacements you compared, and end with a confidence score from 0 to 1."
compass_bearing_0453_open_q1,compass_bearing_0453.png,"Read the compass rose in the corner, then compare the straight-line displacement between every pair of landmarks: name the two landmarks that lie closest together, and give the compass direction from the alphabetically earlier of them to the other, using only north, north-east, east, south-east, south, south-west, west or north-west. State your conclusion, justify it by describing the displacements you compared, and end with a confidence score from 0 to 1."
compass_bearing_0455_open_q1,compass_bearing_0455.png,"Read the compass rose in the corner, then compare the straight-line displacement between every pair of landmarks: name the two landmarks that lie closest together, and give the compass direction from the alphabetically earlier of them to the other, using only north, north-east, east, south-east, south, south-west, west or north-west. State your conclusion, justify it by describing the displacements you compared, and end with a confidence score from 0 to 1."
compass_bearing_0457_open_q1,compass_bearing_0457.png,"Read the compass rose in the corner, then compare the straight-line displacement between every pair of landmarks: name the two landmarks that lie closest together, and give the compass direction from the alphabetically earlier of them to the other, using only north, north-east, east, south-east, south, south-west, west or north-west. State your conclusion, justify it by describing the displacements you compared, and end with a confidence score from 0 to 1."
compass_bearing_0461_open_q1,compass_bearing_0461.png,"Read the compass rose in the corner, then compare the straight-line displacement between every pair of landmarks: name the two landmarks that lie closest together, and give the compass direction from the alphabetically earlier of them to the other, using only north, north-east, east, south-east, south, south-west, west or north-west. State your conclusion, justify it by describing the displacements you compared, and end with a confidence score from 0 to 1."
compass_bearing_0467_open_q1,compass_bearing_0467.png,"Read the compass rose in the corner, then compare the straight-line displacement between every pair of landmarks: name the two landmarks that lie closest together, and give the compass direction from the alphabetically earlier of them to the other, using only north, north-east, east, south-east, south, south-west, west or north-west. State your conclusion, justify it by describing the displacements you compared, and end with a confidence score from 0 to 1."
compass_bearing_0468_open_q1,compass_bearing_0468.png,"Read the compass rose in the corner, then compare the straight-line displacement between every pair of landmarks: name the two landmarks that lie closest together, and give the compass direction from the alphabetically earlier of them to the other, using only north, north-east, east, south-east, south, south-west, west or north-west. State your conclusion, justify it by describing the displacements you compared, and end with a confidence score from 0 to 1."
compass_bearing_0469_open_q1,compass_bearing_0469.png,"Read the compass rose in the corner, then compare the straight-line displacement between every pair of landmarks: name the two landmarks that lie closest together, and give the compass direction from the alphabetically earlier of them to the other, using only north, north-east, east, south-east, south, south-west, west or north-west. State your conclusion, justify it by describing the displacements you compared, and end with a confidence score from 0 to 1."
compass_bearing_0473_open_q1,compass_bearing_0473.png,"Read the compass rose in the corner, then compare the straight-line displacement between every pair of landmarks: name the two landmarks that lie closest together, and give the compass direction from the alphabetically earlier of them to the other, using only north, north-east, east, south-east, south, south-west, west or north-west. State your conclusion, justify it by describing the displacements you compared, and end with a confidence score from 0 to 1."
compass_bearing_0477_open_q1,compass_bearing_0477.png,"Read the compass rose in the corner, then compare the straight-line displacement between every pair of landmarks: name the two landmarks that lie closest together, and give the compass direction from the alphabetically earlier of them to the other, using only north, north-east, east, south-east, south, south-west, west or north-west. State your conclusion, justify it by describing the displacements you compared, and end with a confidence score from 0 to 1."
compass_bearing_0482_open_q1,compass_bearing_0482.png,"Read the compass rose in the corner, then compare the straight-line displacement between every pair of landmarks: name the two landmarks that lie closest together, and give the compass direction from the alphabetically earlier of them to the other, using only north, north-east, east, south-east, south, south-west, west or north-west. State your conclusion, justify it by describing the displacements you compared, and end with a confidence score from 0 to 1."
compass_bearing_0483_open_q1,compass_bearing_0483.png,"Read the compass rose in the corner, then compare the straight-line displacement between every pair of landmarks: name the two landmarks that lie closest together, and give the compass direction from the alphabetically earlier of them to the other, using only north, north-east, east, south-east, south, south-west, west or north-west. State your conclusion, justify it by describing the displacements you compared, and end with a confidence score from 0 to 1."
compass_bearing_0486_open_q1,compass_bearing_0486.png,"Read the compass rose in the corner, then compare the straight-line displacement between every pair of landmarks: name the two landmarks that lie closest together, and give the compass direction from the alphabetically earlier of them to the other, using only north, north-east, east, south-east, south, south-west, west or north-west. State your conclusion, justify it by describing the displacements you compared, and end with a confidence score from 0 to 1."
compass_bearing_0490_open_q1,compass_bearing_0490.png,"Read the compass rose in the corner, then compare the straight-line displacement between every pair of landmarks: name the two landmarks that lie closest together, and give the compass direction from the alphabetically earlier of them to the other, using only north, north-east, east, south-east, south, south-west, west or north-west. State your conclusion, justify it by describing the displacements you compared, and end with a confidence score from 0 to 1."
compass_bearing_0500_open_q1,compass_bearing_0500.png,"Read the compass rose in the corner, then compare the straight-line displacement between every pair of landmarks: name the two landmarks that lie closest together, and give the compass direction from the alphabetically earlier of them to the other, using only north, north-east, east, south-east, south, south-west, west or north-west. State your conclusion, justify it by describing the displacements you compared, and end with a confidence score from 0 to 1."
compass_bearing_0504_open_q1,compass_bearing_0504.png,"Read the compass rose in the corner, then compare the straight-line displacement between every pair of landmarks: name the two landmarks that lie closest together, and give the compass direction from the alphabetically earlier of them to the other, using only north, north-east, east, south-east, south, south-west, west or north-west. State your conclusion, justify it by describing the displacements you compared, and end with a confidence score from 0 to 1."
compass_bearing_0510_open_q1,compass_bearing_0510.png,"Read the compass rose in the corner, then compare the straight-line displacement between every pair of landmarks: name the two landmarks that lie closest together, and give the compass direction from the alphabetically earlier of them to the other, using only north, north-east, east, south-east, south, south-west, west or north-west. State your conclusion, justify it by describing the displacements you compared, and end with a confidence score from 0 to 1."
compass_bearing_0511_open_q1,compass_bearing_0511.png,"Read the compass rose in the corner, then compare the straight-line displacement between every pair of landmarks: name the two landmarks that lie closest together, and give the compass direction from the alphabetically earlier of them to the other, using only north, north-east, east, south-east, south, south-west, west or north-west. State your conclusion, justify it by describing the displacements you compared, and end with a confidence score from 0 to 1."
compass_bearing_0514_open_q1,compass_bearing_0514.png,"Read the compass rose in the corner, then compare the straight-line displacement between every pair of landmarks: name the two landmarks that lie closest together, and give the compass direction from the alphabetically earlier of them to the other, using only north, north-east, east, south-east, south, south-west, west or north-west. State your conclusion, justify it by describing the displacements you compared, and end with a confidence score from 0 to 1."
compass_bearing_0515_open_q1,compass_bearing_0515.png,"Read the compass rose in the corner, then compare the straight-line displacement between every pair of landmarks: name the two landmarks that lie closest together, and give the compass direction from the alphabetically earlier of them to the other, using only north, north-east, east, south-east, south, south-west, west or north-west. State your conclusion, justify it by describing the displacements you compared, and end with a confidence score from 0 to 1."
compass_bearing_0517_open_q1,compass_bearing_0517.png,"Read the compass rose in the corner, then compare the straight-line displacement between every pair of landmarks: name the two landmarks that lie closest together, and give the compass direction from the alphabetically earlier of them to the other, using only north, north-east, east, south-east, south, south-west, west or north-west. State your conclusion, justify it by describing the displacements you compared, and end with a confidence score from 0 to 1."
compass_bearing_0527_open_q1,compass_bearing_0527.png,"Read the compass rose in the corner, then compare the straight-line displacement between every pair of landmarks: name the two landmarks that lie closest together, and give the compass direction from the alphabetically earlier of them to the other, using only north, north-east, east, south-east, south, south-west, west or north-west. State your conclusion, justify it by describing the displacements you compared, and end with a confidence score from 0 to 1."
compass_bearing_0530_open_q1,compass_bearing_0530.png,"Read the compass rose in the corner, then compare the straight-line displacement between every pair of landmarks: name the two landmarks that lie closest together, and give the compass direction from the alphabetically earlier of them to the other, using only north, north-east, east, south-east, south, south-west, west or north-west. State your conclusion, justify it by describing the displacements you compared, and end with a confidence score from 0 to 1."
compass_bearing_0534_open_q1,compass_bearing_0534.png,"Read the compass rose in the corner, then compare the straight-line displacement between every pair of landmarks: name the two landmarks that lie closest together, and give the compass direction from the alphabetically earlier of them to the other, using only north, north-east, east, south-east, south, south-west, west or north-west. State your conclusion, justify it by describing the displacements you compared, and end with a confidence score from 0 to 1."
compass_bearing_0535_open_q1,compass_bearing_0535.png,"Read the compass rose in the corner, then compare the straight-line displacement between every pair of landmarks: name the two landmarks that lie closest together, and give the compass direction from the alphabetically earlier of them to the other, using only north, north-east, east, south-east, south, south-west, west or north-west. State your conclusion, justify it by describing the displacements you compared, and end with a confidence score from 0 to 1."
compass_bearing_0537_open_q1,compass_bearing_0537.png,"Read the compass rose in the corner, then compare the straight-line displacement between every pair of landmarks: name the two landmarks that lie closest together, and give the compass direction from the alphabetically earlier of them to the other, using only north, north-east, east, south-east, south, south-west, west or north-west. State your conclusion, justify it by describing the displacements you compared, and end with a confidence score from 0 to 1."
compass_bearing_0546_open_q1,compass_bearing_0546.png,"Read the compass rose in the corner, then compare the straight-line displacement between every pair of landmarks: name the two landmarks that lie closest together, and give the compass direction from the alphabetically earlier of them to the other, using only north, north-east, east, south-east, south, south-west, west or north-west. State your conclusion, justify it by describing the displacements you compared, and end with a confidence score from 0 to 1."
compass_bearing_0547_open_q1,compass_bearing_0547.png,"Read the compass rose in the corner, then compare the straight-line displacement between every pair of landmarks: name the two landmarks that lie closest together, and give the compass direction from the alphabetically earlier of them to the other, using only north, north-east, east, south-east, south, south-west, west or north-west. State your conclusion, justify it by describing the displacements you compared, and end with a confidence score from 0 to 1."
compass_bearing_0549_open_q1,compass_bearing_0549.png,"Read the compass rose in the corner, then compare the straight-line displacement between every pair of landmarks: name the two landmarks that lie closest together, and give the compass direction from the alphabetically earlier of them to the other, using only north, north-east, east, south-east, south, south-west, west or north-west. State your conclusion, justify it by describing the displacements you compared, and end with a confidence score from 0 to 1."
compass_bearing_0550_open_q1,compass_bearing_0550.png,"Read the compass rose in the corner, then compare the straight-line displacement between every pair of landmarks: name the two landmarks that lie closest together, and give the compass direction from the alphabetically earlier of them to the other, using only north, north-east, east, south-east, south, south-west, west or north-west. State your conclusion, justify it by describing the displacements you compared, and end with a confidence score from 0 to 1."
compass_bearing_0551_open_q1,compass_bearing_0551.png,"Read the compass rose in the corner, then compare the straight-line displacement between every pair of landmarks: name the two landmarks that lie closest together, and give the compass direction from the alphabetically earlier of them to the other, using only north, north-east, east, south-east, south, south-west, west or north-west. State your conclusion, justify it by describing the displacements you compared, and end with a confidence score from 0 to 1."
compass_bearing_0555_open_q1,compass_bearing_0555.png,"Read the compass rose in the corner, then compare the straight-line displacement between every pair of landmarks: name the two landmarks that lie closest together, and give the compass direction from the alphabetically earlier of them to the other, using only north, north-east, east, south-east, south, south-west, west or north-west. State your conclusion, justify it by describing the displacements you compared, and end with a confidence score from 0 to 1."
compass_bearing_0556_open_q1,compass_bearing_0556.png,"Read the compass rose in the corner, then compare the straight-line displacement between every pair of landmarks: name the two landmarks that lie closest together, and give the compass direction from the alphabetically earlier of them to the other, using only north, north-east, east, south-east, south, south-west, west or north-west. State your conclusion, justify it by describing the displacements you compared, and end with a confidence score from 0 to 1."
compass_bearing_0558_open_q1,compass_bearing_0558.png,"Read the compass rose in the corner, then compare the straight-line displacement between every pair of landmarks: name the two landmarks that lie closest together, and give the compass direction from the alphabetically earlier of them to the other, using only north, north-east, east, south-east, south, south-west, west or north-west. State your conclusion, justify it by describing the displacements you compared, and end with a confidence score from 0 to 1."
compass_bearing_0559_open_q1,compass_bearing_0559.png,"Read the compass rose in the corner, then compare the straight-line displacement between every pair of landmarks: name the two landmarks that lie closest together, and give the compass direction from the alphabetically earlier of them to the other, using only north, north-east, east, south-east, south, south-west, west or north-west. State your conclusion, justify it by describing the displacements you compared, and end with a confidence score from 0 to 1."
compass_bearing_0560_open_q1,compass_bearing_0560.png,"Read the compass rose in the corner, then compare the straight-line displacement between every pair of landmarks: name the two landmarks that lie closest together, and give the compass direction from the alphabetically earlier of them to the other, using only north, north-east, east, south-east, south, south-west, west or north-west. State your conclusion, justify it by describing the displacements you compared, and end with a confidence score from 0 to 1."
compass_bearing_0562_open_q1,compass_bearing_0562.png,"Read the compass rose in the corner, then compare the straight-line displacement between every pair of landmarks: name the two landmarks that lie closest together, and give the compass direction from the alphabetically earlier of them to the other, using only north, north-east, east, south-east, south, south-west, west or north-west. State your conclusion, justify it by describing the displacements you compared, and end with a confidence score from 0 to 1."
compass_bearing_0567_open_q1,compass_bearing_0567.png,"Read the compass rose in the corner, then compare the straight-line displacement between every pair of landmarks: name the two landmarks that lie closest together, and give the compass direction from the alphabetically earlier of them to the other, using only north, north-east, east, south-east, south, south-west, west or north-west. State your conclusion, justify it by describing the displacements you compared, and end with a confidence score from 0 to 1."
compass_bearing_0569_open_q1,compass_bearing_0569.png,"Read the compass rose in the corner, then compare the straight-line displacement between every pair of landmarks: name the two landmarks that lie closest together, and give the compass direction from the alphabetically earlier of them to the other, using only north, north-east, east, south-east, south, south-west, west or north-west. State your conclusion, justify it by describing the displacements you compared, and end with a confidence score from 0 to 1."
compass_bearing_0570_open_q1,compass_bearing_0570.png,"Read the compass rose in the corner, then compare the straight-line displacement between every pair of landmarks: name the two landmarks that lie closest together, and give the compass direction from the alphabetically earlier of them to the other, using only north, north-east, east, south-east, south, south-west, west or north-west. State your conclusion, justify it by describing the displacements you compared, and end with a confidence score from 0 to 1."
compass_bearing_0572_open_q1,compass_bearing_0572.png,"Read the compass rose in the corner, then compare the straight-line displacement between every pair of landmarks: name the two landmarks that lie closest together, and give the compass direction from the alphabetically earlier of them to the other, using only north, north-east, east, south-east, south, south-west, west or north-west. State your conclusion, justify it by describing the displacements you compared, and end with a confidence score from 0 to 1."
compass_bearing_0573_open_q1,compass_bearing_0573.png,"Read the compass rose in the corner, then compare the straight-line displacement between every pair of landmarks: name the two landmarks that lie closest together, and give the compass direction from the alphabetically earlier of them to the other, using only north, north-east, east, south-east, south, south-west, west or north-west. State your conclusion, justify it by describing the displacements you compared, and end with a confidence score from 0 to 1."
compass_bearing_0574_open_q1,compass_bearing_0574.png,"Read the compass rose in the corner, then compare the straight-line displacement between every pair of landmarks: name the two landmarks that lie closest together, and give the compass direction from the alphabetically earlier of them to the other, using only north, north-east, east, south-east, south, south-west, west or north-west. State your conclusion, justify it by describing the displacements you compared, and end with a confidence score from 0 to 1."
compass_bearing_0575_open_q1,compass_bearing_0575.png,"Read the compass rose in the corner, then compare the straight-line displacement between every pair of landmarks: name the two landmarks that lie closest together, and give the compass direction from the alphabetically earlier of them to the other, using only north, north-east, east, south-east, south, south-west, west or north-west. State your conclusion, justify it by describing the displacements you compared, and end with a confidence score from 0 to 1."
compass_bearing_0577_open_q1,compass_bearing_0577.png,"Read the compass rose in the corner, then compare the straight-line displacement between every pair of landmarks: name the two landmarks that lie closest together, and give the compass direction from the alphabetically earlier of them to the other, using only north, north-east, east, south-east, south, south-west, west or north-west. State your conclusion, justify it by describing the displacements you compared, and end with a confidence score from 0 to 1."
compass_bearing_0579_open_q1,compass_bearing_0579.png,"Read the compass rose in the corner, then compare the straight-line displacement between every pair of landmarks: name the two landmarks that lie closest together, and give the compass direction from the alphabetically earlier of them to the other, using only north, north-east, east, south-east, south, south-west, west or north-west. State your conclusion, justify it by describing the displacements you compared, and end with a confidence score from 0 to 1."
compass_bearing_0580_open_q1,compass_bearing_0580.png,"Read the compass rose in the corner, then compare the straight-line displacement between every pair of landmarks: name the two landmarks that lie closest together, and give the compass direction from the alphabetically earlier of them to the other, using only north, north-east, east, south-east, south, south-west, west or north-west. State your conclusion, justify it by describing the displacements you compared, and end with a confidence score from 0 to 1."
compass_bearing_0583_open_q1,compass_bearing_0583.png,"Read the compass rose in the corner, then compare the straight-line displacement between every pair of landmarks: name the two landmarks that lie closest together, and give the compass direction from the alphabetically earlier of them to the other, using only north, north-east, east, south-east, south, south-west, west or north-west. State your conclusion, justify it by describing the displacements you compared, and end with a confidence score from 0 to 1."
compass_bearing_0590_open_q1,compass_bearing_0590.png,"Read the compass rose in the corner, then compare the straight-line displacement between every pair of landmarks: name the two landmarks that lie closest together, and give the compass direction from the alphabetically earlier of them to the other, using only north, north-east, east, south-east, south, south-west, west or north-west. State your conclusion, justify it by describing the displacements you compared, and end with a confidence score from 0 to 1."
compass_bearing_0595_open_q1,compass_bearing_0595.png,"Read the compass rose in the corner, then compare the straight-line displacement between every pair of landmarks: name the two landmarks that lie closest together, and give the compass direction from the alphabetically earlier of them to the other, using only north, north-east, east, south-east, south, south-west, west or north-west. State your conclusion, justify it by describing the displacements you compared, and end with a confidence score from 0 to 1."
compass_bearing_0596_open_q1,compass_bearing_0596.png,"Read the compass rose in the corner, then compare the straight-line displacement between every pair of landmarks: name the two landmarks that lie closest together, and give the compass direction from the alphabetically earlier of them to the other, using only north, north-east, east, south-east, south, south-west, west or north-west. State your conclusion, justify it by describing the displacements you compared, and end with a confidence score from 0 to 1."
compass_bearing_0600_open_q1,compass_bearing_0600.png,"Read the compass rose in the corner, then compare the straight-line displacement between every pair of landmarks: name the two landmarks that lie closest together, and give the compass direction from the alphabetically earlier of them to the other, using only north, north-east, east, south-east, south, south-west, west or north-west. State your conclusion, justify it by describing the displacements you compared, and end with a confidence score from 0 to 1."
compass_bearing_0601_open_q1,compass_bearing_0601.png,"Read the compass rose in the corner, then compare the straight-line displacement between every pair of landmarks: name the two landmarks that lie closest together, and give the compass direction from the alphabetically earlier of them to the other, using only north, north-east, east, south-east, south, south-west, west or north-west. State your conclusion, justify it by describing the displacements you compared, and end with a confidence score from 0 to 1."
compass_bearing_0602_open_q1,compass_bearing_0602.png,"Read the compass rose in the corner, then compare the straight-line displacement between every pair of landmarks: name the two landmarks that lie closest together, and give the compass direction from the alphabetically earlier of them to the other, using only north, north-east, east, south-east, south, south-west, west or north-west. State your conclusion, justify it by describing the displacements you compared, and end with a confidence score from 0 to 1."
compass_bearing_0606_open_q1,compass_bearing_0606.png,"Read the compass rose in the corner, then compare the straight-line displacement between every pair of landmarks: name the two landmarks that lie closest together, and give the compass direction from the alphabetically earlier of them to the other, using only north, north-east, east, south-east, south, south-west, west or north-west. State your conclusion, justify it by describing the displacements you compared, and end with a confidence score from 0 to 1."
compass_bearing_0610_open_q1,compass_bearing_0610.png,"Read the compass rose in the corner, then compare the straight-line displacement between every pair of landmarks: name the two landmarks that lie closest together, and give the compass direction from the alphabetically earlier of them to the other, using only north, north-east, east, south-east, south, south-west, west or north-west. State your conclusion, justify it by describing the displacements you compared, and end with a confidence score from 0 to 1."
compass_bearing_0612_open_q1,compass_bearing_0612.png,"Read the compass rose in the corner, then compare the straight-line displacement between every pair of landmarks: name the two landmarks that lie closest together, and give the compass direction from the alphabetically earlier of them to the other, using only north, north-east, east, south-east, south, south-west, west or north-west. State your conclusion, justify it by describing the displacements you compared, and end with a confidence score from 0 to 1."
compass_bearing_0613_open_q1,compass_bearing_0613.png,"Read the compass rose in the corner, then compare the straight-line displacement between every pair of landmarks: name the two landmarks that lie closest together, and give the compass direction from the alphabetically earlier of them to the other, using only north, north-east, east, south-east, south, south-west, west or north-west. State your conclusion, justify it by describing the displacements you compared, and end with a confidence score from 0 to 1."
compass_bearing_0615_open_q1,compass_bearing_0615.png,"Read the compass rose in the corner, then compare the straight-line displacement between every pair of landmarks: name the two landmarks that lie closest together, and give the compass direction from the alphabetically earlier of them to the other, using only north, north-east, east, south-east, south, south-west, west or north-west. State your conclusion, justify it by describing the displacements you compared, and end with a confidence score from 0 to 1."
compass_bearing_0619_open_q1,compass_bearing_0619.png,"Read the compass rose in the corner, then compare the straight-line displacement between every pair of landmarks: name the two landmarks that lie closest together, and give the compass direction from the alphabetically earlier of them to the other, using only north, north-east, east, south-east, south, south-west, west or north-west. State your conclusion, justify it by describing the displacements you compared, and end with a confidence score from 0 to 1."
compass_bearing_0620_open_q1,compass_bearing_0620.png,"Read the compass rose in the corner, then compare the straight-line displacement between every pair of landmarks: name the two landmarks that lie closest together, and give the compass direction from the alphabetically earlier of them to the other, using only north, north-east, east, south-east, south, south-west, west or north-west. State your conclusion, justify it by describing the displacements you compared, and end with a confidence score from 0 to 1."
compass_bearing_0621_open_q1,compass_bearing_0621.png,"Read the compass rose in the corner, then compare the straight-line displacement between every pair of landmarks: name the two landmarks that lie closest together, and give the compass direction from the alphabetically earlier of them to the other, using only north, north-east, east, south-east, south, south-west, west or north-west. State your conclusion, justify it by describing the displacements you compared, and end with a confidence score from 0 to 1."
compass_bearing_0623_open_q1,compass_bearing_0623.png,"Read the compass rose in the corner, then compare the straight-line displacement between every pair of landmarks: name the two landmarks that lie closest together, and give the compass direction from the alphabetically earlier of them to the other, using only north, north-east, east, south-east, south, south-west, west or north-west. State your conclusion, justify it by describing the displacements you compared, and end with a confidence score from 0 to 1."
compass_bearing_0625_open_q1,compass_bearing_0625.png,"Read the compass rose in the corner, then compare the straight-line displacement between every pair of landmarks: name the two landmarks that lie closest together, and give the compass direction from the alphabetically earlier of them to the other, using only north, north-east, east, south-east, south, south-west, west or north-west. State your conclusion, justify it by describing the displacements you compared, and end with a confidence score from 0 to 1."
compass_bearing_0627_open_q1,compass_bearing_0627.png,"Read the compass rose in the corner, then compare the straight-line displacement between every pair of landmarks: name the two landmarks that lie closest together, and give the compass direction from the alphabetically earlier of them to the other, using only north, north-east, east, south-east, south, south-west, west or north-west. State your conclusion, justify it by describing the displacements you compared, and end with a confidence score from 0 to 1."
compass_bearing_0628_open_q1,compass_bearing_0628.png,"Read the compass rose in the corner, then compare the straight-line displacement between every pair of landmarks: name the two landmarks that lie closest together, and give the compass direction from the alphabetically earlier of them to the other, using only north, north-east, east, south-east, south, south-west, west or north-west. State your conclusion, justify it by describing the displacements you compared, and end with a confidence score from 0 to 1."
compass_bearing_0630_open_q1,compass_bearing_0630.png,"Read the compass rose in the corner, then compare the straight-line displacement between every pair of landmarks: name the two landmarks that lie closest together, and give the compass direction from the alphabetically earlier of them to the other, using only north, north-east, east, south-east, south, south-west, west or north-west. State your conclusion, justify it by describing the displacements you compared, and end with a confidence score from 0 to 1."
compass_bearing_0639_open_q1,compass_bearing_0639.png,"Read the compass rose in the corner, then compare the straight-line displacement between every pair of landmarks: name the two landmarks that lie closest together, and give the compass direction from the alphabetically earlier of them to the other, using only north, north-east, east, south-east, south, south-west, west or north-west. State your conclusion, justify it by describing the displacements you compared, and end with a confidence score from 0 to 1."
compass_bearing_0644_open_q1,compass_bearing_0644.png,"Read the compass rose in the corner, then compare the straight-line displacement between every pair of landmarks: name the two landmarks that lie closest together, and give the compass direction from the alphabetically earlier of them to the other, using only north, north-east, east, south-east, south, south-west, west or north-west. State your conclusion, justify it by describing the displacements you compared, and end with a confidence score from 0 to 1."
compass_bearing_0646_open_q1,compass_bearing_0646.png,"Read the compass rose in the corner, then compare the straight-line displacement between every pair of landmarks: name the two landmarks that lie closest together, and give the compass direction from the alphabetically earlier of them to the other, using only north, north-east, east, south-east, south, south-west, west or north-west. State your conclusion, justify it by describing the displacements you compared, and end with a confidence score from 0 to 1."
compass_bearing_0649_open_q1,compass_bearing_0649.png,"Read the compass rose in the corner, then compare the straight-line displacement between every pair of landmarks: name the two landmarks that lie closest together, and give the compass direction from the alphabetically earlier of them to the other, using only north, north-east, east, south-east, south, south-west, west or north-west. State your conclusion, justify it by describing the displacements you compared, and end with a confidence score from 0 to 1."
compass_bearing_0650_open_q1,compass_bearing_0650.png,"Read the compass rose in the corner, then compare the straight-line displacement between every pair of landmarks: name the two landmarks that lie closest together, and give the compass direction from the alphabetically earlier of them to the other, using only north, north-east, east, south-east, south, south-west, west or north-west. State your conclusion, justify it by describing the displacements you compared, and end with a confidence score from 0 to 1."
compass_bearing_0653_open_q1,compass_bearing_0653.png,"Read the compass rose in the corner, then compare the straight-line displacement between every pair of landmarks: name the two landmarks that lie closest together, and give the compass direction from the alphabetically earlier of them to the other, using only north, north-east, east, south-east, south, south-west, west or north-west. State your conclusion, justify it by describing the displacements you compared, and end with a confidence score from 0 to 1."
compass_bearing_0655_open_q1,compass_bearing_0655.png,"Read the compass rose in the corner, then compare the straight-line displacement between every pair of landmarks: name the two landmarks that lie closest together, and give the compass direction from the alphabetically earlier of them to the other, using only north, north-east, east, south-east, south, south-west, west or north-west. State your conclusion, justify it by describing the displacements you compared, and end with a confidence score from 0 to 1."
compass_bearing_0658_open_q1,compass_bearing_0658.png,"Read the compass rose in the corner, then compare the straight-line displacement between every pair of landmarks: name the two landmarks that lie closest together, and give the compass direction from the alphabetically earlier of them to the other, using only north, north-east, east, south-east, south, south-west, west or north-west. State your conclusion, justify it by describing the displacements you compared, and end with a confidence score from 0 to 1."
compass_bearing_0659_open_q1,compass_bearing_0659.png,"Read the compass rose in the corner, then compare the straight-line displacement between every pair of landmarks: name the two landmarks that lie closest together, and give the compass direction from the alphabetically earlier of them to the other, using only north, north-east, east, south-east, south, south-west, west or north-west. State your conclusion, justify it by describing the displacements you compared, and end with a confidence score from 0 to 1."
compass_bearing_0661_open_q1,compass_bearing_0661.png,"Read the compass rose in the corner, then compare the straight-line displacement between every pair of landmarks: name the two landmarks that lie closest together, and give the compass direction from the alphabetically earlier of them to the other, using only north, north-east, east, south-east, south, south-west, west or north-west. State your conclusion, justify it by describing the displacements you compared, and end with a confidence score from 0 to 1."
compass_bearing_0669_open_q1,compass_bearing_0669.png,"Read the compass rose in the corner, then compare the straight-line displacement between every pair of landmarks: name the two landmarks that lie closest together, and give the compass direction from the alphabetically earlier of them to the other, using only north, north-east, east, south-east, south, south-west, west or north-west. State your conclusion, justify it by describing the displacements you compared, and end with a confidence score from 0 to 1."
compass_bearing_0670_open_q1,compass_bearing_0670.png,"Read the compass rose in the corner, then compare the straight-line displacement between every pair of landmarks: name the two landmarks that lie closest together, and give the compass direction from the alphabetically earlier of them to the other, using only north, north-east, east, south-east, south, south-west, west or north-west. State your conclusion, justify it by describing the displacements you compared, and end with a confidence score from 0 to 1."
compass_bearing_0672_open_q1,compass_bearing_0672.png,"Read the compass rose in the corner, then compare the straight-line displacement between every pair of landmarks: name the two landmarks that lie closest together, and give the compass direction from the alphabetically earlier of them to the other, using only north, north-east, east, south-east, south, south-west, west or north-west. State your conclusion, justify it by describing the displacements you compared, and end with a confidence score from 0 to 1."
compass_bearing_0673_open_q1,compass_bearing_0673.png,"Read the compass rose in the corner, then compare the straight-line displacement between every pair of landmarks: name the two landmarks that lie closest together, and give the compass direction from the alphabetically earlier of them to the other, using only north, north-east, east, south-east, south, south-west, west or north-west. State your conclusion, justify it by describing the displacements you compared, and end with a confidence score from 0 to 1."
compass_bearing_0680_open_q1,compass_bearing_0680.png,"Read the compass rose in the corner, then compare the straight-line displacement between every pair of landmarks: name the two landmarks that lie closest together, and give the compass direction from the alphabetically earlier of them to the other, using only north, north-east, east, south-east, south, south-west, west or north-west. State your conclusion, justify it by describing the displacements you compared, and end with a confidence score from 0 to 1."
compass_bearing_0681_open_q1,compass_bearing_0681.png,"Read the compass rose in the corner, then compare the straight-line displacement between every pair of landmarks: name the two landmarks that lie closest together, and give the compass direction from the alphabetically earlier of them to the other, using only north, north-east, east, south-east, south, south-west, west or north-west. State your conclusion, justify it by describing the displacements you compared, and end with a confidence score from 0 to 1."
compass_bearing_0682_open_q1,compass_bearing_0682.png,"Read the compass rose in the corner, then compare the straight-line displacement between every pair of landmarks: name the two landmarks that lie closest together, and give the compass direction from the alphabetically earlier of them to the other, using only north, north-east, east, south-east, south, south-west, west or north-west. State your conclusion, justify it by describing the displacements you compared, and end with a confidence score from 0 to 1."
compass_bearing_0683_open_q1,compass_bearing_0683.png,"Read the compass rose in the corner, then compare the straight-line displacement between every pair of landmarks: name the two landmarks that lie closest together, and give the compass direction from the alphabetically earlier of them to the other, using only north, north-east, east, south-east, south, south-west, west or north-west. State your conclusion, justify it by describing the displacements you compared, and end with a confidence score from 0 to 1."
compass_bearing_0687_open_q1,compass_bearing_0687.png,"Read the compass rose in the corner, then compare the straight-line displacement between every pair of landmarks: name the two landmarks that lie closest together, and give the compass direction from the alphabetically earlier of them to the other, using only north, north-east, east, south-east, south, south-west, west or north-west. State your conclusion, justify it by describing the displacements you compared, and end with a confidence score from 0 to 1."
compass_bearing_0689_open_q1,compass_bearing_0689.png,"Read the compass rose in the corner, then compare the straight-line displacement between every pair of landmarks: name the two landmarks that lie closest together, and give the compass direction from the alphabetically earlier of them to the other, using only north, north-east, east, south-east, south, south-west, west or north-west. State your conclusion, justify it by describing the displacements you compared, and end with a confidence score from 0 to 1."
compass_bearing_0693_open_q1,compass_bearing_0693.png,"Read the compass rose in the corner, then compare the straight-line displacement between every pair of landmarks: name the two landmarks that lie closest together, and give the compass direction from the alphabetically earlier of them to the other, using only north, north-east, east, south-east, south, south-west, west or north-west. State your conclusion, justify it by describing the displacements you compared, and end with a confidence score from 0 to 1."
compass_bearing_0695_open_q1,compass_bearing_0695.png,"Read the compass rose in the corner, then compare the straight-line displacement between every pair of landmarks: name the two landmarks that lie closest together, and give the compass direction from the alphabetically earlier of them to the other, using only north, north-east, east, south-east, south, south-west, west or north-west. State your conclusion, justify it by describing the displacements you compared, and end with a confidence score from 0 to 1."
compass_bearing_0696_open_q1,compass_bearing_0696.png,"Read the compass rose in the corner, then compare the straight-line displacement between every pair of landmarks: name the two landmarks that lie closest together, and give the compass direction from the alphabetically earlier of them to the other, using only north, north-east, east, south-east, south, south-west, west or north-west. State your conclusion, justify it by describing the displacements you compared, and end with a confidence score from 0 to 1."
compass_bearing_0699_open_q1,compass_bearing_0699.png,"Read the compass rose in the corner, then compare the straight-line displacement between every pair of landmarks: name the two landmarks that lie closest together, and give the compass direction from the alphabetically earlier of them to the other, using only north, north-east, east, south-east, south, south-west, west or north-west. State your conclusion, justify it by describing the displacements you compared, and end with a confidence score from 0 to 1."
compass_bearing_0705_open_q1,compass_bearing_0705.png,"Read the compass rose in the corner, then compare the straight-line displacement between every pair of landmarks: name the two landmarks that lie closest together, and give the compass direction from the alphabetically earlier of them to the other, using only north, north-east, east, south-east, south, south-west, west or north-west. State your conclusion, justify it by describing the displacements you compared, and end with a confidence score from 0 to 1."
compass_bearing_0706_open_q1,compass_bearing_0706.png,"Read the compass rose in the corner, then compare the straight-line displacement between every pair of landmarks: name the two landmarks that lie closest together, and give the compass direction from the alphabetically earlier of them to the other, using only north, north-east, east, south-east, south, south-west, west or north-west. State your conclusion, justify it by describing the displacements you compared, and end with a confidence score from 0 to 1."
compass_bearing_0708_open_q1,compass_bearing_0708.png,"Read the compass rose in the corner, then compare the straight-line displacement between every pair of landmarks: name the two landmarks that lie closest together, and give the compass direction from the alphabetically earlier of them to the other, using only north, north-east, east, south-east, south, south-west, west or north-west. State your conclusion, justify it by describing the displacements you compared, and end with a confidence score from 0 to 1."
compass_bearing_0710_open_q1,compass_bearing_0710.png,"Read the compass rose in the corner, then compare the straight-line displacement between every pair of landmarks: name the two landmarks that lie closest together, and give the compass direction from the alphabetically earlier of them to the other, using only north, north-east, east, south-east, south, south-west, west or north-west. State your conclusion, justify it by describing the displacements you compared, and end with a confidence score from 0 to 1."
compass_bearing_0711_open_q1,compass_bearing_0711.png,"Read the compass rose in the corner, then compare the straight-line displacement between every pair of landmarks: name the two landmarks that lie closest together, and give the compass direction from the alphabetically earlier of them to the other, using only north, north-east, east, south-east, south, south-west, west or north-west. State your conclusion, justify it by describing the displacements you compared, and end with a confidence score from 0 to 1."
compass_bearing_0712_open_q1,compass_bearing_0712.png,"Read the compass rose in the corner, then compare the straight-line displacement between every pair of landmarks: name the two landmarks that lie closest together, and give the compass direction from the alphabetically earlier of them to the other, using only north, north-east, east, south-east, south, south-west, west or north-west. State your conclusion, justify it by describing the displacements you compared, and end with a confidence score from 0 to 1."
compass_bearing_0716_open_q1,compass_bearing_0716.png,"Read the compass rose in the corner, then compare the straight-line displacement between every pair of landmarks: name the two landmarks that lie closest together, and give the compass direction from the alphabetically earlier of them to the other, using only north, north-east, east, south-east, south, south-west, west or north-west. State your conclusion, justify it by describing the displacements you compared, and end with a confidence score from 0 to 1."
compass_bearing_0719_open_q1,compass_bearing_0719.png,"Read the compass rose in the corner, then compare the straight-line displacement between every pair of landmarks: name the two landmarks that lie closest together, and give the compass direction from the alphabetically earlier of them to the other, using only north, north-east, east, south-east, south, south-west, west or north-west. State your conclusion, justify it by describing the displacements you compared, and end with a confidence score from 0 to 1."
compass_bearing_0720_open_q1,compass_bearing_0720.png,"Read the compass rose in the corner, then compare the straight-line displacement between every pair of landmarks: name the two landmarks that lie closest together, and give the compass direction from the alphabetically earlier of them to the other, using only north, north-east, east, south-east, south, south-west, west or north-west. State your conclusion, justify it by describing the displacements you compared, and end with a confidence score from 0 to 1."
compass_bearing_0725_open_q1,compass_bearing_0725.png,"Read the compass rose in the corner, then compare the straight-line displacement between every pair of landmarks: name the two landmarks that lie closest together, and give the compass direction from the alphabetically earlier of them to the other, using only north, north-east, east, south-east, south, south-west, west or north-west. State your conclusion, justify it by describing the displacements you compared, and end with a confidence score from 0 to 1."
compass_bearing_0730_open_q1,compass_bearing_0730.png,"Read the compass rose in the corner, then compare the straight-line displacement between every pair of landmarks: name the two landmarks that lie closest together, and give the compass direction from the alphabetically earlier of them to the other, using only north, north-east, east, south-east, south, south-west, west or north-west. State your conclusion, justify it by describing the displacements you compared, and end with a confidence score from 0 to 1."
compass_bearing_0732_open_q1,compass_bearing_0732.png,"Read the compass rose in the corner, then compare the straight-line displacement between every pair of landmarks: name the two landmarks that lie closest together, and give the compass direction from the alphabetically earlier of them to the other, using only north, north-east, east, south-east, south, south-west, west or north-west. State your conclusion, justify it by describing the displacements you compared, and end with a confidence score from 0 to 1."
compass_bearing_0733_open_q1,compass_bearing_0733.png,"Read the compass rose in the corner, then compare the straight-line displacement between every pair of landmarks: name the two landmarks that lie closest together, and give the compass direction from the alphabetically earlier of them to the other, using only north, north-east, east, south-east, south, south-west, west or north-west. State your conclusion, justify it by describing the displacements you compared, and end with a confidence score from 0 to 1."
compass_bearing_0734_open_q1,compass_bearing_0734.png,"Read the compass rose in the corner, then compare the straight-line displacement between every pair of landmarks: name the two landmarks that lie closest together, and give the compass direction from the alphabetically earlier of them to the other, using only north, north-east, east, south-east, south, south-west, west or north-west. State your conclusion, justify it by describing the displacements you compared, and end with a confidence score from 0 to 1."
compass_bearing_0736_open_q1,compass_bearing_0736.png,"Read the compass rose in the corner, then compare the straight-line displacement between every pair of landmarks: name the two landmarks that lie closest together, and give the compass direction from the alphabetically earlier of them to the other, using only north, north-east, east, south-east, south, south-west, west or north-west. State your conclusion, justify it by describing the displacements you compared, and end with a confidence score from 0 to 1."
compass_bearing_0742_open_q1,compass_bearing_0742.png,"Read the compass rose in the corner, then compare the straight-line displacement between every pair of landmarks: name the two landmarks that lie closest together, and give the compass direction from the alphabetically earlier of them to the other, using only north, north-east, east, south-east, south, south-west, west or north-west. State your conclusion, justify it by describing the displacements you compared, and end with a confidence score from 0 to 1."
compass_bearing_0744_open_q1,compass_bearing_0744.png,"Read the compass rose in the corner, then compare the straight-line displacement between every pair of landmarks: name the two landmarks that lie closest together, and give the compass direction from the alphabetically earlier of them to the other, using only north, north-east, east, south-east, south, south-west, west or north-west. State your conclusion, justify it by describing the displacements you compared, and end with a confidence score from 0 to 1."
compass_bearing_0752_open_q1,compass_bearing_0752.png,"Read the compass rose in the corner, then compare the straight-line displacement between every pair of landmarks: name the two landmarks that lie closest together, and give the compass direction from the alphabetically earlier of them to the other, using only north, north-east, east, south-east, south, south-west, west or north-west. State your conclusion, justify it by describing the displacements you compared, and end with a confidence score from 0 to 1."
compass_bearing_0754_open_q1,compass_bearing_0754.png,"Read the compass rose in the corner, then compare the straight-line displacement between every pair of landmarks: name the two landmarks that lie closest together, and give the compass direction from the alphabetically earlier of them to the other, using only north, north-east, east, south-east, south, south-west, west or north-west. State your conclusion, justify it by describing the displacements you compared, and end with a confidence score from 0 to 1."
compass_bearing_0759_open_q1,compass_bearing_0759.png,"Read the compass rose in the corner, then compare the straight-line displacement between every pair of landmarks: name the two landmarks that lie closest together, and give the compass direction from the alphabetically earlier of them to the other, using only north, north-east, east, south-east, south, south-west, west or north-west. State your conclusion, justify it by describing the displacements you compared, and end with a confidence score from 0 to 1."
compass_bearing_0760_open_q1,compass_bearing_0760.png,"Read the compass rose in the corner, then compare the straight-line displacement between every pair of landmarks: name the two landmarks that lie closest together, and give the compass direction from the alphabetically earlier of them to the other, using only north, north-east, east, south-east, south, south-west, west or north-west. State your conclusion, justify it by describing the displacements you compared, and end with a confidence score from 0 to 1."
compass_bearing_0765_open_q1,compass_bearing_0765.png,"Read the compass rose in the corner, then compare the straight-line displacement between every pair of landmarks: name the two landmarks that lie closest together, and give the compass direction from the alphabetically earlier of them to the other, using only north, north-east, east, south-east, south, south-west, west or north-west. State your conclusion, justify it by describing the displacements you compared, and end with a confidence score from 0 to 1."
compass_bearing_0768_open_q1,compass_bearing_0768.png,"Read the compass rose in the corner, then compare the straight-line displacement between every pair of landmarks: name the two landmarks that lie closest together, and give the compass direction from the alphabetically earlier of them to the other, using only north, north-east, east, south-east, south, south-west, west or north-west. State your conclusion, justify it by describing the displacements you compared, and end with a confidence score from 0 to 1."
compass_bearing_0770_open_q1,compass_bearing_0770.png,"Read the compass rose in the corner, then compare the straight-line displacement between every pair of landmarks: name the two landmarks that lie closest together, and give the compass direction from the alphabetically earlier of them to the other, using only north, north-east, east, south-east, south, south-west, west or north-west. State your conclusion, justify it by describing the displacements you compared, and end with a confidence score from 0 to 1."
compass_bearing_0775_open_q1,compass_bearing_0775.png,"Read the compass rose in the corner, then compare the straight-line displacement between every pair of landmarks: name the two landmarks that lie closest together, and give the compass direction from the alphabetically earlier of them to the other, using only north, north-east, east, south-east, south, south-west, west or north-west. State your conclusion, justify it by describing the displacements you compared, and end with a confidence score from 0 to 1."
compass_bearing_0779_open_q1,compass_bearing_0779.png,"Read the compass rose in the corner, then compare the straight-line displacement between every pair of landmarks: name the two landmarks that lie closest together, and give the compass direction from the alphabetically earlier of them to the other, using only north, north-east, east, south-east, south, south-west, west or north-west. State your conclusion, justify it by describing the displacements you compared, and end with a confidence score from 0 to 1."
compass_bearing_0780_open_q1,compass_bearing_0780.png,"Read the compass rose in the corner, then compare the straight-line displacement between every pair of landmarks: name the two landmarks that lie closest together, and give the compass direction from the alphabetically earlier of them to the other, using only north, north-east, east, south-east, south, south-west, west or north-west. State your conclusion, justify it by describing the displacements you compared, and end with a confidence score from 0 to 1."
compass_bearing_0782_open_q1,compass_bearing_0782.png,"Read the compass rose in the corner, then compare the straight-line displacement between every pair of landmarks: name the two landmarks that lie closest together, and give the compass direction from the alphabetically earlier of them to the other, using only north, north-east, east, south-east, south, south-west, west or north-west. State your conclusion, justify it by describing the displacements you compared, and end with a confidence score from 0 to 1."
compass_bearing_0784_open_q1,compass_bearing_0784.png,"Read the compass rose in the corner, then compare the straight-line displacement between every pair of landmarks: name the two landmarks that lie closest together, and give the compass direction from the alphabetically earlier of them to the other, using only north, north-east, east, south-east, south, south-west, west or north-west. State your conclusion, justify it by describing the displacements you compared, and end with a confidence score from 0 to 1."
compass_bearing_0787_open_q1,compass_bearing_0787.png,"Read the compass rose in the corner, then compare the straight-line displacement between every pair of landmarks: name the two landmarks that lie closest together, and give the compass direction from the alphabetically earlier of them to the other, using only north, north-east, east, south-east, south, south-west, west or north-west. State your conclusion, justify it by describing the displacements you compared, and end with a confidence score from 0 to 1."
compass_bearing_0789_open_q1,compass_bearing_0789.png,"Read the compass rose in the corner, then compare the straight-line displacement between every pair of landmarks: name the two landmarks that lie closest together, and give the compass direction from the alphabetically earlier of them to the other, using only north, north-east, east, south-east, south, south-west, west or north-west. State your conclusion, justify it by describing the displacements you compared, and end with a confidence score from 0 to 1."
compass_bearing_0790_open_q1,compass_bearing_0790.png,"Read the compass rose in the corner, then compare the straight-line displacement between every pair of landmarks: name the two landmarks that lie closest together, and give the compass direction from the alphabetically earlier of them to the other, using only north, north-east, east, south-east, south, south-west, west or north-west. State your conclusion, justify it by describing the displacements you compared, and end with a confidence score from 0 to 1."
compass_bearing_0797_open_q1,compass_bearing_0797.png,"Read the compass rose in the corner, then compare the straight-line displacement between every pair of landmarks: name the two landmarks that lie closest together, and give the compass direction from the alphabetically earlier of them to the other, using only north, north-east, east, south-east, south, south-west, west or north-west. State your conclusion, justify it by describing the displacements you compared, and end with a confidence score from 0 to 1."
compass_bearing_0798_open_q1,compass_bearing_0798.png,"Read the compass rose in the corner, then compare the straight-line displacement between every pair of landmarks: name the two landmarks that lie closest together, and give the compass direction from the alphabetically earlier of them to the other, using only north, north-east, east, south-east, south, south-west, west or north-west. State your conclusion, justify it by describing the displacements you compared, and end with a confidence score from 0 to 1."
compass_bearing_0799_open_q1,compass_bearing_0799.png,"Read the compass rose in the corner, then compare the straight-line displacement between every pair of landmarks: name the two landmarks that lie closest together, and give the compass direction from the alphabetically earlier of them to the other, using only north, north-east, east, south-east, south, south-west, west or north-west. State your conclusion, justify it by describing the displacements you compared, and end with a confidence score from 0 to 1."
compass_bearing_0802_open_q1,compass_bearing_0802.png,"Read the compass rose in the corner, then compare the straight-line displacement between every pair of landmarks: name the two landmarks that lie closest together, and give the compass direction from the alphabetically earlier of them to the other, using only north, north-east, east, south-east, south, south-west, west or north-west. State your conclusion, justify it by describing the displacements you compared, and end with a confidence score from 0 to 1."
compass_bearing_0806_open_q1,compass_bearing_0806.png,"Read the compass rose in the corner, then compare the straight-line displacement between every pair of landmarks: name the two landmarks that lie closest together, and give the compass direction from the alphabetically earlier of them to the other, using only north, north-east, east, south-east, south, south-west, west or north-west. State your conclusion, justify it by describing the displacements you compared, and end with a confidence score from 0 to 1."
compass_bearing_0817_open_q1,compass_bearing_0817.png,"Read the compass rose in the corner, then compare the straight-line displacement between every pair of landmarks: name the two landmarks that lie closest together, and give the compass direction from the alphabetically earlier of them to the other, using only north, north-east, east, south-east, south, south-west, west or north-west. State your conclusion, justify it by describing the displacements you compared, and end with a confidence score from 0 to 1."
compass_bearing_0818_open_q1,compass_bearing_0818.png,"Read the compass rose in the corner, then compare the straight-line displacement between every pair of landmarks: name the two landmarks that lie closest together, and give the compass direction from the alphabetically earlier of them to the other, using only north, north-east, east, south-east, south, south-west, west or north-west. State your conclusion, justify it by describing the displacements you compared, and end with a confidence score from 0 to 1."
compass_bearing_0819_open_q1,compass_bearing_0819.png,"Read the compass rose in the corner, then compare the straight-line displacement between every pair of landmarks: name the two landmarks that lie closest together, and give the compass direction from the alphabetically earlier of them to the other, using only north, north-east, east, south-east, south, south-west, west or north-west. State your conclusion, justify it by describing the displacements you compared, and end with a confidence score from 0 to 1."
compass_bearing_0820_open_q1,compass_bearing_0820.png,"Read the compass rose in the corner, then compare the straight-line displacement between every pair of landmarks: name the two landmarks that lie closest together, and give the compass direction from the alphabetically earlier of them to the other, using only north, north-east, east, south-east, south, south-west, west or north-west. State your conclusion, justify it by describing the displacements you compared, and end with a confidence score from 0 to 1."
compass_bearing_0822_open_q1,compass_bearing_0822.png,"Read the compass rose in the corner, then compare the straight-line displacement between every pair of landmarks: name the two landmarks that lie closest together, and give the compass direction from the alphabetically earlier of them to the other, using only north, north-east, east, south-east, south, south-west, west or north-west. State your conclusion, justify it by describing the displacements you compared, and end with a confidence score from 0 to 1."
compass_bearing_0825_open_q1,compass_bearing_0825.png,"Read the compass rose in the corner, then compare the straight-line displacement between every pair of landmarks: name the two landmarks that lie closest together, and give the compass direction from the alphabetically earlier of them to the other, using only north, north-east, east, south-east, south, south-west, west or north-west. State your conclusion, justify it by describing the displacements you compared, and end with a confidence score from 0 to 1."
compass_bearing_0827_open_q1,compass_bearing_0827.png,"Read the compass rose in the corner, then compare the straight-line displacement between every pair of landmarks: name the two landmarks that lie closest together, and give the compass direction from the alphabetically earlier of them to the other, using only north, north-east, east, south-east, south, south-west, west or north-west. State your conclusion, justify it by describing the displacements you compared, and end with a confidence score from 0 to 1."
compass_bearing_0829_open_q1,compass_bearing_0829.png,"Read the compass rose in the corner, then compare the straight-line displacement between every pair of landmarks: name the two landmarks that lie closest together, and give the compass direction from the alphabetically earlier of them to the other, using only north, north-east, east, south-east, south, south-west, west or north-west. State your conclusion, justify it by describing the displacements you compared, and end with a confidence score from 0 to 1."
compass_bearing_0830_open_q1,compass_bearing_0830.png,"Read the compass rose in the corner, then compare the straight-line displacement between every pair of landmarks: name the two landmarks that lie closest together, and give the compass direction from the alphabetically earlier of them to the other, using only north, north-east, east, south-east, south, south-west, west or north-west. State your conclusion, justify it by describing the displacements you compared, and end with a confidence score from 0 to 1."
compass_bearing_0832_open_q1,compass_bearing_0832.png,"Read the compass rose in the corner, then compare the straight-line displacement between every pair of landmarks: name the two landmarks that lie closest together, and give the compass direction from the alphabetically earlier of them to the other, using only north, north-east, east, south-east, south, south-west, west or north-west. State your conclusion, justify it by describing the displacements you compared, and end with a confidence score from 0 to 1."
compass_bearing_0834_open_q1,compass_bearing_0834.png,"Read the compass rose in the corner, then compare the straight-line displacement between every pair of landmarks: name the two landmarks that lie closest together, and give the compass direction from the alphabetically earlier of them to the other, using only north, north-east, east, south-east, south, south-west, west or north-west. State your conclusion, justify it by describing the displacements you compared, and end with a confidence score from 0 to 1."
compass_bearing_0836_open_q1,compass_bearing_0836.png,"Read the compass rose in the corner, then compare the straight-line displacement between every pair of landmarks: name the two landmarks that lie closest together, and give the compass direction from the alphabetically earlier of them to the other, using only north, north-east, east, south-east, south, south-west, west or north-west. State your conclusion, justify it by describing the displacements you compared, and end with a confidence score from 0 to 1."
compass_bearing_0837_open_q1,compass_bearing_0837.png,"Read the compass rose in the corner, then compare the straight-line displacement between every pair of landmarks: name the two landmarks that lie closest together, and give the compass direction from the alphabetically earlier of them to the other, using only north, north-east, east, south-east, south, south-west, west or north-west. State your conclusion, justify it by describing the displacements you compared, and end with a confidence score from 0 to 1."
compass_bearing_0838_open_q1,compass_bearing_0838.png,"Read the compass rose in the corner, then compare the straight-line displacement between every pair of landmarks: name the two landmarks that lie closest together, and give the compass direction from the alphabetically earlier of them to the other, using only north, north-east, east, south-east, south, south-west, west or north-west. State your conclusion, justify it by describing the displacements you compared, and end with a confidence score from 0 to 1."
compass_bearing_0839_open_q1,compass_bearing_0839.png,"Read the compass rose in the corner, then compare the straight-line displacement between every pair of landmarks: name the two landmarks that lie closest together, and give the compass direction from the alphabetically earlier of them to the other, using only north, north-east, east, south-east, south, south-west, west or north-west. State your conclusion, justify it by describing the displacements you compared, and end with a confidence score from 0 to 1."
compass_bearing_0842_open_q1,compass_bearing_0842.png,"Read the compass rose in the corner, then compare the straight-line displacement between every pair of landmarks: name the two landmarks that lie closest together, and give the compass direction from the alphabetically earlier of them to the other, using only north, north-east, east, south-east, south, south-west, west or north-west. State your conclusion, justify it by describing the displacements you compared, and end with a confidence score from 0 to 1."
compass_bearing_0848_open_q1,compass_bearing_0848.png,"Read the compass rose in the corner, then compare the straight-line displacement between every pair of landmarks: name the two landmarks that lie closest together, and give the compass direction from the alphabetically earlier of them to the other, using only north, north-east, east, south-east, south, south-west, west or north-west. State your conclusion, justify it by describing the displacements you compared, and end with a confidence score from 0 to 1."
compass_bearing_0852_open_q1,compass_bearing_0852.png,"Read the compass rose in the corner, then compare the straight-line displacement between every pair of landmarks: name the two landmarks that lie closest together, and give the compass direction from the alphabetically earlier of them to the other, using only north, north-east, east, south-east, south, south-west, west or north-west. State your conclusion, justify it by describing the displacements you compared, and end with a confidence score from 0 to 1."
compass_bearing_0858_open_q1,compass_bearing_0858.png,"Read the compass rose in the corner, then compare the straight-line displacement between every pair of landmarks: name the two landmarks that lie closest together, and give the compass direction from the alphabetically earlier of them to the other, using only north, north-east, east, south-east, south, south-west, west or north-west. State your conclusion, justify it by describing the displacements you compared, and end with a confidence score from 0 to 1."
compass_bearing_0859_open_q1,compass_bearing_0859.png,"Read the compass rose in the corner, then compare the straight-line displacement between every pair of landmarks: name the two landmarks that lie closest together, and give the compass direction from the alphabetically earlier of them to the other, using only north, north-east, east, south-east, south, south-west, west or north-west. State your conclusion, justify it by describing the displacements you compared, and end with a confidence score from 0 to 1."
compass_bearing_0861_open_q1,compass_bearing_0861.png,"Read the compass rose in the corner, then compare the straight-line displacement between every pair of landmarks: name the two landmarks that lie closest together, and give the compass direction from the alphabetically earlier of them to the other, using only north, north-east, east, south-east, south, south-west, west or north-west. State your conclusion, justify it by describing the displacements you compared, and end with a confidence score from 0 to 1."
compass_bearing_0863_open_q1,compass_bearing_0863.png,"Read the compass rose in the corner, then compare the straight-line displacement between every pair of landmarks: name the two landmarks that lie closest together, and give the compass direction from the alphabetically earlier of them to the other, using only north, north-east, east, south-east, south, south-west, west or north-west. State your conclusion, justify it by describing the displacements you compared, and end with a confidence score from 0 to 1."
compass_bearing_0864_open_q1,compass_bearing_0864.png,"Read the compass rose in the corner, then compare the straight-line displacement between every pair of landmarks: name the two landmarks that lie closest together, and give the compass direction from the alphabetically earlier of them to the other, using only north, north-east, east, south-east, south, south-west, west or north-west. State your conclusion, justify it by describing the displacements you compared, and end with a confidence score from 0 to 1."
compass_bearing_0867_open_q1,compass_bearing_0867.png,"Read the compass rose in the corner, then compare the straight-line displacement between every pair of landmarks: name the two landmarks that lie closest together, and give the compass direction from the alphabetically earlier of them to the other, using only north, north-east, east, south-east, south, south-west, west or north-west. State your conclusion, justify it by describing the displacements you compared, and end with a confidence score from 0 to 1."
compass_bearing_0869_open_q1,compass_bearing_0869.png,"Read the compass rose in the corner, then compare the straight-line displacement between every pair of landmarks: name the two landmarks that lie closest together, and give the compass direction from the alphabetically earlier of them to the other, using only north, north-east, east, south-east, south, south-west, west or north-west. State your conclusion, justify it by describing the displacements you compared, and end with a confidence score from 0 to 1."
compass_bearing_0875_open_q1,compass_bearing_0875.png,"Read the compass rose in the corner, then compare the straight-line displacement between every pair of landmarks: name the two landmarks that lie closest together, and give the compass direction from the alphabetically earlier of them to the other, using only north, north-east, east, south-east, south, south-west, west or north-west. State your conclusion, justify it by describing the displacements you compared, and end with a confidence score from 0 to 1."
compass_bearing_0876_open_q1,compass_bearing_0876.png,"Read the compass rose in the corner, then compare the straight-line displacement between every pair of landmarks: name the two landmarks that lie closest together, and give the compass direction from the alphabetically earlier of them to the other, using only north, north-east, east, south-east, south, south-west, west or north-west. State your conclusion, justify it by describing the displacements you compared, and end with a confidence score from 0 to 1."
compass_bearing_0877_open_q1,compass_bearing_0877.png,"Read the compass rose in the corner, then compare the straight-line displacement between every pair of landmarks: name the two landmarks that lie closest together, and give the compass direction from the alphabetically earlier of them to the other, using only north, north-east, east, south-east, south, south-west, west or north-west. State your conclusion, justify it by describing the displacements you compared, and end with a confidence score from 0 to 1."
compass_bearing_0881_open_q1,compass_bearing_0881.png,"Read the compass rose in the corner, then compare the straight-line displacement between every pair of landmarks: name the two landmarks that lie closest together, and give the compass direction from the alphabetically earlier of them to the other, using only north, north-east, east, south-east, south, south-west, west or north-west. State your conclusion, justify it by describing the displacements you compared, and end with a confidence score from 0 to 1."
compass_bearing_0882_open_q1,compass_bearing_0882.png,"Read the compass rose in the corner, then compare the straight-line displacement between every pair of landmarks: name the two landmarks that lie closest together, and give the compass direction from the alphabetically earlier of them to the other, using only north, north-east, east, south-east, south, south-west, west or north-west. State your conclusion, justify it by describing the displacements you compared, and end with a confidence score from 0 to 1."
compass_bearing_0884_open_q1,compass_bearing_0884.png,"Read the compass rose in the corner, then compare the straight-line displacement between every pair of landmarks: name the two landmarks that lie closest together, and give the compass direction from the alphabetically earlier of them to the other, using only north, north-east, east, south-east, south, south-west, west or north-west. State your conclusion, justify it by describing the displacements you compared, and end with a confidence score from 0 to 1."
compass_bearing_0885_open_q1,compass_bearing_0885.png,"Read the compass rose in the corner, then compare the straight-line displacement between every pair of landmarks: name the two landmarks that lie closest together, and give the compass direction from the alphabetically earlier of them to the other, using only north, north-east, east, south-east, south, south-west, west or north-west. State your conclusion, justify it by describing the displacements you compared, and end with a confidence score from 0 to 1."
compass_bearing_0886_open_q1,compass_bearing_0886.png,"Read the compass rose in the corner, then compare the straight-line displacement between every pair of landmarks: name the two landmarks that lie closest together, and give the compass direction from the alphabetically earlier of them to the other, using only north, north-east, east, south-east, south, south-west, west or north-west. State your conclusion, justify it by describing the displacements you compared, and end with a confidence score from 0 to 1."
compass_bearing_0887_open_q1,compass_bearing_0887.png,"Read the compass rose in the corner, then compare the straight-line displacement between every pair of landmarks: name the two landmarks that lie closest together, and give the compass direction from the alphabetically earlier of them to the other, using only north, north-east, east, south-east, south, south-west, west or north-west. State your conclusion, justify it by describing the displacements you compared, and end with a confidence score from 0 to 1."
compass_bearing_0890_open_q1,compass_bearing_0890.png,"Read the compass rose in the corner, then compare the straight-line displacement between every pair of landmarks: name the two landmarks that lie closest together, and give the compass direction from the alphabetically earlier of them to the other, using only north, north-east, east, south-east, south, south-west, west or north-west. State your conclusion, justify it by describing the displacements you compared, and end with a confidence score from 0 to 1."
compass_bearing_0893_open_q1,compass_bearing_0893.png,"Read the compass rose in the corner, then compare the straight-line displacement between every pair of landmarks: name the two landmarks that lie closest together, and give the compass direction from the alphabetically earlier of them to the other, using only north, north-east, east, south-east, south, south-west, west or north-west. State your conclusion, justify it by describing the displacements you compared, and end with a confidence score from 0 to 1."
compass_bearing_0896_open_q1,compass_bearing_0896.png,"Read the compass rose in the corner, then compare the straight-line displacement between every pair of landmarks: name the two landmarks that lie closest together, and give the compass direction from the alphabetically earlier of them to the other, using only north, north-east, east, south-east, south, south-west, west or north-west. State your conclusion, justify it by describing the displacements you compared, and end with a confidence score from 0 to 1."
compass_bearing_0899_open_q1,compass_bearing_0899.png,"Read the compass rose in the corner, then compare the straight-line displacement between every pair of landmarks: name the two landmarks that lie closest together, and give the compass direction from the alphabetically earlier of them to the other, using only north, north-east, east, south-east, south, south-west, west or north-west. State your conclusion, justify it by describing the displacements you compared, and end with a confidence score from 0 to 1."
compass_bearing_0903_open_q1,compass_bearing_0903.png,"Read the compass rose in the corner, then compare the straight-line displacement between every pair of landmarks: name the two landmarks that lie closest together, and give the compass direction from the alphabetically earlier of them to the other, using only north, north-east, east, south-east, south, south-west, west or north-west. State your conclusion, justify it by describing the displacements you compared, and end with a confidence score from 0 to 1."
compass_bearing_0904_open_q1,compass_bearing_0904.png,"Read the compass rose in the corner, then compare the straight-line displacement between every pair of landmarks: name the two landmarks that lie closest together, and give the compass direction from the alphabetically earlier of them to the other, using only north, north-east, east, south-east, south, south-west, west or north-west. State your conclusion, justify it by describing the displacements you compared, and end with a confidence score from 0 to 1."
compass_bearing_0909_open_q1,compass_bearing_0909.png,"Read the compass rose in the corner, then compare the straight-line displacement between every pair of landmarks: name the two landmarks that lie closest together, and give the compass direction from the alphabetically earlier of them to the other, using only north, north-east, east, south-east, south, south-west, west or north-west. State your conclusion, justify it by describing the displacements you compared, and end with a confidence score from 0 to 1."
compass_bearing_0911_open_q1,compass_bearing_0911.png,"Read the compass rose in the corner, then compare the straight-line displacement between every pair of landmarks: name the two landmarks that lie closest together, and give the compass direction from the alphabetically earlier of them to the other, using only north, north-east, east, south-east, south, south-west, west or north-west. State your conclusion, justify it by describing the displacements you compared, and end with a confidence score from 0 to 1."
compass_bearing_0913_open_q1,compass_bearing_0913.png,"Read the compass rose in the corner, then compare the straight-line displacement between every pair of landmarks: name the two landmarks that lie closest together, and give the compass direction from the alphabetically earlier of them to the other, using only north, north-east, east, south-east, south, south-west, west or north-west. State your conclusion, justify it by describing the displacements you compared, and end with a confidence score from 0 to 1."
compass_bearing_0918_open_q1,compass_bearing_0918.png,"Read the compass rose in the corner, then compare the straight-line displacement between every pair of landmarks: name the two landmarks that lie closest together, and give the compass direction from the alphabetically earlier of them to the other, using only north, north-east, east, south-east, south, south-west, west or north-west. State your conclusion, justify it by describing the displacements you compared, and end with a confidence score from 0 to 1."
compass_bearing_0920_open_q1,compass_bearing_0920.png,"Read the compass rose in the corner, then compare the straight-line displacement between every pair of landmarks: name the two landmarks that lie closest together, and give the compass direction from the alphabetically earlier of them to the other, using only north, north-east, east, south-east, south, south-west, west or north-west. State your conclusion, justify it by describing the displacements you compared, and end with a confidence score from 0 to 1."
compass_bearing_0922_open_q1,compass_bearing_0922.png,"Read the compass rose in the corner, then compare the straight-line displacement between every pair of landmarks: name the two landmarks that lie closest together, and give the compass direction from the alphabetically earlier of them to the other, using only north, north-east, east, south-east, south, south-west, west or north-west. State your conclusion, justify it by describing the displacements you compared, and end with a confidence score from 0 to 1."
compass_bearing_0924_open_q1,compass_bearing_0924.png,"Read the compass rose in the corner, then compare the straight-line displacement between every pair of landmarks: name the two landmarks that lie closest together, and give the compass direction from the alphabetically earlier of them to the other, using only north, north-east, east, south-east, south, south-west, west or north-west. State your conclusion, justify it by describing the displacements you compared, and end with a confidence score from 0 to 1."
compass_bearing_0926_open_q1,compass_bearing_0926.png,"Read the compass rose in the corner, then compare the straight-line displacement between every pair of landmarks: name the two landmarks that lie closest together, and give the compass direction from the alphabetically earlier of them to the other, using only north, north-east, east, south-east, south, south-west, west or north-west. State your conclusion, justify it by describing the displacements you compared, and end with a confidence score from 0 to 1."
compass_bearing_0930_open_q1,compass_bearing_0930.png,"Read the compass rose in the corner, then compare the straight-line displacement between every pair of landmarks: name the two landmarks that lie closest together, and give the compass direction from the alphabetically earlier of them to the other, using only north, north-east, east, south-east, south, south-west, west or north-west. State your conclusion, justify it by describing the displacements you compared, and end with a confidence score from 0 to 1."
compass_bearing_0941_open_q1,compass_bearing_0941.png,"Read the compass rose in the corner, then compare the straight-line displacement between every pair of landmarks: name the two landmarks that lie closest together, and give the compass direction from the alphabetically earlier of them to the other, using only north, north-east, east, south-east, south, south-west, west or north-west. State your conclusion, justify it by describing the displacements you compared, and end with a confidence score from 0 to 1."
compass_bearing_0943_open_q1,compass_bearing_0943.png,"Read the compass rose in the corner, then compare the straight-line displacement between every pair of landmarks: name the two landmarks that lie closest together, and give the compass direction from the alphabetically earlier of them to the other, using only north, north-east, east, south-east, south, south-west, west or north-west. State your conclusion, justify it by describing the displacements you compared, and end with a confidence score from 0 to 1."
compass_bearing_0944_open_q1,compass_bearing_0944.png,"Read the compass rose in the corner, then compare the straight-line displacement between every pair of landmarks: name the two landmarks that lie closest together, and give the compass direction from the alphabetically earlier of them to the other, using only north, north-east, east, south-east, south, south-west, west or north-west. State your conclusion, justify it by describing the displacements you compared, and end with a confidence score from 0 to 1."
compass_bearing_0945_open_q1,compass_bearing_0945.png,"Read the compass rose in the corner, then compare the straight-line displacement between every pair of landmarks: name the two landmarks that lie closest together, and give the compass direction from the alphabetically earlier of them to the other, using only north, north-east, east, south-east, south, south-west, west or north-west. State your conclusion, justify it by describing the displacements you compared, and end with a confidence score from 0 to 1."
compass_bearing_0947_open_q1,compass_bearing_0947.png,"Read the compass rose in the corner, then compare the straight-line displacement between every pair of landmarks: name the two landmarks that lie closest together, and give the compass direction from the alphabetically earlier of them to the other, using only north, north-east, east, south-east, south, south-west, west or north-west. State your conclusion, justify it by describing the displacements you compared, and end with a confidence score from 0 to 1."
compass_bearing_0948_open_q1,compass_bearing_0948.png,"Read the compass rose in the corner, then compare the straight-line displacement between every pair of landmarks: name the two landmarks that lie closest together, and give the compass direction from the alphabetically earlier of them to the other, using only north, north-east, east, south-east, south, south-west, west or north-west. State your conclusion, justify it by describing the displacements you compared, and end with a confidence score from 0 to 1."
compass_bearing_0950_open_q1,compass_bearing_0950.png,"Read the compass rose in the corner, then compare the straight-line displacement between every pair of landmarks: name the two landmarks that lie closest together, and give the compass direction from the alphabetically earlier of them to the other, using only north, north-east, east, south-east, south, south-west, west or north-west. State your conclusion, justify it by describing the displacements you compared, and end with a confidence score from 0 to 1."
compass_bearing_0956_open_q1,compass_bearing_0956.png,"Read the compass rose in the corner, then compare the straight-line displacement between every pair of landmarks: name the two landmarks that lie closest together, and give the compass direction from the alphabetically earlier of them to the other, using only north, north-east, east, south-east, south, south-west, west or north-west. State your conclusion, justify it by describing the displacements you compared, and end with a confidence score from 0 to 1."
compass_bearing_0960_open_q1,compass_bearing_0960.png,"Read the compass rose in the corner, then compare the straight-line displacement between every pair of landmarks: name the two landmarks that lie closest together, and give the compass direction from the alphabetically earlier of them to the other, using only north, north-east, east, south-east, south, south-west, west or north-west. State your conclusion, justify it by describing the displacements you compared, and end with a confidence score from 0 to 1."
compass_bearing_0965_open_q1,compass_bearing_0965.png,"Read the compass rose in the corner, then compare the straight-line displacement between every pair of landmarks: name the two landmarks that lie closest together, and give the compass direction from the alphabetically earlier of them to the other, using only north, north-east, east, south-east, south, south-west, west or north-west. State your conclusion, justify it by describing the displacements you compared, and end with a confidence score from 0 to 1."
compass_bearing_0966_open_q1,compass_bearing_0966.png,"Read the compass rose in the corner, then compare the straight-line displacement between every pair of landmarks: name the two landmarks that lie closest together, and give the compass direction from the alphabetically earlier of them to the other, using only north, north-east, east, south-east, south, south-west, west or north-west. State your conclusion, justify it by describing the displacements you compared, and end with a confidence score from 0 to 1."
compass_bearing_0969_open_q1,compass_bearing_0969.png,"Read the compass rose in the corner, then compare the straight-line displacement between every pair of landmarks: name the two landmarks that lie closest together, and give the compass direction from the alphabetically earlier of them to the other, using only north, north-east, east, south-east, south, south-west, west or north-west. State your conclusion, justify it by describing the displacements you compared, and end with a confidence score from 0 to 1."
compass_bearing_0970_open_q1,compass_bearing_0970.png,"Read the compass rose in the corner, then compare the straight-line displacement between every pair of landmarks: name the two landmarks that lie closest together, and give the compass direction from the alphabetically earlier of them to the other, using only north, north-east, east, south-east, south, south-west, west or north-west. State your conclusion, justify it by describing the displacements you compared, and end with a confidence score from 0 to 1."
compass_bearing_0972_open_q1,compass_bearing_0972.png,"Read the compass rose in the corner, then compare the straight-line displacement between every pair of landmarks: name the two landmarks that lie closest together, and give the compass direction from the alphabetically earlier of them to the other, using only north, north-east, east, south-east, south, south-west, west or north-west. State your conclusion, justify it by describing the displacements you compared, and end with a confidence score from 0 to 1."
compass_bearing_0974_open_q1,compass_bearing_0974.png,"Read the compass rose in the corner, then compare the straight-line displacement between every pair of landmarks: name the two landmarks that lie closest together, and give the compass direction from the alphabetically earlier of them to the other, using only north, north-east, east, south-east, south, south-west, west or north-west. State your conclusion, justify it by describing the displacements you compared, and end with a confidence score from 0 to 1."
compass_bearing_0975_open_q1,compass_bearing_0975.png,"Read the compass rose in the corner, then compare the straight-line displacement between every pair of landmarks: name the two landmarks that lie closest together, and give the compass direction from the alphabetically earlier of them to the other, using only north, north-east, east, south-east, south, south-west, west or north-west. State your conclusion, justify it by describing the displacements you compared, and end with a confidence score from 0 to 1."
compass_bearing_0978_open_q1,compass_bearing_0978.png,"Read the compass rose in the corner, then compare the straight-line displacement between every pair of landmarks: name the two landmarks that lie closest together, and give the compass direction from the alphabetically earlier of them to the other, using only north, north-east, east, south-east, south, south-west, west or north-west. State your conclusion, justify it by describing the displacements you compared, and end with a confidence score from 0 to 1."
compass_bearing_0980_open_q1,compass_bearing_0980.png,"Read the compass rose in the corner, then compare the straight-line displacement between every pair of landmarks: name the two landmarks that lie closest together, and give the compass direction from the alphabetically earlier of them to the other, using only north, north-east, east, south-east, south, south-west, west or north-west. State your conclusion, justify it by describing the displacements you compared, and end with a confidence score from 0 to 1."
compass_bearing_0981_open_q1,compass_bearing_0981.png,"Read the compass rose in the corner, then compare the straight-line displacement between every pair of landmarks: name the two landmarks that lie closest together, and give the compass direction from the alphabetically earlier of them to the other, using only north, north-east, east, south-east, south, south-west, west or north-west. State your conclusion, justify it by describing the displacements you compared, and end with a confidence score from 0 to 1."
compass_bearing_0987_open_q1,compass_bearing_0987.png,"Read the compass rose in the corner, then compare the straight-line displacement between every pair of landmarks: name the two landmarks that lie closest together, and give the compass direction from the alphabetically earlier of them to the other, using only north, north-east, east, south-east, south, south-west, west or north-west. State your conclusion, justify it by describing the displacements you compared, and end with a confidence score from 0 to 1."
compass_bearing_0990_open_q1,compass_bearing_0990.png,"Read the compass rose in the corner, then compare the straight-line displacement between every pair of landmarks: name the two landmarks that lie closest together, and give the compass direction from the alphabetically earlier of them to the other, using only north, north-east, east, south-east, south, south-west, west or north-west. State your conclusion, justify it by describing the displacements you compared, and end with a confidence score from 0 to 1."
compass_bearing_1005_open_q1,compass_bearing_1005.png,"Read the compass rose in the corner, then compare the straight-line displacement between every pair of landmarks: name the two landmarks that lie closest together, and give the compass direction from the alphabetically earlier of them to the other, using only north, north-east, east, south-east, south, south-west, west or north-west. State your conclusion, justify it by describing the displacements you compared, and end with a confidence score from 0 to 1."
compass_bearing_1008_open_q1,compass_bearing_1008.png,"Read the compass rose in the corner, then compare the straight-line displacement between every pair of landmarks: name the two landmarks that lie closest together, and give the compass direction from the alphabetically earlier of them to the other, using only north, north-east, east, south-east, south, south-west, west or north-west. State your conclusion, justify it by describing the displacements you compared, and end with a confidence score from 0 to 1."
compass_bearing_1010_open_q1,compass_bearing_1010.png,"Read the compass rose in the corner, then compare the straight-line displacement between every pair of landmarks: name the two landmarks that lie closest together, and give the compass direction from the alphabetically earlier of them to the other, using only north, north-east, east, south-east, south, south-west, west or north-west. State your conclusion, justify it by describing the displacements you compared, and end with a confidence score from 0 to 1."
compass_bearing_1011_open_q1,compass_bearing_1011.png,"Read the compass rose in the corner, then compare the straight-line displacement between every pair of landmarks: name the two landmarks that lie closest together, and give the compass direction from the alphabetically earlier of them to the other, using only north, north-east, east, south-east, south, south-west, west or north-west. State your conclusion, justify it by describing the displacements you compared, and end with a confidence score from 0 to 1."
compass_bearing_1013_open_q1,compass_bearing_1013.png,"Read the compass rose in the corner, then compare the straight-line displacement between every pair of landmarks: name the two landmarks that lie closest together, and give the compass direction from the alphabetically earlier of them to the other, using only north, north-east, east, south-east, south, south-west, west or north-west. State your conclusion, justify it by describing the displacements you compared, and end with a confidence score from 0 to 1."
compass_bearing_1014_open_q1,compass_bearing_1014.png,"Read the compass rose in the corner, then compare the straight-line displacement between every pair of landmarks: name the two landmarks that lie closest together, and give the compass direction from the alphabetically earlier of them to the other, using only north, north-east, east, south-east, south, south-west, west or north-west. State your conclusion, justify it by describing the displacements you compared, and end with a confidence score from 0 to 1."
compass_bearing_1016_open_q1,compass_bearing_1016.png,"Read the compass rose in the corner, then compare the straight-line displacement between every pair of landmarks: name the two landmarks that lie closest together, and give the compass direction from the alphabetically earlier of them to the other, using only north, north-east, east, south-east, south, south-west, west or north-west. State your conclusion, justify it by describing the displacements you compared, and end with a confidence score from 0 to 1."
compass_bearing_1020_open_q1,compass_bearing_1020.png,"Read the compass rose in the corner, then compare the straight-line displacement between every pair of landmarks: name the two landmarks that lie closest together, and give the compass direction from the alphabetically earlier of them to the other, using only north, north-east, east, south-east, south, south-west, west or north-west. State your conclusion, justify it by describing the displacements you compared, and end with a confidence score from 0 to 1."
compass_bearing_1024_open_q1,compass_bearing_1024.png,"Read the compass rose in the corner, then compare the straight-line displacement between every pair of landmarks: name the two landmarks that lie closest together, and give the compass direction from the alphabetically earlier of them to the other, using only north, north-east, east, south-east, south, south-west, west or north-west. State your conclusion, justify it by describing the displacements you compared, and end with a confidence score from 0 to 1."
compass_bearing_1025_open_q1,compass_bearing_1025.png,"Read the compass rose in the corner, then compare the straight-line displacement between every pair of landmarks: name the two landmarks that lie closest together, and give the compass direction from the alphabetically earlier of them to the other, using only north, north-east, east, south-east, south, south-west, west or north-west. State your conclusion, justify it by describing the displacements you compared, and end with a confidence score from 0 to 1."
compass_bearing_1030_open_q1,compass_bearing_1030.png,"Read the compass rose in the corner, then compare the straight-line displacement between every pair of landmarks: name the two landmarks that lie closest together, and give the compass direction from the alphabetically earlier of them to the other, using only north, north-east, east, south-east, south, south-west, west or north-west. State your conclusion, justify it by describing the displacements you compared, and end with a confidence score from 0 to 1."
compass_bearing_1034_open_q1,compass_bearing_1034.png,"Read the compass rose in the corner, then compare the straight-line displacement between every pair of landmarks: name the two landmarks that lie closest together, and give the compass direction from the alphabetically earlier of them to the other, using only north, north-east, east, south-east, south, south-west, west or north-west. State your conclusion, justify it by describing the displacements you compared, and end with a confidence score from 0 to 1."
compass_bearing_1035_open_q1,compass_bearing_1035.png,"Read the compass rose in the corner, then compare the straight-line displacement between every pair of landmarks: name the two landmarks that lie closest together, and give the compass direction from the alphabetically earlier of them to the other, using only north, north-east, east, south-east, south, south-west, west or north-west. State your conclusion, justify it by describing the displacements you compared, and end with a confidence score from 0 to 1."
compass_bearing_1036_open_q1,compass_bearing_1036.png,"Read the compass rose in the corner, then compare the straight-line displacement between every pair of landmarks: name the two landmarks that lie closest together, and give the compass direction from the alphabetically earlier of them to the other, using only north, north-east, east, south-east, south, south-west, west or north-west. State your conclusion, justify it by describing the displacements you compared, and end with a confidence score from 0 to 1."
compass_bearing_1038_open_q1,compass_bearing_1038.png,"Read the compass rose in the corner, then compare the straight-line displacement between every pair of landmarks: name the two landmarks that lie closest together, and give the compass direction from the alphabetically earlier of them to the other, using only north, north-east, east, south-east, south, south-west, west or north-west. State your conclusion, justify it by describing the displacements you compared, and end with a confidence score from 0 to 1."
compass_bearing_1039_open_q1,compass_bearing_1039.png,"Read the compass rose in the corner, then compare the straight-line displacement between every pair of landmarks: name the two landmarks that lie closest together, and give the compass direction from the alphabetically earlier of them to the other, using only north, north-east, east, south-east, south, south-west, west or north-west. State your conclusion, justify it by describing the displacements you compared, and end with a confidence score from 0 to 1."
compass_bearing_1042_open_q1,compass_bearing_1042.png,"Read the compass rose in the corner, then compare the straight-line displacement between every pair of landmarks: name the two landmarks that lie closest together, and give the compass direction from the alphabetically earlier of them to the other, using only north, north-east, east, south-east, south, south-west, west or north-west. State your conclusion, justify it by describing the displacements you compared, and end with a confidence score from 0 to 1."
compass_bearing_1043_open_q1,compass_bearing_1043.png,"Read the compass rose in the corner, then compare the straight-line displacement between every pair of landmarks: name the two landmarks that lie closest together, and give the compass direction from the alphabetically earlier of them to the other, using only north, north-east, east, south-east, south, south-west, west or north-west. State your conclusion, justify it by describing the displacements you compared, and end with a confidence score from 0 to 1."
compass_bearing_1048_open_q1,compass_bearing_1048.png,"Read the compass rose in the corner, then compare the straight-line displacement between every pair of landmarks: name the two landmarks that lie closest together, and give the compass direction from the alphabetically earlier of them to the other, using only north, north-east, east, south-east, south, south-west, west or north-west. State your conclusion, justify it by describing the displacements you compared, and end with a confidence score from 0 to 1."
compass_bearing_1049_open_q1,compass_bearing_1049.png,"Read the compass rose in the corner, then compare the straight-line displacement between every pair of landmarks: name the two landmarks that lie closest together, and give the compass direction from the alphabetically earlier of them to the other, using only north, north-east, east, south-east, south, south-west, west or north-west. State your conclusion, justify it by describing the displacements you compared, and end with a confidence score from 0 to 1."
compass_bearing_1050_open_q1,compass_bearing_1050.png,"Read the compass rose in the corner, then compare the straight-line displacement between every pair of landmarks: name the two landmarks that lie closest together, and give the compass direction from the alphabetically earlier of them to the other, using only north, north-east, east, south-east, south, south-west, west or north-west. State your conclusion, justify it by describing the displacements you compared, and end with a confidence score from 0 to 1."
compass_bearing_1052_open_q1,compass_bearing_1052.png,"Read the compass rose in the corner, then compare the straight-line displacement between every pair of landmarks: name the two landmarks that lie closest together, and give the compass direction from the alphabetically earlier of them to the other, using only north, north-east, east, south-east, south, south-west, west or north-west. State your conclusion, justify it by describing the displacements you compared, and end with a confidence score from 0 to 1."
compass_bearing_1055_open_q1,compass_bearing_1055.png,"Read the compass rose in the corner, then compare the straight-line displacement between every pair of landmarks: name the two landmarks that lie closest together, and give the compass direction from the alphabetically earlier of them to the other, using only north, north-east, east, south-east, south, south-west, west or north-west. State your conclusion, justify it by describing the displacements you compared, and end with a confidence score from 0 to 1."
compass_bearing_1059_open_q1,compass_bearing_1059.png,"Read the compass rose in the corner, then compare the straight-line displacement between every pair of landmarks: name the two landmarks that lie closest together, and give the compass direction from the alphabetically earlier of them to the other, using only north, north-east, east, south-east, south, south-west, west or north-west. State your conclusion, justify it by describing the displacements you compared, and end with a confidence score from 0 to 1."
compass_bearing_1060_open_q1,compass_bearing_1060.png,"Read the compass rose in the corner, then compare the straight-line displacement between every pair of landmarks: name the two landmarks that lie closest together, and give the compass direction from the alphabetically earlier of them to the other, using only north, north-east, east, south-east, south, south-west, west or north-west. State your conclusion, justify it by describing the displacements you compared, and end with a confidence score from 0 to 1."
compass_bearing_1063_open_q1,compass_bearing_1063.png,"Read the compass rose in the corner, then compare the straight-line displacement between every pair of landmarks: name the two landmarks that lie closest together, and give the compass direction from the alphabetically earlier of them to the other, using only north, north-east, east, south-east, south, south-west, west or north-west. State your conclusion, justify it by describing the displacements you compared, and end with a confidence score from 0 to 1."
compass_bearing_1067_open_q1,compass_bearing_1067.png,"Read the compass rose in the corner, then compare the straight-line displacement between every pair of landmarks: name the two landmarks that lie closest together, and give the compass direction from the alphabetically earlier of them to the other, using only north, north-east, east, south-east, south, south-west, west or north-west. State your conclusion, justify it by describing the displacements you compared, and end with a confidence score from 0 to 1."
compass_bearing_1069_open_q1,compass_bearing_1069.png,"Read the compass rose in the corner, then compare the straight-line displacement between every pair of landmarks: name the two landmarks that lie closest together, and give the compass direction from the alphabetically earlier of them to the other, using only north, north-east, east, south-east, south, south-west, west or north-west. State your conclusion, justify it by describing the displacements you compared, and end with a confidence score from 0 to 1."
compass_bearing_1070_open_q1,compass_bearing_1070.png,"Read the compass rose in the corner, then compare the straight-line displacement between every pair of landmarks: name the two landmarks that lie closest together, and give the compass direction from the alphabetically earlier of them to the other, using only north, north-east, east, south-east, south, south-west, west or north-west. State your conclusion, justify it by describing the displacements you compared, and end with a confidence score from 0 to 1."
compass_bearing_1072_open_q1,compass_bearing_1072.png,"Read the compass rose in the corner, then compare the straight-line displacement between every pair of landmarks: name the two landmarks that lie closest together, and give the compass direction from the alphabetically earlier of them to the other, using only north, north-east, east, south-east, south, south-west, west or north-west. State your conclusion, justify it by describing the displacements you compared, and end with a confidence score from 0 to 1."
compass_bearing_1077_open_q1,compass_bearing_1077.png,"Read the compass rose in the corner, then compare the straight-line displacement between every pair of landmarks: name the two landmarks that lie closest together, and give the compass direction from the alphabetically earlier of them to the other, using only north, north-east, east, south-east, south, south-west, west or north-west. State your conclusion, justify it by describing the displacements you compared, and end with a confidence score from 0 to 1."
compass_bearing_1079_open_q1,compass_bearing_1079.png,"Read the compass rose in the corner, then compare the straight-line displacement between every pair of landmarks: name the two landmarks that lie closest together, and give the compass direction from the alphabetically earlier of them to the other, using only north, north-east, east, south-east, south, south-west, west or north-west. State your conclusion, justify it by describing the displacements you compared, and end with a confidence score from 0 to 1."
compass_bearing_1086_open_q1,compass_bearing_1086.png,"Read the compass rose in the corner, then compare the straight-line displacement between every pair of landmarks: name the two landmarks that lie closest together, and give the compass direction from the alphabetically earlier of them to the other, using only north, north-east, east, south-east, south, south-west, west or north-west. State your conclusion, justify it by describing the displacements you compared, and end with a confidence score from 0 to 1."
compass_bearing_1090_open_q1,compass_bearing_1090.png,"Read the compass rose in the corner, then compare the straight-line displacement between every pair of landmarks: name the two landmarks that lie closest together, and give the compass direction from the alphabetically earlier of them to the other, using only north, north-east, east, south-east, south, south-west, west or north-west. State your conclusion, justify it by describing the displacements you compared, and end with a confidence score from 0 to 1."
compass_bearing_1091_open_q1,compass_bearing_1091.png,"Read the compass rose in the corner, then compare the straight-line displacement between every pair of landmarks: name the two landmarks that lie closest together, and give the compass direction from the alphabetically earlier of them to the other, using only north, north-east, east, south-east, south, south-west, west or north-west. State your conclusion, justify it by describing the displacements you compared, and end with a confidence score from 0 to 1."
compass_bearing_1095_open_q1,compass_bearing_1095.png,"Read the compass rose in the corner, then compare the straight-line displacement between every pair of landmarks: name the two landmarks that lie closest together, and give the compass direction from the alphabetically earlier of them to the other, using only north, north-east, east, south-east, south, south-west, west or north-west. State your conclusion, justify it by describing the displacements you compared, and end with a confidence score from 0 to 1."
compass_bearing_1096_open_q1,compass_bearing_1096.png,"Read the compass rose in the corner, then compare the straight-line displacement between every pair of landmarks: name the two landmarks that lie closest together, and give the compass direction from the alphabetically earlier of them to the other, using only north, north-east, east, south-east, south, south-west, west or north-west. State your conclusion, justify it by describing the displacements you compared, and end with a confidence score from 0 to 1."
compass_bearing_1098_open_q1,compass_bearing_1098.png,"Read the compass rose in the corner, then compare the straight-line displacement between every pair of landmarks: name the two landmarks that lie closest together, and give the compass direction from the alphabetically earlier of them to the other, using only north, north-east, east, south-east, south, south-west, west or north-west. State your conclusion, justify it by describing the displacements you compared, and end with a confidence score from 0 to 1."
compass_bearing_1100_open_q1,compass_bearing_1100.png,"Read the compass rose in the corner, then compare the straight-line displacement between every pair of landmarks: name the two landmarks that lie closest together, and give the compass direction from the alphabetically earlier of them to the other, using only north, north-east, east, south-east, south, south-west, west or north-west. State your conclusion, justify it by describing the displacements you compared, and end with a confidence score from 0 to 1."
compass_bearing_1101_open_q1,compass_bearing_1101.png,"Read the compass rose in the corner, then compare the straight-line displacement between every pair of landmarks: name the two landmarks that lie closest together, and give the compass direction from the alphabetically earlier of them to the other, using only north, north-east, east, south-east, south, south-west, west or north-west. State your conclusion, justify it by describing the displacements you compared, and end with a confidence score from 0 to 1."
compass_bearing_1102_open_q1,compass_bearing_1102.png,"Read the compass rose in the corner, then compare the straight-line displacement between every pair of landmarks: name the two landmarks that lie closest together, and give the compass direction from the alphabetically earlier of them to the other, using only north, north-east, east, south-east, south, south-west, west or north-west. State your conclusion, justify it by describing the displacements you compared, and end with a confidence score from 0 to 1."
compass_bearing_1106_open_q1,compass_bearing_1106.png,"Read the compass rose in the corner, then compare the straight-line displacement between every pair of landmarks: name the two landmarks that lie closest together, and give the compass direction from the alphabetically earlier of them to the other, using only north, north-east, east, south-east, south, south-west, west or north-west. State your conclusion, justify it by describing the displacements you compared, and end with a confidence score from 0 to 1."
compass_bearing_1109_open_q1,compass_bearing_1109.png,"Read the compass rose in the corner, then compare the straight-line displacement between every pair of landmarks: name the two landmarks that lie closest together, and give the compass direction from the alphabetically earlier of them to the other, using only north, north-east, east, south-east, south, south-west, west or north-west. State your conclusion, justify it by describing the displacements you compared, and end with a confidence score from 0 to 1."
compass_bearing_1120_open_q1,compass_bearing_1120.png,"Read the compass rose in the corner, then compare the straight-line displacement between every pair of landmarks: name the two landmarks that lie closest together, and give the compass direction from the alphabetically earlier of them to the other, using only north, north-east, east, south-east, south, south-west, west or north-west. State your conclusion, justify it by describing the displacements you compared, and end with a confidence score from 0 to 1."
compass_bearing_1121_open_q1,compass_bearing_1121.png,"Read the compass rose in the corner, then compare the straight-line displacement between every pair of landmarks: name the two landmarks that lie closest together, and give the compass direction from the alphabetically earlier of them to the other, using only north, north-east, east, south-east, south, south-west, west or north-west. State your conclusion, justify it by describing the displacements you compared, and end with a confidence score from 0 to 1."
compass_bearing_1122_open_q1,compass_bearing_1122.png,"Read the compass rose in the corner, then compare the straight-line displacement between every pair of landmarks: name the two landmarks that lie closest together, and give the compass direction from the alphabetically earlier of them to the other, using only north, north-east, east, south-east, south, south-west, west or north-west. State your conclusion, justify it by describing the displacements you compared, and end with a confidence score from 0 to 1."
compass_bearing_1125_open_q1,compass_bearing_1125.png,"Read the compass rose in the corner, then compare the straight-line displacement between every pair of landmarks: name the two landmarks that lie closest together, and give the compass direction from the alphabetically earlier of them to the other, using only north, north-east, east, south-east, south, south-west, west or north-west. State your conclusion, justify it by describing the displacements you compared, and end with a confidence score from 0 to 1."
compass_bearing_1129_open_q1,compass_bearing_1129.png,"Read the compass rose in the corner, then compare the straight-line displacement between every pair of landmarks: name the two landmarks that lie closest together, and give the compass direction from the alphabetically earlier of them to the other, using only north, north-east, east, south-east, south, south-west, west or north-west. State your conclusion, justify it by describing the displacements you compared, and end with a confidence score from 0 to 1."
compass_bearing_1131_open_q1,compass_bearing_1131.png,"Read the compass rose in the corner, then compare the straight-line displacement between every pair of landmarks: name the two landmarks that lie closest together, and give the compass direction from the alphabetically earlier of them to the other, using only north, north-east, east, south-east, south, south-west, west or north-west. State your conclusion, justify it by describing the displacements you compared, and end with a confidence score from 0 to 1."
compass_bearing_1137_open_q1,compass_bearing_1137.png,"Read the compass rose in the corner, then compare the straight-line displacement between every pair of landmarks: name the two landmarks that lie closest together, and give the compass direction from the alphabetically earlier of them to the other, using only north, north-east, east, south-east, south, south-west, west or north-west. State your conclusion, justify it by describing the displacements you compared, and end with a confidence score from 0 to 1."
compass_bearing_1142_open_q1,compass_bearing_1142.png,"Read the compass rose in the corner, then compare the straight-line displacement between every pair of landmarks: name the two landmarks that lie closest together, and give the compass direction from the alphabetically earlier of them to the other, using only north, north-east, east, south-east, south, south-west, west or north-west. State your conclusion, justify it by describing the displacements you compared, and end with a confidence score from 0 to 1."
compass_bearing_1144_open_q1,compass_bearing_1144.png,"Read the compass rose in the corner, then compare the straight-line displacement between every pair of landmarks: name the two landmarks that lie closest together, and give the compass direction from the alphabetically earlier of them to the other, using only north, north-east, east, south-east, south, south-west, west or north-west. State your conclusion, justify it by describing the displacements you compared, and end with a confidence score from 0 to 1."
compass_bearing_1146_open_q1,compass_bearing_1146.png,"Read the compass rose in the corner, then compare the straight-line displacement between every pair of landmarks: name the two landmarks that lie closest together, and give the compass direction from the alphabetically earlier of them to the other, using only north, north-east, east, south-east, south, south-west, west or north-west. State your conclusion, justify it by describing the displacements you compared, and end with a confidence score from 0 to 1."
compass_bearing_1150_open_q1,compass_bearing_1150.png,"Read the compass rose in the corner, then compare the straight-line displacement between every pair of landmarks: name the two landmarks that lie closest together, and give the compass direction from the alphabetically earlier of them to the other, using only north, north-east, east, south-east, south, south-west, west or north-west. State your conclusion, justify it by describing the displacements you compared, and end with a confidence score from 0 to 1."
compass_bearing_1151_open_q1,compass_bearing_1151.png,"Read the compass rose in the corner, then compare the straight-line displacement between every pair of landmarks: name the two landmarks that lie closest together, and give the compass direction from the alphabetically earlier of them to the other, using only north, north-east, east, south-east, south, south-west, west or north-west. State your conclusion, justify it by describing the displacements you compared, and end with a confidence score from 0 to 1."
compass_bearing_1153_open_q1,compass_bearing_1153.png,"Read the compass rose in the corner, then compare the straight-line displacement between every pair of landmarks: name the two landmarks that lie closest together, and give the compass direction from the alphabetically earlier of them to the other, using only north, north-east, east, south-east, south, south-west, west or north-west. State your conclusion, justify it by describing the displacements you compared, and end with a confidence score from 0 to 1."
compass_bearing_1156_open_q1,compass_bearing_1156.png,"Read the compass rose in the corner, then compare the straight-line displacement between every pair of landmarks: name the two landmarks that lie closest together, and give the compass direction from the alphabetically earlier of them to the other, using only north, north-east, east, south-east, south, south-west, west or north-west. State your conclusion, justify it by describing the displacements you compared, and end with a confidence score from 0 to 1."
compass_bearing_1164_open_q1,compass_bearing_1164.png,"Read the compass rose in the corner, then compare the straight-line displacement between every pair of landmarks: name the two landmarks that lie closest together, and give the compass direction from the alphabetically earlier of them to the other, using only north, north-east, east, south-east, south, south-west, west or north-west. State your conclusion, justify it by describing the displacements you compared, and end with a confidence score from 0 to 1."
compass_bearing_1165_open_q1,compass_bearing_1165.png,"Read the compass rose in the corner, then compare the straight-line displacement between every pair of landmarks: name the two landmarks that lie closest together, and give the compass direction from the alphabetically earlier of them to the other, using only north, north-east, east, south-east, south, south-west, west or north-west. State your conclusion, justify it by describing the displacements you compared, and end with a confidence score from 0 to 1."
compass_bearing_1168_open_q1,compass_bearing_1168.png,"Read the compass rose in the corner, then compare the straight-line displacement between every pair of landmarks: name the two landmarks that lie closest together, and give the compass direction from the alphabetically earlier of them to the other, using only north, north-east, east, south-east, south, south-west, west or north-west. State your conclusion, justify it by describing the displacements you compared, and end with a confidence score from 0 to 1."
compass_bearing_1169_open_q1,compass_bearing_1169.png,"Read the compass rose in the corner, then compare the straight-line displacement between every pair of landmarks: name the two landmarks that lie closest together, and give the compass direction from the alphabetically earlier of them to the other, using only north, north-east, east, south-east, south, south-west, west or north-west. State your conclusion, justify it by describing the displacements you compared, and end with a confidence score from 0 to 1."
compass_bearing_1170_open_q1,compass_bearing_1170.png,"Read the compass rose in the corner, then compare the straight-line displacement between every pair of landmarks: name the two landmarks that lie closest together, and give the compass direction from the alphabetically earlier of them to the other, using only north, north-east, east, south-east, south, south-west, west or north-west. State your conclusion, justify it by describing the displacements you compared, and end with a confidence score from 0 to 1."
compass_bearing_1171_open_q1,compass_bearing_1171.png,"Read the compass rose in the corner, then compare the straight-line displacement between every pair of landmarks: name the two landmarks that lie closest together, and give the compass direction from the alphabetically earlier of them to the other, using only north, north-east, east, south-east, south, south-west, west or north-west. State your conclusion, justify it by describing the displacements you compared, and end with a confidence score from 0 to 1."
compass_bearing_1177_open_q1,compass_bearing_1177.png,"Read the compass rose in the corner, then compare the straight-line displacement between every pair of landmarks: name the two landmarks that lie closest together, and give the compass direction from the alphabetically earlier of them to the other, using only north, north-east, east, south-east, south, south-west, west or north-west. State your conclusion, justify it by describing the displacements you compared, and end with a confidence score from 0 to 1."
compass_bearing_1181_open_q1,compass_bearing_1181.png,"Read the compass rose in the corner, then compare the straight-line displacement between every pair of landmarks: name the two landmarks that lie closest together, and give the compass direction from the alphabetically earlier of them to the other, using only north, north-east, east, south-east, south, south-west, west or north-west. State your conclusion, justify it by describing the displacements you compared, and end with a confidence score from 0 to 1."
compass_bearing_1182_open_q1,compass_bearing_1182.png,"Read the compass rose in the corner, then compare the straight-line displacement between every pair of landmarks: name the two landmarks that lie closest together, and give the compass direction from the alphabetically earlier of them to the other, using only north, north-east, east, south-east, south, south-west, west or north-west. State your conclusion, justify it by describing the displacements you compared, and end with a confidence score from 0 to 1."
compass_bearing_1185_open_q1,compass_bearing_1185.png,"Read the compass rose in the corner, then compare the straight-line displacement between every pair of landmarks: name the two landmarks that lie closest together, and give the compass direction from the alphabetically earlier of them to the other, using only north, north-east, east, south-east, south, south-west, west or north-west. State your conclusion, justify it by describing the displacements you compared, and end with a confidence score from 0 to 1."
compass_bearing_1186_open_q1,compass_bearing_1186.png,"Read the compass rose in the corner, then compare the straight-line displacement between every pair of landmarks: name the two landmarks that lie closest together, and give the compass direction from the alphabetically earlier of them to the other, using only north, north-east, east, south-east, south, south-west, west or north-west. State your conclusion, justify it by describing the displacements you compared, and end with a confidence score from 0 to 1."
compass_bearing_1188_open_q1,compass_bearing_1188.png,"Read the compass rose in the corner, then compare the straight-line displacement between every pair of landmarks: name the two landmarks that lie closest together, and give the compass direction from the alphabetically earlier of them to the other, using only north, north-east, east, south-east, south, south-west, west or north-west. State your conclusion, justify it by describing the displacements you compared, and end with a confidence score from 0 to 1."
compass_bearing_1191_open_q1,compass_bearing_1191.png,"Read the compass rose in the corner, then compare the straight-line displacement between every pair of landmarks: name the two landmarks that lie closest together, and give the compass direction from the alphabetically earlier of them to the other, using only north, north-east, east, south-east, south, south-west, west or north-west. State your conclusion, justify it by describing the displacements you compared, and end with a confidence score from 0 to 1."
compass_bearing_1195_open_q1,compass_bearing_1195.png,"Read the compass rose in the corner, then compare the straight-line displacement between every pair of landmarks: name the two landmarks that lie closest together, and give the compass direction from the alphabetically earlier of them to the other, using only north, north-east, east, south-east, south, south-west, west or north-west. State your conclusion, justify it by describing the displacements you compared, and end with a confidence score from 0 to 1."
compass_bearing_1198_open_q1,compass_bearing_1198.png,"Read the compass rose in the corner, then compare the straight-line displacement between every pair of landmarks: name the two landmarks that lie closest together, and give the compass direction from the alphabetically earlier of them to the other, using only north, north-east, east, south-east, south, south-west, west or north-west. State your conclusion, justify it by describing the displacements you compared, and end with a confidence score from 0 to 1."
compass_bearing_1200_open_q1,compass_bearing_1200.png,"Read the compass rose in the corner, then compare the straight-line displacement between every pair of landmarks: name the two landmarks that lie closest together, and give the compass direction from the alphabetically earlier of them to the other, using only north, north-east, east, south-east, south, south-west, west or north-west. State your conclusion, justify it by describing the displacements you compared, and end with a confidence score from 0 to 1."
compass_bearing_1202_open_q1,compass_bearing_1202.png,"Read the compass rose in the corner, then compare the straight-line displacement between every pair of landmarks: name the two landmarks that lie closest together, and give the compass direction from the alphabetically earlier of them to the other, using only north, north-east, east, south-east, south, south-west, west or north-west. State your conclusion, justify it by describing the displacements you compared, and end with a confidence score from 0 to 1."
compass_bearing_1203_open_q1,compass_bearing_1203.png,"Read the compass rose in the corner, then compare the straight-line displacement between every pair of landmarks: name the two landmarks that lie closest together, and give the compass direction from the alphabetically earlier of them to the other, using only north, north-east, east, south-east, south, south-west, west or north-west. State your conclusion, justify it by describing the displacements you compared, and end with a confidence score from 0 to 1."
compass_bearing_1207_open_q1,compass_bearing_1207.png,"Read the compass rose in the corner, then compare the straight-line displacement between every pair of landmarks: name the two landmarks that lie closest together, and give the compass direction from the alphabetically earlier of them to the other, using only north, north-east, east, south-east, south, south-west, west or north-west. State your conclusion, justify it by describing the displacements you compared, and end with a confidence score from 0 to 1."
compass_bearing_1208_open_q1,compass_bearing_1208.png,"Read the compass rose in the corner, then compare the straight-line displacement between every pair of landmarks: name the two landmarks that lie closest together, and give the compass direction from the alphabetically earlier of them to the other, using only north, north-east, east, south-east, south, south-west, west or north-west. State your conclusion, justify it by describing the displacements you compared, and end with a confidence score from 0 to 1."
compass_bearing_1210_open_q1,compass_bearing_1210.png,"Read the compass rose in the corner, then compare the straight-line displacement between every pair of landmarks: name the two landmarks that lie closest together, and give the compass direction from the alphabetically earlier of them to the other, using only north, north-east, east, south-east, south, south-west, west or north-west. State your conclusion, justify it by describing the displacements you compared, and end with a confidence score from 0 to 1."
compass_bearing_1219_open_q1,compass_bearing_1219.png,"Read the compass rose in the corner, then compare the straight-line displacement between every pair of landmarks: name the two landmarks that lie closest together, and give the compass direction from the alphabetically earlier of them to the other, using only north, north-east, east, south-east, south, south-west, west or north-west. State your conclusion, justify it by describing the displacements you compared, and end with a confidence score from 0 to 1."
compass_bearing_1220_open_q1,compass_bearing_1220.png,"Read the compass rose in the corner, then compare the straight-line displacement between every pair of landmarks: name the two landmarks that lie closest together, and give the compass direction from the alphabetically earlier of them to the other, using only north, north-east, east, south-east, south, south-west, west or north-west. State your conclusion, justify it by describing the displacements you compared, and end with a confidence score from 0 to 1."
compass_bearing_1222_open_q1,compass_bearing_1222.png,"Read the compass rose in the corner, then compare the straight-line displacement between every pair of landmarks: name the two landmarks that lie closest together, and give the compass direction from the alphabetically earlier of them to the other, using only north, north-east, east, south-east, south, south-west, west or north-west. State your conclusion, justify it by describing the displacements you compared, and end with a confidence score from 0 to 1."
compass_bearing_1223_open_q1,compass_bearing_1223.png,"Read the compass rose in the corner, then compare the straight-line displacement between every pair of landmarks: name the two landmarks that lie closest together, and give the compass direction from the alphabetically earlier of them to the other, using only north, north-east, east, south-east, south, south-west, west or north-west. State your conclusion, justify it by describing the displacements you compared, and end with a confidence score from 0 to 1."
compass_bearing_1227_open_q1,compass_bearing_1227.png,"Read the compass rose in the corner, then compare the straight-line displacement between every pair of landmarks: name the two landmarks that lie closest together, and give the compass direction from the alphabetically earlier of them to the other, using only north, north-east, east, south-east, south, south-west, west or north-west. State your conclusion, justify it by describing the displacements you compared, and end with a confidence score from 0 to 1."
compass_bearing_1233_open_q1,compass_bearing_1233.png,"Read the compass rose in the corner, then compare the straight-line displacement between every pair of landmarks: name the two landmarks that lie closest together, and give the compass direction from the alphabetically earlier of them to the other, using only north, north-east, east, south-east, south, south-west, west or north-west. State your conclusion, justify it by describing the displacements you compared, and end with a confidence score from 0 to 1."
compass_bearing_1234_open_q1,compass_bearing_1234.png,"Read the compass rose in the corner, then compare the straight-line displacement between every pair of landmarks: name the two landmarks that lie closest together, and give the compass direction from the alphabetically earlier of them to the other, using only north, north-east, east, south-east, south, south-west, west or north-west. State your conclusion, justify it by describing the displacements you compared, and end with a confidence score from 0 to 1."
compass_bearing_1235_open_q1,compass_bearing_1235.png,"Read the compass rose in the corner, then compare the straight-line displacement between every pair of landmarks: name the two landmarks that lie closest together, and give the compass direction from the alphabetically earlier of them to the other, using only north, north-east, east, south-east, south, south-west, west or north-west. State your conclusion, justify it by describing the displacements you compared, and end with a confidence score from 0 to 1."
compass_bearing_1236_open_q1,compass_bearing_1236.png,"Read the compass rose in the corner, then compare the straight-line displacement between every pair of landmarks: name the two landmarks that lie closest together, and give the compass direction from the alphabetically earlier of them to the other, using only north, north-east, east, south-east, south, south-west, west or north-west. State your conclusion, justify it by describing the displacements you compared, and end with a confidence score from 0 to 1."
compass_bearing_1238_open_q1,compass_bearing_1238.png,"Read the compass rose in the corner, then compare the straight-line displacement between every pair of landmarks: name the two landmarks that lie closest together, and give the compass direction from the alphabetically earlier of them to the other, using only north, north-east, east, south-east, south, south-west, west or north-west. State your conclusion, justify it by describing the displacements you compared, and end with a confidence score from 0 to 1."
compass_bearing_1239_open_q1,compass_bearing_1239.png,"Read the compass rose in the corner, then compare the straight-line displacement between every pair of landmarks: name the two landmarks that lie closest together, and give the compass direction from the alphabetically earlier of them to the other, using only north, north-east, east, south-east, south, south-west, west or north-west. State your conclusion, justify it by describing the displacements you compared, and end with a confidence score from 0 to 1."
compass_bearing_1240_open_q1,compass_bearing_1240.png,"Read the compass rose in the corner, then compare the straight-line displacement between every pair of landmarks: name the two landmarks that lie closest together, and give the compass direction from the alphabetically earlier of them to the other, using only north, north-east, east, south-east, south, south-west, west or north-west. State your conclusion, justify it by describing the displacements you compared, and end with a confidence score from 0 to 1."
compass_bearing_1242_open_q1,compass_bearing_1242.png,"Read the compass rose in the corner, then compare the straight-line displacement between every pair of landmarks: name the two landmarks that lie closest together, and give the compass direction from the alphabetically earlier of them to the other, using only north, north-east, east, south-east, south, south-west, west or north-west. State your conclusion, justify it by describing the displacements you compared, and end with a confidence score from 0 to 1."
compass_bearing_1247_open_q1,compass_bearing_1247.png,"Read the compass rose in the corner, then compare the straight-line displacement between every pair of landmarks: name the two landmarks that lie closest together, and give the compass direction from the alphabetically earlier of them to the other, using only north, north-east, east, south-east, south, south-west, west or north-west. State your conclusion, justify it by describing the displacements you compared, and end with a confidence score from 0 to 1."
compass_bearing_1250_open_q1,compass_bearing_1250.png,"Read the compass rose in the corner, then compare the straight-line displacement between every pair of landmarks: name the two landmarks that lie closest together, and give the compass direction from the alphabetically earlier of them to the other, using only north, north-east, east, south-east, south, south-west, west or north-west. State your conclusion, justify it by describing the displacements you compared, and end with a confidence score from 0 to 1."
compass_bearing_1251_open_q1,compass_bearing_1251.png,"Read the compass rose in the corner, then compare the straight-line displacement between every pair of landmarks: name the two landmarks that lie closest together, and give the compass direction from the alphabetically earlier of them to the other, using only north, north-east, east, south-east, south, south-west, west or north-west. State your conclusion, justify it by describing the displacements you compared, and end with a confidence score from 0 to 1."
compass_bearing_1252_open_q1,compass_bearing_1252.png,"Read the compass rose in the corner, then compare the straight-line displacement between every pair of landmarks: name the two landmarks that lie closest together, and give the compass direction from the alphabetically earlier of them to the other, using only north, north-east, east, south-east, south, south-west, west or north-west. State your conclusion, justify it by describing the displacements you compared, and end with a confidence score from 0 to 1."
compass_bearing_1256_open_q1,compass_bearing_1256.png,"Read the compass rose in the corner, then compare the straight-line displacement between every pair of landmarks: name the two landmarks that lie closest together, and give the compass direction from the alphabetically earlier of them to the other, using only north, north-east, east, south-east, south, south-west, west or north-west. State your conclusion, justify it by describing the displacements you compared, and end with a confidence score from 0 to 1."
compass_bearing_1257_open_q1,compass_bearing_1257.png,"Read the compass rose in the corner, then compare the straight-line displacement between every pair of landmarks: name the two landmarks that lie closest together, and give the compass direction from the alphabetically earlier of them to the other, using only north, north-east, east, south-east, south, south-west, west or north-west. State your conclusion, justify it by describing the displacements you compared, and end with a confidence score from 0 to 1."
compass_bearing_1260_open_q1,compass_bearing_1260.png,"Read the compass rose in the corner, then compare the straight-line displacement between every pair of landmarks: name the two landmarks that lie closest together, and give the compass direction from the alphabetically earlier of them to the other, using only north, north-east, east, south-east, south, south-west, west or north-west. State your conclusion, justify it by describing the displacements you compared, and end with a confidence score from 0 to 1."
compass_bearing_1261_open_q1,compass_bearing_1261.png,"Read the compass rose in the corner, then compare the straight-line displacement between every pair of landmarks: name the two landmarks that lie closest together, and give the compass direction from the alphabetically earlier of them to the other, using only north, north-east, east, south-east, south, south-west, west or north-west. State your conclusion, justify it by describing the displacements you compared, and end with a confidence score from 0 to 1."
compass_bearing_1264_open_q1,compass_bearing_1264.png,"Read the compass rose in the corner, then compare the straight-line displacement between every pair of landmarks: name the two landmarks that lie closest together, and give the compass direction from the alphabetically earlier of them to the other, using only north, north-east, east, south-east, south, south-west, west or north-west. State your conclusion, justify it by describing the displacements you compared, and end with a confidence score from 0 to 1."
compass_bearing_1266_open_q1,compass_bearing_1266.png,"Read the compass rose in the corner, then compare the straight-line displacement between every pair of landmarks: name the two landmarks that lie closest together, and give the compass direction from the alphabetically earlier of them to the other, using only north, north-east, east, south-east, south, south-west, west or north-west. State your conclusion, justify it by describing the displacements you compared, and end with a confidence score from 0 to 1."
compass_bearing_1267_open_q1,compass_bearing_1267.png,"Read the compass rose in the corner, then compare the straight-line displacement between every pair of landmarks: name the two landmarks that lie closest together, and give the compass direction from the alphabetically earlier of them to the other, using only north, north-east, east, south-east, south, south-west, west or north-west. State your conclusion, justify it by describing the displacements you compared, and end with a confidence score from 0 to 1."
compass_bearing_1270_open_q1,compass_bearing_1270.png,"Read the compass rose in the corner, then compare the straight-line displacement between every pair of landmarks: name the two landmarks that lie closest together, and give the compass direction from the alphabetically earlier of them to the other, using only north, north-east, east, south-east, south, south-west, west or north-west. State your conclusion, justify it by describing the displacements you compared, and end with a confidence score from 0 to 1."
compass_bearing_1276_open_q1,compass_bearing_1276.png,"Read the compass rose in the corner, then compare the straight-line displacement between every pair of landmarks: name the two landmarks that lie closest together, and give the compass direction from the alphabetically earlier of them to the other, using only north, north-east, east, south-east, south, south-west, west or north-west. State your conclusion, justify it by describing the displacements you compared, and end with a confidence score from 0 to 1."
compass_bearing_1278_open_q1,compass_bearing_1278.png,"Read the compass rose in the corner, then compare the straight-line displacement between every pair of landmarks: name the two landmarks that lie closest together, and give the compass direction from the alphabetically earlier of them to the other, using only north, north-east, east, south-east, south, south-west, west or north-west. State your conclusion, justify it by describing the displacements you compared, and end with a confidence score from 0 to 1."
compass_bearing_1280_open_q1,compass_bearing_1280.png,"Read the compass rose in the corner, then compare the straight-line displacement between every pair of landmarks: name the two landmarks that lie closest together, and give the compass direction from the alphabetically earlier of them to the other, using only north, north-east, east, south-east, south, south-west, west or north-west. State your conclusion, justify it by describing the displacements you compared, and end with a confidence score from 0 to 1."
compass_bearing_1282_open_q1,compass_bearing_1282.png,"Read the compass rose in the corner, then compare the straight-line displacement between every pair of landmarks: name the two landmarks that lie closest together, and give the compass direction from the alphabetically earlier of them to the other, using only north, north-east, east, south-east, south, south-west, west or north-west. State your conclusion, justify it by describing the displacements you compared, and end with a confidence score from 0 to 1."
compass_bearing_1290_open_q1,compass_bearing_1290.png,"Read the compass rose in the corner, then compare the straight-line displacement between every pair of landmarks: name the two landmarks that lie closest together, and give the compass direction from the alphabetically earlier of them to the other, using only north, north-east, east, south-east, south, south-west, west or north-west. State your conclusion, justify it by describing the displacements you compared, and end with a confidence score from 0 to 1."
compass_bearing_1291_open_q1,compass_bearing_1291.png,"Read the compass rose in the corner, then compare the straight-line displacement between every pair of landmarks: name the two landmarks that lie closest together, and give the compass direction from the alphabetically earlier of them to the other, using only north, north-east, east, south-east, south, south-west, west or north-west. State your conclusion, justify it by describing the displacements you compared, and end with a confidence score from 0 to 1."
compass_bearing_1294_open_q1,compass_bearing_1294.png,"Read the compass rose in the corner, then compare the straight-line displacement between every pair of landmarks: name the two landmarks that lie closest together, and give the compass direction from the alphabetically earlier of them to the other, using only north, north-east, east, south-east, south, south-west, west or north-west. State your conclusion, justify it by describing the displacements you compared, and end with a confidence score from 0 to 1."
compass_bearing_1300_open_q1,compass_bearing_1300.png,"Read the compass rose in the corner, then compare the straight-line displacement between every pair of landmarks: name the two landmarks that lie closest together, and give the compass direction from the alphabetically earlier of them to the other, using only north, north-east, east, south-east, south, south-west, west or north-west. State your conclusion, justify it by describing the displacements you compared, and end with a confidence score from 0 to 1."
compass_bearing_1301_open_q1,compass_bearing_1301.png,"Read the compass rose in the corner, then compare the straight-line displacement between every pair of landmarks: name the two landmarks that lie closest together, and give the compass direction from the alphabetically earlier of them to the other, using only north, north-east, east, south-east, south, south-west, west or north-west. State your conclusion, justify it by describing the displacements you compared, and end with a confidence score from 0 to 1."
compass_bearing_1305_open_q1,compass_bearing_1305.png,"Read the compass rose in the corner, then compare the straight-line displacement between every pair of landmarks: name the two landmarks that lie closest together, and give the compass direction from the alphabetically earlier of them to the other, using only north, north-east, east, south-east, south, south-west, west or north-west. State your conclusion, justify it by describing the displacements you compared, and end with a confidence score from 0 to 1."
compass_bearing_1310_open_q1,compass_bearing_1310.png,"Read the compass rose in the corner, then compare the straight-line displacement between every pair of landmarks: name the two landmarks that lie closest together, and give the compass direction from the alphabetically earlier of them to the other, using only north, north-east, east, south-east, south, south-west, west or north-west. State your conclusion, justify it by describing the displacements you compared, and end with a confidence score from 0 to 1."
compass_bearing_1312_open_q1,compass_bearing_1312.png,"Read the compass rose in the corner, then compare the straight-line displacement between every pair of landmarks: name the two landmarks that lie closest together, and give the compass direction from the alphabetically earlier of them to the other, using only north, north-east, east, south-east, south, south-west, west or north-west. State your conclusion, justify it by describing the displacements you compared, and end with a confidence score from 0 to 1."
compass_bearing_1313_open_q1,compass_bearing_1313.png,"Read the compass rose in the corner, then compare the straight-line displacement between every pair of landmarks: name the two landmarks that lie closest together, and give the compass direction from the alphabetically earlier of them to the other, using only north, north-east, east, south-east, south, south-west, west or north-west. State your conclusion, justify it by describing the displacements you compared, and end with a confidence score from 0 to 1."
compass_bearing_1318_open_q1,compass_bearing_1318.png,"Read the compass rose in the corner, then compare the straight-line displacement between every pair of landmarks: name the two landmarks that lie closest together, and give the compass direction from the alphabetically earlier of them to the other, using only north, north-east, east, south-east, south, south-west, west or north-west. State your conclusion, justify it by describing the displacements you compared, and end with a confidence score from 0 to 1."
compass_bearing_1322_open_q1,compass_bearing_1322.png,"Read the compass rose in the corner, then compare the straight-line displacement between every pair of landmarks: name the two landmarks that lie closest together, and give the compass direction from the alphabetically earlier of them to the other, using only north, north-east, east, south-east, south, south-west, west or north-west. State your conclusion, justify it by describing the displacements you compared, and end with a confidence score from 0 to 1."
compass_bearing_1326_open_q1,compass_bearing_1326.png,"Read the compass rose in the corner, then compare the straight-line displacement between every pair of landmarks: name the two landmarks that lie closest together, and give the compass direction from the alphabetically earlier of them to the other, using only north, north-east, east, south-east, south, south-west, west or north-west. State your conclusion, justify it by describing the displacements you compared, and end with a confidence score from 0 to 1."
compass_bearing_1327_open_q1,compass_bearing_1327.png,"Read the compass rose in the corner, then compare the straight-line displacement between every pair of landmarks: name the two landmarks that lie closest together, and give the compass direction from the alphabetically earlier of them to the other, using only north, north-east, east, south-east, south, south-west, west or north-west. State your conclusion, justify it by describing the displacements you compared, and end with a confidence score from 0 to 1."
compass_bearing_1330_open_q1,compass_bearing_1330.png,"Read the compass rose in the corner, then compare the straight-line displacement between every pair of landmarks: name the two landmarks that lie closest together, and give the compass direction from the alphabetically earlier of them to the other, using only north, north-east, east, south-east, south, south-west, west or north-west. State your conclusion, justify it by describing the displacements you compared, and end with a confidence score from 0 to 1."
compass_bearing_1332_open_q1,compass_bearing_1332.png,"Read the compass rose in the corner, then compare the straight-line displacement between every pair of landmarks: name the two landmarks that lie closest together, and give the compass direction from the alphabetically earlier of them to the other, using only north, north-east, east, south-east, south, south-west, west or north-west. State your conclusion, justify it by describing the displacements you compared, and end with a confidence score from 0 to 1."
compass_bearing_1337_open_q1,compass_bearing_1337.png,"Read the compass rose in the corner, then compare the straight-line displacement between every pair of landmarks: name the two landmarks that lie closest together, and give the compass direction from the alphabetically earlier of them to the other, using only north, north-east, east, south-east, south, south-west, west or north-west. State your conclusion, justify it by describing the displacements you compared, and end with a confidence score from 0 to 1."
compass_bearing_1339_open_q1,compass_bearing_1339.png,"Read the compass rose in the corner, then compare the straight-line displacement between every pair of landmarks: name the two landmarks that lie closest together, and give the compass direction from the alphabetically earlier of them to the other, using only north, north-east, east, south-east, south, south-west, west or north-west. State your conclusion, justify it by describing the displacements you compared, and end with a confidence score from 0 to 1."
compass_bearing_1340_open_q1,compass_bearing_1340.png,"Read the compass rose in the corner, then compare the straight-line displacement between every pair of landmarks: name the two landmarks that lie closest together, and give the compass direction from the alphabetically earlier of them to the other, using only north, north-east, east, south-east, south, south-west, west or north-west. State your conclusion, justify it by describing the displacements you compared, and end with a confidence score from 0 to 1."
compass_bearing_1341_open_q1,compass_bearing_1341.png,"Read the compass rose in the corner, then compare the straight-line displacement between every pair of landmarks: name the two landmarks that lie closest together, and give the compass direction from the alphabetically earlier of them to the other, using only north, north-east, east, south-east, south, south-west, west or north-west. State your conclusion, justify it by describing the displacements you compared, and end with a confidence score from 0 to 1."
compass_bearing_1342_open_q1,compass_bearing_1342.png,"Read the compass rose in the corner, then compare the straight-line displacement between every pair of landmarks: name the two landmarks that lie closest together, and give the compass direction from the alphabetically earlier of them to the other, using only north, north-east, east, south-east, south, south-west, west or north-west. State your conclusion, justify it by describing the displacements you compared, and end with a confidence score from 0 to 1."
compass_bearing_1343_open_q1,compass_bearing_1343.png,"Read the compass rose in the corner, then compare the straight-line displacement between every pair of landmarks: name the two landmarks that lie closest together, and give the compass direction from the alphabetically earlier of them to the other, using only north, north-east, east, south-east, south, south-west, west or north-west. State your conclusion, justify it by describing the displacements you compared, and end with a confidence score from 0 to 1."
compass_bearing_1346_open_q1,compass_bearing_1346.png,"Read the compass rose in the corner, then compare the straight-line displacement between every pair of landmarks: name the two landmarks that lie closest together, and give the compass direction from the alphabetically earlier of them to the other, using only north, north-east, east, south-east, south, south-west, west or north-west. State your conclusion, justify it by describing the displacements you compared, and end with a confidence score from 0 to 1."
compass_bearing_1347_open_q1,compass_bearing_1347.png,"Read the compass rose in the corner, then compare the straight-line displacement between every pair of landmarks: name the two landmarks that lie closest together, and give the compass direction from the alphabetically earlier of them to the other, using only north, north-east, east, south-east, south, south-west, west or north-west. State your conclusion, justify it by describing the displacements you compared, and end with a confidence score from 0 to 1."
compass_bearing_1348_open_q1,compass_bearing_1348.png,"Read the compass rose in the corner, then compare the straight-line displacement between every pair of landmarks: name the two landmarks that lie closest together, and give the compass direction from the alphabetically earlier of them to the other, using only north, north-east, east, south-east, south, south-west, west or north-west. State your conclusion, justify it by describing the displacements you compared, and end with a confidence score from 0 to 1."
compass_bearing_1351_open_q1,compass_bearing_1351.png,"Read the compass rose in the corner, then compare the straight-line displacement between every pair of landmarks: name the two landmarks that lie closest together, and give the compass direction from the alphabetically earlier of them to the other, using only north, north-east, east, south-east, south, south-west, west or north-west. State your conclusion, justify it by describing the displacements you compared, and end with a confidence score from 0 to 1."
compass_bearing_1358_open_q1,compass_bearing_1358.png,"Read the compass rose in the corner, then compare the straight-line displacement between every pair of landmarks: name the two landmarks that lie closest together, and give the compass direction from the alphabetically earlier of them to the other, using only north, north-east, east, south-east, south, south-west, west or north-west. State your conclusion, justify it by describing the displacements you compared, and end with a confidence score from 0 to 1."
compass_bearing_1360_open_q1,compass_bearing_1360.png,"Read the compass rose in the corner, then compare the straight-line displacement between every pair of landmarks: name the two landmarks that lie closest together, and give the compass direction from the alphabetically earlier of them to the other, using only north, north-east, east, south-east, south, south-west, west or north-west. State your conclusion, justify it by describing the displacements you compared, and end with a confidence score from 0 to 1."
compass_bearing_1363_open_q1,compass_bearing_1363.png,"Read the compass rose in the corner, then compare the straight-line displacement between every pair of landmarks: name the two landmarks that lie closest together, and give the compass direction from the alphabetically earlier of them to the other, using only north, north-east, east, south-east, south, south-west, west or north-west. State your conclusion, justify it by describing the displacements you compared, and end with a confidence score from 0 to 1."
compass_bearing_1364_open_q1,compass_bearing_1364.png,"Read the compass rose in the corner, then compare the straight-line displacement between every pair of landmarks: name the two landmarks that lie closest together, and give the compass direction from the alphabetically earlier of them to the other, using only north, north-east, east, south-east, south, south-west, west or north-west. State your conclusion, justify it by describing the displacements you compared, and end with a confidence score from 0 to 1."
compass_bearing_1366_open_q1,compass_bearing_1366.png,"Read the compass rose in the corner, then compare the straight-line displacement between every pair of landmarks: name the two landmarks that lie closest together, and give the compass direction from the alphabetically earlier of them to the other, using only north, north-east, east, south-east, south, south-west, west or north-west. State your conclusion, justify it by describing the displacements you compared, and end with a confidence score from 0 to 1."
compass_bearing_1367_open_q1,compass_bearing_1367.png,"Read the compass rose in the corner, then compare the straight-line displacement between every pair of landmarks: name the two landmarks that lie closest together, and give the compass direction from the alphabetically earlier of them to the other, using only north, north-east, east, south-east, south, south-west, west or north-west. State your conclusion, justify it by describing the displacements you compared, and end with a confidence score from 0 to 1."
compass_bearing_1368_open_q1,compass_bearing_1368.png,"Read the compass rose in the corner, then compare the straight-line displacement between every pair of landmarks: name the two landmarks that lie closest together, and give the compass direction from the alphabetically earlier of them to the other, using only north, north-east, east, south-east, south, south-west, west or north-west. State your conclusion, justify it by describing the displacements you compared, and end with a confidence score from 0 to 1."
compass_bearing_1370_open_q1,compass_bearing_1370.png,"Read the compass rose in the corner, then compare the straight-line displacement between every pair of landmarks: name the two landmarks that lie closest together, and give the compass direction from the alphabetically earlier of them to the other, using only north, north-east, east, south-east, south, south-west, west or north-west. State your conclusion, justify it by describing the displacements you compared, and end with a confidence score from 0 to 1."
compass_bearing_1372_open_q1,compass_bearing_1372.png,"Read the compass rose in the corner, then compare the straight-line displacement between every pair of landmarks: name the two landmarks that lie closest together, and give the compass direction from the alphabetically earlier of them to the other, using only north, north-east, east, south-east, south, south-west, west or north-west. State your conclusion, justify it by describing the displacements you compared, and end with a confidence score from 0 to 1."
compass_bearing_1373_open_q1,compass_bearing_1373.png,"Read the compass rose in the corner, then compare the straight-line displacement between every pair of landmarks: name the two landmarks that lie closest together, and give the compass direction from the alphabetically earlier of them to the other, using only north, north-east, east, south-east, south, south-west, west or north-west. State your conclusion, justify it by describing the displacements you compared, and end with a confidence score from 0 to 1."
compass_bearing_1375_open_q1,compass_bearing_1375.png,"Read the compass rose in the corner, then compare the straight-line displacement between every pair of landmarks: name the two landmarks that lie closest together, and give the compass direction from the alphabetically earlier of them to the other, using only north, north-east, east, south-east, south, south-west, west or north-west. State your conclusion, justify it by describing the displacements you compared, and end with a confidence score from 0 to 1."
compass_bearing_1377_open_q1,compass_bearing_1377.png,"Read the compass rose in the corner, then compare the straight-line displacement between every pair of landmarks: name the two landmarks that lie closest together, and give the compass direction from the alphabetically earlier of them to the other, using only north, north-east, east, south-east, south, south-west, west or north-west. State your conclusion, justify it by describing the displacements you compared, and end with a confidence score from 0 to 1."
compass_bearing_1380_open_q1,compass_bearing_1380.png,"Read the compass rose in the corner, then compare the straight-line displacement between every pair of landmarks: name the two landmarks that lie closest together, and give the compass direction from the alphabetically earlier of them to the other, using only north, north-east, east, south-east, south, south-west, west or north-west. State your conclusion, justify it by describing the displacements you compared, and end with a confidence score from 0 to 1."
compass_bearing_1388_open_q1,compass_bearing_1388.png,"Read the compass rose in the corner, then compare the straight-line displacement between every pair of landmarks: name the two landmarks that lie closest together, and give the compass direction from the alphabetically earlier of them to the other, using only north, north-east, east, south-east, south, south-west, west or north-west. State your conclusion, justify it by describing the displacements you compared, and end with a confidence score from 0 to 1."
compass_bearing_1391_open_q1,compass_bearing_1391.png,"Read the compass rose in the corner, then compare the straight-line displacement between every pair of landmarks: name the two landmarks that lie closest together, and give the compass direction from the alphabetically earlier of them to the other, using only north, north-east, east, south-east, south, south-west, west or north-west. State your conclusion, justify it by describing the displacements you compared, and end with a confidence score from 0 to 1."
compass_bearing_1393_open_q1,compass_bearing_1393.png,"Read the compass rose in the corner, then compare the straight-line displacement between every pair of landmarks: name the two landmarks that lie closest together, and give the compass direction from the alphabetically earlier of them to the other, using only north, north-east, east, south-east, south, south-west, west or north-west. State your conclusion, justify it by describing the displacements you compared, and end with a confidence score from 0 to 1."
compass_bearing_1396_open_q1,compass_bearing_1396.png,"Read the compass rose in the corner, then compare the straight-line displacement between every pair of landmarks: name the two landmarks that lie closest together, and give the compass direction from the alphabetically earlier of them to the other, using only north, north-east, east, south-east, south, south-west, west or north-west. State your conclusion, justify it by describing the displacements you compared, and end with a confidence score from 0 to 1."
compass_bearing_1398_open_q1,compass_bearing_1398.png,"Read the compass rose in the corner, then compare the straight-line displacement between every pair of landmarks: name the two landmarks that lie closest together, and give the compass direction from the alphabetically earlier of them to the other, using only north, north-east, east, south-east, south, south-west, west or north-west. State your conclusion, justify it by describing the displacements you compared, and end with a confidence score from 0 to 1."
compass_bearing_1404_open_q1,compass_bearing_1404.png,"Read the compass rose in the corner, then compare the straight-line displacement between every pair of landmarks: name the two landmarks that lie closest together, and give the compass direction from the alphabetically earlier of them to the other, using only north, north-east, east, south-east, south, south-west, west or north-west. State your conclusion, justify it by describing the displacements you compared, and end with a confidence score from 0 to 1."
compass_bearing_1410_open_q1,compass_bearing_1410.png,"Read the compass rose in the corner, then compare the straight-line displacement between every pair of landmarks: name the two landmarks that lie closest together, and give the compass direction from the alphabetically earlier of them to the other, using only north, north-east, east, south-east, south, south-west, west or north-west. State your conclusion, justify it by describing the displacements you compared, and end with a confidence score from 0 to 1."
compass_bearing_1414_open_q1,compass_bearing_1414.png,"Read the compass rose in the corner, then compare the straight-line displacement between every pair of landmarks: name the two landmarks that lie closest together, and give the compass direction from the alphabetically earlier of them to the other, using only north, north-east, east, south-east, south, south-west, west or north-west. State your conclusion, justify it by describing the displacements you compared, and end with a confidence score from 0 to 1."
compass_bearing_1418_open_q1,compass_bearing_1418.png,"Read the compass rose in the corner, then compare the straight-line displacement between every pair of landmarks: name the two landmarks that lie closest together, and give the compass direction from the alphabetically earlier of them to the other, using only north, north-east, east, south-east, south, south-west, west or north-west. State your conclusion, justify it by describing the displacements you compared, and end with a confidence score from 0 to 1."
compass_bearing_1420_open_q1,compass_bearing_1420.png,"Read the compass rose in the corner, then compare the straight-line displacement between every pair of landmarks: name the two landmarks that lie closest together, and give the compass direction from the alphabetically earlier of them to the other, using only north, north-east, east, south-east, south, south-west, west or north-west. State your conclusion, justify it by describing the displacements you compared, and end with a confidence score from 0 to 1."
compass_bearing_1421_open_q1,compass_bearing_1421.png,"Read the compass rose in the corner, then compare the straight-line displacement between every pair of landmarks: name the two landmarks that lie closest together, and give the compass direction from the alphabetically earlier of them to the other, using only north, north-east, east, south-east, south, south-west, west or north-west. State your conclusion, justify it by describing the displacements you compared, and end with a confidence score from 0 to 1."
compass_bearing_1422_open_q1,compass_bearing_1422.png,"Read the compass rose in the corner, then compare the straight-line displacement between every pair of landmarks: name the two landmarks that lie closest together, and give the compass direction from the alphabetically earlier of them to the other, using only north, north-east, east, south-east, south, south-west, west or north-west. State your conclusion, justify it by describing the displacements you compared, and end with a confidence score from 0 to 1."
compass_bearing_1423_open_q1,compass_bearing_1423.png,"Read the compass rose in the corner, then compare the straight-line displacement between every pair of landmarks: name the two landmarks that lie closest together, and give the compass direction from the alphabetically earlier of them to the other, using only north, north-east, east, south-east, south, south-west, west or north-west. State your conclusion, justify it by describing the displacements you compared, and end with a confidence score from 0 to 1."
compass_bearing_1424_open_q1,compass_bearing_1424.png,"Read the compass rose in the corner, then compare the straight-line displacement between every pair of landmarks: name the two landmarks that lie closest together, and give the compass direction from the alphabetically earlier of them to the other, using only north, north-east, east, south-east, south, south-west, west or north-west. State your conclusion, justify it by describing the displacements you compared, and end with a confidence score from 0 to 1."
compass_bearing_1427_open_q1,compass_bearing_1427.png,"Read the compass rose in the corner, then compare the straight-line displacement between every pair of landmarks: name the two landmarks that lie closest together, and give the compass direction from the alphabetically earlier of them to the other, using only north, north-east, east, south-east, south, south-west, west or north-west. State your conclusion, justify it by describing the displacements you compared, and end with a confidence score from 0 to 1."
compass_bearing_1430_open_q1,compass_bearing_1430.png,"Read the compass rose in the corner, then compare the straight-line displacement between every pair of landmarks: name the two landmarks that lie closest together, and give the compass direction from the alphabetically earlier of them to the other, using only north, north-east, east, south-east, south, south-west, west or north-west. State your conclusion, justify it by describing the displacements you compared, and end with a confidence score from 0 to 1."
compass_bearing_1431_open_q1,compass_bearing_1431.png,"Read the compass rose in the corner, then compare the straight-line displacement between every pair of landmarks: name the two landmarks that lie closest together, and give the compass direction from the alphabetically earlier of them to the other, using only north, north-east, east, south-east, south, south-west, west or north-west. State your conclusion, justify it by describing the displacements you compared, and end with a confidence score from 0 to 1."
compass_bearing_1432_open_q1,compass_bearing_1432.png,"Read the compass rose in the corner, then compare the straight-line displacement between every pair of landmarks: name the two landmarks that lie closest together, and give the compass direction from the alphabetically earlier of them to the other, using only north, north-east, east, south-east, south, south-west, west or north-west. State your conclusion, justify it by describing the displacements you compared, and end with a confidence score from 0 to 1."
compass_bearing_1433_open_q1,compass_bearing_1433.png,"Read the compass rose in the corner, then compare the straight-line displacement between every pair of landmarks: name the two landmarks that lie closest together, and give the compass direction from the alphabetically earlier of them to the other, using only north, north-east, east, south-east, south, south-west, west or north-west. State your conclusion, justify it by describing the displacements you compared, and end with a confidence score from 0 to 1."
compass_bearing_1437_open_q1,compass_bearing_1437.png,"Read the compass rose in the corner, then compare the straight-line displacement between every pair of landmarks: name the two landmarks that lie closest together, and give the compass direction from the alphabetically earlier of them to the other, using only north, north-east, east, south-east, south, south-west, west or north-west. State your conclusion, justify it by describing the displacements you compared, and end with a confidence score from 0 to 1."
compass_bearing_1439_open_q1,compass_bearing_1439.png,"Read the compass rose in the corner, then compare the straight-line displacement between every pair of landmarks: name the two landmarks that lie closest together, and give the compass direction from the alphabetically earlier of them to the other, using only north, north-east, east, south-east, south, south-west, west or north-west. State your conclusion, justify it by describing the displacements you compared, and end with a confidence score from 0 to 1."
compass_bearing_1440_open_q1,compass_bearing_1440.png,"Read the compass rose in the corner, then compare the straight-line displacement between every pair of landmarks: name the two landmarks that lie closest together, and give the compass direction from the alphabetically earlier of them to the other, using only north, north-east, east, south-east, south, south-west, west or north-west. State your conclusion, justify it by describing the displacements you compared, and end with a confidence score from 0 to 1."
compass_bearing_1443_open_q1,compass_bearing_1443.png,"Read the compass rose in the corner, then compare the straight-line displacement between every pair of landmarks: name the two landmarks that lie closest together, and give the compass direction from the alphabetically earlier of them to the other, using only north, north-east, east, south-east, south, south-west, west or north-west. State your conclusion, justify it by describing the displacements you compared, and end with a confidence score from 0 to 1."
compass_bearing_1445_open_q1,compass_bearing_1445.png,"Read the compass rose in the corner, then compare the straight-line displacement between every pair of landmarks: name the two landmarks that lie closest together, and give the compass direction from the alphabetically earlier of them to the other, using only north, north-east, east, south-east, south, south-west, west or north-west. State your conclusion, justify it by describing the displacements you compared, and end with a confidence score from 0 to 1."
compass_bearing_1449_open_q1,compass_bearing_1449.png,"Read the compass rose in the corner, then compare the straight-line displacement between every pair of landmarks: name the two landmarks that lie closest together, and give the compass direction from the alphabetically earlier of them to the other, using only north, north-east, east, south-east, south, south-west, west or north-west. State your conclusion, justify it by describing the displacements you compared, and end with a confidence score from 0 to 1."
compass_bearing_1450_open_q1,compass_bearing_1450.png,"Read the compass rose in the corner, then compare the straight-line displacement between every pair of landmarks: name the two landmarks that lie closest together, and give the compass direction from the alphabetically earlier of them to the other, using only north, north-east, east, south-east, south, south-west, west or north-west. State your conclusion, justify it by describing the displacements you compared, and end with a confidence score from 0 to 1."
compass_bearing_1454_open_q1,compass_bearing_1454.png,"Read the compass rose in the corner, then compare the straight-line displacement between every pair of landmarks: name the two landmarks that lie closest together, and give the compass direction from the alphabetically earlier of them to the other, using only north, north-east, east, south-east, south, south-west, west or north-west. State your conclusion, justify it by describing the displacements you compared, and end with a confidence score from 0 to 1."
compass_bearing_1459_open_q1,compass_bearing_1459.png,"Read the compass rose in the corner, then compare the straight-line displacement between every pair of landmarks: name the two landmarks that lie closest together, and give the compass direction from the alphabetically earlier of them to the other, using only north, north-east, east, south-east, south, south-west, west or north-west. State your conclusion, justify it by describing the displacements you compared, and end with a confidence score from 0 to 1."
compass_bearing_1460_open_q1,compass_bearing_1460.png,"Read the compass rose in the corner, then compare the straight-line displacement between every pair of landmarks: name the two landmarks that lie closest together, and give the compass direction from the alphabetically earlier of them to the other, using only north, north-east, east, south-east, south, south-west, west or north-west. State your conclusion, justify it by describing the displacements you compared, and end with a confidence score from 0 to 1."
compass_bearing_1467_open_q1,compass_bearing_1467.png,"Read the compass rose in the corner, then compare the straight-line displacement between every pair of landmarks: name the two landmarks that lie closest together, and give the compass direction from the alphabetically earlier of them to the other, using only north, north-east, east, south-east, south, south-west, west or north-west. State your conclusion, justify it by describing the displacements you compared, and end with a confidence score from 0 to 1."
compass_bearing_1468_open_q1,compass_bearing_1468.png,"Read the compass rose in the corner, then compare the straight-line displacement between every pair of landmarks: name the two landmarks that lie closest together, and give the compass direction from the alphabetically earlier of them to the other, using only north, north-east, east, south-east, south, south-west, west or north-west. State your conclusion, justify it by describing the displacements you compared, and end with a confidence score from 0 to 1."
compass_bearing_1474_open_q1,compass_bearing_1474.png,"Read the compass rose in the corner, then compare the straight-line displacement between every pair of landmarks: name the two landmarks that lie closest together, and give the compass direction from the alphabetically earlier of them to the other, using only north, north-east, east, south-east, south, south-west, west or north-west. State your conclusion, justify it by describing the displacements you compared, and end with a confidence score from 0 to 1."
compass_bearing_1476_open_q1,compass_bearing_1476.png,"Read the compass rose in the corner, then compare the straight-line displacement between every pair of landmarks: name the two landmarks that lie closest together, and give the compass direction from the alphabetically earlier of them to the other, using only north, north-east, east, south-east, south, south-west, west or north-west. State your conclusion, justify it by describing the displacements you compared, and end with a confidence score from 0 to 1."
compass_bearing_1480_open_q1,compass_bearing_1480.png,"Read the compass rose in the corner, then compare the straight-line displacement between every pair of landmarks: name the two landmarks that lie closest together, and give the compass direction from the alphabetically earlier of them to the other, using only north, north-east, east, south-east, south, south-west, west or north-west. State your conclusion, justify it by describing the displacements you compared, and end with a confidence score from 0 to 1."
compass_bearing_1483_open_q1,compass_bearing_1483.png,"Read the compass rose in the corner, then compare the straight-line displacement between every pair of landmarks: name the two landmarks that lie closest together, and give the compass direction from the alphabetically earlier of them to the other, using only north, north-east, east, south-east, south, south-west, west or north-west. State your conclusion, justify it by describing the displacements you compared, and end with a confidence score from 0 to 1."
compass_bearing_1488_open_q1,compass_bearing_1488.png,"Read the compass rose in the corner, then compare the straight-line displacement between every pair of landmarks: name the two landmarks that lie closest together, and give the compass direction from the alphabetically earlier of them to the other, using only north, north-east, east, south-east, south, south-west, west or north-west. State your conclusion, justify it by describing the displacements you compared, and end with a confidence score from 0 to 1."
compass_bearing_1489_open_q1,compass_bearing_1489.png,"Read the compass rose in the corner, then compare the straight-line displacement between every pair of landmarks: name the two landmarks that lie closest together, and give the compass direction from the alphabetically earlier of them to the other, using only north, north-east, east, south-east, south, south-west, west or north-west. State your conclusion, justify it by describing the displacements you compared, and end with a confidence score from 0 to 1."
compass_bearing_1491_open_q1,compass_bearing_1491.png,"Read the compass rose in the corner, then compare the straight-line displacement between every pair of landmarks: name the two landmarks that lie closest together, and give the compass direction from the alphabetically earlier of them to the other, using only north, north-east, east, south-east, south, south-west, west or north-west. State your conclusion, justify it by describing the displacements you compared, and end with a confidence score from 0 to 1."
compass_bearing_1492_open_q1,compass_bearing_1492.png,"Read the compass rose in the corner, then compare the straight-line displacement between every pair of landmarks: name the two landmarks that lie closest together, and give the compass direction from the alphabetically earlier of them to the other, using only north, north-east, east, south-east, south, south-west, west or north-west. State your conclusion, justify it by describing the displacements you compared, and end with a confidence score from 0 to 1."
compass_bearing_1494_open_q1,compass_bearing_1494.png,"Read the compass rose in the corner, then compare the straight-line displacement between every pair of landmarks: name the two landmarks that lie closest together, and give the compass direction from the alphabetically earlier of them to the other, using only north, north-east, east, south-east, south, south-west, west or north-west. State your conclusion, justify it by describing the displacements you compared, and end with a confidence score from 0 to 1."
compass_bearing_1498_open_q1,compass_bearing_1498.png,"Read the compass rose in the corner, then compare the straight-line displacement between every pair of landmarks: name the two landmarks that lie closest together, and give the compass direction from the alphabetically earlier of them to the other, using only north, north-east, east, south-east, south, south-west, west or north-west. State your conclusion, justify it by describing the displacements you compared, and end with a confidence score from 0 to 1."
compass_bearing_1499_open_q1,compass_bearing_1499.png,"Read the compass rose in the corner, then compare the straight-line displacement between every pair of landmarks: name the two landmarks that lie closest together, and give the compass direction from the alphabetically earlier of them to the other, using only north, north-east, east, south-east, south, south-west, west or north-west. State your conclusion, justify it by describing the displacements you compared, and end with a confidence score from 0 to 1."
compass_bearing_1503_open_q1,compass_bearing_1503.png,"Read the compass rose in the corner, then compare the straight-line displacement between every pair of landmarks: name the two landmarks that lie closest together, and give the compass direction from the alphabetically earlier of them to the other, using only north, north-east, east, south-east, south, south-west, west or north-west. State your conclusion, justify it by describing the displacements you compared, and end with a confidence score from 0 to 1."
compass_bearing_1504_open_q1,compass_bearing_1504.png,"Read the compass rose in the corner, then compare the straight-line displacement between every pair of landmarks: name the two landmarks that lie closest together, and give the compass direction from the alphabetically earlier of them to the other, using only north, north-east, east, south-east, south, south-west, west or north-west. State your conclusion, justify it by describing the displacements you compared, and end with a confidence score from 0 to 1."
compass_bearing_1506_open_q1,compass_bearing_1506.png,"Read the compass rose in the corner, then compare the straight-line displacement between every pair of landmarks: name the two landmarks that lie closest together, and give the compass direction from the alphabetically earlier of them to the other, using only north, north-east, east, south-east, south, south-west, west or north-west. State your conclusion, justify it by describing the displacements you compared, and end with a confidence score from 0 to 1."
compass_bearing_1510_open_q1,compass_bearing_1510.png,"Read the compass rose in the corner, then compare the straight-line displacement between every pair of landmarks: name the two landmarks that lie closest together, and give the compass direction from the alphabetically earlier of them to the other, using only north, north-east, east, south-east, south, south-west, west or north-west. State your conclusion, justify it by describing the displacements you compared, and end with a confidence score from 0 to 1."
compass_bearing_1513_open_q1,compass_bearing_1513.png,"Read the compass rose in the corner, then compare the straight-line displacement between every pair of landmarks: name the two landmarks that lie closest together, and give the compass direction from the alphabetically earlier of them to the other, using only north, north-east, east, south-east, south, south-west, west or north-west. State your conclusion, justify it by describing the displacements you compared, and end with a confidence score from 0 to 1."
compass_bearing_1517_open_q1,compass_bearing_1517.png,"Read the compass rose in the corner, then compare the straight-line displacement between every pair of landmarks: name the two landmarks that lie closest together, and give the compass direction from the alphabetically earlier of them to the other, using only north, north-east, east, south-east, south, south-west, west or north-west. State your conclusion, justify it by describing the displacements you compared, and end with a confidence score from 0 to 1."
compass_bearing_1519_open_q1,compass_bearing_1519.png,"Read the compass rose in the corner, then compare the straight-line displacement between every pair of landmarks: name the two landmarks that lie closest together, and give the compass direction from the alphabetically earlier of them to the other, using only north, north-east, east, south-east, south, south-west, west or north-west. State your conclusion, justify it by describing the displacements you compared, and end with a confidence score from 0 to 1."
compass_bearing_1520_open_q1,compass_bearing_1520.png,"Read the compass rose in the corner, then compare the straight-line displacement between every pair of landmarks: name the two landmarks that lie closest together, and give the compass direction from the alphabetically earlier of them to the other, using only north, north-east, east, south-east, south, south-west, west or north-west. State your conclusion, justify it by describing the displacements you compared, and end with a confidence score from 0 to 1."
compass_bearing_1521_open_q1,compass_bearing_1521.png,"Read the compass rose in the corner, then compare the straight-line displacement between every pair of landmarks: name the two landmarks that lie closest together, and give the compass direction from the alphabetically earlier of them to the other, using only north, north-east, east, south-east, south, south-west, west or north-west. State your conclusion, justify it by describing the displacements you compared, and end with a confidence score from 0 to 1."
compass_bearing_1522_open_q1,compass_bearing_1522.png,"Read the compass rose in the corner, then compare the straight-line displacement between every pair of landmarks: name the two landmarks that lie closest together, and give the compass direction from the alphabetically earlier of them to the other, using only north, north-east, east, south-east, south, south-west, west or north-west. State your conclusion, justify it by describing the displacements you compared, and end with a confidence score from 0 to 1."
compass_bearing_1523_open_q1,compass_bearing_1523.png,"Read the compass rose in the corner, then compare the straight-line displacement between every pair of landmarks: name the two landmarks that lie closest together, and give the compass direction from the alphabetically earlier of them to the other, using only north, north-east, east, south-east, south, south-west, west or north-west. State your conclusion, justify it by describing the displacements you compared, and end with a confidence score from 0 to 1."
compass_bearing_1525_open_q1,compass_bearing_1525.png,"Read the compass rose in the corner, then compare the straight-line displacement between every pair of landmarks: name the two landmarks that lie closest together, and give the compass direction from the alphabetically earlier of them to the other, using only north, north-east, east, south-east, south, south-west, west or north-west. State your conclusion, justify it by describing the displacements you compared, and end with a confidence score from 0 to 1."
compass_bearing_1527_open_q1,compass_bearing_1527.png,"Read the compass rose in the corner, then compare the straight-line displacement between every pair of landmarks: name the two landmarks that lie closest together, and give the compass direction from the alphabetically earlier of them to the other, using only north, north-east, east, south-east, south, south-west, west or north-west. State your conclusion, justify it by describing the displacements you compared, and end with a confidence score from 0 to 1."
compass_bearing_1530_open_q1,compass_bearing_1530.png,"Read the compass rose in the corner, then compare the straight-line displacement between every pair of landmarks: name the two landmarks that lie closest together, and give the compass direction from the alphabetically earlier of them to the other, using only north, north-east, east, south-east, south, south-west, west or north-west. State your conclusion, justify it by describing the displacements you compared, and end with a confidence score from 0 to 1."
compass_bearing_1532_open_q1,compass_bearing_1532.png,"Read the compass rose in the corner, then compare the straight-line displacement between every pair of landmarks: name the two landmarks that lie closest together, and give the compass direction from the alphabetically earlier of them to the other, using only north, north-east, east, south-east, south, south-west, west or north-west. State your conclusion, justify it by describing the displacements you compared, and end with a confidence score from 0 to 1."
compass_bearing_1536_open_q1,compass_bearing_1536.png,"Read the compass rose in the corner, then compare the straight-line displacement between every pair of landmarks: name the two landmarks that lie closest together, and give the compass direction from the alphabetically earlier of them to the other, using only north, north-east, east, south-east, south, south-west, west or north-west. State your conclusion, justify it by describing the displacements you compared, and end with a confidence score from 0 to 1."
compass_bearing_1540_open_q1,compass_bearing_1540.png,"Read the compass rose in the corner, then compare the straight-line displacement between every pair of landmarks: name the two landmarks that lie closest together, and give the compass direction from the alphabetically earlier of them to the other, using only north, north-east, east, south-east, south, south-west, west or north-west. State your conclusion, justify it by describing the displacements you compared, and end with a confidence score from 0 to 1."
compass_bearing_1542_open_q1,compass_bearing_1542.png,"Read the compass rose in the corner, then compare the straight-line displacement between every pair of landmarks: name the two landmarks that lie closest together, and give the compass direction from the alphabetically earlier of them to the other, using only north, north-east, east, south-east, south, south-west, west or north-west. State your conclusion, justify it by describing the displacements you compared, and end with a confidence score from 0 to 1."
compass_bearing_1546_open_q1,compass_bearing_1546.png,"Read the compass rose in the corner, then compare the straight-line displacement between every pair of landmarks: name the two landmarks that lie closest together, and give the compass direction from the alphabetically earlier of them to the other, using only north, north-east, east, south-east, south, south-west, west or north-west. State your conclusion, justify it by describing the displacements you compared, and end with a confidence score from 0 to 1."
compass_bearing_1548_open_q1,compass_bearing_1548.png,"Read the compass rose in the corner, then compare the straight-line displacement between every pair of landmarks: name the two landmarks that lie closest together, and give the compass direction from the alphabetically earlier of them to the other, using only north, north-east, east, south-east, south, south-west, west or north-west. State your conclusion, justify it by describing the displacements you compared, and end with a confidence score from 0 to 1."
compass_bearing_1549_open_q1,compass_bearing_1549.png,"Read the compass rose in the corner, then compare the straight-line displacement between every pair of landmarks: name the two landmarks that lie closest together, and give the compass direction from the alphabetically earlier of them to the other, using only north, north-east, east, south-east, south, south-west, west or north-west. State your conclusion, justify it by describing the displacements you compared, and end with a confidence score from 0 to 1."
compass_bearing_1550_open_q1,compass_bearing_1550.png,"Read the compass rose in the corner, then compare the straight-line displacement between every pair of landmarks: name the two landmarks that lie closest together, and give the compass direction from the alphabetically earlier of them to the other, using only north, north-east, east, south-east, south, south-west, west or north-west. State your conclusion, justify it by describing the displacements you compared, and end with a confidence score from 0 to 1."
compass_bearing_1552_open_q1,compass_bearing_1552.png,"Read the compass rose in the corner, then compare the straight-line displacement between every pair of landmarks: name the two landmarks that lie closest together, and give the compass direction from the alphabetically earlier of them to the other, using only north, north-east, east, south-east, south, south-west, west or north-west. State your conclusion, justify it by describing the displacements you compared, and end with a confidence score from 0 to 1."
compass_bearing_1553_open_q1,compass_bearing_1553.png,"Read the compass rose in the corner, then compare the straight-line displacement between every pair of landmarks: name the two landmarks that lie closest together, and give the compass direction from the alphabetically earlier of them to the other, using only north, north-east, east, south-east, south, south-west, west or north-west. State your conclusion, justify it by describing the displacements you compared, and end with a confidence score from 0 to 1."
compass_bearing_1554_open_q1,compass_bearing_1554.png,"Read the compass rose in the corner, then compare the straight-line displacement between every pair of landmarks: name the two landmarks that lie closest together, and give the compass direction from the alphabetically earlier of them to the other, using only north, north-east, east, south-east, south, south-west, west or north-west. State your conclusion, justify it by describing the displacements you compared, and end with a confidence score from 0 to 1."
compass_bearing_1561_open_q1,compass_bearing_1561.png,"Read the compass rose in the corner, then compare the straight-line displacement between every pair of landmarks: name the two landmarks that lie closest together, and give the compass direction from the alphabetically earlier of them to the other, using only north, north-east, east, south-east, south, south-west, west or north-west. State your conclusion, justify it by describing the displacements you compared, and end with a confidence score from 0 to 1."
compass_bearing_1565_open_q1,compass_bearing_1565.png,"Read the compass rose in the corner, then compare the straight-line displacement between every pair of landmarks: name the two landmarks that lie closest together, and give the compass direction from the alphabetically earlier of them to the other, using only north, north-east, east, south-east, south, south-west, west or north-west. State your conclusion, justify it by describing the displacements you compared, and end with a confidence score from 0 to 1."
compass_bearing_1567_open_q1,compass_bearing_1567.png,"Read the compass rose in the corner, then compare the straight-line displacement between every pair of landmarks: name the two landmarks that lie closest together, and give the compass direction from the alphabetically earlier of them to the other, using only north, north-east, east, south-east, south, south-west, west or north-west. State your conclusion, justify it by describing the displacements you compared, and end with a confidence score from 0 to 1."
compass_bearing_1568_open_q1,compass_bearing_1568.png,"Read the compass rose in the corner, then compare the straight-line displacement between every pair of landmarks: name the two landmarks that lie closest together, and give the compass direction from the alphabetically earlier of them to the other, using only north, north-east, east, south-east, south, south-west, west or north-west. State your conclusion, justify it by describing the displacements you compared, and end with a confidence score from 0 to 1."
compass_bearing_1570_open_q1,compass_bearing_1570.png,"Read the compass rose in the corner, then compare the straight-line displacement between every pair of landmarks: name the two landmarks that lie closest together, and give the compass direction from the alphabetically earlier of them to the other, using only north, north-east, east, south-east, south, south-west, west or north-west. State your conclusion, justify it by describing the displacements you compared, and end with a confidence score from 0 to 1."
compass_bearing_1573_open_q1,compass_bearing_1573.png,"Read the compass rose in the corner, then compare the straight-line displacement between every pair of landmarks: name the two landmarks that lie closest together, and give the compass direction from the alphabetically earlier of them to the other, using only north, north-east, east, south-east, south, south-west, west or north-west. State your conclusion, justify it by describing the displacements you compared, and end with a confidence score from 0 to 1."
compass_bearing_1576_open_q1,compass_bearing_1576.png,"Read the compass rose in the corner, then compare the straight-line displacement between every pair of landmarks: name the two landmarks that lie closest together, and give the compass direction from the alphabetically earlier of them to the other, using only north, north-east, east, south-east, south, south-west, west or north-west. State your conclusion, justify it by describing the displacements you compared, and end with a confidence score from 0 to 1."
compass_bearing_1577_open_q1,compass_bearing_1577.png,"Read the compass rose in the corner, then compare the straight-line displacement between every pair of landmarks: name the two landmarks that lie closest together, and give the compass direction from the alphabetically earlier of them to the other, using only north, north-east, east, south-east, south, south-west, west or north-west. State your conclusion, justify it by describing the displacements you compared, and end with a confidence score from 0 to 1."
compass_bearing_1580_open_q1,compass_bearing_1580.png,"Read the compass rose in the corner, then compare the straight-line displacement between every pair of landmarks: name the two landmarks that lie closest together, and give the compass direction from the alphabetically earlier of them to the other, using only north, north-east, east, south-east, south, south-west, west or north-west. State your conclusion, justify it by describing the displacements you compared, and end with a confidence score from 0 to 1."
compass_bearing_1590_open_q1,compass_bearing_1590.png,"Read the compass rose in the corner, then compare the straight-line displacement between every pair of landmarks: name the two landmarks that lie closest together, and give the compass direction from the alphabetically earlier of them to the other, using only north, north-east, east, south-east, south, south-west, west or north-west. State your conclusion, justify it by describing the displacements you compared, and end with a confidence score from 0 to 1."
compass_bearing_1593_open_q1,compass_bearing_1593.png,"Read the compass rose in the corner, then compare the straight-line displacement between every pair of landmarks: name the two landmarks that lie closest together, and give the compass direction from the alphabetically earlier of them to the other, using only north, north-east, east, south-east, south, south-west, west or north-west. State your conclusion, justify it by describing the displacements you compared, and end with a confidence score from 0 to 1."
compass_bearing_1598_open_q1,compass_bearing_1598.png,"Read the compass rose in the corner, then compare the straight-line displacement between every pair of landmarks: name the two landmarks that lie closest together, and give the compass direction from the alphabetically earlier of them to the other, using only north, north-east, east, south-east, south, south-west, west or north-west. State your conclusion, justify it by describing the displacements you compared, and end with a confidence score from 0 to 1."
compass_bearing_1599_open_q1,compass_bearing_1599.png,"Read the compass rose in the corner, then compare the straight-line displacement between every pair of landmarks: name the two landmarks that lie closest together, and give the compass direction from the alphabetically earlier of them to the other, using only north, north-east, east, south-east, south, south-west, west or north-west. State your conclusion, justify it by describing the displacements you compared, and end with a confidence score from 0 to 1."
compass_bearing_1600_open_q1,compass_bearing_1600.png,"Read the compass rose in the corner, then compare the straight-line displacement between every pair of landmarks: name the two landmarks that lie closest together, and give the compass direction from the alphabetically earlier of them to the other, using only north, north-east, east, south-east, south, south-west, west or north-west. State your conclusion, justify it by describing the displacements you compared, and end with a confidence score from 0 to 1."
compass_bearing_1601_open_q1,compass_bearing_1601.png,"Read the compass rose in the corner, then compare the straight-line displacement between every pair of landmarks: name the two landmarks that lie closest together, and give the compass direction from the alphabetically earlier of them to the other, using only north, north-east, east, south-east, south, south-west, west or north-west. State your conclusion, justify it by describing the displacements you compared, and end with a confidence score from 0 to 1."
compass_bearing_1606_open_q1,compass_bearing_1606.png,"Read the compass rose in the corner, then compare the straight-line displacement between every pair of landmarks: name the two landmarks that lie closest together, and give the compass direction from the alphabetically earlier of them to the other, using only north, north-east, east, south-east, south, south-west, west or north-west. State your conclusion, justify it by describing the displacements you compared, and end with a confidence score from 0 to 1."
compass_bearing_1607_open_q1,compass_bearing_1607.png,"Read the compass rose in the corner, then compare the straight-line displacement between every pair of landmarks: name the two landmarks that lie closest together, and give the compass direction from the alphabetically earlier of them to the other, using only north, north-east, east, south-east, south, south-west, west or north-west. State your conclusion, justify it by describing the displacements you compared, and end with a confidence score from 0 to 1."
compass_bearing_1609_open_q1,compass_bearing_1609.png,"Read the compass rose in the corner, then compare the straight-line displacement between every pair of landmarks: name the two landmarks that lie closest together, and give the compass direction from the alphabetically earlier of them to the other, using only north, north-east, east, south-east, south, south-west, west or north-west. State your conclusion, justify it by describing the displacements you compared, and end with a confidence score from 0 to 1."
compass_bearing_1612_open_q1,compass_bearing_1612.png,"Read the compass rose in the corner, then compare the straight-line displacement between every pair of landmarks: name the two landmarks that lie closest together, and give the compass direction from the alphabetically earlier of them to the other, using only north, north-east, east, south-east, south, south-west, west or north-west. State your conclusion, justify it by describing the displacements you compared, and end with a confidence score from 0 to 1."
compass_bearing_1617_open_q1,compass_bearing_1617.png,"Read the compass rose in the corner, then compare the straight-line displacement between every pair of landmarks: name the two landmarks that lie closest together, and give the compass direction from the alphabetically earlier of them to the other, using only north, north-east, east, south-east, south, south-west, west or north-west. State your conclusion, justify it by describing the displacements you compared, and end with a confidence score from 0 to 1."
compass_bearing_1618_open_q1,compass_bearing_1618.png,"Read the compass rose in the corner, then compare the straight-line displacement between every pair of landmarks: name the two landmarks that lie closest together, and give the compass direction from the alphabetically earlier of them to the other, using only north, north-east, east, south-east, south, south-west, west or north-west. State your conclusion, justify it by describing the displacements you compared, and end with a confidence score from 0 to 1."
compass_bearing_1624_open_q1,compass_bearing_1624.png,"Read the compass rose in the corner, then compare the straight-line displacement between every pair of landmarks: name the two landmarks that lie closest together, and give the compass direction from the alphabetically earlier of them to the other, using only north, north-east, east, south-east, south, south-west, west or north-west. State your conclusion, justify it by describing the displacements you compared, and end with a confidence score from 0 to 1."
compass_bearing_1629_open_q1,compass_bearing_1629.png,"Read the compass rose in the corner, then compare the straight-line displacement between every pair of landmarks: name the two landmarks that lie closest together, and give the compass direction from the alphabetically earlier of them to the other, using only north, north-east, east, south-east, south, south-west, west or north-west. State your conclusion, justify it by describing the displacements you compared, and end with a confidence score from 0 to 1."
compass_bearing_1630_open_q1,compass_bearing_1630.png,"Read the compass rose in the corner, then compare the straight-line displacement between every pair of landmarks: name the two landmarks that lie closest together, and give the compass direction from the alphabetically earlier of them to the other, using only north, north-east, east, south-east, south, south-west, west or north-west. State your conclusion, justify it by describing the displacements you compared, and end with a confidence score from 0 to 1."
compass_bearing_1631_open_q1,compass_bearing_1631.png,"Read the compass rose in the corner, then compare the straight-line displacement between every pair of landmarks: name the two landmarks that lie closest together, and give the compass direction from the alphabetically earlier of them to the other, using only north, north-east, east, south-east, south, south-west, west or north-west. State your conclusion, justify it by describing the displacements you compared, and end with a confidence score from 0 to 1."
compass_bearing_1637_open_q1,compass_bearing_1637.png,"Read the compass rose in the corner, then compare the straight-line displacement between every pair of landmarks: name the two landmarks that lie closest together, and give the compass direction from the alphabetically earlier of them to the other, using only north, north-east, east, south-east, south, south-west, west or north-west. State your conclusion, justify it by describing the displacements you compared, and end with a confidence score from 0 to 1."
compass_bearing_1640_open_q1,compass_bearing_1640.png,"Read the compass rose in the corner, then compare the straight-line displacement between every pair of landmarks: name the two landmarks that lie closest together, and give the compass direction from the alphabetically earlier of them to the other, using only north, north-east, east, south-east, south, south-west, west or north-west. State your conclusion, justify it by describing the displacements you compared, and end with a confidence score from 0 to 1."
compass_bearing_1641_open_q1,compass_bearing_1641.png,"Read the compass rose in the corner, then compare the straight-line displacement between every pair of landmarks: name the two landmarks that lie closest together, and give the compass direction from the alphabetically earlier of them to the other, using only north, north-east, east, south-east, south, south-west, west or north-west. State your conclusion, justify it by describing the displacements you compared, and end with a confidence score from 0 to 1."
compass_bearing_1642_open_q1,compass_bearing_1642.png,"Read the compass rose in the corner, then compare the straight-line displacement between every pair of landmarks: name the two landmarks that lie closest together, and give the compass direction from the alphabetically earlier of them to the other, using only north, north-east, east, south-east, south, south-west, west or north-west. State your conclusion, justify it by describing the displacements you compared, and end with a confidence score from 0 to 1."
compass_bearing_1643_open_q1,compass_bearing_1643.png,"Read the compass rose in the corner, then compare the straight-line displacement between every pair of landmarks: name the two landmarks that lie closest together, and give the compass direction from the alphabetically earlier of them to the other, using only north, north-east, east, south-east, south, south-west, west or north-west. State your conclusion, justify it by describing the displacements you compared, and end with a confidence score from 0 to 1."
compass_bearing_1650_open_q1,compass_bearing_1650.png,"Read the compass rose in the corner, then compare the straight-line displacement between every pair of landmarks: name the two landmarks that lie closest together, and give the compass direction from the alphabetically earlier of them to the other, using only north, north-east, east, south-east, south, south-west, west or north-west. State your conclusion, justify it by describing the displacements you compared, and end with a confidence score from 0 to 1."
compass_bearing_1653_open_q1,compass_bearing_1653.png,"Read the compass rose in the corner, then compare the straight-line displacement between every pair of landmarks: name the two landmarks that lie closest together, and give the compass direction from the alphabetically earlier of them to the other, using only north, north-east, east, south-east, south, south-west, west or north-west. State your conclusion, justify it by describing the displacements you compared, and end with a confidence score from 0 to 1."
compass_bearing_1655_open_q1,compass_bearing_1655.png,"Read the compass rose in the corner, then compare the straight-line displacement between every pair of landmarks: name the two landmarks that lie closest together, and give the compass direction from the alphabetically earlier of them to the other, using only north, north-east, east, south-east, south, south-west, west or north-west. State your conclusion, justify it by describing the displacements you compared, and end with a confidence score from 0 to 1."
compass_bearing_1656_open_q1,compass_bearing_1656.png,"Read the compass rose in the corner, then compare the straight-line displacement between every pair of landmarks: name the two landmarks that lie closest together, and give the compass direction from the alphabetically earlier of them to the other, using only north, north-east, east, south-east, south, south-west, west or north-west. State your conclusion, justify it by describing the displacements you compared, and end with a confidence score from 0 to 1."
compass_bearing_1660_open_q1,compass_bearing_1660.png,"Read the compass rose in the corner, then compare the straight-line displacement between every pair of landmarks: name the two landmarks that lie closest together, and give the compass direction from the alphabetically earlier of them to the other, using only north, north-east, east, south-east, south, south-west, west or north-west. State your conclusion, justify it by describing the displacements you compared, and end with a confidence score from 0 to 1."
compass_bearing_1663_open_q1,compass_bearing_1663.png,"Read the compass rose in the corner, then compare the straight-line displacement between every pair of landmarks: name the two landmarks that lie closest together, and give the compass direction from the alphabetically earlier of them to the other, using only north, north-east, east, south-east, south, south-west, west or north-west. State your conclusion, justify it by describing the displacements you compared, and end with a confidence score from 0 to 1."
compass_bearing_1665_open_q1,compass_bearing_1665.png,"Read the compass rose in the corner, then compare the straight-line displacement between every pair of landmarks: name the two landmarks that lie closest together, and give the compass direction from the alphabetically earlier of them to the other, using only north, north-east, east, south-east, south, south-west, west or north-west. State your conclusion, justify it by describing the displacements you compared, and end with a confidence score from 0 to 1."
compass_bearing_1670_open_q1,compass_bearing_1670.png,"Read the compass rose in the corner, then compare the straight-line displacement between every pair of landmarks: name the two landmarks that lie closest together, and give the compass direction from the alphabetically earlier of them to the other, using only north, north-east, east, south-east, south, south-west, west or north-west. State your conclusion, justify it by describing the displacements you compared, and end with a confidence score from 0 to 1."
compass_bearing_1671_open_q1,compass_bearing_1671.png,"Read the compass rose in the corner, then compare the straight-line displacement between every pair of landmarks: name the two landmarks that lie closest together, and give the compass direction from the alphabetically earlier of them to the other, using only north, north-east, east, south-east, south, south-west, west or north-west. State your conclusion, justify it by describing the displacements you compared, and end with a confidence score from 0 to 1."
compass_bearing_1673_open_q1,compass_bearing_1673.png,"Read the compass rose in the corner, then compare the straight-line displacement between every pair of landmarks: name the two landmarks that lie closest together, and give the compass direction from the alphabetically earlier of them to the other, using only north, north-east, east, south-east, south, south-west, west or north-west. State your conclusion, justify it by describing the displacements you compared, and end with a confidence score from 0 to 1."
compass_bearing_1674_open_q1,compass_bearing_1674.png,"Read the compass rose in the corner, then compare the straight-line displacement between every pair of landmarks: name the two landmarks that lie closest together, and give the compass direction from the alphabetically earlier of them to the other, using only north, north-east, east, south-east, south, south-west, west or north-west. State your conclusion, justify it by describing the displacements you compared, and end with a confidence score from 0 to 1."
compass_bearing_1677_open_q1,compass_bearing_1677.png,"Read the compass rose in the corner, then compare the straight-line displacement between every pair of landmarks: name the two landmarks that lie closest together, and give the compass direction from the alphabetically earlier of them to the other, using only north, north-east, east, south-east, south, south-west, west or north-west. State your conclusion, justify it by describing the displacements you compared, and end with a confidence score from 0 to 1."
compass_bearing_1678_open_q1,compass_bearing_1678.png,"Read the compass rose in the corner, then compare the straight-line displacement between every pair of landmarks: name the two landmarks that lie closest together, and give the compass direction from the alphabetically earlier of them to the other, using only north, north-east, east, south-east, south, south-west, west or north-west. State your conclusion, justify it by describing the displacements you compared, and end with a confidence score from 0 to 1."
compass_bearing_1680_open_q1,compass_bearing_1680.png,"Read the compass rose in the corner, then compare the straight-line displacement between every pair of landmarks: name the two landmarks that lie closest together, and give the compass direction from the alphabetically earlier of them to the other, using only north, north-east, east, south-east, south, south-west, west or north-west. State your conclusion, justify it by describing the displacements you compared, and end with a confidence score from 0 to 1."
compass_bearing_1687_open_q1,compass_bearing_1687.png,"Read the compass rose in the corner, then compare the straight-line displacement between every pair of landmarks: name the two landmarks that lie closest together, and give the compass direction from the alphabetically earlier of them to the other, using only north, north-east, east, south-east, south, south-west, west or north-west. State your conclusion, justify it by describing the displacements you compared, and end with a confidence score from 0 to 1."
compass_bearing_1689_open_q1,compass_bearing_1689.png,"Read the compass rose in the corner, then compare the straight-line displacement between every pair of landmarks: name the two landmarks that lie closest together, and give the compass direction from the alphabetically earlier of them to the other, using only north, north-east, east, south-east, south, south-west, west or north-west. State your conclusion, justify it by describing the displacements you compared, and end with a confidence score from 0 to 1."
compass_bearing_1690_open_q1,compass_bearing_1690.png,"Read the compass rose in the corner, then compare the straight-line displacement between every pair of landmarks: name the two landmarks that lie closest together, and give the compass direction from the alphabetically earlier of them to the other, using only north, north-east, east, south-east, south, south-west, west or north-west. State your conclusion, justify it by describing the displacements you compared, and end with a confidence score from 0 to 1."
compass_bearing_1695_open_q1,compass_bearing_1695.png,"Read the compass rose in the corner, then compare the straight-line displacement between every pair of landmarks: name the two landmarks that lie closest together, and give the compass direction from the alphabetically earlier of them to the other, using only north, north-east, east, south-east, south, south-west, west or north-west. State your conclusion, justify it by describing the displacements you compared, and end with a confidence score from 0 to 1."
compass_bearing_1700_open_q1,compass_bearing_1700.png,"Read the compass rose in the corner, then compare the straight-line displacement between every pair of landmarks: name the two landmarks that lie closest together, and give the compass direction from the alphabetically earlier of them to the other, using only north, north-east, east, south-east, south, south-west, west or north-west. State your conclusion, justify it by describing the displacements you compared, and end with a confidence score from 0 to 1."
compass_bearing_1701_open_q1,compass_bearing_1701.png,"Read the compass rose in the corner, then compare the straight-line displacement between every pair of landmarks: name the two landmarks that lie closest together, and give the compass direction from the alphabetically earlier of them to the other, using only north, north-east, east, south-east, south, south-west, west or north-west. State your conclusion, justify it by describing the displacements you compared, and end with a confidence score from 0 to 1."
compass_bearing_1702_open_q1,compass_bearing_1702.png,"Read the compass rose in the corner, then compare the straight-line displacement between every pair of landmarks: name the two landmarks that lie closest together, and give the compass direction from the alphabetically earlier of them to the other, using only north, north-east, east, south-east, south, south-west, west or north-west. State your conclusion, justify it by describing the displacements you compared, and end with a confidence score from 0 to 1."
compass_bearing_1703_open_q1,compass_bearing_1703.png,"Read the compass rose in the corner, then compare the straight-line displacement between every pair of landmarks: name the two landmarks that lie closest together, and give the compass direction from the alphabetically earlier of them to the other, using only north, north-east, east, south-east, south, south-west, west or north-west. State your conclusion, justify it by describing the displacements you compared, and end with a confidence score from 0 to 1."
compass_bearing_1709_open_q1,compass_bearing_1709.png,"Read the compass rose in the corner, then compare the straight-line displacement between every pair of landmarks: name the two landmarks that lie closest together, and give the compass direction from the alphabetically earlier of them to the other, using only north, north-east, east, south-east, south, south-west, west or north-west. State your conclusion, justify it by describing the displacements you compared, and end with a confidence score from 0 to 1."
compass_bearing_1710_open_q1,compass_bearing_1710.png,"Read the compass rose in the corner, then compare the straight-line displacement between every pair of landmarks: name the two landmarks that lie closest together, and give the compass direction from the alphabetically earlier of them to the other, using only north, north-east, east, south-east, south, south-west, west or north-west. State your conclusion, justify it by describing the displacements you compared, and end with a confidence score from 0 to 1."
compass_bearing_1712_open_q1,compass_bearing_1712.png,"Read the compass rose in the corner, then compare the straight-line displacement between every pair of landmarks: name the two landmarks that lie closest together, and give the compass direction from the alphabetically earlier of them to the other, using only north, north-east, east, south-east, south, south-west, west or north-west. State your conclusion, justify it by describing the displacements you compared, and end with a confidence score from 0 to 1."
compass_bearing_1713_open_q1,compass_bearing_1713.png,"Read the compass rose in the corner, then compare the straight-line displacement between every pair of landmarks: name the two landmarks that lie closest together, and give the compass direction from the alphabetically earlier of them to the other, using only north, north-east, east, south-east, south, south-west, west or north-west. State your conclusion, justify it by describing the displacements you compared, and end with a confidence score from 0 to 1."
compass_bearing_1716_open_q1,compass_bearing_1716.png,"Read the compass rose in the corner, then compare the straight-line displacement between every pair of landmarks: name the two landmarks that lie closest together, and give the compass direction from the alphabetically earlier of them to the other, using only north, north-east, east, south-east, south, south-west, west or north-west. State your conclusion, justify it by describing the displacements you compared, and end with a confidence score from 0 to 1."
compass_bearing_1720_open_q1,compass_bearing_1720.png,"Read the compass rose in the corner, then compare the straight-line displacement between every pair of landmarks: name the two landmarks that lie closest together, and give the compass direction from the alphabetically earlier of them to the other, using only north, north-east, east, south-east, south, south-west, west or north-west. State your conclusion, justify it by describing the displacements you compared, and end with a confidence score from 0 to 1."
compass_bearing_1721_open_q1,compass_bearing_1721.png,"Read the compass rose in the corner, then compare the straight-line displacement between every pair of landmarks: name the two landmarks that lie closest together, and give the compass direction from the alphabetically earlier of them to the other, using only north, north-east, east, south-east, south, south-west, west or north-west. State your conclusion, justify it by describing the displacements you compared, and end with a confidence score from 0 to 1."
compass_bearing_1728_open_q1,compass_bearing_1728.png,"Read the compass rose in the corner, then compare the straight-line displacement between every pair of landmarks: name the two landmarks that lie closest together, and give the compass direction from the alphabetically earlier of them to the other, using only north, north-east, east, south-east, south, south-west, west or north-west. State your conclusion, justify it by describing the displacements you compared, and end with a confidence score from 0 to 1."
compass_bearing_1729_open_q1,compass_bearing_1729.png,"Read the compass rose in the corner, then compare the straight-line displacement between every pair of landmarks: name the two landmarks that lie closest together, and give the compass direction from the alphabetically earlier of them to the other, using only north, north-east, east, south-east, south, south-west, west or north-west. State your conclusion, justify it by describing the displacements you compared, and end with a confidence score from 0 to 1."
compass_bearing_1730_open_q1,compass_bearing_1730.png,"Read the compass rose in the corner, then compare the straight-line displacement between every pair of landmarks: name the two landmarks that lie closest together, and give the compass direction from the alphabetically earlier of them to the other, using only north, north-east, east, south-east, south, south-west, west or north-west. State your conclusion, justify it by describing the displacements you compared, and end with a confidence score from 0 to 1."
compass_bearing_1731_open_q1,compass_bearing_1731.png,"Read the compass rose in the corner, then compare the straight-line displacement between every pair of landmarks: name the two landmarks that lie closest together, and give the compass direction from the alphabetically earlier of them to the other, using only north, north-east, east, south-east, south, south-west, west or north-west. State your conclusion, justify it by describing the displacements you compared, and end with a confidence score from 0 to 1."
compass_bearing_1732_open_q1,compass_bearing_1732.png,"Read the compass rose in the corner, then compare the straight-line displacement between every pair of landmarks: name the two landmarks that lie closest together, and give the compass direction from the alphabetically earlier of them to the other, using only north, north-east, east, south-east, south, south-west, west or north-west. State your conclusion, justify it by describing the displacements you compared, and end with a confidence score from 0 to 1."
compass_bearing_1736_open_q1,compass_bearing_1736.png,"Read the compass rose in the corner, then compare the straight-line displacement between every pair of landmarks: name the two landmarks that lie closest together, and give the compass direction from the alphabetically earlier of them to the other, using only north, north-east, east, south-east, south, south-west, west or north-west. State your conclusion, justify it by describing the displacements you compared, and end with a confidence score from 0 to 1."
compass_bearing_1737_open_q1,compass_bearing_1737.png,"Read the compass rose in the corner, then compare the straight-line displacement between every pair of landmarks: name the two landmarks that lie closest together, and give the compass direction from the alphabetically earlier of them to the other, using only north, north-east, east, south-east, south, south-west, west or north-west. State your conclusion, justify it by describing the displacements you compared, and end with a confidence score from 0 to 1."
compass_bearing_1740_open_q1,compass_bearing_1740.png,"Read the compass rose in the corner, then compare the straight-line displacement between every pair of landmarks: name the two landmarks that lie closest together, and give the compass direction from the alphabetically earlier of them to the other, using only north, north-east, east, south-east, south, south-west, west or north-west. State your conclusion, justify it by describing the displacements you compared, and end with a confidence score from 0 to 1."
compass_bearing_1741_open_q1,compass_bearing_1741.png,"Read the compass rose in the corner, then compare the straight-line displacement between every pair of landmarks: name the two landmarks that lie closest together, and give the compass direction from the alphabetically earlier of them to the other, using only north, north-east, east, south-east, south, south-west, west or north-west. State your conclusion, justify it by describing the displacements you compared, and end with a confidence score from 0 to 1."
compass_bearing_1746_open_q1,compass_bearing_1746.png,"Read the compass rose in the corner, then compare the straight-line displacement between every pair of landmarks: name the two landmarks that lie closest together, and give the compass direction from the alphabetically earlier of them to the other, using only north, north-east, east, south-east, south, south-west, west or north-west. State your conclusion, justify it by describing the displacements you compared, and end with a confidence score from 0 to 1."
compass_bearing_1749_open_q1,compass_bearing_1749.png,"Read the compass rose in the corner, then compare the straight-line displacement between every pair of landmarks: name the two landmarks that lie closest together, and give the compass direction from the alphabetically earlier of them to the other, using only north, north-east, east, south-east, south, south-west, west or north-west. State your conclusion, justify it by describing the displacements you compared, and end with a confidence score from 0 to 1."
compass_bearing_1750_open_q1,compass_bearing_1750.png,"Read the compass rose in the corner, then compare the straight-line displacement between every pair of landmarks: name the two landmarks that lie closest together, and give the compass direction from the alphabetically earlier of them to the other, using only north, north-east, east, south-east, south, south-west, west or north-west. State your conclusion, justify it by describing the displacements you compared, and end with a confidence score from 0 to 1."
compass_bearing_1751_open_q1,compass_bearing_1751.png,"Read the compass rose in the corner, then compare the straight-line displacement between every pair of landmarks: name the two landmarks that lie closest together, and give the compass direction from the alphabetically earlier of them to the other, using only north, north-east, east, south-east, south, south-west, west or north-west. State your conclusion, justify it by describing the displacements you compared, and end with a confidence score from 0 to 1."
compass_bearing_1754_open_q1,compass_bearing_1754.png,"Read the compass rose in the corner, then compare the straight-line displacement between every pair of landmarks: name the two landmarks that lie closest together, and give the compass direction from the alphabetically earlier of them to the other, using only north, north-east, east, south-east, south, south-west, west or north-west. State your conclusion, justify it by describing the displacements you compared, and end with a confidence score from 0 to 1."
compass_bearing_1756_open_q1,compass_bearing_1756.png,"Read the compass rose in the corner, then compare the straight-line displacement between every pair of landmarks: name the two landmarks that lie closest together, and give the compass direction from the alphabetically earlier of them to the other, using only north, north-east, east, south-east, south, south-west, west or north-west. State your conclusion, justify it by describing the displacements you compared, and end with a confidence score from 0 to 1."
compass_bearing_1757_open_q1,compass_bearing_1757.png,"Read the compass rose in the corner, then compare the straight-line displacement between every pair of landmarks: name the two landmarks that lie closest together, and give the compass direction from the alphabetically earlier of them to the other, using only north, north-east, east, south-east, south, south-west, west or north-west. State your conclusion, justify it by describing the displacements you compared, and end with a confidence score from 0 to 1."
compass_bearing_1760_open_q1,compass_bearing_1760.png,"Read the compass rose in the corner, then compare the straight-line displacement between every pair of landmarks: name the two landmarks that lie closest together, and give the compass direction from the alphabetically earlier of them to the other, using only north, north-east, east, south-east, south, south-west, west or north-west. State your conclusion, justify it by describing the displacements you compared, and end with a confidence score from 0 to 1."
compass_bearing_1765_open_q1,compass_bearing_1765.png,"Read the compass rose in the corner, then compare the straight-line displacement between every pair of landmarks: name the two landmarks that lie closest together, and give the compass direction from the alphabetically earlier of them to the other, using only north, north-east, east, south-east, south, south-west, west or north-west. State your conclusion, justify it by describing the displacements you compared, and end with a confidence score from 0 to 1."
compass_bearing_1767_open_q1,compass_bearing_1767.png,"Read the compass rose in the corner, then compare the straight-line displacement between every pair of landmarks: name the two landmarks that lie closest together, and give the compass direction from the alphabetically earlier of them to the other, using only north, north-east, east, south-east, south, south-west, west or north-west. State your conclusion, justify it by describing the displacements you compared, and end with a confidence score from 0 to 1."
compass_bearing_1768_open_q1,compass_bearing_1768.png,"Read the compass rose in the corner, then compare the straight-line displacement between every pair of landmarks: name the two landmarks that lie closest together, and give the compass direction from the alphabetically earlier of them to the other, using only north, north-east, east, south-east, south, south-west, west or north-west. State your conclusion, justify it by describing the displacements you compared, and end with a confidence score from 0 to 1."
compass_bearing_1770_open_q1,compass_bearing_1770.png,"Read the compass rose in the corner, then compare the straight-line displacement between every pair of landmarks: name the two landmarks that lie closest together, and give the compass direction from the alphabetically earlier of them to the other, using only north, north-east, east, south-east, south, south-west, west or north-west. State your conclusion, justify it by describing the displacements you compared, and end with a confidence score from 0 to 1."
compass_bearing_1772_open_q1,compass_bearing_1772.png,"Read the compass rose in the corner, then compare the straight-line displacement between every pair of landmarks: name the two landmarks that lie closest together, and give the compass direction from the alphabetically earlier of them to the other, using only north, north-east, east, south-east, south, south-west, west or north-west. State your conclusion, justify it by describing the displacements you compared, and end with a confidence score from 0 to 1."
compass_bearing_1774_open_q1,compass_bearing_1774.png,"Read the compass rose in the corner, then compare the straight-line displacement between every pair of landmarks: name the two landmarks that lie closest together, and give the compass direction from the alphabetically earlier of them to the other, using only north, north-east, east, south-east, south, south-west, west or north-west. State your conclusion, justify it by describing the displacements you compared, and end with a confidence score from 0 to 1."
compass_bearing_1776_open_q1,compass_bearing_1776.png,"Read the compass rose in the corner, then compare the straight-line displacement between every pair of landmarks: name the two landmarks that lie closest together, and give the compass direction from the alphabetically earlier of them to the other, using only north, north-east, east, south-east, south, south-west, west or north-west. State your conclusion, justify it by describing the displacements you compared, and end with a confidence score from 0 to 1."
compass_bearing_1782_open_q1,compass_bearing_1782.png,"Read the compass rose in the corner, then compare the straight-line displacement between every pair of landmarks: name the two landmarks that lie closest together, and give the compass direction from the alphabetically earlier of them to the other, using only north, north-east, east, south-east, south, south-west, west or north-west. State your conclusion, justify it by describing the displacements you compared, and end with a confidence score from 0 to 1."
compass_bearing_1784_open_q1,compass_bearing_1784.png,"Read the compass rose in the corner, then compare the straight-line displacement between every pair of landmarks: name the two landmarks that lie closest together, and give the compass direction from the alphabetically earlier of them to the other, using only north, north-east, east, south-east, south, south-west, west or north-west. State your conclusion, justify it by describing the displacements you compared, and end with a confidence score from 0 to 1."
compass_bearing_1790_open_q1,compass_bearing_1790.png,"Read the compass rose in the corner, then compare the straight-line displacement between every pair of landmarks: name the two landmarks that lie closest together, and give the compass direction from the alphabetically earlier of them to the other, using only north, north-east, east, south-east, south, south-west, west or north-west. State your conclusion, justify it by describing the displacements you compared, and end with a confidence score from 0 to 1."
compass_bearing_1791_open_q1,compass_bearing_1791.png,"Read the compass rose in the corner, then compare the straight-line displacement between every pair of landmarks: name the two landmarks that lie closest together, and give the compass direction from the alphabetically earlier of them to the other, using only north, north-east, east, south-east, south, south-west, west or north-west. State your conclusion, justify it by describing the displacements you compared, and end with a confidence score from 0 to 1."
compass_bearing_1794_open_q1,compass_bearing_1794.png,"Read the compass rose in the corner, then compare the straight-line displacement between every pair of landmarks: name the two landmarks that lie closest together, and give the compass direction from the alphabetically earlier of them to the other, using only north, north-east, east, south-east, south, south-west, west or north-west. State your conclusion, justify it by describing the displacements you compared, and end with a confidence score from 0 to 1."
compass_bearing_1797_open_q1,compass_bearing_1797.png,"Read the compass rose in the corner, then compare the straight-line displacement between every pair of landmarks: name the two landmarks that lie closest together, and give the compass direction from the alphabetically earlier of them to the other, using only north, north-east, east, south-east, south, south-west, west or north-west. State your conclusion, justify it by describing the displacements you compared, and end with a confidence score from 0 to 1."
compass_bearing_1799_open_q1,compass_bearing_1799.png,"Read the compass rose in the corner, then compare the straight-line displacement between every pair of landmarks: name the two landmarks that lie closest together, and give the compass direction from the alphabetically earlier of them to the other, using only north, north-east, east, south-east, south, south-west, west or north-west. State your conclusion, justify it by describing the displacements you compared, and end with a confidence score from 0 to 1."
compass_bearing_1800_open_q1,compass_bearing_1800.png,"Read the compass rose in the corner, then compare the straight-line displacement between every pair of landmarks: name the two landmarks that lie closest together, and give the compass direction from the alphabetically earlier of them to the other, using only north, north-east, east, south-east, south, south-west, west or north-west. State your conclusion, justify it by describing the displacements you compared, and end with a confidence score from 0 to 1."
compass_bearing_1801_open_q1,compass_bearing_1801.png,"Read the compass rose in the corner, then compare the straight-line displacement between every pair of landmarks: name the two landmarks that lie closest together, and give the compass direction from the alphabetically earlier of them to the other, using only north, north-east, east, south-east, south, south-west, west or north-west. State your conclusion, justify it by describing the displacements you compared, and end with a confidence score from 0 to 1."
compass_bearing_1806_open_q1,compass_bearing_1806.png,"Read the compass rose in the corner, then compare the straight-line displacement between every pair of landmarks: name the two landmarks that lie closest together, and give the compass direction from the alphabetically earlier of them to the other, using only north, north-east, east, south-east, south, south-west, west or north-west. State your conclusion, justify it by describing the displacements you compared, and end with a confidence score from 0 to 1."
compass_bearing_1807_open_q1,compass_bearing_1807.png,"Read the compass rose in the corner, then compare the straight-line displacement between every pair of landmarks: name the two landmarks that lie closest together, and give the compass direction from the alphabetically earlier of them to the other, using only north, north-east, east, south-east, south, south-west, west or north-west. State your conclusion, justify it by describing the displacements you compared, and end with a confidence score from 0 to 1."
compass_bearing_1811_open_q1,compass_bearing_1811.png,"Read the compass rose in the corner, then compare the straight-line displacement between every pair of landmarks: name the two landmarks that lie closest together, and give the compass direction from the alphabetically earlier of them to the other, using only north, north-east, east, south-east, south, south-west, west or north-west. State your conclusion, justify it by describing the displacements you compared, and end with a confidence score from 0 to 1."
compass_bearing_1812_open_q1,compass_bearing_1812.png,"Read the compass rose in the corner, then compare the straight-line displacement between every pair of landmarks: name the two landmarks that lie closest together, and give the compass direction from the alphabetically earlier of them to the other, using only north, north-east, east, south-east, south, south-west, west or north-west. State your conclusion, justify it by describing the displacements you compared, and end with a confidence score from 0 to 1."
compass_bearing_1814_open_q1,compass_bearing_1814.png,"Read the compass rose in the corner, then compare the straight-line displacement between every pair of landmarks: name the two landmarks that lie closest together, and give the compass direction from the alphabetically earlier of them to the other, using only north, north-east, east, south-east, south, south-west, west or north-west. State your conclusion, justify it by describing the displacements you compared, and end with a confidence score from 0 to 1."
compass_bearing_1819_open_q1,compass_bearing_1819.png,"Read the compass rose in the corner, then compare the straight-line displacement between every pair of landmarks: name the two landmarks that lie closest together, and give the compass direction from the alphabetically earlier of them to the other, using only north, north-east, east, south-east, south, south-west, west or north-west. State your conclusion, justify it by describing the displacements you compared, and end with a confidence score from 0 to 1."
compass_bearing_1823_open_q1,compass_bearing_1823.png,"Read the compass rose in the corner, then compare the straight-line displacement between every pair of landmarks: name the two landmarks that lie closest together, and give the compass direction from the alphabetically earlier of them to the other, using only north, north-east, east, south-east, south, south-west, west or north-west. State your conclusion, justify it by describing the displacements you compared, and end with a confidence score from 0 to 1."
compass_bearing_1824_open_q1,compass_bearing_1824.png,"Read the compass rose in the corner, then compare the straight-line displacement between every pair of landmarks: name the two landmarks that lie closest together, and give the compass direction from the alphabetically earlier of them to the other, using only north, north-east, east, south-east, south, south-west, west or north-west. State your conclusion, justify it by describing the displacements you compared, and end with a confidence score from 0 to 1."
compass_bearing_1826_open_q1,compass_bearing_1826.png,"Read the compass rose in the corner, then compare the straight-line displacement between every pair of landmarks: name the two landmarks that lie closest together, and give the compass direction from the alphabetically earlier of them to the other, using only north, north-east, east, south-east, south, south-west, west or north-west. State your conclusion, justify it by describing the displacements you compared, and end with a confidence score from 0 to 1."
compass_bearing_1827_open_q1,compass_bearing_1827.png,"Read the compass rose in the corner, then compare the straight-line displacement between every pair of landmarks: name the two landmarks that lie closest together, and give the compass direction from the alphabetically earlier of them to the other, using only north, north-east, east, south-east, south, south-west, west or north-west. State your conclusion, justify it by describing the displacements you compared, and end with a confidence score from 0 to 1."
compass_bearing_1835_open_q1,compass_bearing_1835.png,"Read the compass rose in the corner, then compare the straight-line displacement between every pair of landmarks: name the two landmarks that lie closest together, and give the compass direction from the alphabetically earlier of them to the other, using only north, north-east, east, south-east, south, south-west, west or north-west. State your conclusion, justify it by describing the displacements you compared, and end with a confidence score from 0 to 1."
compass_bearing_1836_open_q1,compass_bearing_1836.png,"Read the compass rose in the corner, then compare the straight-line displacement between every pair of landmarks: name the two landmarks that lie closest together, and give the compass direction from the alphabetically earlier of them to the other, using only north, north-east, east, south-east, south, south-west, west or north-west. State your conclusion, justify it by describing the displacements you compared, and end with a confidence score from 0 to 1."
compass_bearing_1840_open_q1,compass_bearing_1840.png,"Read the compass rose in the corner, then compare the straight-line displacement between every pair of landmarks: name the two landmarks that lie closest together, and give the compass direction from the alphabetically earlier of them to the other, using only north, north-east, east, south-east, south, south-west, west or north-west. State your conclusion, justify it by describing the displacements you compared, and end with a confidence score from 0 to 1."
compass_bearing_1846_open_q1,compass_bearing_1846.png,"Read the compass rose in the corner, then compare the straight-line displacement between every pair of landmarks: name the two landmarks that lie closest together, and give the compass direction from the alphabetically earlier of them to the other, using only north, north-east, east, south-east, south, south-west, west or north-west. State your conclusion, justify it by describing the displacements you compared, and end with a confidence score from 0 to 1."
compass_bearing_1850_open_q1,compass_bearing_1850.png,"Read the compass rose in the corner, then compare the straight-line displacement between every pair of landmarks: name the two landmarks that lie closest together, and give the compass direction from the alphabetically earlier of them to the other, using only north, north-east, east, south-east, south, south-west, west or north-west. State your conclusion, justify it by describing the displacements you compared, and end with a confidence score from 0 to 1."
compass_bearing_1851_open_q1,compass_bearing_1851.png,"Read the compass rose in the corner, then compare the straight-line displacement between every pair of landmarks: name the two landmarks that lie closest together, and give the compass direction from the alphabetically earlier of them to the other, using only north, north-east, east, south-east, south, south-west, west or north-west. State your conclusion, justify it by describing the displacements you compared, and end with a confidence score from 0 to 1."
compass_bearing_1854_open_q1,compass_bearing_1854.png,"Read the compass rose in the corner, then compare the straight-line displacement between every pair of landmarks: name the two landmarks that lie closest together, and give the compass direction from the alphabetically earlier of them to the other, using only north, north-east, east, south-east, south, south-west, west or north-west. State your conclusion, justify it by describing the displacements you compared, and end with a confidence score from 0 to 1."
compass_bearing_1856_open_q1,compass_bearing_1856.png,"Read the compass rose in the corner, then compare the straight-line displacement between every pair of landmarks: name the two landmarks that lie closest together, and give the compass direction from the alphabetically earlier of them to the other, using only north, north-east, east, south-east, south, south-west, west or north-west. State your conclusion, justify it by describing the displacements you compared, and end with a confidence score from 0 to 1."
compass_bearing_1860_open_q1,compass_bearing_1860.png,"Read the compass rose in the corner, then compare the straight-line displacement between every pair of landmarks: name the two landmarks that lie closest together, and give the compass direction from the alphabetically earlier of them to the other, using only north, north-east, east, south-east, south, south-west, west or north-west. State your conclusion, justify it by describing the displacements you compared, and end with a confidence score from 0 to 1."
compass_bearing_1862_open_q1,compass_bearing_1862.png,"Read the compass rose in the corner, then compare the straight-line displacement between every pair of landmarks: name the two landmarks that lie closest together, and give the compass direction from the alphabetically earlier of them to the other, using only north, north-east, east, south-east, south, south-west, west or north-west. State your conclusion, justify it by describing the displacements you compared, and end with a confidence score from 0 to 1."
compass_bearing_1863_open_q1,compass_bearing_1863.png,"Read the compass rose in the corner, then compare the straight-line displacement between every pair of landmarks: name the two landmarks that lie closest together, and give the compass direction from the alphabetically earlier of them to the other, using only north, north-east, east, south-east, south, south-west, west or north-west. State your conclusion, justify it by describing the displacements you compared, and end with a confidence score from 0 to 1."
compass_bearing_1868_open_q1,compass_bearing_1868.png,"Read the compass rose in the corner, then compare the straight-line displacement between every pair of landmarks: name the two landmarks that lie closest together, and give the compass direction from the alphabetically earlier of them to the other, using only north, north-east, east, south-east, south, south-west, west or north-west. State your conclusion, justify it by describing the displacements you compared, and end with a confidence score from 0 to 1."
compass_bearing_1870_open_q1,compass_bearing_1870.png,"Read the compass rose in the corner, then compare the straight-line displacement between every pair of landmarks: name the two landmarks that lie closest together, and give the compass direction from the alphabetically earlier of them to the other, using only north, north-east, east, south-east, south, south-west, west or north-west. State your conclusion, justify it by describing the displacements you compared, and end with a confidence score from 0 to 1."
compass_bearing_1872_open_q1,compass_bearing_1872.png,"Read the compass rose in the corner, then compare the straight-line displacement between every pair of landmarks: name the two landmarks that lie closest together, and give the compass direction from the alphabetically earlier of them to the other, using only north, north-east, east, south-east, south, south-west, west or north-west. State your conclusion, justify it by describing the displacements you compared, and end with a confidence score from 0 to 1."
compass_bearing_1877_open_q1,compass_bearing_1877.png,"Read the compass rose in the corner, then compare the straight-line displacement between every pair of landmarks: name the two landmarks that lie closest together, and give the compass direction from the alphabetically earlier of them to the other, using only north, north-east, east, south-east, south, south-west, west or north-west. State your conclusion, justify it by describing the displacements you compared, and end with a confidence score from 0 to 1."
compass_bearing_1879_open_q1,compass_bearing_1879.png,"Read the compass rose in the corner, then compare the straight-line displacement between every pair of landmarks: name the two landmarks that lie closest together, and give the compass direction from the alphabetically earlier of them to the other, using only north, north-east, east, south-east, south, south-west, west or north-west. State your conclusion, justify it by describing the displacements you compared, and end with a confidence score from 0 to 1."
compass_bearing_1881_open_q1,compass_bearing_1881.png,"Read the compass rose in the corner, then compare the straight-line displacement between every pair of landmarks: name the two landmarks that lie closest together, and give the compass direction from the alphabetically earlier of them to the other, using only north, north-east, east, south-east, south, south-west, west or north-west. State your conclusion, justify it by describing the displacements you compared, and end with a confidence score from 0 to 1."
compass_bearing_1890_open_q1,compass_bearing_1890.png,"Read the compass rose in the corner, then compare the straight-line displacement between every pair of landmarks: name the two landmarks that lie closest together, and give the compass direction from the alphabetically earlier of them to the other, using only north, north-east, east, south-east, south, south-west, west or north-west. State your conclusion, justify it by describing the displacements you compared, and end with a confidence score from 0 to 1."
compass_bearing_1892_open_q1,compass_bearing_1892.png,"Read the compass rose in the corner, then compare the straight-line displacement between every pair of landmarks: name the two landmarks that lie closest together, and give the compass direction from the alphabetically earlier of them to the other, using only north, north-east, east, south-east, south, south-west, west or north-west. State your conclusion, justify it by describing the displacements you compared, and end with a confidence score from 0 to 1."
compass_bearing_1895_open_q1,compass_bearing_1895.png,"Read the compass rose in the corner, then compare the straight-line displacement between every pair of landmarks: name the two landmarks that lie closest together, and give the compass direction from the alphabetically earlier of them to the other, using only north, north-east, east, south-east, south, south-west, west or north-west. State your conclusion, justify it by describing the displacements you compared, and end with a confidence score from 0 to 1."
compass_bearing_1898_open_q1,compass_bearing_1898.png,"Read the compass rose in the corner, then compare the straight-line displacement between every pair of landmarks: name the two landmarks that lie closest together, and give the compass direction from the alphabetically earlier of them to the other, using only north, north-east, east, south-east, south, south-west, west or north-west. State your conclusion, justify it by describing the displacements you compared, and end with a confidence score from 0 to 1."
compass_bearing_1899_open_q1,compass_bearing_1899.png,"Read the compass rose in the corner, then compare the straight-line displacement between every pair of landmarks: name the two landmarks that lie closest together, and give the compass direction from the alphabetically earlier of them to the other, using only north, north-east, east, south-east, south, south-west, west or north-west. State your conclusion, justify it by describing the displacements you compared, and end with a confidence score from 0 to 1."
compass_bearing_1900_open_q1,compass_bearing_1900.png,"Read the compass rose in the corner, then compare the straight-line displacement between every pair of landmarks: name the two landmarks that lie closest together, and give the compass direction from the alphabetically earlier of them to the other, using only north, north-east, east, south-east, south, south-west, west or north-west. State your conclusion, justify it by describing the displacements you compared, and end with a confidence score from 0 to 1."
compass_bearing_1902_open_q1,compass_bearing_1902.png,"Read the compass rose in the corner, then compare the straight-line displacement between every pair of landmarks: name the two landmarks that lie closest together, and give the compass direction from the alphabetically earlier of them to the other, using only north, north-east, east, south-east, south, south-west, west or north-west. State your conclusion, justify it by describing the displacements you compared, and end with a confidence score from 0 to 1."
compass_bearing_1903_open_q1,compass_bearing_1903.png,"Read the compass rose in the corner, then compare the straight-line displacement between every pair of landmarks: name the two landmarks that lie closest together, and give the compass direction from the alphabetically earlier of them to the other, using only north, north-east, east, south-east, south, south-west, west or north-west. State your conclusion, justify it by describing the displacements you compared, and end with a confidence score from 0 to 1."
compass_bearing_1904_open_q1,compass_bearing_1904.png,"Read the compass rose in the corner, then compare the straight-line displacement between every pair of landmarks: name the two landmarks that lie closest together, and give the compass direction from the alphabetically earlier of them to the other, using only north, north-east, east, south-east, south, south-west, west or north-west. State your conclusion, justify it by describing the displacements you compared, and end with a confidence score from 0 to 1."
compass_bearing_1906_open_q1,compass_bearing_1906.png,"Read the compass rose in the corner, then compare the straight-line displacement between every pair of landmarks: name the two landmarks that lie closest together, and give the compass direction from the alphabetically earlier of them to the other, using only north, north-east, east, south-east, south, south-west, west or north-west. State your conclusion, justify it by describing the displacements you compared, and end with a confidence score from 0 to 1."
compass_bearing_1908_open_q1,compass_bearing_1908.png,"Read the compass rose in the corner, then compare the straight-line displacement between every pair of landmarks: name the two landmarks that lie closest together, and give the compass direction from the alphabetically earlier of them to the other, using only north, north-east, east, south-east, south, south-west, west or north-west. State your conclusion, justify it by describing the displacements you compared, and end with a confidence score from 0 to 1."
compass_bearing_1910_open_q1,compass_bearing_1910.png,"Read the compass rose in the corner, then compare the straight-line displacement between every pair of landmarks: name the two landmarks that lie closest together, and give the compass direction from the alphabetically earlier of them to the other, using only north, north-east, east, south-east, south, south-west, west or north-west. State your conclusion, justify it by describing the displacements you compared, and end with a confidence score from 0 to 1."
compass_bearing_1913_open_q1,compass_bearing_1913.png,"Read the compass rose in the corner, then compare the straight-line displacement between every pair of landmarks: name the two landmarks that lie closest together, and give the compass direction from the alphabetically earlier of them to the other, using only north, north-east, east, south-east, south, south-west, west or north-west. State your conclusion, justify it by describing the displacements you compared, and end with a confidence score from 0 to 1."
compass_bearing_1914_open_q1,compass_bearing_1914.png,"Read the compass rose in the corner, then compare the straight-line displacement between every pair of landmarks: name the two landmarks that lie closest together, and give the compass direction from the alphabetically earlier of them to the other, using only north, north-east, east, south-east, south, south-west, west or north-west. State your conclusion, justify it by describing the displacements you compared, and end with a confidence score from 0 to 1."
compass_bearing_1917_open_q1,compass_bearing_1917.png,"Read the compass rose in the corner, then compare the straight-line displacement between every pair of landmarks: name the two landmarks that lie closest together, and give the compass direction from the alphabetically earlier of them to the other, using only north, north-east, east, south-east, south, south-west, west or north-west. State your conclusion, justify it by describing the displacements you compared, and end with a confidence score from 0 to 1."
compass_bearing_1921_open_q1,compass_bearing_1921.png,"Read the compass rose in the corner, then compare the straight-line displacement between every pair of landmarks: name the two landmarks that lie closest together, and give the compass direction from the alphabetically earlier of them to the other, using only north, north-east, east, south-east, south, south-west, west or north-west. State your conclusion, justify it by describing the displacements you compared, and end with a confidence score from 0 to 1."
compass_bearing_1923_open_q1,compass_bearing_1923.png,"Read the compass rose in the corner, then compare the straight-line displacement between every pair of landmarks: name the two landmarks that lie closest together, and give the compass direction from the alphabetically earlier of them to the other, using only north, north-east, east, south-east, south, south-west, west or north-west. State your conclusion, justify it by describing the displacements you compared, and end with a confidence score from 0 to 1."
compass_bearing_1925_open_q1,compass_bearing_1925.png,"Read the compass rose in the corner, then compare the straight-line displacement between every pair of landmarks: name the two landmarks that lie closest together, and give the compass direction from the alphabetically earlier of them to the other, using only north, north-east, east, south-east, south, south-west, west or north-west. State your conclusion, justify it by describing the displacements you compared, and end with a confidence score from 0 to 1."
compass_bearing_1927_open_q1,compass_bearing_1927.png,"Read the compass rose in the corner, then compare the straight-line displacement between every pair of landmarks: name the two landmarks that lie closest together, and give the compass direction from the alphabetically earlier of them to the other, using only north, north-east, east, south-east, south, south-west, west or north-west. State your conclusion, justify it by describing the displacements you compared, and end with a confidence score from 0 to 1."
compass_bearing_1928_open_q1,compass_bearing_1928.png,"Read the compass rose in the corner, then compare the straight-line displacement between every pair of landmarks: name the two landmarks that lie closest together, and give the compass direction from the alphabetically earlier of them to the other, using only north, north-east, east, south-east, south, south-west, west or north-west. State your conclusion, justify it by describing the displacements you compared, and end with a confidence score from 0 to 1."
compass_bearing_1929_open_q1,compass_bearing_1929.png,"Read the compass rose in the corner, then compare the straight-line displacement between every pair of landmarks: name the two landmarks that lie closest together, and give the compass direction from the alphabetically earlier of them to the other, using only north, north-east, east, south-east, south, south-west, west or north-west. State your conclusion, justify it by describing the displacements you compared, and end with a confidence score from 0 to 1."
compass_bearing_1930_open_q1,compass_bearing_1930.png,"Read the compass rose in the corner, then compare the straight-line displacement between every pair of landmarks: name the two landmarks that lie closest together, and give the compass direction from the alphabetically earlier of them to the other, using only north, north-east, east, south-east, south, south-west, west or north-west. State your conclusion, justify it by describing the displacements you compared, and end with a confidence score from 0 to 1."
compass_bearing_1932_open_q1,compass_bearing_1932.png,"Read the compass rose in the corner, then compare the straight-line displacement between every pair of landmarks: name the two landmarks that lie closest together, and give the compass direction from the alphabetically earlier of them to the other, using only north, north-east, east, south-east, south, south-west, west or north-west. State your conclusion, justify it by describing the displacements you compared, and end with a confidence score from 0 to 1."
compass_bearing_1935_open_q1,compass_bearing_1935.png,"Read the compass rose in the corner, then compare the straight-line displacement between every pair of landmarks: name the two landmarks that lie closest together, and give the compass direction from the alphabetically earlier of them to the other, using only north, north-east, east, south-east, south, south-west, west or north-west. State your conclusion, justify it by describing the displacements you compared, and end with a confidence score from 0 to 1."
compass_bearing_1936_open_q1,compass_bearing_1936.png,"Read the compass rose in the corner, then compare the straight-line displacement between every pair of landmarks: name the two landmarks that lie closest together, and give the compass direction from the alphabetically earlier of them to the other, using only north, north-east, east, south-east, south, south-west, west or north-west. State your conclusion, justify it by describing the displacements you compared, and end with a confidence score from 0 to 1."
compass_bearing_1939_open_q1,compass_bearing_1939.png,"Read the compass rose in the corner, then compare the straight-line displacement between every pair of landmarks: name the two landmarks that lie closest together, and give the compass direction from the alphabetically earlier of them to the other, using only north, north-east, east, south-east, south, south-west, west or north-west. State your conclusion, justify it by describing the displacements you compared, and end with a confidence score from 0 to 1."
compass_bearing_1940_open_q1,compass_bearing_1940.png,"Read the compass rose in the corner, then compare the straight-line displacement between every pair of landmarks: name the two landmarks that lie closest together, and give the compass direction from the alphabetically earlier of them to the other, using only north, north-east, east, south-east, south, south-west, west or north-west. State your conclusion, justify it by describing the displacements you compared, and end with a confidence score from 0 to 1."
compass_bearing_1950_open_q1,compass_bearing_1950.png,"Read the compass rose in the corner, then compare the straight-line displacement between every pair of landmarks: name the two landmarks that lie closest together, and give the compass direction from the alphabetically earlier of them to the other, using only north, north-east, east, south-east, south, south-west, west or north-west. State your conclusion, justify it by describing the displacements you compared, and end with a confidence score from 0 to 1."
compass_bearing_1954_open_q1,compass_bearing_1954.png,"Read the compass rose in the corner, then compare the straight-line displacement between every pair of landmarks: name the two landmarks that lie closest together, and give the compass direction from the alphabetically earlier of them to the other, using only north, north-east, east, south-east, south, south-west, west or north-west. State your conclusion, justify it by describing the displacements you compared, and end with a confidence score from 0 to 1."
compass_bearing_1958_open_q1,compass_bearing_1958.png,"Read the compass rose in the corner, then compare the straight-line displacement between every pair of landmarks: name the two landmarks that lie closest together, and give the compass direction from the alphabetically earlier of them to the other, using only north, north-east, east, south-east, south, south-west, west or north-west. State your conclusion, justify it by describing the displacements you compared, and end with a confidence score from 0 to 1."
compass_bearing_1959_open_q1,compass_bearing_1959.png,"Read the compass rose in the corner, then compare the straight-line displacement between every pair of landmarks: name the two landmarks that lie closest together, and give the compass direction from the alphabetically earlier of them to the other, using only north, north-east, east, south-east, south, south-west, west or north-west. State your conclusion, justify it by describing the displacements you compared, and end with a confidence score from 0 to 1."
compass_bearing_1965_open_q1,compass_bearing_1965.png,"Read the compass rose in the corner, then compare the straight-line displacement between every pair of landmarks: name the two landmarks that lie closest together, and give the compass direction from the alphabetically earlier of them to the other, using only north, north-east, east, south-east, south, south-west, west or north-west. State your conclusion, justify it by describing the displacements you compared, and end with a confidence score from 0 to 1."
compass_bearing_1972_open_q1,compass_bearing_1972.png,"Read the compass rose in the corner, then compare the straight-line displacement between every pair of landmarks: name the two landmarks that lie closest together, and give the compass direction from the alphabetically earlier of them to the other, using only north, north-east, east, south-east, south, south-west, west or north-west. State your conclusion, justify it by describing the displacements you compared, and end with a confidence score from 0 to 1."
compass_bearing_1975_open_q1,compass_bearing_1975.png,"Read the compass rose in the corner, then compare the straight-line displacement between every pair of landmarks: name the two landmarks that lie closest together, and give the compass direction from the alphabetically earlier of them to the other, using only north, north-east, east, south-east, south, south-west, west or north-west. State your conclusion, justify it by describing the displacements you compared, and end with a confidence score from 0 to 1."
compass_bearing_1976_open_q1,compass_bearing_1976.png,"Read the compass rose in the corner, then compare the straight-line displacement between every pair of landmarks: name the two landmarks that lie closest together, and give the compass direction from the alphabetically earlier of them to the other, using only north, north-east, east, south-east, south, south-west, west or north-west. State your conclusion, justify it by describing the displacements you compared, and end with a confidence score from 0 to 1."
compass_bearing_1980_open_q1,compass_bearing_1980.png,"Read the compass rose in the corner, then compare the straight-line displacement between every pair of landmarks: name the two landmarks that lie closest together, and give the compass direction from the alphabetically earlier of them to the other, using only north, north-east, east, south-east, south, south-west, west or north-west. State your conclusion, justify it by describing the displacements you compared, and end with a confidence score from 0 to 1."
compass_bearing_1987_open_q1,compass_bearing_1987.png,"Read the compass rose in the corner, then compare the straight-line displacement between every pair of landmarks: name the two landmarks that lie closest together, and give the compass direction from the alphabetically earlier of them to the other, using only north, north-east, east, south-east, south, south-west, west or north-west. State your conclusion, justify it by describing the displacements you compared, and end with a confidence score from 0 to 1."
compass_bearing_1988_open_q1,compass_bearing_1988.png,"Read the compass rose in the corner, then compare the straight-line displacement between every pair of landmarks: name the two landmarks that lie closest together, and give the compass direction from the alphabetically earlier of them to the other, using only north, north-east, east, south-east, south, south-west, west or north-west. State your conclusion, justify it by describing the displacements you compared, and end with a confidence score from 0 to 1."
compass_bearing_1990_open_q1,compass_bearing_1990.png,"Read the compass rose in the corner, then compare the straight-line displacement between every pair of landmarks: name the two landmarks that lie closest together, and give the compass direction from the alphabetically earlier of them to the other, using only north, north-east, east, south-east, south, south-west, west or north-west. State your conclusion, justify it by describing the displacements you compared, and end with a confidence score from 0 to 1."
compass_bearing_1993_open_q1,compass_bearing_1993.png,"Read the compass rose in the corner, then compare the straight-line displacement between every pair of landmarks: name the two landmarks that lie closest together, and give the compass direction from the alphabetically earlier of them to the other, using only north, north-east, east, south-east, south, south-west, west or north-west. State your conclusion, justify it by describing the displacements you compared, and end with a confidence score from 0 to 1."
compass_bearing_1999_open_q1,compass_bearing_1999.png,"Read the compass rose in the corner, then compare the straight-line displacement between every pair of landmarks: name the two landmarks that lie closest together, and give the compass direction from the alphabetically earlier of them to the other, using only north, north-east, east, south-east, south, south-west, west or north-west. State your conclusion, justify it by describing the displacements you compared, and end with a confidence score from 0 to 1."
compass_bearing_2000_open_q1,compass_bearing_2000.png,"Read the compass rose in the corner, then compare the straight-line displacement between every pair of landmarks: name the two landmarks that lie closest together, and give the compass direction from the alphabetically earlier of them to the other, using only north, north-east, east, south-east, south, south-west, west or north-west. State your conclusion, justify it by describing the displacements you compared, and end with a confidence score from 0 to 1."
compass_bearing_2004_open_q1,compass_bearing_2004.png,"Read the compass rose in the corner, then compare the straight-line displacement between every pair of landmarks: name the two landmarks that lie closest together, and give the compass direction from the alphabetically earlier of them to the other, using only north, north-east, east, south-east, south, south-west, west or north-west. State your conclusion, justify it by describing the displacements you compared, and end with a confidence score from 0 to 1."
compass_bearing_2005_open_q1,compass_bearing_2005.png,"Read the compass rose in the corner, then compare the straight-line displacement between every pair of landmarks: name the two landmarks that lie closest together, and give the compass direction from the alphabetically earlier of them to the other, using only north, north-east, east, south-east, south, south-west, west or north-west. State your conclusion, justify it by describing the displacements you compared, and end with a confidence score from 0 to 1."
compass_bearing_2006_open_q1,compass_bearing_2006.png,"Read the compass rose in the corner, then compare the straight-line displacement between every pair of landmarks: name the two landmarks that lie closest together, and give the compass direction from the alphabetically earlier of them to the other, using only north, north-east, east, south-east, south, south-west, west or north-west. State your conclusion, justify it by describing the displacements you compared, and end with a confidence score from 0 to 1."
compass_bearing_2010_open_q1,compass_bearing_2010.png,"Read the compass rose in the corner, then compare the straight-line displacement between every pair of landmarks: name the two landmarks that lie closest together, and give the compass direction from the alphabetically earlier of them to the other, using only north, north-east, east, south-east, south, south-west, west or north-west. State your conclusion, justify it by describing the displacements you compared, and end with a confidence score from 0 to 1."
compass_bearing_2013_open_q1,compass_bearing_2013.png,"Read the compass rose in the corner, then compare the straight-line displacement between every pair of landmarks: name the two landmarks that lie closest together, and give the compass direction from the alphabetically earlier of them to the other, using only north, north-east, east, south-east, south, south-west, west or north-west. State your conclusion, justify it by describing the displacements you compared, and end with a confidence score from 0 to 1."
compass_bearing_2015_open_q1,compass_bearing_2015.png,"Read the compass rose in the corner, then compare the straight-line displacement between every pair of landmarks: name the two landmarks that lie closest together, and give the compass direction from the alphabetically earlier of them to the other, using only north, north-east, east, south-east, south, south-west, west or north-west. State your conclusion, justify it by describing the displacements you compared, and end with a confidence score from 0 to 1."
compass_bearing_2020_open_q1,compass_bearing_2020.png,"Read the compass rose in the corner, then compare the straight-line displacement between every pair of landmarks: name the two landmarks that lie closest together, and give the compass direction from the alphabetically earlier of them to the other, using only north, north-east, east, south-east, south, south-west, west or north-west. State your conclusion, justify it by describing the displacements you compared, and end with a confidence score from 0 to 1."
compass_bearing_2021_open_q1,compass_bearing_2021.png,"Read the compass rose in the corner, then compare the straight-line displacement between every pair of landmarks: name the two landmarks that lie closest together, and give the compass direction from the alphabetically earlier of them to the other, using only north, north-east, east, south-east, south, south-west, west or north-west. State your conclusion, justify it by describing the displacements you compared, and end with a confidence score from 0 to 1."
compass_bearing_2024_open_q1,compass_bearing_2024.png,"Read the compass rose in the corner, then compare the straight-line displacement between every pair of landmarks: name the two landmarks that lie closest together, and give the compass direction from the alphabetically earlier of them to the other, using only north, north-east, east, south-east, south, south-west, west or north-west. State your conclusion, justify it by describing the displacements you compared, and end with a confidence score from 0 to 1."
compass_bearing_2026_open_q1,compass_bearing_2026.png,"Read the compass rose in the corner, then compare the straight-line displacement between every pair of landmarks: name the two landmarks that lie closest together, and give the compass direction from the alphabetically earlier of them to the other, using only north, north-east, east, south-east, south, south-west, west or north-west. State your conclusion, justify it by describing the displacements you compared, and end with a confidence score from 0 to 1."
compass_bearing_2030_open_q1,compass_bearing_2030.png,"Read the compass rose in the corner, then compare the straight-line displacement between every pair of landmarks: name the two landmarks that lie closest together, and give the compass direction from the alphabetically earlier of them to the other, using only north, north-east, east, south-east, south, south-west, west or north-west. State your conclusion, justify it by describing the displacements you compared, and end with a confidence score from 0 to 1."
compass_bearing_2033_open_q1,compass_bearing_2033.png,"Read the compass rose in the corner, then compare the straight-line displacement between every pair of landmarks: name the two landmarks that lie closest together, and give the compass direction from the alphabetically earlier of them to the other, using only north, north-east, east, south-east, south, south-west, west or north-west. State your conclusion, justify it by describing the displacements you compared, and end with a confidence score from 0 to 1."
compass_bearing_2035_open_q1,compass_bearing_2035.png,"Read the compass rose in the corner, then compare the straight-line displacement between every pair of landmarks: name the two landmarks that lie closest together, and give the compass direction from the alphabetically earlier of them to the other, using only north, north-east, east, south-east, south, south-west, west or north-west. State your conclusion, justify it by describing the displacements you compared, and end with a confidence score from 0 to 1."
compass_bearing_2036_open_q1,compass_bearing_2036.png,"Read the compass rose in the corner, then compare the straight-line displacement between every pair of landmarks: name the two landmarks that lie closest together, and give the compass direction from the alphabetically earlier of them to the other, using only north, north-east, east, south-east, south, south-west, west or north-west. State your conclusion, justify it by describing the displacements you compared, and end with a confidence score from 0 to 1."
compass_bearing_2037_open_q1,compass_bearing_2037.png,"Read the compass rose in the corner, then compare the straight-line displacement between every pair of landmarks: name the two landmarks that lie closest together, and give the compass direction from the alphabetically earlier of them to the other, using only north, north-east, east, south-east, south, south-west, west or north-west. State your conclusion, justify it by describing the displacements you compared, and end with a confidence score from 0 to 1."
compass_bearing_2039_open_q1,compass_bearing_2039.png,"Read the compass rose in the corner, then compare the straight-line displacement between every pair of landmarks: name the two landmarks that lie closest together, and give the compass direction from the alphabetically earlier of them to the other, using only north, north-east, east, south-east, south, south-west, west or north-west. State your conclusion, justify it by describing the displacements you compared, and end with a confidence score from 0 to 1."
compass_bearing_2040_open_q1,compass_bearing_2040.png,"Read the compass rose in the corner, then compare the straight-line displacement between every pair of landmarks: name the two landmarks that lie closest together, and give the compass direction from the alphabetically earlier of them to the other, using only north, north-east, east, south-east, south, south-west, west or north-west. State your conclusion, justify it by describing the displacements you compared, and end with a confidence score from 0 to 1."
compass_bearing_2044_open_q1,compass_bearing_2044.png,"Read the compass rose in the corner, then compare the straight-line displacement between every pair of landmarks: name the two landmarks that lie closest together, and give the compass direction from the alphabetically earlier of them to the other, using only north, north-east, east, south-east, south, south-west, west or north-west. State your conclusion, justify it by describing the displacements you compared, and end with a confidence score from 0 to 1."
compass_bearing_2046_open_q1,compass_bearing_2046.png,"Read the compass rose in the corner, then compare the straight-line displacement between every pair of landmarks: name the two landmarks that lie closest together, and give the compass direction from the alphabetically earlier of them to the other, using only north, north-east, east, south-east, south, south-west, west or north-west. State your conclusion, justify it by describing the displacements you compared, and end with a confidence score from 0 to 1."
compass_bearing_2048_open_q1,compass_bearing_2048.png,"Read the compass rose in the corner, then compare the straight-line displacement between every pair of landmarks: name the two landmarks that lie closest together, and give the compass direction from the alphabetically earlier of them to the other, using only north, north-east, east, south-east, south, south-west, west or north-west. State your conclusion, justify it by describing the displacements you compared, and end with a confidence score from 0 to 1."
compass_bearing_2049_open_q1,compass_bearing_2049.png,"Read the compass rose in the corner, then compare the straight-line displacement between every pair of landmarks: name the two landmarks that lie closest together, and give the compass direction from the alphabetically earlier of them to the other, using only north, north-east, east, south-east, south, south-west, west or north-west. State your conclusion, justify it by describing the displacements you compared, and end with a confidence score from 0 to 1."
compass_bearing_2050_open_q1,compass_bearing_2050.png,"Read the compass rose in the corner, then compare the straight-line displacement between every pair of landmarks: name the two landmarks that lie closest together, and give the compass direction from the alphabetically earlier of them to the other, using only north, north-east, east, south-east, south, south-west, west or north-west. State your conclusion, justify it by describing the displacements you compared, and end with a confidence score from 0 to 1."
compass_bearing_2051_open_q1,compass_bearing_2051.png,"Read the compass rose in the corner, then compare the straight-line displacement between every pair of landmarks: name the two landmarks that lie closest together, and give the compass direction from the alphabetically earlier of them to the other, using only north, north-east, east, south-east, south, south-west, west or north-west. State your conclusion, justify it by describing the displacements you compared, and end with a confidence score from 0 to 1."
compass_bearing_2054_open_q1,compass_bearing_2054.png,"Read the compass rose in the corner, then compare the straight-line displacement between every pair of landmarks: name the two landmarks that lie closest together, and give the compass direction from the alphabetically earlier of them to the other, using only north, north-east, east, south-east, south, south-west, west or north-west. State your conclusion, justify it by describing the displacements you compared, and end with a confidence score from 0 to 1."
compass_bearing_2058_open_q1,compass_bearing_2058.png,"Read the compass rose in the corner, then compare the straight-line displacement between every pair of landmarks: name the two landmarks that lie closest together, and give the compass direction from the alphabetically earlier of them to the other, using only north, north-east, east, south-east, south, south-west, west or north-west. State your conclusion, justify it by describing the displacements you compared, and end with a confidence score from 0 to 1."
compass_bearing_2059_open_q1,compass_bearing_2059.png,"Read the compass rose in the corner, then compare the straight-line displacement between every pair of landmarks: name the two landmarks that lie closest together, and give the compass direction from the alphabetically earlier of them to the other, using only north, north-east, east, south-east, south, south-west, west or north-west. State your conclusion, justify it by describing the displacements you compared, and end with a confidence score from 0 to 1."
compass_bearing_2060_open_q1,compass_bearing_2060.png,"Read the compass rose in the corner, then compare the straight-line displacement between every pair of landmarks: name the two landmarks that lie closest together, and give the compass direction from the alphabetically earlier of them to the other, using only north, north-east, east, south-east, south, south-west, west or north-west. State your conclusion, justify it by describing the displacements you compared, and end with a confidence score from 0 to 1."
compass_bearing_2061_open_q1,compass_bearing_2061.png,"Read the compass rose in the corner, then compare the straight-line displacement between every pair of landmarks: name the two landmarks that lie closest together, and give the compass direction from the alphabetically earlier of them to the other, using only north, north-east, east, south-east, south, south-west, west or north-west. State your conclusion, justify it by describing the displacements you compared, and end with a confidence score from 0 to 1."
compass_bearing_2063_open_q1,compass_bearing_2063.png,"Read the compass rose in the corner, then compare the straight-line displacement between every pair of landmarks: name the two landmarks that lie closest together, and give the compass direction from the alphabetically earlier of them to the other, using only north, north-east, east, south-east, south, south-west, west or north-west. State your conclusion, justify it by describing the displacements you compared, and end with a confidence score from 0 to 1."
compass_bearing_2068_open_q1,compass_bearing_2068.png,"Read the compass rose in the corner, then compare the straight-line displacement between every pair of landmarks: name the two landmarks that lie closest together, and give the compass direction from the alphabetically earlier of them to the other, using only north, north-east, east, south-east, south, south-west, west or north-west. State your conclusion, justify it by describing the displacements you compared, and end with a confidence score from 0 to 1."
compass_bearing_2069_open_q1,compass_bearing_2069.png,"Read the compass rose in the corner, then compare the straight-line displacement between every pair of landmarks: name the two landmarks that lie closest together, and give the compass direction from the alphabetically earlier of them to the other, using only north, north-east, east, south-east, south, south-west, west or north-west. State your conclusion, justify it by describing the displacements you compared, and end with a confidence score from 0 to 1."
compass_bearing_2070_open_q1,compass_bearing_2070.png,"Read the compass rose in the corner, then compare the straight-line displacement between every pair of landmarks: name the two landmarks that lie closest together, and give the compass direction from the alphabetically earlier of them to the other, using only north, north-east, east, south-east, south, south-west, west or north-west. State your conclusion, justify it by describing the displacements you compared, and end with a confidence score from 0 to 1."
compass_bearing_2073_open_q1,compass_bearing_2073.png,"Read the compass rose in the corner, then compare the straight-line displacement between every pair of landmarks: name the two landmarks that lie closest together, and give the compass direction from the alphabetically earlier of them to the other, using only north, north-east, east, south-east, south, south-west, west or north-west. State your conclusion, justify it by describing the displacements you compared, and end with a confidence score from 0 to 1."
compass_bearing_2074_open_q1,compass_bearing_2074.png,"Read the compass rose in the corner, then compare the straight-line displacement between every pair of landmarks: name the two landmarks that lie closest together, and give the compass direction from the alphabetically earlier of them to the other, using only north, north-east, east, south-east, south, south-west, west or north-west. State your conclusion, justify it by describing the displacements you compared, and end with a confidence score from 0 to 1."
compass_bearing_2075_open_q1,compass_bearing_2075.png,"Read the compass rose in the corner, then compare the straight-line displacement between every pair of landmarks: name the two landmarks that lie closest together, and give the compass direction from the alphabetically earlier of them to the other, using only north, north-east, east, south-east, south, south-west, west or north-west. State your conclusion, justify it by describing the displacements you compared, and end with a confidence score from 0 to 1."
compass_bearing_2076_open_q1,compass_bearing_2076.png,"Read the compass rose in the corner, then compare the straight-line displacement between every pair of landmarks: name the two landmarks that lie closest together, and give the compass direction from the alphabetically earlier of them to the other, using only north, north-east, east, south-east, south, south-west, west or north-west. State your conclusion, justify it by describing the displacements you compared, and end with a confidence score from 0 to 1."
compass_bearing_2079_open_q1,compass_bearing_2079.png,"Read the compass rose in the corner, then compare the straight-line displacement between every pair of landmarks: name the two landmarks that lie closest together, and give the compass direction from the alphabetically earlier of them to the other, using only north, north-east, east, south-east, south, south-west, west or north-west. State your conclusion, justify it by describing the displacements you compared, and end with a confidence score from 0 to 1."
compass_bearing_2080_open_q1,compass_bearing_2080.png,"Read the compass rose in the corner, then compare the straight-line displacement between every pair of landmarks: name the two landmarks that lie closest together, and give the compass direction from the alphabetically earlier of them to the other, using only north, north-east, east, south-east, south, south-west, west or north-west. State your conclusion, justify it by describing the displacements you compared, and end with a confidence score from 0 to 1."
compass_bearing_2084_open_q1,compass_bearing_2084.png,"Read the compass rose in the corner, then compare the straight-line displacement between every pair of landmarks: name the two landmarks that lie closest together, and give the compass direction from the alphabetically earlier of them to the other, using only north, north-east, east, south-east, south, south-west, west or north-west. State your conclusion, justify it by describing the displacements you compared, and end with a confidence score from 0 to 1."
compass_bearing_2086_open_q1,compass_bearing_2086.png,"Read the compass rose in the corner, then compare the straight-line displacement between every pair of landmarks: name the two landmarks that lie closest together, and give the compass direction from the alphabetically earlier of them to the other, using only north, north-east, east, south-east, south, south-west, west or north-west. State your conclusion, justify it by describing the displacements you compared, and end with a confidence score from 0 to 1."
compass_bearing_2088_open_q1,compass_bearing_2088.png,"Read the compass rose in the corner, then compare the straight-line displacement between every pair of landmarks: name the two landmarks that lie closest together, and give the compass direction from the alphabetically earlier of them to the other, using only north, north-east, east, south-east, south, south-west, west or north-west. State your conclusion, justify it by describing the displacements you compared, and end with a confidence score from 0 to 1."
compass_bearing_2090_open_q1,compass_bearing_2090.png,"Read the compass rose in the corner, then compare the straight-line displacement between every pair of landmarks: name the two landmarks that lie closest together, and give the compass direction from the alphabetically earlier of them to the other, using only north, north-east, east, south-east, south, south-west, west or north-west. State your conclusion, justify it by describing the displacements you compared, and end with a confidence score from 0 to 1."
compass_bearing_2091_open_q1,compass_bearing_2091.png,"Read the compass rose in the corner, then compare the straight-line displacement between every pair of landmarks: name the two landmarks that lie closest together, and give the compass direction from the alphabetically earlier of them to the other, using only north, north-east, east, south-east, south, south-west, west or north-west. State your conclusion, justify it by describing the displacements you compared, and end with a confidence score from 0 to 1."
compass_bearing_2093_open_q1,compass_bearing_2093.png,"Read the compass rose in the corner, then compare the straight-line displacement between every pair of landmarks: name the two landmarks that lie closest together, and give the compass direction from the alphabetically earlier of them to the other, using only north, north-east, east, south-east, south, south-west, west or north-west. State your conclusion, justify it by describing the displacements you compared, and end with a confidence score from 0 to 1."
compass_bearing_2095_open_q1,compass_bearing_2095.png,"Read the compass rose in the corner, then compare the straight-line displacement between every pair of landmarks: name the two landmarks that lie closest together, and give the compass direction from the alphabetically earlier of them to the other, using only north, north-east, east, south-east, south, south-west, west or north-west. State your conclusion, justify it by describing the displacements you compared, and end with a confidence score from 0 to 1."
compass_bearing_2096_open_q1,compass_bearing_2096.png,"Read the compass rose in the corner, then compare the straight-line displacement between every pair of landmarks: name the two landmarks that lie closest together, and give the compass direction from the alphabetically earlier of them to the other, using only north, north-east, east, south-east, south, south-west, west or north-west. State your conclusion, justify it by describing the displacements you compared, and end with a confidence score from 0 to 1."
compass_bearing_2097_open_q1,compass_bearing_2097.png,"Read the compass rose in the corner, then compare the straight-line displacement between every pair of landmarks: name the two landmarks that lie closest together, and give the compass direction from the alphabetically earlier of them to the other, using only north, north-east, east, south-east, south, south-west, west or north-west. State your conclusion, justify it by describing the displacements you compared, and end with a confidence score from 0 to 1."
compass_bearing_2100_open_q1,compass_bearing_2100.png,"Read the compass rose in the corner, then compare the straight-line displacement between every pair of landmarks: name the two landmarks that lie closest together, and give the compass direction from the alphabetically earlier of them to the other, using only north, north-east, east, south-east, south, south-west, west or north-west. State your conclusion, justify it by describing the displacements you compared, and end with a confidence score from 0 to 1."
compass_bearing_2103_open_q1,compass_bearing_2103.png,"Read the compass rose in the corner, then compare the straight-line displacement between every pair of landmarks: name the two landmarks that lie closest together, and give the compass direction from the alphabetically earlier of them to the other, using only north, north-east, east, south-east, south, south-west, west or north-west. State your conclusion, justify it by describing the displacements you compared, and end with a confidence score from 0 to 1."
compass_bearing_2105_open_q1,compass_bearing_2105.png,"Read the compass rose in the corner, then compare the straight-line displacement between every pair of landmarks: name the two landmarks that lie closest together, and give the compass direction from the alphabetically earlier of them to the other, using only north, north-east, east, south-east, south, south-west, west or north-west. State your conclusion, justify it by describing the displacements you compared, and end with a confidence score from 0 to 1."
compass_bearing_2106_open_q1,compass_bearing_2106.png,"Read the compass rose in the corner, then compare the straight-line displacement between every pair of landmarks: name the two landmarks that lie closest together, and give the compass direction from the alphabetically earlier of them to the other, using only north, north-east, east, south-east, south, south-west, west or north-west. State your conclusion, justify it by describing the displacements you compared, and end with a confidence score from 0 to 1."
compass_bearing_2107_open_q1,compass_bearing_2107.png,"Read the compass rose in the corner, then compare the straight-line displacement between every pair of landmarks: name the two landmarks that lie closest together, and give the compass direction from the alphabetically earlier of them to the other, using only north, north-east, east, south-east, south, south-west, west or north-west. State your conclusion, justify it by describing the displacements you compared, and end with a confidence score from 0 to 1."
compass_bearing_2108_open_q1,compass_bearing_2108.png,"Read the compass rose in the corner, then compare the straight-line displacement between every pair of landmarks: name the two landmarks that lie closest together, and give the compass direction from the alphabetically earlier of them to the other, using only north, north-east, east, south-east, south, south-west, west or north-west. State your conclusion, justify it by describing the displacements you compared, and end with a confidence score from 0 to 1."
compass_bearing_2109_open_q1,compass_bearing_2109.png,"Read the compass rose in the corner, then compare the straight-line displacement between every pair of landmarks: name the two landmarks that lie closest together, and give the compass direction from the alphabetically earlier of them to the other, using only north, north-east, east, south-east, south, south-west, west or north-west. State your conclusion, justify it by describing the displacements you compared, and end with a confidence score from 0 to 1."
compass_bearing_2111_open_q1,compass_bearing_2111.png,"Read the compass rose in the corner, then compare the straight-line displacement between every pair of landmarks: name the two landmarks that lie closest together, and give the compass direction from the alphabetically earlier of them to the other, using only north, north-east, east, south-east, south, south-west, west or north-west. State your conclusion, justify it by describing the displacements you compared, and end with a confidence score from 0 to 1."
compass_bearing_2115_open_q1,compass_bearing_2115.png,"Read the compass rose in the corner, then compare the straight-line displacement between every pair of landmarks: name the two landmarks that lie closest together, and give the compass direction from the alphabetically earlier of them to the other, using only north, north-east, east, south-east, south, south-west, west or north-west. State your conclusion, justify it by describing the displacements you compared, and end with a confidence score from 0 to 1."
compass_bearing_2118_open_q1,compass_bearing_2118.png,"Read the compass rose in the corner, then compare the straight-line displacement between every pair of landmarks: name the two landmarks that lie closest together, and give the compass direction from the alphabetically earlier of them to the other, using only north, north-east, east, south-east, south, south-west, west or north-west. State your conclusion, justify it by describing the displacements you compared, and end with a confidence score from 0 to 1."
compass_bearing_2119_open_q1,compass_bearing_2119.png,"Read the compass rose in the corner, then compare the straight-line displacement between every pair of landmarks: name the two landmarks that lie closest together, and give the compass direction from the alphabetically earlier of them to the other, using only north, north-east, east, south-east, south, south-west, west or north-west. State your conclusion, justify it by describing the displacements you compared, and end with a confidence score from 0 to 1."
compass_bearing_2120_open_q1,compass_bearing_2120.png,"Read the compass rose in the corner, then compare the straight-line displacement between every pair of landmarks: name the two landmarks that lie closest together, and give the compass direction from the alphabetically earlier of them to the other, using only north, north-east, east, south-east, south, south-west, west or north-west. State your conclusion, justify it by describing the displacements you compared, and end with a confidence score from 0 to 1."
compass_bearing_2123_open_q1,compass_bearing_2123.png,"Read the compass rose in the corner, then compare the straight-line displacement between every pair of landmarks: name the two landmarks that lie closest together, and give the compass direction from the alphabetically earlier of them to the other, using only north, north-east, east, south-east, south, south-west, west or north-west. State your conclusion, justify it by describing the displacements you compared, and end with a confidence score from 0 to 1."
compass_bearing_2129_open_q1,compass_bearing_2129.png,"Read the compass rose in the corner, then compare the straight-line displacement between every pair of landmarks: name the two landmarks that lie closest together, and give the compass direction from the alphabetically earlier of them to the other, using only north, north-east, east, south-east, south, south-west, west or north-west. State your conclusion, justify it by describing the displacements you compared, and end with a confidence score from 0 to 1."
compass_bearing_2130_open_q1,compass_bearing_2130.png,"Read the compass rose in the corner, then compare the straight-line displacement between every pair of landmarks: name the two landmarks that lie closest together, and give the compass direction from the alphabetically earlier of them to the other, using only north, north-east, east, south-east, south, south-west, west or north-west. State your conclusion, justify it by describing the displacements you compared, and end with a confidence score from 0 to 1."
compass_bearing_2133_open_q1,compass_bearing_2133.png,"Read the compass rose in the corner, then compare the straight-line displacement between every pair of landmarks: name the two landmarks that lie closest together, and give the compass direction from the alphabetically earlier of them to the other, using only north, north-east, east, south-east, south, south-west, west or north-west. State your conclusion, justify it by describing the displacements you compared, and end with a confidence score from 0 to 1."
compass_bearing_2141_open_q1,compass_bearing_2141.png,"Read the compass rose in the corner, then compare the straight-line displacement between every pair of landmarks: name the two landmarks that lie closest together, and give the compass direction from the alphabetically earlier of them to the other, using only north, north-east, east, south-east, south, south-west, west or north-west. State your conclusion, justify it by describing the displacements you compared, and end with a confidence score from 0 to 1."
compass_bearing_2142_open_q1,compass_bearing_2142.png,"Read the compass rose in the corner, then compare the straight-line displacement between every pair of landmarks: name the two landmarks that lie closest together, and give the compass direction from the alphabetically earlier of them to the other, using only north, north-east, east, south-east, south, south-west, west or north-west. State your conclusion, justify it by describing the displacements you compared, and end with a confidence score from 0 to 1."
compass_bearing_2145_open_q1,compass_bearing_2145.png,"Read the compass rose in the corner, then compare the straight-line displacement between every pair of landmarks: name the two landmarks that lie closest together, and give the compass direction from the alphabetically earlier of them to the other, using only north, north-east, east, south-east, south, south-west, west or north-west. State your conclusion, justify it by describing the displacements you compared, and end with a confidence score from 0 to 1."
compass_bearing_2146_open_q1,compass_bearing_2146.png,"Read the compass rose in the corner, then compare the straight-line displacement between every pair of landmarks: name the two landmarks that lie closest together, and give the compass direction from the alphabetically earlier of them to the other, using only north, north-east, east, south-east, south, south-west, west or north-west. State your conclusion, justify it by describing the displacements you compared, and end with a confidence score from 0 to 1."
compass_bearing_2147_open_q1,compass_bearing_2147.png,"Read the compass rose in the corner, then compare the straight-line displacement between every pair of landmarks: name the two landmarks that lie closest together, and give the compass direction from the alphabetically earlier of them to the other, using only north, north-east, east, south-east, south, south-west, west or north-west. State your conclusion, justify it by describing the displacements you compared, and end with a confidence score from 0 to 1."
compass_bearing_2150_open_q1,compass_bearing_2150.png,"Read the compass rose in the corner, then compare the straight-line displacement between every pair of landmarks: name the two landmarks that lie closest together, and give the compass direction from the alphabetically earlier of them to the other, using only north, north-east, east, south-east, south, south-west, west or north-west. State your conclusion, justify it by describing the displacements you compared, and end with a confidence score from 0 to 1."
compass_bearing_2152_open_q1,compass_bearing_2152.png,"Read the compass rose in the corner, then compare the straight-line displacement between every pair of landmarks: name the two landmarks that lie closest together, and give the compass direction from the alphabetically earlier of them to the other, using only north, north-east, east, south-east, south, south-west, west or north-west. State your conclusion, justify it by describing the displacements you compared, and end with a confidence score from 0 to 1."
compass_bearing_2158_open_q1,compass_bearing_2158.png,"Read the compass rose in the corner, then compare the straight-line displacement between every pair of landmarks: name the two landmarks that lie closest together, and give the compass direction from the alphabetically earlier of them to the other, using only north, north-east, east, south-east, south, south-west, west or north-west. State your conclusion, justify it by describing the displacements you compared, and end with a confidence score from 0 to 1."
compass_bearing_2161_open_q1,compass_bearing_2161.png,"Read the compass rose in the corner, then compare the straight-line displacement between every pair of landmarks: name the two landmarks that lie closest together, and give the compass direction from the alphabetically earlier of them to the other, using only north, north-east, east, south-east, south, south-west, west or north-west. State your conclusion, justify it by describing the displacements you compared, and end with a confidence score from 0 to 1."
compass_bearing_2163_open_q1,compass_bearing_2163.png,"Read the compass rose in the corner, then compare the straight-line displacement between every pair of landmarks: name the two landmarks that lie closest together, and give the compass direction from the alphabetically earlier of them to the other, using only north, north-east, east, south-east, south, south-west, west or north-west. State your conclusion, justify it by describing the displacements you compared, and end with a confidence score from 0 to 1."
compass_bearing_2166_open_q1,compass_bearing_2166.png,"Read the compass rose in the corner, then compare the straight-line displacement between every pair of landmarks: name the two landmarks that lie closest together, and give the compass direction from the alphabetically earlier of them to the other, using only north, north-east, east, south-east, south, south-west, west or north-west. State your conclusion, justify it by describing the displacements you compared, and end with a confidence score from 0 to 1."
compass_bearing_2167_open_q1,compass_bearing_2167.png,"Read the compass rose in the corner, then compare the straight-line displacement between every pair of landmarks: name the two landmarks that lie closest together, and give the compass direction from the alphabetically earlier of them to the other, using only north, north-east, east, south-east, south, south-west, west or north-west. State your conclusion, justify it by describing the displacements you compared, and end with a confidence score from 0 to 1."
compass_bearing_2168_open_q1,compass_bearing_2168.png,"Read the compass rose in the corner, then compare the straight-line displacement between every pair of landmarks: name the two landmarks that lie closest together, and give the compass direction from the alphabetically earlier of them to the other, using only north, north-east, east, south-east, south, south-west, west or north-west. State your conclusion, justify it by describing the displacements you compared, and end with a confidence score from 0 to 1."
compass_bearing_2170_open_q1,compass_bearing_2170.png,"Read the compass rose in the corner, then compare the straight-line displacement between every pair of landmarks: name the two landmarks that lie closest together, and give the compass direction from the alphabetically earlier of them to the other, using only north, north-east, east, south-east, south, south-west, west or north-west. State your conclusion, justify it by describing the displacements you compared, and end with a confidence score from 0 to 1."
compass_bearing_2172_open_q1,compass_bearing_2172.png,"Read the compass rose in the corner, then compare the straight-line displacement between every pair of landmarks: name the two landmarks that lie closest together, and give the compass direction from the alphabetically earlier of them to the other, using only north, north-east, east, south-east, south, south-west, west or north-west. State your conclusion, justify it by describing the displacements you compared, and end with a confidence score from 0 to 1."
compass_bearing_2181_open_q1,compass_bearing_2181.png,"Read the compass rose in the corner, then compare the straight-line displacement between every pair of landmarks: name the two landmarks that lie closest together, and give the compass direction from the alphabetically earlier of them to the other, using only north, north-east, east, south-east, south, south-west, west or north-west. State your conclusion, justify it by describing the displacements you compared, and end with a confidence score from 0 to 1."
compass_bearing_2184_open_q1,compass_bearing_2184.png,"Read the compass rose in the corner, then compare the straight-line displacement between every pair of landmarks: name the two landmarks that lie closest together, and give the compass direction from the alphabetically earlier of them to the other, using only north, north-east, east, south-east, south, south-west, west or north-west. State your conclusion, justify it by describing the displacements you compared, and end with a confidence score from 0 to 1."
compass_bearing_2186_open_q1,compass_bearing_2186.png,"Read the compass rose in the corner, then compare the straight-line displacement between every pair of landmarks: name the two landmarks that lie closest together, and give the compass direction from the alphabetically earlier of them to the other, using only north, north-east, east, south-east, south, south-west, west or north-west. State your conclusion, justify it by describing the displacements you compared, and end with a confidence score from 0 to 1."
compass_bearing_2188_open_q1,compass_bearing_2188.png,"Read the compass rose in the corner, then compare the straight-line displacement between every pair of landmarks: name the two landmarks that lie closest together, and give the compass direction from the alphabetically earlier of them to the other, using only north, north-east, east, south-east, south, south-west, west or north-west. State your conclusion, justify it by describing the displacements you compared, and end with a confidence score from 0 to 1."
compass_bearing_2190_open_q1,compass_bearing_2190.png,"Read the compass rose in the corner, then compare the straight-line displacement between every pair of landmarks: name the two landmarks that lie closest together, and give the compass direction from the alphabetically earlier of them to the other, using only north, north-east, east, south-east, south, south-west, west or north-west. State your conclusion, justify it by describing the displacements you compared, and end with a confidence score from 0 to 1."
compass_bearing_2192_open_q1,compass_bearing_2192.png,"Read the compass rose in the corner, then compare the straight-line displacement between every pair of landmarks: name the two landmarks that lie closest together, and give the compass direction from the alphabetically earlier of them to the other, using only north, north-east, east, south-east, south, south-west, west or north-west. State your conclusion, justify it by describing the displacements you compared, and end with a confidence score from 0 to 1."
compass_bearing_2195_open_q1,compass_bearing_2195.png,"Read the compass rose in the corner, then compare the straight-line displacement between every pair of landmarks: name the two landmarks that lie closest together, and give the compass direction from the alphabetically earlier of them to the other, using only north, north-east, east, south-east, south, south-west, west or north-west. State your conclusion, justify it by describing the displacements you compared, and end with a confidence score from 0 to 1."
compass_bearing_2196_open_q1,compass_bearing_2196.png,"Read the compass rose in the corner, then compare the straight-line displacement between every pair of landmarks: name the two landmarks that lie closest together, and give the compass direction from the alphabetically earlier of them to the other, using only north, north-east, east, south-east, south, south-west, west or north-west. State your conclusion, justify it by describing the displacements you compared, and end with a confidence score from 0 to 1."
compass_bearing_2207_open_q1,compass_bearing_2207.png,"Read the compass rose in the corner, then compare the straight-line displacement between every pair of landmarks: name the two landmarks that lie closest together, and give the compass direction from the alphabetically earlier of them to the other, using only north, north-east, east, south-east, south, south-west, west or north-west. State your conclusion, justify it by describing the displacements you compared, and end with a confidence score from 0 to 1."
compass_bearing_2208_open_q1,compass_bearing_2208.png,"Read the compass rose in the corner, then compare the straight-line displacement between every pair of landmarks: name the two landmarks that lie closest together, and give the compass direction from the alphabetically earlier of them to the other, using only north, north-east, east, south-east, south, south-west, west or north-west. State your conclusion, justify it by describing the displacements you compared, and end with a confidence score from 0 to 1."
compass_bearing_2209_open_q1,compass_bearing_2209.png,"Read the compass rose in the corner, then compare the straight-line displacement between every pair of landmarks: name the two landmarks that lie closest together, and give the compass direction from the alphabetically earlier of them to the other, using only north, north-east, east, south-east, south, south-west, west or north-west. State your conclusion, justify it by describing the displacements you compared, and end with a confidence score from 0 to 1."
compass_bearing_2213_open_q1,compass_bearing_2213.png,"Read the compass rose in the corner, then compare the straight-line displacement between every pair of landmarks: name the two landmarks that lie closest together, and give the compass direction from the alphabetically earlier of them to the other, using only north, north-east, east, south-east, south, south-west, west or north-west. State your conclusion, justify it by describing the displacements you compared, and end with a confidence score from 0 to 1."
compass_bearing_2214_open_q1,compass_bearing_2214.png,"Read the compass rose in the corner, then compare the straight-line displacement between every pair of landmarks: name the two landmarks that lie closest together, and give the compass direction from the alphabetically earlier of them to the other, using only north, north-east, east, south-east, south, south-west, west or north-west. State your conclusion, justify it by describing the displacements you compared, and end with a confidence score from 0 to 1."
compass_bearing_2218_open_q1,compass_bearing_2218.png,"Read the compass rose in the corner, then compare the straight-line displacement between every pair of landmarks: name the two landmarks that lie closest together, and give the compass direction from the alphabetically earlier of them to the other, using only north, north-east, east, south-east, south, south-west, west or north-west. State your conclusion, justify it by describing the displacements you compared, and end with a confidence score from 0 to 1."
compass_bearing_2220_open_q1,compass_bearing_2220.png,"Read the compass rose in the corner, then compare the straight-line displacement between every pair of landmarks: name the two landmarks that lie closest together, and give the compass direction from the alphabetically earlier of them to the other, using only north, north-east, east, south-east, south, south-west, west or north-west. State your conclusion, justify it by describing the displacements you compared, and end with a confidence score from 0 to 1."
compass_bearing_2223_open_q1,compass_bearing_2223.png,"Read the compass rose in the corner, then compare the straight-line displacement between every pair of landmarks: name the two landmarks that lie closest together, and give the compass direction from the alphabetically earlier of them to the other, using only north, north-east, east, south-east, south, south-west, west or north-west. State your conclusion, justify it by describing the displacements you compared, and end with a confidence score from 0 to 1."
compass_bearing_2224_open_q1,compass_bearing_2224.png,"Read the compass rose in the corner, then compare the straight-line displacement between every pair of landmarks: name the two landmarks that lie closest together, and give the compass direction from the alphabetically earlier of them to the other, using only north, north-east, east, south-east, south, south-west, west or north-west. State your conclusion, justify it by describing the displacements you compared, and end with a confidence score from 0 to 1."
compass_bearing_2225_open_q1,compass_bearing_2225.png,"Read the compass rose in the corner, then compare the straight-line displacement between every pair of landmarks: name the two landmarks that lie closest together, and give the compass direction from the alphabetically earlier of them to the other, using only north, north-east, east, south-east, south, south-west, west or north-west. State your conclusion, justify it by describing the displacements you compared, and end with a confidence score from 0 to 1."
compass_bearing_2226_open_q1,compass_bearing_2226.png,"Read the compass rose in the corner, then compare the straight-line displacement between every pair of landmarks: name the two landmarks that lie closest together, and give the compass direction from the alphabetically earlier of them to the other, using only north, north-east, east, south-east, south, south-west, west or north-west. State your conclusion, justify it by describing the displacements you compared, and end with a confidence score from 0 to 1."
compass_bearing_2230_open_q1,compass_bearing_2230.png,"Read the compass rose in the corner, then compare the straight-line displacement between every pair of landmarks: name the two landmarks that lie closest together, and give the compass direction from the alphabetically earlier of them to the other, using only north, north-east, east, south-east, south, south-west, west or north-west. State your conclusion, justify it by describing the displacements you compared, and end with a confidence score from 0 to 1."
compass_bearing_2231_open_q1,compass_bearing_2231.png,"Read the compass rose in the corner, then compare the straight-line displacement between every pair of landmarks: name the two landmarks that lie closest together, and give the compass direction from the alphabetically earlier of them to the other, using only north, north-east, east, south-east, south, south-west, west or north-west. State your conclusion, justify it by describing the displacements you compared, and end with a confidence score from 0 to 1."
compass_bearing_2236_open_q1,compass_bearing_2236.png,"Read the compass rose in the corner, then compare the straight-line displacement between every pair of landmarks: name the two landmarks that lie closest together, and give the compass direction from the alphabetically earlier of them to the other, using only north, north-east, east, south-east, south, south-west, west or north-west. State your conclusion, justify it by describing the displacements you compared, and end with a confidence score from 0 to 1."
compass_bearing_2238_open_q1,compass_bearing_2238.png,"Read the compass rose in the corner, then compare the straight-line displacement between every pair of landmarks: name the two landmarks that lie closest together, and give the compass direction from the alphabetically earlier of them to the other, using only north, north-east, east, south-east, south, south-west, west or north-west. State your conclusion, justify it by describing the displacements you compared, and end with a confidence score from 0 to 1."
compass_bearing_2240_open_q1,compass_bearing_2240.png,"Read the compass rose in the corner, then compare the straight-line displacement between every pair of landmarks: name the two landmarks that lie closest together, and give the compass direction from the alphabetically earlier of them to the other, using only north, north-east, east, south-east, south, south-west, west or north-west. State your conclusion, justify it by describing the displacements you compared, and end with a confidence score from 0 to 1."
compass_bearing_2242_open_q1,compass_bearing_2242.png,"Read the compass rose in the corner, then compare the straight-line displacement between every pair of landmarks: name the two landmarks that lie closest together, and give the compass direction from the alphabetically earlier of them to the other, using only north, north-east, east, south-east, south, south-west, west or north-west. State your conclusion, justify it by describing the displacements you compared, and end with a confidence score from 0 to 1."
compass_bearing_2244_open_q1,compass_bearing_2244.png,"Read the compass rose in the corner, then compare the straight-line displacement between every pair of landmarks: name the two landmarks that lie closest together, and give the compass direction from the alphabetically earlier of them to the other, using only north, north-east, east, south-east, south, south-west, west or north-west. State your conclusion, justify it by describing the displacements you compared, and end with a confidence score from 0 to 1."
compass_bearing_2247_open_q1,compass_bearing_2247.png,"Read the compass rose in the corner, then compare the straight-line displacement between every pair of landmarks: name the two landmarks that lie closest together, and give the compass direction from the alphabetically earlier of them to the other, using only north, north-east, east, south-east, south, south-west, west or north-west. State your conclusion, justify it by describing the displacements you compared, and end with a confidence score from 0 to 1."
compass_bearing_2248_open_q1,compass_bearing_2248.png,"Read the compass rose in the corner, then compare the straight-line displacement between every pair of landmarks: name the two landmarks that lie closest together, and give the compass direction from the alphabetically earlier of them to the other, using only north, north-east, east, south-east, south, south-west, west or north-west. State your conclusion, justify it by describing the displacements you compared, and end with a confidence score from 0 to 1."
compass_bearing_2249_open_q1,compass_bearing_2249.png,"Read the compass rose in the corner, then compare the straight-line displacement between every pair of landmarks: name the two landmarks that lie closest together, and give the compass direction from the alphabetically earlier of them to the other, using only north, north-east, east, south-east, south, south-west, west or north-west. State your conclusion, justify it by describing the displacements you compared, and end with a confidence score from 0 to 1."
compass_bearing_2250_open_q1,compass_bearing_2250.png,"Read the compass rose in the corner, then compare the straight-line displacement between every pair of landmarks: name the two landmarks that lie closest together, and give the compass direction from the alphabetically earlier of them to the other, using only north, north-east, east, south-east, south, south-west, west or north-west. State your conclusion, justify it by describing the displacements you compared, and end with a confidence score from 0 to 1."
compass_bearing_2255_open_q1,compass_bearing_2255.png,"Read the compass rose in the corner, then compare the straight-line displacement between every pair of landmarks: name the two landmarks that lie closest together, and give the compass direction from the alphabetically earlier of them to the other, using only north, north-east, east, south-east, south, south-west, west or north-west. State your conclusion, justify it by describing the displacements you compared, and end with a confidence score from 0 to 1."
compass_bearing_2257_open_q1,compass_bearing_2257.png,"Read the compass rose in the corner, then compare the straight-line displacement between every pair of landmarks: name the two landmarks that lie closest together, and give the compass direction from the alphabetically earlier of them to the other, using only north, north-east, east, south-east, south, south-west, west or north-west. State your conclusion, justify it by describing the displacements you compared, and end with a confidence score from 0 to 1."
compass_bearing_2265_open_q1,compass_bearing_2265.png,"Read the compass rose in the corner, then compare the straight-line displacement between every pair of landmarks: name the two landmarks that lie closest together, and give the compass direction from the alphabetically earlier of them to the other, using only north, north-east, east, south-east, south, south-west, west or north-west. State your conclusion, justify it by describing the displacements you compared, and end with a confidence score from 0 to 1."
compass_bearing_2268_open_q1,compass_bearing_2268.png,"Read the compass rose in the corner, then compare the straight-line displacement between every pair of landmarks: name the two landmarks that lie closest together, and give the compass direction from the alphabetically earlier of them to the other, using only north, north-east, east, south-east, south, south-west, west or north-west. State your conclusion, justify it by describing the displacements you compared, and end with a confidence score from 0 to 1."
compass_bearing_2270_open_q1,compass_bearing_2270.png,"Read the compass rose in the corner, then compare the straight-line displacement between every pair of landmarks: name the two landmarks that lie closest together, and give the compass direction from the alphabetically earlier of them to the other, using only north, north-east, east, south-east, south, south-west, west or north-west. State your conclusion, justify it by describing the displacements you compared, and end with a confidence score from 0 to 1."
compass_bearing_2273_open_q1,compass_bearing_2273.png,"Read the compass rose in the corner, then compare the straight-line displacement between every pair of landmarks: name the two landmarks that lie closest together, and give the compass direction from the alphabetically earlier of them to the other, using only north, north-east, east, south-east, south, south-west, west or north-west. State your conclusion, justify it by describing the displacements you compared, and end with a confidence score from 0 to 1."
compass_bearing_2274_open_q1,compass_bearing_2274.png,"Read the compass rose in the corner, then compare the straight-line displacement between every pair of landmarks: name the two landmarks that lie closest together, and give the compass direction from the alphabetically earlier of them to the other, using only north, north-east, east, south-east, south, south-west, west or north-west. State your conclusion, justify it by describing the displacements you compared, and end with a confidence score from 0 to 1."
compass_bearing_2277_open_q1,compass_bearing_2277.png,"Read the compass rose in the corner, then compare the straight-line displacement between every pair of landmarks: name the two landmarks that lie closest together, and give the compass direction from the alphabetically earlier of them to the other, using only north, north-east, east, south-east, south, south-west, west or north-west. State your conclusion, justify it by describing the displacements you compared, and end with a confidence score from 0 to 1."
compass_bearing_2278_open_q1,compass_bearing_2278.png,"Read the compass rose in the corner, then compare the straight-line displacement between every pair of landmarks: name the two landmarks that lie closest together, and give the compass direction from the alphabetically earlier of them to the other, using only north, north-east, east, south-east, south, south-west, west or north-west. State your conclusion, justify it by describing the displacements you compared, and end with a confidence score from 0 to 1."
compass_bearing_2281_open_q1,compass_bearing_2281.png,"Read the compass rose in the corner, then compare the straight-line displacement between every pair of landmarks: name the two landmarks that lie closest together, and give the compass direction from the alphabetically earlier of them to the other, using only north, north-east, east, south-east, south, south-west, west or north-west. State your conclusion, justify it by describing the displacements you compared, and end with a confidence score from 0 to 1."
compass_bearing_2282_open_q1,compass_bearing_2282.png,"Read the compass rose in the corner, then compare the straight-line displacement between every pair of landmarks: name the two landmarks that lie closest together, and give the compass direction from the alphabetically earlier of them to the other, using only north, north-east, east, south-east, south, south-west, west or north-west. State your conclusion, justify it by describing the displacements you compared, and end with a confidence score from 0 to 1."
compass_bearing_2288_open_q1,compass_bearing_2288.png,"Read the compass rose in the corner, then compare the straight-line displacement between every pair of landmarks: name the two landmarks that lie closest together, and give the compass direction from the alphabetically earlier of them to the other, using only north, north-east, east, south-east, south, south-west, west or north-west. State your conclusion, justify it by describing the displacements you compared, and end with a confidence score from 0 to 1."
compass_bearing_2290_open_q1,compass_bearing_2290.png,"Read the compass rose in the corner, then compare the straight-line displacement between every pair of landmarks: name the two landmarks that lie closest together, and give the compass direction from the alphabetically earlier of them to the other, using only north, north-east, east, south-east, south, south-west, west or north-west. State your conclusion, justify it by describing the displacements you compared, and end with a confidence score from 0 to 1."
compass_bearing_2295_open_q1,compass_bearing_2295.png,"Read the compass rose in the corner, then compare the straight-line displacement between every pair of landmarks: name the two landmarks that lie closest together, and give the compass direction from the alphabetically earlier of them to the other, using only north, north-east, east, south-east, south, south-west, west or north-west. State your conclusion, justify it by describing the displacements you compared, and end with a confidence score from 0 to 1."
compass_bearing_2301_open_q1,compass_bearing_2301.png,"Read the compass rose in the corner, then compare the straight-line displacement between every pair of landmarks: name the two landmarks that lie closest together, and give the compass direction from the alphabetically earlier of them to the other, using only north, north-east, east, south-east, south, south-west, west or north-west. State your conclusion, justify it by describing the displacements you compared, and end with a confidence score from 0 to 1."
compass_bearing_2306_open_q1,compass_bearing_2306.png,"Read the compass rose in the corner, then compare the straight-line displacement between every pair of landmarks: name the two landmarks that lie closest together, and give the compass direction from the alphabetically earlier of them to the other, using only north, north-east, east, south-east, south, south-west, west or north-west. State your conclusion, justify it by describing the displacements you compared, and end with a confidence score from 0 to 1."
compass_bearing_2309_open_q1,compass_bearing_2309.png,"Read the compass rose in the corner, then compare the straight-line displacement between every pair of landmarks: name the two landmarks that lie closest together, and give the compass direction from the alphabetically earlier of them to the other, using only north, north-east, east, south-east, south, south-west, west or north-west. State your conclusion, justify it by describing the displacements you compared, and end with a confidence score from 0 to 1."
compass_bearing_2311_open_q1,compass_bearing_2311.png,"Read the compass rose in the corner, then compare the straight-line displacement between every pair of landmarks: name the two landmarks that lie closest together, and give the compass direction from the alphabetically earlier of them to the other, using only north, north-east, east, south-east, south, south-west, west or north-west. State your conclusion, justify it by describing the displacements you compared, and end with a confidence score from 0 to 1."
compass_bearing_2312_open_q1,compass_bearing_2312.png,"Read the compass rose in the corner, then compare the straight-line displacement between every pair of landmarks: name the two landmarks that lie closest together, and give the compass direction from the alphabetically earlier of them to the other, using only north, north-east, east, south-east, south, south-west, west or north-west. State your conclusion, justify it by describing the displacements you compared, and end with a confidence score from 0 to 1."
compass_bearing_2314_open_q1,compass_bearing_2314.png,"Read the compass rose in the corner, then compare the straight-line displacement between every pair of landmarks: name the two landmarks that lie closest together, and give the compass direction from the alphabetically earlier of them to the other, using only north, north-east, east, south-east, south, south-west, west or north-west. State your conclusion, justify it by describing the displacements you compared, and end with a confidence score from 0 to 1."
compass_bearing_2318_open_q1,compass_bearing_2318.png,"Read the compass rose in the corner, then compare the straight-line displacement between every pair of landmarks: name the two landmarks that lie closest together, and give the compass direction from the alphabetically earlier of them to the other, using only north, north-east, east, south-east, south, south-west, west or north-west. State your conclusion, justify it by describing the displacements you compared, and end with a confidence score from 0 to 1."
compass_bearing_2330_open_q1,compass_bearing_2330.png,"Read the compass rose in the corner, then compare the straight-line displacement between every pair of landmarks: name the two landmarks that lie closest together, and give the compass direction from the alphabetically earlier of them to the other, using only north, north-east, east, south-east, south, south-west, west or north-west. State your conclusion, justify it by describing the displacements you compared, and end with a confidence score from 0 to 1."
compass_bearing_2331_open_q1,compass_bearing_2331.png,"Read the compass rose in the corner, then compare the straight-line displacement between every pair of landmarks: name the two landmarks that lie closest together, and give the compass direction from the alphabetically earlier of them to the other, using only north, north-east, east, south-east, south, south-west, west or north-west. State your conclusion, justify it by describing the displacements you compared, and end with a confidence score from 0 to 1."
compass_bearing_2332_open_q1,compass_bearing_2332.png,"Read the compass rose in the corner, then compare the straight-line displacement between every pair of landmarks: name the two landmarks that lie closest together, and give the compass direction from the alphabetically earlier of them to the other, using only north, north-east, east, south-east, south, south-west, west or north-west. State your conclusion, justify it by describing the displacements you compared, and end with a confidence score from 0 to 1."
compass_bearing_2333_open_q1,compass_bearing_2333.png,"Read the compass rose in the corner, then compare the straight-line displacement between every pair of landmarks: name the two landmarks that lie closest together, and give the compass direction from the alphabetically earlier of them to the other, using only north, north-east, east, south-east, south, south-west, west or north-west. State your conclusion, justify it by describing the displacements you compared, and end with a confidence score from 0 to 1."
compass_bearing_2335_open_q1,compass_bearing_2335.png,"Read the compass rose in the corner, then compare the straight-line displacement between every pair of landmarks: name the two landmarks that lie closest together, and give the compass direction from the alphabetically earlier of them to the other, using only north, north-east, east, south-east, south, south-west, west or north-west. State your conclusion, justify it by describing the displacements you compared, and end with a confidence score from 0 to 1."
compass_bearing_2336_open_q1,compass_bearing_2336.png,"Read the compass rose in the corner, then compare the straight-line displacement between every pair of landmarks: name the two landmarks that lie closest together, and give the compass direction from the alphabetically earlier of them to the other, using only north, north-east, east, south-east, south, south-west, west or north-west. State your conclusion, justify it by describing the displacements you compared, and end with a confidence score from 0 to 1."
compass_bearing_2338_open_q1,compass_bearing_2338.png,"Read the compass rose in the corner, then compare the straight-line displacement between every pair of landmarks: name the two landmarks that lie closest together, and give the compass direction from the alphabetically earlier of them to the other, using only north, north-east, east, south-east, south, south-west, west or north-west. State your conclusion, justify it by describing the displacements you compared, and end with a confidence score from 0 to 1."
compass_bearing_2340_open_q1,compass_bearing_2340.png,"Read the compass rose in the corner, then compare the straight-line displacement between every pair of landmarks: name the two landmarks that lie closest together, and give the compass direction from the alphabetically earlier of them to the other, using only north, north-east, east, south-east, south, south-west, west or north-west. State your conclusion, justify it by describing the displacements you compared, and end with a confidence score from 0 to 1."
compass_bearing_2342_open_q1,compass_bearing_2342.png,"Read the compass rose in the corner, then compare the straight-line displacement between every pair of landmarks: name the two landmarks that lie closest together, and give the compass direction from the alphabetically earlier of them to the other, using only north, north-east, east, south-east, south, south-west, west or north-west. State your conclusion, justify it by describing the displacements you compared, and end with a confidence score from 0 to 1."
compass_bearing_2350_open_q1,compass_bearing_2350.png,"Read the compass rose in the corner, then compare the straight-line displacement between every pair of landmarks: name the two landmarks that lie closest together, and give the compass direction from the alphabetically earlier of them to the other, using only north, north-east, east, south-east, south, south-west, west or north-west. State your conclusion, justify it by describing the displacements you compared, and end with a confidence score from 0 to 1."
compass_bearing_2353_open_q1,compass_bearing_2353.png,"Read the compass rose in the corner, then compare the straight-line displacement between every pair of landmarks: name the two landmarks that lie closest together, and give the compass direction from the alphabetically earlier of them to the other, using only north, north-east, east, south-east, south, south-west, west or north-west. State your conclusion, justify it by describing the displacements you compared, and end with a confidence score from 0 to 1."
compass_bearing_2359_open_q1,compass_bearing_2359.png,"Read the compass rose in the corner, then compare the straight-line displacement between every pair of landmarks: name the two landmarks that lie closest together, and give the compass direction from the alphabetically earlier of them to the other, using only north, north-east, east, south-east, south, south-west, west or north-west. State your conclusion, justify it by describing the displacements you compared, and end with a confidence score from 0 to 1."
compass_bearing_2360_open_q1,compass_bearing_2360.png,"Read the compass rose in the corner, then compare the straight-line displacement between every pair of landmarks: name the two landmarks that lie closest together, and give the compass direction from the alphabetically earlier of them to the other, using only north, north-east, east, south-east, south, south-west, west or north-west. State your conclusion, justify it by describing the displacements you compared, and end with a confidence score from 0 to 1."
compass_bearing_2361_open_q1,compass_bearing_2361.png,"Read the compass rose in the corner, then compare the straight-line displacement between every pair of landmarks: name the two landmarks that lie closest together, and give the compass direction from the alphabetically earlier of them to the other, using only north, north-east, east, south-east, south, south-west, west or north-west. State your conclusion, justify it by describing the displacements you compared, and end with a confidence score from 0 to 1."
compass_bearing_2362_open_q1,compass_bearing_2362.png,"Read the compass rose in the corner, then compare the straight-line displacement between every pair of landmarks: name the two landmarks that lie closest together, and give the compass direction from the alphabetically earlier of them to the other, using only north, north-east, east, south-east, south, south-west, west or north-west. State your conclusion, justify it by describing the displacements you compared, and end with a confidence score from 0 to 1."
compass_bearing_2363_open_q1,compass_bearing_2363.png,"Read the compass rose in the corner, then compare the straight-line displacement between every pair of landmarks: name the two landmarks that lie closest together, and give the compass direction from the alphabetically earlier of them to the other, using only north, north-east, east, south-east, south, south-west, west or north-west. State your conclusion, justify it by describing the displacements you compared, and end with a confidence score from 0 to 1."
compass_bearing_2366_open_q1,compass_bearing_2366.png,"Read the compass rose in the corner, then compare the straight-line displacement between every pair of landmarks: name the two landmarks that lie closest together, and give the compass direction from the alphabetically earlier of them to the other, using only north, north-east, east, south-east, south, south-west, west or north-west. State your conclusion, justify it by describing the displacements you compared, and end with a confidence score from 0 to 1."
compass_bearing_2368_open_q1,compass_bearing_2368.png,"Read the compass rose in the corner, then compare the straight-line displacement between every pair of landmarks: name the two landmarks that lie closest together, and give the compass direction from the alphabetically earlier of them to the other, using only north, north-east, east, south-east, south, south-west, west or north-west. State your conclusion, justify it by describing the displacements you compared, and end with a confidence score from 0 to 1."
compass_bearing_2371_open_q1,compass_bearing_2371.png,"Read the compass rose in the corner, then compare the straight-line displacement between every pair of landmarks: name the two landmarks that lie closest together, and give the compass direction from the alphabetically earlier of them to the other, using only north, north-east, east, south-east, south, south-west, west or north-west. State your conclusion, justify it by describing the displacements you compared, and end with a confidence score from 0 to 1."
compass_bearing_2372_open_q1,compass_bearing_2372.png,"Read the compass rose in the corner, then compare the straight-line displacement between every pair of landmarks: name the two landmarks that lie closest together, and give the compass direction from the alphabetically earlier of them to the other, using only north, north-east, east, south-east, south, south-west, west or north-west. State your conclusion, justify it by describing the displacements you compared, and end with a confidence score from 0 to 1."
compass_bearing_2373_open_q1,compass_bearing_2373.png,"Read the compass rose in the corner, then compare the straight-line displacement between every pair of landmarks: name the two landmarks that lie closest together, and give the compass direction from the alphabetically earlier of them to the other, using only north, north-east, east, south-east, south, south-west, west or north-west. State your conclusion, justify it by describing the displacements you compared, and end with a confidence score from 0 to 1."
compass_bearing_2374_open_q1,compass_bearing_2374.png,"Read the compass rose in the corner, then compare the straight-line displacement between every pair of landmarks: name the two landmarks that lie closest together, and give the compass direction from the alphabetically earlier of them to the other, using only north, north-east, east, south-east, south, south-west, west or north-west. State your conclusion, justify it by describing the displacements you compared, and end with a confidence score from 0 to 1."
compass_bearing_2375_open_q1,compass_bearing_2375.png,"Read the compass rose in the corner, then compare the straight-line displacement between every pair of landmarks: name the two landmarks that lie closest together, and give the compass direction from the alphabetically earlier of them to the other, using only north, north-east, east, south-east, south, south-west, west or north-west. State your conclusion, justify it by describing the displacements you compared, and end with a confidence score from 0 to 1."
compass_bearing_2381_open_q1,compass_bearing_2381.png,"Read the compass rose in the corner, then compare the straight-line displacement between every pair of landmarks: name the two landmarks that lie closest together, and give the compass direction from the alphabetically earlier of them to the other, using only north, north-east, east, south-east, south, south-west, west or north-west. State your conclusion, justify it by describing the displacements you compared, and end with a confidence score from 0 to 1."
compass_bearing_2383_open_q1,compass_bearing_2383.png,"Read the compass rose in the corner, then compare the straight-line displacement between every pair of landmarks: name the two landmarks that lie closest together, and give the compass direction from the alphabetically earlier of them to the other, using only north, north-east, east, south-east, south, south-west, west or north-west. State your conclusion, justify it by describing the displacements you compared, and end with a confidence score from 0 to 1."
compass_bearing_2385_open_q1,compass_bearing_2385.png,"Read the compass rose in the corner, then compare the straight-line displacement between every pair of landmarks: name the two landmarks that lie closest together, and give the compass direction from the alphabetically earlier of them to the other, using only north, north-east, east, south-east, south, south-west, west or north-west. State your conclusion, justify it by describing the displacements you compared, and end with a confidence score from 0 to 1."
compass_bearing_2386_open_q1,compass_bearing_2386.png,"Read the compass rose in the corner, then compare the straight-line displacement between every pair of landmarks: name the two landmarks that lie closest together, and give the compass direction from the alphabetically earlier of them to the other, using only north, north-east, east, south-east, south, south-west, west or north-west. State your conclusion, justify it by describing the displacements you compared, and end with a confidence score from 0 to 1."
compass_bearing_2387_open_q1,compass_bearing_2387.png,"Read the compass rose in the corner, then compare the straight-line displacement between every pair of landmarks: name the two landmarks that lie closest together, and give the compass direction from the alphabetically earlier of them to the other, using only north, north-east, east, south-east, south, south-west, west or north-west. State your conclusion, justify it by describing the displacements you compared, and end with a confidence score from 0 to 1."
compass_bearing_2390_open_q1,compass_bearing_2390.png,"Read the compass rose in the corner, then compare the straight-line displacement between every pair of landmarks: name the two landmarks that lie closest together, and give the compass direction from the alphabetically earlier of them to the other, using only north, north-east, east, south-east, south, south-west, west or north-west. State your conclusion, justify it by describing the displacements you compared, and end with a confidence score from 0 to 1."
compass_bearing_2391_open_q1,compass_bearing_2391.png,"Read the compass rose in the corner, then compare the straight-line displacement between every pair of landmarks: name the two landmarks that lie closest together, and give the compass direction from the alphabetically earlier of them to the other, using only north, north-east, east, south-east, south, south-west, west or north-west. State your conclusion, justify it by describing the displacements you compared, and end with a confidence score from 0 to 1."
compass_bearing_2394_open_q1,compass_bearing_2394.png,"Read the compass rose in the corner, then compare the straight-line displacement between every pair of landmarks: name the two landmarks that lie closest together, and give the compass direction from the alphabetically earlier of them to the other, using only north, north-east, east, south-east, south, south-west, west or north-west. State your conclusion, justify it by describing the displacements you compared, and end with a confidence score from 0 to 1."
compass_bearing_2400_open_q1,compass_bearing_2400.png,"Read the compass rose in the corner, then compare the straight-line displacement between every pair of landmarks: name the two landmarks that lie closest together, and give the compass direction from the alphabetically earlier of them to the other, using only north, north-east, east, south-east, south, south-west, west or north-west. State your conclusion, justify it by describing the displacements you compared, and end with a confidence score from 0 to 1."
compass_bearing_2404_open_q1,compass_bearing_2404.png,"Read the compass rose in the corner, then compare the straight-line displacement between every pair of landmarks: name the two landmarks that lie closest together, and give the compass direction from the alphabetically earlier of them to the other, using only north, north-east, east, south-east, south, south-west, west or north-west. State your conclusion, justify it by describing the displacements you compared, and end with a confidence score from 0 to 1."
compass_bearing_2409_open_q1,compass_bearing_2409.png,"Read the compass rose in the corner, then compare the straight-line displacement between every pair of landmarks: name the two landmarks that lie closest together, and give the compass direction from the alphabetically earlier of them to the other, using only north, north-east, east, south-east, south, south-west, west or north-west. State your conclusion, justify it by describing the displacements you compared, and end with a confidence score from 0 to 1."
compass_bearing_2415_open_q1,compass_bearing_2415.png,"Read the compass rose in the corner, then compare the straight-line displacement between every pair of landmarks: name the two landmarks that lie closest together, and give the compass direction from the alphabetically earlier of them to the other, using only north, north-east, east, south-east, south, south-west, west or north-west. State your conclusion, justify it by describing the displacements you compared, and end with a confidence score from 0 to 1."
compass_bearing_2416_open_q1,compass_bearing_2416.png,"Read the compass rose in the corner, then compare the straight-line displacement between every pair of landmarks: name the two landmarks that lie closest together, and give the compass direction from the alphabetically earlier of them to the other, using only north, north-east, east, south-east, south, south-west, west or north-west. State your conclusion, justify it by describing the displacements you compared, and end with a confidence score from 0 to 1."
compass_bearing_2419_open_q1,compass_bearing_2419.png,"Read the compass rose in the corner, then compare the straight-line displacement between every pair of landmarks: name the two landmarks that lie closest together, and give the compass direction from the alphabetically earlier of them to the other, using only north, north-east, east, south-east, south, south-west, west or north-west. State your conclusion, justify it by describing the displacements you compared, and end with a confidence score from 0 to 1."
compass_bearing_2420_open_q1,compass_bearing_2420.png,"Read the compass rose in the corner, then compare the straight-line displacement between every pair of landmarks: name the two landmarks that lie closest together, and give the compass direction from the alphabetically earlier of them to the other, using only north, north-east, east, south-east, south, south-west, west or north-west. State your conclusion, justify it by describing the displacements you compared, and end with a confidence score from 0 to 1."
compass_bearing_2422_open_q1,compass_bearing_2422.png,"Read the compass rose in the corner, then compare the straight-line displacement between every pair of landmarks: name the two landmarks that lie closest together, and give the compass direction from the alphabetically earlier of them to the other, using only north, north-east, east, south-east, south, south-west, west or north-west. State your conclusion, justify it by describing the displacements you compared, and end with a confidence score from 0 to 1."
compass_bearing_2423_open_q1,compass_bearing_2423.png,"Read the compass rose in the corner, then compare the straight-line displacement between every pair of landmarks: name the two landmarks that lie closest together, and give the compass direction from the alphabetically earlier of them to the other, using only north, north-east, east, south-east, south, south-west, west or north-west. State your conclusion, justify it by describing the displacements you compared, and end with a confidence score from 0 to 1."
compass_bearing_2425_open_q1,compass_bearing_2425.png,"Read the compass rose in the corner, then compare the straight-line displacement between every pair of landmarks: name the two landmarks that lie closest together, and give the compass direction from the alphabetically earlier of them to the other, using only north, north-east, east, south-east, south, south-west, west or north-west. State your conclusion, justify it by describing the displacements you compared, and end with a confidence score from 0 to 1."
compass_bearing_2430_open_q1,compass_bearing_2430.png,"Read the compass rose in the corner, then compare the straight-line displacement between every pair of landmarks: name the two landmarks that lie closest together, and give the compass direction from the alphabetically earlier of them to the other, using only north, north-east, east, south-east, south, south-west, west or north-west. State your conclusion, justify it by describing the displacements you compared, and end with a confidence score from 0 to 1."
compass_bearing_2431_open_q1,compass_bearing_2431.png,"Read the compass rose in the corner, then compare the straight-line displacement between every pair of landmarks: name the two landmarks that lie closest together, and give the compass direction from the alphabetically earlier of them to the other, using only north, north-east, east, south-east, south, south-west, west or north-west. State your conclusion, justify it by describing the displacements you compared, and end with a confidence score from 0 to 1."
compass_bearing_2434_open_q1,compass_bearing_2434.png,"Read the compass rose in the corner, then compare the straight-line displacement between every pair of landmarks: name the two landmarks that lie closest together, and give the compass direction from the alphabetically earlier of them to the other, using only north, north-east, east, south-east, south, south-west, west or north-west. State your conclusion, justify it by describing the displacements you compared, and end with a confidence score from 0 to 1."
compass_bearing_2435_open_q1,compass_bearing_2435.png,"Read the compass rose in the corner, then compare the straight-line displacement between every pair of landmarks: name the two landmarks that lie closest together, and give the compass direction from the alphabetically earlier of them to the other, using only north, north-east, east, south-east, south, south-west, west or north-west. State your conclusion, justify it by describing the displacements you compared, and end with a confidence score from 0 to 1."
compass_bearing_2437_open_q1,compass_bearing_2437.png,"Read the compass rose in the corner, then compare the straight-line displacement between every pair of landmarks: name the two landmarks that lie closest together, and give the compass direction from the alphabetically earlier of them to the other, using only north, north-east, east, south-east, south, south-west, west or north-west. State your conclusion, justify it by describing the displacements you compared, and end with a confidence score from 0 to 1."
compass_bearing_2438_open_q1,compass_bearing_2438.png,"Read the compass rose in the corner, then compare the straight-line displacement between every pair of landmarks: name the two landmarks that lie closest together, and give the compass direction from the alphabetically earlier of them to the other, using only north, north-east, east, south-east, south, south-west, west or north-west. State your conclusion, justify it by describing the displacements you compared, and end with a confidence score from 0 to 1."
compass_bearing_2439_open_q1,compass_bearing_2439.png,"Read the compass rose in the corner, then compare the straight-line displacement between every pair of landmarks: name the two landmarks that lie closest together, and give the compass direction from the alphabetically earlier of them to the other, using only north, north-east, east, south-east, south, south-west, west or north-west. State your conclusion, justify it by describing the displacements you compared, and end with a confidence score from 0 to 1."
compass_bearing_2444_open_q1,compass_bearing_2444.png,"Read the compass rose in the corner, then compare the straight-line displacement between every pair of landmarks: name the two landmarks that lie closest together, and give the compass direction from the alphabetically earlier of them to the other, using only north, north-east, east, south-east, south, south-west, west or north-west. State your conclusion, justify it by describing the displacements you compared, and end with a confidence score from 0 to 1."
compass_bearing_2451_open_q1,compass_bearing_2451.png,"Read the compass rose in the corner, then compare the straight-line displacement between every pair of landmarks: name the two landmarks that lie closest together, and give the compass direction from the alphabetically earlier of them to the other, using only north, north-east, east, south-east, south, south-west, west or north-west. State your conclusion, justify it by describing the displacements you compared, and end with a confidence score from 0 to 1."
compass_bearing_2453_open_q1,compass_bearing_2453.png,"Read the compass rose in the corner, then compare the straight-line displacement between every pair of landmarks: name the two landmarks that lie closest together, and give the compass direction from the alphabetically earlier of them to the other, using only north, north-east, east, south-east, south, south-west, west or north-west. State your conclusion, justify it by describing the displacements you compared, and end with a confidence score from 0 to 1."
compass_bearing_2455_open_q1,compass_bearing_2455.png,"Read the compass rose in the corner, then compare the straight-line displacement between every pair of landmarks: name the two landmarks that lie closest together, and give the compass direction from the alphabetically earlier of them to the other, using only north, north-east, east, south-east, south, south-west, west or north-west. State your conclusion, justify it by describing the displacements you compared, and end with a confidence score from 0 to 1."
compass_bearing_2458_open_q1,compass_bearing_2458.png,"Read the compass rose in the corner, then compare the straight-line displacement between every pair of landmarks: name the two landmarks that lie closest together, and give the compass direction from the alphabetically earlier of them to the other, using only north, north-east, east, south-east, south, south-west, west or north-west. State your conclusion, justify it by describing the displacements you compared, and end with a confidence score from 0 to 1."
compass_bearing_2459_open_q1,compass_bearing_2459.png,"Read the compass rose in the corner, then compare the straight-line displacement between every pair of landmarks: name the two landmarks that lie closest together, and give the compass direction from the alphabetically earlier of them to the other, using only north, north-east, east, south-east, south, south-west, west or north-west. State your conclusion, justify it by describing the displacements you compared, and end with a confidence score from 0 to 1."
compass_bearing_2464_open_q1,compass_bearing_2464.png,"Read the compass rose in the corner, then compare the straight-line displacement between every pair of landmarks: name the two landmarks that lie closest together, and give the compass direction from the alphabetically earlier of them to the other, using only north, north-east, east, south-east, south, south-west, west or north-west. State your conclusion, justify it by describing the displacements you compared, and end with a confidence score from 0 to 1."
compass_bearing_2466_open_q1,compass_bearing_2466.png,"Read the compass rose in the corner, then compare the straight-line displacement between every pair of landmarks: name the two landmarks that lie closest together, and give the compass direction from the alphabetically earlier of them to the other, using only north, north-east, east, south-east, south, south-west, west or north-west. State your conclusion, justify it by describing the displacements you compared, and end with a confidence score from 0 to 1."
compass_bearing_2470_open_q1,compass_bearing_2470.png,"Read the compass rose in the corner, then compare the straight-line displacement between every pair of landmarks: name the two landmarks that lie closest together, and give the compass direction from the alphabetically earlier of them to the other, using only north, north-east, east, south-east, south, south-west, west or north-west. State your conclusion, justify it by describing the displacements you compared, and end with a confidence score from 0 to 1."
compass_bearing_2472_open_q1,compass_bearing_2472.png,"Read the compass rose in the corner, then compare the straight-line displacement between every pair of landmarks: name the two landmarks that lie closest together, and give the compass direction from the alphabetically earlier of them to the other, using only north, north-east, east, south-east, south, south-west, west or north-west. State your conclusion, justify it by describing the displacements you compared, and end with a confidence score from 0 to 1."
compass_bearing_2475_open_q1,compass_bearing_2475.png,"Read the compass rose in the corner, then compare the straight-line displacement between every pair of landmarks: name the two landmarks that lie closest together, and give the compass direction from the alphabetically earlier of them to the other, using only north, north-east, east, south-east, south, south-west, west or north-west. State your conclusion, justify it by describing the displacements you compared, and end with a confidence score from 0 to 1."
compass_bearing_2476_open_q1,compass_bearing_2476.png,"Read the compass rose in the corner, then compare the straight-line displacement between every pair of landmarks: name the two landmarks that lie closest together, and give the compass direction from the alphabetically earlier of them to the other, using only north, north-east, east, south-east, south, south-west, west or north-west. State your conclusion, justify it by describing the displacements you compared, and end with a confidence score from 0 to 1."
compass_bearing_2477_open_q1,compass_bearing_2477.png,"Read the compass rose in the corner, then compare the straight-line displacement between every pair of landmarks: name the two landmarks that lie closest together, and give the compass direction from the alphabetically earlier of them to the other, using only north, north-east, east, south-east, south, south-west, west or north-west. State your conclusion, justify it by describing the displacements you compared, and end with a confidence score from 0 to 1."
compass_bearing_2478_open_q1,compass_bearing_2478.png,"Read the compass rose in the corner, then compare the straight-line displacement between every pair of landmarks: name the two landmarks that lie closest together, and give the compass direction from the alphabetically earlier of them to the other, using only north, north-east, east, south-east, south, south-west, west or north-west. State your conclusion, justify it by describing the displacements you compared, and end with a confidence score from 0 to 1."
compass_bearing_2480_open_q1,compass_bearing_2480.png,"Read the compass rose in the corner, then compare the straight-line displacement between every pair of landmarks: name the two landmarks that lie closest together, and give the compass direction from the alphabetically earlier of them to the other, using only north, north-east, east, south-east, south, south-west, west or north-west. State your conclusion, justify it by describing the displacements you compared, and end with a confidence score from 0 to 1."
compass_bearing_2485_open_q1,compass_bearing_2485.png,"Read the compass rose in the corner, then compare the straight-line displacement between every pair of landmarks: name the two landmarks that lie closest together, and give the compass direction from the alphabetically earlier of them to the other, using only north, north-east, east, south-east, south, south-west, west or north-west. State your conclusion, justify it by describing the displacements you compared, and end with a confidence score from 0 to 1."
compass_bearing_2494_open_q1,compass_bearing_2494.png,"Read the compass rose in the corner, then compare the straight-line displacement between every pair of landmarks: name the two landmarks that lie closest together, and give the compass direction from the alphabetically earlier of them to the other, using only north, north-east, east, south-east, south, south-west, west or north-west. State your conclusion, justify it by describing the displacements you compared, and end with a confidence score from 0 to 1."
compass_bearing_2498_open_q1,compass_bearing_2498.png,"Read the compass rose in the corner, then compare the straight-line displacement between every pair of landmarks: name the two landmarks that lie closest together, and give the compass direction from the alphabetically earlier of them to the other, using only north, north-east, east, south-east, south, south-west, west or north-west. State your conclusion, justify it by describing the displacements you compared, and end with a confidence score from 0 to 1."
compass_bearing_2505_open_q1,compass_bearing_2505.png,"Read the compass rose in the corner, then compare the straight-line displacement between every pair of landmarks: name the two landmarks that lie closest together, and give the compass direction from the alphabetically earlier of them to the other, using only north, north-east, east, south-east, south, south-west, west or north-west. State your conclusion, justify it by describing the displacements you compared, and end with a confidence score from 0 to 1."
compass_bearing_2509_open_q1,compass_bearing_2509.png,"Read the compass rose in the corner, then compare the straight-line displacement between every pair of landmarks: name the two landmarks that lie closest together, and give the compass direction from the alphabetically earlier of them to the other, using only north, north-east, east, south-east, south, south-west, west or north-west. State your conclusion, justify it by describing the displacements you compared, and end with a confidence score from 0 to 1."
compass_bearing_2510_open_q1,compass_bearing_2510.png,"Read the compass rose in the corner, then compare the straight-line displacement between every pair of landmarks: name the two landmarks that lie closest together, and give the compass direction from the alphabetically earlier of them to the other, using only north, north-east, east, south-east, south, south-west, west or north-west. State your conclusion, justify it by describing the displacements you compared, and end with a confidence score from 0 to 1."
compass_bearing_2514_open_q1,compass_bearing_2514.png,"Read the compass rose in the corner, then compare the straight-line displacement between every pair of landmarks: name the two landmarks that lie closest together, and give the compass direction from the alphabetically earlier of them to the other, using only north, north-east, east, south-east, south, south-west, west or north-west. State your conclusion, justify it by describing the displacements you compared, and end with a confidence score from 0 to 1."
compass_bearing_2515_open_q1,compass_bearing_2515.png,"Read the compass rose in the corner, then compare the straight-line displacement between every pair of landmarks: name the two landmarks that lie closest together, and give the compass direction from the alphabetically earlier of them to the other, using only north, north-east, east, south-east, south, south-west, west or north-west. State your conclusion, justify it by describing the displacements you compared, and end with a confidence score from 0 to 1."
compass_bearing_2520_open_q1,compass_bearing_2520.png,"Read the compass rose in the corner, then compare the straight-line displacement between every pair of landmarks: name the two landmarks that lie closest together, and give the compass direction from the alphabetically earlier of them to the other, using only north, north-east, east, south-east, south, south-west, west or north-west. State your conclusion, justify it by describing the displacements you compared, and end with a confidence score from 0 to 1."
compass_bearing_2524_open_q1,compass_bearing_2524.png,"Read the compass rose in the corner, then compare the straight-line displacement between every pair of landmarks: name the two landmarks that lie closest together, and give the compass direction from the alphabetically earlier of them to the other, using only north, north-east, east, south-east, south, south-west, west or north-west. State your conclusion, justify it by describing the displacements you compared, and end with a confidence score from 0 to 1."
compass_bearing_2525_open_q1,compass_bearing_2525.png,"Read the compass rose in the corner, then compare the straight-line displacement between every pair of landmarks: name the two landmarks that lie closest together, and give the compass direction from the alphabetically earlier of them to the other, using only north, north-east, east, south-east, south, south-west, west or north-west. State your conclusion, justify it by describing the displacements you compared, and end with a confidence score from 0 to 1."
compass_bearing_2526_open_q1,compass_bearing_2526.png,"Read the compass rose in the corner, then compare the straight-line displacement between every pair of landmarks: name the two landmarks that lie closest together, and give the compass direction from the alphabetically earlier of them to the other, using only north, north-east, east, south-east, south, south-west, west or north-west. State your conclusion, justify it by describing the displacements you compared, and end with a confidence score from 0 to 1."
compass_bearing_2527_open_q1,compass_bearing_2527.png,"Read the compass rose in the corner, then compare the straight-line displacement between every pair of landmarks: name the two landmarks that lie closest together, and give the compass direction from the alphabetically earlier of them to the other, using only north, north-east, east, south-east, south, south-west, west or north-west. State your conclusion, justify it by describing the displacements you compared, and end with a confidence score from 0 to 1."
compass_bearing_2528_open_q1,compass_bearing_2528.png,"Read the compass rose in the corner, then compare the straight-line displacement between every pair of landmarks: name the two landmarks that lie closest together, and give the compass direction from the alphabetically earlier of them to the other, using only north, north-east, east, south-east, south, south-west, west or north-west. State your conclusion, justify it by describing the displacements you compared, and end with a confidence score from 0 to 1."
compass_bearing_2531_open_q1,compass_bearing_2531.png,"Read the compass rose in the corner, then compare the straight-line displacement between every pair of landmarks: name the two landmarks that lie closest together, and give the compass direction from the alphabetically earlier of them to the other, using only north, north-east, east, south-east, south, south-west, west or north-west. State your conclusion, justify it by describing the displacements you compared, and end with a confidence score from 0 to 1."
compass_bearing_2536_open_q1,compass_bearing_2536.png,"Read the compass rose in the corner, then compare the straight-line displacement between every pair of landmarks: name the two landmarks that lie closest together, and give the compass direction from the alphabetically earlier of them to the other, using only north, north-east, east, south-east, south, south-west, west or north-west. State your conclusion, justify it by describing the displacements you compared, and end with a confidence score from 0 to 1."
compass_bearing_2540_open_q1,compass_bearing_2540.png,"Read the compass rose in the corner, then compare the straight-line displacement between every pair of landmarks: name the two landmarks that lie closest together, and give the compass direction from the alphabetically earlier of them to the other, using only north, north-east, east, south-east, south, south-west, west or north-west. State your conclusion, justify it by describing the displacements you compared, and end with a confidence score from 0 to 1."
compass_bearing_2541_open_q1,compass_bearing_2541.png,"Read the compass rose in the corner, then compare the straight-line displacement between every pair of landmarks: name the two landmarks that lie closest together, and give the compass direction from the alphabetically earlier of them to the other, using only north, north-east, east, south-east, south, south-west, west or north-west. State your conclusion, justify it by describing the displacements you compared, and end with a confidence score from 0 to 1."
compass_bearing_2542_open_q1,compass_bearing_2542.png,"Read the compass rose in the corner, then compare the straight-line displacement between every pair of landmarks: name the two landmarks that lie closest together, and give the compass direction from the alphabetically earlier of them to the other, using only north, north-east, east, south-east, south, south-west, west or north-west. State your conclusion, justify it by describing the displacements you compared, and end with a confidence score from 0 to 1."
compass_bearing_2543_open_q1,compass_bearing_2543.png,"Read the compass rose in the corner, then compare the straight-line displacement between every pair of landmarks: name the two landmarks that lie closest together, and give the compass direction from the alphabetically earlier of them to the other, using only north, north-east, east, south-east, south, south-west, west or north-west. State your conclusion, justify it by describing the displacements you compared, and end with a confidence score from 0 to 1."
compass_bearing_2547_open_q1,compass_bearing_2547.png,"Read the compass rose in the corner, then compare the straight-line displacement between every pair of landmarks: name the two landmarks that lie closest together, and give the compass direction from the alphabetically earlier of them to the other, using only north, north-east, east, south-east, south, south-west, west or north-west. State your conclusion, justify it by describing the displacements you compared, and end with a confidence score from 0 to 1."
compass_bearing_2552_open_q1,compass_bearing_2552.png,"Read the compass rose in the corner, then compare the straight-line displacement between every pair of landmarks: name the two landmarks that lie closest together, and give the compass direction from the alphabetically earlier of them to the other, using only north, north-east, east, south-east, south, south-west, west or north-west. State your conclusion, justify it by describing the displacements you compared, and end with a confidence score from 0 to 1."
compass_bearing_2553_open_q1,compass_bearing_2553.png,"Read the compass rose in the corner, then compare the straight-line displacement between every pair of landmarks: name the two landmarks that lie closest together, and give the compass direction from the alphabetically earlier of them to the other, using only north, north-east, east, south-east, south, south-west, west or north-west. State your conclusion, justify it by describing the displacements you compared, and end with a confidence score from 0 to 1."
compass_bearing_2556_open_q1,compass_bearing_2556.png,"Read the compass rose in the corner, then compare the straight-line displacement between every pair of landmarks: name the two landmarks that lie closest together, and give the compass direction from the alphabetically earlier of them to the other, using only north, north-east, east, south-east, south, south-west, west or north-west. State your conclusion, justify it by describing the displacements you compared, and end with a confidence score from 0 to 1."
compass_bearing_2560_open_q1,compass_bearing_2560.png,"Read the compass rose in the corner, then compare the straight-line displacement between every pair of landmarks: name the two landmarks that lie closest together, and give the compass direction from the alphabetically earlier of them to the other, using only north, north-east, east, south-east, south, south-west, west or north-west. State your conclusion, justify it by describing the displacements you compared, and end with a confidence score from 0 to 1."
compass_bearing_2564_open_q1,compass_bearing_2564.png,"Read the compass rose in the corner, then compare the straight-line displacement between every pair of landmarks: name the two landmarks that lie closest together, and give the compass direction from the alphabetically earlier of them to the other, using only north, north-east, east, south-east, south, south-west, west or north-west. State your conclusion, justify it by describing the displacements you compared, and end with a confidence score from 0 to 1."
compass_bearing_2565_open_q1,compass_bearing_2565.png,"Read the compass rose in the corner, then compare the straight-line displacement between every pair of landmarks: name the two landmarks that lie closest together, and give the compass direction from the alphabetically earlier of them to the other, using only north, north-east, east, south-east, south, south-west, west or north-west. State your conclusion, justify it by describing the displacements you compared, and end with a confidence score from 0 to 1."
compass_bearing_2567_open_q1,compass_bearing_2567.png,"Read the compass rose in the corner, then compare the straight-line displacement between every pair of landmarks: name the two landmarks that lie closest together, and give the compass direction from the alphabetically earlier of them to the other, using only north, north-east, east, south-east, south, south-west, west or north-west. State your conclusion, justify it by describing the displacements you compared, and end with a confidence score from 0 to 1."
compass_bearing_2570_open_q1,compass_bearing_2570.png,"Read the compass rose in the corner, then compare the straight-line displacement between every pair of landmarks: name the two landmarks that lie closest together, and give the compass direction from the alphabetically earlier of them to the other, using only north, north-east, east, south-east, south, south-west, west or north-west. State your conclusion, justify it by describing the displacements you compared, and end with a confidence score from 0 to 1."
compass_bearing_2571_open_q1,compass_bearing_2571.png,"Read the compass rose in the corner, then compare the straight-line displacement between every pair of landmarks: name the two landmarks that lie closest together, and give the compass direction from the alphabetically earlier of them to the other, using only north, north-east, east, south-east, south, south-west, west or north-west. State your conclusion, justify it by describing the displacements you compared, and end with a confidence score from 0 to 1."
compass_bearing_2573_open_q1,compass_bearing_2573.png,"Read the compass rose in the corner, then compare the straight-line displacement between every pair of landmarks: name the two landmarks that lie closest together, and give the compass direction from the alphabetically earlier of them to the other, using only north, north-east, east, south-east, south, south-west, west or north-west. State your conclusion, justify it by describing the displacements you compared, and end with a confidence score from 0 to 1."
compass_bearing_2574_open_q1,compass_bearing_2574.png,"Read the compass rose in the corner, then compare the straight-line displacement between every pair of landmarks: name the two landmarks that lie closest together, and give the compass direction from the alphabetically earlier of them to the other, using only north, north-east, east, south-east, south, south-west, west or north-west. State your conclusion, justify it by describing the displacements you compared, and end with a confidence score from 0 to 1."
compass_bearing_2575_open_q1,compass_bearing_2575.png,"Read the compass rose in the corner, then compare the straight-line displacement between every pair of landmarks: name the two landmarks that lie closest together, and give the compass direction from the alphabetically earlier of them to the other, using only north, north-east, east, south-east, south, south-west, west or north-west. State your conclusion, justify it by describing the displacements you compared, and end with a confidence score from 0 to 1."
compass_bearing_2576_open_q1,compass_bearing_2576.png,"Read the compass rose in the corner, then compare the straight-line displacement between every pair of landmarks: name the two landmarks that lie closest together, and give the compass direction from the alphabetically earlier of them to the other, using only north, north-east, east, south-east, south, south-west, west or north-west. State your conclusion, justify it by describing the displacements you compared, and end with a confidence score from 0 to 1."
compass_bearing_2577_open_q1,compass_bearing_2577.png,"Read the compass rose in the corner, then compare the straight-line displacement between every pair of landmarks: name the two landmarks that lie closest together, and give the compass direction from the alphabetically earlier of them to the other, using only north, north-east, east, south-east, south, south-west, west or north-west. State your conclusion, justify it by describing the displacements you compared, and end with a confidence score from 0 to 1."
compass_bearing_2578_open_q1,compass_bearing_2578.png,"Read the compass rose in the corner, then compare the straight-line displacement between every pair of landmarks: name the two landmarks that lie closest together, and give the compass direction from the alphabetically earlier of them to the other, using only north, north-east, east, south-east, south, south-west, west or north-west. State your conclusion, justify it by describing the displacements you compared, and end with a confidence score from 0 to 1."
compass_bearing_2581_open_q1,compass_bearing_2581.png,"Read the compass rose in the corner, then compare the straight-line displacement between every pair of landmarks: name the two landmarks that lie closest together, and give the compass direction from the alphabetically earlier of them to the other, using only north, north-east, east, south-east, south, south-west, west or north-west. State your conclusion, justify it by describing the displacements you compared, and end with a confidence score from 0 to 1."
compass_bearing_2586_open_q1,compass_bearing_2586.png,"Read the compass rose in the corner, then compare the straight-line displacement between every pair of landmarks: name the two landmarks that lie closest together, and give the compass direction from the alphabetically earlier of them to the other, using only north, north-east, east, south-east, south, south-west, west or north-west. State your conclusion, justify it by describing the displacements you compared, and end with a confidence score from 0 to 1."
compass_bearing_2593_open_q1,compass_bearing_2593.png,"Read the compass rose in the corner, then compare the straight-line displacement between every pair of landmarks: name the two landmarks that lie closest together, and give the compass direction from the alphabetically earlier of them to the other, using only north, north-east, east, south-east, south, south-west, west or north-west. State your conclusion, justify it by describing the displacements you compared, and end with a confidence score from 0 to 1."
compass_bearing_2596_open_q1,compass_bearing_2596.png,"Read the compass rose in the corner, then compare the straight-line displacement between every pair of landmarks: name the two landmarks that lie closest together, and give the compass direction from the alphabetically earlier of them to the other, using only north, north-east, east, south-east, south, south-west, west or north-west. State your conclusion, justify it by describing the displacements you compared, and end with a confidence score from 0 to 1."
compass_bearing_2597_open_q1,compass_bearing_2597.png,"Read the compass rose in the corner, then compare the straight-line displacement between every pair of landmarks: name the two landmarks that lie closest together, and give the compass direction from the alphabetically earlier of them to the other, using only north, north-east, east, south-east, south, south-west, west or north-west. State your conclusion, justify it by describing the displacements you compared, and end with a confidence score from 0 to 1."
compass_bearing_2600_open_q1,compass_bearing_2600.png,"Read the compass rose in the corner, then compare the straight-line displacement between every pair of landmarks: name the two landmarks that lie closest together, and give the compass direction from the alphabetically earlier of them to the other, using only north, north-east, east, south-east, south, south-west, west or north-west. State your conclusion, justify it by describing the displacements you compared, and end with a confidence score from 0 to 1."
compass_bearing_2601_open_q1,compass_bearing_2601.png,"Read the compass rose in the corner, then compare the straight-line displacement between every pair of landmarks: name the two landmarks that lie closest together, and give the compass direction from the alphabetically earlier of them to the other, using only north, north-east, east, south-east, south, south-west, west or north-west. State your conclusion, justify it by describing the displacements you compared, and end with a confidence score from 0 to 1."
compass_bearing_2602_open_q1,compass_bearing_2602.png,"Read the compass rose in the corner, then compare the straight-line displacement between every pair of landmarks: name the two landmarks that lie closest together, and give the compass direction from the alphabetically earlier of them to the other, using only north, north-east, east, south-east, south, south-west, west or north-west. State your conclusion, justify it by describing the displacements you compared, and end with a confidence score from 0 to 1."
compass_bearing_2606_open_q1,compass_bearing_2606.png,"Read the compass rose in the corner, then compare the straight-line displacement between every pair of landmarks: name the two landmarks that lie closest together, and give the compass direction from the alphabetically earlier of them to the other, using only north, north-east, east, south-east, south, south-west, west or north-west. State your conclusion, justify it by describing the displacements you compared, and end with a confidence score from 0 to 1."
compass_bearing_2607_open_q1,compass_bearing_2607.png,"Read the compass rose in the corner, then compare the straight-line displacement between every pair of landmarks: name the two landmarks that lie closest together, and give the compass direction from the alphabetically earlier of them to the other, using only north, north-east, east, south-east, south, south-west, west or north-west. State your conclusion, justify it by describing the displacements you compared, and end with a confidence score from 0 to 1."
compass_bearing_2609_open_q1,compass_bearing_2609.png,"Read the compass rose in the corner, then compare the straight-line displacement between every pair of landmarks: name the two landmarks that lie closest together, and give the compass direction from the alphabetically earlier of them to the other, using only north, north-east, east, south-east, south, south-west, west or north-west. State your conclusion, justify it by describing the displacements you compared, and end with a confidence score from 0 to 1."
compass_bearing_2610_open_q1,compass_bearing_2610.png,"Read the compass rose in the corner, then compare the straight-line displacement between every pair of landmarks: name the two landmarks that lie closest together, and give the compass direction from the alphabetically earlier of them to the other, using only north, north-east, east, south-east, south, south-west, west or north-west. State your conclusion, justify it by describing the displacements you compared, and end with a confidence score from 0 to 1."
compass_bearing_2611_open_q1,compass_bearing_2611.png,"Read the compass rose in the corner, then compare the straight-line displacement between every pair of landmarks: name the two landmarks that lie closest together, and give the compass direction from the alphabetically earlier of them to the other, using only north, north-east, east, south-east, south, south-west, west or north-west. State your conclusion, justify it by describing the displacements you compared, and end with a confidence score from 0 to 1."
compass_bearing_2613_open_q1,compass_bearing_2613.png,"Read the compass rose in the corner, then compare the straight-line displacement between every pair of landmarks: name the two landmarks that lie closest together, and give the compass direction from the alphabetically earlier of them to the other, using only north, north-east, east, south-east, south, south-west, west or north-west. State your conclusion, justify it by describing the displacements you compared, and end with a confidence score from 0 to 1."
compass_bearing_2614_open_q1,compass_bearing_2614.png,"Read the compass rose in the corner, then compare the straight-line displacement between every pair of landmarks: name the two landmarks that lie closest together, and give the compass direction from the alphabetically earlier of them to the other, using only north, north-east, east, south-east, south, south-west, west or north-west. State your conclusion, justify it by describing the displacements you compared, and end with a confidence score from 0 to 1."
compass_bearing_2617_open_q1,compass_bearing_2617.png,"Read the compass rose in the corner, then compare the straight-line displacement between every pair of landmarks: name the two landmarks that lie closest together, and give the compass direction from the alphabetically earlier of them to the other, using only north, north-east, east, south-east, south, south-west, west or north-west. State your conclusion, justify it by describing the displacements you compared, and end with a confidence score from 0 to 1."
compass_bearing_2620_open_q1,compass_bearing_2620.png,"Read the compass rose in the corner, then compare the straight-line displacement between every pair of landmarks: name the two landmarks that lie closest together, and give the compass direction from the alphabetically earlier of them to the other, using only north, north-east, east, south-east, south, south-west, west or north-west. State your conclusion, justify it by describing the displacements you compared, and end with a confidence score from 0 to 1."
compass_bearing_2625_open_q1,compass_bearing_2625.png,"Read the compass rose in the corner, then compare the straight-line displacement between every pair of landmarks: name the two landmarks that lie closest together, and give the compass direction from the alphabetically earlier of them to the other, using only north, north-east, east, south-east, south, south-west, west or north-west. State your conclusion, justify it by describing the displacements you compared, and end with a confidence score from 0 to 1."
compass_bearing_2627_open_q1,compass_bearing_2627.png,"Read the compass rose in the corner, then compare the straight-line displacement between every pair of landmarks: name the two landmarks that lie closest together, and give the compass direction from the alphabetically earlier of them to the other, using only north, north-east, east, south-east, south, south-west, west or north-west. State your conclusion, justify it by describing the displacements you compared, and end with a confidence score from 0 to 1."
compass_bearing_2630_open_q1,compass_bearing_2630.png,"Read the compass rose in the corner, then compare the straight-line displacement between every pair of landmarks: name the two landmarks that lie closest together, and give the compass direction from the alphabetically earlier of them to the other, using only north, north-east, east, south-east, south, south-west, west or north-west. State your conclusion, justify it by describing the displacements you compared, and end with a confidence score from 0 to 1."
compass_bearing_2633_open_q1,compass_bearing_2633.png,"Read the compass rose in the corner, then compare the straight-line displacement between every pair of landmarks: name the two landmarks that lie closest together, and give the compass direction from the alphabetically earlier of them to the other, using only north, north-east, east, south-east, south, south-west, west or north-west. State your conclusion, justify it by describing the displacements you compared, and end with a confidence score from 0 to 1."
compass_bearing_2637_open_q1,compass_bearing_2637.png,"Read the compass rose in the corner, then compare the straight-line displacement between every pair of landmarks: name the two landmarks that lie closest together, and give the compass direction from the alphabetically earlier of them to the other, using only north, north-east, east, south-east, south, south-west, west or north-west. State your conclusion, justify it by describing the displacements you compared, and end with a confidence score from 0 to 1."
compass_bearing_2638_open_q1,compass_bearing_2638.png,"Read the compass rose in the corner, then compare the straight-line displacement between every pair of landmarks: name the two landmarks that lie closest together, and give the compass direction from the alphabetically earlier of them to the other, using only north, north-east, east, south-east, south, south-west, west or north-west. State your conclusion, justify it by describing the displacements you compared, and end with a confidence score from 0 to 1."
compass_bearing_2644_open_q1,compass_bearing_2644.png,"Read the compass rose in the corner, then compare the straight-line displacement between every pair of landmarks: name the two landmarks that lie closest together, and give the compass direction from the alphabetically earlier of them to the other, using only north, north-east, east, south-east, south, south-west, west or north-west. State your conclusion, justify it by describing the displacements you compared, and end with a confidence score from 0 to 1."
compass_bearing_2650_open_q1,compass_bearing_2650.png,"Read the compass rose in the corner, then compare the straight-line displacement between every pair of landmarks: name the two landmarks that lie closest together, and give the compass direction from the alphabetically earlier of them to the other, using only north, north-east, east, south-east, south, south-west, west or north-west. State your conclusion, justify it by describing the displacements you compared, and end with a confidence score from 0 to 1."
compass_bearing_2652_open_q1,compass_bearing_2652.png,"Read the compass rose in the corner, then compare the straight-line displacement between every pair of landmarks: name the two landmarks that lie closest together, and give the compass direction from the alphabetically earlier of them to the other, using only north, north-east, east, south-east, south, south-west, west or north-west. State your conclusion, justify it by describing the displacements you compared, and end with a confidence score from 0 to 1."
compass_bearing_2656_open_q1,compass_bearing_2656.png,"Read the compass rose in the corner, then compare the straight-line displacement between every pair of landmarks: name the two landmarks that lie closest together, and give the compass direction from the alphabetically earlier of them to the other, using only north, north-east, east, south-east, south, south-west, west or north-west. State your conclusion, justify it by describing the displacements you compared, and end with a confidence score from 0 to 1."
compass_bearing_2664_open_q1,compass_bearing_2664.png,"Read the compass rose in the corner, then compare the straight-line displacement between every pair of landmarks: name the two landmarks that lie closest together, and give the compass direction from the alphabetically earlier of them to the other, using only north, north-east, east, south-east, south, south-west, west or north-west. State your conclusion, justify it by describing the displacements you compared, and end with a confidence score from 0 to 1."
compass_bearing_2667_open_q1,compass_bearing_2667.png,"Read the compass rose in the corner, then compare the straight-line displacement between every pair of landmarks: name the two landmarks that lie closest together, and give the compass direction from the alphabetically earlier of them to the other, using only north, north-east, east, south-east, south, south-west, west or north-west. State your conclusion, justify it by describing the displacements you compared, and end with a confidence score from 0 to 1."
compass_bearing_2670_open_q1,compass_bearing_2670.png,"Read the compass rose in the corner, then compare the straight-line displacement between every pair of landmarks: name the two landmarks that lie closest together, and give the compass direction from the alphabetically earlier of them to the other, using only north, north-east, east, south-east, south, south-west, west or north-west. State your conclusion, justify it by describing the displacements you compared, and end with a confidence score from 0 to 1."
compass_bearing_2677_open_q1,compass_bearing_2677.png,"Read the compass rose in the corner, then compare the straight-line displacement between every pair of landmarks: name the two landmarks that lie closest together, and give the compass direction from the alphabetically earlier of them to the other, using only north, north-east, east, south-east, south, south-west, west or north-west. State your conclusion, justify it by describing the displacements you compared, and end with a confidence score from 0 to 1."
compass_bearing_2679_open_q1,compass_bearing_2679.png,"Read the compass rose in the corner, then compare the straight-line displacement between every pair of landmarks: name the two landmarks that lie closest together, and give the compass direction from the alphabetically earlier of them to the other, using only north, north-east, east, south-east, south, south-west, west or north-west. State your conclusion, justify it by describing the displacements you compared, and end with a confidence score from 0 to 1."
compass_bearing_2682_open_q1,compass_bearing_2682.png,"Read the compass rose in the corner, then compare the straight-line displacement between every pair of landmarks: name the two landmarks that lie closest together, and give the compass direction from the alphabetically earlier of them to the other, using only north, north-east, east, south-east, south, south-west, west or north-west. State your conclusion, justify it by describing the displacements you compared, and end with a confidence score from 0 to 1."
compass_bearing_2683_open_q1,compass_bearing_2683.png,"Read the compass rose in the corner, then compare the straight-line displacement between every pair of landmarks: name the two landmarks that lie closest together, and give the compass direction from the alphabetically earlier of them to the other, using only north, north-east, east, south-east, south, south-west, west or north-west. State your conclusion, justify it by describing the displacements you compared, and end with a confidence score from 0 to 1."
compass_bearing_2688_open_q1,compass_bearing_2688.png,"Read the compass rose in the corner, then compare the straight-line displacement between every pair of landmarks: name the two landmarks that lie closest together, and give the compass direction from the alphabetically earlier of them to the other, using only north, north-east, east, south-east, south, south-west, west or north-west. State your conclusion, justify it by describing the displacements you compared, and end with a confidence score from 0 to 1."
compass_bearing_2689_open_q1,compass_bearing_2689.png,"Read the compass rose in the corner, then compare the straight-line displacement between every pair of landmarks: name the two landmarks that lie closest together, and give the compass direction from the alphabetically earlier of them to the other, using only north, north-east, east, south-east, south, south-west, west or north-west. State your conclusion, justify it by describing the displacements you compared, and end with a confidence score from 0 to 1."
compass_bearing_2690_open_q1,compass_bearing_2690.png,"Read the compass rose in the corner, then compare the straight-line displacement between every pair of landmarks: name the two landmarks that lie closest together, and give the compass direction from the alphabetically earlier of them to the other, using only north, north-east, east, south-east, south, south-west, west or north-west. State your conclusion, justify it by describing the displacements you compared, and end with a confidence score from 0 to 1."
compass_bearing_2692_open_q1,compass_bearing_2692.png,"Read the compass rose in the corner, then compare the straight-line displacement between every pair of landmarks: name the two landmarks that lie closest together, and give the compass direction from the alphabetically earlier of them to the other, using only north, north-east, east, south-east, south, south-west, west or north-west. State your conclusion, justify it by describing the displacements you compared, and end with a confidence score from 0 to 1."
compass_bearing_2698_open_q1,compass_bearing_2698.png,"Read the compass rose in the corner, then compare the straight-line displacement between every pair of landmarks: name the two landmarks that lie closest together, and give the compass direction from the alphabetically earlier of them to the other, using only north, north-east, east, south-east, south, south-west, west or north-west. State your conclusion, justify it by describing the displacements you compared, and end with a confidence score from 0 to 1."
compass_bearing_2699_open_q1,compass_bearing_2699.png,"Read the compass rose in the corner, then compare the straight-line displacement between every pair of landmarks: name the two landmarks that lie closest together, and give the compass direction from the alphabetically earlier of them to the other, using only north, north-east, east, south-east, south, south-west, west or north-west. State your conclusion, justify it by describing the displacements you compared, and end with a confidence score from 0 to 1."
compass_bearing_2700_open_q1,compass_bearing_2700.png,"Read the compass rose in the corner, then compare the straight-line displacement between every pair of landmarks: name the two landmarks that lie closest together, and give the compass direction from the alphabetically earlier of them to the other, using only north, north-east, east, south-east, south, south-west, west or north-west. State your conclusion, justify it by describing the displacements you compared, and end with a confidence score from 0 to 1."
compass_bearing_2701_open_q1,compass_bearing_2701.png,"Read the compass rose in the corner, then compare the straight-line displacement between every pair of landmarks: name the two landmarks that lie closest together, and give the compass direction from the alphabetically earlier of them to the other, using only north, north-east, east, south-east, south, south-west, west or north-west. State your conclusion, justify it by describing the displacements you compared, and end with a confidence score from 0 to 1."
compass_bearing_2707_open_q1,compass_bearing_2707.png,"Read the compass rose in the corner, then compare the straight-line displacement between every pair of landmarks: name the two landmarks that lie closest together, and give the compass direction from the alphabetically earlier of them to the other, using only north, north-east, east, south-east, south, south-west, west or north-west. State your conclusion, justify it by describing the displacements you compared, and end with a confidence score from 0 to 1."
compass_bearing_2710_open_q1,compass_bearing_2710.png,"Read the compass rose in the corner, then compare the straight-line displacement between every pair of landmarks: name the two landmarks that lie closest together, and give the compass direction from the alphabetically earlier of them to the other, using only north, north-east, east, south-east, south, south-west, west or north-west. State your conclusion, justify it by describing the displacements you compared, and end with a confidence score from 0 to 1."
compass_bearing_2713_open_q1,compass_bearing_2713.png,"Read the compass rose in the corner, then compare the straight-line displacement between every pair of landmarks: name the two landmarks that lie closest together, and give the compass direction from the alphabetically earlier of them to the other, using only north, north-east, east, south-east, south, south-west, west or north-west. State your conclusion, justify it by describing the displacements you compared, and end with a confidence score from 0 to 1."
compass_bearing_2714_open_q1,compass_bearing_2714.png,"Read the compass rose in the corner, then compare the straight-line displacement between every pair of landmarks: name the two landmarks that lie closest together, and give the compass direction from the alphabetically earlier of them to the other, using only north, north-east, east, south-east, south, south-west, west or north-west. State your conclusion, justify it by describing the displacements you compared, and end with a confidence score from 0 to 1."
compass_bearing_2720_open_q1,compass_bearing_2720.png,"Read the compass rose in the corner, then compare the straight-line displacement between every pair of landmarks: name the two landmarks that lie closest together, and give the compass direction from the alphabetically earlier of them to the other, using only north, north-east, east, south-east, south, south-west, west or north-west. State your conclusion, justify it by describing the displacements you compared, and end with a confidence score from 0 to 1."
compass_bearing_2727_open_q1,compass_bearing_2727.png,"Read the compass rose in the corner, then compare the straight-line displacement between every pair of landmarks: name the two landmarks that lie closest together, and give the compass direction from the alphabetically earlier of them to the other, using only north, north-east, east, south-east, south, south-west, west or north-west. State your conclusion, justify it by describing the displacements you compared, and end with a confidence score from 0 to 1."
compass_bearing_2731_open_q1,compass_bearing_2731.png,"Read the compass rose in the corner, then compare the straight-line displacement between every pair of landmarks: name the two landmarks that lie closest together, and give the compass direction from the alphabetically earlier of them to the other, using only north, north-east, east, south-east, south, south-west, west or north-west. State your conclusion, justify it by describing the displacements you compared, and end with a confidence score from 0 to 1."
compass_bearing_2733_open_q1,compass_bearing_2733.png,"Read the compass rose in the corner, then compare the straight-line displacement between every pair of landmarks: name the two landmarks that lie closest together, and give the compass direction from the alphabetically earlier of them to the other, using only north, north-east, east, south-east, south, south-west, west or north-west. State your conclusion, justify it by describing the displacements you compared, and end with a confidence score from 0 to 1."
compass_bearing_2735_open_q1,compass_bearing_2735.png,"Read the compass rose in the corner, then compare the straight-line displacement between every pair of landmarks: name the two landmarks that lie closest together, and give the compass direction from the alphabetically earlier of them to the other, using only north, north-east, east, south-east, south, south-west, west or north-west. State your conclusion, justify it by describing the displacements you compared, and end with a confidence score from 0 to 1."
compass_bearing_2736_open_q1,compass_bearing_2736.png,"Read the compass rose in the corner, then compare the straight-line displacement between every pair of landmarks: name the two landmarks that lie closest together, and give the compass direction from the alphabetically earlier of them to the other, using only north, north-east, east, south-east, south, south-west, west or north-west. State your conclusion, justify it by describing the displacements you compared, and end with a confidence score from 0 to 1."
compass_bearing_2740_open_q1,compass_bearing_2740.png,"Read the compass rose in the corner, then compare the straight-line displacement between every pair of landmarks: name the two landmarks that lie closest together, and give the compass direction from the alphabetically earlier of them to the other, using only north, north-east, east, south-east, south, south-west, west or north-west. State your conclusion, justify it by describing the displacements you compared, and end with a confidence score from 0 to 1."
compass_bearing_2741_open_q1,compass_bearing_2741.png,"Read the compass rose in the corner, then compare the straight-line displacement between every pair of landmarks: name the two landmarks that lie closest together, and give the compass direction from the alphabetically earlier of them to the other, using only north, north-east, east, south-east, south, south-west, west or north-west. State your conclusion, justify it by describing the displacements you compared, and end with a confidence score from 0 to 1."
compass_bearing_2747_open_q1,compass_bearing_2747.png,"Read the compass rose in the corner, then compare the straight-line displacement between every pair of landmarks: name the two landmarks that lie closest together, and give the compass direction from the alphabetically earlier of them to the other, using only north, north-east, east, south-east, south, south-west, west or north-west. State your conclusion, justify it by describing the displacements you compared, and end with a confidence score from 0 to 1."
compass_bearing_2749_open_q1,compass_bearing_2749.png,"Read the compass rose in the corner, then compare the straight-line displacement between every pair of landmarks: name the two landmarks that lie closest together, and give the compass direction from the alphabetically earlier of them to the other, using only north, north-east, east, south-east, south, south-west, west or north-west. State your conclusion, justify it by describing the displacements you compared, and end with a confidence score from 0 to 1."
compass_bearing_2750_open_q1,compass_bearing_2750.png,"Read the compass rose in the corner, then compare the straight-line displacement between every pair of landmarks: name the two landmarks that lie closest together, and give the compass direction from the alphabetically earlier of them to the other, using only north, north-east, east, south-east, south, south-west, west or north-west. State your conclusion, justify it by describing the displacements you compared, and end with a confidence score from 0 to 1."
compass_bearing_2751_open_q1,compass_bearing_2751.png,"Read the compass rose in the corner, then compare the straight-line displacement between every pair of landmarks: name the two landmarks that lie closest together, and give the compass direction from the alphabetically earlier of them to the other, using only north, north-east, east, south-east, south, south-west, west or north-west. State your conclusion, justify it by describing the displacements you compared, and end with a confidence score from 0 to 1."
compass_bearing_2757_open_q1,compass_bearing_2757.png,"Read the compass rose in the corner, then compare the straight-line displacement between every pair of landmarks: name the two landmarks that lie closest together, and give the compass direction from the alphabetically earlier of them to the other, using only north, north-east, east, south-east, south, south-west, west or north-west. State your conclusion, justify it by describing the displacements you compared, and end with a confidence score from 0 to 1."
compass_bearing_2760_open_q1,compass_bearing_2760.png,"Read the compass rose in the corner, then compare the straight-line displacement between every pair of landmarks: name the two landmarks that lie closest together, and give the compass direction from the alphabetically earlier of them to the other, using only north, north-east, east, south-east, south, south-west, west or north-west. State your conclusion, justify it by describing the displacements you compared, and end with a confidence score from 0 to 1."
compass_bearing_2762_open_q1,compass_bearing_2762.png,"Read the compass rose in the corner, then compare the straight-line displacement between every pair of landmarks: name the two landmarks that lie closest together, and give the compass direction from the alphabetically earlier of them to the other, using only north, north-east, east, south-east, south, south-west, west or north-west. State your conclusion, justify it by describing the displacements you compared, and end with a confidence score from 0 to 1."
compass_bearing_2765_open_q1,compass_bearing_2765.png,"Read the compass rose in the corner, then compare the straight-line displacement between every pair of landmarks: name the two landmarks that lie closest together, and give the compass direction from the alphabetically earlier of them to the other, using only north, north-east, east, south-east, south, south-west, west or north-west. State your conclusion, justify it by describing the displacements you compared, and end with a confidence score from 0 to 1."
compass_bearing_2767_open_q1,compass_bearing_2767.png,"Read the compass rose in the corner, then compare the straight-line displacement between every pair of landmarks: name the two landmarks that lie closest together, and give the compass direction from the alphabetically earlier of them to the other, using only north, north-east, east, south-east, south, south-west, west or north-west. State your conclusion, justify it by describing the displacements you compared, and end with a confidence score from 0 to 1."
compass_bearing_2770_open_q1,compass_bearing_2770.png,"Read the compass rose in the corner, then compare the straight-line displacement between every pair of landmarks: name the two landmarks that lie closest together, and give the compass direction from the alphabetically earlier of them to the other, using only north, north-east, east, south-east, south, south-west, west or north-west. State your conclusion, justify it by describing the displacements you compared, and end with a confidence score from 0 to 1."
compass_bearing_2773_open_q1,compass_bearing_2773.png,"Read the compass rose in the corner, then compare the straight-line displacement between every pair of landmarks: name the two landmarks that lie closest together, and give the compass direction from the alphabetically earlier of them to the other, using only north, north-east, east, south-east, south, south-west, west or north-west. State your conclusion, justify it by describing the displacements you compared, and end with a confidence score from 0 to 1."
compass_bearing_2775_open_q1,compass_bearing_2775.png,"Read the compass rose in the corner, then compare the straight-line displacement between every pair of landmarks: name the two landmarks that lie closest together, and give the compass direction from the alphabetically earlier of them to the other, using only north, north-east, east, south-east, south, south-west, west or north-west. State your conclusion, justify it by describing the displacements you compared, and end with a confidence score from 0 to 1."
compass_bearing_2777_open_q1,compass_bearing_2777.png,"Read the compass rose in the corner, then compare the straight-line displacement between every pair of landmarks: name the two landmarks that lie closest together, and give the compass direction from the alphabetically earlier of them to the other, using only north, north-east, east, south-east, south, south-west, west or north-west. State your conclusion, justify it by describing the displacements you compared, and end with a confidence score from 0 to 1."
compass_bearing_2779_open_q1,compass_bearing_2779.png,"Read the compass rose in the corner, then compare the straight-line displacement between every pair of landmarks: name the two landmarks that lie closest together, and give the compass direction from the alphabetically earlier of them to the other, using only north, north-east, east, south-east, south, south-west, west or north-west. State your conclusion, justify it by describing the displacements you compared, and end with a confidence score from 0 to 1."
compass_bearing_2780_open_q1,compass_bearing_2780.png,"Read the compass rose in the corner, then compare the straight-line displacement between every pair of landmarks: name the two landmarks that lie closest together, and give the compass direction from the alphabetically earlier of them to the other, using only north, north-east, east, south-east, south, south-west, west or north-west. State your conclusion, justify it by describing the displacements you compared, and end with a confidence score from 0 to 1."
compass_bearing_2781_open_q1,compass_bearing_2781.png,"Read the compass rose in the corner, then compare the straight-line displacement between every pair of landmarks: name the two landmarks that lie closest together, and give the compass direction from the alphabetically earlier of them to the other, using only north, north-east, east, south-east, south, south-west, west or north-west. State your conclusion, justify it by describing the displacements you compared, and end with a confidence score from 0 to 1."
compass_bearing_2782_open_q1,compass_bearing_2782.png,"Read the compass rose in the corner, then compare the straight-line displacement between every pair of landmarks: name the two landmarks that lie closest together, and give the compass direction from the alphabetically earlier of them to the other, using only north, north-east, east, south-east, south, south-west, west or north-west. State your conclusion, justify it by describing the displacements you compared, and end with a confidence score from 0 to 1."
compass_bearing_2790_open_q1,compass_bearing_2790.png,"Read the compass rose in the corner, then compare the straight-line displacement between every pair of landmarks: name the two landmarks that lie closest together, and give the compass direction from the alphabetically earlier of them to the other, using only north, north-east, east, south-east, south, south-west, west or north-west. State your conclusion, justify it by describing the displacements you compared, and end with a confidence score from 0 to 1."
compass_bearing_2794_open_q1,compass_bearing_2794.png,"Read the compass rose in the corner, then compare the straight-line displacement between every pair of landmarks: name the two landmarks that lie closest together, and give the compass direction from the alphabetically earlier of them to the other, using only north, north-east, east, south-east, south, south-west, west or north-west. State your conclusion, justify it by describing the displacements you compared, and end with a confidence score from 0 to 1."
compass_bearing_2796_open_q1,compass_bearing_2796.png,"Read the compass rose in the corner, then compare the straight-line displacement between every pair of landmarks: name the two landmarks that lie closest together, and give the compass direction from the alphabetically earlier of them to the other, using only north, north-east, east, south-east, south, south-west, west or north-west. State your conclusion, justify it by describing the displacements you compared, and end with a confidence score from 0 to 1."
compass_bearing_2797_open_q1,compass_bearing_2797.png,"Read the compass rose in the corner, then compare the straight-line displacement between every pair of landmarks: name the two landmarks that lie closest together, and give the compass direction from the alphabetically earlier of them to the other, using only north, north-east, east, south-east, south, south-west, west or north-west. State your conclusion, justify it by describing the displacements you compared, and end with a confidence score from 0 to 1."
compass_bearing_2798_open_q1,compass_bearing_2798.png,"Read the compass rose in the corner, then compare the straight-line displacement between every pair of landmarks: name the two landmarks that lie closest together, and give the compass direction from the alphabetically earlier of them to the other, using only north, north-east, east, south-east, south, south-west, west or north-west. State your conclusion, justify it by describing the displacements you compared, and end with a confidence score from 0 to 1."
compass_bearing_2799_open_q1,compass_bearing_2799.png,"Read the compass rose in the corner, then compare the straight-line displacement between every pair of landmarks: name the two landmarks that lie closest together, and give the compass direction from the alphabetically earlier of them to the other, using only north, north-east, east, south-east, south, south-west, west or north-west. State your conclusion, justify it by describing the displacements you compared, and end with a confidence score from 0 to 1."
compass_bearing_2802_open_q1,compass_bearing_2802.png,"Read the compass rose in the corner, then compare the straight-line displacement between every pair of landmarks: name the two landmarks that lie closest together, and give the compass direction from the alphabetically earlier of them to the other, using only north, north-east, east, south-east, south, south-west, west or north-west. State your conclusion, justify it by describing the displacements you compared, and end with a confidence score from 0 to 1."
compass_bearing_2805_open_q1,compass_bearing_2805.png,"Read the compass rose in the corner, then compare the straight-line displacement between every pair of landmarks: name the two landmarks that lie closest together, and give the compass direction from the alphabetically earlier of them to the other, using only north, north-east, east, south-east, south, south-west, west or north-west. State your conclusion, justify it by describing the displacements you compared, and end with a confidence score from 0 to 1."
compass_bearing_2808_open_q1,compass_bearing_2808.png,"Read the compass rose in the corner, then compare the straight-line displacement between every pair of landmarks: name the two landmarks that lie closest together, and give the compass direction from the alphabetically earlier of them to the other, using only north, north-east, east, south-east, south, south-west, west or north-west. State your conclusion, justify it by describing the displacements you compared, and end with a confidence score from 0 to 1."
compass_bearing_2810_open_q1,compass_bearing_2810.png,"Read the compass rose in the corner, then compare the straight-line displacement between every pair of landmarks: name the two landmarks that lie closest together, and give the compass direction from the alphabetically earlier of them to the other, using only north, north-east, east, south-east, south, south-west, west or north-west. State your conclusion, justify it by describing the displacements you compared, and end with a confidence score from 0 to 1."
compass_bearing_2812_open_q1,compass_bearing_2812.png,"Read the compass rose in the corner, then compare the straight-line displacement between every pair of landmarks: name the two landmarks that lie closest together, and give the compass direction from the alphabetically earlier of them to the other, using only north, north-east, east, south-east, south, south-west, west or north-west. State your conclusion, justify it by describing the displacements you compared, and end with a confidence score from 0 to 1."
compass_bearing_2813_open_q1,compass_bearing_2813.png,"Read the compass rose in the corner, then compare the straight-line displacement between every pair of landmarks: name the two landmarks that lie closest together, and give the compass direction from the alphabetically earlier of them to the other, using only north, north-east, east, south-east, south, south-west, west or north-west. State your conclusion, justify it by describing the displacements you compared, and end with a confidence score from 0 to 1."
compass_bearing_2814_open_q1,compass_bearing_2814.png,"Read the compass rose in the corner, then compare the straight-line displacement between every pair of landmarks: name the two landmarks that lie closest together, and give the compass direction from the alphabetically earlier of them to the other, using only north, north-east, east, south-east, south, south-west, west or north-west. State your conclusion, justify it by describing the displacements you compared, and end with a confidence score from 0 to 1."
compass_bearing_2815_open_q1,compass_bearing_2815.png,"Read the compass rose in the corner, then compare the straight-line displacement between every pair of landmarks: name the two landmarks that lie closest together, and give the compass direction from the alphabetically earlier of them to the other, using only north, north-east, east, south-east, south, south-west, west or north-west. State your conclusion, justify it by describing the displacements you compared, and end with a confidence score from 0 to 1."
compass_bearing_2819_open_q1,compass_bearing_2819.png,"Read the compass rose in the corner, then compare the straight-line displacement between every pair of landmarks: name the two landmarks that lie closest together, and give the compass direction from the alphabetically earlier of them to the other, using only north, north-east, east, south-east, south, south-west, west or north-west. State your conclusion, justify it by describing the displacements you compared, and end with a confidence score from 0 to 1."
compass_bearing_2826_open_q1,compass_bearing_2826.png,"Read the compass rose in the corner, then compare the straight-line displacement between every pair of landmarks: name the two landmarks that lie closest together, and give the compass direction from the alphabetically earlier of them to the other, using only north, north-east, east, south-east, south, south-west, west or north-west. State your conclusion, justify it by describing the displacements you compared, and end with a confidence score from 0 to 1."
compass_bearing_2827_open_q1,compass_bearing_2827.png,"Read the compass rose in the corner, then compare the straight-line displacement between every pair of landmarks: name the two landmarks that lie closest together, and give the compass direction from the alphabetically earlier of them to the other, using only north, north-east, east, south-east, south, south-west, west or north-west. State your conclusion, justify it by describing the displacements you compared, and end with a confidence score from 0 to 1."
compass_bearing_2829_open_q1,compass_bearing_2829.png,"Read the compass rose in the corner, then compare the straight-line displacement between every pair of landmarks: name the two landmarks that lie closest together, and give the compass direction from the alphabetically earlier of them to the other, using only north, north-east, east, south-east, south, south-west, west or north-west. State your conclusion, justify it by describing the displacements you compared, and end with a confidence score from 0 to 1."
compass_bearing_2832_open_q1,compass_bearing_2832.png,"Read the compass rose in the corner, then compare the straight-line displacement between every pair of landmarks: name the two landmarks that lie closest together, and give the compass direction from the alphabetically earlier of them to the other, using only north, north-east, east, south-east, south, south-west, west or north-west. State your conclusion, justify it by describing the displacements you compared, and end with a confidence score from 0 to 1."
compass_bearing_2836_open_q1,compass_bearing_2836.png,"Read the compass rose in the corner, then compare the straight-line displacement between every pair of landmarks: name the two landmarks that lie closest together, and give the compass direction from the alphabetically earlier of them to the other, using only north, north-east, east, south-east, south, south-west, west or north-west. State your conclusion, justify it by describing the displacements you compared, and end with a confidence score from 0 to 1."
compass_bearing_2837_open_q1,compass_bearing_2837.png,"Read the compass rose in the corner, then compare the straight-line displacement between every pair of landmarks: name the two landmarks that lie closest together, and give the compass direction from the alphabetically earlier of them to the other, using only north, north-east, east, south-east, south, south-west, west or north-west. State your conclusion, justify it by describing the displacements you compared, and end with a confidence score from 0 to 1."
compass_bearing_2838_open_q1,compass_bearing_2838.png,"Read the compass rose in the corner, then compare the straight-line displacement between every pair of landmarks: name the two landmarks that lie closest together, and give the compass direction from the alphabetically earlier of them to the other, using only north, north-east, east, south-east, south, south-west, west or north-west. State your conclusion, justify it by describing the displacements you compared, and end with a confidence score from 0 to 1."
compass_bearing_2840_open_q1,compass_bearing_2840.png,"Read the compass rose in the corner, then compare the straight-line displacement between every pair of landmarks: name the two landmarks that lie closest together, and give the compass direction from the alphabetically earlier of them to the other, using only north, north-east, east, south-east, south, south-west, west or north-west. State your conclusion, justify it by describing the displacements you compared, and end with a confidence score from 0 to 1."
compass_bearing_2842_open_q1,compass_bearing_2842.png,"Read the compass rose in the corner, then compare the straight-line displacement between every pair of landmarks: name the two landmarks that lie closest together, and give the compass direction from the alphabetically earlier of them to the other, using only north, north-east, east, south-east, south, south-west, west or north-west. State your conclusion, justify it by describing the displacements you compared, and end with a confidence score from 0 to 1."
compass_bearing_2845_open_q1,compass_bearing_2845.png,"Read the compass rose in the corner, then compare the straight-line displacement between every pair of landmarks: name the two landmarks that lie closest together, and give the compass direction from the alphabetically earlier of them to the other, using only north, north-east, east, south-east, south, south-west, west or north-west. State your conclusion, justify it by describing the displacements you compared, and end with a confidence score from 0 to 1."
compass_bearing_2849_open_q1,compass_bearing_2849.png,"Read the compass rose in the corner, then compare the straight-line displacement between every pair of landmarks: name the two landmarks that lie closest together, and give the compass direction from the alphabetically earlier of them to the other, using only north, north-east, east, south-east, south, south-west, west or north-west. State your conclusion, justify it by describing the displacements you compared, and end with a confidence score from 0 to 1."
compass_bearing_2850_open_q1,compass_bearing_2850.png,"Read the compass rose in the corner, then compare the straight-line displacement between every pair of landmarks: name the two landmarks that lie closest together, and give the compass direction from the alphabetically earlier of them to the other, using only north, north-east, east, south-east, south, south-west, west or north-west. State your conclusion, justify it by describing the displacements you compared, and end with a confidence score from 0 to 1."
compass_bearing_2851_open_q1,compass_bearing_2851.png,"Read the compass rose in the corner, then compare the straight-line displacement between every pair of landmarks: name the two landmarks that lie closest together, and give the compass direction from the alphabetically earlier of them to the other, using only north, north-east, east, south-east, south, south-west, west or north-west. State your conclusion, justify it by describing the displacements you compared, and end with a confidence score from 0 to 1."
compass_bearing_2861_open_q1,compass_bearing_2861.png,"Read the compass rose in the corner, then compare the straight-line displacement between every pair of landmarks: name the two landmarks that lie closest together, and give the compass direction from the alphabetically earlier of them to the other, using only north, north-east, east, south-east, south, south-west, west or north-west. State your conclusion, justify it by describing the displacements you compared, and end with a confidence score from 0 to 1."
compass_bearing_2867_open_q1,compass_bearing_2867.png,"Read the compass rose in the corner, then compare the straight-line displacement between every pair of landmarks: name the two landmarks that lie closest together, and give the compass direction from the alphabetically earlier of them to the other, using only north, north-east, east, south-east, south, south-west, west or north-west. State your conclusion, justify it by describing the displacements you compared, and end with a confidence score from 0 to 1."
compass_bearing_2868_open_q1,compass_bearing_2868.png,"Read the compass rose in the corner, then compare the straight-line displacement between every pair of landmarks: name the two landmarks that lie closest together, and give the compass direction from the alphabetically earlier of them to the other, using only north, north-east, east, south-east, south, south-west, west or north-west. State your conclusion, justify it by describing the displacements you compared, and end with a confidence score from 0 to 1."
compass_bearing_2870_open_q1,compass_bearing_2870.png,"Read the compass rose in the corner, then compare the straight-line displacement between every pair of landmarks: name the two landmarks that lie closest together, and give the compass direction from the alphabetically earlier of them to the other, using only north, north-east, east, south-east, south, south-west, west or north-west. State your conclusion, justify it by describing the displacements you compared, and end with a confidence score from 0 to 1."
compass_bearing_2871_open_q1,compass_bearing_2871.png,"Read the compass rose in the corner, then compare the straight-line displacement between every pair of landmarks: name the two landmarks that lie closest together, and give the compass direction from the alphabetically earlier of them to the other, using only north, north-east, east, south-east, south, south-west, west or north-west. State your conclusion, justify it by describing the displacements you compared, and end with a confidence score from 0 to 1."
compass_bearing_2876_open_q1,compass_bearing_2876.png,"Read the compass rose in the corner, then compare the straight-line displacement between every pair of landmarks: name the two landmarks that lie closest together, and give the compass direction from the alphabetically earlier of them to the other, using only north, north-east, east, south-east, south, south-west, west or north-west. State your conclusion, justify it by describing the displacements you compared, and end with a confidence score from 0 to 1."
compass_bearing_2879_open_q1,compass_bearing_2879.png,"Read the compass rose in the corner, then compare the straight-line displacement between every pair of landmarks: name the two landmarks that lie closest together, and give the compass direction from the alphabetically earlier of them to the other, using only north, north-east, east, south-east, south, south-west, west or north-west. State your conclusion, justify it by describing the displacements you compared, and end with a confidence score from 0 to 1."
compass_bearing_2880_open_q1,compass_bearing_2880.png,"Read the compass rose in the corner, then compare the straight-line displacement between every pair of landmarks: name the two landmarks that lie closest together, and give the compass direction from the alphabetically earlier of them to the other, using only north, north-east, east, south-east, south, south-west, west or north-west. State your conclusion, justify it by describing the displacements you compared, and end with a confidence score from 0 to 1."
compass_bearing_2882_open_q1,compass_bearing_2882.png,"Read the compass rose in the corner, then compare the straight-line displacement between every pair of landmarks: name the two landmarks that lie closest together, and give the compass direction from the alphabetically earlier of them to the other, using only north, north-east, east, south-east, south, south-west, west or north-west. State your conclusion, justify it by describing the displacements you compared, and end with a confidence score from 0 to 1."
compass_bearing_2886_open_q1,compass_bearing_2886.png,"Read the compass rose in the corner, then compare the straight-line displacement between every pair of landmarks: name the two landmarks that lie closest together, and give the compass direction from the alphabetically earlier of them to the other, using only north, north-east, east, south-east, south, south-west, west or north-west. State your conclusion, justify it by describing the displacements you compared, and end with a confidence score from 0 to 1."
compass_bearing_2889_open_q1,compass_bearing_2889.png,"Read the compass rose in the corner, then compare the straight-line displacement between every pair of landmarks: name the two landmarks that lie closest together, and give the compass direction from the alphabetically earlier of them to the other, using only north, north-east, east, south-east, south, south-west, west or north-west. State your conclusion, justify it by describing the displacements you compared, and end with a confidence score from 0 to 1."
compass_bearing_2890_open_q1,compass_bearing_2890.png,"Read the compass rose in the corner, then compare the straight-line displacement between every pair of landmarks: name the two landmarks that lie closest together, and give the compass direction from the alphabetically earlier of them to the other, using only north, north-east, east, south-east, south, south-west, west or north-west. State your conclusion, justify it by describing the displacements you compared, and end with a confidence score from 0 to 1."
compass_bearing_2894_open_q1,compass_bearing_2894.png,"Read the compass rose in the corner, then compare the straight-line displacement between every pair of landmarks: name the two landmarks that lie closest together, and give the compass direction from the alphabetically earlier of them to the other, using only north, north-east, east, south-east, south, south-west, west or north-west. State your conclusion, justify it by describing the displacements you compared, and end with a confidence score from 0 to 1."
compass_bearing_2895_open_q1,compass_bearing_2895.png,"Read the compass rose in the corner, then compare the straight-line displacement between every pair of landmarks: name the two landmarks that lie closest together, and give the compass direction from the alphabetically earlier of them to the other, using only north, north-east, east, south-east, south, south-west, west or north-west. State your conclusion, justify it by describing the displacements you compared, and end with a confidence score from 0 to 1."
compass_bearing_2898_open_q1,compass_bearing_2898.png,"Read the compass rose in the corner, then compare the straight-line displacement between every pair of landmarks: name the two landmarks that lie closest together, and give the compass direction from the alphabetically earlier of them to the other, using only north, north-east, east, south-east, south, south-west, west or north-west. State your conclusion, justify it by describing the displacements you compared, and end with a confidence score from 0 to 1."
compass_bearing_2899_open_q1,compass_bearing_2899.png,"Read the compass rose in the corner, then compare the straight-line displacement between every pair of landmarks: name the two landmarks that lie closest together, and give the compass direction from the alphabetically earlier of them to the other, using only north, north-east, east, south-east, south, south-west, west or north-west. State your conclusion, justify it by describing the displacements you compared, and end with a confidence score from 0 to 1."
compass_bearing_2903_open_q1,compass_bearing_2903.png,"Read the compass rose in the corner, then compare the straight-line displacement between every pair of landmarks: name the two landmarks that lie closest together, and give the compass direction from the alphabetically earlier of them to the other, using only north, north-east, east, south-east, south, south-west, west or north-west. State your conclusion, justify it by describing the displacements you compared, and end with a confidence score from 0 to 1."
compass_bearing_2908_open_q1,compass_bearing_2908.png,"Read the compass rose in the corner, then compare the straight-line displacement between every pair of landmarks: name the two landmarks that lie closest together, and give the compass direction from the alphabetically earlier of them to the other, using only north, north-east, east, south-east, south, south-west, west or north-west. State your conclusion, justify it by describing the displacements you compared, and end with a confidence score from 0 to 1."
compass_bearing_2909_open_q1,compass_bearing_2909.png,"Read the compass rose in the corner, then compare the straight-line displacement between every pair of landmarks: name the two landmarks that lie closest together, and give the compass direction from the alphabetically earlier of them to the other, using only north, north-east, east, south-east, south, south-west, west or north-west. State your conclusion, justify it by describing the displacements you compared, and end with a confidence score from 0 to 1."
compass_bearing_2910_open_q1,compass_bearing_2910.png,"Read the compass rose in the corner, then compare the straight-line displacement between every pair of landmarks: name the two landmarks that lie closest together, and give the compass direction from the alphabetically earlier of them to the other, using only north, north-east, east, south-east, south, south-west, west or north-west. State your conclusion, justify it by describing the displacements you compared, and end with a confidence score from 0 to 1."
compass_bearing_2911_open_q1,compass_bearing_2911.png,"Read the compass rose in the corner, then compare the straight-line displacement between every pair of landmarks: name the two landmarks that lie closest together, and give the compass direction from the alphabetically earlier of them to the other, using only north, north-east, east, south-east, south, south-west, west or north-west. State your conclusion, justify it by describing the displacements you compared, and end with a confidence score from 0 to 1."
compass_bearing_2917_open_q1,compass_bearing_2917.png,"Read the compass rose in the corner, then compare the straight-line displacement between every pair of landmarks: name the two landmarks that lie closest together, and give the compass direction from the alphabetically earlier of them to the other, using only north, north-east, east, south-east, south, south-west, west or north-west. State your conclusion, justify it by describing the displacements you compared, and end with a confidence score from 0 to 1."
compass_bearing_2920_open_q1,compass_bearing_2920.png,"Read the compass rose in the corner, then compare the straight-line displacement between every pair of landmarks: name the two landmarks that lie closest together, and give the compass direction from the alphabetically earlier of them to the other, using only north, north-east, east, south-east, south, south-west, west or north-west. State your conclusion, justify it by describing the displacements you compared, and end with a confidence score from 0 to 1."
compass_bearing_2921_open_q1,compass_bearing_2921.png,"Read the compass rose in the corner, then compare the straight-line displacement between every pair of landmarks: name the two landmarks that lie closest together, and give the compass direction from the alphabetically earlier of them to the other, using only north, north-east, east, south-east, south, south-west, west or north-west. State your conclusion, justify it by describing the displacements you compared, and end with a confidence score from 0 to 1."
compass_bearing_2923_open_q1,compass_bearing_2923.png,"Read the compass rose in the corner, then compare the straight-line displacement between every pair of landmarks: name the two landmarks that lie closest together, and give the compass direction from the alphabetically earlier of them to the other, using only north, north-east, east, south-east, south, south-west, west or north-west. State your conclusion, justify it by describing the displacements you compared, and end with a confidence score from 0 to 1."
compass_bearing_2925_open_q1,compass_bearing_2925.png,"Read the compass rose in the corner, then compare the straight-line displacement between every pair of landmarks: name the two landmarks that lie closest together, and give the compass direction from the alphabetically earlier of them to the other, using only north, north-east, east, south-east, south, south-west, west or north-west. State your conclusion, justify it by describing the displacements you compared, and end with a confidence score from 0 to 1."
compass_bearing_2930_open_q1,compass_bearing_2930.png,"Read the compass rose in the corner, then compare the straight-line displacement between every pair of landmarks: name the two landmarks that lie closest together, and give the compass direction from the alphabetically earlier of them to the other, using only north, north-east, east, south-east, south, south-west, west or north-west. State your conclusion, justify it by describing the displacements you compared, and end with a confidence score from 0 to 1."
compass_bearing_2931_open_q1,compass_bearing_2931.png,"Read the compass rose in the corner, then compare the straight-line displacement between every pair of landmarks: name the two landmarks that lie closest together, and give the compass direction from the alphabetically earlier of them to the other, using only north, north-east, east, south-east, south, south-west, west or north-west. State your conclusion, justify it by describing the displacements you compared, and end with a confidence score from 0 to 1."
compass_bearing_2932_open_q1,compass_bearing_2932.png,"Read the compass rose in the corner, then compare the straight-line displacement between every pair of landmarks: name the two landmarks that lie closest together, and give the compass direction from the alphabetically earlier of them to the other, using only north, north-east, east, south-east, south, south-west, west or north-west. State your conclusion, justify it by describing the displacements you compared, and end with a confidence score from 0 to 1."
compass_bearing_2936_open_q1,compass_bearing_2936.png,"Read the compass rose in the corner, then compare the straight-line displacement between every pair of landmarks: name the two landmarks that lie closest together, and give the compass direction from the alphabetically earlier of them to the other, using only north, north-east, east, south-east, south, south-west, west or north-west. State your conclusion, justify it by describing the displacements you compared, and end with a confidence score from 0 to 1."
compass_bearing_2938_open_q1,compass_bearing_2938.png,"Read the compass rose in the corner, then compare the straight-line displacement between every pair of landmarks: name the two landmarks that lie closest together, and give the compass direction from the alphabetically earlier of them to the other, using only north, north-east, east, south-east, south, south-west, west or north-west. State your conclusion, justify it by describing the displacements you compared, and end with a confidence score from 0 to 1."
compass_bearing_2947_open_q1,compass_bearing_2947.png,"Read the compass rose in the corner, then compare the straight-line displacement between every pair of landmarks: name the two landmarks that lie closest together, and give the compass direction from the alphabetically earlier of them to the other, using only north, north-east, east, south-east, south, south-west, west or north-west. State your conclusion, justify it by describing the displacements you compared, and end with a confidence score from 0 to 1."
compass_bearing_2949_open_q1,compass_bearing_2949.png,"Read the compass rose in the corner, then compare the straight-line displacement between every pair of landmarks: name the two landmarks that lie closest together, and give the compass direction from the alphabetically earlier of them to the other, using only north, north-east, east, south-east, south, south-west, west or north-west. State your conclusion, justify it by describing the displacements you compared, and end with a confidence score from 0 to 1."
compass_bearing_2950_open_q1,compass_bearing_2950.png,"Read the compass rose in the corner, then compare the straight-line displacement between every pair of landmarks: name the two landmarks that lie closest together, and give the compass direction from the alphabetically earlier of them to the other, using only north, north-east, east, south-east, south, south-west, west or north-west. State your conclusion, justify it by describing the displacements you compared, and end with a confidence score from 0 to 1."
compass_bearing_2952_open_q1,compass_bearing_2952.png,"Read the compass rose in the corner, then compare the straight-line displacement between every pair of landmarks: name the two landmarks that lie closest together, and give the compass direction from the alphabetically earlier of them to the other, using only north, north-east, east, south-east, south, south-west, west or north-west. State your conclusion, justify it by describing the displacements you compared, and end with a confidence score from 0 to 1."
compass_bearing_2954_open_q1,compass_bearing_2954.png,"Read the compass rose in the corner, then compare the straight-line displacement between every pair of landmarks: name the two landmarks that lie closest together, and give the compass direction from the alphabetically earlier of them to the other, using only north, north-east, east, south-east, south, south-west, west or north-west. State your conclusion, justify it by describing the displacements you compared, and end with a confidence score from 0 to 1."
compass_bearing_2958_open_q1,compass_bearing_2958.png,"Read the compass rose in the corner, then compare the straight-line displacement between every pair of landmarks: name the two landmarks that lie closest together, and give the compass direction from the alphabetically earlier of them to the other, using only north, north-east, east, south-east, south, south-west, west or north-west. State your conclusion, justify it by describing the displacements you compared, and end with a confidence score from 0 to 1."
compass_bearing_2964_open_q1,compass_bearing_2964.png,"Read the compass rose in the corner, then compare the straight-line displacement between every pair of landmarks: name the two landmarks that lie closest together, and give the compass direction from the alphabetically earlier of them to the other, using only north, north-east, east, south-east, south, south-west, west or north-west. State your conclusion, justify it by describing the displacements you compared, and end with a confidence score from 0 to 1."
compass_bearing_2965_open_q1,compass_bearing_2965.png,"Read the compass rose in the corner, then compare the straight-line displacement between every pair of landmarks: name the two landmarks that lie closest together, and give the compass direction from the alphabetically earlier of them to the other, using only north, north-east, east, south-east, south, south-west, west or north-west. State your conclusion, justify it by describing the displacements you compared, and end with a confidence score from 0 to 1."
compass_bearing_2966_open_q1,compass_bearing_2966.png,"Read the compass rose in the corner, then compare the straight-line displacement between every pair of landmarks: name the two landmarks that lie closest together, and give the compass direction from the alphabetically earlier of them to the other, using only north, north-east, east, south-east, south, south-west, west or north-west. State your conclusion, justify it by describing the displacements you compared, and end with a confidence score from 0 to 1."
compass_bearing_2968_open_q1,compass_bearing_2968.png,"Read the compass rose in the corner, then compare the straight-line displacement between every pair of landmarks: name the two landmarks that lie closest together, and give the compass direction from the alphabetically earlier of them to the other, using only north, north-east, east, south-east, south, south-west, west or north-west. State your conclusion, justify it by describing the displacements you compared, and end with a confidence score from 0 to 1."
compass_bearing_2970_open_q1,compass_bearing_2970.png,"Read the compass rose in the corner, then compare the straight-line displacement between every pair of landmarks: name the two landmarks that lie closest together, and give the compass direction from the alphabetically earlier of them to the other, using only north, north-east, east, south-east, south, south-west, west or north-west. State your conclusion, justify it by describing the displacements you compared, and end with a confidence score from 0 to 1."
compass_bearing_2974_open_q1,compass_bearing_2974.png,"Read the compass rose in the corner, then compare the straight-line displacement between every pair of landmarks: name the two landmarks that lie closest together, and give the compass direction from the alphabetically earlier of them to the other, using only north, north-east, east, south-east, south, south-west, west or north-west. State your conclusion, justify it by describing the displacements you compared, and end with a confidence score from 0 to 1."
compass_bearing_2979_open_q1,compass_bearing_2979.png,"Read the compass rose in the corner, then compare the straight-line displacement between every pair of landmarks: name the two landmarks that lie closest together, and give the compass direction from the alphabetically earlier of them to the other, using only north, north-east, east, south-east, south, south-west, west or north-west. State your conclusion, justify it by describing the displacements you compared, and end with a confidence score from 0 to 1."
compass_bearing_2984_open_q1,compass_bearing_2984.png,"Read the compass rose in the corner, then compare the straight-line displacement between every pair of landmarks: name the two landmarks that lie closest together, and give the compass direction from the alphabetically earlier of them to the other, using only north, north-east, east, south-east, south, south-west, west or north-west. State your conclusion, justify it by describing the displacements you compared, and end with a confidence score from 0 to 1."
compass_bearing_2988_open_q1,compass_bearing_2988.png,"Read the compass rose in the corner, then compare the straight-line displacement between every pair of landmarks: name the two landmarks that lie closest together, and give the compass direction from the alphabetically earlier of them to the other, using only north, north-east, east, south-east, south, south-west, west or north-west. State your conclusion, justify it by describing the displacements you compared, and end with a confidence score from 0 to 1."
compass_bearing_2990_open_q1,compass_bearing_2990.png,"Read the compass rose in the corner, then compare the straight-line displacement between every pair of landmarks: name the two landmarks that lie closest together, and give the compass direction from the alphabetically earlier of them to the other, using only north, north-east, east, south-east, south, south-west, west or north-west. State your conclusion, justify it by describing the displacements you compared, and end with a confidence score from 0 to 1."
compass_bearing_2991_open_q1,compass_bearing_2991.png,"Read the compass rose in the corner, then compare the straight-line displacement between every pair of landmarks: name the two landmarks that lie closest together, and give the compass direction from the alphabetically earlier of them to the other, using only north, north-east, east, south-east, south, south-west, west or north-west. State your conclusion, justify it by describing the displacements you compared, and end with a confidence score from 0 to 1."
compass_bearing_2996_open_q1,compass_bearing_2996.png,"Read the compass rose in the corner, then compare the straight-line displacement between every pair of landmarks: name the two landmarks that lie closest together, and give the compass direction from the alphabetically earlier of them to the other, using only north, north-east, east, south-east, south, south-west, west or north-west. State your conclusion, justify it by describing the displacements you compared, and end with a confidence score from 0 to 1."
compass_bearing_2997_open_q1,compass_bearing_2997.png,"Read the compass rose in the corner, then compare the straight-line displacement between every pair of landmarks: name the two landmarks that lie closest together, and give the compass direction from the alphabetically earlier of them to the other, using only north, north-east, east, south-east, south, south-west, west or north-west. State your conclusion, justify it by describing the displacements you compared, and end with a confidence score from 0 to 1."
compass_bearing_3000_open_q1,compass_bearing_3000.png,"Read the compass rose in the corner, then compare the straight-line displacement between every pair of landmarks: name the two landmarks that lie closest together, and give the compass direction from the alphabetically earlier of them to the other, using only north, north-east, east, south-east, south, south-west, west or north-west. State your conclusion, justify it by describing the displacements you compared, and end with a confidence score from 0 to 1."
