question_id,image,acceptance_set,targets,candidate,piece_counts,candidate_total,target_total,blocking_reason
combination_0001_open_q1,combination_0001.png,"[""candidate=C; piece_counts=[4, 1]; candidate_total=5; target_total=6; blocking_reason=wrong cell count""]","[""C""]",C,"[4,1]",5,6,wrong cell count
combination_0002_open_q1,combination_0002.png,"[""candidate=D; piece_counts=[2, 4]; candidate_total=6; target_total=6; blocking_reason=gap or overlap""]","[""D""]",D,"[2,4]",6,6,gap or overlap
combination_0003_open_q1,combination_0003.png,"[""candidate=A; piece_counts=[3, 3, 4]; candidate_total=10; target_total=10; blocking_reason=gap or overlap""]","[""A""]",A,"[3,3,4]",10,10,gap or overlap
combination_0004_open_q1,combination_0004.png,"[""candidate=C; piece_counts=[4, 1]; candidate_total=5; target_total=6; blocking_reason=wrong cell count""]","[""C""]",C,"[4,1]",5,6,wrong cell count
combination_0005_open_q1,combination_0005.png,"[""candidate=D; piece_counts=[6, 1]; candidate_total=7; target_total=8; blocking_reason=wrong cell count""]","[""D""]",D,"[6,1]",7,8,wrong cell count
combination_0006_open_q1,combination_0006.png,"[""candidate=C; piece_counts=[5, 1]; candidate_total=6; target_total=6; blocking_reason=gap or overlap""]","[""C""]",C,"[5,1]",6,6,gap or overlap
combination_0007_open_q1,combination_0007.png,"[""candidate=B; piece_counts=[3, 5]; candidate_total=8; target_total=9; blocking_reason=wrong cell count""]","[""B""]",B,"[3,5]",8,9,wrong cell count
combination_0008_open_q1,combination_0008.png,"[""candidate=B; piece_counts=[2, 7]; candidate_total=9; target_total=9; blocking_reason=requires a reflection""]","[""B""]",B,"[2,7]",9,9,requires a reflection
combination_0009_open_q1,combination_0009.png,"[""candidate=C; piece_counts=[5, 3]; candidate_total=8; target_total=8; blocking_reason=gap or overlap""]","[""C""]",C,"[5,3]",8,8,gap or overlap
combination_0010_open_q1,combination_0010.png,"[""candidate=C; piece_counts=[5, 3, 1]; candidate_total=9; target_total=9; blocking_reason=requires a reflection""]","[""C""]",C,"[5,3,1]",9,9,requires a reflection
combination_0011_open_q1,combination_0011.png,"[""candidate=D; piece_counts=[1, 7, 1]; candidate_total=9; target_total=9; blocking_reason=requires a reflection""]","[""D""]",D,"[1,7,1]",9,9,requires a reflection
combination_0012_open_q1,combination_0012.png,"[""candidate=A; piece_counts=[6, 4]; candidate_total=10; target_total=10; blocking_reason=requires a reflection""]","[""A""]",A,"[6,4]",10,10,requires a reflection
combination_0013_open_q1,combination_0013.png,"[""candidate=C; piece_counts=[1, 1, 4]; candidate_total=6; target_total=7; blocking_reason=wrong cell count""]","[""C""]",C,"[1,1,4]",6,7,wrong cell count
combination_0014_open_q1,combination_0014.png,"[""candidate=C; piece_counts=[7, 2, 1]; candidate_total=10; target_total=10; blocking_reason=requires a reflection""]","[""C""]",C,"[7,2,1]",10,10,requires a reflection
combination_0015_open_q1,combination_0015.png,"[""candidate=B; piece_counts=[1, 7, 2]; candidate_total=10; target_total=10; blocking_reason=requires a reflection""]","[""B""]",B,"[1,7,2]",10,10,requires a reflection
combination_0016_open_q1,combination_0016.png,"[""candidate=B; piece_counts=[6, 3]; candidate_total=9; target_total=9; blocking_reason=gap or overlap""]","[""B""]",B,"[6,3]",9,9,gap or overlap
combination_0017_open_q1,combination_0017.png,"[""candidate=C; piece_counts=[3, 5]; candidate_total=8; target_total=8; blocking_reason=gap or overlap""]","[""C""]",C,"[3,5]",8,8,gap or overlap
combination_0018_open_q1,combination_0018.png,"[""candidate=C; piece_counts=[2, 2, 1, 4]; candidate_total=9; target_total=9; blocking_reason=gap or overlap""]","[""C""]",C,"[2,2,1,4]",9,9,gap or overlap
combination_0019_open_q1,combination_0019.png,"[""candidate=B; piece_counts=[4, 5]; candidate_total=9; target_total=10; blocking_reason=wrong cell count""]","[""B""]",B,"[4,5]",9,10,wrong cell count
combination_0020_open_q1,combination_0020.png,"[""candidate=B; piece_counts=[1, 1, 4]; candidate_total=6; target_total=7; blocking_reason=wrong cell count""]","[""B""]",B,"[1,1,4]",6,7,wrong cell count
combination_0021_open_q1,combination_0021.png,"[""candidate=B; piece_counts=[4, 5]; candidate_total=9; target_total=9; blocking_reason=gap or overlap""]","[""B""]",B,"[4,5]",9,9,gap or overlap
combination_0022_open_q1,combination_0022.png,"[""candidate=A; piece_counts=[4, 1]; candidate_total=5; target_total=6; blocking_reason=wrong cell count""]","[""A""]",A,"[4,1]",5,6,wrong cell count
combination_0023_open_q1,combination_0023.png,"[""candidate=A; piece_counts=[1, 4]; candidate_total=5; target_total=6; blocking_reason=wrong cell count""]","[""A""]",A,"[1,4]",5,6,wrong cell count
combination_0024_open_q1,combination_0024.png,"[""candidate=B; piece_counts=[6, 2, 1]; candidate_total=9; target_total=10; blocking_reason=wrong cell count""]","[""B""]",B,"[6,2,1]",9,10,wrong cell count
combination_0025_open_q1,combination_0025.png,"[""candidate=B; piece_counts=[4, 2]; candidate_total=6; target_total=6; blocking_reason=requires a reflection""]","[""B""]",B,"[4,2]",6,6,requires a reflection
combination_0026_open_q1,combination_0026.png,"[""candidate=A; piece_counts=[6, 1]; candidate_total=7; target_total=7; blocking_reason=requires a reflection""]","[""A""]",A,"[6,1]",7,7,requires a reflection
combination_0027_open_q1,combination_0027.png,"[""candidate=D; piece_counts=[1, 7]; candidate_total=8; target_total=8; blocking_reason=gap or overlap""]","[""D""]",D,"[1,7]",8,8,gap or overlap
combination_0028_open_q1,combination_0028.png,"[""candidate=B; piece_counts=[1, 6]; candidate_total=7; target_total=7; blocking_reason=gap or overlap""]","[""B""]",B,"[1,6]",7,7,gap or overlap
combination_0029_open_q1,combination_0029.png,"[""candidate=B; piece_counts=[7, 1]; candidate_total=8; target_total=8; blocking_reason=gap or overlap""]","[""B""]",B,"[7,1]",8,8,gap or overlap
combination_0030_open_q1,combination_0030.png,"[""candidate=D; piece_counts=[8, 2]; candidate_total=10; target_total=10; blocking_reason=requires a reflection""]","[""D""]",D,"[8,2]",10,10,requires a reflection
combination_0031_open_q1,combination_0031.png,"[""candidate=D; piece_counts=[1, 5]; candidate_total=6; target_total=6; blocking_reason=requires a reflection""]","[""D""]",D,"[1,5]",6,6,requires a reflection
combination_0032_open_q1,combination_0032.png,"[""candidate=C; piece_counts=[3, 3]; candidate_total=6; target_total=7; blocking_reason=wrong cell count""]","[""C""]",C,"[3,3]",6,7,wrong cell count
combination_0033_open_q1,combination_0033.png,"[""candidate=C; piece_counts=[1, 5]; candidate_total=6; target_total=7; blocking_reason=wrong cell count""]","[""C""]",C,"[1,5]",6,7,wrong cell count
combination_0034_open_q1,combination_0034.png,"[""candidate=D; piece_counts=[2, 7]; candidate_total=9; target_total=10; blocking_reason=wrong cell count""]","[""D""]",D,"[2,7]",9,10,wrong cell count
combination_0035_open_q1,combination_0035.png,"[""candidate=B; piece_counts=[6, 1]; candidate_total=7; target_total=7; blocking_reason=gap or overlap""]","[""B""]",B,"[6,1]",7,7,gap or overlap
combination_0036_open_q1,combination_0036.png,"[""candidate=C; piece_counts=[5, 1]; candidate_total=6; target_total=6; blocking_reason=requires a reflection""]","[""C""]",C,"[5,1]",6,6,requires a reflection
combination_0037_open_q1,combination_0037.png,"[""candidate=D; piece_counts=[5, 1]; candidate_total=6; target_total=6; blocking_reason=gap or overlap""]","[""D""]",D,"[5,1]",6,6,gap or overlap
combination_0038_open_q1,combination_0038.png,"[""candidate=D; piece_counts=[5, 3, 1]; candidate_total=9; target_total=9; blocking_reason=requires a reflection""]","[""D""]",D,"[5,3,1]",9,9,requires a reflection
combination_0039_open_q1,combination_0039.png,"[""candidate=A; piece_counts=[6, 3]; candidate_total=9; target_total=9; blocking_reason=gap or overlap""]","[""A""]",A,"[6,3]",9,9,gap or overlap
combination_0040_open_q1,combination_0040.png,"[""candidate=A; piece_counts=[3, 7]; candidate_total=10; target_total=10; blocking_reason=gap or overlap""]","[""A""]",A,"[3,7]",10,10,gap or overlap
combination_0041_open_q1,combination_0041.png,"[""candidate=D; piece_counts=[6, 1]; candidate_total=7; target_total=7; blocking_reason=requires a reflection""]","[""D""]",D,"[6,1]",7,7,requires a reflection
combination_0042_open_q1,combination_0042.png,"[""candidate=A; piece_counts=[1, 4]; candidate_total=5; target_total=6; blocking_reason=wrong cell count""]","[""A""]",A,"[1,4]",5,6,wrong cell count
combination_0043_open_q1,combination_0043.png,"[""candidate=D; piece_counts=[3, 4]; candidate_total=7; target_total=7; blocking_reason=gap or overlap""]","[""D""]",D,"[3,4]",7,7,gap or overlap
combination_0044_open_q1,combination_0044.png,"[""candidate=C; piece_counts=[5, 5]; candidate_total=10; target_total=10; blocking_reason=gap or overlap""]","[""C""]",C,"[5,5]",10,10,gap or overlap
combination_0045_open_q1,combination_0045.png,"[""candidate=B; piece_counts=[5, 1, 1, 1]; candidate_total=8; target_total=9; blocking_reason=wrong cell count""]","[""B""]",B,"[5,1,1,1]",8,9,wrong cell count
combination_0046_open_q1,combination_0046.png,"[""candidate=A; piece_counts=[4, 1]; candidate_total=5; target_total=6; blocking_reason=wrong cell count""]","[""A""]",A,"[4,1]",5,6,wrong cell count
combination_0047_open_q1,combination_0047.png,"[""candidate=A; piece_counts=[4, 3, 2]; candidate_total=9; target_total=9; blocking_reason=requires a reflection""]","[""A""]",A,"[4,3,2]",9,9,requires a reflection
combination_0048_open_q1,combination_0048.png,"[""candidate=A; piece_counts=[5, 2]; candidate_total=7; target_total=7; blocking_reason=gap or overlap""]","[""A""]",A,"[5,2]",7,7,gap or overlap
combination_0049_open_q1,combination_0049.png,"[""candidate=D; piece_counts=[1, 4, 3, 1]; candidate_total=9; target_total=9; blocking_reason=requires a reflection""]","[""D""]",D,"[1,4,3,1]",9,9,requires a reflection
combination_0050_open_q1,combination_0050.png,"[""candidate=A; piece_counts=[6, 2]; candidate_total=8; target_total=8; blocking_reason=gap or overlap""]","[""A""]",A,"[6,2]",8,8,gap or overlap
combination_0051_open_q1,combination_0051.png,"[""candidate=D; piece_counts=[5, 3, 1]; candidate_total=9; target_total=10; blocking_reason=wrong cell count""]","[""D""]",D,"[5,3,1]",9,10,wrong cell count
combination_0052_open_q1,combination_0052.png,"[""candidate=B; piece_counts=[5, 3, 1]; candidate_total=9; target_total=10; blocking_reason=wrong cell count""]","[""B""]",B,"[5,3,1]",9,10,wrong cell count
combination_0053_open_q1,combination_0053.png,"[""candidate=C; piece_counts=[7, 1]; candidate_total=8; target_total=9; blocking_reason=wrong cell count""]","[""C""]",C,"[7,1]",8,9,wrong cell count
combination_0054_open_q1,combination_0054.png,"[""candidate=D; piece_counts=[8, 1]; candidate_total=9; target_total=10; blocking_reason=wrong cell count""]","[""D""]",D,"[8,1]",9,10,wrong cell count
combination_0055_open_q1,combination_0055.png,"[""candidate=A; piece_counts=[1, 4, 1, 1]; candidate_total=7; target_total=7; blocking_reason=requires a reflection""]","[""A""]",A,"[1,4,1,1]",7,7,requires a reflection
combination_0056_open_q1,combination_0056.png,"[""candidate=C; piece_counts=[7, 2]; candidate_total=9; target_total=9; blocking_reason=requires a reflection""]","[""C""]",C,"[7,2]",9,9,requires a reflection
combination_0057_open_q1,combination_0057.png,"[""candidate=D; piece_counts=[2, 7, 1]; candidate_total=10; target_total=10; blocking_reason=requires a reflection""]","[""D""]",D,"[2,7,1]",10,10,requires a reflection
combination_0058_open_q1,combination_0058.png,"[""candidate=D; piece_counts=[3, 4]; candidate_total=7; target_total=7; blocking_reason=gap or overlap""]","[""D""]",D,"[3,4]",7,7,gap or overlap
combination_0059_open_q1,combination_0059.png,"[""candidate=B; piece_counts=[8, 1]; candidate_total=9; target_total=9; blocking_reason=requires a reflection""]","[""B""]",B,"[8,1]",9,9,requires a reflection
combination_0060_open_q1,combination_0060.png,"[""candidate=A; piece_counts=[7, 2]; candidate_total=9; target_total=10; blocking_reason=wrong cell count""]","[""A""]",A,"[7,2]",9,10,wrong cell count
combination_0061_open_q1,combination_0061.png,"[""candidate=D; piece_counts=[2, 4, 4]; candidate_total=10; target_total=10; blocking_reason=gap or overlap""]","[""D""]",D,"[2,4,4]",10,10,gap or overlap
combination_0062_open_q1,combination_0062.png,"[""candidate=A; piece_counts=[1, 4, 1]; candidate_total=6; target_total=6; blocking_reason=requires a reflection""]","[""A""]",A,"[1,4,1]",6,6,requires a reflection
combination_0063_open_q1,combination_0063.png,"[""candidate=B; piece_counts=[2, 4, 1]; candidate_total=7; target_total=8; blocking_reason=wrong cell count""]","[""B""]",B,"[2,4,1]",7,8,wrong cell count
combination_0064_open_q1,combination_0064.png,"[""candidate=B; piece_counts=[5, 5]; candidate_total=10; target_total=10; blocking_reason=gap or overlap""]","[""B""]",B,"[5,5]",10,10,gap or overlap
combination_0065_open_q1,combination_0065.png,"[""candidate=B; piece_counts=[6, 2]; candidate_total=8; target_total=8; blocking_reason=requires a reflection""]","[""B""]",B,"[6,2]",8,8,requires a reflection
combination_0066_open_q1,combination_0066.png,"[""candidate=C; piece_counts=[3, 5]; candidate_total=8; target_total=9; blocking_reason=wrong cell count""]","[""C""]",C,"[3,5]",8,9,wrong cell count
combination_0067_open_q1,combination_0067.png,"[""candidate=A; piece_counts=[1, 7, 1]; candidate_total=9; target_total=9; blocking_reason=requires a reflection""]","[""A""]",A,"[1,7,1]",9,9,requires a reflection
combination_0068_open_q1,combination_0068.png,"[""candidate=B; piece_counts=[2, 7, 1]; candidate_total=10; target_total=10; blocking_reason=requires a reflection""]","[""B""]",B,"[2,7,1]",10,10,requires a reflection
combination_0069_open_q1,combination_0069.png,"[""candidate=C; piece_counts=[4, 1]; candidate_total=5; target_total=6; blocking_reason=wrong cell count""]","[""C""]",C,"[4,1]",5,6,wrong cell count
combination_0070_open_q1,combination_0070.png,"[""candidate=A; piece_counts=[3, 6]; candidate_total=9; target_total=9; blocking_reason=requires a reflection""]","[""A""]",A,"[3,6]",9,9,requires a reflection
combination_0071_open_q1,combination_0071.png,"[""candidate=A; piece_counts=[5, 1, 4]; candidate_total=10; target_total=10; blocking_reason=gap or overlap""]","[""A""]",A,"[5,1,4]",10,10,gap or overlap
combination_0072_open_q1,combination_0072.png,"[""candidate=A; piece_counts=[8, 1, 1]; candidate_total=10; target_total=10; blocking_reason=requires a reflection""]","[""A""]",A,"[8,1,1]",10,10,requires a reflection
combination_0073_open_q1,combination_0073.png,"[""candidate=B; piece_counts=[5, 5]; candidate_total=10; target_total=10; blocking_reason=gap or overlap""]","[""B""]",B,"[5,5]",10,10,gap or overlap
combination_0074_open_q1,combination_0074.png,"[""candidate=A; piece_counts=[4, 1]; candidate_total=5; target_total=6; blocking_reason=wrong cell count""]","[""A""]",A,"[4,1]",5,6,wrong cell count
combination_0075_open_q1,combination_0075.png,"[""candidate=A; piece_counts=[7, 2]; candidate_total=9; target_total=9; blocking_reason=gap or overlap""]","[""A""]",A,"[7,2]",9,9,gap or overlap
combination_0076_open_q1,combination_0076.png,"[""candidate=B; piece_counts=[6, 3]; candidate_total=9; target_total=9; blocking_reason=gap or overlap""]","[""B""]",B,"[6,3]",9,9,gap or overlap
combination_0077_open_q1,combination_0077.png,"[""candidate=D; piece_counts=[1, 6]; candidate_total=7; target_total=7; blocking_reason=gap or overlap""]","[""D""]",D,"[1,6]",7,7,gap or overlap
combination_0078_open_q1,combination_0078.png,"[""candidate=C; piece_counts=[7, 1]; candidate_total=8; target_total=8; blocking_reason=requires a reflection""]","[""C""]",C,"[7,1]",8,8,requires a reflection
combination_0079_open_q1,combination_0079.png,"[""candidate=A; piece_counts=[5, 1, 1]; candidate_total=7; target_total=8; blocking_reason=wrong cell count""]","[""A""]",A,"[5,1,1]",7,8,wrong cell count
combination_0080_open_q1,combination_0080.png,"[""candidate=C; piece_counts=[2, 2, 6]; candidate_total=10; target_total=10; blocking_reason=gap or overlap""]","[""C""]",C,"[2,2,6]",10,10,gap or overlap
combination_0081_open_q1,combination_0081.png,"[""candidate=C; piece_counts=[1, 2, 5]; candidate_total=8; target_total=8; blocking_reason=gap or overlap""]","[""C""]",C,"[1,2,5]",8,8,gap or overlap
combination_0082_open_q1,combination_0082.png,"[""candidate=C; piece_counts=[5, 1, 3]; candidate_total=9; target_total=9; blocking_reason=gap or overlap""]","[""C""]",C,"[5,1,3]",9,9,gap or overlap
combination_0083_open_q1,combination_0083.png,"[""candidate=B; piece_counts=[5, 1]; candidate_total=6; target_total=6; blocking_reason=gap or overlap""]","[""B""]",B,"[5,1]",6,6,gap or overlap
combination_0084_open_q1,combination_0084.png,"[""candidate=B; piece_counts=[5, 1]; candidate_total=6; target_total=6; blocking_reason=requires a reflection""]","[""B""]",B,"[5,1]",6,6,requires a reflection
combination_0085_open_q1,combination_0085.png,"[""candidate=C; piece_counts=[7, 1, 1]; candidate_total=9; target_total=10; blocking_reason=wrong cell count""]","[""C""]",C,"[7,1,1]",9,10,wrong cell count
combination_0086_open_q1,combination_0086.png,"[""candidate=C; piece_counts=[4, 1]; candidate_total=5; target_total=6; blocking_reason=wrong cell count""]","[""C""]",C,"[4,1]",5,6,wrong cell count
combination_0087_open_q1,combination_0087.png,"[""candidate=D; piece_counts=[5, 2]; candidate_total=7; target_total=7; blocking_reason=requires a reflection""]","[""D""]",D,"[5,2]",7,7,requires a reflection
combination_0088_open_q1,combination_0088.png,"[""candidate=A; piece_counts=[1, 7]; candidate_total=8; target_total=8; blocking_reason=requires a reflection""]","[""A""]",A,"[1,7]",8,8,requires a reflection
combination_0089_open_q1,combination_0089.png,"[""candidate=B; piece_counts=[5, 4]; candidate_total=9; target_total=10; blocking_reason=wrong cell count""]","[""B""]",B,"[5,4]",9,10,wrong cell count
combination_0090_open_q1,combination_0090.png,"[""candidate=A; piece_counts=[4, 1]; candidate_total=5; target_total=6; blocking_reason=wrong cell count""]","[""A""]",A,"[4,1]",5,6,wrong cell count
combination_0091_open_q1,combination_0091.png,"[""candidate=D; piece_counts=[4, 3]; candidate_total=7; target_total=7; blocking_reason=requires a reflection""]","[""D""]",D,"[4,3]",7,7,requires a reflection
combination_0092_open_q1,combination_0092.png,"[""candidate=C; piece_counts=[3, 7]; candidate_total=10; target_total=10; blocking_reason=requires a reflection""]","[""C""]",C,"[3,7]",10,10,requires a reflection
combination_0093_open_q1,combination_0093.png,"[""candidate=C; piece_counts=[7, 1]; candidate_total=8; target_total=8; blocking_reason=gap or overlap""]","[""C""]",C,"[7,1]",8,8,gap or overlap
combination_0094_open_q1,combination_0094.png,"[""candidate=A; piece_counts=[1, 5]; candidate_total=6; target_total=6; blocking_reason=gap or overlap""]","[""A""]",A,"[1,5]",6,6,gap or overlap
combination_0095_open_q1,combination_0095.png,"[""candidate=B; piece_counts=[1, 1, 7, 1]; candidate_total=10; target_total=10; blocking_reason=gap or overlap""]","[""B""]",B,"[1,1,7,1]",10,10,gap or overlap
combination_0096_open_q1,combination_0096.png,"[""candidate=B; piece_counts=[7, 2]; candidate_total=9; target_total=9; blocking_reason=requires a reflection""]","[""B""]",B,"[7,2]",9,9,requires a reflection
combination_0097_open_q1,combination_0097.png,"[""candidate=B; piece_counts=[7, 1]; candidate_total=8; target_total=8; blocking_reason=requires a reflection""]","[""B""]",B,"[7,1]",8,8,requires a reflection
combination_0098_open_q1,combination_0098.png,"[""candidate=C; piece_counts=[5, 1]; candidate_total=6; target_total=6; blocking_reason=gap or overlap""]","[""C""]",C,"[5,1]",6,6,gap or overlap
combination_0099_open_q1,combination_0099.png,"[""candidate=A; piece_counts=[5, 1]; candidate_total=6; target_total=7; blocking_reason=wrong cell count""]","[""A""]",A,"[5,1]",6,7,wrong cell count
combination_0100_open_q1,combination_0100.png,"[""candidate=B; piece_counts=[7, 2]; candidate_total=9; target_total=9; blocking_reason=gap or overlap""]","[""B""]",B,"[7,2]",9,9,gap or overlap
combination_0101_open_q1,combination_0101.png,"[""candidate=D; piece_counts=[7, 2, 1]; candidate_total=10; target_total=10; blocking_reason=requires a reflection""]","[""D""]",D,"[7,2,1]",10,10,requires a reflection
combination_0102_open_q1,combination_0102.png,"[""candidate=A; piece_counts=[4, 4, 2]; candidate_total=10; target_total=10; blocking_reason=requires a reflection""]","[""A""]",A,"[4,4,2]",10,10,requires a reflection
combination_0103_open_q1,combination_0103.png,"[""candidate=D; piece_counts=[2, 5]; candidate_total=7; target_total=7; blocking_reason=requires a reflection""]","[""D""]",D,"[2,5]",7,7,requires a reflection
combination_0104_open_q1,combination_0104.png,"[""candidate=A; piece_counts=[3, 4]; candidate_total=7; target_total=7; blocking_reason=gap or overlap""]","[""A""]",A,"[3,4]",7,7,gap or overlap
combination_0105_open_q1,combination_0105.png,"[""candidate=B; piece_counts=[4, 5]; candidate_total=9; target_total=10; blocking_reason=wrong cell count""]","[""B""]",B,"[4,5]",9,10,wrong cell count
combination_0106_open_q1,combination_0106.png,"[""candidate=C; piece_counts=[1, 5]; candidate_total=6; target_total=6; blocking_reason=gap or overlap""]","[""C""]",C,"[1,5]",6,6,gap or overlap
combination_0107_open_q1,combination_0107.png,"[""candidate=D; piece_counts=[4, 6]; candidate_total=10; target_total=10; blocking_reason=requires a reflection""]","[""D""]",D,"[4,6]",10,10,requires a reflection
combination_0108_open_q1,combination_0108.png,"[""candidate=A; piece_counts=[1, 1, 4]; candidate_total=6; target_total=6; blocking_reason=gap or overlap""]","[""A""]",A,"[1,1,4]",6,6,gap or overlap
combination_0109_open_q1,combination_0109.png,"[""candidate=B; piece_counts=[7, 1]; candidate_total=8; target_total=9; blocking_reason=wrong cell count""]","[""B""]",B,"[7,1]",8,9,wrong cell count
combination_0110_open_q1,combination_0110.png,"[""candidate=D; piece_counts=[7, 2, 1]; candidate_total=10; target_total=10; blocking_reason=requires a reflection""]","[""D""]",D,"[7,2,1]",10,10,requires a reflection
combination_0111_open_q1,combination_0111.png,"[""candidate=B; piece_counts=[1, 8]; candidate_total=9; target_total=9; blocking_reason=gap or overlap""]","[""B""]",B,"[1,8]",9,9,gap or overlap
combination_0112_open_q1,combination_0112.png,"[""candidate=B; piece_counts=[8, 1, 1]; candidate_total=10; target_total=10; blocking_reason=requires a reflection""]","[""B""]",B,"[8,1,1]",10,10,requires a reflection
combination_0113_open_q1,combination_0113.png,"[""candidate=D; piece_counts=[7, 1]; candidate_total=8; target_total=8; blocking_reason=gap or overlap""]","[""D""]",D,"[7,1]",8,8,gap or overlap
combination_0114_open_q1,combination_0114.png,"[""candidate=D; piece_counts=[4, 1, 1]; candidate_total=6; target_total=6; blocking_reason=requires a reflection""]","[""D""]",D,"[4,1,1]",6,6,requires a reflection
combination_0115_open_q1,combination_0115.png,"[""candidate=B; piece_counts=[5, 1]; candidate_total=6; target_total=6; blocking_reason=gap or overlap""]","[""B""]",B,"[5,1]",6,6,gap or overlap
combination_0116_open_q1,combination_0116.png,"[""candidate=B; piece_counts=[3, 1, 4, 1]; candidate_total=9; target_total=10; blocking_reason=wrong cell count""]","[""B""]",B,"[3,1,4,1]",9,10,wrong cell count
combination_0117_open_q1,combination_0117.png,"[""candidate=B; piece_counts=[5, 2]; candidate_total=7; target_total=7; blocking_reason=requires a reflection""]","[""B""]",B,"[5,2]",7,7,requires a reflection
combination_0118_open_q1,combination_0118.png,"[""candidate=A; piece_counts=[1, 5]; candidate_total=6; target_total=7; blocking_reason=wrong cell count""]","[""A""]",A,"[1,5]",6,7,wrong cell count
combination_0119_open_q1,combination_0119.png,"[""candidate=D; piece_counts=[5, 2, 2]; candidate_total=9; target_total=10; blocking_reason=wrong cell count""]","[""D""]",D,"[5,2,2]",9,10,wrong cell count
combination_0120_open_q1,combination_0120.png,"[""candidate=C; piece_counts=[4, 1, 2]; candidate_total=7; target_total=7; blocking_reason=requires a reflection""]","[""C""]",C,"[4,1,2]",7,7,requires a reflection
combination_0121_open_q1,combination_0121.png,"[""candidate=D; piece_counts=[9, 1]; candidate_total=10; target_total=10; blocking_reason=gap or overlap""]","[""D""]",D,"[9,1]",10,10,gap or overlap
combination_0122_open_q1,combination_0122.png,"[""candidate=A; piece_counts=[1, 1, 8]; candidate_total=10; target_total=10; blocking_reason=gap or overlap""]","[""A""]",A,"[1,1,8]",10,10,gap or overlap
combination_0123_open_q1,combination_0123.png,"[""candidate=B; piece_counts=[1, 4]; candidate_total=5; target_total=6; blocking_reason=wrong cell count""]","[""B""]",B,"[1,4]",5,6,wrong cell count
combination_0124_open_q1,combination_0124.png,"[""candidate=A; piece_counts=[2, 4]; candidate_total=6; target_total=6; blocking_reason=requires a reflection""]","[""A""]",A,"[2,4]",6,6,requires a reflection
combination_0125_open_q1,combination_0125.png,"[""candidate=D; piece_counts=[9, 1]; candidate_total=10; target_total=10; blocking_reason=requires a reflection""]","[""D""]",D,"[9,1]",10,10,requires a reflection
combination_0126_open_q1,combination_0126.png,"[""candidate=D; piece_counts=[8, 1]; candidate_total=9; target_total=10; blocking_reason=wrong cell count""]","[""D""]",D,"[8,1]",9,10,wrong cell count
combination_0127_open_q1,combination_0127.png,"[""candidate=D; piece_counts=[1, 5, 4]; candidate_total=10; target_total=10; blocking_reason=requires a reflection""]","[""D""]",D,"[1,5,4]",10,10,requires a reflection
combination_0128_open_q1,combination_0128.png,"[""candidate=B; piece_counts=[7, 3]; candidate_total=10; target_total=10; blocking_reason=gap or overlap""]","[""B""]",B,"[7,3]",10,10,gap or overlap
combination_0129_open_q1,combination_0129.png,"[""candidate=D; piece_counts=[9, 1]; candidate_total=10; target_total=10; blocking_reason=requires a reflection""]","[""D""]",D,"[9,1]",10,10,requires a reflection
combination_0130_open_q1,combination_0130.png,"[""candidate=D; piece_counts=[7, 1]; candidate_total=8; target_total=8; blocking_reason=gap or overlap""]","[""D""]",D,"[7,1]",8,8,gap or overlap
combination_0131_open_q1,combination_0131.png,"[""candidate=B; piece_counts=[9, 1]; candidate_total=10; target_total=10; blocking_reason=requires a reflection""]","[""B""]",B,"[9,1]",10,10,requires a reflection
combination_0132_open_q1,combination_0132.png,"[""candidate=B; piece_counts=[1, 7]; candidate_total=8; target_total=9; blocking_reason=wrong cell count""]","[""B""]",B,"[1,7]",8,9,wrong cell count
combination_0133_open_q1,combination_0133.png,"[""candidate=D; piece_counts=[6, 1, 1]; candidate_total=8; target_total=9; blocking_reason=wrong cell count""]","[""D""]",D,"[6,1,1]",8,9,wrong cell count
combination_0134_open_q1,combination_0134.png,"[""candidate=C; piece_counts=[4, 2]; candidate_total=6; target_total=7; blocking_reason=wrong cell count""]","[""C""]",C,"[4,2]",6,7,wrong cell count
combination_0135_open_q1,combination_0135.png,"[""candidate=B; piece_counts=[6, 2, 1]; candidate_total=9; target_total=10; blocking_reason=wrong cell count""]","[""B""]",B,"[6,2,1]",9,10,wrong cell count
combination_0136_open_q1,combination_0136.png,"[""candidate=A; piece_counts=[2, 8]; candidate_total=10; target_total=10; blocking_reason=requires a reflection""]","[""A""]",A,"[2,8]",10,10,requires a reflection
combination_0137_open_q1,combination_0137.png,"[""candidate=B; piece_counts=[2, 4, 3]; candidate_total=9; target_total=9; blocking_reason=gap or overlap""]","[""B""]",B,"[2,4,3]",9,9,gap or overlap
combination_0138_open_q1,combination_0138.png,"[""candidate=D; piece_counts=[3, 5]; candidate_total=8; target_total=9; blocking_reason=wrong cell count""]","[""D""]",D,"[3,5]",8,9,wrong cell count
combination_0139_open_q1,combination_0139.png,"[""candidate=A; piece_counts=[2, 2, 6]; candidate_total=10; target_total=10; blocking_reason=gap or overlap""]","[""A""]",A,"[2,2,6]",10,10,gap or overlap
combination_0140_open_q1,combination_0140.png,"[""candidate=B; piece_counts=[5, 1]; candidate_total=6; target_total=6; blocking_reason=requires a reflection""]","[""B""]",B,"[5,1]",6,6,requires a reflection
combination_0141_open_q1,combination_0141.png,"[""candidate=D; piece_counts=[4, 1, 1]; candidate_total=6; target_total=6; blocking_reason=requires a reflection""]","[""D""]",D,"[4,1,1]",6,6,requires a reflection
combination_0142_open_q1,combination_0142.png,"[""candidate=A; piece_counts=[3, 4, 2]; candidate_total=9; target_total=9; blocking_reason=gap or overlap""]","[""A""]",A,"[3,4,2]",9,9,gap or overlap
combination_0143_open_q1,combination_0143.png,"[""candidate=D; piece_counts=[3, 1, 1]; candidate_total=5; target_total=6; blocking_reason=wrong cell count""]","[""D""]",D,"[3,1,1]",5,6,wrong cell count
combination_0144_open_q1,combination_0144.png,"[""candidate=B; piece_counts=[4, 5]; candidate_total=9; target_total=9; blocking_reason=requires a reflection""]","[""B""]",B,"[4,5]",9,9,requires a reflection
combination_0145_open_q1,combination_0145.png,"[""candidate=C; piece_counts=[4, 6]; candidate_total=10; target_total=10; blocking_reason=gap or overlap""]","[""C""]",C,"[4,6]",10,10,gap or overlap
combination_0146_open_q1,combination_0146.png,"[""candidate=D; piece_counts=[3, 5, 2]; candidate_total=10; target_total=10; blocking_reason=gap or overlap""]","[""D""]",D,"[3,5,2]",10,10,gap or overlap
combination_0147_open_q1,combination_0147.png,"[""candidate=D; piece_counts=[6, 1]; candidate_total=7; target_total=7; blocking_reason=requires a reflection""]","[""D""]",D,"[6,1]",7,7,requires a reflection
combination_0148_open_q1,combination_0148.png,"[""candidate=C; piece_counts=[4, 1, 1]; candidate_total=6; target_total=6; blocking_reason=requires a reflection""]","[""C""]",C,"[4,1,1]",6,6,requires a reflection
combination_0149_open_q1,combination_0149.png,"[""candidate=C; piece_counts=[4, 2, 1]; candidate_total=7; target_total=8; blocking_reason=wrong cell count""]","[""C""]",C,"[4,2,1]",7,8,wrong cell count
combination_0150_open_q1,combination_0150.png,"[""candidate=A; piece_counts=[1, 5, 1]; candidate_total=7; target_total=7; blocking_reason=requires a reflection""]","[""A""]",A,"[1,5,1]",7,7,requires a reflection
combination_0151_open_q1,combination_0151.png,"[""candidate=A; piece_counts=[6, 1]; candidate_total=7; target_total=7; blocking_reason=requires a reflection""]","[""A""]",A,"[6,1]",7,7,requires a reflection
combination_0152_open_q1,combination_0152.png,"[""candidate=A; piece_counts=[3, 3]; candidate_total=6; target_total=7; blocking_reason=wrong cell count""]","[""A""]",A,"[3,3]",6,7,wrong cell count
combination_0153_open_q1,combination_0153.png,"[""candidate=D; piece_counts=[5, 1]; candidate_total=6; target_total=6; blocking_reason=requires a reflection""]","[""D""]",D,"[5,1]",6,6,requires a reflection
combination_0154_open_q1,combination_0154.png,"[""candidate=A; piece_counts=[2, 5, 2]; candidate_total=9; target_total=9; blocking_reason=requires a reflection""]","[""A""]",A,"[2,5,2]",9,9,requires a reflection
combination_0155_open_q1,combination_0155.png,"[""candidate=B; piece_counts=[5, 4]; candidate_total=9; target_total=10; blocking_reason=wrong cell count""]","[""B""]",B,"[5,4]",9,10,wrong cell count
combination_0156_open_q1,combination_0156.png,"[""candidate=A; piece_counts=[1, 5, 1]; candidate_total=7; target_total=7; blocking_reason=requires a reflection""]","[""A""]",A,"[1,5,1]",7,7,requires a reflection
combination_0157_open_q1,combination_0157.png,"[""candidate=D; piece_counts=[2, 4, 1]; candidate_total=7; target_total=7; blocking_reason=requires a reflection""]","[""D""]",D,"[2,4,1]",7,7,requires a reflection
combination_0158_open_q1,combination_0158.png,"[""candidate=C; piece_counts=[5, 1]; candidate_total=6; target_total=6; blocking_reason=gap or overlap""]","[""C""]",C,"[5,1]",6,6,gap or overlap
combination_0159_open_q1,combination_0159.png,"[""candidate=B; piece_counts=[2, 6, 1]; candidate_total=9; target_total=9; blocking_reason=gap or overlap""]","[""B""]",B,"[2,6,1]",9,9,gap or overlap
combination_0160_open_q1,combination_0160.png,"[""candidate=B; piece_counts=[7, 1]; candidate_total=8; target_total=8; blocking_reason=gap or overlap""]","[""B""]",B,"[7,1]",8,8,gap or overlap
combination_0161_open_q1,combination_0161.png,"[""candidate=C; piece_counts=[6, 2, 1]; candidate_total=9; target_total=10; blocking_reason=wrong cell count""]","[""C""]",C,"[6,2,1]",9,10,wrong cell count
combination_0162_open_q1,combination_0162.png,"[""candidate=C; piece_counts=[4, 2]; candidate_total=6; target_total=7; blocking_reason=wrong cell count""]","[""C""]",C,"[4,2]",6,7,wrong cell count
combination_0163_open_q1,combination_0163.png,"[""candidate=D; piece_counts=[6, 2, 1]; candidate_total=9; target_total=9; blocking_reason=requires a reflection""]","[""D""]",D,"[6,2,1]",9,9,requires a reflection
combination_0164_open_q1,combination_0164.png,"[""candidate=A; piece_counts=[6, 1]; candidate_total=7; target_total=8; blocking_reason=wrong cell count""]","[""A""]",A,"[6,1]",7,8,wrong cell count
combination_0165_open_q1,combination_0165.png,"[""candidate=B; piece_counts=[2, 6, 1]; candidate_total=9; target_total=9; blocking_reason=requires a reflection""]","[""B""]",B,"[2,6,1]",9,9,requires a reflection
combination_0166_open_q1,combination_0166.png,"[""candidate=C; piece_counts=[6, 3]; candidate_total=9; target_total=10; blocking_reason=wrong cell count""]","[""C""]",C,"[6,3]",9,10,wrong cell count
combination_0167_open_q1,combination_0167.png,"[""candidate=B; piece_counts=[4, 4]; candidate_total=8; target_total=8; blocking_reason=requires a reflection""]","[""B""]",B,"[4,4]",8,8,requires a reflection
combination_0168_open_q1,combination_0168.png,"[""candidate=C; piece_counts=[7, 3]; candidate_total=10; target_total=10; blocking_reason=requires a reflection""]","[""C""]",C,"[7,3]",10,10,requires a reflection
combination_0169_open_q1,combination_0169.png,"[""candidate=D; piece_counts=[4, 6]; candidate_total=10; target_total=10; blocking_reason=requires a reflection""]","[""D""]",D,"[4,6]",10,10,requires a reflection
combination_0170_open_q1,combination_0170.png,"[""candidate=A; piece_counts=[5, 5]; candidate_total=10; target_total=10; blocking_reason=gap or overlap""]","[""A""]",A,"[5,5]",10,10,gap or overlap
combination_0171_open_q1,combination_0171.png,"[""candidate=A; piece_counts=[7, 1]; candidate_total=8; target_total=9; blocking_reason=wrong cell count""]","[""A""]",A,"[7,1]",8,9,wrong cell count
combination_0172_open_q1,combination_0172.png,"[""candidate=C; piece_counts=[2, 5]; candidate_total=7; target_total=7; blocking_reason=gap or overlap""]","[""C""]",C,"[2,5]",7,7,gap or overlap
combination_0173_open_q1,combination_0173.png,"[""candidate=C; piece_counts=[4, 6]; candidate_total=10; target_total=10; blocking_reason=gap or overlap""]","[""C""]",C,"[4,6]",10,10,gap or overlap
combination_0174_open_q1,combination_0174.png,"[""candidate=A; piece_counts=[5, 1]; candidate_total=6; target_total=6; blocking_reason=requires a reflection""]","[""A""]",A,"[5,1]",6,6,requires a reflection
combination_0175_open_q1,combination_0175.png,"[""candidate=D; piece_counts=[4, 1]; candidate_total=5; target_total=6; blocking_reason=wrong cell count""]","[""D""]",D,"[4,1]",5,6,wrong cell count
combination_0176_open_q1,combination_0176.png,"[""candidate=B; piece_counts=[5, 1]; candidate_total=6; target_total=7; blocking_reason=wrong cell count""]","[""B""]",B,"[5,1]",6,7,wrong cell count
combination_0177_open_q1,combination_0177.png,"[""candidate=B; piece_counts=[3, 3, 3]; candidate_total=9; target_total=9; blocking_reason=gap or overlap""]","[""B""]",B,"[3,3,3]",9,9,gap or overlap
combination_0178_open_q1,combination_0178.png,"[""candidate=C; piece_counts=[1, 5, 1, 1]; candidate_total=8; target_total=9; blocking_reason=wrong cell count""]","[""C""]",C,"[1,5,1,1]",8,9,wrong cell count
combination_0179_open_q1,combination_0179.png,"[""candidate=A; piece_counts=[5, 1]; candidate_total=6; target_total=6; blocking_reason=requires a reflection""]","[""A""]",A,"[5,1]",6,6,requires a reflection
combination_0180_open_q1,combination_0180.png,"[""candidate=B; piece_counts=[1, 5]; candidate_total=6; target_total=6; blocking_reason=gap or overlap""]","[""B""]",B,"[1,5]",6,6,gap or overlap
combination_0181_open_q1,combination_0181.png,"[""candidate=C; piece_counts=[2, 4]; candidate_total=6; target_total=6; blocking_reason=gap or overlap""]","[""C""]",C,"[2,4]",6,6,gap or overlap
combination_0182_open_q1,combination_0182.png,"[""candidate=C; piece_counts=[1, 5]; candidate_total=6; target_total=7; blocking_reason=wrong cell count""]","[""C""]",C,"[1,5]",6,7,wrong cell count
combination_0183_open_q1,combination_0183.png,"[""candidate=A; piece_counts=[4, 1]; candidate_total=5; target_total=6; blocking_reason=wrong cell count""]","[""A""]",A,"[4,1]",5,6,wrong cell count
combination_0184_open_q1,combination_0184.png,"[""candidate=C; piece_counts=[6, 1]; candidate_total=7; target_total=7; blocking_reason=gap or overlap""]","[""C""]",C,"[6,1]",7,7,gap or overlap
combination_0185_open_q1,combination_0185.png,"[""candidate=C; piece_counts=[5, 1]; candidate_total=6; target_total=7; blocking_reason=wrong cell count""]","[""C""]",C,"[5,1]",6,7,wrong cell count
combination_0186_open_q1,combination_0186.png,"[""candidate=D; piece_counts=[2, 2, 5]; candidate_total=9; target_total=9; blocking_reason=gap or overlap""]","[""D""]",D,"[2,2,5]",9,9,gap or overlap
combination_0187_open_q1,combination_0187.png,"[""candidate=D; piece_counts=[8, 2]; candidate_total=10; target_total=10; blocking_reason=gap or overlap""]","[""D""]",D,"[8,2]",10,10,gap or overlap
combination_0188_open_q1,combination_0188.png,"[""candidate=C; piece_counts=[6, 1]; candidate_total=7; target_total=7; blocking_reason=requires a reflection""]","[""C""]",C,"[6,1]",7,7,requires a reflection
combination_0189_open_q1,combination_0189.png,"[""candidate=D; piece_counts=[3, 5]; candidate_total=8; target_total=8; blocking_reason=requires a reflection""]","[""D""]",D,"[3,5]",8,8,requires a reflection
combination_0190_open_q1,combination_0190.png,"[""candidate=D; piece_counts=[4, 4]; candidate_total=8; target_total=8; blocking_reason=gap or overlap""]","[""D""]",D,"[4,4]",8,8,gap or overlap
combination_0191_open_q1,combination_0191.png,"[""candidate=D; piece_counts=[2, 6, 1]; candidate_total=9; target_total=10; blocking_reason=wrong cell count""]","[""D""]",D,"[2,6,1]",9,10,wrong cell count
combination_0192_open_q1,combination_0192.png,"[""candidate=C; piece_counts=[3, 2]; candidate_total=5; target_total=6; blocking_reason=wrong cell count""]","[""C""]",C,"[3,2]",5,6,wrong cell count
combination_0193_open_q1,combination_0193.png,"[""candidate=D; piece_counts=[5, 2]; candidate_total=7; target_total=7; blocking_reason=gap or overlap""]","[""D""]",D,"[5,2]",7,7,gap or overlap
combination_0194_open_q1,combination_0194.png,"[""candidate=D; piece_counts=[1, 9]; candidate_total=10; target_total=10; blocking_reason=gap or overlap""]","[""D""]",D,"[1,9]",10,10,gap or overlap
combination_0195_open_q1,combination_0195.png,"[""candidate=A; piece_counts=[1, 5]; candidate_total=6; target_total=6; blocking_reason=gap or overlap""]","[""A""]",A,"[1,5]",6,6,gap or overlap
combination_0196_open_q1,combination_0196.png,"[""candidate=A; piece_counts=[4, 1]; candidate_total=5; target_total=6; blocking_reason=wrong cell count""]","[""A""]",A,"[4,1]",5,6,wrong cell count
combination_0197_open_q1,combination_0197.png,"[""candidate=D; piece_counts=[6, 1]; candidate_total=7; target_total=7; blocking_reason=requires a reflection""]","[""D""]",D,"[6,1]",7,7,requires a reflection
combination_0198_open_q1,combination_0198.png,"[""candidate=A; piece_counts=[7, 1]; candidate_total=8; target_total=9; blocking_reason=wrong cell count""]","[""A""]",A,"[7,1]",8,9,wrong cell count
combination_0199_open_q1,combination_0199.png,"[""candidate=B; piece_counts=[4, 4, 1]; candidate_total=9; target_total=9; blocking_reason=requires a reflection""]","[""B""]",B,"[4,4,1]",9,9,requires a reflection
combination_0200_open_q1,combination_0200.png,"[""candidate=A; piece_counts=[5, 1]; candidate_total=6; target_total=6; blocking_reason=requires a reflection""]","[""A""]",A,"[5,1]",6,6,requires a reflection
combination_0201_open_q1,combination_0201.png,"[""candidate=C; piece_counts=[6, 1]; candidate_total=7; target_total=8; blocking_reason=wrong cell count""]","[""C""]",C,"[6,1]",7,8,wrong cell count
combination_0202_open_q1,combination_0202.png,"[""candidate=C; piece_counts=[8, 1]; candidate_total=9; target_total=9; blocking_reason=requires a reflection""]","[""C""]",C,"[8,1]",9,9,requires a reflection
combination_0203_open_q1,combination_0203.png,"[""candidate=B; piece_counts=[2, 7]; candidate_total=9; target_total=9; blocking_reason=gap or overlap""]","[""B""]",B,"[2,7]",9,9,gap or overlap
combination_0204_open_q1,combination_0204.png,"[""candidate=C; piece_counts=[3, 5, 2]; candidate_total=10; target_total=10; blocking_reason=gap or overlap""]","[""C""]",C,"[3,5,2]",10,10,gap or overlap
combination_0205_open_q1,combination_0205.png,"[""candidate=C; piece_counts=[4, 2]; candidate_total=6; target_total=6; blocking_reason=requires a reflection""]","[""C""]",C,"[4,2]",6,6,requires a reflection
combination_0206_open_q1,combination_0206.png,"[""candidate=D; piece_counts=[3, 5]; candidate_total=8; target_total=8; blocking_reason=gap or overlap""]","[""D""]",D,"[3,5]",8,8,gap or overlap
combination_0207_open_q1,combination_0207.png,"[""candidate=B; piece_counts=[4, 5, 1]; candidate_total=10; target_total=10; blocking_reason=requires a reflection""]","[""B""]",B,"[4,5,1]",10,10,requires a reflection
combination_0208_open_q1,combination_0208.png,"[""candidate=B; piece_counts=[5, 1]; candidate_total=6; target_total=7; blocking_reason=wrong cell count""]","[""B""]",B,"[5,1]",6,7,wrong cell count
combination_0209_open_q1,combination_0209.png,"[""candidate=C; piece_counts=[5, 1]; candidate_total=6; target_total=6; blocking_reason=requires a reflection""]","[""C""]",C,"[5,1]",6,6,requires a reflection
combination_0210_open_q1,combination_0210.png,"[""candidate=A; piece_counts=[8, 1]; candidate_total=9; target_total=9; blocking_reason=requires a reflection""]","[""A""]",A,"[8,1]",9,9,requires a reflection
combination_0211_open_q1,combination_0211.png,"[""candidate=B; piece_counts=[1, 6]; candidate_total=7; target_total=7; blocking_reason=requires a reflection""]","[""B""]",B,"[1,6]",7,7,requires a reflection
combination_0212_open_q1,combination_0212.png,"[""candidate=B; piece_counts=[2, 3]; candidate_total=5; target_total=6; blocking_reason=wrong cell count""]","[""B""]",B,"[2,3]",5,6,wrong cell count
combination_0213_open_q1,combination_0213.png,"[""candidate=D; piece_counts=[2, 5]; candidate_total=7; target_total=7; blocking_reason=gap or overlap""]","[""D""]",D,"[2,5]",7,7,gap or overlap
combination_0214_open_q1,combination_0214.png,"[""candidate=A; piece_counts=[6, 2]; candidate_total=8; target_total=8; blocking_reason=requires a reflection""]","[""A""]",A,"[6,2]",8,8,requires a reflection
combination_0215_open_q1,combination_0215.png,"[""candidate=B; piece_counts=[7, 1]; candidate_total=8; target_total=8; blocking_reason=requires a reflection""]","[""B""]",B,"[7,1]",8,8,requires a reflection
combination_0216_open_q1,combination_0216.png,"[""candidate=B; piece_counts=[1, 5]; candidate_total=6; target_total=7; blocking_reason=wrong cell count""]","[""B""]",B,"[1,5]",6,7,wrong cell count
combination_0217_open_q1,combination_0217.png,"[""candidate=B; piece_counts=[3, 1, 1, 1]; candidate_total=6; target_total=7; blocking_reason=wrong cell count""]","[""B""]",B,"[3,1,1,1]",6,7,wrong cell count
combination_0218_open_q1,combination_0218.png,"[""candidate=A; piece_counts=[4, 1, 1]; candidate_total=6; target_total=6; blocking_reason=requires a reflection""]","[""A""]",A,"[4,1,1]",6,6,requires a reflection
combination_0219_open_q1,combination_0219.png,"[""candidate=D; piece_counts=[6, 1]; candidate_total=7; target_total=8; blocking_reason=wrong cell count""]","[""D""]",D,"[6,1]",7,8,wrong cell count
combination_0220_open_q1,combination_0220.png,"[""candidate=C; piece_counts=[2, 5]; candidate_total=7; target_total=7; blocking_reason=gap or overlap""]","[""C""]",C,"[2,5]",7,7,gap or overlap
combination_0221_open_q1,combination_0221.png,"[""candidate=B; piece_counts=[5, 1]; candidate_total=6; target_total=6; blocking_reason=requires a reflection""]","[""B""]",B,"[5,1]",6,6,requires a reflection
combination_0222_open_q1,combination_0222.png,"[""candidate=D; piece_counts=[2, 3, 2]; candidate_total=7; target_total=7; blocking_reason=gap or overlap""]","[""D""]",D,"[2,3,2]",7,7,gap or overlap
combination_0223_open_q1,combination_0223.png,"[""candidate=D; piece_counts=[3, 4, 1]; candidate_total=8; target_total=9; blocking_reason=wrong cell count""]","[""D""]",D,"[3,4,1]",8,9,wrong cell count
combination_0224_open_q1,combination_0224.png,"[""candidate=A; piece_counts=[1, 4, 4]; candidate_total=9; target_total=9; blocking_reason=gap or overlap""]","[""A""]",A,"[1,4,4]",9,9,gap or overlap
combination_0225_open_q1,combination_0225.png,"[""candidate=C; piece_counts=[2, 4]; candidate_total=6; target_total=7; blocking_reason=wrong cell count""]","[""C""]",C,"[2,4]",6,7,wrong cell count
combination_0226_open_q1,combination_0226.png,"[""candidate=C; piece_counts=[5, 5]; candidate_total=10; target_total=10; blocking_reason=gap or overlap""]","[""C""]",C,"[5,5]",10,10,gap or overlap
combination_0227_open_q1,combination_0227.png,"[""candidate=B; piece_counts=[6, 1]; candidate_total=7; target_total=8; blocking_reason=wrong cell count""]","[""B""]",B,"[6,1]",7,8,wrong cell count
combination_0228_open_q1,combination_0228.png,"[""candidate=C; piece_counts=[6, 1]; candidate_total=7; target_total=7; blocking_reason=requires a reflection""]","[""C""]",C,"[6,1]",7,7,requires a reflection
combination_0229_open_q1,combination_0229.png,"[""candidate=D; piece_counts=[1, 5, 1]; candidate_total=7; target_total=7; blocking_reason=requires a reflection""]","[""D""]",D,"[1,5,1]",7,7,requires a reflection
combination_0230_open_q1,combination_0230.png,"[""candidate=C; piece_counts=[6, 2]; candidate_total=8; target_total=8; blocking_reason=requires a reflection""]","[""C""]",C,"[6,2]",8,8,requires a reflection
combination_0231_open_q1,combination_0231.png,"[""candidate=A; piece_counts=[7, 1]; candidate_total=8; target_total=9; blocking_reason=wrong cell count""]","[""A""]",A,"[7,1]",8,9,wrong cell count
combination_0232_open_q1,combination_0232.png,"[""candidate=C; piece_counts=[3, 4]; candidate_total=7; target_total=7; blocking_reason=gap or overlap""]","[""C""]",C,"[3,4]",7,7,gap or overlap
combination_0233_open_q1,combination_0233.png,"[""candidate=C; piece_counts=[5, 1]; candidate_total=6; target_total=7; blocking_reason=wrong cell count""]","[""C""]",C,"[5,1]",6,7,wrong cell count
combination_0234_open_q1,combination_0234.png,"[""candidate=D; piece_counts=[2, 2, 2]; candidate_total=6; target_total=6; blocking_reason=gap or overlap""]","[""D""]",D,"[2,2,2]",6,6,gap or overlap
combination_0235_open_q1,combination_0235.png,"[""candidate=D; piece_counts=[9, 1]; candidate_total=10; target_total=10; blocking_reason=requires a reflection""]","[""D""]",D,"[9,1]",10,10,requires a reflection
combination_0236_open_q1,combination_0236.png,"[""candidate=C; piece_counts=[4, 4, 1]; candidate_total=9; target_total=9; blocking_reason=requires a reflection""]","[""C""]",C,"[4,4,1]",9,9,requires a reflection
combination_0237_open_q1,combination_0237.png,"[""candidate=D; piece_counts=[4, 2, 1]; candidate_total=7; target_total=7; blocking_reason=requires a reflection""]","[""D""]",D,"[4,2,1]",7,7,requires a reflection
combination_0238_open_q1,combination_0238.png,"[""candidate=C; piece_counts=[5, 1]; candidate_total=6; target_total=6; blocking_reason=requires a reflection""]","[""C""]",C,"[5,1]",6,6,requires a reflection
combination_0239_open_q1,combination_0239.png,"[""candidate=B; piece_counts=[6, 1]; candidate_total=7; target_total=7; blocking_reason=requires a reflection""]","[""B""]",B,"[6,1]",7,7,requires a reflection
combination_0240_open_q1,combination_0240.png,"[""candidate=A; piece_counts=[1, 1, 3]; candidate_total=5; target_total=6; blocking_reason=wrong cell count""]","[""A""]",A,"[1,1,3]",5,6,wrong cell count
combination_0241_open_q1,combination_0241.png,"[""candidate=D; piece_counts=[4, 1]; candidate_total=5; target_total=6; blocking_reason=wrong cell count""]","[""D""]",D,"[4,1]",5,6,wrong cell count
combination_0242_open_q1,combination_0242.png,"[""candidate=A; piece_counts=[4, 4]; candidate_total=8; target_total=9; blocking_reason=wrong cell count""]","[""A""]",A,"[4,4]",8,9,wrong cell count
combination_0243_open_q1,combination_0243.png,"[""candidate=A; piece_counts=[1, 3, 4]; candidate_total=8; target_total=9; blocking_reason=wrong cell count""]","[""A""]",A,"[1,3,4]",8,9,wrong cell count
combination_0244_open_q1,combination_0244.png,"[""candidate=C; piece_counts=[7, 1, 1]; candidate_total=9; target_total=9; blocking_reason=requires a reflection""]","[""C""]",C,"[7,1,1]",9,9,requires a reflection
combination_0245_open_q1,combination_0245.png,"[""candidate=C; piece_counts=[2, 5, 2]; candidate_total=9; target_total=9; blocking_reason=gap or overlap""]","[""C""]",C,"[2,5,2]",9,9,gap or overlap
combination_0246_open_q1,combination_0246.png,"[""candidate=A; piece_counts=[8, 1]; candidate_total=9; target_total=9; blocking_reason=requires a reflection""]","[""A""]",A,"[8,1]",9,9,requires a reflection
combination_0247_open_q1,combination_0247.png,"[""candidate=B; piece_counts=[1, 5]; candidate_total=6; target_total=6; blocking_reason=requires a reflection""]","[""B""]",B,"[1,5]",6,6,requires a reflection
combination_0248_open_q1,combination_0248.png,"[""candidate=A; piece_counts=[5, 4]; candidate_total=9; target_total=9; blocking_reason=requires a reflection""]","[""A""]",A,"[5,4]",9,9,requires a reflection
combination_0249_open_q1,combination_0249.png,"[""candidate=B; piece_counts=[8, 1, 1]; candidate_total=10; target_total=10; blocking_reason=requires a reflection""]","[""B""]",B,"[8,1,1]",10,10,requires a reflection
combination_0250_open_q1,combination_0250.png,"[""candidate=D; piece_counts=[5, 1]; candidate_total=6; target_total=7; blocking_reason=wrong cell count""]","[""D""]",D,"[5,1]",6,7,wrong cell count
combination_0251_open_q1,combination_0251.png,"[""candidate=B; piece_counts=[7, 1, 1]; candidate_total=9; target_total=9; blocking_reason=requires a reflection""]","[""B""]",B,"[7,1,1]",9,9,requires a reflection
combination_0252_open_q1,combination_0252.png,"[""candidate=A; piece_counts=[2, 4]; candidate_total=6; target_total=6; blocking_reason=gap or overlap""]","[""A""]",A,"[2,4]",6,6,gap or overlap
combination_0253_open_q1,combination_0253.png,"[""candidate=C; piece_counts=[7, 1, 1]; candidate_total=9; target_total=9; blocking_reason=requires a reflection""]","[""C""]",C,"[7,1,1]",9,9,requires a reflection
combination_0254_open_q1,combination_0254.png,"[""candidate=A; piece_counts=[4, 3]; candidate_total=7; target_total=8; blocking_reason=wrong cell count""]","[""A""]",A,"[4,3]",7,8,wrong cell count
combination_0255_open_q1,combination_0255.png,"[""candidate=B; piece_counts=[7, 1, 1]; candidate_total=9; target_total=10; blocking_reason=wrong cell count""]","[""B""]",B,"[7,1,1]",9,10,wrong cell count
combination_0256_open_q1,combination_0256.png,"[""candidate=B; piece_counts=[3, 4, 1]; candidate_total=8; target_total=9; blocking_reason=wrong cell count""]","[""B""]",B,"[3,4,1]",8,9,wrong cell count
combination_0257_open_q1,combination_0257.png,"[""candidate=B; piece_counts=[5, 1]; candidate_total=6; target_total=6; blocking_reason=requires a reflection""]","[""B""]",B,"[5,1]",6,6,requires a reflection
combination_0258_open_q1,combination_0258.png,"[""candidate=D; piece_counts=[5, 2]; candidate_total=7; target_total=7; blocking_reason=requires a reflection""]","[""D""]",D,"[5,2]",7,7,requires a reflection
combination_0259_open_q1,combination_0259.png,"[""candidate=A; piece_counts=[3, 2]; candidate_total=5; target_total=6; blocking_reason=wrong cell count""]","[""A""]",A,"[3,2]",5,6,wrong cell count
combination_0260_open_q1,combination_0260.png,"[""candidate=C; piece_counts=[6, 3]; candidate_total=9; target_total=9; blocking_reason=requires a reflection""]","[""C""]",C,"[6,3]",9,9,requires a reflection
combination_0261_open_q1,combination_0261.png,"[""candidate=D; piece_counts=[5, 2]; candidate_total=7; target_total=7; blocking_reason=gap or overlap""]","[""D""]",D,"[5,2]",7,7,gap or overlap
combination_0262_open_q1,combination_0262.png,"[""candidate=D; piece_counts=[3, 7]; candidate_total=10; target_total=10; blocking_reason=gap or overlap""]","[""D""]",D,"[3,7]",10,10,gap or overlap
combination_0263_open_q1,combination_0263.png,"[""candidate=D; piece_counts=[6, 1, 1, 1]; candidate_total=9; target_total=9; blocking_reason=requires a reflection""]","[""D""]",D,"[6,1,1,1]",9,9,requires a reflection
combination_0264_open_q1,combination_0264.png,"[""candidate=A; piece_counts=[2, 6]; candidate_total=8; target_total=8; blocking_reason=gap or overlap""]","[""A""]",A,"[2,6]",8,8,gap or overlap
combination_0265_open_q1,combination_0265.png,"[""candidate=C; piece_counts=[7, 1]; candidate_total=8; target_total=8; blocking_reason=requires a reflection""]","[""C""]",C,"[7,1]",8,8,requires a reflection
combination_0266_open_q1,combination_0266.png,"[""candidate=A; piece_counts=[2, 4]; candidate_total=6; target_total=6; blocking_reason=gap or overlap""]","[""A""]",A,"[2,4]",6,6,gap or overlap
combination_0267_open_q1,combination_0267.png,"[""candidate=D; piece_counts=[7, 1]; candidate_total=8; target_total=9; blocking_reason=wrong cell count""]","[""D""]",D,"[7,1]",8,9,wrong cell count
combination_0268_open_q1,combination_0268.png,"[""candidate=A; piece_counts=[7, 3]; candidate_total=10; target_total=10; blocking_reason=requires a reflection""]","[""A""]",A,"[7,3]",10,10,requires a reflection
combination_0269_open_q1,combination_0269.png,"[""candidate=C; piece_counts=[1, 5]; candidate_total=6; target_total=6; blocking_reason=gap or overlap""]","[""C""]",C,"[1,5]",6,6,gap or overlap
combination_0270_open_q1,combination_0270.png,"[""candidate=A; piece_counts=[4, 2]; candidate_total=6; target_total=6; blocking_reason=gap or overlap""]","[""A""]",A,"[4,2]",6,6,gap or overlap
combination_0271_open_q1,combination_0271.png,"[""candidate=A; piece_counts=[3, 4]; candidate_total=7; target_total=8; blocking_reason=wrong cell count""]","[""A""]",A,"[3,4]",7,8,wrong cell count
combination_0272_open_q1,combination_0272.png,"[""candidate=C; piece_counts=[2, 4]; candidate_total=6; target_total=6; blocking_reason=gap or overlap""]","[""C""]",C,"[2,4]",6,6,gap or overlap
combination_0273_open_q1,combination_0273.png,"[""candidate=B; piece_counts=[1, 6, 2, 1]; candidate_total=10; target_total=10; blocking_reason=requires a reflection""]","[""B""]",B,"[1,6,2,1]",10,10,requires a reflection
combination_0274_open_q1,combination_0274.png,"[""candidate=C; piece_counts=[2, 5, 1]; candidate_total=8; target_total=8; blocking_reason=requires a reflection""]","[""C""]",C,"[2,5,1]",8,8,requires a reflection
combination_0275_open_q1,combination_0275.png,"[""candidate=A; piece_counts=[5, 4]; candidate_total=9; target_total=10; blocking_reason=wrong cell count""]","[""A""]",A,"[5,4]",9,10,wrong cell count
combination_0276_open_q1,combination_0276.png,"[""candidate=A; piece_counts=[1, 6]; candidate_total=7; target_total=7; blocking_reason=requires a reflection""]","[""A""]",A,"[1,6]",7,7,requires a reflection
combination_0277_open_q1,combination_0277.png,"[""candidate=D; piece_counts=[5, 1]; candidate_total=6; target_total=7; blocking_reason=wrong cell count""]","[""D""]",D,"[5,1]",6,7,wrong cell count
combination_0278_open_q1,combination_0278.png,"[""candidate=C; piece_counts=[2, 6]; candidate_total=8; target_total=8; blocking_reason=gap or overlap""]","[""C""]",C,"[2,6]",8,8,gap or overlap
combination_0279_open_q1,combination_0279.png,"[""candidate=D; piece_counts=[5, 1]; candidate_total=6; target_total=6; blocking_reason=gap or overlap""]","[""D""]",D,"[5,1]",6,6,gap or overlap
combination_0280_open_q1,combination_0280.png,"[""candidate=C; piece_counts=[5, 1]; candidate_total=6; target_total=6; blocking_reason=requires a reflection""]","[""C""]",C,"[5,1]",6,6,requires a reflection
combination_0281_open_q1,combination_0281.png,"[""candidate=C; piece_counts=[6, 1]; candidate_total=7; target_total=8; blocking_reason=wrong cell count""]","[""C""]",C,"[6,1]",7,8,wrong cell count
combination_0282_open_q1,combination_0282.png,"[""candidate=D; piece_counts=[5, 3, 1]; candidate_total=9; target_total=9; blocking_reason=requires a reflection""]","[""D""]",D,"[5,3,1]",9,9,requires a reflection
combination_0283_open_q1,combination_0283.png,"[""candidate=B; piece_counts=[5, 2]; candidate_total=7; target_total=7; blocking_reason=requires a reflection""]","[""B""]",B,"[5,2]",7,7,requires a reflection
combination_0284_open_q1,combination_0284.png,"[""candidate=C; piece_counts=[1, 5, 1, 1]; candidate_total=8; target_total=8; blocking_reason=requires a reflection""]","[""C""]",C,"[1,5,1,1]",8,8,requires a reflection
combination_0285_open_q1,combination_0285.png,"[""candidate=B; piece_counts=[1, 8]; candidate_total=9; target_total=9; blocking_reason=gap or overlap""]","[""B""]",B,"[1,8]",9,9,gap or overlap
combination_0286_open_q1,combination_0286.png,"[""candidate=D; piece_counts=[1, 6, 1]; candidate_total=8; target_total=8; blocking_reason=gap or overlap""]","[""D""]",D,"[1,6,1]",8,8,gap or overlap
combination_0287_open_q1,combination_0287.png,"[""candidate=A; piece_counts=[6, 1]; candidate_total=7; target_total=8; blocking_reason=wrong cell count""]","[""A""]",A,"[6,1]",7,8,wrong cell count
combination_0288_open_q1,combination_0288.png,"[""candidate=A; piece_counts=[1, 6, 1]; candidate_total=8; target_total=9; blocking_reason=wrong cell count""]","[""A""]",A,"[1,6,1]",8,9,wrong cell count
combination_0289_open_q1,combination_0289.png,"[""candidate=D; piece_counts=[4, 2]; candidate_total=6; target_total=7; blocking_reason=wrong cell count""]","[""D""]",D,"[4,2]",6,7,wrong cell count
combination_0290_open_q1,combination_0290.png,"[""candidate=D; piece_counts=[6, 1, 1]; candidate_total=8; target_total=9; blocking_reason=wrong cell count""]","[""D""]",D,"[6,1,1]",8,9,wrong cell count
combination_0291_open_q1,combination_0291.png,"[""candidate=B; piece_counts=[2, 1, 7]; candidate_total=10; target_total=10; blocking_reason=gap or overlap""]","[""B""]",B,"[2,1,7]",10,10,gap or overlap
combination_0292_open_q1,combination_0292.png,"[""candidate=A; piece_counts=[1, 7]; candidate_total=8; target_total=8; blocking_reason=gap or overlap""]","[""A""]",A,"[1,7]",8,8,gap or overlap
combination_0293_open_q1,combination_0293.png,"[""candidate=D; piece_counts=[1, 5]; candidate_total=6; target_total=6; blocking_reason=requires a reflection""]","[""D""]",D,"[1,5]",6,6,requires a reflection
combination_0294_open_q1,combination_0294.png,"[""candidate=A; piece_counts=[6, 2]; candidate_total=8; target_total=9; blocking_reason=wrong cell count""]","[""A""]",A,"[6,2]",8,9,wrong cell count
combination_0295_open_q1,combination_0295.png,"[""candidate=D; piece_counts=[5, 4]; candidate_total=9; target_total=9; blocking_reason=requires a reflection""]","[""D""]",D,"[5,4]",9,9,requires a reflection
combination_0296_open_q1,combination_0296.png,"[""candidate=A; piece_counts=[1, 4, 2]; candidate_total=7; target_total=8; blocking_reason=wrong cell count""]","[""A""]",A,"[1,4,2]",7,8,wrong cell count
combination_0297_open_q1,combination_0297.png,"[""candidate=D; piece_counts=[6, 1, 1]; candidate_total=8; target_total=9; blocking_reason=wrong cell count""]","[""D""]",D,"[6,1,1]",8,9,wrong cell count
combination_0298_open_q1,combination_0298.png,"[""candidate=A; piece_counts=[7, 1, 2]; candidate_total=10; target_total=10; blocking_reason=requires a reflection""]","[""A""]",A,"[7,1,2]",10,10,requires a reflection
combination_0299_open_q1,combination_0299.png,"[""candidate=B; piece_counts=[4, 3]; candidate_total=7; target_total=7; blocking_reason=requires a reflection""]","[""B""]",B,"[4,3]",7,7,requires a reflection
combination_0300_open_q1,combination_0300.png,"[""candidate=A; piece_counts=[7, 1]; candidate_total=8; target_total=8; blocking_reason=gap or overlap""]","[""A""]",A,"[7,1]",8,8,gap or overlap
combination_0301_open_q1,combination_0301.png,"[""candidate=D; piece_counts=[4, 4]; candidate_total=8; target_total=9; blocking_reason=wrong cell count""]","[""D""]",D,"[4,4]",8,9,wrong cell count
combination_0302_open_q1,combination_0302.png,"[""candidate=C; piece_counts=[8, 2]; candidate_total=10; target_total=10; blocking_reason=requires a reflection""]","[""C""]",C,"[8,2]",10,10,requires a reflection
combination_0303_open_q1,combination_0303.png,"[""candidate=B; piece_counts=[2, 5]; candidate_total=7; target_total=7; blocking_reason=gap or overlap""]","[""B""]",B,"[2,5]",7,7,gap or overlap
combination_0304_open_q1,combination_0304.png,"[""candidate=A; piece_counts=[4, 4]; candidate_total=8; target_total=9; blocking_reason=wrong cell count""]","[""A""]",A,"[4,4]",8,9,wrong cell count
combination_0305_open_q1,combination_0305.png,"[""candidate=B; piece_counts=[2, 5, 3]; candidate_total=10; target_total=10; blocking_reason=requires a reflection""]","[""B""]",B,"[2,5,3]",10,10,requires a reflection
combination_0306_open_q1,combination_0306.png,"[""candidate=A; piece_counts=[3, 4]; candidate_total=7; target_total=7; blocking_reason=requires a reflection""]","[""A""]",A,"[3,4]",7,7,requires a reflection
combination_0307_open_q1,combination_0307.png,"[""candidate=B; piece_counts=[7, 1]; candidate_total=8; target_total=8; blocking_reason=gap or overlap""]","[""B""]",B,"[7,1]",8,8,gap or overlap
combination_0308_open_q1,combination_0308.png,"[""candidate=A; piece_counts=[5, 4]; candidate_total=9; target_total=9; blocking_reason=requires a reflection""]","[""A""]",A,"[5,4]",9,9,requires a reflection
combination_0309_open_q1,combination_0309.png,"[""candidate=D; piece_counts=[1, 5]; candidate_total=6; target_total=6; blocking_reason=requires a reflection""]","[""D""]",D,"[1,5]",6,6,requires a reflection
combination_0310_open_q1,combination_0310.png,"[""candidate=C; piece_counts=[5, 2]; candidate_total=7; target_total=7; blocking_reason=gap or overlap""]","[""C""]",C,"[5,2]",7,7,gap or overlap
combination_0311_open_q1,combination_0311.png,"[""candidate=A; piece_counts=[4, 2]; candidate_total=6; target_total=6; blocking_reason=requires a reflection""]","[""A""]",A,"[4,2]",6,6,requires a reflection
combination_0312_open_q1,combination_0312.png,"[""candidate=C; piece_counts=[8, 1]; candidate_total=9; target_total=9; blocking_reason=requires a reflection""]","[""C""]",C,"[8,1]",9,9,requires a reflection
combination_0313_open_q1,combination_0313.png,"[""candidate=C; piece_counts=[6, 2]; candidate_total=8; target_total=9; blocking_reason=wrong cell count""]","[""C""]",C,"[6,2]",8,9,wrong cell count
combination_0314_open_q1,combination_0314.png,"[""candidate=C; piece_counts=[5, 1]; candidate_total=6; target_total=6; blocking_reason=requires a reflection""]","[""C""]",C,"[5,1]",6,6,requires a reflection
combination_0315_open_q1,combination_0315.png,"[""candidate=B; piece_counts=[1, 5, 1, 1]; candidate_total=8; target_total=9; blocking_reason=wrong cell count""]","[""B""]",B,"[1,5,1,1]",8,9,wrong cell count
combination_0316_open_q1,combination_0316.png,"[""candidate=C; piece_counts=[3, 4, 1]; candidate_total=8; target_total=8; blocking_reason=requires a reflection""]","[""C""]",C,"[3,4,1]",8,8,requires a reflection
combination_0317_open_q1,combination_0317.png,"[""candidate=D; piece_counts=[5, 3]; candidate_total=8; target_total=9; blocking_reason=wrong cell count""]","[""D""]",D,"[5,3]",8,9,wrong cell count
combination_0318_open_q1,combination_0318.png,"[""candidate=A; piece_counts=[3, 2]; candidate_total=5; target_total=6; blocking_reason=wrong cell count""]","[""A""]",A,"[3,2]",5,6,wrong cell count
combination_0319_open_q1,combination_0319.png,"[""candidate=B; piece_counts=[4, 5]; candidate_total=9; target_total=10; blocking_reason=wrong cell count""]","[""B""]",B,"[4,5]",9,10,wrong cell count
combination_0320_open_q1,combination_0320.png,"[""candidate=C; piece_counts=[1, 5]; candidate_total=6; target_total=6; blocking_reason=gap or overlap""]","[""C""]",C,"[1,5]",6,6,gap or overlap
combination_0321_open_q1,combination_0321.png,"[""candidate=D; piece_counts=[2, 4, 1]; candidate_total=7; target_total=7; blocking_reason=gap or overlap""]","[""D""]",D,"[2,4,1]",7,7,gap or overlap
combination_0322_open_q1,combination_0322.png,"[""candidate=C; piece_counts=[5, 1, 1, 1]; candidate_total=8; target_total=9; blocking_reason=wrong cell count""]","[""C""]",C,"[5,1,1,1]",8,9,wrong cell count
combination_0323_open_q1,combination_0323.png,"[""candidate=A; piece_counts=[2, 4]; candidate_total=6; target_total=6; blocking_reason=requires a reflection""]","[""A""]",A,"[2,4]",6,6,requires a reflection
combination_0324_open_q1,combination_0324.png,"[""candidate=A; piece_counts=[6, 3]; candidate_total=9; target_total=9; blocking_reason=requires a reflection""]","[""A""]",A,"[6,3]",9,9,requires a reflection
combination_0325_open_q1,combination_0325.png,"[""candidate=C; piece_counts=[6, 1, 2, 1]; candidate_total=10; target_total=10; blocking_reason=requires a reflection""]","[""C""]",C,"[6,1,2,1]",10,10,requires a reflection
combination_0326_open_q1,combination_0326.png,"[""candidate=C; piece_counts=[7, 1]; candidate_total=8; target_total=8; blocking_reason=requires a reflection""]","[""C""]",C,"[7,1]",8,8,requires a reflection
combination_0327_open_q1,combination_0327.png,"[""candidate=B; piece_counts=[8, 1]; candidate_total=9; target_total=9; blocking_reason=gap or overlap""]","[""B""]",B,"[8,1]",9,9,gap or overlap
combination_0328_open_q1,combination_0328.png,"[""candidate=A; piece_counts=[1, 4, 2]; candidate_total=7; target_total=8; blocking_reason=wrong cell count""]","[""A""]",A,"[1,4,2]",7,8,wrong cell count
combination_0329_open_q1,combination_0329.png,"[""candidate=B; piece_counts=[9, 1]; candidate_total=10; target_total=10; blocking_reason=requires a reflection""]","[""B""]",B,"[9,1]",10,10,requires a reflection
combination_0330_open_q1,combination_0330.png,"[""candidate=D; piece_counts=[2, 4]; candidate_total=6; target_total=6; blocking_reason=gap or overlap""]","[""D""]",D,"[2,4]",6,6,gap or overlap
combination_0331_open_q1,combination_0331.png,"[""candidate=D; piece_counts=[1, 6]; candidate_total=7; target_total=7; blocking_reason=gap or overlap""]","[""D""]",D,"[1,6]",7,7,gap or overlap
combination_0332_open_q1,combination_0332.png,"[""candidate=A; piece_counts=[1, 4, 3, 1]; candidate_total=9; target_total=10; blocking_reason=wrong cell count""]","[""A""]",A,"[1,4,3,1]",9,10,wrong cell count
combination_0333_open_q1,combination_0333.png,"[""candidate=C; piece_counts=[5, 3]; candidate_total=8; target_total=8; blocking_reason=requires a reflection""]","[""C""]",C,"[5,3]",8,8,requires a reflection
combination_0334_open_q1,combination_0334.png,"[""candidate=A; piece_counts=[7, 1]; candidate_total=8; target_total=9; blocking_reason=wrong cell count""]","[""A""]",A,"[7,1]",8,9,wrong cell count
combination_0335_open_q1,combination_0335.png,"[""candidate=B; piece_counts=[1, 5, 3]; candidate_total=9; target_total=9; blocking_reason=requires a reflection""]","[""B""]",B,"[1,5,3]",9,9,requires a reflection
combination_0336_open_q1,combination_0336.png,"[""candidate=B; piece_counts=[2, 7, 1]; candidate_total=10; target_total=10; blocking_reason=requires a reflection""]","[""B""]",B,"[2,7,1]",10,10,requires a reflection
combination_0337_open_q1,combination_0337.png,"[""candidate=C; piece_counts=[4, 5]; candidate_total=9; target_total=10; blocking_reason=wrong cell count""]","[""C""]",C,"[4,5]",9,10,wrong cell count
combination_0338_open_q1,combination_0338.png,"[""candidate=A; piece_counts=[3, 3, 1]; candidate_total=7; target_total=8; blocking_reason=wrong cell count""]","[""A""]",A,"[3,3,1]",7,8,wrong cell count
combination_0339_open_q1,combination_0339.png,"[""candidate=B; piece_counts=[4, 2]; candidate_total=6; target_total=7; blocking_reason=wrong cell count""]","[""B""]",B,"[4,2]",6,7,wrong cell count
combination_0340_open_q1,combination_0340.png,"[""candidate=A; piece_counts=[4, 1]; candidate_total=5; target_total=6; blocking_reason=wrong cell count""]","[""A""]",A,"[4,1]",5,6,wrong cell count
combination_0341_open_q1,combination_0341.png,"[""candidate=B; piece_counts=[9, 1]; candidate_total=10; target_total=10; blocking_reason=requires a reflection""]","[""B""]",B,"[9,1]",10,10,requires a reflection
combination_0342_open_q1,combination_0342.png,"[""candidate=A; piece_counts=[1, 1, 8]; candidate_total=10; target_total=10; blocking_reason=gap or overlap""]","[""A""]",A,"[1,1,8]",10,10,gap or overlap
combination_0343_open_q1,combination_0343.png,"[""candidate=A; piece_counts=[5, 1]; candidate_total=6; target_total=7; blocking_reason=wrong cell count""]","[""A""]",A,"[5,1]",6,7,wrong cell count
combination_0344_open_q1,combination_0344.png,"[""candidate=A; piece_counts=[4, 1]; candidate_total=5; target_total=6; blocking_reason=wrong cell count""]","[""A""]",A,"[4,1]",5,6,wrong cell count
combination_0345_open_q1,combination_0345.png,"[""candidate=B; piece_counts=[2, 2, 2]; candidate_total=6; target_total=6; blocking_reason=gap or overlap""]","[""B""]",B,"[2,2,2]",6,6,gap or overlap
combination_0346_open_q1,combination_0346.png,"[""candidate=C; piece_counts=[6, 2, 1, 1]; candidate_total=10; target_total=10; blocking_reason=requires a reflection""]","[""C""]",C,"[6,2,1,1]",10,10,requires a reflection
combination_0347_open_q1,combination_0347.png,"[""candidate=B; piece_counts=[2, 4, 2]; candidate_total=8; target_total=9; blocking_reason=wrong cell count""]","[""B""]",B,"[2,4,2]",8,9,wrong cell count
combination_0348_open_q1,combination_0348.png,"[""candidate=A; piece_counts=[5, 2]; candidate_total=7; target_total=7; blocking_reason=requires a reflection""]","[""A""]",A,"[5,2]",7,7,requires a reflection
combination_0349_open_q1,combination_0349.png,"[""candidate=D; piece_counts=[6, 2]; candidate_total=8; target_total=9; blocking_reason=wrong cell count""]","[""D""]",D,"[6,2]",8,9,wrong cell count
combination_0350_open_q1,combination_0350.png,"[""candidate=A; piece_counts=[1, 4, 4]; candidate_total=9; target_total=9; blocking_reason=gap or overlap""]","[""A""]",A,"[1,4,4]",9,9,gap or overlap
combination_0351_open_q1,combination_0351.png,"[""candidate=A; piece_counts=[4, 3]; candidate_total=7; target_total=8; blocking_reason=wrong cell count""]","[""A""]",A,"[4,3]",7,8,wrong cell count
combination_0352_open_q1,combination_0352.png,"[""candidate=B; piece_counts=[4, 1, 1]; candidate_total=6; target_total=6; blocking_reason=requires a reflection""]","[""B""]",B,"[4,1,1]",6,6,requires a reflection
combination_0353_open_q1,combination_0353.png,"[""candidate=C; piece_counts=[1, 2, 6]; candidate_total=9; target_total=9; blocking_reason=gap or overlap""]","[""C""]",C,"[1,2,6]",9,9,gap or overlap
combination_0354_open_q1,combination_0354.png,"[""candidate=D; piece_counts=[3, 3]; candidate_total=6; target_total=6; blocking_reason=gap or overlap""]","[""D""]",D,"[3,3]",6,6,gap or overlap
combination_0355_open_q1,combination_0355.png,"[""candidate=B; piece_counts=[7, 3]; candidate_total=10; target_total=10; blocking_reason=gap or overlap""]","[""B""]",B,"[7,3]",10,10,gap or overlap
combination_0356_open_q1,combination_0356.png,"[""candidate=B; piece_counts=[7, 2]; candidate_total=9; target_total=9; blocking_reason=gap or overlap""]","[""B""]",B,"[7,2]",9,9,gap or overlap
combination_0357_open_q1,combination_0357.png,"[""candidate=B; piece_counts=[4, 1, 1]; candidate_total=6; target_total=6; blocking_reason=requires a reflection""]","[""B""]",B,"[4,1,1]",6,6,requires a reflection
combination_0358_open_q1,combination_0358.png,"[""candidate=C; piece_counts=[4, 2]; candidate_total=6; target_total=7; blocking_reason=wrong cell count""]","[""C""]",C,"[4,2]",6,7,wrong cell count
combination_0359_open_q1,combination_0359.png,"[""candidate=A; piece_counts=[1, 8]; candidate_total=9; target_total=9; blocking_reason=gap or overlap""]","[""A""]",A,"[1,8]",9,9,gap or overlap
combination_0360_open_q1,combination_0360.png,"[""candidate=C; piece_counts=[1, 6]; candidate_total=7; target_total=7; blocking_reason=requires a reflection""]","[""C""]",C,"[1,6]",7,7,requires a reflection
combination_0361_open_q1,combination_0361.png,"[""candidate=B; piece_counts=[5, 4]; candidate_total=9; target_total=9; blocking_reason=requires a reflection""]","[""B""]",B,"[5,4]",9,9,requires a reflection
combination_0362_open_q1,combination_0362.png,"[""candidate=C; piece_counts=[7, 2, 1]; candidate_total=10; target_total=10; blocking_reason=requires a reflection""]","[""C""]",C,"[7,2,1]",10,10,requires a reflection
combination_0363_open_q1,combination_0363.png,"[""candidate=B; piece_counts=[5, 1]; candidate_total=6; target_total=6; blocking_reason=gap or overlap""]","[""B""]",B,"[5,1]",6,6,gap or overlap
combination_0364_open_q1,combination_0364.png,"[""candidate=C; piece_counts=[5, 1]; candidate_total=6; target_total=6; blocking_reason=requires a reflection""]","[""C""]",C,"[5,1]",6,6,requires a reflection
combination_0365_open_q1,combination_0365.png,"[""candidate=D; piece_counts=[6, 1]; candidate_total=7; target_total=7; blocking_reason=gap or overlap""]","[""D""]",D,"[6,1]",7,7,gap or overlap
combination_0366_open_q1,combination_0366.png,"[""candidate=C; piece_counts=[4, 1]; candidate_total=5; target_total=6; blocking_reason=wrong cell count""]","[""C""]",C,"[4,1]",5,6,wrong cell count
combination_0367_open_q1,combination_0367.png,"[""candidate=B; piece_counts=[3, 6]; candidate_total=9; target_total=9; blocking_reason=gap or overlap""]","[""B""]",B,"[3,6]",9,9,gap or overlap
combination_0368_open_q1,combination_0368.png,"[""candidate=A; piece_counts=[2, 3]; candidate_total=5; target_total=6; blocking_reason=wrong cell count""]","[""A""]",A,"[2,3]",5,6,wrong cell count
combination_0369_open_q1,combination_0369.png,"[""candidate=C; piece_counts=[5, 2, 1]; candidate_total=8; target_total=8; blocking_reason=requires a reflection""]","[""C""]",C,"[5,2,1]",8,8,requires a reflection
combination_0370_open_q1,combination_0370.png,"[""candidate=D; piece_counts=[2, 1, 4]; candidate_total=7; target_total=8; blocking_reason=wrong cell count""]","[""D""]",D,"[2,1,4]",7,8,wrong cell count
combination_0371_open_q1,combination_0371.png,"[""candidate=D; piece_counts=[4, 1, 3]; candidate_total=8; target_total=9; blocking_reason=wrong cell count""]","[""D""]",D,"[4,1,3]",8,9,wrong cell count
combination_0372_open_q1,combination_0372.png,"[""candidate=B; piece_counts=[2, 6]; candidate_total=8; target_total=8; blocking_reason=gap or overlap""]","[""B""]",B,"[2,6]",8,8,gap or overlap
combination_0373_open_q1,combination_0373.png,"[""candidate=C; piece_counts=[4, 2]; candidate_total=6; target_total=6; blocking_reason=gap or overlap""]","[""C""]",C,"[4,2]",6,6,gap or overlap
combination_0374_open_q1,combination_0374.png,"[""candidate=C; piece_counts=[7, 2, 1]; candidate_total=10; target_total=10; blocking_reason=requires a reflection""]","[""C""]",C,"[7,2,1]",10,10,requires a reflection
combination_0375_open_q1,combination_0375.png,"[""candidate=B; piece_counts=[1, 5]; candidate_total=6; target_total=7; blocking_reason=wrong cell count""]","[""B""]",B,"[1,5]",6,7,wrong cell count
combination_0376_open_q1,combination_0376.png,"[""candidate=B; piece_counts=[3, 6]; candidate_total=9; target_total=9; blocking_reason=gap or overlap""]","[""B""]",B,"[3,6]",9,9,gap or overlap
combination_0377_open_q1,combination_0377.png,"[""candidate=B; piece_counts=[3, 3]; candidate_total=6; target_total=6; blocking_reason=gap or overlap""]","[""B""]",B,"[3,3]",6,6,gap or overlap
combination_0378_open_q1,combination_0378.png,"[""candidate=D; piece_counts=[4, 4]; candidate_total=8; target_total=9; blocking_reason=wrong cell count""]","[""D""]",D,"[4,4]",8,9,wrong cell count
combination_0379_open_q1,combination_0379.png,"[""candidate=B; piece_counts=[7, 2]; candidate_total=9; target_total=10; blocking_reason=wrong cell count""]","[""B""]",B,"[7,2]",9,10,wrong cell count
combination_0380_open_q1,combination_0380.png,"[""candidate=C; piece_counts=[1, 5, 3, 1]; candidate_total=10; target_total=10; blocking_reason=requires a reflection""]","[""C""]",C,"[1,5,3,1]",10,10,requires a reflection
combination_0381_open_q1,combination_0381.png,"[""candidate=B; piece_counts=[1, 7, 1]; candidate_total=9; target_total=10; blocking_reason=wrong cell count""]","[""B""]",B,"[1,7,1]",9,10,wrong cell count
combination_0382_open_q1,combination_0382.png,"[""candidate=D; piece_counts=[6, 1]; candidate_total=7; target_total=7; blocking_reason=requires a reflection""]","[""D""]",D,"[6,1]",7,7,requires a reflection
combination_0383_open_q1,combination_0383.png,"[""candidate=B; piece_counts=[4, 3, 1]; candidate_total=8; target_total=9; blocking_reason=wrong cell count""]","[""B""]",B,"[4,3,1]",8,9,wrong cell count
combination_0384_open_q1,combination_0384.png,"[""candidate=B; piece_counts=[5, 1]; candidate_total=6; target_total=6; blocking_reason=gap or overlap""]","[""B""]",B,"[5,1]",6,6,gap or overlap
combination_0385_open_q1,combination_0385.png,"[""candidate=D; piece_counts=[8, 1]; candidate_total=9; target_total=9; blocking_reason=gap or overlap""]","[""D""]",D,"[8,1]",9,9,gap or overlap
combination_0386_open_q1,combination_0386.png,"[""candidate=D; piece_counts=[6, 3]; candidate_total=9; target_total=9; blocking_reason=gap or overlap""]","[""D""]",D,"[6,3]",9,9,gap or overlap
combination_0387_open_q1,combination_0387.png,"[""candidate=A; piece_counts=[2, 4]; candidate_total=6; target_total=6; blocking_reason=gap or overlap""]","[""A""]",A,"[2,4]",6,6,gap or overlap
combination_0388_open_q1,combination_0388.png,"[""candidate=C; piece_counts=[6, 1]; candidate_total=7; target_total=8; blocking_reason=wrong cell count""]","[""C""]",C,"[6,1]",7,8,wrong cell count
combination_0389_open_q1,combination_0389.png,"[""candidate=D; piece_counts=[6, 1]; candidate_total=7; target_total=8; blocking_reason=wrong cell count""]","[""D""]",D,"[6,1]",7,8,wrong cell count
combination_0390_open_q1,combination_0390.png,"[""candidate=C; piece_counts=[1, 3, 1]; candidate_total=5; target_total=6; blocking_reason=wrong cell count""]","[""C""]",C,"[1,3,1]",5,6,wrong cell count
combination_0391_open_q1,combination_0391.png,"[""candidate=B; piece_counts=[1, 6]; candidate_total=7; target_total=7; blocking_reason=gap or overlap""]","[""B""]",B,"[1,6]",7,7,gap or overlap
combination_0392_open_q1,combination_0392.png,"[""candidate=B; piece_counts=[4, 5]; candidate_total=9; target_total=9; blocking_reason=gap or overlap""]","[""B""]",B,"[4,5]",9,9,gap or overlap
combination_0393_open_q1,combination_0393.png,"[""candidate=C; piece_counts=[4, 2]; candidate_total=6; target_total=7; blocking_reason=wrong cell count""]","[""C""]",C,"[4,2]",6,7,wrong cell count
combination_0394_open_q1,combination_0394.png,"[""candidate=C; piece_counts=[2, 4, 2]; candidate_total=8; target_total=8; blocking_reason=gap or overlap""]","[""C""]",C,"[2,4,2]",8,8,gap or overlap
combination_0395_open_q1,combination_0395.png,"[""candidate=A; piece_counts=[4, 1]; candidate_total=5; target_total=6; blocking_reason=wrong cell count""]","[""A""]",A,"[4,1]",5,6,wrong cell count
combination_0396_open_q1,combination_0396.png,"[""candidate=A; piece_counts=[4, 1, 1, 1]; candidate_total=7; target_total=8; blocking_reason=wrong cell count""]","[""A""]",A,"[4,1,1,1]",7,8,wrong cell count
combination_0397_open_q1,combination_0397.png,"[""candidate=B; piece_counts=[4, 4]; candidate_total=8; target_total=9; blocking_reason=wrong cell count""]","[""B""]",B,"[4,4]",8,9,wrong cell count
combination_0398_open_q1,combination_0398.png,"[""candidate=C; piece_counts=[4, 1, 2]; candidate_total=7; target_total=7; blocking_reason=gap or overlap""]","[""C""]",C,"[4,1,2]",7,7,gap or overlap
combination_0399_open_q1,combination_0399.png,"[""candidate=B; piece_counts=[2, 2, 4, 2]; candidate_total=10; target_total=10; blocking_reason=gap or overlap""]","[""B""]",B,"[2,2,4,2]",10,10,gap or overlap
combination_0400_open_q1,combination_0400.png,"[""candidate=C; piece_counts=[5, 2]; candidate_total=7; target_total=8; blocking_reason=wrong cell count""]","[""C""]",C,"[5,2]",7,8,wrong cell count
combination_0401_open_q1,combination_0401.png,"[""candidate=D; piece_counts=[8, 1]; candidate_total=9; target_total=9; blocking_reason=requires a reflection""]","[""D""]",D,"[8,1]",9,9,requires a reflection
combination_0402_open_q1,combination_0402.png,"[""candidate=C; piece_counts=[7, 2]; candidate_total=9; target_total=9; blocking_reason=requires a reflection""]","[""C""]",C,"[7,2]",9,9,requires a reflection
combination_0403_open_q1,combination_0403.png,"[""candidate=D; piece_counts=[3, 5]; candidate_total=8; target_total=8; blocking_reason=requires a reflection""]","[""D""]",D,"[3,5]",8,8,requires a reflection
combination_0404_open_q1,combination_0404.png,"[""candidate=C; piece_counts=[4, 1, 1]; candidate_total=6; target_total=6; blocking_reason=requires a reflection""]","[""C""]",C,"[4,1,1]",6,6,requires a reflection
combination_0405_open_q1,combination_0405.png,"[""candidate=D; piece_counts=[7, 2]; candidate_total=9; target_total=9; blocking_reason=gap or overlap""]","[""D""]",D,"[7,2]",9,9,gap or overlap
combination_0406_open_q1,combination_0406.png,"[""candidate=D; piece_counts=[6, 3]; candidate_total=9; target_total=9; blocking_reason=requires a reflection""]","[""D""]",D,"[6,3]",9,9,requires a reflection
combination_0407_open_q1,combination_0407.png,"[""candidate=A; piece_counts=[3, 5]; candidate_total=8; target_total=8; blocking_reason=gap or overlap""]","[""A""]",A,"[3,5]",8,8,gap or overlap
combination_0408_open_q1,combination_0408.png,"[""candidate=C; piece_counts=[7, 1]; candidate_total=8; target_total=8; blocking_reason=requires a reflection""]","[""C""]",C,"[7,1]",8,8,requires a reflection
combination_0409_open_q1,combination_0409.png,"[""candidate=C; piece_counts=[1, 5, 2, 1]; candidate_total=9; target_total=9; blocking_reason=requires a reflection""]","[""C""]",C,"[1,5,2,1]",9,9,requires a reflection
combination_0410_open_q1,combination_0410.png,"[""candidate=A; piece_counts=[5, 3]; candidate_total=8; target_total=8; blocking_reason=gap or overlap""]","[""A""]",A,"[5,3]",8,8,gap or overlap
combination_0411_open_q1,combination_0411.png,"[""candidate=B; piece_counts=[6, 2]; candidate_total=8; target_total=8; blocking_reason=gap or overlap""]","[""B""]",B,"[6,2]",8,8,gap or overlap
combination_0412_open_q1,combination_0412.png,"[""candidate=C; piece_counts=[4, 2]; candidate_total=6; target_total=6; blocking_reason=gap or overlap""]","[""C""]",C,"[4,2]",6,6,gap or overlap
combination_0413_open_q1,combination_0413.png,"[""candidate=C; piece_counts=[8, 1]; candidate_total=9; target_total=9; blocking_reason=requires a reflection""]","[""C""]",C,"[8,1]",9,9,requires a reflection
combination_0414_open_q1,combination_0414.png,"[""candidate=A; piece_counts=[8, 2]; candidate_total=10; target_total=10; blocking_reason=gap or overlap""]","[""A""]",A,"[8,2]",10,10,gap or overlap
combination_0415_open_q1,combination_0415.png,"[""candidate=A; piece_counts=[3, 3]; candidate_total=6; target_total=7; blocking_reason=wrong cell count""]","[""A""]",A,"[3,3]",6,7,wrong cell count
combination_0416_open_q1,combination_0416.png,"[""candidate=B; piece_counts=[9, 1]; candidate_total=10; target_total=10; blocking_reason=requires a reflection""]","[""B""]",B,"[9,1]",10,10,requires a reflection
combination_0417_open_q1,combination_0417.png,"[""candidate=B; piece_counts=[1, 4]; candidate_total=5; target_total=6; blocking_reason=wrong cell count""]","[""B""]",B,"[1,4]",5,6,wrong cell count
combination_0418_open_q1,combination_0418.png,"[""candidate=A; piece_counts=[5, 1]; candidate_total=6; target_total=6; blocking_reason=requires a reflection""]","[""A""]",A,"[5,1]",6,6,requires a reflection
combination_0419_open_q1,combination_0419.png,"[""candidate=B; piece_counts=[2, 5]; candidate_total=7; target_total=7; blocking_reason=gap or overlap""]","[""B""]",B,"[2,5]",7,7,gap or overlap
combination_0420_open_q1,combination_0420.png,"[""candidate=C; piece_counts=[2, 2, 2, 2]; candidate_total=8; target_total=8; blocking_reason=gap or overlap""]","[""C""]",C,"[2,2,2,2]",8,8,gap or overlap
combination_0421_open_q1,combination_0421.png,"[""candidate=B; piece_counts=[3, 3, 4]; candidate_total=10; target_total=10; blocking_reason=gap or overlap""]","[""B""]",B,"[3,3,4]",10,10,gap or overlap
combination_0422_open_q1,combination_0422.png,"[""candidate=C; piece_counts=[1, 3, 1]; candidate_total=5; target_total=6; blocking_reason=wrong cell count""]","[""C""]",C,"[1,3,1]",5,6,wrong cell count
combination_0423_open_q1,combination_0423.png,"[""candidate=B; piece_counts=[9, 1]; candidate_total=10; target_total=10; blocking_reason=requires a reflection""]","[""B""]",B,"[9,1]",10,10,requires a reflection
combination_0424_open_q1,combination_0424.png,"[""candidate=B; piece_counts=[6, 1]; candidate_total=7; target_total=7; blocking_reason=requires a reflection""]","[""B""]",B,"[6,1]",7,7,requires a reflection
combination_0425_open_q1,combination_0425.png,"[""candidate=B; piece_counts=[2, 4]; candidate_total=6; target_total=7; blocking_reason=wrong cell count""]","[""B""]",B,"[2,4]",6,7,wrong cell count
combination_0426_open_q1,combination_0426.png,"[""candidate=A; piece_counts=[5, 1, 1]; candidate_total=7; target_total=8; blocking_reason=wrong cell count""]","[""A""]",A,"[5,1,1]",7,8,wrong cell count
combination_0427_open_q1,combination_0427.png,"[""candidate=B; piece_counts=[5, 2, 1]; candidate_total=8; target_total=9; blocking_reason=wrong cell count""]","[""B""]",B,"[5,2,1]",8,9,wrong cell count
combination_0428_open_q1,combination_0428.png,"[""candidate=C; piece_counts=[6, 1, 1, 1]; candidate_total=9; target_total=10; blocking_reason=wrong cell count""]","[""C""]",C,"[6,1,1,1]",9,10,wrong cell count
combination_0429_open_q1,combination_0429.png,"[""candidate=B; piece_counts=[1, 5]; candidate_total=6; target_total=6; blocking_reason=requires a reflection""]","[""B""]",B,"[1,5]",6,6,requires a reflection
combination_0430_open_q1,combination_0430.png,"[""candidate=C; piece_counts=[4, 2]; candidate_total=6; target_total=7; blocking_reason=wrong cell count""]","[""C""]",C,"[4,2]",6,7,wrong cell count
combination_0431_open_q1,combination_0431.png,"[""candidate=A; piece_counts=[4, 2]; candidate_total=6; target_total=6; blocking_reason=gap or overlap""]","[""A""]",A,"[4,2]",6,6,gap or overlap
combination_0432_open_q1,combination_0432.png,"[""candidate=B; piece_counts=[6, 2]; candidate_total=8; target_total=9; blocking_reason=wrong cell count""]","[""B""]",B,"[6,2]",8,9,wrong cell count
combination_0433_open_q1,combination_0433.png,"[""candidate=B; piece_counts=[4, 4, 1]; candidate_total=9; target_total=9; blocking_reason=requires a reflection""]","[""B""]",B,"[4,4,1]",9,9,requires a reflection
combination_0434_open_q1,combination_0434.png,"[""candidate=C; piece_counts=[2, 4, 2, 1]; candidate_total=9; target_total=10; blocking_reason=wrong cell count""]","[""C""]",C,"[2,4,2,1]",9,10,wrong cell count
combination_0435_open_q1,combination_0435.png,"[""candidate=B; piece_counts=[3, 4, 1]; candidate_total=8; target_total=9; blocking_reason=wrong cell count""]","[""B""]",B,"[3,4,1]",8,9,wrong cell count
combination_0436_open_q1,combination_0436.png,"[""candidate=B; piece_counts=[3, 4, 1]; candidate_total=8; target_total=9; blocking_reason=wrong cell count""]","[""B""]",B,"[3,4,1]",8,9,wrong cell count
combination_0437_open_q1,combination_0437.png,"[""candidate=D; piece_counts=[4, 1]; candidate_total=5; target_total=6; blocking_reason=wrong cell count""]","[""D""]",D,"[4,1]",5,6,wrong cell count
combination_0438_open_q1,combination_0438.png,"[""candidate=C; piece_counts=[6, 2, 1]; candidate_total=9; target_total=10; blocking_reason=wrong cell count""]","[""C""]",C,"[6,2,1]",9,10,wrong cell count
combination_0439_open_q1,combination_0439.png,"[""candidate=D; piece_counts=[3, 3, 1]; candidate_total=7; target_total=8; blocking_reason=wrong cell count""]","[""D""]",D,"[3,3,1]",7,8,wrong cell count
combination_0440_open_q1,combination_0440.png,"[""candidate=B; piece_counts=[4, 1]; candidate_total=5; target_total=6; blocking_reason=wrong cell count""]","[""B""]",B,"[4,1]",5,6,wrong cell count
combination_0441_open_q1,combination_0441.png,"[""candidate=D; piece_counts=[1, 9]; candidate_total=10; target_total=10; blocking_reason=requires a reflection""]","[""D""]",D,"[1,9]",10,10,requires a reflection
combination_0442_open_q1,combination_0442.png,"[""candidate=A; piece_counts=[7, 1]; candidate_total=8; target_total=9; blocking_reason=wrong cell count""]","[""A""]",A,"[7,1]",8,9,wrong cell count
combination_0443_open_q1,combination_0443.png,"[""candidate=B; piece_counts=[1, 4]; candidate_total=5; target_total=6; blocking_reason=wrong cell count""]","[""B""]",B,"[1,4]",5,6,wrong cell count
combination_0444_open_q1,combination_0444.png,"[""candidate=C; piece_counts=[5, 1]; candidate_total=6; target_total=6; blocking_reason=requires a reflection""]","[""C""]",C,"[5,1]",6,6,requires a reflection
combination_0445_open_q1,combination_0445.png,"[""candidate=D; piece_counts=[5, 1]; candidate_total=6; target_total=7; blocking_reason=wrong cell count""]","[""D""]",D,"[5,1]",6,7,wrong cell count
combination_0446_open_q1,combination_0446.png,"[""candidate=D; piece_counts=[1, 2, 6, 1]; candidate_total=10; target_total=10; blocking_reason=gap or overlap""]","[""D""]",D,"[1,2,6,1]",10,10,gap or overlap
combination_0447_open_q1,combination_0447.png,"[""candidate=D; piece_counts=[1, 1, 8]; candidate_total=10; target_total=10; blocking_reason=gap or overlap""]","[""D""]",D,"[1,1,8]",10,10,gap or overlap
combination_0448_open_q1,combination_0448.png,"[""candidate=A; piece_counts=[2, 4]; candidate_total=6; target_total=6; blocking_reason=requires a reflection""]","[""A""]",A,"[2,4]",6,6,requires a reflection
combination_0449_open_q1,combination_0449.png,"[""candidate=C; piece_counts=[3, 4]; candidate_total=7; target_total=7; blocking_reason=gap or overlap""]","[""C""]",C,"[3,4]",7,7,gap or overlap
combination_0450_open_q1,combination_0450.png,"[""candidate=C; piece_counts=[5, 2]; candidate_total=7; target_total=7; blocking_reason=requires a reflection""]","[""C""]",C,"[5,2]",7,7,requires a reflection
combination_0451_open_q1,combination_0451.png,"[""candidate=A; piece_counts=[5, 1]; candidate_total=6; target_total=7; blocking_reason=wrong cell count""]","[""A""]",A,"[5,1]",6,7,wrong cell count
combination_0452_open_q1,combination_0452.png,"[""candidate=C; piece_counts=[6, 1]; candidate_total=7; target_total=8; blocking_reason=wrong cell count""]","[""C""]",C,"[6,1]",7,8,wrong cell count
combination_0453_open_q1,combination_0453.png,"[""candidate=D; piece_counts=[4, 6]; candidate_total=10; target_total=10; blocking_reason=requires a reflection""]","[""D""]",D,"[4,6]",10,10,requires a reflection
combination_0454_open_q1,combination_0454.png,"[""candidate=C; piece_counts=[8, 1]; candidate_total=9; target_total=10; blocking_reason=wrong cell count""]","[""C""]",C,"[8,1]",9,10,wrong cell count
combination_0455_open_q1,combination_0455.png,"[""candidate=B; piece_counts=[1, 4, 3]; candidate_total=8; target_total=9; blocking_reason=wrong cell count""]","[""B""]",B,"[1,4,3]",8,9,wrong cell count
combination_0456_open_q1,combination_0456.png,"[""candidate=C; piece_counts=[6, 1, 1, 1]; candidate_total=9; target_total=9; blocking_reason=requires a reflection""]","[""C""]",C,"[6,1,1,1]",9,9,requires a reflection
combination_0457_open_q1,combination_0457.png,"[""candidate=C; piece_counts=[6, 2]; candidate_total=8; target_total=8; blocking_reason=requires a reflection""]","[""C""]",C,"[6,2]",8,8,requires a reflection
combination_0458_open_q1,combination_0458.png,"[""candidate=C; piece_counts=[3, 6, 1]; candidate_total=10; target_total=10; blocking_reason=requires a reflection""]","[""C""]",C,"[3,6,1]",10,10,requires a reflection
combination_0459_open_q1,combination_0459.png,"[""candidate=B; piece_counts=[4, 3]; candidate_total=7; target_total=7; blocking_reason=gap or overlap""]","[""B""]",B,"[4,3]",7,7,gap or overlap
combination_0460_open_q1,combination_0460.png,"[""candidate=B; piece_counts=[3, 4, 1]; candidate_total=8; target_total=9; blocking_reason=wrong cell count""]","[""B""]",B,"[3,4,1]",8,9,wrong cell count
combination_0461_open_q1,combination_0461.png,"[""candidate=D; piece_counts=[4, 1]; candidate_total=5; target_total=6; blocking_reason=wrong cell count""]","[""D""]",D,"[4,1]",5,6,wrong cell count
combination_0462_open_q1,combination_0462.png,"[""candidate=D; piece_counts=[3, 2]; candidate_total=5; target_total=6; blocking_reason=wrong cell count""]","[""D""]",D,"[3,2]",5,6,wrong cell count
combination_0463_open_q1,combination_0463.png,"[""candidate=B; piece_counts=[4, 4]; candidate_total=8; target_total=9; blocking_reason=wrong cell count""]","[""B""]",B,"[4,4]",8,9,wrong cell count
combination_0464_open_q1,combination_0464.png,"[""candidate=B; piece_counts=[7, 1, 1, 1]; candidate_total=10; target_total=10; blocking_reason=requires a reflection""]","[""B""]",B,"[7,1,1,1]",10,10,requires a reflection
combination_0465_open_q1,combination_0465.png,"[""candidate=C; piece_counts=[1, 3, 1]; candidate_total=5; target_total=6; blocking_reason=wrong cell count""]","[""C""]",C,"[1,3,1]",5,6,wrong cell count
combination_0466_open_q1,combination_0466.png,"[""candidate=D; piece_counts=[4, 4]; candidate_total=8; target_total=8; blocking_reason=gap or overlap""]","[""D""]",D,"[4,4]",8,8,gap or overlap
combination_0467_open_q1,combination_0467.png,"[""candidate=B; piece_counts=[1, 6, 2]; candidate_total=9; target_total=9; blocking_reason=gap or overlap""]","[""B""]",B,"[1,6,2]",9,9,gap or overlap
combination_0468_open_q1,combination_0468.png,"[""candidate=A; piece_counts=[2, 3]; candidate_total=5; target_total=6; blocking_reason=wrong cell count""]","[""A""]",A,"[2,3]",5,6,wrong cell count
combination_0469_open_q1,combination_0469.png,"[""candidate=B; piece_counts=[3, 3, 1]; candidate_total=7; target_total=8; blocking_reason=wrong cell count""]","[""B""]",B,"[3,3,1]",7,8,wrong cell count
combination_0470_open_q1,combination_0470.png,"[""candidate=C; piece_counts=[4, 3]; candidate_total=7; target_total=8; blocking_reason=wrong cell count""]","[""C""]",C,"[4,3]",7,8,wrong cell count
combination_0471_open_q1,combination_0471.png,"[""candidate=A; piece_counts=[1, 7]; candidate_total=8; target_total=8; blocking_reason=gap or overlap""]","[""A""]",A,"[1,7]",8,8,gap or overlap
combination_0472_open_q1,combination_0472.png,"[""candidate=B; piece_counts=[3, 1, 5]; candidate_total=9; target_total=9; blocking_reason=gap or overlap""]","[""B""]",B,"[3,1,5]",9,9,gap or overlap
combination_0473_open_q1,combination_0473.png,"[""candidate=D; piece_counts=[1, 4, 1]; candidate_total=6; target_total=6; blocking_reason=requires a reflection""]","[""D""]",D,"[1,4,1]",6,6,requires a reflection
combination_0474_open_q1,combination_0474.png,"[""candidate=D; piece_counts=[4, 4, 1]; candidate_total=9; target_total=9; blocking_reason=gap or overlap""]","[""D""]",D,"[4,4,1]",9,9,gap or overlap
combination_0475_open_q1,combination_0475.png,"[""candidate=A; piece_counts=[2, 8]; candidate_total=10; target_total=10; blocking_reason=gap or overlap""]","[""A""]",A,"[2,8]",10,10,gap or overlap
combination_0476_open_q1,combination_0476.png,"[""candidate=A; piece_counts=[3, 6, 1]; candidate_total=10; target_total=10; blocking_reason=requires a reflection""]","[""A""]",A,"[3,6,1]",10,10,requires a reflection
combination_0477_open_q1,combination_0477.png,"[""candidate=D; piece_counts=[3, 1, 1]; candidate_total=5; target_total=6; blocking_reason=wrong cell count""]","[""D""]",D,"[3,1,1]",5,6,wrong cell count
combination_0478_open_q1,combination_0478.png,"[""candidate=D; piece_counts=[4, 2]; candidate_total=6; target_total=6; blocking_reason=gap or overlap""]","[""D""]",D,"[4,2]",6,6,gap or overlap
combination_0479_open_q1,combination_0479.png,"[""candidate=B; piece_counts=[7, 2]; candidate_total=9; target_total=10; blocking_reason=wrong cell count""]","[""B""]",B,"[7,2]",9,10,wrong cell count
combination_0480_open_q1,combination_0480.png,"[""candidate=A; piece_counts=[7, 1]; candidate_total=8; target_total=8; blocking_reason=requires a reflection""]","[""A""]",A,"[7,1]",8,8,requires a reflection
combination_0481_open_q1,combination_0481.png,"[""candidate=D; piece_counts=[3, 2, 3]; candidate_total=8; target_total=9; blocking_reason=wrong cell count""]","[""D""]",D,"[3,2,3]",8,9,wrong cell count
combination_0482_open_q1,combination_0482.png,"[""candidate=A; piece_counts=[6, 1]; candidate_total=7; target_total=8; blocking_reason=wrong cell count""]","[""A""]",A,"[6,1]",7,8,wrong cell count
combination_0483_open_q1,combination_0483.png,"[""candidate=D; piece_counts=[2, 2, 6]; candidate_total=10; target_total=10; blocking_reason=gap or overlap""]","[""D""]",D,"[2,2,6]",10,10,gap or overlap
combination_0484_open_q1,combination_0484.png,"[""candidate=C; piece_counts=[6, 3]; candidate_total=9; target_total=9; blocking_reason=gap or overlap""]","[""C""]",C,"[6,3]",9,9,gap or overlap
combination_0485_open_q1,combination_0485.png,"[""candidate=C; piece_counts=[5, 1]; candidate_total=6; target_total=7; blocking_reason=wrong cell count""]","[""C""]",C,"[5,1]",6,7,wrong cell count
combination_0486_open_q1,combination_0486.png,"[""candidate=A; piece_counts=[6, 3]; candidate_total=9; target_total=9; blocking_reason=requires a reflection""]","[""A""]",A,"[6,3]",9,9,requires a reflection
combination_0487_open_q1,combination_0487.png,"[""candidate=A; piece_counts=[1, 1, 6]; candidate_total=8; target_total=8; blocking_reason=gap or overlap""]","[""A""]",A,"[1,1,6]",8,8,gap or overlap
combination_0488_open_q1,combination_0488.png,"[""candidate=B; piece_counts=[4, 2, 1]; candidate_total=7; target_total=8; blocking_reason=wrong cell count""]","[""B""]",B,"[4,2,1]",7,8,wrong cell count
combination_0489_open_q1,combination_0489.png,"[""candidate=D; piece_counts=[2, 5, 2]; candidate_total=9; target_total=9; blocking_reason=requires a reflection""]","[""D""]",D,"[2,5,2]",9,9,requires a reflection
combination_0490_open_q1,combination_0490.png,"[""candidate=C; piece_counts=[2, 5, 1, 1]; candidate_total=9; target_total=10; blocking_reason=wrong cell count""]","[""C""]",C,"[2,5,1,1]",9,10,wrong cell count
combination_0491_open_q1,combination_0491.png,"[""candidate=A; piece_counts=[2, 5, 2]; candidate_total=9; target_total=9; blocking_reason=requires a reflection""]","[""A""]",A,"[2,5,2]",9,9,requires a reflection
combination_0492_open_q1,combination_0492.png,"[""candidate=C; piece_counts=[5, 1]; candidate_total=6; target_total=6; blocking_reason=gap or overlap""]","[""C""]",C,"[5,1]",6,6,gap or overlap
combination_0493_open_q1,combination_0493.png,"[""candidate=B; piece_counts=[7, 1]; candidate_total=8; target_total=8; blocking_reason=requires a reflection""]","[""B""]",B,"[7,1]",8,8,requires a reflection
combination_0494_open_q1,combination_0494.png,"[""candidate=D; piece_counts=[6, 1]; candidate_total=7; target_total=7; blocking_reason=requires a reflection""]","[""D""]",D,"[6,1]",7,7,requires a reflection
combination_0495_open_q1,combination_0495.png,"[""candidate=B; piece_counts=[5, 1, 1]; candidate_total=7; target_total=7; blocking_reason=gap or overlap""]","[""B""]",B,"[5,1,1]",7,7,gap or overlap
combination_0496_open_q1,combination_0496.png,"[""candidate=A; piece_counts=[6, 3]; candidate_total=9; target_total=9; blocking_reason=requires a reflection""]","[""A""]",A,"[6,3]",9,9,requires a reflection
combination_0497_open_q1,combination_0497.png,"[""candidate=B; piece_counts=[6, 1]; candidate_total=7; target_total=7; blocking_reason=gap or overlap""]","[""B""]",B,"[6,1]",7,7,gap or overlap
combination_0498_open_q1,combination_0498.png,"[""candidate=C; piece_counts=[7, 2, 1]; candidate_total=10; target_total=10; blocking_reason=gap or overlap""]","[""C""]",C,"[7,2,1]",10,10,gap or overlap
combination_0499_open_q1,combination_0499.png,"[""candidate=B; piece_counts=[8, 1]; candidate_total=9; target_total=9; blocking_reason=requires a reflection""]","[""B""]",B,"[8,1]",9,9,requires a reflection
combination_0500_open_q1,combination_0500.png,"[""candidate=C; piece_counts=[8, 1]; candidate_total=9; target_total=10; blocking_reason=wrong cell count""]","[""C""]",C,"[8,1]",9,10,wrong cell count
combination_0501_open_q1,combination_0501.png,"[""candidate=B; piece_counts=[7, 1]; candidate_total=8; target_total=8; blocking_reason=gap or overlap""]","[""B""]",B,"[7,1]",8,8,gap or overlap
combination_0502_open_q1,combination_0502.png,"[""candidate=D; piece_counts=[3, 3]; candidate_total=6; target_total=7; blocking_reason=wrong cell count""]","[""D""]",D,"[3,3]",6,7,wrong cell count
combination_0503_open_q1,combination_0503.png,"[""candidate=A; piece_counts=[5, 2]; candidate_total=7; target_total=8; blocking_reason=wrong cell count""]","[""A""]",A,"[5,2]",7,8,wrong cell count
combination_0504_open_q1,combination_0504.png,"[""candidate=A; piece_counts=[2, 4, 2]; candidate_total=8; target_total=8; blocking_reason=gap or overlap""]","[""A""]",A,"[2,4,2]",8,8,gap or overlap
combination_0505_open_q1,combination_0505.png,"[""candidate=D; piece_counts=[6, 1, 1]; candidate_total=8; target_total=8; blocking_reason=requires a reflection""]","[""D""]",D,"[6,1,1]",8,8,requires a reflection
combination_0506_open_q1,combination_0506.png,"[""candidate=C; piece_counts=[3, 2, 3]; candidate_total=8; target_total=9; blocking_reason=wrong cell count""]","[""C""]",C,"[3,2,3]",8,9,wrong cell count
combination_0507_open_q1,combination_0507.png,"[""candidate=D; piece_counts=[7, 2, 1]; candidate_total=10; target_total=10; blocking_reason=requires a reflection""]","[""D""]",D,"[7,2,1]",10,10,requires a reflection
combination_0508_open_q1,combination_0508.png,"[""candidate=A; piece_counts=[1, 6, 1, 1]; candidate_total=9; target_total=9; blocking_reason=requires a reflection""]","[""A""]",A,"[1,6,1,1]",9,9,requires a reflection
combination_0509_open_q1,combination_0509.png,"[""candidate=B; piece_counts=[5, 3]; candidate_total=8; target_total=9; blocking_reason=wrong cell count""]","[""B""]",B,"[5,3]",8,9,wrong cell count
combination_0510_open_q1,combination_0510.png,"[""candidate=A; piece_counts=[1, 5, 1, 1]; candidate_total=8; target_total=8; blocking_reason=gap or overlap""]","[""A""]",A,"[1,5,1,1]",8,8,gap or overlap
combination_0511_open_q1,combination_0511.png,"[""candidate=B; piece_counts=[4, 1, 1]; candidate_total=6; target_total=6; blocking_reason=requires a reflection""]","[""B""]",B,"[4,1,1]",6,6,requires a reflection
combination_0512_open_q1,combination_0512.png,"[""candidate=B; piece_counts=[5, 2]; candidate_total=7; target_total=7; blocking_reason=requires a reflection""]","[""B""]",B,"[5,2]",7,7,requires a reflection
combination_0513_open_q1,combination_0513.png,"[""candidate=D; piece_counts=[5, 2]; candidate_total=7; target_total=7; blocking_reason=gap or overlap""]","[""D""]",D,"[5,2]",7,7,gap or overlap
combination_0514_open_q1,combination_0514.png,"[""candidate=C; piece_counts=[3, 4]; candidate_total=7; target_total=7; blocking_reason=requires a reflection""]","[""C""]",C,"[3,4]",7,7,requires a reflection
combination_0515_open_q1,combination_0515.png,"[""candidate=D; piece_counts=[7, 1]; candidate_total=8; target_total=8; blocking_reason=requires a reflection""]","[""D""]",D,"[7,1]",8,8,requires a reflection
combination_0516_open_q1,combination_0516.png,"[""candidate=B; piece_counts=[1, 7, 1, 1]; candidate_total=10; target_total=10; blocking_reason=gap or overlap""]","[""B""]",B,"[1,7,1,1]",10,10,gap or overlap
combination_0517_open_q1,combination_0517.png,"[""candidate=C; piece_counts=[8, 1]; candidate_total=9; target_total=9; blocking_reason=requires a reflection""]","[""C""]",C,"[8,1]",9,9,requires a reflection
combination_0518_open_q1,combination_0518.png,"[""candidate=A; piece_counts=[5, 1, 1]; candidate_total=7; target_total=8; blocking_reason=wrong cell count""]","[""A""]",A,"[5,1,1]",7,8,wrong cell count
combination_0519_open_q1,combination_0519.png,"[""candidate=D; piece_counts=[1, 5]; candidate_total=6; target_total=6; blocking_reason=gap or overlap""]","[""D""]",D,"[1,5]",6,6,gap or overlap
combination_0520_open_q1,combination_0520.png,"[""candidate=A; piece_counts=[1, 6, 1, 1]; candidate_total=9; target_total=9; blocking_reason=gap or overlap""]","[""A""]",A,"[1,6,1,1]",9,9,gap or overlap
combination_0521_open_q1,combination_0521.png,"[""candidate=B; piece_counts=[5, 3]; candidate_total=8; target_total=8; blocking_reason=gap or overlap""]","[""B""]",B,"[5,3]",8,8,gap or overlap
combination_0522_open_q1,combination_0522.png,"[""candidate=A; piece_counts=[1, 5, 3]; candidate_total=9; target_total=9; blocking_reason=requires a reflection""]","[""A""]",A,"[1,5,3]",9,9,requires a reflection
combination_0523_open_q1,combination_0523.png,"[""candidate=B; piece_counts=[6, 1]; candidate_total=7; target_total=8; blocking_reason=wrong cell count""]","[""B""]",B,"[6,1]",7,8,wrong cell count
combination_0524_open_q1,combination_0524.png,"[""candidate=A; piece_counts=[9, 1]; candidate_total=10; target_total=10; blocking_reason=gap or overlap""]","[""A""]",A,"[9,1]",10,10,gap or overlap
combination_0525_open_q1,combination_0525.png,"[""candidate=D; piece_counts=[2, 7]; candidate_total=9; target_total=9; blocking_reason=gap or overlap""]","[""D""]",D,"[2,7]",9,9,gap or overlap
combination_0526_open_q1,combination_0526.png,"[""candidate=C; piece_counts=[6, 1]; candidate_total=7; target_total=7; blocking_reason=requires a reflection""]","[""C""]",C,"[6,1]",7,7,requires a reflection
combination_0527_open_q1,combination_0527.png,"[""candidate=B; piece_counts=[6, 1]; candidate_total=7; target_total=8; blocking_reason=wrong cell count""]","[""B""]",B,"[6,1]",7,8,wrong cell count
combination_0528_open_q1,combination_0528.png,"[""candidate=A; piece_counts=[4, 2, 4]; candidate_total=10; target_total=10; blocking_reason=gap or overlap""]","[""A""]",A,"[4,2,4]",10,10,gap or overlap
combination_0529_open_q1,combination_0529.png,"[""candidate=C; piece_counts=[1, 5]; candidate_total=6; target_total=7; blocking_reason=wrong cell count""]","[""C""]",C,"[1,5]",6,7,wrong cell count
combination_0530_open_q1,combination_0530.png,"[""candidate=C; piece_counts=[2, 8]; candidate_total=10; target_total=10; blocking_reason=requires a reflection""]","[""C""]",C,"[2,8]",10,10,requires a reflection
combination_0531_open_q1,combination_0531.png,"[""candidate=B; piece_counts=[6, 1]; candidate_total=7; target_total=7; blocking_reason=requires a reflection""]","[""B""]",B,"[6,1]",7,7,requires a reflection
combination_0532_open_q1,combination_0532.png,"[""candidate=B; piece_counts=[6, 2, 1]; candidate_total=9; target_total=10; blocking_reason=wrong cell count""]","[""B""]",B,"[6,2,1]",9,10,wrong cell count
combination_0533_open_q1,combination_0533.png,"[""candidate=D; piece_counts=[7, 1]; candidate_total=8; target_total=8; blocking_reason=requires a reflection""]","[""D""]",D,"[7,1]",8,8,requires a reflection
combination_0534_open_q1,combination_0534.png,"[""candidate=A; piece_counts=[1, 6]; candidate_total=7; target_total=7; blocking_reason=requires a reflection""]","[""A""]",A,"[1,6]",7,7,requires a reflection
combination_0535_open_q1,combination_0535.png,"[""candidate=A; piece_counts=[5, 1, 2]; candidate_total=8; target_total=9; blocking_reason=wrong cell count""]","[""A""]",A,"[5,1,2]",8,9,wrong cell count
combination_0536_open_q1,combination_0536.png,"[""candidate=C; piece_counts=[1, 1, 2, 6]; candidate_total=10; target_total=10; blocking_reason=gap or overlap""]","[""C""]",C,"[1,1,2,6]",10,10,gap or overlap
combination_0537_open_q1,combination_0537.png,"[""candidate=B; piece_counts=[4, 1, 1]; candidate_total=6; target_total=7; blocking_reason=wrong cell count""]","[""B""]",B,"[4,1,1]",6,7,wrong cell count
combination_0538_open_q1,combination_0538.png,"[""candidate=A; piece_counts=[5, 1]; candidate_total=6; target_total=6; blocking_reason=requires a reflection""]","[""A""]",A,"[5,1]",6,6,requires a reflection
combination_0539_open_q1,combination_0539.png,"[""candidate=D; piece_counts=[6, 3]; candidate_total=9; target_total=10; blocking_reason=wrong cell count""]","[""D""]",D,"[6,3]",9,10,wrong cell count
combination_0540_open_q1,combination_0540.png,"[""candidate=A; piece_counts=[1, 3, 3]; candidate_total=7; target_total=8; blocking_reason=wrong cell count""]","[""A""]",A,"[1,3,3]",7,8,wrong cell count
combination_0541_open_q1,combination_0541.png,"[""candidate=D; piece_counts=[5, 2, 1]; candidate_total=8; target_total=9; blocking_reason=wrong cell count""]","[""D""]",D,"[5,2,1]",8,9,wrong cell count
combination_0542_open_q1,combination_0542.png,"[""candidate=C; piece_counts=[5, 2]; candidate_total=7; target_total=7; blocking_reason=requires a reflection""]","[""C""]",C,"[5,2]",7,7,requires a reflection
combination_0543_open_q1,combination_0543.png,"[""candidate=D; piece_counts=[5, 1]; candidate_total=6; target_total=6; blocking_reason=gap or overlap""]","[""D""]",D,"[5,1]",6,6,gap or overlap
combination_0544_open_q1,combination_0544.png,"[""candidate=B; piece_counts=[7, 1]; candidate_total=8; target_total=8; blocking_reason=requires a reflection""]","[""B""]",B,"[7,1]",8,8,requires a reflection
combination_0545_open_q1,combination_0545.png,"[""candidate=B; piece_counts=[5, 1]; candidate_total=6; target_total=6; blocking_reason=requires a reflection""]","[""B""]",B,"[5,1]",6,6,requires a reflection
combination_0546_open_q1,combination_0546.png,"[""candidate=A; piece_counts=[4, 2, 2]; candidate_total=8; target_total=9; blocking_reason=wrong cell count""]","[""A""]",A,"[4,2,2]",8,9,wrong cell count
combination_0547_open_q1,combination_0547.png,"[""candidate=A; piece_counts=[1, 7]; candidate_total=8; target_total=8; blocking_reason=gap or overlap""]","[""A""]",A,"[1,7]",8,8,gap or overlap
combination_0548_open_q1,combination_0548.png,"[""candidate=C; piece_counts=[7, 2]; candidate_total=9; target_total=10; blocking_reason=wrong cell count""]","[""C""]",C,"[7,2]",9,10,wrong cell count
combination_0549_open_q1,combination_0549.png,"[""candidate=C; piece_counts=[7, 1]; candidate_total=8; target_total=9; blocking_reason=wrong cell count""]","[""C""]",C,"[7,1]",8,9,wrong cell count
combination_0550_open_q1,combination_0550.png,"[""candidate=D; piece_counts=[4, 3]; candidate_total=7; target_total=7; blocking_reason=requires a reflection""]","[""D""]",D,"[4,3]",7,7,requires a reflection
combination_0551_open_q1,combination_0551.png,"[""candidate=A; piece_counts=[5, 1]; candidate_total=6; target_total=7; blocking_reason=wrong cell count""]","[""A""]",A,"[5,1]",6,7,wrong cell count
combination_0552_open_q1,combination_0552.png,"[""candidate=B; piece_counts=[1, 5]; candidate_total=6; target_total=6; blocking_reason=gap or overlap""]","[""B""]",B,"[1,5]",6,6,gap or overlap
combination_0553_open_q1,combination_0553.png,"[""candidate=B; piece_counts=[3, 6]; candidate_total=9; target_total=9; blocking_reason=requires a reflection""]","[""B""]",B,"[3,6]",9,9,requires a reflection
combination_0554_open_q1,combination_0554.png,"[""candidate=C; piece_counts=[6, 1]; candidate_total=7; target_total=7; blocking_reason=gap or overlap""]","[""C""]",C,"[6,1]",7,7,gap or overlap
combination_0555_open_q1,combination_0555.png,"[""candidate=A; piece_counts=[1, 5]; candidate_total=6; target_total=7; blocking_reason=wrong cell count""]","[""A""]",A,"[1,5]",6,7,wrong cell count
combination_0556_open_q1,combination_0556.png,"[""candidate=A; piece_counts=[5, 1]; candidate_total=6; target_total=7; blocking_reason=wrong cell count""]","[""A""]",A,"[5,1]",6,7,wrong cell count
combination_0557_open_q1,combination_0557.png,"[""candidate=C; piece_counts=[5, 1]; candidate_total=6; target_total=6; blocking_reason=requires a reflection""]","[""C""]",C,"[5,1]",6,6,requires a reflection
combination_0558_open_q1,combination_0558.png,"[""candidate=A; piece_counts=[1, 9]; candidate_total=10; target_total=10; blocking_reason=gap or overlap""]","[""A""]",A,"[1,9]",10,10,gap or overlap
combination_0559_open_q1,combination_0559.png,"[""candidate=D; piece_counts=[1, 3, 5]; candidate_total=9; target_total=9; blocking_reason=gap or overlap""]","[""D""]",D,"[1,3,5]",9,9,gap or overlap
combination_0560_open_q1,combination_0560.png,"[""candidate=B; piece_counts=[5, 1]; candidate_total=6; target_total=6; blocking_reason=gap or overlap""]","[""B""]",B,"[5,1]",6,6,gap or overlap
combination_0561_open_q1,combination_0561.png,"[""candidate=C; piece_counts=[2, 4]; candidate_total=6; target_total=7; blocking_reason=wrong cell count""]","[""C""]",C,"[2,4]",6,7,wrong cell count
combination_0562_open_q1,combination_0562.png,"[""candidate=D; piece_counts=[1, 5]; candidate_total=6; target_total=6; blocking_reason=gap or overlap""]","[""D""]",D,"[1,5]",6,6,gap or overlap
combination_0563_open_q1,combination_0563.png,"[""candidate=D; piece_counts=[4, 4]; candidate_total=8; target_total=8; blocking_reason=requires a reflection""]","[""D""]",D,"[4,4]",8,8,requires a reflection
combination_0564_open_q1,combination_0564.png,"[""candidate=C; piece_counts=[7, 1]; candidate_total=8; target_total=8; blocking_reason=requires a reflection""]","[""C""]",C,"[7,1]",8,8,requires a reflection
combination_0565_open_q1,combination_0565.png,"[""candidate=C; piece_counts=[4, 5]; candidate_total=9; target_total=9; blocking_reason=requires a reflection""]","[""C""]",C,"[4,5]",9,9,requires a reflection
combination_0566_open_q1,combination_0566.png,"[""candidate=A; piece_counts=[3, 1, 4, 1]; candidate_total=9; target_total=10; blocking_reason=wrong cell count""]","[""A""]",A,"[3,1,4,1]",9,10,wrong cell count
combination_0567_open_q1,combination_0567.png,"[""candidate=A; piece_counts=[6, 1, 1]; candidate_total=8; target_total=9; blocking_reason=wrong cell count""]","[""A""]",A,"[6,1,1]",8,9,wrong cell count
combination_0568_open_q1,combination_0568.png,"[""candidate=C; piece_counts=[5, 3, 1]; candidate_total=9; target_total=10; blocking_reason=wrong cell count""]","[""C""]",C,"[5,3,1]",9,10,wrong cell count
combination_0569_open_q1,combination_0569.png,"[""candidate=C; piece_counts=[1, 4]; candidate_total=5; target_total=6; blocking_reason=wrong cell count""]","[""C""]",C,"[1,4]",5,6,wrong cell count
combination_0570_open_q1,combination_0570.png,"[""candidate=D; piece_counts=[5, 1]; candidate_total=6; target_total=6; blocking_reason=gap or overlap""]","[""D""]",D,"[5,1]",6,6,gap or overlap
combination_0571_open_q1,combination_0571.png,"[""candidate=B; piece_counts=[1, 5]; candidate_total=6; target_total=6; blocking_reason=requires a reflection""]","[""B""]",B,"[1,5]",6,6,requires a reflection
combination_0572_open_q1,combination_0572.png,"[""candidate=A; piece_counts=[4, 4]; candidate_total=8; target_total=8; blocking_reason=requires a reflection""]","[""A""]",A,"[4,4]",8,8,requires a reflection
combination_0573_open_q1,combination_0573.png,"[""candidate=D; piece_counts=[7, 1]; candidate_total=8; target_total=8; blocking_reason=requires a reflection""]","[""D""]",D,"[7,1]",8,8,requires a reflection
combination_0574_open_q1,combination_0574.png,"[""candidate=A; piece_counts=[8, 1]; candidate_total=9; target_total=10; blocking_reason=wrong cell count""]","[""A""]",A,"[8,1]",9,10,wrong cell count
combination_0575_open_q1,combination_0575.png,"[""candidate=D; piece_counts=[1, 5]; candidate_total=6; target_total=6; blocking_reason=requires a reflection""]","[""D""]",D,"[1,5]",6,6,requires a reflection
combination_0576_open_q1,combination_0576.png,"[""candidate=B; piece_counts=[1, 6, 1, 1]; candidate_total=9; target_total=10; blocking_reason=wrong cell count""]","[""B""]",B,"[1,6,1,1]",9,10,wrong cell count
combination_0577_open_q1,combination_0577.png,"[""candidate=D; piece_counts=[3, 2]; candidate_total=5; target_total=6; blocking_reason=wrong cell count""]","[""D""]",D,"[3,2]",5,6,wrong cell count
combination_0578_open_q1,combination_0578.png,"[""candidate=D; piece_counts=[4, 1, 1]; candidate_total=6; target_total=7; blocking_reason=wrong cell count""]","[""D""]",D,"[4,1,1]",6,7,wrong cell count
combination_0579_open_q1,combination_0579.png,"[""candidate=D; piece_counts=[8, 1]; candidate_total=9; target_total=9; blocking_reason=gap or overlap""]","[""D""]",D,"[8,1]",9,9,gap or overlap
combination_0580_open_q1,combination_0580.png,"[""candidate=C; piece_counts=[5, 1, 1]; candidate_total=7; target_total=8; blocking_reason=wrong cell count""]","[""C""]",C,"[5,1,1]",7,8,wrong cell count
combination_0581_open_q1,combination_0581.png,"[""candidate=C; piece_counts=[3, 4]; candidate_total=7; target_total=7; blocking_reason=gap or overlap""]","[""C""]",C,"[3,4]",7,7,gap or overlap
combination_0582_open_q1,combination_0582.png,"[""candidate=D; piece_counts=[4, 2]; candidate_total=6; target_total=6; blocking_reason=requires a reflection""]","[""D""]",D,"[4,2]",6,6,requires a reflection
combination_0583_open_q1,combination_0583.png,"[""candidate=D; piece_counts=[3, 3, 1]; candidate_total=7; target_total=8; blocking_reason=wrong cell count""]","[""D""]",D,"[3,3,1]",7,8,wrong cell count
combination_0584_open_q1,combination_0584.png,"[""candidate=B; piece_counts=[5, 2]; candidate_total=7; target_total=8; blocking_reason=wrong cell count""]","[""B""]",B,"[5,2]",7,8,wrong cell count
combination_0585_open_q1,combination_0585.png,"[""candidate=D; piece_counts=[4, 2]; candidate_total=6; target_total=7; blocking_reason=wrong cell count""]","[""D""]",D,"[4,2]",6,7,wrong cell count
combination_0586_open_q1,combination_0586.png,"[""candidate=C; piece_counts=[4, 2]; candidate_total=6; target_total=6; blocking_reason=requires a reflection""]","[""C""]",C,"[4,2]",6,6,requires a reflection
combination_0587_open_q1,combination_0587.png,"[""candidate=B; piece_counts=[2, 3, 1, 1]; candidate_total=7; target_total=8; blocking_reason=wrong cell count""]","[""B""]",B,"[2,3,1,1]",7,8,wrong cell count
combination_0588_open_q1,combination_0588.png,"[""candidate=C; piece_counts=[6, 1, 1]; candidate_total=8; target_total=8; blocking_reason=requires a reflection""]","[""C""]",C,"[6,1,1]",8,8,requires a reflection
combination_0589_open_q1,combination_0589.png,"[""candidate=D; piece_counts=[5, 1, 1]; candidate_total=7; target_total=7; blocking_reason=requires a reflection""]","[""D""]",D,"[5,1,1]",7,7,requires a reflection
combination_0590_open_q1,combination_0590.png,"[""candidate=C; piece_counts=[3, 6, 1]; candidate_total=10; target_total=10; blocking_reason=requires a reflection""]","[""C""]",C,"[3,6,1]",10,10,requires a reflection
combination_0591_open_q1,combination_0591.png,"[""candidate=B; piece_counts=[7, 1, 1]; candidate_total=9; target_total=10; blocking_reason=wrong cell count""]","[""B""]",B,"[7,1,1]",9,10,wrong cell count
combination_0592_open_q1,combination_0592.png,"[""candidate=A; piece_counts=[7, 2]; candidate_total=9; target_total=10; blocking_reason=wrong cell count""]","[""A""]",A,"[7,2]",9,10,wrong cell count
combination_0593_open_q1,combination_0593.png,"[""candidate=B; piece_counts=[4, 4]; candidate_total=8; target_total=8; blocking_reason=requires a reflection""]","[""B""]",B,"[4,4]",8,8,requires a reflection
combination_0594_open_q1,combination_0594.png,"[""candidate=D; piece_counts=[5, 4]; candidate_total=9; target_total=10; blocking_reason=wrong cell count""]","[""D""]",D,"[5,4]",9,10,wrong cell count
combination_0595_open_q1,combination_0595.png,"[""candidate=B; piece_counts=[3, 4, 2]; candidate_total=9; target_total=10; blocking_reason=wrong cell count""]","[""B""]",B,"[3,4,2]",9,10,wrong cell count
combination_0596_open_q1,combination_0596.png,"[""candidate=A; piece_counts=[1, 4, 1, 1]; candidate_total=7; target_total=7; blocking_reason=gap or overlap""]","[""A""]",A,"[1,4,1,1]",7,7,gap or overlap
combination_0597_open_q1,combination_0597.png,"[""candidate=D; piece_counts=[5, 3]; candidate_total=8; target_total=8; blocking_reason=requires a reflection""]","[""D""]",D,"[5,3]",8,8,requires a reflection
combination_0598_open_q1,combination_0598.png,"[""candidate=D; piece_counts=[1, 2, 6]; candidate_total=9; target_total=9; blocking_reason=requires a reflection""]","[""D""]",D,"[1,2,6]",9,9,requires a reflection
combination_0599_open_q1,combination_0599.png,"[""candidate=A; piece_counts=[5, 2]; candidate_total=7; target_total=8; blocking_reason=wrong cell count""]","[""A""]",A,"[5,2]",7,8,wrong cell count
combination_0600_open_q1,combination_0600.png,"[""candidate=C; piece_counts=[2, 7]; candidate_total=9; target_total=9; blocking_reason=gap or overlap""]","[""C""]",C,"[2,7]",9,9,gap or overlap
combination_0601_open_q1,combination_0601.png,"[""candidate=B; piece_counts=[6, 3]; candidate_total=9; target_total=10; blocking_reason=wrong cell count""]","[""B""]",B,"[6,3]",9,10,wrong cell count
combination_0602_open_q1,combination_0602.png,"[""candidate=D; piece_counts=[6, 1]; candidate_total=7; target_total=8; blocking_reason=wrong cell count""]","[""D""]",D,"[6,1]",7,8,wrong cell count
combination_0603_open_q1,combination_0603.png,"[""candidate=B; piece_counts=[7, 2]; candidate_total=9; target_total=10; blocking_reason=wrong cell count""]","[""B""]",B,"[7,2]",9,10,wrong cell count
combination_0604_open_q1,combination_0604.png,"[""candidate=C; piece_counts=[4, 4, 1]; candidate_total=9; target_total=9; blocking_reason=gap or overlap""]","[""C""]",C,"[4,4,1]",9,9,gap or overlap
combination_0605_open_q1,combination_0605.png,"[""candidate=C; piece_counts=[3, 6]; candidate_total=9; target_total=9; blocking_reason=requires a reflection""]","[""C""]",C,"[3,6]",9,9,requires a reflection
combination_0606_open_q1,combination_0606.png,"[""candidate=A; piece_counts=[1, 5, 1]; candidate_total=7; target_total=8; blocking_reason=wrong cell count""]","[""A""]",A,"[1,5,1]",7,8,wrong cell count
combination_0607_open_q1,combination_0607.png,"[""candidate=D; piece_counts=[1, 5]; candidate_total=6; target_total=6; blocking_reason=gap or overlap""]","[""D""]",D,"[1,5]",6,6,gap or overlap
combination_0608_open_q1,combination_0608.png,"[""candidate=A; piece_counts=[3, 4]; candidate_total=7; target_total=7; blocking_reason=gap or overlap""]","[""A""]",A,"[3,4]",7,7,gap or overlap
combination_0609_open_q1,combination_0609.png,"[""candidate=D; piece_counts=[6, 1, 1]; candidate_total=8; target_total=8; blocking_reason=requires a reflection""]","[""D""]",D,"[6,1,1]",8,8,requires a reflection
combination_0610_open_q1,combination_0610.png,"[""candidate=D; piece_counts=[5, 3]; candidate_total=8; target_total=8; blocking_reason=gap or overlap""]","[""D""]",D,"[5,3]",8,8,gap or overlap
combination_0611_open_q1,combination_0611.png,"[""candidate=A; piece_counts=[5, 2]; candidate_total=7; target_total=7; blocking_reason=requires a reflection""]","[""A""]",A,"[5,2]",7,7,requires a reflection
combination_0612_open_q1,combination_0612.png,"[""candidate=B; piece_counts=[6, 3, 1]; candidate_total=10; target_total=10; blocking_reason=requires a reflection""]","[""B""]",B,"[6,3,1]",10,10,requires a reflection
combination_0613_open_q1,combination_0613.png,"[""candidate=B; piece_counts=[3, 3]; candidate_total=6; target_total=6; blocking_reason=gap or overlap""]","[""B""]",B,"[3,3]",6,6,gap or overlap
combination_0614_open_q1,combination_0614.png,"[""candidate=C; piece_counts=[5, 3, 2]; candidate_total=10; target_total=10; blocking_reason=requires a reflection""]","[""C""]",C,"[5,3,2]",10,10,requires a reflection
combination_0615_open_q1,combination_0615.png,"[""candidate=A; piece_counts=[2, 4]; candidate_total=6; target_total=6; blocking_reason=gap or overlap""]","[""A""]",A,"[2,4]",6,6,gap or overlap
combination_0616_open_q1,combination_0616.png,"[""candidate=C; piece_counts=[1, 6, 1]; candidate_total=8; target_total=9; blocking_reason=wrong cell count""]","[""C""]",C,"[1,6,1]",8,9,wrong cell count
combination_0617_open_q1,combination_0617.png,"[""candidate=B; piece_counts=[1, 8]; candidate_total=9; target_total=9; blocking_reason=gap or overlap""]","[""B""]",B,"[1,8]",9,9,gap or overlap
combination_0618_open_q1,combination_0618.png,"[""candidate=A; piece_counts=[1, 5, 1]; candidate_total=7; target_total=7; blocking_reason=requires a reflection""]","[""A""]",A,"[1,5,1]",7,7,requires a reflection
combination_0619_open_q1,combination_0619.png,"[""candidate=A; piece_counts=[4, 2]; candidate_total=6; target_total=7; blocking_reason=wrong cell count""]","[""A""]",A,"[4,2]",6,7,wrong cell count
combination_0620_open_q1,combination_0620.png,"[""candidate=B; piece_counts=[4, 5]; candidate_total=9; target_total=10; blocking_reason=wrong cell count""]","[""B""]",B,"[4,5]",9,10,wrong cell count
combination_0621_open_q1,combination_0621.png,"[""candidate=C; piece_counts=[9, 1]; candidate_total=10; target_total=10; blocking_reason=requires a reflection""]","[""C""]",C,"[9,1]",10,10,requires a reflection
combination_0622_open_q1,combination_0622.png,"[""candidate=D; piece_counts=[4, 2, 2]; candidate_total=8; target_total=9; blocking_reason=wrong cell count""]","[""D""]",D,"[4,2,2]",8,9,wrong cell count
combination_0623_open_q1,combination_0623.png,"[""candidate=B; piece_counts=[5, 1]; candidate_total=6; target_total=7; blocking_reason=wrong cell count""]","[""B""]",B,"[5,1]",6,7,wrong cell count
combination_0624_open_q1,combination_0624.png,"[""candidate=A; piece_counts=[1, 4, 2]; candidate_total=7; target_total=7; blocking_reason=requires a reflection""]","[""A""]",A,"[1,4,2]",7,7,requires a reflection
combination_0625_open_q1,combination_0625.png,"[""candidate=D; piece_counts=[5, 5]; candidate_total=10; target_total=10; blocking_reason=gap or overlap""]","[""D""]",D,"[5,5]",10,10,gap or overlap
combination_0626_open_q1,combination_0626.png,"[""candidate=D; piece_counts=[4, 1, 1]; candidate_total=6; target_total=6; blocking_reason=requires a reflection""]","[""D""]",D,"[4,1,1]",6,6,requires a reflection
combination_0627_open_q1,combination_0627.png,"[""candidate=A; piece_counts=[7, 3]; candidate_total=10; target_total=10; blocking_reason=requires a reflection""]","[""A""]",A,"[7,3]",10,10,requires a reflection
combination_0628_open_q1,combination_0628.png,"[""candidate=A; piece_counts=[9, 1]; candidate_total=10; target_total=10; blocking_reason=requires a reflection""]","[""A""]",A,"[9,1]",10,10,requires a reflection
combination_0629_open_q1,combination_0629.png,"[""candidate=C; piece_counts=[7, 1]; candidate_total=8; target_total=9; blocking_reason=wrong cell count""]","[""C""]",C,"[7,1]",8,9,wrong cell count
combination_0630_open_q1,combination_0630.png,"[""candidate=C; piece_counts=[5, 2, 1, 2]; candidate_total=10; target_total=10; blocking_reason=gap or overlap""]","[""C""]",C,"[5,2,1,2]",10,10,gap or overlap
combination_0631_open_q1,combination_0631.png,"[""candidate=A; piece_counts=[4, 4]; candidate_total=8; target_total=8; blocking_reason=gap or overlap""]","[""A""]",A,"[4,4]",8,8,gap or overlap
combination_0632_open_q1,combination_0632.png,"[""candidate=B; piece_counts=[8, 1, 1]; candidate_total=10; target_total=10; blocking_reason=gap or overlap""]","[""B""]",B,"[8,1,1]",10,10,gap or overlap
combination_0633_open_q1,combination_0633.png,"[""candidate=B; piece_counts=[2, 3]; candidate_total=5; target_total=6; blocking_reason=wrong cell count""]","[""B""]",B,"[2,3]",5,6,wrong cell count
combination_0634_open_q1,combination_0634.png,"[""candidate=D; piece_counts=[4, 2]; candidate_total=6; target_total=6; blocking_reason=requires a reflection""]","[""D""]",D,"[4,2]",6,6,requires a reflection
combination_0635_open_q1,combination_0635.png,"[""candidate=A; piece_counts=[1, 8]; candidate_total=9; target_total=10; blocking_reason=wrong cell count""]","[""A""]",A,"[1,8]",9,10,wrong cell count
combination_0636_open_q1,combination_0636.png,"[""candidate=C; piece_counts=[6, 1]; candidate_total=7; target_total=7; blocking_reason=gap or overlap""]","[""C""]",C,"[6,1]",7,7,gap or overlap
combination_0637_open_q1,combination_0637.png,"[""candidate=D; piece_counts=[4, 4]; candidate_total=8; target_total=8; blocking_reason=requires a reflection""]","[""D""]",D,"[4,4]",8,8,requires a reflection
combination_0638_open_q1,combination_0638.png,"[""candidate=A; piece_counts=[1, 8]; candidate_total=9; target_total=9; blocking_reason=gap or overlap""]","[""A""]",A,"[1,8]",9,9,gap or overlap
combination_0639_open_q1,combination_0639.png,"[""candidate=B; piece_counts=[7, 1]; candidate_total=8; target_total=9; blocking_reason=wrong cell count""]","[""B""]",B,"[7,1]",8,9,wrong cell count
combination_0640_open_q1,combination_0640.png,"[""candidate=C; piece_counts=[7, 1]; candidate_total=8; target_total=9; blocking_reason=wrong cell count""]","[""C""]",C,"[7,1]",8,9,wrong cell count
combination_0641_open_q1,combination_0641.png,"[""candidate=D; piece_counts=[9, 1]; candidate_total=10; target_total=10; blocking_reason=requires a reflection""]","[""D""]",D,"[9,1]",10,10,requires a reflection
combination_0642_open_q1,combination_0642.png,"[""candidate=C; piece_counts=[7, 2]; candidate_total=9; target_total=9; blocking_reason=requires a reflection""]","[""C""]",C,"[7,2]",9,9,requires a reflection
combination_0643_open_q1,combination_0643.png,"[""candidate=B; piece_counts=[7, 3]; candidate_total=10; target_total=10; blocking_reason=gap or overlap""]","[""B""]",B,"[7,3]",10,10,gap or overlap
combination_0644_open_q1,combination_0644.png,"[""candidate=C; piece_counts=[4, 4]; candidate_total=8; target_total=9; blocking_reason=wrong cell count""]","[""C""]",C,"[4,4]",8,9,wrong cell count
combination_0645_open_q1,combination_0645.png,"[""candidate=D; piece_counts=[5, 1]; candidate_total=6; target_total=7; blocking_reason=wrong cell count""]","[""D""]",D,"[5,1]",6,7,wrong cell count
combination_0646_open_q1,combination_0646.png,"[""candidate=D; piece_counts=[3, 4, 1]; candidate_total=8; target_total=8; blocking_reason=requires a reflection""]","[""D""]",D,"[3,4,1]",8,8,requires a reflection
combination_0647_open_q1,combination_0647.png,"[""candidate=D; piece_counts=[5, 2]; candidate_total=7; target_total=8; blocking_reason=wrong cell count""]","[""D""]",D,"[5,2]",7,8,wrong cell count
combination_0648_open_q1,combination_0648.png,"[""candidate=A; piece_counts=[5, 5]; candidate_total=10; target_total=10; blocking_reason=gap or overlap""]","[""A""]",A,"[5,5]",10,10,gap or overlap
combination_0649_open_q1,combination_0649.png,"[""candidate=C; piece_counts=[3, 5]; candidate_total=8; target_total=8; blocking_reason=gap or overlap""]","[""C""]",C,"[3,5]",8,8,gap or overlap
combination_0650_open_q1,combination_0650.png,"[""candidate=A; piece_counts=[1, 6]; candidate_total=7; target_total=7; blocking_reason=gap or overlap""]","[""A""]",A,"[1,6]",7,7,gap or overlap
combination_0651_open_q1,combination_0651.png,"[""candidate=B; piece_counts=[6, 1]; candidate_total=7; target_total=7; blocking_reason=gap or overlap""]","[""B""]",B,"[6,1]",7,7,gap or overlap
combination_0652_open_q1,combination_0652.png,"[""candidate=B; piece_counts=[4, 3, 3]; candidate_total=10; target_total=10; blocking_reason=requires a reflection""]","[""B""]",B,"[4,3,3]",10,10,requires a reflection
combination_0653_open_q1,combination_0653.png,"[""candidate=D; piece_counts=[4, 6]; candidate_total=10; target_total=10; blocking_reason=requires a reflection""]","[""D""]",D,"[4,6]",10,10,requires a reflection
combination_0654_open_q1,combination_0654.png,"[""candidate=C; piece_counts=[7, 1]; candidate_total=8; target_total=9; blocking_reason=wrong cell count""]","[""C""]",C,"[7,1]",8,9,wrong cell count
combination_0655_open_q1,combination_0655.png,"[""candidate=B; piece_counts=[3, 5]; candidate_total=8; target_total=8; blocking_reason=gap or overlap""]","[""B""]",B,"[3,5]",8,8,gap or overlap
combination_0656_open_q1,combination_0656.png,"[""candidate=C; piece_counts=[2, 6, 1]; candidate_total=9; target_total=9; blocking_reason=requires a reflection""]","[""C""]",C,"[2,6,1]",9,9,requires a reflection
combination_0657_open_q1,combination_0657.png,"[""candidate=C; piece_counts=[2, 4, 1]; candidate_total=7; target_total=8; blocking_reason=wrong cell count""]","[""C""]",C,"[2,4,1]",7,8,wrong cell count
combination_0658_open_q1,combination_0658.png,"[""candidate=C; piece_counts=[3, 1, 1]; candidate_total=5; target_total=6; blocking_reason=wrong cell count""]","[""C""]",C,"[3,1,1]",5,6,wrong cell count
combination_0659_open_q1,combination_0659.png,"[""candidate=A; piece_counts=[5, 4]; candidate_total=9; target_total=9; blocking_reason=requires a reflection""]","[""A""]",A,"[5,4]",9,9,requires a reflection
combination_0660_open_q1,combination_0660.png,"[""candidate=B; piece_counts=[3, 6]; candidate_total=9; target_total=9; blocking_reason=gap or overlap""]","[""B""]",B,"[3,6]",9,9,gap or overlap
combination_0661_open_q1,combination_0661.png,"[""candidate=C; piece_counts=[5, 3]; candidate_total=8; target_total=8; blocking_reason=requires a reflection""]","[""C""]",C,"[5,3]",8,8,requires a reflection
combination_0662_open_q1,combination_0662.png,"[""candidate=D; piece_counts=[3, 3]; candidate_total=6; target_total=6; blocking_reason=gap or overlap""]","[""D""]",D,"[3,3]",6,6,gap or overlap
combination_0663_open_q1,combination_0663.png,"[""candidate=D; piece_counts=[3, 3]; candidate_total=6; target_total=6; blocking_reason=gap or overlap""]","[""D""]",D,"[3,3]",6,6,gap or overlap
combination_0664_open_q1,combination_0664.png,"[""candidate=C; piece_counts=[2, 8]; candidate_total=10; target_total=10; blocking_reason=gap or overlap""]","[""C""]",C,"[2,8]",10,10,gap or overlap
combination_0665_open_q1,combination_0665.png,"[""candidate=D; piece_counts=[6, 1]; candidate_total=7; target_total=7; blocking_reason=gap or overlap""]","[""D""]",D,"[6,1]",7,7,gap or overlap
combination_0666_open_q1,combination_0666.png,"[""candidate=A; piece_counts=[2, 4, 1, 1]; candidate_total=8; target_total=9; blocking_reason=wrong cell count""]","[""A""]",A,"[2,4,1,1]",8,9,wrong cell count
combination_0667_open_q1,combination_0667.png,"[""candidate=A; piece_counts=[5, 4]; candidate_total=9; target_total=9; blocking_reason=requires a reflection""]","[""A""]",A,"[5,4]",9,9,requires a reflection
combination_0668_open_q1,combination_0668.png,"[""candidate=B; piece_counts=[5, 1]; candidate_total=6; target_total=6; blocking_reason=requires a reflection""]","[""B""]",B,"[5,1]",6,6,requires a reflection
combination_0669_open_q1,combination_0669.png,"[""candidate=B; piece_counts=[2, 6, 2]; candidate_total=10; target_total=10; blocking_reason=requires a reflection""]","[""B""]",B,"[2,6,2]",10,10,requires a reflection
combination_0670_open_q1,combination_0670.png,"[""candidate=D; piece_counts=[4, 2]; candidate_total=6; target_total=7; blocking_reason=wrong cell count""]","[""D""]",D,"[4,2]",6,7,wrong cell count
combination_0671_open_q1,combination_0671.png,"[""candidate=B; piece_counts=[8, 1]; candidate_total=9; target_total=9; blocking_reason=requires a reflection""]","[""B""]",B,"[8,1]",9,9,requires a reflection
combination_0672_open_q1,combination_0672.png,"[""candidate=C; piece_counts=[5, 1]; candidate_total=6; target_total=7; blocking_reason=wrong cell count""]","[""C""]",C,"[5,1]",6,7,wrong cell count
combination_0673_open_q1,combination_0673.png,"[""candidate=B; piece_counts=[1, 2, 5, 1]; candidate_total=9; target_total=9; blocking_reason=gap or overlap""]","[""B""]",B,"[1,2,5,1]",9,9,gap or overlap
combination_0674_open_q1,combination_0674.png,"[""candidate=C; piece_counts=[4, 1]; candidate_total=5; target_total=6; blocking_reason=wrong cell count""]","[""C""]",C,"[4,1]",5,6,wrong cell count
combination_0675_open_q1,combination_0675.png,"[""candidate=D; piece_counts=[5, 3]; candidate_total=8; target_total=9; blocking_reason=wrong cell count""]","[""D""]",D,"[5,3]",8,9,wrong cell count
combination_0676_open_q1,combination_0676.png,"[""candidate=B; piece_counts=[4, 3, 2]; candidate_total=9; target_total=10; blocking_reason=wrong cell count""]","[""B""]",B,"[4,3,2]",9,10,wrong cell count
combination_0677_open_q1,combination_0677.png,"[""candidate=C; piece_counts=[2, 4]; candidate_total=6; target_total=6; blocking_reason=gap or overlap""]","[""C""]",C,"[2,4]",6,6,gap or overlap
combination_0678_open_q1,combination_0678.png,"[""candidate=C; piece_counts=[4, 1]; candidate_total=5; target_total=6; blocking_reason=wrong cell count""]","[""C""]",C,"[4,1]",5,6,wrong cell count
combination_0679_open_q1,combination_0679.png,"[""candidate=A; piece_counts=[2, 4, 4]; candidate_total=10; target_total=10; blocking_reason=requires a reflection""]","[""A""]",A,"[2,4,4]",10,10,requires a reflection
combination_0680_open_q1,combination_0680.png,"[""candidate=B; piece_counts=[3, 1, 1, 5]; candidate_total=10; target_total=10; blocking_reason=gap or overlap""]","[""B""]",B,"[3,1,1,5]",10,10,gap or overlap
combination_0681_open_q1,combination_0681.png,"[""candidate=D; piece_counts=[7, 1]; candidate_total=8; target_total=8; blocking_reason=gap or overlap""]","[""D""]",D,"[7,1]",8,8,gap or overlap
combination_0682_open_q1,combination_0682.png,"[""candidate=C; piece_counts=[5, 1]; candidate_total=6; target_total=7; blocking_reason=wrong cell count""]","[""C""]",C,"[5,1]",6,7,wrong cell count
combination_0683_open_q1,combination_0683.png,"[""candidate=D; piece_counts=[5, 1]; candidate_total=6; target_total=6; blocking_reason=requires a reflection""]","[""D""]",D,"[5,1]",6,6,requires a reflection
combination_0684_open_q1,combination_0684.png,"[""candidate=B; piece_counts=[7, 2]; candidate_total=9; target_total=10; blocking_reason=wrong cell count""]","[""B""]",B,"[7,2]",9,10,wrong cell count
combination_0685_open_q1,combination_0685.png,"[""candidate=C; piece_counts=[5, 1]; candidate_total=6; target_total=7; blocking_reason=wrong cell count""]","[""C""]",C,"[5,1]",6,7,wrong cell count
combination_0686_open_q1,combination_0686.png,"[""candidate=D; piece_counts=[4, 3, 1]; candidate_total=8; target_total=8; blocking_reason=requires a reflection""]","[""D""]",D,"[4,3,1]",8,8,requires a reflection
combination_0687_open_q1,combination_0687.png,"[""candidate=B; piece_counts=[5, 4]; candidate_total=9; target_total=10; blocking_reason=wrong cell count""]","[""B""]",B,"[5,4]",9,10,wrong cell count
combination_0688_open_q1,combination_0688.png,"[""candidate=A; piece_counts=[5, 1, 1]; candidate_total=7; target_total=8; blocking_reason=wrong cell count""]","[""A""]",A,"[5,1,1]",7,8,wrong cell count
combination_0689_open_q1,combination_0689.png,"[""candidate=C; piece_counts=[2, 5, 1]; candidate_total=8; target_total=8; blocking_reason=requires a reflection""]","[""C""]",C,"[2,5,1]",8,8,requires a reflection
combination_0690_open_q1,combination_0690.png,"[""candidate=C; piece_counts=[8, 1]; candidate_total=9; target_total=9; blocking_reason=requires a reflection""]","[""C""]",C,"[8,1]",9,9,requires a reflection
combination_0691_open_q1,combination_0691.png,"[""candidate=D; piece_counts=[4, 2]; candidate_total=6; target_total=7; blocking_reason=wrong cell count""]","[""D""]",D,"[4,2]",6,7,wrong cell count
combination_0692_open_q1,combination_0692.png,"[""candidate=C; piece_counts=[6, 1]; candidate_total=7; target_total=7; blocking_reason=gap or overlap""]","[""C""]",C,"[6,1]",7,7,gap or overlap
combination_0693_open_q1,combination_0693.png,"[""candidate=C; piece_counts=[9, 1]; candidate_total=10; target_total=10; blocking_reason=requires a reflection""]","[""C""]",C,"[9,1]",10,10,requires a reflection
combination_0694_open_q1,combination_0694.png,"[""candidate=A; piece_counts=[2, 4, 1, 1]; candidate_total=8; target_total=8; blocking_reason=requires a reflection""]","[""A""]",A,"[2,4,1,1]",8,8,requires a reflection
combination_0695_open_q1,combination_0695.png,"[""candidate=D; piece_counts=[5, 1]; candidate_total=6; target_total=7; blocking_reason=wrong cell count""]","[""D""]",D,"[5,1]",6,7,wrong cell count
combination_0696_open_q1,combination_0696.png,"[""candidate=B; piece_counts=[4, 4]; candidate_total=8; target_total=9; blocking_reason=wrong cell count""]","[""B""]",B,"[4,4]",8,9,wrong cell count
combination_0697_open_q1,combination_0697.png,"[""candidate=C; piece_counts=[2, 4]; candidate_total=6; target_total=6; blocking_reason=gap or overlap""]","[""C""]",C,"[2,4]",6,6,gap or overlap
combination_0698_open_q1,combination_0698.png,"[""candidate=C; piece_counts=[3, 3, 1, 1]; candidate_total=8; target_total=9; blocking_reason=wrong cell count""]","[""C""]",C,"[3,3,1,1]",8,9,wrong cell count
combination_0699_open_q1,combination_0699.png,"[""candidate=D; piece_counts=[5, 1]; candidate_total=6; target_total=6; blocking_reason=requires a reflection""]","[""D""]",D,"[5,1]",6,6,requires a reflection
combination_0700_open_q1,combination_0700.png,"[""candidate=A; piece_counts=[2, 4, 1, 1]; candidate_total=8; target_total=9; blocking_reason=wrong cell count""]","[""A""]",A,"[2,4,1,1]",8,9,wrong cell count
combination_0701_open_q1,combination_0701.png,"[""candidate=D; piece_counts=[5, 2, 2]; candidate_total=9; target_total=9; blocking_reason=requires a reflection""]","[""D""]",D,"[5,2,2]",9,9,requires a reflection
combination_0702_open_q1,combination_0702.png,"[""candidate=C; piece_counts=[4, 1]; candidate_total=5; target_total=6; blocking_reason=wrong cell count""]","[""C""]",C,"[4,1]",5,6,wrong cell count
combination_0703_open_q1,combination_0703.png,"[""candidate=D; piece_counts=[6, 1]; candidate_total=7; target_total=7; blocking_reason=gap or overlap""]","[""D""]",D,"[6,1]",7,7,gap or overlap
combination_0704_open_q1,combination_0704.png,"[""candidate=A; piece_counts=[5, 5]; candidate_total=10; target_total=10; blocking_reason=gap or overlap""]","[""A""]",A,"[5,5]",10,10,gap or overlap
combination_0705_open_q1,combination_0705.png,"[""candidate=D; piece_counts=[4, 1]; candidate_total=5; target_total=6; blocking_reason=wrong cell count""]","[""D""]",D,"[4,1]",5,6,wrong cell count
combination_0706_open_q1,combination_0706.png,"[""candidate=C; piece_counts=[8, 1]; candidate_total=9; target_total=10; blocking_reason=wrong cell count""]","[""C""]",C,"[8,1]",9,10,wrong cell count
combination_0707_open_q1,combination_0707.png,"[""candidate=A; piece_counts=[3, 3, 1]; candidate_total=7; target_total=8; blocking_reason=wrong cell count""]","[""A""]",A,"[3,3,1]",7,8,wrong cell count
combination_0708_open_q1,combination_0708.png,"[""candidate=C; piece_counts=[1, 6]; candidate_total=7; target_total=8; blocking_reason=wrong cell count""]","[""C""]",C,"[1,6]",7,8,wrong cell count
combination_0709_open_q1,combination_0709.png,"[""candidate=D; piece_counts=[4, 1, 2]; candidate_total=7; target_total=8; blocking_reason=wrong cell count""]","[""D""]",D,"[4,1,2]",7,8,wrong cell count
combination_0710_open_q1,combination_0710.png,"[""candidate=C; piece_counts=[1, 1, 8]; candidate_total=10; target_total=10; blocking_reason=gap or overlap""]","[""C""]",C,"[1,1,8]",10,10,gap or overlap
combination_0711_open_q1,combination_0711.png,"[""candidate=A; piece_counts=[5, 2, 1]; candidate_total=8; target_total=9; blocking_reason=wrong cell count""]","[""A""]",A,"[5,2,1]",8,9,wrong cell count
combination_0712_open_q1,combination_0712.png,"[""candidate=B; piece_counts=[1, 2, 6]; candidate_total=9; target_total=9; blocking_reason=gap or overlap""]","[""B""]",B,"[1,2,6]",9,9,gap or overlap
combination_0713_open_q1,combination_0713.png,"[""candidate=D; piece_counts=[1, 1, 6]; candidate_total=8; target_total=8; blocking_reason=gap or overlap""]","[""D""]",D,"[1,1,6]",8,8,gap or overlap
combination_0714_open_q1,combination_0714.png,"[""candidate=A; piece_counts=[1, 4]; candidate_total=5; target_total=6; blocking_reason=wrong cell count""]","[""A""]",A,"[1,4]",5,6,wrong cell count
combination_0715_open_q1,combination_0715.png,"[""candidate=D; piece_counts=[1, 1, 5]; candidate_total=7; target_total=7; blocking_reason=requires a reflection""]","[""D""]",D,"[1,1,5]",7,7,requires a reflection
combination_0716_open_q1,combination_0716.png,"[""candidate=C; piece_counts=[5, 1]; candidate_total=6; target_total=7; blocking_reason=wrong cell count""]","[""C""]",C,"[5,1]",6,7,wrong cell count
combination_0717_open_q1,combination_0717.png,"[""candidate=C; piece_counts=[1, 4, 2]; candidate_total=7; target_total=7; blocking_reason=gap or overlap""]","[""C""]",C,"[1,4,2]",7,7,gap or overlap
combination_0718_open_q1,combination_0718.png,"[""candidate=C; piece_counts=[1, 3, 2]; candidate_total=6; target_total=7; blocking_reason=wrong cell count""]","[""C""]",C,"[1,3,2]",6,7,wrong cell count
combination_0719_open_q1,combination_0719.png,"[""candidate=B; piece_counts=[2, 4]; candidate_total=6; target_total=6; blocking_reason=requires a reflection""]","[""B""]",B,"[2,4]",6,6,requires a reflection
combination_0720_open_q1,combination_0720.png,"[""candidate=B; piece_counts=[4, 1]; candidate_total=5; target_total=6; blocking_reason=wrong cell count""]","[""B""]",B,"[4,1]",5,6,wrong cell count
combination_0721_open_q1,combination_0721.png,"[""candidate=D; piece_counts=[3, 6]; candidate_total=9; target_total=9; blocking_reason=gap or overlap""]","[""D""]",D,"[3,6]",9,9,gap or overlap
combination_0722_open_q1,combination_0722.png,"[""candidate=D; piece_counts=[3, 4]; candidate_total=7; target_total=7; blocking_reason=requires a reflection""]","[""D""]",D,"[3,4]",7,7,requires a reflection
combination_0723_open_q1,combination_0723.png,"[""candidate=A; piece_counts=[5, 1]; candidate_total=6; target_total=7; blocking_reason=wrong cell count""]","[""A""]",A,"[5,1]",6,7,wrong cell count
combination_0724_open_q1,combination_0724.png,"[""candidate=C; piece_counts=[5, 1]; candidate_total=6; target_total=6; blocking_reason=requires a reflection""]","[""C""]",C,"[5,1]",6,6,requires a reflection
combination_0725_open_q1,combination_0725.png,"[""candidate=B; piece_counts=[1, 5]; candidate_total=6; target_total=6; blocking_reason=gap or overlap""]","[""B""]",B,"[1,5]",6,6,gap or overlap
combination_0726_open_q1,combination_0726.png,"[""candidate=A; piece_counts=[1, 4, 1, 1]; candidate_total=7; target_total=8; blocking_reason=wrong cell count""]","[""A""]",A,"[1,4,1,1]",7,8,wrong cell count
combination_0727_open_q1,combination_0727.png,"[""candidate=B; piece_counts=[9, 1]; candidate_total=10; target_total=10; blocking_reason=requires a reflection""]","[""B""]",B,"[9,1]",10,10,requires a reflection
combination_0728_open_q1,combination_0728.png,"[""candidate=B; piece_counts=[8, 2]; candidate_total=10; target_total=10; blocking_reason=gap or overlap""]","[""B""]",B,"[8,2]",10,10,gap or overlap
combination_0729_open_q1,combination_0729.png,"[""candidate=C; piece_counts=[2, 6]; candidate_total=8; target_total=8; blocking_reason=gap or overlap""]","[""C""]",C,"[2,6]",8,8,gap or overlap
combination_0730_open_q1,combination_0730.png,"[""candidate=D; piece_counts=[5, 5]; candidate_total=10; target_total=10; blocking_reason=gap or overlap""]","[""D""]",D,"[5,5]",10,10,gap or overlap
combination_0731_open_q1,combination_0731.png,"[""candidate=D; piece_counts=[7, 3]; candidate_total=10; target_total=10; blocking_reason=requires a reflection""]","[""D""]",D,"[7,3]",10,10,requires a reflection
combination_0732_open_q1,combination_0732.png,"[""candidate=C; piece_counts=[5, 1, 1, 1]; candidate_total=8; target_total=9; blocking_reason=wrong cell count""]","[""C""]",C,"[5,1,1,1]",8,9,wrong cell count
combination_0733_open_q1,combination_0733.png,"[""candidate=C; piece_counts=[5, 2, 1]; candidate_total=8; target_total=9; blocking_reason=wrong cell count""]","[""C""]",C,"[5,2,1]",8,9,wrong cell count
combination_0734_open_q1,combination_0734.png,"[""candidate=D; piece_counts=[4, 4]; candidate_total=8; target_total=8; blocking_reason=gap or overlap""]","[""D""]",D,"[4,4]",8,8,gap or overlap
combination_0735_open_q1,combination_0735.png,"[""candidate=A; piece_counts=[5, 1]; candidate_total=6; target_total=6; blocking_reason=requires a reflection""]","[""A""]",A,"[5,1]",6,6,requires a reflection
combination_0736_open_q1,combination_0736.png,"[""candidate=B; piece_counts=[4, 1]; candidate_total=5; target_total=6; blocking_reason=wrong cell count""]","[""B""]",B,"[4,1]",5,6,wrong cell count
combination_0737_open_q1,combination_0737.png,"[""candidate=C; piece_counts=[6, 1]; candidate_total=7; target_total=7; blocking_reason=requires a reflection""]","[""C""]",C,"[6,1]",7,7,requires a reflection
combination_0738_open_q1,combination_0738.png,"[""candidate=A; piece_counts=[6, 1]; candidate_total=7; target_total=8; blocking_reason=wrong cell count""]","[""A""]",A,"[6,1]",7,8,wrong cell count
combination_0739_open_q1,combination_0739.png,"[""candidate=D; piece_counts=[3, 1, 4]; candidate_total=8; target_total=8; blocking_reason=requires a reflection""]","[""D""]",D,"[3,1,4]",8,8,requires a reflection
combination_0740_open_q1,combination_0740.png,"[""candidate=B; piece_counts=[5, 1]; candidate_total=6; target_total=6; blocking_reason=requires a reflection""]","[""B""]",B,"[5,1]",6,6,requires a reflection
combination_0741_open_q1,combination_0741.png,"[""candidate=C; piece_counts=[4, 1]; candidate_total=5; target_total=6; blocking_reason=wrong cell count""]","[""C""]",C,"[4,1]",5,6,wrong cell count
combination_0742_open_q1,combination_0742.png,"[""candidate=C; piece_counts=[1, 6]; candidate_total=7; target_total=7; blocking_reason=gap or overlap""]","[""C""]",C,"[1,6]",7,7,gap or overlap
combination_0743_open_q1,combination_0743.png,"[""candidate=A; piece_counts=[1, 8]; candidate_total=9; target_total=10; blocking_reason=wrong cell count""]","[""A""]",A,"[1,8]",9,10,wrong cell count
combination_0744_open_q1,combination_0744.png,"[""candidate=C; piece_counts=[9, 1]; candidate_total=10; target_total=10; blocking_reason=gap or overlap""]","[""C""]",C,"[9,1]",10,10,gap or overlap
combination_0745_open_q1,combination_0745.png,"[""candidate=C; piece_counts=[9, 1]; candidate_total=10; target_total=10; blocking_reason=requires a reflection""]","[""C""]",C,"[9,1]",10,10,requires a reflection
combination_0746_open_q1,combination_0746.png,"[""candidate=D; piece_counts=[5, 1]; candidate_total=6; target_total=7; blocking_reason=wrong cell count""]","[""D""]",D,"[5,1]",6,7,wrong cell count
combination_0747_open_q1,combination_0747.png,"[""candidate=B; piece_counts=[3, 1, 1]; candidate_total=5; target_total=6; blocking_reason=wrong cell count""]","[""B""]",B,"[3,1,1]",5,6,wrong cell count
combination_0748_open_q1,combination_0748.png,"[""candidate=A; piece_counts=[7, 1]; candidate_total=8; target_total=8; blocking_reason=requires a reflection""]","[""A""]",A,"[7,1]",8,8,requires a reflection
combination_0749_open_q1,combination_0749.png,"[""candidate=D; piece_counts=[7, 1]; candidate_total=8; target_total=9; blocking_reason=wrong cell count""]","[""D""]",D,"[7,1]",8,9,wrong cell count
combination_0750_open_q1,combination_0750.png,"[""candidate=C; piece_counts=[2, 4, 1]; candidate_total=7; target_total=7; blocking_reason=requires a reflection""]","[""C""]",C,"[2,4,1]",7,7,requires a reflection
combination_0751_open_q1,combination_0751.png,"[""candidate=D; piece_counts=[3, 7]; candidate_total=10; target_total=10; blocking_reason=gap or overlap""]","[""D""]",D,"[3,7]",10,10,gap or overlap
combination_0752_open_q1,combination_0752.png,"[""candidate=A; piece_counts=[4, 1]; candidate_total=5; target_total=6; blocking_reason=wrong cell count""]","[""A""]",A,"[4,1]",5,6,wrong cell count
combination_0753_open_q1,combination_0753.png,"[""candidate=C; piece_counts=[5, 1]; candidate_total=6; target_total=6; blocking_reason=requires a reflection""]","[""C""]",C,"[5,1]",6,6,requires a reflection
combination_0754_open_q1,combination_0754.png,"[""candidate=A; piece_counts=[6, 1, 2]; candidate_total=9; target_total=9; blocking_reason=gap or overlap""]","[""A""]",A,"[6,1,2]",9,9,gap or overlap
combination_0755_open_q1,combination_0755.png,"[""candidate=D; piece_counts=[4, 4]; candidate_total=8; target_total=8; blocking_reason=gap or overlap""]","[""D""]",D,"[4,4]",8,8,gap or overlap
combination_0756_open_q1,combination_0756.png,"[""candidate=C; piece_counts=[5, 5]; candidate_total=10; target_total=10; blocking_reason=gap or overlap""]","[""C""]",C,"[5,5]",10,10,gap or overlap
combination_0757_open_q1,combination_0757.png,"[""candidate=D; piece_counts=[4, 2]; candidate_total=6; target_total=7; blocking_reason=wrong cell count""]","[""D""]",D,"[4,2]",6,7,wrong cell count
combination_0758_open_q1,combination_0758.png,"[""candidate=D; piece_counts=[6, 3]; candidate_total=9; target_total=10; blocking_reason=wrong cell count""]","[""D""]",D,"[6,3]",9,10,wrong cell count
combination_0759_open_q1,combination_0759.png,"[""candidate=A; piece_counts=[3, 1, 1]; candidate_total=5; target_total=6; blocking_reason=wrong cell count""]","[""A""]",A,"[3,1,1]",5,6,wrong cell count
combination_0760_open_q1,combination_0760.png,"[""candidate=A; piece_counts=[2, 6]; candidate_total=8; target_total=8; blocking_reason=gap or overlap""]","[""A""]",A,"[2,6]",8,8,gap or overlap
combination_0761_open_q1,combination_0761.png,"[""candidate=D; piece_counts=[3, 3]; candidate_total=6; target_total=7; blocking_reason=wrong cell count""]","[""D""]",D,"[3,3]",6,7,wrong cell count
combination_0762_open_q1,combination_0762.png,"[""candidate=D; piece_counts=[5, 1]; candidate_total=6; target_total=7; blocking_reason=wrong cell count""]","[""D""]",D,"[5,1]",6,7,wrong cell count
combination_0763_open_q1,combination_0763.png,"[""candidate=D; piece_counts=[5, 4]; candidate_total=9; target_total=9; blocking_reason=requires a reflection""]","[""D""]",D,"[5,4]",9,9,requires a reflection
combination_0764_open_q1,combination_0764.png,"[""candidate=C; piece_counts=[4, 2]; candidate_total=6; target_total=6; blocking_reason=requires a reflection""]","[""C""]",C,"[4,2]",6,6,requires a reflection
combination_0765_open_q1,combination_0765.png,"[""candidate=C; piece_counts=[6, 1]; candidate_total=7; target_total=7; blocking_reason=requires a reflection""]","[""C""]",C,"[6,1]",7,7,requires a reflection
combination_0766_open_q1,combination_0766.png,"[""candidate=A; piece_counts=[2, 6]; candidate_total=8; target_total=8; blocking_reason=requires a reflection""]","[""A""]",A,"[2,6]",8,8,requires a reflection
combination_0767_open_q1,combination_0767.png,"[""candidate=D; piece_counts=[4, 1]; candidate_total=5; target_total=6; blocking_reason=wrong cell count""]","[""D""]",D,"[4,1]",5,6,wrong cell count
combination_0768_open_q1,combination_0768.png,"[""candidate=C; piece_counts=[2, 7]; candidate_total=9; target_total=9; blocking_reason=gap or overlap""]","[""C""]",C,"[2,7]",9,9,gap or overlap
combination_0769_open_q1,combination_0769.png,"[""candidate=D; piece_counts=[4, 5]; candidate_total=9; target_total=10; blocking_reason=wrong cell count""]","[""D""]",D,"[4,5]",9,10,wrong cell count
combination_0770_open_q1,combination_0770.png,"[""candidate=D; piece_counts=[6, 1, 1]; candidate_total=8; target_total=9; blocking_reason=wrong cell count""]","[""D""]",D,"[6,1,1]",8,9,wrong cell count
combination_0771_open_q1,combination_0771.png,"[""candidate=B; piece_counts=[5, 1]; candidate_total=6; target_total=7; blocking_reason=wrong cell count""]","[""B""]",B,"[5,1]",6,7,wrong cell count
combination_0772_open_q1,combination_0772.png,"[""candidate=B; piece_counts=[5, 1, 1]; candidate_total=7; target_total=8; blocking_reason=wrong cell count""]","[""B""]",B,"[5,1,1]",7,8,wrong cell count
combination_0773_open_q1,combination_0773.png,"[""candidate=C; piece_counts=[3, 5]; candidate_total=8; target_total=8; blocking_reason=requires a reflection""]","[""C""]",C,"[3,5]",8,8,requires a reflection
combination_0774_open_q1,combination_0774.png,"[""candidate=C; piece_counts=[3, 1, 1]; candidate_total=5; target_total=6; blocking_reason=wrong cell count""]","[""C""]",C,"[3,1,1]",5,6,wrong cell count
combination_0775_open_q1,combination_0775.png,"[""candidate=B; piece_counts=[6, 1]; candidate_total=7; target_total=7; blocking_reason=requires a reflection""]","[""B""]",B,"[6,1]",7,7,requires a reflection
combination_0776_open_q1,combination_0776.png,"[""candidate=A; piece_counts=[4, 3, 1, 1]; candidate_total=9; target_total=10; blocking_reason=wrong cell count""]","[""A""]",A,"[4,3,1,1]",9,10,wrong cell count
combination_0777_open_q1,combination_0777.png,"[""candidate=B; piece_counts=[7, 2]; candidate_total=9; target_total=9; blocking_reason=gap or overlap""]","[""B""]",B,"[7,2]",9,9,gap or overlap
combination_0778_open_q1,combination_0778.png,"[""candidate=D; piece_counts=[5, 1]; candidate_total=6; target_total=7; blocking_reason=wrong cell count""]","[""D""]",D,"[5,1]",6,7,wrong cell count
combination_0779_open_q1,combination_0779.png,"[""candidate=D; piece_counts=[5, 1]; candidate_total=6; target_total=7; blocking_reason=wrong cell count""]","[""D""]",D,"[5,1]",6,7,wrong cell count
combination_0780_open_q1,combination_0780.png,"[""candidate=A; piece_counts=[2, 4, 1]; candidate_total=7; target_total=8; blocking_reason=wrong cell count""]","[""A""]",A,"[2,4,1]",7,8,wrong cell count
combination_0781_open_q1,combination_0781.png,"[""candidate=D; piece_counts=[4, 4]; candidate_total=8; target_total=9; blocking_reason=wrong cell count""]","[""D""]",D,"[4,4]",8,9,wrong cell count
combination_0782_open_q1,combination_0782.png,"[""candidate=D; piece_counts=[1, 7]; candidate_total=8; target_total=8; blocking_reason=gap or overlap""]","[""D""]",D,"[1,7]",8,8,gap or overlap
combination_0783_open_q1,combination_0783.png,"[""candidate=B; piece_counts=[1, 5]; candidate_total=6; target_total=7; blocking_reason=wrong cell count""]","[""B""]",B,"[1,5]",6,7,wrong cell count
combination_0784_open_q1,combination_0784.png,"[""candidate=C; piece_counts=[5, 1]; candidate_total=6; target_total=6; blocking_reason=requires a reflection""]","[""C""]",C,"[5,1]",6,6,requires a reflection
combination_0785_open_q1,combination_0785.png,"[""candidate=B; piece_counts=[4, 3]; candidate_total=7; target_total=7; blocking_reason=requires a reflection""]","[""B""]",B,"[4,3]",7,7,requires a reflection
combination_0786_open_q1,combination_0786.png,"[""candidate=C; piece_counts=[1, 5, 1, 1]; candidate_total=8; target_total=8; blocking_reason=requires a reflection""]","[""C""]",C,"[1,5,1,1]",8,8,requires a reflection
combination_0787_open_q1,combination_0787.png,"[""candidate=A; piece_counts=[4, 4]; candidate_total=8; target_total=9; blocking_reason=wrong cell count""]","[""A""]",A,"[4,4]",8,9,wrong cell count
combination_0788_open_q1,combination_0788.png,"[""candidate=A; piece_counts=[4, 1]; candidate_total=5; target_total=6; blocking_reason=wrong cell count""]","[""A""]",A,"[4,1]",5,6,wrong cell count
combination_0789_open_q1,combination_0789.png,"[""candidate=C; piece_counts=[5, 1]; candidate_total=6; target_total=6; blocking_reason=requires a reflection""]","[""C""]",C,"[5,1]",6,6,requires a reflection
combination_0790_open_q1,combination_0790.png,"[""candidate=A; piece_counts=[1, 7]; candidate_total=8; target_total=8; blocking_reason=requires a reflection""]","[""A""]",A,"[1,7]",8,8,requires a reflection
combination_0791_open_q1,combination_0791.png,"[""candidate=A; piece_counts=[6, 1, 3]; candidate_total=10; target_total=10; blocking_reason=gap or overlap""]","[""A""]",A,"[6,1,3]",10,10,gap or overlap
combination_0792_open_q1,combination_0792.png,"[""candidate=B; piece_counts=[6, 3]; candidate_total=9; target_total=9; blocking_reason=requires a reflection""]","[""B""]",B,"[6,3]",9,9,requires a reflection
combination_0793_open_q1,combination_0793.png,"[""candidate=D; piece_counts=[4, 3]; candidate_total=7; target_total=8; blocking_reason=wrong cell count""]","[""D""]",D,"[4,3]",7,8,wrong cell count
combination_0794_open_q1,combination_0794.png,"[""candidate=A; piece_counts=[4, 6]; candidate_total=10; target_total=10; blocking_reason=gap or overlap""]","[""A""]",A,"[4,6]",10,10,gap or overlap
combination_0795_open_q1,combination_0795.png,"[""candidate=A; piece_counts=[1, 7, 1]; candidate_total=9; target_total=9; blocking_reason=requires a reflection""]","[""A""]",A,"[1,7,1]",9,9,requires a reflection
combination_0796_open_q1,combination_0796.png,"[""candidate=B; piece_counts=[5, 2, 1, 1]; candidate_total=9; target_total=9; blocking_reason=requires a reflection""]","[""B""]",B,"[5,2,1,1]",9,9,requires a reflection
combination_0797_open_q1,combination_0797.png,"[""candidate=D; piece_counts=[5, 2]; candidate_total=7; target_total=7; blocking_reason=requires a reflection""]","[""D""]",D,"[5,2]",7,7,requires a reflection
combination_0798_open_q1,combination_0798.png,"[""candidate=A; piece_counts=[5, 3]; candidate_total=8; target_total=9; blocking_reason=wrong cell count""]","[""A""]",A,"[5,3]",8,9,wrong cell count
combination_0799_open_q1,combination_0799.png,"[""candidate=A; piece_counts=[7, 2]; candidate_total=9; target_total=9; blocking_reason=requires a reflection""]","[""A""]",A,"[7,2]",9,9,requires a reflection
combination_0800_open_q1,combination_0800.png,"[""candidate=B; piece_counts=[5, 3, 1]; candidate_total=9; target_total=10; blocking_reason=wrong cell count""]","[""B""]",B,"[5,3,1]",9,10,wrong cell count
combination_0801_open_q1,combination_0801.png,"[""candidate=D; piece_counts=[1, 5, 1, 1]; candidate_total=8; target_total=8; blocking_reason=requires a reflection""]","[""D""]",D,"[1,5,1,1]",8,8,requires a reflection
combination_0802_open_q1,combination_0802.png,"[""candidate=A; piece_counts=[1, 8, 1]; candidate_total=10; target_total=10; blocking_reason=gap or overlap""]","[""A""]",A,"[1,8,1]",10,10,gap or overlap
combination_0803_open_q1,combination_0803.png,"[""candidate=B; piece_counts=[7, 1]; candidate_total=8; target_total=9; blocking_reason=wrong cell count""]","[""B""]",B,"[7,1]",8,9,wrong cell count
combination_0804_open_q1,combination_0804.png,"[""candidate=A; piece_counts=[5, 2, 2]; candidate_total=9; target_total=9; blocking_reason=requires a reflection""]","[""A""]",A,"[5,2,2]",9,9,requires a reflection
combination_0805_open_q1,combination_0805.png,"[""candidate=C; piece_counts=[3, 1, 1]; candidate_total=5; target_total=6; blocking_reason=wrong cell count""]","[""C""]",C,"[3,1,1]",5,6,wrong cell count
combination_0806_open_q1,combination_0806.png,"[""candidate=D; piece_counts=[2, 8]; candidate_total=10; target_total=10; blocking_reason=gap or overlap""]","[""D""]",D,"[2,8]",10,10,gap or overlap
combination_0807_open_q1,combination_0807.png,"[""candidate=D; piece_counts=[4, 2]; candidate_total=6; target_total=6; blocking_reason=requires a reflection""]","[""D""]",D,"[4,2]",6,6,requires a reflection
combination_0808_open_q1,combination_0808.png,"[""candidate=B; piece_counts=[2, 6]; candidate_total=8; target_total=8; blocking_reason=gap or overlap""]","[""B""]",B,"[2,6]",8,8,gap or overlap
combination_0809_open_q1,combination_0809.png,"[""candidate=B; piece_counts=[4, 2]; candidate_total=6; target_total=7; blocking_reason=wrong cell count""]","[""B""]",B,"[4,2]",6,7,wrong cell count
combination_0810_open_q1,combination_0810.png,"[""candidate=C; piece_counts=[7, 2]; candidate_total=9; target_total=9; blocking_reason=gap or overlap""]","[""C""]",C,"[7,2]",9,9,gap or overlap
combination_0811_open_q1,combination_0811.png,"[""candidate=A; piece_counts=[8, 2]; candidate_total=10; target_total=10; blocking_reason=gap or overlap""]","[""A""]",A,"[8,2]",10,10,gap or overlap
combination_0812_open_q1,combination_0812.png,"[""candidate=C; piece_counts=[4, 2, 4]; candidate_total=10; target_total=10; blocking_reason=gap or overlap""]","[""C""]",C,"[4,2,4]",10,10,gap or overlap
combination_0813_open_q1,combination_0813.png,"[""candidate=C; piece_counts=[9, 1]; candidate_total=10; target_total=10; blocking_reason=requires a reflection""]","[""C""]",C,"[9,1]",10,10,requires a reflection
combination_0814_open_q1,combination_0814.png,"[""candidate=C; piece_counts=[5, 2]; candidate_total=7; target_total=7; blocking_reason=requires a reflection""]","[""C""]",C,"[5,2]",7,7,requires a reflection
combination_0815_open_q1,combination_0815.png,"[""candidate=B; piece_counts=[3, 2]; candidate_total=5; target_total=6; blocking_reason=wrong cell count""]","[""B""]",B,"[3,2]",5,6,wrong cell count
combination_0816_open_q1,combination_0816.png,"[""candidate=B; piece_counts=[1, 5]; candidate_total=6; target_total=6; blocking_reason=gap or overlap""]","[""B""]",B,"[1,5]",6,6,gap or overlap
combination_0817_open_q1,combination_0817.png,"[""candidate=C; piece_counts=[1, 6, 1]; candidate_total=8; target_total=8; blocking_reason=requires a reflection""]","[""C""]",C,"[1,6,1]",8,8,requires a reflection
combination_0818_open_q1,combination_0818.png,"[""candidate=D; piece_counts=[3, 4]; candidate_total=7; target_total=8; blocking_reason=wrong cell count""]","[""D""]",D,"[3,4]",7,8,wrong cell count
combination_0819_open_q1,combination_0819.png,"[""candidate=B; piece_counts=[1, 6]; candidate_total=7; target_total=7; blocking_reason=requires a reflection""]","[""B""]",B,"[1,6]",7,7,requires a reflection
combination_0820_open_q1,combination_0820.png,"[""candidate=B; piece_counts=[5, 2, 2, 1]; candidate_total=10; target_total=10; blocking_reason=requires a reflection""]","[""B""]",B,"[5,2,2,1]",10,10,requires a reflection
combination_0821_open_q1,combination_0821.png,"[""candidate=B; piece_counts=[8, 1]; candidate_total=9; target_total=9; blocking_reason=requires a reflection""]","[""B""]",B,"[8,1]",9,9,requires a reflection
combination_0822_open_q1,combination_0822.png,"[""candidate=A; piece_counts=[4, 3]; candidate_total=7; target_total=8; blocking_reason=wrong cell count""]","[""A""]",A,"[4,3]",7,8,wrong cell count
combination_0823_open_q1,combination_0823.png,"[""candidate=A; piece_counts=[4, 3]; candidate_total=7; target_total=7; blocking_reason=gap or overlap""]","[""A""]",A,"[4,3]",7,7,gap or overlap
combination_0824_open_q1,combination_0824.png,"[""candidate=B; piece_counts=[5, 1]; candidate_total=6; target_total=7; blocking_reason=wrong cell count""]","[""B""]",B,"[5,1]",6,7,wrong cell count
combination_0825_open_q1,combination_0825.png,"[""candidate=B; piece_counts=[4, 4]; candidate_total=8; target_total=8; blocking_reason=requires a reflection""]","[""B""]",B,"[4,4]",8,8,requires a reflection
combination_0826_open_q1,combination_0826.png,"[""candidate=A; piece_counts=[1, 1, 6]; candidate_total=8; target_total=8; blocking_reason=gap or overlap""]","[""A""]",A,"[1,1,6]",8,8,gap or overlap
combination_0827_open_q1,combination_0827.png,"[""candidate=B; piece_counts=[4, 5]; candidate_total=9; target_total=9; blocking_reason=gap or overlap""]","[""B""]",B,"[4,5]",9,9,gap or overlap
combination_0828_open_q1,combination_0828.png,"[""candidate=A; piece_counts=[5, 1]; candidate_total=6; target_total=6; blocking_reason=gap or overlap""]","[""A""]",A,"[5,1]",6,6,gap or overlap
combination_0829_open_q1,combination_0829.png,"[""candidate=C; piece_counts=[5, 4]; candidate_total=9; target_total=9; blocking_reason=gap or overlap""]","[""C""]",C,"[5,4]",9,9,gap or overlap
combination_0830_open_q1,combination_0830.png,"[""candidate=A; piece_counts=[1, 6]; candidate_total=7; target_total=7; blocking_reason=gap or overlap""]","[""A""]",A,"[1,6]",7,7,gap or overlap
combination_0831_open_q1,combination_0831.png,"[""candidate=B; piece_counts=[1, 8]; candidate_total=9; target_total=9; blocking_reason=requires a reflection""]","[""B""]",B,"[1,8]",9,9,requires a reflection
combination_0832_open_q1,combination_0832.png,"[""candidate=A; piece_counts=[9, 1]; candidate_total=10; target_total=10; blocking_reason=requires a reflection""]","[""A""]",A,"[9,1]",10,10,requires a reflection
combination_0833_open_q1,combination_0833.png,"[""candidate=B; piece_counts=[2, 6]; candidate_total=8; target_total=8; blocking_reason=gap or overlap""]","[""B""]",B,"[2,6]",8,8,gap or overlap
combination_0834_open_q1,combination_0834.png,"[""candidate=C; piece_counts=[1, 6]; candidate_total=7; target_total=7; blocking_reason=gap or overlap""]","[""C""]",C,"[1,6]",7,7,gap or overlap
combination_0835_open_q1,combination_0835.png,"[""candidate=B; piece_counts=[3, 4]; candidate_total=7; target_total=7; blocking_reason=gap or overlap""]","[""B""]",B,"[3,4]",7,7,gap or overlap
combination_0836_open_q1,combination_0836.png,"[""candidate=A; piece_counts=[8, 1]; candidate_total=9; target_total=10; blocking_reason=wrong cell count""]","[""A""]",A,"[8,1]",9,10,wrong cell count
combination_0837_open_q1,combination_0837.png,"[""candidate=B; piece_counts=[6, 2]; candidate_total=8; target_total=9; blocking_reason=wrong cell count""]","[""B""]",B,"[6,2]",8,9,wrong cell count
combination_0838_open_q1,combination_0838.png,"[""candidate=A; piece_counts=[5, 2]; candidate_total=7; target_total=8; blocking_reason=wrong cell count""]","[""A""]",A,"[5,2]",7,8,wrong cell count
combination_0839_open_q1,combination_0839.png,"[""candidate=D; piece_counts=[4, 1]; candidate_total=5; target_total=6; blocking_reason=wrong cell count""]","[""D""]",D,"[4,1]",5,6,wrong cell count
combination_0840_open_q1,combination_0840.png,"[""candidate=A; piece_counts=[5, 4]; candidate_total=9; target_total=9; blocking_reason=gap or overlap""]","[""A""]",A,"[5,4]",9,9,gap or overlap
combination_0841_open_q1,combination_0841.png,"[""candidate=D; piece_counts=[5, 3, 1, 1]; candidate_total=10; target_total=10; blocking_reason=gap or overlap""]","[""D""]",D,"[5,3,1,1]",10,10,gap or overlap
combination_0842_open_q1,combination_0842.png,"[""candidate=C; piece_counts=[6, 1]; candidate_total=7; target_total=7; blocking_reason=requires a reflection""]","[""C""]",C,"[6,1]",7,7,requires a reflection
combination_0843_open_q1,combination_0843.png,"[""candidate=A; piece_counts=[3, 7]; candidate_total=10; target_total=10; blocking_reason=requires a reflection""]","[""A""]",A,"[3,7]",10,10,requires a reflection
combination_0844_open_q1,combination_0844.png,"[""candidate=A; piece_counts=[2, 2, 6]; candidate_total=10; target_total=10; blocking_reason=gap or overlap""]","[""A""]",A,"[2,2,6]",10,10,gap or overlap
combination_0845_open_q1,combination_0845.png,"[""candidate=B; piece_counts=[4, 1]; candidate_total=5; target_total=6; blocking_reason=wrong cell count""]","[""B""]",B,"[4,1]",5,6,wrong cell count
combination_0846_open_q1,combination_0846.png,"[""candidate=D; piece_counts=[1, 8]; candidate_total=9; target_total=9; blocking_reason=requires a reflection""]","[""D""]",D,"[1,8]",9,9,requires a reflection
combination_0847_open_q1,combination_0847.png,"[""candidate=A; piece_counts=[6, 1]; candidate_total=7; target_total=7; blocking_reason=requires a reflection""]","[""A""]",A,"[6,1]",7,7,requires a reflection
combination_0848_open_q1,combination_0848.png,"[""candidate=C; piece_counts=[3, 5, 1]; candidate_total=9; target_total=9; blocking_reason=requires a reflection""]","[""C""]",C,"[3,5,1]",9,9,requires a reflection
combination_0849_open_q1,combination_0849.png,"[""candidate=B; piece_counts=[5, 1]; candidate_total=6; target_total=6; blocking_reason=requires a reflection""]","[""B""]",B,"[5,1]",6,6,requires a reflection
combination_0850_open_q1,combination_0850.png,"[""candidate=C; piece_counts=[4, 1]; candidate_total=5; target_total=6; blocking_reason=wrong cell count""]","[""C""]",C,"[4,1]",5,6,wrong cell count
combination_0851_open_q1,combination_0851.png,"[""candidate=A; piece_counts=[6, 1, 1]; candidate_total=8; target_total=8; blocking_reason=requires a reflection""]","[""A""]",A,"[6,1,1]",8,8,requires a reflection
combination_0852_open_q1,combination_0852.png,"[""candidate=C; piece_counts=[2, 4]; candidate_total=6; target_total=6; blocking_reason=requires a reflection""]","[""C""]",C,"[2,4]",6,6,requires a reflection
combination_0853_open_q1,combination_0853.png,"[""candidate=C; piece_counts=[2, 5]; candidate_total=7; target_total=8; blocking_reason=wrong cell count""]","[""C""]",C,"[2,5]",7,8,wrong cell count
combination_0854_open_q1,combination_0854.png,"[""candidate=A; piece_counts=[6, 1]; candidate_total=7; target_total=8; blocking_reason=wrong cell count""]","[""A""]",A,"[6,1]",7,8,wrong cell count
combination_0855_open_q1,combination_0855.png,"[""candidate=D; piece_counts=[2, 5]; candidate_total=7; target_total=7; blocking_reason=gap or overlap""]","[""D""]",D,"[2,5]",7,7,gap or overlap
combination_0856_open_q1,combination_0856.png,"[""candidate=C; piece_counts=[4, 2, 1]; candidate_total=7; target_total=7; blocking_reason=requires a reflection""]","[""C""]",C,"[4,2,1]",7,7,requires a reflection
combination_0857_open_q1,combination_0857.png,"[""candidate=B; piece_counts=[1, 7, 1]; candidate_total=9; target_total=9; blocking_reason=requires a reflection""]","[""B""]",B,"[1,7,1]",9,9,requires a reflection
combination_0858_open_q1,combination_0858.png,"[""candidate=A; piece_counts=[4, 1]; candidate_total=5; target_total=6; blocking_reason=wrong cell count""]","[""A""]",A,"[4,1]",5,6,wrong cell count
combination_0859_open_q1,combination_0859.png,"[""candidate=B; piece_counts=[4, 2]; candidate_total=6; target_total=6; blocking_reason=requires a reflection""]","[""B""]",B,"[4,2]",6,6,requires a reflection
combination_0860_open_q1,combination_0860.png,"[""candidate=A; piece_counts=[5, 1]; candidate_total=6; target_total=6; blocking_reason=requires a reflection""]","[""A""]",A,"[5,1]",6,6,requires a reflection
combination_0861_open_q1,combination_0861.png,"[""candidate=D; piece_counts=[3, 1, 1]; candidate_total=5; target_total=6; blocking_reason=wrong cell count""]","[""D""]",D,"[3,1,1]",5,6,wrong cell count
combination_0862_open_q1,combination_0862.png,"[""candidate=D; piece_counts=[2, 5]; candidate_total=7; target_total=7; blocking_reason=gap or overlap""]","[""D""]",D,"[2,5]",7,7,gap or overlap
combination_0863_open_q1,combination_0863.png,"[""candidate=A; piece_counts=[2, 6, 1]; candidate_total=9; target_total=10; blocking_reason=wrong cell count""]","[""A""]",A,"[2,6,1]",9,10,wrong cell count
combination_0864_open_q1,combination_0864.png,"[""candidate=B; piece_counts=[4, 2]; candidate_total=6; target_total=6; blocking_reason=gap or overlap""]","[""B""]",B,"[4,2]",6,6,gap or overlap
combination_0865_open_q1,combination_0865.png,"[""candidate=C; piece_counts=[5, 2, 2, 1]; candidate_total=10; target_total=10; blocking_reason=requires a reflection""]","[""C""]",C,"[5,2,2,1]",10,10,requires a reflection
combination_0866_open_q1,combination_0866.png,"[""candidate=C; piece_counts=[3, 3]; candidate_total=6; target_total=6; blocking_reason=gap or overlap""]","[""C""]",C,"[3,3]",6,6,gap or overlap
combination_0867_open_q1,combination_0867.png,"[""candidate=B; piece_counts=[1, 6, 1, 1]; candidate_total=9; target_total=9; blocking_reason=requires a reflection""]","[""B""]",B,"[1,6,1,1]",9,9,requires a reflection
combination_0868_open_q1,combination_0868.png,"[""candidate=B; piece_counts=[1, 6, 1]; candidate_total=8; target_total=8; blocking_reason=requires a reflection""]","[""B""]",B,"[1,6,1]",8,8,requires a reflection
combination_0869_open_q1,combination_0869.png,"[""candidate=D; piece_counts=[2, 1, 1, 5]; candidate_total=9; target_total=9; blocking_reason=gap or overlap""]","[""D""]",D,"[2,1,1,5]",9,9,gap or overlap
combination_0870_open_q1,combination_0870.png,"[""candidate=A; piece_counts=[7, 1]; candidate_total=8; target_total=9; blocking_reason=wrong cell count""]","[""A""]",A,"[7,1]",8,9,wrong cell count
combination_0871_open_q1,combination_0871.png,"[""candidate=A; piece_counts=[4, 1]; candidate_total=5; target_total=6; blocking_reason=wrong cell count""]","[""A""]",A,"[4,1]",5,6,wrong cell count
combination_0872_open_q1,combination_0872.png,"[""candidate=A; piece_counts=[6, 1]; candidate_total=7; target_total=7; blocking_reason=requires a reflection""]","[""A""]",A,"[6,1]",7,7,requires a reflection
combination_0873_open_q1,combination_0873.png,"[""candidate=B; piece_counts=[7, 1, 1]; candidate_total=9; target_total=10; blocking_reason=wrong cell count""]","[""B""]",B,"[7,1,1]",9,10,wrong cell count
combination_0874_open_q1,combination_0874.png,"[""candidate=A; piece_counts=[3, 5]; candidate_total=8; target_total=8; blocking_reason=gap or overlap""]","[""A""]",A,"[3,5]",8,8,gap or overlap
combination_0875_open_q1,combination_0875.png,"[""candidate=D; piece_counts=[5, 2]; candidate_total=7; target_total=8; blocking_reason=wrong cell count""]","[""D""]",D,"[5,2]",7,8,wrong cell count
combination_0876_open_q1,combination_0876.png,"[""candidate=B; piece_counts=[2, 6]; candidate_total=8; target_total=8; blocking_reason=gap or overlap""]","[""B""]",B,"[2,6]",8,8,gap or overlap
combination_0877_open_q1,combination_0877.png,"[""candidate=C; piece_counts=[8, 1]; candidate_total=9; target_total=9; blocking_reason=requires a reflection""]","[""C""]",C,"[8,1]",9,9,requires a reflection
combination_0878_open_q1,combination_0878.png,"[""candidate=D; piece_counts=[3, 4]; candidate_total=7; target_total=8; blocking_reason=wrong cell count""]","[""D""]",D,"[3,4]",7,8,wrong cell count
combination_0879_open_q1,combination_0879.png,"[""candidate=B; piece_counts=[7, 2]; candidate_total=9; target_total=10; blocking_reason=wrong cell count""]","[""B""]",B,"[7,2]",9,10,wrong cell count
combination_0880_open_q1,combination_0880.png,"[""candidate=C; piece_counts=[2, 2, 4]; candidate_total=8; target_total=8; blocking_reason=requires a reflection""]","[""C""]",C,"[2,2,4]",8,8,requires a reflection
combination_0881_open_q1,combination_0881.png,"[""candidate=D; piece_counts=[6, 1]; candidate_total=7; target_total=7; blocking_reason=requires a reflection""]","[""D""]",D,"[6,1]",7,7,requires a reflection
combination_0882_open_q1,combination_0882.png,"[""candidate=D; piece_counts=[6, 1]; candidate_total=7; target_total=8; blocking_reason=wrong cell count""]","[""D""]",D,"[6,1]",7,8,wrong cell count
combination_0883_open_q1,combination_0883.png,"[""candidate=B; piece_counts=[1, 6]; candidate_total=7; target_total=7; blocking_reason=requires a reflection""]","[""B""]",B,"[1,6]",7,7,requires a reflection
combination_0884_open_q1,combination_0884.png,"[""candidate=B; piece_counts=[5, 1]; candidate_total=6; target_total=6; blocking_reason=gap or overlap""]","[""B""]",B,"[5,1]",6,6,gap or overlap
combination_0885_open_q1,combination_0885.png,"[""candidate=B; piece_counts=[5, 1]; candidate_total=6; target_total=6; blocking_reason=requires a reflection""]","[""B""]",B,"[5,1]",6,6,requires a reflection
combination_0886_open_q1,combination_0886.png,"[""candidate=A; piece_counts=[1, 8, 1]; candidate_total=10; target_total=10; blocking_reason=requires a reflection""]","[""A""]",A,"[1,8,1]",10,10,requires a reflection
combination_0887_open_q1,combination_0887.png,"[""candidate=B; piece_counts=[5, 4]; candidate_total=9; target_total=9; blocking_reason=requires a reflection""]","[""B""]",B,"[5,4]",9,9,requires a reflection
combination_0888_open_q1,combination_0888.png,"[""candidate=B; piece_counts=[1, 5, 3, 1]; candidate_total=10; target_total=10; blocking_reason=requires a reflection""]","[""B""]",B,"[1,5,3,1]",10,10,requires a reflection
combination_0889_open_q1,combination_0889.png,"[""candidate=C; piece_counts=[4, 3]; candidate_total=7; target_total=7; blocking_reason=gap or overlap""]","[""C""]",C,"[4,3]",7,7,gap or overlap
combination_0890_open_q1,combination_0890.png,"[""candidate=C; piece_counts=[6, 1, 1]; candidate_total=8; target_total=8; blocking_reason=requires a reflection""]","[""C""]",C,"[6,1,1]",8,8,requires a reflection
combination_0891_open_q1,combination_0891.png,"[""candidate=A; piece_counts=[7, 1]; candidate_total=8; target_total=8; blocking_reason=requires a reflection""]","[""A""]",A,"[7,1]",8,8,requires a reflection
combination_0892_open_q1,combination_0892.png,"[""candidate=B; piece_counts=[3, 4]; candidate_total=7; target_total=8; blocking_reason=wrong cell count""]","[""B""]",B,"[3,4]",7,8,wrong cell count
combination_0893_open_q1,combination_0893.png,"[""candidate=D; piece_counts=[6, 2]; candidate_total=8; target_total=8; blocking_reason=gap or overlap""]","[""D""]",D,"[6,2]",8,8,gap or overlap
combination_0894_open_q1,combination_0894.png,"[""candidate=D; piece_counts=[6, 1, 1]; candidate_total=8; target_total=8; blocking_reason=requires a reflection""]","[""D""]",D,"[6,1,1]",8,8,requires a reflection
combination_0895_open_q1,combination_0895.png,"[""candidate=A; piece_counts=[3, 4, 1]; candidate_total=8; target_total=9; blocking_reason=wrong cell count""]","[""A""]",A,"[3,4,1]",8,9,wrong cell count
combination_0896_open_q1,combination_0896.png,"[""candidate=B; piece_counts=[4, 2]; candidate_total=6; target_total=6; blocking_reason=gap or overlap""]","[""B""]",B,"[4,2]",6,6,gap or overlap
combination_0897_open_q1,combination_0897.png,"[""candidate=C; piece_counts=[4, 1]; candidate_total=5; target_total=6; blocking_reason=wrong cell count""]","[""C""]",C,"[4,1]",5,6,wrong cell count
combination_0898_open_q1,combination_0898.png,"[""candidate=D; piece_counts=[4, 2]; candidate_total=6; target_total=6; blocking_reason=requires a reflection""]","[""D""]",D,"[4,2]",6,6,requires a reflection
combination_0899_open_q1,combination_0899.png,"[""candidate=A; piece_counts=[2, 5, 2, 1]; candidate_total=10; target_total=10; blocking_reason=requires a reflection""]","[""A""]",A,"[2,5,2,1]",10,10,requires a reflection
combination_0900_open_q1,combination_0900.png,"[""candidate=A; piece_counts=[4, 3]; candidate_total=7; target_total=8; blocking_reason=wrong cell count""]","[""A""]",A,"[4,3]",7,8,wrong cell count
combination_0901_open_q1,combination_0901.png,"[""candidate=C; piece_counts=[7, 1]; candidate_total=8; target_total=8; blocking_reason=requires a reflection""]","[""C""]",C,"[7,1]",8,8,requires a reflection
combination_0902_open_q1,combination_0902.png,"[""candidate=D; piece_counts=[1, 8]; candidate_total=9; target_total=9; blocking_reason=gap or overlap""]","[""D""]",D,"[1,8]",9,9,gap or overlap
combination_0903_open_q1,combination_0903.png,"[""candidate=B; piece_counts=[1, 4]; candidate_total=5; target_total=6; blocking_reason=wrong cell count""]","[""B""]",B,"[1,4]",5,6,wrong cell count
combination_0904_open_q1,combination_0904.png,"[""candidate=C; piece_counts=[5, 1, 1]; candidate_total=7; target_total=8; blocking_reason=wrong cell count""]","[""C""]",C,"[5,1,1]",7,8,wrong cell count
combination_0905_open_q1,combination_0905.png,"[""candidate=D; piece_counts=[6, 1]; candidate_total=7; target_total=8; blocking_reason=wrong cell count""]","[""D""]",D,"[6,1]",7,8,wrong cell count
combination_0906_open_q1,combination_0906.png,"[""candidate=D; piece_counts=[7, 1, 1, 1]; candidate_total=10; target_total=10; blocking_reason=requires a reflection""]","[""D""]",D,"[7,1,1,1]",10,10,requires a reflection
combination_0907_open_q1,combination_0907.png,"[""candidate=D; piece_counts=[2, 3]; candidate_total=5; target_total=6; blocking_reason=wrong cell count""]","[""D""]",D,"[2,3]",5,6,wrong cell count
combination_0908_open_q1,combination_0908.png,"[""candidate=B; piece_counts=[4, 2, 1, 1]; candidate_total=8; target_total=9; blocking_reason=wrong cell count""]","[""B""]",B,"[4,2,1,1]",8,9,wrong cell count
combination_0909_open_q1,combination_0909.png,"[""candidate=C; piece_counts=[8, 1]; candidate_total=9; target_total=9; blocking_reason=requires a reflection""]","[""C""]",C,"[8,1]",9,9,requires a reflection
combination_0910_open_q1,combination_0910.png,"[""candidate=D; piece_counts=[6, 2, 1]; candidate_total=9; target_total=9; blocking_reason=requires a reflection""]","[""D""]",D,"[6,2,1]",9,9,requires a reflection
combination_0911_open_q1,combination_0911.png,"[""candidate=A; piece_counts=[8, 1]; candidate_total=9; target_total=9; blocking_reason=requires a reflection""]","[""A""]",A,"[8,1]",9,9,requires a reflection
combination_0912_open_q1,combination_0912.png,"[""candidate=A; piece_counts=[5, 1, 2]; candidate_total=8; target_total=8; blocking_reason=gap or overlap""]","[""A""]",A,"[5,1,2]",8,8,gap or overlap
combination_0913_open_q1,combination_0913.png,"[""candidate=D; piece_counts=[8, 1]; candidate_total=9; target_total=9; blocking_reason=gap or overlap""]","[""D""]",D,"[8,1]",9,9,gap or overlap
combination_0914_open_q1,combination_0914.png,"[""candidate=C; piece_counts=[5, 1]; candidate_total=6; target_total=6; blocking_reason=requires a reflection""]","[""C""]",C,"[5,1]",6,6,requires a reflection
combination_0915_open_q1,combination_0915.png,"[""candidate=D; piece_counts=[4, 3, 1]; candidate_total=8; target_total=8; blocking_reason=gap or overlap""]","[""D""]",D,"[4,3,1]",8,8,gap or overlap
combination_0916_open_q1,combination_0916.png,"[""candidate=C; piece_counts=[5, 2]; candidate_total=7; target_total=7; blocking_reason=requires a reflection""]","[""C""]",C,"[5,2]",7,7,requires a reflection
combination_0917_open_q1,combination_0917.png,"[""candidate=B; piece_counts=[2, 2, 5]; candidate_total=9; target_total=10; blocking_reason=wrong cell count""]","[""B""]",B,"[2,2,5]",9,10,wrong cell count
combination_0918_open_q1,combination_0918.png,"[""candidate=A; piece_counts=[4, 3, 2]; candidate_total=9; target_total=9; blocking_reason=requires a reflection""]","[""A""]",A,"[4,3,2]",9,9,requires a reflection
combination_0919_open_q1,combination_0919.png,"[""candidate=D; piece_counts=[3, 4]; candidate_total=7; target_total=8; blocking_reason=wrong cell count""]","[""D""]",D,"[3,4]",7,8,wrong cell count
combination_0920_open_q1,combination_0920.png,"[""candidate=A; piece_counts=[1, 7]; candidate_total=8; target_total=9; blocking_reason=wrong cell count""]","[""A""]",A,"[1,7]",8,9,wrong cell count
combination_0921_open_q1,combination_0921.png,"[""candidate=C; piece_counts=[7, 1, 1]; candidate_total=9; target_total=9; blocking_reason=requires a reflection""]","[""C""]",C,"[7,1,1]",9,9,requires a reflection
combination_0922_open_q1,combination_0922.png,"[""candidate=A; piece_counts=[5, 3, 1]; candidate_total=9; target_total=9; blocking_reason=gap or overlap""]","[""A""]",A,"[5,3,1]",9,9,gap or overlap
combination_0923_open_q1,combination_0923.png,"[""candidate=B; piece_counts=[7, 3]; candidate_total=10; target_total=10; blocking_reason=requires a reflection""]","[""B""]",B,"[7,3]",10,10,requires a reflection
combination_0924_open_q1,combination_0924.png,"[""candidate=A; piece_counts=[1, 7]; candidate_total=8; target_total=8; blocking_reason=gap or overlap""]","[""A""]",A,"[1,7]",8,8,gap or overlap
combination_0925_open_q1,combination_0925.png,"[""candidate=C; piece_counts=[1, 7]; candidate_total=8; target_total=8; blocking_reason=requires a reflection""]","[""C""]",C,"[1,7]",8,8,requires a reflection
combination_0926_open_q1,combination_0926.png,"[""candidate=D; piece_counts=[5, 1, 1]; candidate_total=7; target_total=7; blocking_reason=requires a reflection""]","[""D""]",D,"[5,1,1]",7,7,requires a reflection
combination_0927_open_q1,combination_0927.png,"[""candidate=A; piece_counts=[5, 1]; candidate_total=6; target_total=6; blocking_reason=requires a reflection""]","[""A""]",A,"[5,1]",6,6,requires a reflection
combination_0928_open_q1,combination_0928.png,"[""candidate=A; piece_counts=[6, 4]; candidate_total=10; target_total=10; blocking_reason=gap or overlap""]","[""A""]",A,"[6,4]",10,10,gap or overlap
combination_0929_open_q1,combination_0929.png,"[""candidate=B; piece_counts=[3, 3]; candidate_total=6; target_total=6; blocking_reason=gap or overlap""]","[""B""]",B,"[3,3]",6,6,gap or overlap
combination_0930_open_q1,combination_0930.png,"[""candidate=C; piece_counts=[3, 6]; candidate_total=9; target_total=9; blocking_reason=gap or overlap""]","[""C""]",C,"[3,6]",9,9,gap or overlap
combination_0931_open_q1,combination_0931.png,"[""candidate=D; piece_counts=[5, 3, 1]; candidate_total=9; target_total=10; blocking_reason=wrong cell count""]","[""D""]",D,"[5,3,1]",9,10,wrong cell count
combination_0932_open_q1,combination_0932.png,"[""candidate=C; piece_counts=[1, 1, 6, 1]; candidate_total=9; target_total=10; blocking_reason=wrong cell count""]","[""C""]",C,"[1,1,6,1]",9,10,wrong cell count
combination_0933_open_q1,combination_0933.png,"[""candidate=D; piece_counts=[1, 6]; candidate_total=7; target_total=7; blocking_reason=gap or overlap""]","[""D""]",D,"[1,6]",7,7,gap or overlap
combination_0934_open_q1,combination_0934.png,"[""candidate=D; piece_counts=[5, 1]; candidate_total=6; target_total=6; blocking_reason=requires a reflection""]","[""D""]",D,"[5,1]",6,6,requires a reflection
combination_0935_open_q1,combination_0935.png,"[""candidate=B; piece_counts=[1, 8]; candidate_total=9; target_total=9; blocking_reason=requires a reflection""]","[""B""]",B,"[1,8]",9,9,requires a reflection
combination_0936_open_q1,combination_0936.png,"[""candidate=A; piece_counts=[1, 3, 1, 1]; candidate_total=6; target_total=7; blocking_reason=wrong cell count""]","[""A""]",A,"[1,3,1,1]",6,7,wrong cell count
combination_0937_open_q1,combination_0937.png,"[""candidate=B; piece_counts=[3, 3]; candidate_total=6; target_total=6; blocking_reason=gap or overlap""]","[""B""]",B,"[3,3]",6,6,gap or overlap
combination_0938_open_q1,combination_0938.png,"[""candidate=A; piece_counts=[4, 4]; candidate_total=8; target_total=8; blocking_reason=requires a reflection""]","[""A""]",A,"[4,4]",8,8,requires a reflection
combination_0939_open_q1,combination_0939.png,"[""candidate=B; piece_counts=[1, 1, 5]; candidate_total=7; target_total=7; blocking_reason=requires a reflection""]","[""B""]",B,"[1,1,5]",7,7,requires a reflection
combination_0940_open_q1,combination_0940.png,"[""candidate=A; piece_counts=[3, 3]; candidate_total=6; target_total=6; blocking_reason=gap or overlap""]","[""A""]",A,"[3,3]",6,6,gap or overlap
combination_0941_open_q1,combination_0941.png,"[""candidate=C; piece_counts=[9, 1]; candidate_total=10; target_total=10; blocking_reason=requires a reflection""]","[""C""]",C,"[9,1]",10,10,requires a reflection
combination_0942_open_q1,combination_0942.png,"[""candidate=A; piece_counts=[4, 2]; candidate_total=6; target_total=7; blocking_reason=wrong cell count""]","[""A""]",A,"[4,2]",6,7,wrong cell count
combination_0943_open_q1,combination_0943.png,"[""candidate=B; piece_counts=[2, 1, 1, 5]; candidate_total=9; target_total=10; blocking_reason=wrong cell count""]","[""B""]",B,"[2,1,1,5]",9,10,wrong cell count
combination_0944_open_q1,combination_0944.png,"[""candidate=B; piece_counts=[9, 1]; candidate_total=10; target_total=10; blocking_reason=requires a reflection""]","[""B""]",B,"[9,1]",10,10,requires a reflection
combination_0945_open_q1,combination_0945.png,"[""candidate=D; piece_counts=[2, 4]; candidate_total=6; target_total=7; blocking_reason=wrong cell count""]","[""D""]",D,"[2,4]",6,7,wrong cell count
combination_0946_open_q1,combination_0946.png,"[""candidate=A; piece_counts=[2, 5]; candidate_total=7; target_total=8; blocking_reason=wrong cell count""]","[""A""]",A,"[2,5]",7,8,wrong cell count
combination_0947_open_q1,combination_0947.png,"[""candidate=D; piece_counts=[1, 7]; candidate_total=8; target_total=8; blocking_reason=gap or overlap""]","[""D""]",D,"[1,7]",8,8,gap or overlap
combination_0948_open_q1,combination_0948.png,"[""candidate=A; piece_counts=[3, 3]; candidate_total=6; target_total=6; blocking_reason=gap or overlap""]","[""A""]",A,"[3,3]",6,6,gap or overlap
combination_0949_open_q1,combination_0949.png,"[""candidate=B; piece_counts=[2, 6]; candidate_total=8; target_total=8; blocking_reason=gap or overlap""]","[""B""]",B,"[2,6]",8,8,gap or overlap
combination_0950_open_q1,combination_0950.png,"[""candidate=D; piece_counts=[5, 2, 1]; candidate_total=8; target_total=9; blocking_reason=wrong cell count""]","[""D""]",D,"[5,2,1]",8,9,wrong cell count
combination_0951_open_q1,combination_0951.png,"[""candidate=A; piece_counts=[2, 5]; candidate_total=7; target_total=7; blocking_reason=gap or overlap""]","[""A""]",A,"[2,5]",7,7,gap or overlap
combination_0952_open_q1,combination_0952.png,"[""candidate=B; piece_counts=[4, 2]; candidate_total=6; target_total=6; blocking_reason=requires a reflection""]","[""B""]",B,"[4,2]",6,6,requires a reflection
combination_0953_open_q1,combination_0953.png,"[""candidate=C; piece_counts=[8, 1]; candidate_total=9; target_total=9; blocking_reason=requires a reflection""]","[""C""]",C,"[8,1]",9,9,requires a reflection
combination_0954_open_q1,combination_0954.png,"[""candidate=D; piece_counts=[1, 1, 4]; candidate_total=6; target_total=6; blocking_reason=gap or overlap""]","[""D""]",D,"[1,1,4]",6,6,gap or overlap
combination_0955_open_q1,combination_0955.png,"[""candidate=A; piece_counts=[5, 2, 1]; candidate_total=8; target_total=9; blocking_reason=wrong cell count""]","[""A""]",A,"[5,2,1]",8,9,wrong cell count
combination_0956_open_q1,combination_0956.png,"[""candidate=C; piece_counts=[1, 1, 5]; candidate_total=7; target_total=7; blocking_reason=requires a reflection""]","[""C""]",C,"[1,1,5]",7,7,requires a reflection
combination_0957_open_q1,combination_0957.png,"[""candidate=B; piece_counts=[6, 1]; candidate_total=7; target_total=7; blocking_reason=gap or overlap""]","[""B""]",B,"[6,1]",7,7,gap or overlap
combination_0958_open_q1,combination_0958.png,"[""candidate=A; piece_counts=[3, 6]; candidate_total=9; target_total=9; blocking_reason=gap or overlap""]","[""A""]",A,"[3,6]",9,9,gap or overlap
combination_0959_open_q1,combination_0959.png,"[""candidate=B; piece_counts=[4, 1, 1]; candidate_total=6; target_total=6; blocking_reason=requires a reflection""]","[""B""]",B,"[4,1,1]",6,6,requires a reflection
combination_0960_open_q1,combination_0960.png,"[""candidate=A; piece_counts=[5, 1]; candidate_total=6; target_total=7; blocking_reason=wrong cell count""]","[""A""]",A,"[5,1]",6,7,wrong cell count
combination_0961_open_q1,combination_0961.png,"[""candidate=B; piece_counts=[8, 2]; candidate_total=10; target_total=10; blocking_reason=requires a reflection""]","[""B""]",B,"[8,2]",10,10,requires a reflection
combination_0962_open_q1,combination_0962.png,"[""candidate=A; piece_counts=[3, 4, 2]; candidate_total=9; target_total=9; blocking_reason=requires a reflection""]","[""A""]",A,"[3,4,2]",9,9,requires a reflection
combination_0963_open_q1,combination_0963.png,"[""candidate=B; piece_counts=[3, 1, 1, 1]; candidate_total=6; target_total=7; blocking_reason=wrong cell count""]","[""B""]",B,"[3,1,1,1]",6,7,wrong cell count
combination_0964_open_q1,combination_0964.png,"[""candidate=A; piece_counts=[4, 4]; candidate_total=8; target_total=9; blocking_reason=wrong cell count""]","[""A""]",A,"[4,4]",8,9,wrong cell count
combination_0965_open_q1,combination_0965.png,"[""candidate=C; piece_counts=[5, 3]; candidate_total=8; target_total=8; blocking_reason=requires a reflection""]","[""C""]",C,"[5,3]",8,8,requires a reflection
combination_0966_open_q1,combination_0966.png,"[""candidate=A; piece_counts=[1, 4, 4]; candidate_total=9; target_total=10; blocking_reason=wrong cell count""]","[""A""]",A,"[1,4,4]",9,10,wrong cell count
combination_0967_open_q1,combination_0967.png,"[""candidate=D; piece_counts=[5, 1]; candidate_total=6; target_total=7; blocking_reason=wrong cell count""]","[""D""]",D,"[5,1]",6,7,wrong cell count
combination_0968_open_q1,combination_0968.png,"[""candidate=B; piece_counts=[5, 4, 1]; candidate_total=10; target_total=10; blocking_reason=gap or overlap""]","[""B""]",B,"[5,4,1]",10,10,gap or overlap
combination_0969_open_q1,combination_0969.png,"[""candidate=C; piece_counts=[4, 5]; candidate_total=9; target_total=10; blocking_reason=wrong cell count""]","[""C""]",C,"[4,5]",9,10,wrong cell count
combination_0970_open_q1,combination_0970.png,"[""candidate=A; piece_counts=[1, 5]; candidate_total=6; target_total=6; blocking_reason=requires a reflection""]","[""A""]",A,"[1,5]",6,6,requires a reflection
combination_0971_open_q1,combination_0971.png,"[""candidate=D; piece_counts=[7, 1]; candidate_total=8; target_total=8; blocking_reason=requires a reflection""]","[""D""]",D,"[7,1]",8,8,requires a reflection
combination_0972_open_q1,combination_0972.png,"[""candidate=A; piece_counts=[8, 1]; candidate_total=9; target_total=10; blocking_reason=wrong cell count""]","[""A""]",A,"[8,1]",9,10,wrong cell count
combination_0973_open_q1,combination_0973.png,"[""candidate=C; piece_counts=[2, 4]; candidate_total=6; target_total=6; blocking_reason=gap or overlap""]","[""C""]",C,"[2,4]",6,6,gap or overlap
combination_0974_open_q1,combination_0974.png,"[""candidate=A; piece_counts=[7, 3]; candidate_total=10; target_total=10; blocking_reason=gap or overlap""]","[""A""]",A,"[7,3]",10,10,gap or overlap
combination_0975_open_q1,combination_0975.png,"[""candidate=B; piece_counts=[4, 1]; candidate_total=5; target_total=6; blocking_reason=wrong cell count""]","[""B""]",B,"[4,1]",5,6,wrong cell count
combination_0976_open_q1,combination_0976.png,"[""candidate=A; piece_counts=[3, 4]; candidate_total=7; target_total=7; blocking_reason=requires a reflection""]","[""A""]",A,"[3,4]",7,7,requires a reflection
combination_0977_open_q1,combination_0977.png,"[""candidate=C; piece_counts=[5, 1]; candidate_total=6; target_total=6; blocking_reason=requires a reflection""]","[""C""]",C,"[5,1]",6,6,requires a reflection
combination_0978_open_q1,combination_0978.png,"[""candidate=A; piece_counts=[4, 1, 1]; candidate_total=6; target_total=6; blocking_reason=requires a reflection""]","[""A""]",A,"[4,1,1]",6,6,requires a reflection
combination_0979_open_q1,combination_0979.png,"[""candidate=A; piece_counts=[2, 2, 3]; candidate_total=7; target_total=7; blocking_reason=gap or overlap""]","[""A""]",A,"[2,2,3]",7,7,gap or overlap
combination_0980_open_q1,combination_0980.png,"[""candidate=A; piece_counts=[6, 1]; candidate_total=7; target_total=7; blocking_reason=gap or overlap""]","[""A""]",A,"[6,1]",7,7,gap or overlap
combination_0981_open_q1,combination_0981.png,"[""candidate=C; piece_counts=[2, 5]; candidate_total=7; target_total=7; blocking_reason=gap or overlap""]","[""C""]",C,"[2,5]",7,7,gap or overlap
combination_0982_open_q1,combination_0982.png,"[""candidate=C; piece_counts=[4, 1, 1, 1]; candidate_total=7; target_total=8; blocking_reason=wrong cell count""]","[""C""]",C,"[4,1,1,1]",7,8,wrong cell count
combination_0983_open_q1,combination_0983.png,"[""candidate=A; piece_counts=[8, 1]; candidate_total=9; target_total=10; blocking_reason=wrong cell count""]","[""A""]",A,"[8,1]",9,10,wrong cell count
combination_0984_open_q1,combination_0984.png,"[""candidate=A; piece_counts=[4, 2]; candidate_total=6; target_total=6; blocking_reason=requires a reflection""]","[""A""]",A,"[4,2]",6,6,requires a reflection
combination_0985_open_q1,combination_0985.png,"[""candidate=C; piece_counts=[1, 5, 2]; candidate_total=8; target_total=8; blocking_reason=gap or overlap""]","[""C""]",C,"[1,5,2]",8,8,gap or overlap
combination_0986_open_q1,combination_0986.png,"[""candidate=D; piece_counts=[2, 5]; candidate_total=7; target_total=8; blocking_reason=wrong cell count""]","[""D""]",D,"[2,5]",7,8,wrong cell count
combination_0987_open_q1,combination_0987.png,"[""candidate=A; piece_counts=[5, 4, 1]; candidate_total=10; target_total=10; blocking_reason=gap or overlap""]","[""A""]",A,"[5,4,1]",10,10,gap or overlap
combination_0988_open_q1,combination_0988.png,"[""candidate=B; piece_counts=[1, 1, 4]; candidate_total=6; target_total=6; blocking_reason=gap or overlap""]","[""B""]",B,"[1,1,4]",6,6,gap or overlap
combination_0989_open_q1,combination_0989.png,"[""candidate=C; piece_counts=[6, 1]; candidate_total=7; target_total=7; blocking_reason=requires a reflection""]","[""C""]",C,"[6,1]",7,7,requires a reflection
combination_0990_open_q1,combination_0990.png,"[""candidate=A; piece_counts=[6, 2]; candidate_total=8; target_total=8; blocking_reason=requires a reflection""]","[""A""]",A,"[6,2]",8,8,requires a reflection
combination_0991_open_q1,combination_0991.png,"[""candidate=A; piece_counts=[4, 3]; candidate_total=7; target_total=7; blocking_reason=gap or overlap""]","[""A""]",A,"[4,3]",7,7,gap or overlap
combination_0992_open_q1,combination_0992.png,"[""candidate=A; piece_counts=[5, 1]; candidate_total=6; target_total=6; blocking_reason=requires a reflection""]","[""A""]",A,"[5,1]",6,6,requires a reflection
combination_0993_open_q1,combination_0993.png,"[""candidate=D; piece_counts=[1, 4, 1]; candidate_total=6; target_total=7; blocking_reason=wrong cell count""]","[""D""]",D,"[1,4,1]",6,7,wrong cell count
combination_0994_open_q1,combination_0994.png,"[""candidate=D; piece_counts=[8, 1, 1]; candidate_total=10; target_total=10; blocking_reason=requires a reflection""]","[""D""]",D,"[8,1,1]",10,10,requires a reflection
combination_0995_open_q1,combination_0995.png,"[""candidate=B; piece_counts=[6, 1]; candidate_total=7; target_total=7; blocking_reason=requires a reflection""]","[""B""]",B,"[6,1]",7,7,requires a reflection
combination_0996_open_q1,combination_0996.png,"[""candidate=A; piece_counts=[1, 6]; candidate_total=7; target_total=7; blocking_reason=gap or overlap""]","[""A""]",A,"[1,6]",7,7,gap or overlap
combination_0997_open_q1,combination_0997.png,"[""candidate=D; piece_counts=[2, 3, 1, 1]; candidate_total=7; target_total=8; blocking_reason=wrong cell count""]","[""D""]",D,"[2,3,1,1]",7,8,wrong cell count
combination_0998_open_q1,combination_0998.png,"[""candidate=D; piece_counts=[6, 2, 2]; candidate_total=10; target_total=10; blocking_reason=requires a reflection""]","[""D""]",D,"[6,2,2]",10,10,requires a reflection
combination_0999_open_q1,combination_0999.png,"[""candidate=A; piece_counts=[3, 3]; candidate_total=6; target_total=6; blocking_reason=gap or overlap""]","[""A""]",A,"[3,3]",6,6,gap or overlap
combination_1000_open_q1,combination_1000.png,"[""candidate=A; piece_counts=[1, 5]; candidate_total=6; target_total=6; blocking_reason=gap or overlap""]","[""A""]",A,"[1,5]",6,6,gap or overlap
combination_1001_open_q1,combination_1001.png,"[""candidate=D; piece_counts=[4, 3]; candidate_total=7; target_total=7; blocking_reason=gap or overlap""]","[""D""]",D,"[4,3]",7,7,gap or overlap
combination_1002_open_q1,combination_1002.png,"[""candidate=D; piece_counts=[7, 2]; candidate_total=9; target_total=9; blocking_reason=gap or overlap""]","[""D""]",D,"[7,2]",9,9,gap or overlap
combination_1003_open_q1,combination_1003.png,"[""candidate=D; piece_counts=[3, 5]; candidate_total=8; target_total=8; blocking_reason=requires a reflection""]","[""D""]",D,"[3,5]",8,8,requires a reflection
combination_1004_open_q1,combination_1004.png,"[""candidate=B; piece_counts=[6, 3, 1]; candidate_total=10; target_total=10; blocking_reason=requires a reflection""]","[""B""]",B,"[6,3,1]",10,10,requires a reflection
combination_1005_open_q1,combination_1005.png,"[""candidate=D; piece_counts=[7, 1]; candidate_total=8; target_total=9; blocking_reason=wrong cell count""]","[""D""]",D,"[7,1]",8,9,wrong cell count
combination_1006_open_q1,combination_1006.png,"[""candidate=D; piece_counts=[5, 1]; candidate_total=6; target_total=7; blocking_reason=wrong cell count""]","[""D""]",D,"[5,1]",6,7,wrong cell count
combination_1007_open_q1,combination_1007.png,"[""candidate=B; piece_counts=[6, 1]; candidate_total=7; target_total=7; blocking_reason=requires a reflection""]","[""B""]",B,"[6,1]",7,7,requires a reflection
combination_1008_open_q1,combination_1008.png,"[""candidate=A; piece_counts=[4, 3]; candidate_total=7; target_total=8; blocking_reason=wrong cell count""]","[""A""]",A,"[4,3]",7,8,wrong cell count
combination_1009_open_q1,combination_1009.png,"[""candidate=B; piece_counts=[7, 1]; candidate_total=8; target_total=9; blocking_reason=wrong cell count""]","[""B""]",B,"[7,1]",8,9,wrong cell count
combination_1010_open_q1,combination_1010.png,"[""candidate=D; piece_counts=[3, 1, 1, 1]; candidate_total=6; target_total=7; blocking_reason=wrong cell count""]","[""D""]",D,"[3,1,1,1]",6,7,wrong cell count
combination_1011_open_q1,combination_1011.png,"[""candidate=D; piece_counts=[3, 3]; candidate_total=6; target_total=6; blocking_reason=gap or overlap""]","[""D""]",D,"[3,3]",6,6,gap or overlap
combination_1012_open_q1,combination_1012.png,"[""candidate=A; piece_counts=[5, 1]; candidate_total=6; target_total=7; blocking_reason=wrong cell count""]","[""A""]",A,"[5,1]",6,7,wrong cell count
combination_1013_open_q1,combination_1013.png,"[""candidate=D; piece_counts=[3, 5]; candidate_total=8; target_total=8; blocking_reason=requires a reflection""]","[""D""]",D,"[3,5]",8,8,requires a reflection
combination_1014_open_q1,combination_1014.png,"[""candidate=A; piece_counts=[1, 1, 5]; candidate_total=7; target_total=7; blocking_reason=requires a reflection""]","[""A""]",A,"[1,1,5]",7,7,requires a reflection
combination_1015_open_q1,combination_1015.png,"[""candidate=A; piece_counts=[6, 1]; candidate_total=7; target_total=8; blocking_reason=wrong cell count""]","[""A""]",A,"[6,1]",7,8,wrong cell count
combination_1016_open_q1,combination_1016.png,"[""candidate=A; piece_counts=[4, 4]; candidate_total=8; target_total=9; blocking_reason=wrong cell count""]","[""A""]",A,"[4,4]",8,9,wrong cell count
combination_1017_open_q1,combination_1017.png,"[""candidate=C; piece_counts=[1, 6, 1, 1]; candidate_total=9; target_total=9; blocking_reason=requires a reflection""]","[""C""]",C,"[1,6,1,1]",9,9,requires a reflection
combination_1018_open_q1,combination_1018.png,"[""candidate=C; piece_counts=[7, 1, 1]; candidate_total=9; target_total=9; blocking_reason=gap or overlap""]","[""C""]",C,"[7,1,1]",9,9,gap or overlap
combination_1019_open_q1,combination_1019.png,"[""candidate=B; piece_counts=[3, 4]; candidate_total=7; target_total=7; blocking_reason=gap or overlap""]","[""B""]",B,"[3,4]",7,7,gap or overlap
combination_1020_open_q1,combination_1020.png,"[""candidate=C; piece_counts=[8, 1]; candidate_total=9; target_total=9; blocking_reason=requires a reflection""]","[""C""]",C,"[8,1]",9,9,requires a reflection
combination_1021_open_q1,combination_1021.png,"[""candidate=C; piece_counts=[2, 4, 1]; candidate_total=7; target_total=7; blocking_reason=requires a reflection""]","[""C""]",C,"[2,4,1]",7,7,requires a reflection
combination_1022_open_q1,combination_1022.png,"[""candidate=A; piece_counts=[9, 1]; candidate_total=10; target_total=10; blocking_reason=requires a reflection""]","[""A""]",A,"[9,1]",10,10,requires a reflection
combination_1023_open_q1,combination_1023.png,"[""candidate=A; piece_counts=[7, 1, 1]; candidate_total=9; target_total=9; blocking_reason=requires a reflection""]","[""A""]",A,"[7,1,1]",9,9,requires a reflection
combination_1024_open_q1,combination_1024.png,"[""candidate=A; piece_counts=[1, 2, 6]; candidate_total=9; target_total=9; blocking_reason=gap or overlap""]","[""A""]",A,"[1,2,6]",9,9,gap or overlap
combination_1025_open_q1,combination_1025.png,"[""candidate=D; piece_counts=[5, 1]; candidate_total=6; target_total=6; blocking_reason=requires a reflection""]","[""D""]",D,"[5,1]",6,6,requires a reflection
combination_1026_open_q1,combination_1026.png,"[""candidate=D; piece_counts=[1, 4, 1, 1]; candidate_total=7; target_total=8; blocking_reason=wrong cell count""]","[""D""]",D,"[1,4,1,1]",7,8,wrong cell count
combination_1027_open_q1,combination_1027.png,"[""candidate=A; piece_counts=[3, 2]; candidate_total=5; target_total=6; blocking_reason=wrong cell count""]","[""A""]",A,"[3,2]",5,6,wrong cell count
combination_1028_open_q1,combination_1028.png,"[""candidate=C; piece_counts=[7, 2]; candidate_total=9; target_total=9; blocking_reason=requires a reflection""]","[""C""]",C,"[7,2]",9,9,requires a reflection
combination_1029_open_q1,combination_1029.png,"[""candidate=D; piece_counts=[8, 1]; candidate_total=9; target_total=10; blocking_reason=wrong cell count""]","[""D""]",D,"[8,1]",9,10,wrong cell count
combination_1030_open_q1,combination_1030.png,"[""candidate=C; piece_counts=[2, 8]; candidate_total=10; target_total=10; blocking_reason=requires a reflection""]","[""C""]",C,"[2,8]",10,10,requires a reflection
combination_1031_open_q1,combination_1031.png,"[""candidate=D; piece_counts=[1, 6, 1, 1]; candidate_total=9; target_total=10; blocking_reason=wrong cell count""]","[""D""]",D,"[1,6,1,1]",9,10,wrong cell count
combination_1032_open_q1,combination_1032.png,"[""candidate=C; piece_counts=[9, 1]; candidate_total=10; target_total=10; blocking_reason=requires a reflection""]","[""C""]",C,"[9,1]",10,10,requires a reflection
combination_1033_open_q1,combination_1033.png,"[""candidate=B; piece_counts=[6, 1]; candidate_total=7; target_total=8; blocking_reason=wrong cell count""]","[""B""]",B,"[6,1]",7,8,wrong cell count
combination_1034_open_q1,combination_1034.png,"[""candidate=D; piece_counts=[2, 4]; candidate_total=6; target_total=6; blocking_reason=gap or overlap""]","[""D""]",D,"[2,4]",6,6,gap or overlap
combination_1035_open_q1,combination_1035.png,"[""candidate=B; piece_counts=[6, 1, 1]; candidate_total=8; target_total=9; blocking_reason=wrong cell count""]","[""B""]",B,"[6,1,1]",8,9,wrong cell count
combination_1036_open_q1,combination_1036.png,"[""candidate=B; piece_counts=[4, 1, 1]; candidate_total=6; target_total=6; blocking_reason=requires a reflection""]","[""B""]",B,"[4,1,1]",6,6,requires a reflection
combination_1037_open_q1,combination_1037.png,"[""candidate=C; piece_counts=[7, 1]; candidate_total=8; target_total=9; blocking_reason=wrong cell count""]","[""C""]",C,"[7,1]",8,9,wrong cell count
combination_1038_open_q1,combination_1038.png,"[""candidate=C; piece_counts=[6, 1]; candidate_total=7; target_total=8; blocking_reason=wrong cell count""]","[""C""]",C,"[6,1]",7,8,wrong cell count
combination_1039_open_q1,combination_1039.png,"[""candidate=B; piece_counts=[1, 5, 1]; candidate_total=7; target_total=7; blocking_reason=gap or overlap""]","[""B""]",B,"[1,5,1]",7,7,gap or overlap
combination_1040_open_q1,combination_1040.png,"[""candidate=C; piece_counts=[6, 1, 1, 1]; candidate_total=9; target_total=10; blocking_reason=wrong cell count""]","[""C""]",C,"[6,1,1,1]",9,10,wrong cell count
combination_1041_open_q1,combination_1041.png,"[""candidate=C; piece_counts=[4, 4]; candidate_total=8; target_total=9; blocking_reason=wrong cell count""]","[""C""]",C,"[4,4]",8,9,wrong cell count
combination_1042_open_q1,combination_1042.png,"[""candidate=C; piece_counts=[4, 4]; candidate_total=8; target_total=8; blocking_reason=gap or overlap""]","[""C""]",C,"[4,4]",8,8,gap or overlap
combination_1043_open_q1,combination_1043.png,"[""candidate=B; piece_counts=[5, 1, 1, 1]; candidate_total=8; target_total=8; blocking_reason=requires a reflection""]","[""B""]",B,"[5,1,1,1]",8,8,requires a reflection
combination_1044_open_q1,combination_1044.png,"[""candidate=C; piece_counts=[6, 2]; candidate_total=8; target_total=9; blocking_reason=wrong cell count""]","[""C""]",C,"[6,2]",8,9,wrong cell count
combination_1045_open_q1,combination_1045.png,"[""candidate=D; piece_counts=[3, 6]; candidate_total=9; target_total=9; blocking_reason=requires a reflection""]","[""D""]",D,"[3,6]",9,9,requires a reflection
combination_1046_open_q1,combination_1046.png,"[""candidate=D; piece_counts=[3, 6]; candidate_total=9; target_total=9; blocking_reason=gap or overlap""]","[""D""]",D,"[3,6]",9,9,gap or overlap
combination_1047_open_q1,combination_1047.png,"[""candidate=A; piece_counts=[7, 1, 1]; candidate_total=9; target_total=9; blocking_reason=requires a reflection""]","[""A""]",A,"[7,1,1]",9,9,requires a reflection
combination_1048_open_q1,combination_1048.png,"[""candidate=B; piece_counts=[6, 1]; candidate_total=7; target_total=7; blocking_reason=requires a reflection""]","[""B""]",B,"[6,1]",7,7,requires a reflection
combination_1049_open_q1,combination_1049.png,"[""candidate=B; piece_counts=[3, 6, 1]; candidate_total=10; target_total=10; blocking_reason=gap or overlap""]","[""B""]",B,"[3,6,1]",10,10,gap or overlap
combination_1050_open_q1,combination_1050.png,"[""candidate=C; piece_counts=[2, 7]; candidate_total=9; target_total=9; blocking_reason=gap or overlap""]","[""C""]",C,"[2,7]",9,9,gap or overlap
combination_1051_open_q1,combination_1051.png,"[""candidate=A; piece_counts=[1, 5]; candidate_total=6; target_total=6; blocking_reason=requires a reflection""]","[""A""]",A,"[1,5]",6,6,requires a reflection
combination_1052_open_q1,combination_1052.png,"[""candidate=B; piece_counts=[1, 4, 1]; candidate_total=6; target_total=6; blocking_reason=gap or overlap""]","[""B""]",B,"[1,4,1]",6,6,gap or overlap
combination_1053_open_q1,combination_1053.png,"[""candidate=B; piece_counts=[5, 2]; candidate_total=7; target_total=8; blocking_reason=wrong cell count""]","[""B""]",B,"[5,2]",7,8,wrong cell count
combination_1054_open_q1,combination_1054.png,"[""candidate=C; piece_counts=[4, 2]; candidate_total=6; target_total=6; blocking_reason=gap or overlap""]","[""C""]",C,"[4,2]",6,6,gap or overlap
combination_1055_open_q1,combination_1055.png,"[""candidate=B; piece_counts=[2, 6]; candidate_total=8; target_total=8; blocking_reason=gap or overlap""]","[""B""]",B,"[2,6]",8,8,gap or overlap
combination_1056_open_q1,combination_1056.png,"[""candidate=A; piece_counts=[3, 4]; candidate_total=7; target_total=8; blocking_reason=wrong cell count""]","[""A""]",A,"[3,4]",7,8,wrong cell count
combination_1057_open_q1,combination_1057.png,"[""candidate=D; piece_counts=[1, 4, 1]; candidate_total=6; target_total=7; blocking_reason=wrong cell count""]","[""D""]",D,"[1,4,1]",6,7,wrong cell count
combination_1058_open_q1,combination_1058.png,"[""candidate=C; piece_counts=[1, 3, 1, 1]; candidate_total=6; target_total=7; blocking_reason=wrong cell count""]","[""C""]",C,"[1,3,1,1]",6,7,wrong cell count
combination_1059_open_q1,combination_1059.png,"[""candidate=B; piece_counts=[3, 4, 2, 1]; candidate_total=10; target_total=10; blocking_reason=requires a reflection""]","[""B""]",B,"[3,4,2,1]",10,10,requires a reflection
combination_1060_open_q1,combination_1060.png,"[""candidate=A; piece_counts=[2, 4]; candidate_total=6; target_total=6; blocking_reason=gap or overlap""]","[""A""]",A,"[2,4]",6,6,gap or overlap
combination_1061_open_q1,combination_1061.png,"[""candidate=C; piece_counts=[7, 1]; candidate_total=8; target_total=8; blocking_reason=requires a reflection""]","[""C""]",C,"[7,1]",8,8,requires a reflection
combination_1062_open_q1,combination_1062.png,"[""candidate=A; piece_counts=[1, 7]; candidate_total=8; target_total=8; blocking_reason=requires a reflection""]","[""A""]",A,"[1,7]",8,8,requires a reflection
combination_1063_open_q1,combination_1063.png,"[""candidate=D; piece_counts=[7, 1, 1]; candidate_total=9; target_total=10; blocking_reason=wrong cell count""]","[""D""]",D,"[7,1,1]",9,10,wrong cell count
combination_1064_open_q1,combination_1064.png,"[""candidate=C; piece_counts=[3, 3]; candidate_total=6; target_total=6; blocking_reason=gap or overlap""]","[""C""]",C,"[3,3]",6,6,gap or overlap
combination_1065_open_q1,combination_1065.png,"[""candidate=C; piece_counts=[4, 4]; candidate_total=8; target_total=8; blocking_reason=gap or overlap""]","[""C""]",C,"[4,4]",8,8,gap or overlap
combination_1066_open_q1,combination_1066.png,"[""candidate=A; piece_counts=[4, 2, 2]; candidate_total=8; target_total=9; blocking_reason=wrong cell count""]","[""A""]",A,"[4,2,2]",8,9,wrong cell count
combination_1067_open_q1,combination_1067.png,"[""candidate=B; piece_counts=[4, 4]; candidate_total=8; target_total=9; blocking_reason=wrong cell count""]","[""B""]",B,"[4,4]",8,9,wrong cell count
combination_1068_open_q1,combination_1068.png,"[""candidate=C; piece_counts=[3, 4]; candidate_total=7; target_total=7; blocking_reason=gap or overlap""]","[""C""]",C,"[3,4]",7,7,gap or overlap
combination_1069_open_q1,combination_1069.png,"[""candidate=C; piece_counts=[5, 1]; candidate_total=6; target_total=7; blocking_reason=wrong cell count""]","[""C""]",C,"[5,1]",6,7,wrong cell count
combination_1070_open_q1,combination_1070.png,"[""candidate=A; piece_counts=[3, 3]; candidate_total=6; target_total=6; blocking_reason=gap or overlap""]","[""A""]",A,"[3,3]",6,6,gap or overlap
combination_1071_open_q1,combination_1071.png,"[""candidate=A; piece_counts=[5, 4]; candidate_total=9; target_total=9; blocking_reason=gap or overlap""]","[""A""]",A,"[5,4]",9,9,gap or overlap
combination_1072_open_q1,combination_1072.png,"[""candidate=A; piece_counts=[1, 5]; candidate_total=6; target_total=6; blocking_reason=gap or overlap""]","[""A""]",A,"[1,5]",6,6,gap or overlap
combination_1073_open_q1,combination_1073.png,"[""candidate=C; piece_counts=[2, 3]; candidate_total=5; target_total=6; blocking_reason=wrong cell count""]","[""C""]",C,"[2,3]",5,6,wrong cell count
combination_1074_open_q1,combination_1074.png,"[""candidate=A; piece_counts=[3, 5]; candidate_total=8; target_total=8; blocking_reason=requires a reflection""]","[""A""]",A,"[3,5]",8,8,requires a reflection
combination_1075_open_q1,combination_1075.png,"[""candidate=B; piece_counts=[6, 1]; candidate_total=7; target_total=7; blocking_reason=gap or overlap""]","[""B""]",B,"[6,1]",7,7,gap or overlap
combination_1076_open_q1,combination_1076.png,"[""candidate=B; piece_counts=[4, 2]; candidate_total=6; target_total=6; blocking_reason=gap or overlap""]","[""B""]",B,"[4,2]",6,6,gap or overlap
combination_1077_open_q1,combination_1077.png,"[""candidate=B; piece_counts=[6, 1]; candidate_total=7; target_total=7; blocking_reason=gap or overlap""]","[""B""]",B,"[6,1]",7,7,gap or overlap
combination_1078_open_q1,combination_1078.png,"[""candidate=C; piece_counts=[3, 6]; candidate_total=9; target_total=9; blocking_reason=gap or overlap""]","[""C""]",C,"[3,6]",9,9,gap or overlap
combination_1079_open_q1,combination_1079.png,"[""candidate=A; piece_counts=[8, 1]; candidate_total=9; target_total=9; blocking_reason=requires a reflection""]","[""A""]",A,"[8,1]",9,9,requires a reflection
combination_1080_open_q1,combination_1080.png,"[""candidate=A; piece_counts=[2, 7]; candidate_total=9; target_total=10; blocking_reason=wrong cell count""]","[""A""]",A,"[2,7]",9,10,wrong cell count
combination_1081_open_q1,combination_1081.png,"[""candidate=B; piece_counts=[1, 8, 1]; candidate_total=10; target_total=10; blocking_reason=requires a reflection""]","[""B""]",B,"[1,8,1]",10,10,requires a reflection
combination_1082_open_q1,combination_1082.png,"[""candidate=C; piece_counts=[1, 6, 1, 1]; candidate_total=9; target_total=10; blocking_reason=wrong cell count""]","[""C""]",C,"[1,6,1,1]",9,10,wrong cell count
combination_1083_open_q1,combination_1083.png,"[""candidate=B; piece_counts=[7, 2]; candidate_total=9; target_total=9; blocking_reason=requires a reflection""]","[""B""]",B,"[7,2]",9,9,requires a reflection
combination_1084_open_q1,combination_1084.png,"[""candidate=C; piece_counts=[6, 3]; candidate_total=9; target_total=9; blocking_reason=requires a reflection""]","[""C""]",C,"[6,3]",9,9,requires a reflection
combination_1085_open_q1,combination_1085.png,"[""candidate=C; piece_counts=[2, 5, 2]; candidate_total=9; target_total=10; blocking_reason=wrong cell count""]","[""C""]",C,"[2,5,2]",9,10,wrong cell count
combination_1086_open_q1,combination_1086.png,"[""candidate=C; piece_counts=[1, 4, 4]; candidate_total=9; target_total=9; blocking_reason=gap or overlap""]","[""C""]",C,"[1,4,4]",9,9,gap or overlap
combination_1087_open_q1,combination_1087.png,"[""candidate=D; piece_counts=[2, 4]; candidate_total=6; target_total=6; blocking_reason=gap or overlap""]","[""D""]",D,"[2,4]",6,6,gap or overlap
combination_1088_open_q1,combination_1088.png,"[""candidate=C; piece_counts=[7, 1, 2]; candidate_total=10; target_total=10; blocking_reason=requires a reflection""]","[""C""]",C,"[7,1,2]",10,10,requires a reflection
combination_1089_open_q1,combination_1089.png,"[""candidate=C; piece_counts=[1, 8, 1]; candidate_total=10; target_total=10; blocking_reason=gap or overlap""]","[""C""]",C,"[1,8,1]",10,10,gap or overlap
combination_1090_open_q1,combination_1090.png,"[""candidate=C; piece_counts=[1, 3, 5]; candidate_total=9; target_total=9; blocking_reason=gap or overlap""]","[""C""]",C,"[1,3,5]",9,9,gap or overlap
combination_1091_open_q1,combination_1091.png,"[""candidate=B; piece_counts=[4, 1]; candidate_total=5; target_total=6; blocking_reason=wrong cell count""]","[""B""]",B,"[4,1]",5,6,wrong cell count
combination_1092_open_q1,combination_1092.png,"[""candidate=A; piece_counts=[5, 1, 1, 1]; candidate_total=8; target_total=9; blocking_reason=wrong cell count""]","[""A""]",A,"[5,1,1,1]",8,9,wrong cell count
combination_1093_open_q1,combination_1093.png,"[""candidate=C; piece_counts=[3, 7]; candidate_total=10; target_total=10; blocking_reason=gap or overlap""]","[""C""]",C,"[3,7]",10,10,gap or overlap
combination_1094_open_q1,combination_1094.png,"[""candidate=C; piece_counts=[9, 1]; candidate_total=10; target_total=10; blocking_reason=requires a reflection""]","[""C""]",C,"[9,1]",10,10,requires a reflection
combination_1095_open_q1,combination_1095.png,"[""candidate=B; piece_counts=[4, 2]; candidate_total=6; target_total=6; blocking_reason=gap or overlap""]","[""B""]",B,"[4,2]",6,6,gap or overlap
combination_1096_open_q1,combination_1096.png,"[""candidate=C; piece_counts=[4, 2]; candidate_total=6; target_total=6; blocking_reason=gap or overlap""]","[""C""]",C,"[4,2]",6,6,gap or overlap
combination_1097_open_q1,combination_1097.png,"[""candidate=B; piece_counts=[5, 1]; candidate_total=6; target_total=6; blocking_reason=gap or overlap""]","[""B""]",B,"[5,1]",6,6,gap or overlap
combination_1098_open_q1,combination_1098.png,"[""candidate=C; piece_counts=[1, 1, 1, 7]; candidate_total=10; target_total=10; blocking_reason=gap or overlap""]","[""C""]",C,"[1,1,1,7]",10,10,gap or overlap
combination_1099_open_q1,combination_1099.png,"[""candidate=A; piece_counts=[1, 6]; candidate_total=7; target_total=7; blocking_reason=requires a reflection""]","[""A""]",A,"[1,6]",7,7,requires a reflection
combination_1100_open_q1,combination_1100.png,"[""candidate=C; piece_counts=[5, 1]; candidate_total=6; target_total=7; blocking_reason=wrong cell count""]","[""C""]",C,"[5,1]",6,7,wrong cell count
combination_1101_open_q1,combination_1101.png,"[""candidate=B; piece_counts=[6, 2]; candidate_total=8; target_total=8; blocking_reason=requires a reflection""]","[""B""]",B,"[6,2]",8,8,requires a reflection
combination_1102_open_q1,combination_1102.png,"[""candidate=A; piece_counts=[6, 1]; candidate_total=7; target_total=7; blocking_reason=requires a reflection""]","[""A""]",A,"[6,1]",7,7,requires a reflection
combination_1103_open_q1,combination_1103.png,"[""candidate=D; piece_counts=[4, 3, 2]; candidate_total=9; target_total=9; blocking_reason=gap or overlap""]","[""D""]",D,"[4,3,2]",9,9,gap or overlap
combination_1104_open_q1,combination_1104.png,"[""candidate=C; piece_counts=[6, 1]; candidate_total=7; target_total=8; blocking_reason=wrong cell count""]","[""C""]",C,"[6,1]",7,8,wrong cell count
combination_1105_open_q1,combination_1105.png,"[""candidate=B; piece_counts=[5, 1]; candidate_total=6; target_total=6; blocking_reason=gap or overlap""]","[""B""]",B,"[5,1]",6,6,gap or overlap
combination_1106_open_q1,combination_1106.png,"[""candidate=A; piece_counts=[6, 1, 1]; candidate_total=8; target_total=8; blocking_reason=requires a reflection""]","[""A""]",A,"[6,1,1]",8,8,requires a reflection
combination_1107_open_q1,combination_1107.png,"[""candidate=A; piece_counts=[6, 1]; candidate_total=7; target_total=7; blocking_reason=requires a reflection""]","[""A""]",A,"[6,1]",7,7,requires a reflection
combination_1108_open_q1,combination_1108.png,"[""candidate=A; piece_counts=[6, 4]; candidate_total=10; target_total=10; blocking_reason=requires a reflection""]","[""A""]",A,"[6,4]",10,10,requires a reflection
combination_1109_open_q1,combination_1109.png,"[""candidate=C; piece_counts=[8, 1]; candidate_total=9; target_total=9; blocking_reason=requires a reflection""]","[""C""]",C,"[8,1]",9,9,requires a reflection
combination_1110_open_q1,combination_1110.png,"[""candidate=D; piece_counts=[7, 2]; candidate_total=9; target_total=10; blocking_reason=wrong cell count""]","[""D""]",D,"[7,2]",9,10,wrong cell count
combination_1111_open_q1,combination_1111.png,"[""candidate=D; piece_counts=[3, 4]; candidate_total=7; target_total=8; blocking_reason=wrong cell count""]","[""D""]",D,"[3,4]",7,8,wrong cell count
combination_1112_open_q1,combination_1112.png,"[""candidate=C; piece_counts=[5, 2, 1]; candidate_total=8; target_total=8; blocking_reason=requires a reflection""]","[""C""]",C,"[5,2,1]",8,8,requires a reflection
combination_1113_open_q1,combination_1113.png,"[""candidate=D; piece_counts=[4, 3]; candidate_total=7; target_total=7; blocking_reason=gap or overlap""]","[""D""]",D,"[4,3]",7,7,gap or overlap
combination_1114_open_q1,combination_1114.png,"[""candidate=D; piece_counts=[8, 1]; candidate_total=9; target_total=9; blocking_reason=requires a reflection""]","[""D""]",D,"[8,1]",9,9,requires a reflection
combination_1115_open_q1,combination_1115.png,"[""candidate=B; piece_counts=[5, 1]; candidate_total=6; target_total=6; blocking_reason=requires a reflection""]","[""B""]",B,"[5,1]",6,6,requires a reflection
combination_1116_open_q1,combination_1116.png,"[""candidate=A; piece_counts=[6, 1]; candidate_total=7; target_total=8; blocking_reason=wrong cell count""]","[""A""]",A,"[6,1]",7,8,wrong cell count
combination_1117_open_q1,combination_1117.png,"[""candidate=D; piece_counts=[4, 1, 1]; candidate_total=6; target_total=6; blocking_reason=requires a reflection""]","[""D""]",D,"[4,1,1]",6,6,requires a reflection
combination_1118_open_q1,combination_1118.png,"[""candidate=A; piece_counts=[9, 1]; candidate_total=10; target_total=10; blocking_reason=gap or overlap""]","[""A""]",A,"[9,1]",10,10,gap or overlap
combination_1119_open_q1,combination_1119.png,"[""candidate=B; piece_counts=[2, 8]; candidate_total=10; target_total=10; blocking_reason=requires a reflection""]","[""B""]",B,"[2,8]",10,10,requires a reflection
combination_1120_open_q1,combination_1120.png,"[""candidate=C; piece_counts=[5, 1]; candidate_total=6; target_total=6; blocking_reason=requires a reflection""]","[""C""]",C,"[5,1]",6,6,requires a reflection
combination_1121_open_q1,combination_1121.png,"[""candidate=B; piece_counts=[1, 6]; candidate_total=7; target_total=7; blocking_reason=gap or overlap""]","[""B""]",B,"[1,6]",7,7,gap or overlap
combination_1122_open_q1,combination_1122.png,"[""candidate=A; piece_counts=[5, 1]; candidate_total=6; target_total=6; blocking_reason=requires a reflection""]","[""A""]",A,"[5,1]",6,6,requires a reflection
combination_1123_open_q1,combination_1123.png,"[""candidate=D; piece_counts=[8, 1, 1]; candidate_total=10; target_total=10; blocking_reason=requires a reflection""]","[""D""]",D,"[8,1,1]",10,10,requires a reflection
combination_1124_open_q1,combination_1124.png,"[""candidate=A; piece_counts=[3, 6]; candidate_total=9; target_total=10; blocking_reason=wrong cell count""]","[""A""]",A,"[3,6]",9,10,wrong cell count
combination_1125_open_q1,combination_1125.png,"[""candidate=B; piece_counts=[1, 5, 2]; candidate_total=8; target_total=8; blocking_reason=gap or overlap""]","[""B""]",B,"[1,5,2]",8,8,gap or overlap
combination_1126_open_q1,combination_1126.png,"[""candidate=C; piece_counts=[1, 5, 1]; candidate_total=7; target_total=7; blocking_reason=gap or overlap""]","[""C""]",C,"[1,5,1]",7,7,gap or overlap
combination_1127_open_q1,combination_1127.png,"[""candidate=A; piece_counts=[1, 3, 1, 3]; candidate_total=8; target_total=8; blocking_reason=gap or overlap""]","[""A""]",A,"[1,3,1,3]",8,8,gap or overlap
combination_1128_open_q1,combination_1128.png,"[""candidate=C; piece_counts=[1, 6]; candidate_total=7; target_total=7; blocking_reason=gap or overlap""]","[""C""]",C,"[1,6]",7,7,gap or overlap
combination_1129_open_q1,combination_1129.png,"[""candidate=D; piece_counts=[4, 3]; candidate_total=7; target_total=8; blocking_reason=wrong cell count""]","[""D""]",D,"[4,3]",7,8,wrong cell count
combination_1130_open_q1,combination_1130.png,"[""candidate=A; piece_counts=[3, 7]; candidate_total=10; target_total=10; blocking_reason=gap or overlap""]","[""A""]",A,"[3,7]",10,10,gap or overlap
combination_1131_open_q1,combination_1131.png,"[""candidate=A; piece_counts=[4, 1, 1]; candidate_total=6; target_total=6; blocking_reason=requires a reflection""]","[""A""]",A,"[4,1,1]",6,6,requires a reflection
combination_1132_open_q1,combination_1132.png,"[""candidate=C; piece_counts=[4, 2]; candidate_total=6; target_total=7; blocking_reason=wrong cell count""]","[""C""]",C,"[4,2]",6,7,wrong cell count
combination_1133_open_q1,combination_1133.png,"[""candidate=D; piece_counts=[2, 6]; candidate_total=8; target_total=8; blocking_reason=requires a reflection""]","[""D""]",D,"[2,6]",8,8,requires a reflection
combination_1134_open_q1,combination_1134.png,"[""candidate=C; piece_counts=[4, 2]; candidate_total=6; target_total=7; blocking_reason=wrong cell count""]","[""C""]",C,"[4,2]",6,7,wrong cell count
combination_1135_open_q1,combination_1135.png,"[""candidate=B; piece_counts=[5, 2]; candidate_total=7; target_total=7; blocking_reason=gap or overlap""]","[""B""]",B,"[5,2]",7,7,gap or overlap
combination_1136_open_q1,combination_1136.png,"[""candidate=A; piece_counts=[5, 3]; candidate_total=8; target_total=8; blocking_reason=gap or overlap""]","[""A""]",A,"[5,3]",8,8,gap or overlap
combination_1137_open_q1,combination_1137.png,"[""candidate=D; piece_counts=[1, 5, 1]; candidate_total=7; target_total=7; blocking_reason=gap or overlap""]","[""D""]",D,"[1,5,1]",7,7,gap or overlap
combination_1138_open_q1,combination_1138.png,"[""candidate=D; piece_counts=[1, 6, 2]; candidate_total=9; target_total=10; blocking_reason=wrong cell count""]","[""D""]",D,"[1,6,2]",9,10,wrong cell count
combination_1139_open_q1,combination_1139.png,"[""candidate=B; piece_counts=[2, 5]; candidate_total=7; target_total=7; blocking_reason=gap or overlap""]","[""B""]",B,"[2,5]",7,7,gap or overlap
combination_1140_open_q1,combination_1140.png,"[""candidate=C; piece_counts=[4, 1, 1]; candidate_total=6; target_total=7; blocking_reason=wrong cell count""]","[""C""]",C,"[4,1,1]",6,7,wrong cell count
combination_1141_open_q1,combination_1141.png,"[""candidate=C; piece_counts=[4, 1, 1]; candidate_total=6; target_total=6; blocking_reason=requires a reflection""]","[""C""]",C,"[4,1,1]",6,6,requires a reflection
combination_1142_open_q1,combination_1142.png,"[""candidate=C; piece_counts=[4, 1, 1, 1]; candidate_total=7; target_total=8; blocking_reason=wrong cell count""]","[""C""]",C,"[4,1,1,1]",7,8,wrong cell count
combination_1143_open_q1,combination_1143.png,"[""candidate=D; piece_counts=[1, 6]; candidate_total=7; target_total=7; blocking_reason=gap or overlap""]","[""D""]",D,"[1,6]",7,7,gap or overlap
combination_1144_open_q1,combination_1144.png,"[""candidate=C; piece_counts=[1, 4, 3]; candidate_total=8; target_total=9; blocking_reason=wrong cell count""]","[""C""]",C,"[1,4,3]",8,9,wrong cell count
combination_1145_open_q1,combination_1145.png,"[""candidate=C; piece_counts=[1, 1, 1, 5]; candidate_total=8; target_total=8; blocking_reason=gap or overlap""]","[""C""]",C,"[1,1,1,5]",8,8,gap or overlap
combination_1146_open_q1,combination_1146.png,"[""candidate=A; piece_counts=[4, 5]; candidate_total=9; target_total=9; blocking_reason=gap or overlap""]","[""A""]",A,"[4,5]",9,9,gap or overlap
combination_1147_open_q1,combination_1147.png,"[""candidate=A; piece_counts=[4, 1, 1, 1]; candidate_total=7; target_total=8; blocking_reason=wrong cell count""]","[""A""]",A,"[4,1,1,1]",7,8,wrong cell count
combination_1148_open_q1,combination_1148.png,"[""candidate=B; piece_counts=[8, 1, 1]; candidate_total=10; target_total=10; blocking_reason=requires a reflection""]","[""B""]",B,"[8,1,1]",10,10,requires a reflection
combination_1149_open_q1,combination_1149.png,"[""candidate=C; piece_counts=[5, 2, 1]; candidate_total=8; target_total=8; blocking_reason=gap or overlap""]","[""C""]",C,"[5,2,1]",8,8,gap or overlap
combination_1150_open_q1,combination_1150.png,"[""candidate=A; piece_counts=[1, 8, 1]; candidate_total=10; target_total=10; blocking_reason=requires a reflection""]","[""A""]",A,"[1,8,1]",10,10,requires a reflection
combination_1151_open_q1,combination_1151.png,"[""candidate=A; piece_counts=[5, 1]; candidate_total=6; target_total=7; blocking_reason=wrong cell count""]","[""A""]",A,"[5,1]",6,7,wrong cell count
combination_1152_open_q1,combination_1152.png,"[""candidate=B; piece_counts=[6, 3]; candidate_total=9; target_total=10; blocking_reason=wrong cell count""]","[""B""]",B,"[6,3]",9,10,wrong cell count
combination_1153_open_q1,combination_1153.png,"[""candidate=B; piece_counts=[8, 1, 1]; candidate_total=10; target_total=10; blocking_reason=requires a reflection""]","[""B""]",B,"[8,1,1]",10,10,requires a reflection
combination_1154_open_q1,combination_1154.png,"[""candidate=C; piece_counts=[5, 1]; candidate_total=6; target_total=6; blocking_reason=gap or overlap""]","[""C""]",C,"[5,1]",6,6,gap or overlap
combination_1155_open_q1,combination_1155.png,"[""candidate=B; piece_counts=[8, 1]; candidate_total=9; target_total=10; blocking_reason=wrong cell count""]","[""B""]",B,"[8,1]",9,10,wrong cell count
combination_1156_open_q1,combination_1156.png,"[""candidate=B; piece_counts=[2, 1, 6]; candidate_total=9; target_total=9; blocking_reason=requires a reflection""]","[""B""]",B,"[2,1,6]",9,9,requires a reflection
combination_1157_open_q1,combination_1157.png,"[""candidate=D; piece_counts=[1, 7]; candidate_total=8; target_total=9; blocking_reason=wrong cell count""]","[""D""]",D,"[1,7]",8,9,wrong cell count
combination_1158_open_q1,combination_1158.png,"[""candidate=A; piece_counts=[4, 2]; candidate_total=6; target_total=6; blocking_reason=gap or overlap""]","[""A""]",A,"[4,2]",6,6,gap or overlap
combination_1159_open_q1,combination_1159.png,"[""candidate=A; piece_counts=[2, 7]; candidate_total=9; target_total=9; blocking_reason=gap or overlap""]","[""A""]",A,"[2,7]",9,9,gap or overlap
combination_1160_open_q1,combination_1160.png,"[""candidate=A; piece_counts=[4, 4]; candidate_total=8; target_total=9; blocking_reason=wrong cell count""]","[""A""]",A,"[4,4]",8,9,wrong cell count
combination_1161_open_q1,combination_1161.png,"[""candidate=D; piece_counts=[9, 1]; candidate_total=10; target_total=10; blocking_reason=requires a reflection""]","[""D""]",D,"[9,1]",10,10,requires a reflection
combination_1162_open_q1,combination_1162.png,"[""candidate=A; piece_counts=[5, 1]; candidate_total=6; target_total=6; blocking_reason=gap or overlap""]","[""A""]",A,"[5,1]",6,6,gap or overlap
combination_1163_open_q1,combination_1163.png,"[""candidate=B; piece_counts=[8, 1]; candidate_total=9; target_total=9; blocking_reason=requires a reflection""]","[""B""]",B,"[8,1]",9,9,requires a reflection
combination_1164_open_q1,combination_1164.png,"[""candidate=C; piece_counts=[6, 1]; candidate_total=7; target_total=7; blocking_reason=requires a reflection""]","[""C""]",C,"[6,1]",7,7,requires a reflection
combination_1165_open_q1,combination_1165.png,"[""candidate=C; piece_counts=[6, 1]; candidate_total=7; target_total=8; blocking_reason=wrong cell count""]","[""C""]",C,"[6,1]",7,8,wrong cell count
combination_1166_open_q1,combination_1166.png,"[""candidate=D; piece_counts=[8, 1]; candidate_total=9; target_total=10; blocking_reason=wrong cell count""]","[""D""]",D,"[8,1]",9,10,wrong cell count
combination_1167_open_q1,combination_1167.png,"[""candidate=D; piece_counts=[3, 1, 5]; candidate_total=9; target_total=9; blocking_reason=gap or overlap""]","[""D""]",D,"[3,1,5]",9,9,gap or overlap
combination_1168_open_q1,combination_1168.png,"[""candidate=A; piece_counts=[1, 3, 1]; candidate_total=5; target_total=6; blocking_reason=wrong cell count""]","[""A""]",A,"[1,3,1]",5,6,wrong cell count
combination_1169_open_q1,combination_1169.png,"[""candidate=C; piece_counts=[1, 4, 1]; candidate_total=6; target_total=6; blocking_reason=requires a reflection""]","[""C""]",C,"[1,4,1]",6,6,requires a reflection
combination_1170_open_q1,combination_1170.png,"[""candidate=A; piece_counts=[5, 1]; candidate_total=6; target_total=7; blocking_reason=wrong cell count""]","[""A""]",A,"[5,1]",6,7,wrong cell count
combination_1171_open_q1,combination_1171.png,"[""candidate=D; piece_counts=[7, 1]; candidate_total=8; target_total=9; blocking_reason=wrong cell count""]","[""D""]",D,"[7,1]",8,9,wrong cell count
combination_1172_open_q1,combination_1172.png,"[""candidate=B; piece_counts=[8, 1, 1]; candidate_total=10; target_total=10; blocking_reason=gap or overlap""]","[""B""]",B,"[8,1,1]",10,10,gap or overlap
combination_1173_open_q1,combination_1173.png,"[""candidate=D; piece_counts=[4, 4, 1]; candidate_total=9; target_total=9; blocking_reason=requires a reflection""]","[""D""]",D,"[4,4,1]",9,9,requires a reflection
combination_1174_open_q1,combination_1174.png,"[""candidate=A; piece_counts=[6, 2]; candidate_total=8; target_total=8; blocking_reason=gap or overlap""]","[""A""]",A,"[6,2]",8,8,gap or overlap
combination_1175_open_q1,combination_1175.png,"[""candidate=D; piece_counts=[1, 6, 1]; candidate_total=8; target_total=8; blocking_reason=gap or overlap""]","[""D""]",D,"[1,6,1]",8,8,gap or overlap
combination_1176_open_q1,combination_1176.png,"[""candidate=A; piece_counts=[6, 1]; candidate_total=7; target_total=7; blocking_reason=requires a reflection""]","[""A""]",A,"[6,1]",7,7,requires a reflection
combination_1177_open_q1,combination_1177.png,"[""candidate=B; piece_counts=[7, 3]; candidate_total=10; target_total=10; blocking_reason=requires a reflection""]","[""B""]",B,"[7,3]",10,10,requires a reflection
combination_1178_open_q1,combination_1178.png,"[""candidate=D; piece_counts=[4, 3]; candidate_total=7; target_total=8; blocking_reason=wrong cell count""]","[""D""]",D,"[4,3]",7,8,wrong cell count
combination_1179_open_q1,combination_1179.png,"[""candidate=D; piece_counts=[1, 5]; candidate_total=6; target_total=6; blocking_reason=requires a reflection""]","[""D""]",D,"[1,5]",6,6,requires a reflection
combination_1180_open_q1,combination_1180.png,"[""candidate=C; piece_counts=[1, 8]; candidate_total=9; target_total=9; blocking_reason=gap or overlap""]","[""C""]",C,"[1,8]",9,9,gap or overlap
combination_1181_open_q1,combination_1181.png,"[""candidate=C; piece_counts=[7, 1]; candidate_total=8; target_total=8; blocking_reason=gap or overlap""]","[""C""]",C,"[7,1]",8,8,gap or overlap
combination_1182_open_q1,combination_1182.png,"[""candidate=A; piece_counts=[1, 4, 1]; candidate_total=6; target_total=6; blocking_reason=gap or overlap""]","[""A""]",A,"[1,4,1]",6,6,gap or overlap
combination_1183_open_q1,combination_1183.png,"[""candidate=D; piece_counts=[4, 1]; candidate_total=5; target_total=6; blocking_reason=wrong cell count""]","[""D""]",D,"[4,1]",5,6,wrong cell count
combination_1184_open_q1,combination_1184.png,"[""candidate=C; piece_counts=[5, 3]; candidate_total=8; target_total=8; blocking_reason=requires a reflection""]","[""C""]",C,"[5,3]",8,8,requires a reflection
combination_1185_open_q1,combination_1185.png,"[""candidate=D; piece_counts=[4, 2]; candidate_total=6; target_total=6; blocking_reason=gap or overlap""]","[""D""]",D,"[4,2]",6,6,gap or overlap
combination_1186_open_q1,combination_1186.png,"[""candidate=C; piece_counts=[4, 1]; candidate_total=5; target_total=6; blocking_reason=wrong cell count""]","[""C""]",C,"[4,1]",5,6,wrong cell count
combination_1187_open_q1,combination_1187.png,"[""candidate=B; piece_counts=[5, 1]; candidate_total=6; target_total=7; blocking_reason=wrong cell count""]","[""B""]",B,"[5,1]",6,7,wrong cell count
combination_1188_open_q1,combination_1188.png,"[""candidate=C; piece_counts=[4, 2]; candidate_total=6; target_total=6; blocking_reason=requires a reflection""]","[""C""]",C,"[4,2]",6,6,requires a reflection
combination_1189_open_q1,combination_1189.png,"[""candidate=D; piece_counts=[7, 2]; candidate_total=9; target_total=10; blocking_reason=wrong cell count""]","[""D""]",D,"[7,2]",9,10,wrong cell count
combination_1190_open_q1,combination_1190.png,"[""candidate=C; piece_counts=[2, 3, 4]; candidate_total=9; target_total=10; blocking_reason=wrong cell count""]","[""C""]",C,"[2,3,4]",9,10,wrong cell count
combination_1191_open_q1,combination_1191.png,"[""candidate=B; piece_counts=[1, 5, 1]; candidate_total=7; target_total=8; blocking_reason=wrong cell count""]","[""B""]",B,"[1,5,1]",7,8,wrong cell count
combination_1192_open_q1,combination_1192.png,"[""candidate=B; piece_counts=[4, 2, 1, 1]; candidate_total=8; target_total=8; blocking_reason=requires a reflection""]","[""B""]",B,"[4,2,1,1]",8,8,requires a reflection
combination_1193_open_q1,combination_1193.png,"[""candidate=D; piece_counts=[7, 1, 2]; candidate_total=10; target_total=10; blocking_reason=requires a reflection""]","[""D""]",D,"[7,1,2]",10,10,requires a reflection
combination_1194_open_q1,combination_1194.png,"[""candidate=D; piece_counts=[8, 1]; candidate_total=9; target_total=10; blocking_reason=wrong cell count""]","[""D""]",D,"[8,1]",9,10,wrong cell count
combination_1195_open_q1,combination_1195.png,"[""candidate=D; piece_counts=[2, 4, 2]; candidate_total=8; target_total=8; blocking_reason=gap or overlap""]","[""D""]",D,"[2,4,2]",8,8,gap or overlap
combination_1196_open_q1,combination_1196.png,"[""candidate=B; piece_counts=[5, 1, 1, 1]; candidate_total=8; target_total=9; blocking_reason=wrong cell count""]","[""B""]",B,"[5,1,1,1]",8,9,wrong cell count
combination_1197_open_q1,combination_1197.png,"[""candidate=C; piece_counts=[6, 1, 3]; candidate_total=10; target_total=10; blocking_reason=requires a reflection""]","[""C""]",C,"[6,1,3]",10,10,requires a reflection
combination_1198_open_q1,combination_1198.png,"[""candidate=A; piece_counts=[2, 7]; candidate_total=9; target_total=9; blocking_reason=gap or overlap""]","[""A""]",A,"[2,7]",9,9,gap or overlap
combination_1199_open_q1,combination_1199.png,"[""candidate=B; piece_counts=[2, 6, 1]; candidate_total=9; target_total=10; blocking_reason=wrong cell count""]","[""B""]",B,"[2,6,1]",9,10,wrong cell count
combination_1200_open_q1,combination_1200.png,"[""candidate=B; piece_counts=[3, 4, 1]; candidate_total=8; target_total=8; blocking_reason=requires a reflection""]","[""B""]",B,"[3,4,1]",8,8,requires a reflection
combination_1201_open_q1,combination_1201.png,"[""candidate=D; piece_counts=[6, 1]; candidate_total=7; target_total=8; blocking_reason=wrong cell count""]","[""D""]",D,"[6,1]",7,8,wrong cell count
combination_1202_open_q1,combination_1202.png,"[""candidate=D; piece_counts=[7, 2]; candidate_total=9; target_total=9; blocking_reason=gap or overlap""]","[""D""]",D,"[7,2]",9,9,gap or overlap
combination_1203_open_q1,combination_1203.png,"[""candidate=A; piece_counts=[1, 6]; candidate_total=7; target_total=7; blocking_reason=gap or overlap""]","[""A""]",A,"[1,6]",7,7,gap or overlap
combination_1204_open_q1,combination_1204.png,"[""candidate=A; piece_counts=[4, 1, 1, 3]; candidate_total=9; target_total=9; blocking_reason=gap or overlap""]","[""A""]",A,"[4,1,1,3]",9,9,gap or overlap
combination_1205_open_q1,combination_1205.png,"[""candidate=D; piece_counts=[2, 2, 4, 1]; candidate_total=9; target_total=9; blocking_reason=gap or overlap""]","[""D""]",D,"[2,2,4,1]",9,9,gap or overlap
combination_1206_open_q1,combination_1206.png,"[""candidate=C; piece_counts=[1, 6, 2]; candidate_total=9; target_total=9; blocking_reason=gap or overlap""]","[""C""]",C,"[1,6,2]",9,9,gap or overlap
combination_1207_open_q1,combination_1207.png,"[""candidate=D; piece_counts=[5, 1]; candidate_total=6; target_total=6; blocking_reason=requires a reflection""]","[""D""]",D,"[5,1]",6,6,requires a reflection
combination_1208_open_q1,combination_1208.png,"[""candidate=A; piece_counts=[6, 2]; candidate_total=8; target_total=9; blocking_reason=wrong cell count""]","[""A""]",A,"[6,2]",8,9,wrong cell count
combination_1209_open_q1,combination_1209.png,"[""candidate=C; piece_counts=[3, 5]; candidate_total=8; target_total=8; blocking_reason=requires a reflection""]","[""C""]",C,"[3,5]",8,8,requires a reflection
combination_1210_open_q1,combination_1210.png,"[""candidate=A; piece_counts=[4, 4]; candidate_total=8; target_total=9; blocking_reason=wrong cell count""]","[""A""]",A,"[4,4]",8,9,wrong cell count
combination_1211_open_q1,combination_1211.png,"[""candidate=D; piece_counts=[7, 2]; candidate_total=9; target_total=9; blocking_reason=requires a reflection""]","[""D""]",D,"[7,2]",9,9,requires a reflection
combination_1212_open_q1,combination_1212.png,"[""candidate=B; piece_counts=[7, 1]; candidate_total=8; target_total=8; blocking_reason=requires a reflection""]","[""B""]",B,"[7,1]",8,8,requires a reflection
combination_1213_open_q1,combination_1213.png,"[""candidate=C; piece_counts=[7, 2, 1]; candidate_total=10; target_total=10; blocking_reason=requires a reflection""]","[""C""]",C,"[7,2,1]",10,10,requires a reflection
combination_1214_open_q1,combination_1214.png,"[""candidate=C; piece_counts=[5, 1]; candidate_total=6; target_total=6; blocking_reason=requires a reflection""]","[""C""]",C,"[5,1]",6,6,requires a reflection
combination_1215_open_q1,combination_1215.png,"[""candidate=B; piece_counts=[3, 3, 3]; candidate_total=9; target_total=10; blocking_reason=wrong cell count""]","[""B""]",B,"[3,3,3]",9,10,wrong cell count
combination_1216_open_q1,combination_1216.png,"[""candidate=C; piece_counts=[4, 1]; candidate_total=5; target_total=6; blocking_reason=wrong cell count""]","[""C""]",C,"[4,1]",5,6,wrong cell count
combination_1217_open_q1,combination_1217.png,"[""candidate=B; piece_counts=[4, 2]; candidate_total=6; target_total=7; blocking_reason=wrong cell count""]","[""B""]",B,"[4,2]",6,7,wrong cell count
combination_1218_open_q1,combination_1218.png,"[""candidate=C; piece_counts=[4, 1]; candidate_total=5; target_total=6; blocking_reason=wrong cell count""]","[""C""]",C,"[4,1]",5,6,wrong cell count
combination_1219_open_q1,combination_1219.png,"[""candidate=B; piece_counts=[5, 1]; candidate_total=6; target_total=7; blocking_reason=wrong cell count""]","[""B""]",B,"[5,1]",6,7,wrong cell count
combination_1220_open_q1,combination_1220.png,"[""candidate=B; piece_counts=[7, 1]; candidate_total=8; target_total=8; blocking_reason=gap or overlap""]","[""B""]",B,"[7,1]",8,8,gap or overlap
combination_1221_open_q1,combination_1221.png,"[""candidate=C; piece_counts=[5, 1, 1]; candidate_total=7; target_total=8; blocking_reason=wrong cell count""]","[""C""]",C,"[5,1,1]",7,8,wrong cell count
combination_1222_open_q1,combination_1222.png,"[""candidate=A; piece_counts=[7, 2]; candidate_total=9; target_total=9; blocking_reason=requires a reflection""]","[""A""]",A,"[7,2]",9,9,requires a reflection
combination_1223_open_q1,combination_1223.png,"[""candidate=A; piece_counts=[4, 3, 1]; candidate_total=8; target_total=9; blocking_reason=wrong cell count""]","[""A""]",A,"[4,3,1]",8,9,wrong cell count
combination_1224_open_q1,combination_1224.png,"[""candidate=B; piece_counts=[5, 3, 1]; candidate_total=9; target_total=9; blocking_reason=requires a reflection""]","[""B""]",B,"[5,3,1]",9,9,requires a reflection
combination_1225_open_q1,combination_1225.png,"[""candidate=B; piece_counts=[6, 2]; candidate_total=8; target_total=8; blocking_reason=gap or overlap""]","[""B""]",B,"[6,2]",8,8,gap or overlap
combination_1226_open_q1,combination_1226.png,"[""candidate=C; piece_counts=[3, 1, 1, 1]; candidate_total=6; target_total=7; blocking_reason=wrong cell count""]","[""C""]",C,"[3,1,1,1]",6,7,wrong cell count
combination_1227_open_q1,combination_1227.png,"[""candidate=D; piece_counts=[6, 1]; candidate_total=7; target_total=7; blocking_reason=requires a reflection""]","[""D""]",D,"[6,1]",7,7,requires a reflection
combination_1228_open_q1,combination_1228.png,"[""candidate=A; piece_counts=[3, 3]; candidate_total=6; target_total=7; blocking_reason=wrong cell count""]","[""A""]",A,"[3,3]",6,7,wrong cell count
combination_1229_open_q1,combination_1229.png,"[""candidate=C; piece_counts=[4, 1, 4]; candidate_total=9; target_total=10; blocking_reason=wrong cell count""]","[""C""]",C,"[4,1,4]",9,10,wrong cell count
combination_1230_open_q1,combination_1230.png,"[""candidate=A; piece_counts=[4, 4]; candidate_total=8; target_total=9; blocking_reason=wrong cell count""]","[""A""]",A,"[4,4]",8,9,wrong cell count
combination_1231_open_q1,combination_1231.png,"[""candidate=A; piece_counts=[2, 5]; candidate_total=7; target_total=8; blocking_reason=wrong cell count""]","[""A""]",A,"[2,5]",7,8,wrong cell count
combination_1232_open_q1,combination_1232.png,"[""candidate=A; piece_counts=[2, 6]; candidate_total=8; target_total=8; blocking_reason=gap or overlap""]","[""A""]",A,"[2,6]",8,8,gap or overlap
combination_1233_open_q1,combination_1233.png,"[""candidate=D; piece_counts=[8, 1, 1]; candidate_total=10; target_total=10; blocking_reason=gap or overlap""]","[""D""]",D,"[8,1,1]",10,10,gap or overlap
combination_1234_open_q1,combination_1234.png,"[""candidate=A; piece_counts=[4, 1, 1]; candidate_total=6; target_total=6; blocking_reason=requires a reflection""]","[""A""]",A,"[4,1,1]",6,6,requires a reflection
combination_1235_open_q1,combination_1235.png,"[""candidate=B; piece_counts=[7, 3]; candidate_total=10; target_total=10; blocking_reason=requires a reflection""]","[""B""]",B,"[7,3]",10,10,requires a reflection
combination_1236_open_q1,combination_1236.png,"[""candidate=C; piece_counts=[4, 5]; candidate_total=9; target_total=9; blocking_reason=gap or overlap""]","[""C""]",C,"[4,5]",9,9,gap or overlap
combination_1237_open_q1,combination_1237.png,"[""candidate=D; piece_counts=[7, 1]; candidate_total=8; target_total=8; blocking_reason=requires a reflection""]","[""D""]",D,"[7,1]",8,8,requires a reflection
combination_1238_open_q1,combination_1238.png,"[""candidate=A; piece_counts=[6, 1]; candidate_total=7; target_total=7; blocking_reason=gap or overlap""]","[""A""]",A,"[6,1]",7,7,gap or overlap
combination_1239_open_q1,combination_1239.png,"[""candidate=A; piece_counts=[3, 6]; candidate_total=9; target_total=9; blocking_reason=gap or overlap""]","[""A""]",A,"[3,6]",9,9,gap or overlap
combination_1240_open_q1,combination_1240.png,"[""candidate=A; piece_counts=[2, 5, 1]; candidate_total=8; target_total=8; blocking_reason=requires a reflection""]","[""A""]",A,"[2,5,1]",8,8,requires a reflection
combination_1241_open_q1,combination_1241.png,"[""candidate=C; piece_counts=[5, 1, 1, 1]; candidate_total=8; target_total=9; blocking_reason=wrong cell count""]","[""C""]",C,"[5,1,1,1]",8,9,wrong cell count
combination_1242_open_q1,combination_1242.png,"[""candidate=A; piece_counts=[7, 1]; candidate_total=8; target_total=8; blocking_reason=requires a reflection""]","[""A""]",A,"[7,1]",8,8,requires a reflection
combination_1243_open_q1,combination_1243.png,"[""candidate=B; piece_counts=[4, 3, 1]; candidate_total=8; target_total=8; blocking_reason=requires a reflection""]","[""B""]",B,"[4,3,1]",8,8,requires a reflection
combination_1244_open_q1,combination_1244.png,"[""candidate=A; piece_counts=[4, 5]; candidate_total=9; target_total=10; blocking_reason=wrong cell count""]","[""A""]",A,"[4,5]",9,10,wrong cell count
combination_1245_open_q1,combination_1245.png,"[""candidate=D; piece_counts=[5, 1]; candidate_total=6; target_total=7; blocking_reason=wrong cell count""]","[""D""]",D,"[5,1]",6,7,wrong cell count
combination_1246_open_q1,combination_1246.png,"[""candidate=D; piece_counts=[8, 1]; candidate_total=9; target_total=10; blocking_reason=wrong cell count""]","[""D""]",D,"[8,1]",9,10,wrong cell count
combination_1247_open_q1,combination_1247.png,"[""candidate=B; piece_counts=[3, 1, 1]; candidate_total=5; target_total=6; blocking_reason=wrong cell count""]","[""B""]",B,"[3,1,1]",5,6,wrong cell count
combination_1248_open_q1,combination_1248.png,"[""candidate=B; piece_counts=[8, 1]; candidate_total=9; target_total=10; blocking_reason=wrong cell count""]","[""B""]",B,"[8,1]",9,10,wrong cell count
combination_1249_open_q1,combination_1249.png,"[""candidate=C; piece_counts=[4, 2]; candidate_total=6; target_total=7; blocking_reason=wrong cell count""]","[""C""]",C,"[4,2]",6,7,wrong cell count
combination_1250_open_q1,combination_1250.png,"[""candidate=D; piece_counts=[2, 5]; candidate_total=7; target_total=7; blocking_reason=gap or overlap""]","[""D""]",D,"[2,5]",7,7,gap or overlap
combination_1251_open_q1,combination_1251.png,"[""candidate=A; piece_counts=[2, 4]; candidate_total=6; target_total=6; blocking_reason=gap or overlap""]","[""A""]",A,"[2,4]",6,6,gap or overlap
combination_1252_open_q1,combination_1252.png,"[""candidate=B; piece_counts=[6, 2]; candidate_total=8; target_total=8; blocking_reason=requires a reflection""]","[""B""]",B,"[6,2]",8,8,requires a reflection
combination_1253_open_q1,combination_1253.png,"[""candidate=D; piece_counts=[6, 1]; candidate_total=7; target_total=7; blocking_reason=requires a reflection""]","[""D""]",D,"[6,1]",7,7,requires a reflection
combination_1254_open_q1,combination_1254.png,"[""candidate=A; piece_counts=[7, 1]; candidate_total=8; target_total=8; blocking_reason=requires a reflection""]","[""A""]",A,"[7,1]",8,8,requires a reflection
combination_1255_open_q1,combination_1255.png,"[""candidate=D; piece_counts=[3, 3]; candidate_total=6; target_total=7; blocking_reason=wrong cell count""]","[""D""]",D,"[3,3]",6,7,wrong cell count
combination_1256_open_q1,combination_1256.png,"[""candidate=C; piece_counts=[5, 1]; candidate_total=6; target_total=6; blocking_reason=requires a reflection""]","[""C""]",C,"[5,1]",6,6,requires a reflection
combination_1257_open_q1,combination_1257.png,"[""candidate=B; piece_counts=[1, 3, 3]; candidate_total=7; target_total=7; blocking_reason=gap or overlap""]","[""B""]",B,"[1,3,3]",7,7,gap or overlap
combination_1258_open_q1,combination_1258.png,"[""candidate=A; piece_counts=[4, 5]; candidate_total=9; target_total=9; blocking_reason=gap or overlap""]","[""A""]",A,"[4,5]",9,9,gap or overlap
combination_1259_open_q1,combination_1259.png,"[""candidate=D; piece_counts=[1, 1, 5]; candidate_total=7; target_total=7; blocking_reason=gap or overlap""]","[""D""]",D,"[1,1,5]",7,7,gap or overlap
combination_1260_open_q1,combination_1260.png,"[""candidate=B; piece_counts=[4, 2, 2]; candidate_total=8; target_total=8; blocking_reason=gap or overlap""]","[""B""]",B,"[4,2,2]",8,8,gap or overlap
combination_1261_open_q1,combination_1261.png,"[""candidate=B; piece_counts=[1, 5]; candidate_total=6; target_total=6; blocking_reason=gap or overlap""]","[""B""]",B,"[1,5]",6,6,gap or overlap
combination_1262_open_q1,combination_1262.png,"[""candidate=A; piece_counts=[1, 6]; candidate_total=7; target_total=7; blocking_reason=gap or overlap""]","[""A""]",A,"[1,6]",7,7,gap or overlap
combination_1263_open_q1,combination_1263.png,"[""candidate=A; piece_counts=[1, 1, 6]; candidate_total=8; target_total=8; blocking_reason=gap or overlap""]","[""A""]",A,"[1,1,6]",8,8,gap or overlap
combination_1264_open_q1,combination_1264.png,"[""candidate=A; piece_counts=[7, 1]; candidate_total=8; target_total=9; blocking_reason=wrong cell count""]","[""A""]",A,"[7,1]",8,9,wrong cell count
combination_1265_open_q1,combination_1265.png,"[""candidate=D; piece_counts=[9, 1]; candidate_total=10; target_total=10; blocking_reason=requires a reflection""]","[""D""]",D,"[9,1]",10,10,requires a reflection
combination_1266_open_q1,combination_1266.png,"[""candidate=D; piece_counts=[3, 4, 1]; candidate_total=8; target_total=8; blocking_reason=gap or overlap""]","[""D""]",D,"[3,4,1]",8,8,gap or overlap
combination_1267_open_q1,combination_1267.png,"[""candidate=D; piece_counts=[5, 3]; candidate_total=8; target_total=8; blocking_reason=gap or overlap""]","[""D""]",D,"[5,3]",8,8,gap or overlap
combination_1268_open_q1,combination_1268.png,"[""candidate=A; piece_counts=[4, 1]; candidate_total=5; target_total=6; blocking_reason=wrong cell count""]","[""A""]",A,"[4,1]",5,6,wrong cell count
combination_1269_open_q1,combination_1269.png,"[""candidate=D; piece_counts=[5, 2]; candidate_total=7; target_total=7; blocking_reason=gap or overlap""]","[""D""]",D,"[5,2]",7,7,gap or overlap
combination_1270_open_q1,combination_1270.png,"[""candidate=D; piece_counts=[3, 3, 2]; candidate_total=8; target_total=9; blocking_reason=wrong cell count""]","[""D""]",D,"[3,3,2]",8,9,wrong cell count
combination_1271_open_q1,combination_1271.png,"[""candidate=B; piece_counts=[2, 8]; candidate_total=10; target_total=10; blocking_reason=requires a reflection""]","[""B""]",B,"[2,8]",10,10,requires a reflection
combination_1272_open_q1,combination_1272.png,"[""candidate=A; piece_counts=[2, 3]; candidate_total=5; target_total=6; blocking_reason=wrong cell count""]","[""A""]",A,"[2,3]",5,6,wrong cell count
combination_1273_open_q1,combination_1273.png,"[""candidate=B; piece_counts=[1, 6, 1, 1]; candidate_total=9; target_total=10; blocking_reason=wrong cell count""]","[""B""]",B,"[1,6,1,1]",9,10,wrong cell count
combination_1274_open_q1,combination_1274.png,"[""candidate=A; piece_counts=[6, 1, 1]; candidate_total=8; target_total=8; blocking_reason=gap or overlap""]","[""A""]",A,"[6,1,1]",8,8,gap or overlap
combination_1275_open_q1,combination_1275.png,"[""candidate=D; piece_counts=[7, 3]; candidate_total=10; target_total=10; blocking_reason=gap or overlap""]","[""D""]",D,"[7,3]",10,10,gap or overlap
combination_1276_open_q1,combination_1276.png,"[""candidate=B; piece_counts=[5, 1, 1]; candidate_total=7; target_total=8; blocking_reason=wrong cell count""]","[""B""]",B,"[5,1,1]",7,8,wrong cell count
combination_1277_open_q1,combination_1277.png,"[""candidate=D; piece_counts=[4, 4, 1]; candidate_total=9; target_total=9; blocking_reason=requires a reflection""]","[""D""]",D,"[4,4,1]",9,9,requires a reflection
combination_1278_open_q1,combination_1278.png,"[""candidate=D; piece_counts=[3, 3]; candidate_total=6; target_total=6; blocking_reason=gap or overlap""]","[""D""]",D,"[3,3]",6,6,gap or overlap
combination_1279_open_q1,combination_1279.png,"[""candidate=A; piece_counts=[8, 1, 1]; candidate_total=10; target_total=10; blocking_reason=requires a reflection""]","[""A""]",A,"[8,1,1]",10,10,requires a reflection
combination_1280_open_q1,combination_1280.png,"[""candidate=C; piece_counts=[1, 3, 4]; candidate_total=8; target_total=8; blocking_reason=gap or overlap""]","[""C""]",C,"[1,3,4]",8,8,gap or overlap
combination_1281_open_q1,combination_1281.png,"[""candidate=B; piece_counts=[8, 1]; candidate_total=9; target_total=9; blocking_reason=gap or overlap""]","[""B""]",B,"[8,1]",9,9,gap or overlap
combination_1282_open_q1,combination_1282.png,"[""candidate=A; piece_counts=[4, 1, 1]; candidate_total=6; target_total=7; blocking_reason=wrong cell count""]","[""A""]",A,"[4,1,1]",6,7,wrong cell count
combination_1283_open_q1,combination_1283.png,"[""candidate=B; piece_counts=[8, 1]; candidate_total=9; target_total=9; blocking_reason=requires a reflection""]","[""B""]",B,"[8,1]",9,9,requires a reflection
combination_1284_open_q1,combination_1284.png,"[""candidate=B; piece_counts=[4, 4, 1]; candidate_total=9; target_total=9; blocking_reason=gap or overlap""]","[""B""]",B,"[4,4,1]",9,9,gap or overlap
combination_1285_open_q1,combination_1285.png,"[""candidate=C; piece_counts=[3, 6]; candidate_total=9; target_total=9; blocking_reason=gap or overlap""]","[""C""]",C,"[3,6]",9,9,gap or overlap
combination_1286_open_q1,combination_1286.png,"[""candidate=C; piece_counts=[3, 1, 1]; candidate_total=5; target_total=6; blocking_reason=wrong cell count""]","[""C""]",C,"[3,1,1]",5,6,wrong cell count
combination_1287_open_q1,combination_1287.png,"[""candidate=B; piece_counts=[3, 3]; candidate_total=6; target_total=6; blocking_reason=gap or overlap""]","[""B""]",B,"[3,3]",6,6,gap or overlap
combination_1288_open_q1,combination_1288.png,"[""candidate=A; piece_counts=[3, 3]; candidate_total=6; target_total=6; blocking_reason=gap or overlap""]","[""A""]",A,"[3,3]",6,6,gap or overlap
combination_1289_open_q1,combination_1289.png,"[""candidate=D; piece_counts=[4, 3]; candidate_total=7; target_total=7; blocking_reason=gap or overlap""]","[""D""]",D,"[4,3]",7,7,gap or overlap
combination_1290_open_q1,combination_1290.png,"[""candidate=A; piece_counts=[5, 1]; candidate_total=6; target_total=7; blocking_reason=wrong cell count""]","[""A""]",A,"[5,1]",6,7,wrong cell count
combination_1291_open_q1,combination_1291.png,"[""candidate=B; piece_counts=[7, 1, 1, 1]; candidate_total=10; target_total=10; blocking_reason=requires a reflection""]","[""B""]",B,"[7,1,1,1]",10,10,requires a reflection
combination_1292_open_q1,combination_1292.png,"[""candidate=A; piece_counts=[1, 4, 5]; candidate_total=10; target_total=10; blocking_reason=gap or overlap""]","[""A""]",A,"[1,4,5]",10,10,gap or overlap
combination_1293_open_q1,combination_1293.png,"[""candidate=D; piece_counts=[5, 1]; candidate_total=6; target_total=6; blocking_reason=requires a reflection""]","[""D""]",D,"[5,1]",6,6,requires a reflection
combination_1294_open_q1,combination_1294.png,"[""candidate=A; piece_counts=[3, 1, 1, 1]; candidate_total=6; target_total=7; blocking_reason=wrong cell count""]","[""A""]",A,"[3,1,1,1]",6,7,wrong cell count
combination_1295_open_q1,combination_1295.png,"[""candidate=B; piece_counts=[3, 3]; candidate_total=6; target_total=7; blocking_reason=wrong cell count""]","[""B""]",B,"[3,3]",6,7,wrong cell count
combination_1296_open_q1,combination_1296.png,"[""candidate=C; piece_counts=[1, 5]; candidate_total=6; target_total=6; blocking_reason=gap or overlap""]","[""C""]",C,"[1,5]",6,6,gap or overlap
combination_1297_open_q1,combination_1297.png,"[""candidate=C; piece_counts=[2, 6]; candidate_total=8; target_total=9; blocking_reason=wrong cell count""]","[""C""]",C,"[2,6]",8,9,wrong cell count
combination_1298_open_q1,combination_1298.png,"[""candidate=C; piece_counts=[5, 3]; candidate_total=8; target_total=9; blocking_reason=wrong cell count""]","[""C""]",C,"[5,3]",8,9,wrong cell count
combination_1299_open_q1,combination_1299.png,"[""candidate=A; piece_counts=[3, 4]; candidate_total=7; target_total=7; blocking_reason=requires a reflection""]","[""A""]",A,"[3,4]",7,7,requires a reflection
combination_1300_open_q1,combination_1300.png,"[""candidate=A; piece_counts=[7, 1]; candidate_total=8; target_total=9; blocking_reason=wrong cell count""]","[""A""]",A,"[7,1]",8,9,wrong cell count
combination_1301_open_q1,combination_1301.png,"[""candidate=D; piece_counts=[3, 1, 3]; candidate_total=7; target_total=8; blocking_reason=wrong cell count""]","[""D""]",D,"[3,1,3]",7,8,wrong cell count
combination_1302_open_q1,combination_1302.png,"[""candidate=D; piece_counts=[2, 8]; candidate_total=10; target_total=10; blocking_reason=gap or overlap""]","[""D""]",D,"[2,8]",10,10,gap or overlap
combination_1303_open_q1,combination_1303.png,"[""candidate=D; piece_counts=[3, 7]; candidate_total=10; target_total=10; blocking_reason=gap or overlap""]","[""D""]",D,"[3,7]",10,10,gap or overlap
combination_1304_open_q1,combination_1304.png,"[""candidate=B; piece_counts=[4, 6]; candidate_total=10; target_total=10; blocking_reason=requires a reflection""]","[""B""]",B,"[4,6]",10,10,requires a reflection
combination_1305_open_q1,combination_1305.png,"[""candidate=D; piece_counts=[2, 7]; candidate_total=9; target_total=9; blocking_reason=gap or overlap""]","[""D""]",D,"[2,7]",9,9,gap or overlap
combination_1306_open_q1,combination_1306.png,"[""candidate=A; piece_counts=[6, 3]; candidate_total=9; target_total=9; blocking_reason=gap or overlap""]","[""A""]",A,"[6,3]",9,9,gap or overlap
combination_1307_open_q1,combination_1307.png,"[""candidate=D; piece_counts=[4, 6]; candidate_total=10; target_total=10; blocking_reason=gap or overlap""]","[""D""]",D,"[4,6]",10,10,gap or overlap
combination_1308_open_q1,combination_1308.png,"[""candidate=C; piece_counts=[4, 2]; candidate_total=6; target_total=7; blocking_reason=wrong cell count""]","[""C""]",C,"[4,2]",6,7,wrong cell count
combination_1309_open_q1,combination_1309.png,"[""candidate=D; piece_counts=[6, 2]; candidate_total=8; target_total=8; blocking_reason=requires a reflection""]","[""D""]",D,"[6,2]",8,8,requires a reflection
combination_1310_open_q1,combination_1310.png,"[""candidate=D; piece_counts=[3, 4, 3]; candidate_total=10; target_total=10; blocking_reason=gap or overlap""]","[""D""]",D,"[3,4,3]",10,10,gap or overlap
combination_1311_open_q1,combination_1311.png,"[""candidate=D; piece_counts=[4, 4]; candidate_total=8; target_total=8; blocking_reason=gap or overlap""]","[""D""]",D,"[4,4]",8,8,gap or overlap
combination_1312_open_q1,combination_1312.png,"[""candidate=A; piece_counts=[9, 1]; candidate_total=10; target_total=10; blocking_reason=requires a reflection""]","[""A""]",A,"[9,1]",10,10,requires a reflection
combination_1313_open_q1,combination_1313.png,"[""candidate=B; piece_counts=[1, 4, 1]; candidate_total=6; target_total=7; blocking_reason=wrong cell count""]","[""B""]",B,"[1,4,1]",6,7,wrong cell count
combination_1314_open_q1,combination_1314.png,"[""candidate=A; piece_counts=[7, 2]; candidate_total=9; target_total=9; blocking_reason=gap or overlap""]","[""A""]",A,"[7,2]",9,9,gap or overlap
combination_1315_open_q1,combination_1315.png,"[""candidate=D; piece_counts=[1, 6, 1]; candidate_total=8; target_total=9; blocking_reason=wrong cell count""]","[""D""]",D,"[1,6,1]",8,9,wrong cell count
combination_1316_open_q1,combination_1316.png,"[""candidate=A; piece_counts=[1, 1, 3]; candidate_total=5; target_total=6; blocking_reason=wrong cell count""]","[""A""]",A,"[1,1,3]",5,6,wrong cell count
combination_1317_open_q1,combination_1317.png,"[""candidate=B; piece_counts=[3, 1, 3]; candidate_total=7; target_total=8; blocking_reason=wrong cell count""]","[""B""]",B,"[3,1,3]",7,8,wrong cell count
combination_1318_open_q1,combination_1318.png,"[""candidate=D; piece_counts=[6, 3]; candidate_total=9; target_total=9; blocking_reason=requires a reflection""]","[""D""]",D,"[6,3]",9,9,requires a reflection
combination_1319_open_q1,combination_1319.png,"[""candidate=A; piece_counts=[3, 6]; candidate_total=9; target_total=9; blocking_reason=requires a reflection""]","[""A""]",A,"[3,6]",9,9,requires a reflection
combination_1320_open_q1,combination_1320.png,"[""candidate=C; piece_counts=[9, 1]; candidate_total=10; target_total=10; blocking_reason=requires a reflection""]","[""C""]",C,"[9,1]",10,10,requires a reflection
combination_1321_open_q1,combination_1321.png,"[""candidate=B; piece_counts=[5, 1, 1]; candidate_total=7; target_total=7; blocking_reason=requires a reflection""]","[""B""]",B,"[5,1,1]",7,7,requires a reflection
combination_1322_open_q1,combination_1322.png,"[""candidate=D; piece_counts=[4, 1, 3]; candidate_total=8; target_total=8; blocking_reason=requires a reflection""]","[""D""]",D,"[4,1,3]",8,8,requires a reflection
combination_1323_open_q1,combination_1323.png,"[""candidate=D; piece_counts=[4, 3]; candidate_total=7; target_total=8; blocking_reason=wrong cell count""]","[""D""]",D,"[4,3]",7,8,wrong cell count
combination_1324_open_q1,combination_1324.png,"[""candidate=B; piece_counts=[3, 6]; candidate_total=9; target_total=9; blocking_reason=gap or overlap""]","[""B""]",B,"[3,6]",9,9,gap or overlap
combination_1325_open_q1,combination_1325.png,"[""candidate=C; piece_counts=[1, 6]; candidate_total=7; target_total=7; blocking_reason=gap or overlap""]","[""C""]",C,"[1,6]",7,7,gap or overlap
combination_1326_open_q1,combination_1326.png,"[""candidate=A; piece_counts=[3, 2]; candidate_total=5; target_total=6; blocking_reason=wrong cell count""]","[""A""]",A,"[3,2]",5,6,wrong cell count
combination_1327_open_q1,combination_1327.png,"[""candidate=B; piece_counts=[8, 1]; candidate_total=9; target_total=10; blocking_reason=wrong cell count""]","[""B""]",B,"[8,1]",9,10,wrong cell count
combination_1328_open_q1,combination_1328.png,"[""candidate=B; piece_counts=[9, 1]; candidate_total=10; target_total=10; blocking_reason=requires a reflection""]","[""B""]",B,"[9,1]",10,10,requires a reflection
combination_1329_open_q1,combination_1329.png,"[""candidate=C; piece_counts=[3, 4]; candidate_total=7; target_total=7; blocking_reason=gap or overlap""]","[""C""]",C,"[3,4]",7,7,gap or overlap
combination_1330_open_q1,combination_1330.png,"[""candidate=C; piece_counts=[4, 3]; candidate_total=7; target_total=7; blocking_reason=requires a reflection""]","[""C""]",C,"[4,3]",7,7,requires a reflection
combination_1331_open_q1,combination_1331.png,"[""candidate=A; piece_counts=[5, 4]; candidate_total=9; target_total=9; blocking_reason=requires a reflection""]","[""A""]",A,"[5,4]",9,9,requires a reflection
combination_1332_open_q1,combination_1332.png,"[""candidate=C; piece_counts=[2, 4]; candidate_total=6; target_total=7; blocking_reason=wrong cell count""]","[""C""]",C,"[2,4]",6,7,wrong cell count
combination_1333_open_q1,combination_1333.png,"[""candidate=B; piece_counts=[4, 1]; candidate_total=5; target_total=6; blocking_reason=wrong cell count""]","[""B""]",B,"[4,1]",5,6,wrong cell count
combination_1334_open_q1,combination_1334.png,"[""candidate=D; piece_counts=[5, 1]; candidate_total=6; target_total=6; blocking_reason=gap or overlap""]","[""D""]",D,"[5,1]",6,6,gap or overlap
combination_1335_open_q1,combination_1335.png,"[""candidate=B; piece_counts=[1, 4, 1, 4]; candidate_total=10; target_total=10; blocking_reason=gap or overlap""]","[""B""]",B,"[1,4,1,4]",10,10,gap or overlap
combination_1336_open_q1,combination_1336.png,"[""candidate=A; piece_counts=[1, 3, 3]; candidate_total=7; target_total=8; blocking_reason=wrong cell count""]","[""A""]",A,"[1,3,3]",7,8,wrong cell count
combination_1337_open_q1,combination_1337.png,"[""candidate=D; piece_counts=[5, 1, 1, 1]; candidate_total=8; target_total=8; blocking_reason=requires a reflection""]","[""D""]",D,"[5,1,1,1]",8,8,requires a reflection
combination_1338_open_q1,combination_1338.png,"[""candidate=A; piece_counts=[4, 1, 3]; candidate_total=8; target_total=8; blocking_reason=requires a reflection""]","[""A""]",A,"[4,1,3]",8,8,requires a reflection
combination_1339_open_q1,combination_1339.png,"[""candidate=A; piece_counts=[4, 3]; candidate_total=7; target_total=8; blocking_reason=wrong cell count""]","[""A""]",A,"[4,3]",7,8,wrong cell count
combination_1340_open_q1,combination_1340.png,"[""candidate=C; piece_counts=[5, 1]; candidate_total=6; target_total=7; blocking_reason=wrong cell count""]","[""C""]",C,"[5,1]",6,7,wrong cell count
combination_1341_open_q1,combination_1341.png,"[""candidate=C; piece_counts=[2, 6, 2]; candidate_total=10; target_total=10; blocking_reason=requires a reflection""]","[""C""]",C,"[2,6,2]",10,10,requires a reflection
combination_1342_open_q1,combination_1342.png,"[""candidate=D; piece_counts=[3, 5, 2]; candidate_total=10; target_total=10; blocking_reason=gap or overlap""]","[""D""]",D,"[3,5,2]",10,10,gap or overlap
combination_1343_open_q1,combination_1343.png,"[""candidate=A; piece_counts=[5, 1]; candidate_total=6; target_total=7; blocking_reason=wrong cell count""]","[""A""]",A,"[5,1]",6,7,wrong cell count
combination_1344_open_q1,combination_1344.png,"[""candidate=C; piece_counts=[7, 2]; candidate_total=9; target_total=9; blocking_reason=requires a reflection""]","[""C""]",C,"[7,2]",9,9,requires a reflection
combination_1345_open_q1,combination_1345.png,"[""candidate=B; piece_counts=[7, 1]; candidate_total=8; target_total=9; blocking_reason=wrong cell count""]","[""B""]",B,"[7,1]",8,9,wrong cell count
combination_1346_open_q1,combination_1346.png,"[""candidate=C; piece_counts=[6, 1]; candidate_total=7; target_total=7; blocking_reason=requires a reflection""]","[""C""]",C,"[6,1]",7,7,requires a reflection
combination_1347_open_q1,combination_1347.png,"[""candidate=D; piece_counts=[6, 3, 1]; candidate_total=10; target_total=10; blocking_reason=gap or overlap""]","[""D""]",D,"[6,3,1]",10,10,gap or overlap
combination_1348_open_q1,combination_1348.png,"[""candidate=B; piece_counts=[3, 3]; candidate_total=6; target_total=7; blocking_reason=wrong cell count""]","[""B""]",B,"[3,3]",6,7,wrong cell count
combination_1349_open_q1,combination_1349.png,"[""candidate=D; piece_counts=[2, 8]; candidate_total=10; target_total=10; blocking_reason=requires a reflection""]","[""D""]",D,"[2,8]",10,10,requires a reflection
combination_1350_open_q1,combination_1350.png,"[""candidate=D; piece_counts=[3, 3]; candidate_total=6; target_total=6; blocking_reason=gap or overlap""]","[""D""]",D,"[3,3]",6,6,gap or overlap
combination_1351_open_q1,combination_1351.png,"[""candidate=B; piece_counts=[1, 3, 1]; candidate_total=5; target_total=6; blocking_reason=wrong cell count""]","[""B""]",B,"[1,3,1]",5,6,wrong cell count
combination_1352_open_q1,combination_1352.png,"[""candidate=C; piece_counts=[5, 1]; candidate_total=6; target_total=6; blocking_reason=requires a reflection""]","[""C""]",C,"[5,1]",6,6,requires a reflection
combination_1353_open_q1,combination_1353.png,"[""candidate=D; piece_counts=[8, 1]; candidate_total=9; target_total=9; blocking_reason=requires a reflection""]","[""D""]",D,"[8,1]",9,9,requires a reflection
combination_1354_open_q1,combination_1354.png,"[""candidate=C; piece_counts=[5, 1, 1]; candidate_total=7; target_total=7; blocking_reason=requires a reflection""]","[""C""]",C,"[5,1,1]",7,7,requires a reflection
combination_1355_open_q1,combination_1355.png,"[""candidate=D; piece_counts=[5, 1]; candidate_total=6; target_total=7; blocking_reason=wrong cell count""]","[""D""]",D,"[5,1]",6,7,wrong cell count
combination_1356_open_q1,combination_1356.png,"[""candidate=B; piece_counts=[5, 1]; candidate_total=6; target_total=6; blocking_reason=requires a reflection""]","[""B""]",B,"[5,1]",6,6,requires a reflection
combination_1357_open_q1,combination_1357.png,"[""candidate=C; piece_counts=[4, 5]; candidate_total=9; target_total=9; blocking_reason=gap or overlap""]","[""C""]",C,"[4,5]",9,9,gap or overlap
combination_1358_open_q1,combination_1358.png,"[""candidate=D; piece_counts=[5, 1]; candidate_total=6; target_total=6; blocking_reason=requires a reflection""]","[""D""]",D,"[5,1]",6,6,requires a reflection
combination_1359_open_q1,combination_1359.png,"[""candidate=B; piece_counts=[5, 1]; candidate_total=6; target_total=6; blocking_reason=requires a reflection""]","[""B""]",B,"[5,1]",6,6,requires a reflection
combination_1360_open_q1,combination_1360.png,"[""candidate=B; piece_counts=[3, 6]; candidate_total=9; target_total=9; blocking_reason=gap or overlap""]","[""B""]",B,"[3,6]",9,9,gap or overlap
combination_1361_open_q1,combination_1361.png,"[""candidate=D; piece_counts=[2, 5, 1]; candidate_total=8; target_total=8; blocking_reason=requires a reflection""]","[""D""]",D,"[2,5,1]",8,8,requires a reflection
combination_1362_open_q1,combination_1362.png,"[""candidate=C; piece_counts=[6, 3]; candidate_total=9; target_total=10; blocking_reason=wrong cell count""]","[""C""]",C,"[6,3]",9,10,wrong cell count
combination_1363_open_q1,combination_1363.png,"[""candidate=B; piece_counts=[5, 1]; candidate_total=6; target_total=6; blocking_reason=requires a reflection""]","[""B""]",B,"[5,1]",6,6,requires a reflection
combination_1364_open_q1,combination_1364.png,"[""candidate=C; piece_counts=[2, 5]; candidate_total=7; target_total=7; blocking_reason=gap or overlap""]","[""C""]",C,"[2,5]",7,7,gap or overlap
combination_1365_open_q1,combination_1365.png,"[""candidate=C; piece_counts=[7, 1, 1]; candidate_total=9; target_total=9; blocking_reason=requires a reflection""]","[""C""]",C,"[7,1,1]",9,9,requires a reflection
combination_1366_open_q1,combination_1366.png,"[""candidate=A; piece_counts=[6, 4]; candidate_total=10; target_total=10; blocking_reason=gap or overlap""]","[""A""]",A,"[6,4]",10,10,gap or overlap
combination_1367_open_q1,combination_1367.png,"[""candidate=A; piece_counts=[5, 1]; candidate_total=6; target_total=6; blocking_reason=requires a reflection""]","[""A""]",A,"[5,1]",6,6,requires a reflection
combination_1368_open_q1,combination_1368.png,"[""candidate=C; piece_counts=[2, 6, 2]; candidate_total=10; target_total=10; blocking_reason=requires a reflection""]","[""C""]",C,"[2,6,2]",10,10,requires a reflection
combination_1369_open_q1,combination_1369.png,"[""candidate=D; piece_counts=[4, 4]; candidate_total=8; target_total=8; blocking_reason=requires a reflection""]","[""D""]",D,"[4,4]",8,8,requires a reflection
combination_1370_open_q1,combination_1370.png,"[""candidate=C; piece_counts=[5, 2]; candidate_total=7; target_total=8; blocking_reason=wrong cell count""]","[""C""]",C,"[5,2]",7,8,wrong cell count
combination_1371_open_q1,combination_1371.png,"[""candidate=A; piece_counts=[6, 1, 1]; candidate_total=8; target_total=8; blocking_reason=gap or overlap""]","[""A""]",A,"[6,1,1]",8,8,gap or overlap
combination_1372_open_q1,combination_1372.png,"[""candidate=B; piece_counts=[5, 2]; candidate_total=7; target_total=8; blocking_reason=wrong cell count""]","[""B""]",B,"[5,2]",7,8,wrong cell count
combination_1373_open_q1,combination_1373.png,"[""candidate=C; piece_counts=[6, 1]; candidate_total=7; target_total=7; blocking_reason=gap or overlap""]","[""C""]",C,"[6,1]",7,7,gap or overlap
combination_1374_open_q1,combination_1374.png,"[""candidate=C; piece_counts=[5, 3, 1]; candidate_total=9; target_total=9; blocking_reason=gap or overlap""]","[""C""]",C,"[5,3,1]",9,9,gap or overlap
combination_1375_open_q1,combination_1375.png,"[""candidate=D; piece_counts=[4, 1, 1]; candidate_total=6; target_total=6; blocking_reason=requires a reflection""]","[""D""]",D,"[4,1,1]",6,6,requires a reflection
combination_1376_open_q1,combination_1376.png,"[""candidate=B; piece_counts=[6, 1]; candidate_total=7; target_total=8; blocking_reason=wrong cell count""]","[""B""]",B,"[6,1]",7,8,wrong cell count
combination_1377_open_q1,combination_1377.png,"[""candidate=C; piece_counts=[3, 3]; candidate_total=6; target_total=6; blocking_reason=gap or overlap""]","[""C""]",C,"[3,3]",6,6,gap or overlap
combination_1378_open_q1,combination_1378.png,"[""candidate=A; piece_counts=[2, 7]; candidate_total=9; target_total=9; blocking_reason=gap or overlap""]","[""A""]",A,"[2,7]",9,9,gap or overlap
combination_1379_open_q1,combination_1379.png,"[""candidate=A; piece_counts=[6, 1]; candidate_total=7; target_total=8; blocking_reason=wrong cell count""]","[""A""]",A,"[6,1]",7,8,wrong cell count
combination_1380_open_q1,combination_1380.png,"[""candidate=C; piece_counts=[6, 2, 1, 1]; candidate_total=10; target_total=10; blocking_reason=requires a reflection""]","[""C""]",C,"[6,2,1,1]",10,10,requires a reflection
combination_1381_open_q1,combination_1381.png,"[""candidate=D; piece_counts=[4, 1]; candidate_total=5; target_total=6; blocking_reason=wrong cell count""]","[""D""]",D,"[4,1]",5,6,wrong cell count
combination_1382_open_q1,combination_1382.png,"[""candidate=A; piece_counts=[5, 2]; candidate_total=7; target_total=7; blocking_reason=requires a reflection""]","[""A""]",A,"[5,2]",7,7,requires a reflection
combination_1383_open_q1,combination_1383.png,"[""candidate=D; piece_counts=[3, 5]; candidate_total=8; target_total=8; blocking_reason=requires a reflection""]","[""D""]",D,"[3,5]",8,8,requires a reflection
combination_1384_open_q1,combination_1384.png,"[""candidate=C; piece_counts=[8, 1]; candidate_total=9; target_total=9; blocking_reason=gap or overlap""]","[""C""]",C,"[8,1]",9,9,gap or overlap
combination_1385_open_q1,combination_1385.png,"[""candidate=C; piece_counts=[1, 6]; candidate_total=7; target_total=7; blocking_reason=requires a reflection""]","[""C""]",C,"[1,6]",7,7,requires a reflection
combination_1386_open_q1,combination_1386.png,"[""candidate=D; piece_counts=[7, 1]; candidate_total=8; target_total=8; blocking_reason=requires a reflection""]","[""D""]",D,"[7,1]",8,8,requires a reflection
combination_1387_open_q1,combination_1387.png,"[""candidate=D; piece_counts=[5, 2, 2]; candidate_total=9; target_total=10; blocking_reason=wrong cell count""]","[""D""]",D,"[5,2,2]",9,10,wrong cell count
combination_1388_open_q1,combination_1388.png,"[""candidate=B; piece_counts=[5, 1]; candidate_total=6; target_total=7; blocking_reason=wrong cell count""]","[""B""]",B,"[5,1]",6,7,wrong cell count
combination_1389_open_q1,combination_1389.png,"[""candidate=C; piece_counts=[1, 9]; candidate_total=10; target_total=10; blocking_reason=gap or overlap""]","[""C""]",C,"[1,9]",10,10,gap or overlap
combination_1390_open_q1,combination_1390.png,"[""candidate=C; piece_counts=[4, 2]; candidate_total=6; target_total=6; blocking_reason=gap or overlap""]","[""C""]",C,"[4,2]",6,6,gap or overlap
combination_1391_open_q1,combination_1391.png,"[""candidate=B; piece_counts=[4, 1, 5]; candidate_total=10; target_total=10; blocking_reason=gap or overlap""]","[""B""]",B,"[4,1,5]",10,10,gap or overlap
combination_1392_open_q1,combination_1392.png,"[""candidate=B; piece_counts=[3, 3]; candidate_total=6; target_total=6; blocking_reason=gap or overlap""]","[""B""]",B,"[3,3]",6,6,gap or overlap
combination_1393_open_q1,combination_1393.png,"[""candidate=B; piece_counts=[5, 3]; candidate_total=8; target_total=8; blocking_reason=requires a reflection""]","[""B""]",B,"[5,3]",8,8,requires a reflection
combination_1394_open_q1,combination_1394.png,"[""candidate=A; piece_counts=[2, 7]; candidate_total=9; target_total=9; blocking_reason=requires a reflection""]","[""A""]",A,"[2,7]",9,9,requires a reflection
combination_1395_open_q1,combination_1395.png,"[""candidate=A; piece_counts=[6, 1, 1]; candidate_total=8; target_total=8; blocking_reason=requires a reflection""]","[""A""]",A,"[6,1,1]",8,8,requires a reflection
combination_1396_open_q1,combination_1396.png,"[""candidate=B; piece_counts=[5, 1, 1]; candidate_total=7; target_total=7; blocking_reason=requires a reflection""]","[""B""]",B,"[5,1,1]",7,7,requires a reflection
combination_1397_open_q1,combination_1397.png,"[""candidate=B; piece_counts=[1, 5, 1]; candidate_total=7; target_total=7; blocking_reason=gap or overlap""]","[""B""]",B,"[1,5,1]",7,7,gap or overlap
combination_1398_open_q1,combination_1398.png,"[""candidate=D; piece_counts=[6, 1]; candidate_total=7; target_total=8; blocking_reason=wrong cell count""]","[""D""]",D,"[6,1]",7,8,wrong cell count
combination_1399_open_q1,combination_1399.png,"[""candidate=D; piece_counts=[1, 8]; candidate_total=9; target_total=9; blocking_reason=gap or overlap""]","[""D""]",D,"[1,8]",9,9,gap or overlap
combination_1400_open_q1,combination_1400.png,"[""candidate=C; piece_counts=[5, 5]; candidate_total=10; target_total=10; blocking_reason=gap or overlap""]","[""C""]",C,"[5,5]",10,10,gap or overlap
combination_1401_open_q1,combination_1401.png,"[""candidate=C; piece_counts=[2, 4]; candidate_total=6; target_total=6; blocking_reason=gap or overlap""]","[""C""]",C,"[2,4]",6,6,gap or overlap
combination_1402_open_q1,combination_1402.png,"[""candidate=A; piece_counts=[4, 2]; candidate_total=6; target_total=6; blocking_reason=gap or overlap""]","[""A""]",A,"[4,2]",6,6,gap or overlap
combination_1403_open_q1,combination_1403.png,"[""candidate=B; piece_counts=[4, 1, 1]; candidate_total=6; target_total=7; blocking_reason=wrong cell count""]","[""B""]",B,"[4,1,1]",6,7,wrong cell count
combination_1404_open_q1,combination_1404.png,"[""candidate=A; piece_counts=[6, 1]; candidate_total=7; target_total=7; blocking_reason=requires a reflection""]","[""A""]",A,"[6,1]",7,7,requires a reflection
combination_1405_open_q1,combination_1405.png,"[""candidate=B; piece_counts=[1, 8, 1]; candidate_total=10; target_total=10; blocking_reason=requires a reflection""]","[""B""]",B,"[1,8,1]",10,10,requires a reflection
combination_1406_open_q1,combination_1406.png,"[""candidate=D; piece_counts=[6, 2]; candidate_total=8; target_total=9; blocking_reason=wrong cell count""]","[""D""]",D,"[6,2]",8,9,wrong cell count
combination_1407_open_q1,combination_1407.png,"[""candidate=B; piece_counts=[6, 3]; candidate_total=9; target_total=9; blocking_reason=gap or overlap""]","[""B""]",B,"[6,3]",9,9,gap or overlap
combination_1408_open_q1,combination_1408.png,"[""candidate=A; piece_counts=[2, 3]; candidate_total=5; target_total=6; blocking_reason=wrong cell count""]","[""A""]",A,"[2,3]",5,6,wrong cell count
combination_1409_open_q1,combination_1409.png,"[""candidate=D; piece_counts=[5, 1]; candidate_total=6; target_total=6; blocking_reason=gap or overlap""]","[""D""]",D,"[5,1]",6,6,gap or overlap
combination_1410_open_q1,combination_1410.png,"[""candidate=C; piece_counts=[4, 1, 1, 2]; candidate_total=8; target_total=9; blocking_reason=wrong cell count""]","[""C""]",C,"[4,1,1,2]",8,9,wrong cell count
combination_1411_open_q1,combination_1411.png,"[""candidate=D; piece_counts=[4, 2]; candidate_total=6; target_total=6; blocking_reason=gap or overlap""]","[""D""]",D,"[4,2]",6,6,gap or overlap
combination_1412_open_q1,combination_1412.png,"[""candidate=B; piece_counts=[1, 6, 1]; candidate_total=8; target_total=8; blocking_reason=requires a reflection""]","[""B""]",B,"[1,6,1]",8,8,requires a reflection
combination_1413_open_q1,combination_1413.png,"[""candidate=D; piece_counts=[4, 2]; candidate_total=6; target_total=6; blocking_reason=requires a reflection""]","[""D""]",D,"[4,2]",6,6,requires a reflection
combination_1414_open_q1,combination_1414.png,"[""candidate=D; piece_counts=[6, 1]; candidate_total=7; target_total=7; blocking_reason=requires a reflection""]","[""D""]",D,"[6,1]",7,7,requires a reflection
combination_1415_open_q1,combination_1415.png,"[""candidate=D; piece_counts=[2, 7]; candidate_total=9; target_total=9; blocking_reason=requires a reflection""]","[""D""]",D,"[2,7]",9,9,requires a reflection
combination_1416_open_q1,combination_1416.png,"[""candidate=A; piece_counts=[7, 1]; candidate_total=8; target_total=9; blocking_reason=wrong cell count""]","[""A""]",A,"[7,1]",8,9,wrong cell count
combination_1417_open_q1,combination_1417.png,"[""candidate=B; piece_counts=[3, 1, 1]; candidate_total=5; target_total=6; blocking_reason=wrong cell count""]","[""B""]",B,"[3,1,1]",5,6,wrong cell count
combination_1418_open_q1,combination_1418.png,"[""candidate=C; piece_counts=[6, 1]; candidate_total=7; target_total=8; blocking_reason=wrong cell count""]","[""C""]",C,"[6,1]",7,8,wrong cell count
combination_1419_open_q1,combination_1419.png,"[""candidate=D; piece_counts=[1, 4]; candidate_total=5; target_total=6; blocking_reason=wrong cell count""]","[""D""]",D,"[1,4]",5,6,wrong cell count
combination_1420_open_q1,combination_1420.png,"[""candidate=B; piece_counts=[2, 5]; candidate_total=7; target_total=8; blocking_reason=wrong cell count""]","[""B""]",B,"[2,5]",7,8,wrong cell count
combination_1421_open_q1,combination_1421.png,"[""candidate=B; piece_counts=[4, 3]; candidate_total=7; target_total=7; blocking_reason=gap or overlap""]","[""B""]",B,"[4,3]",7,7,gap or overlap
combination_1422_open_q1,combination_1422.png,"[""candidate=D; piece_counts=[2, 7]; candidate_total=9; target_total=9; blocking_reason=gap or overlap""]","[""D""]",D,"[2,7]",9,9,gap or overlap
combination_1423_open_q1,combination_1423.png,"[""candidate=B; piece_counts=[4, 1]; candidate_total=5; target_total=6; blocking_reason=wrong cell count""]","[""B""]",B,"[4,1]",5,6,wrong cell count
combination_1424_open_q1,combination_1424.png,"[""candidate=B; piece_counts=[9, 1]; candidate_total=10; target_total=10; blocking_reason=requires a reflection""]","[""B""]",B,"[9,1]",10,10,requires a reflection
combination_1425_open_q1,combination_1425.png,"[""candidate=C; piece_counts=[8, 1]; candidate_total=9; target_total=9; blocking_reason=gap or overlap""]","[""C""]",C,"[8,1]",9,9,gap or overlap
combination_1426_open_q1,combination_1426.png,"[""candidate=C; piece_counts=[6, 3]; candidate_total=9; target_total=10; blocking_reason=wrong cell count""]","[""C""]",C,"[6,3]",9,10,wrong cell count
combination_1427_open_q1,combination_1427.png,"[""candidate=D; piece_counts=[3, 4]; candidate_total=7; target_total=7; blocking_reason=requires a reflection""]","[""D""]",D,"[3,4]",7,7,requires a reflection
combination_1428_open_q1,combination_1428.png,"[""candidate=C; piece_counts=[3, 4]; candidate_total=7; target_total=7; blocking_reason=gap or overlap""]","[""C""]",C,"[3,4]",7,7,gap or overlap
combination_1429_open_q1,combination_1429.png,"[""candidate=C; piece_counts=[6, 1]; candidate_total=7; target_total=7; blocking_reason=requires a reflection""]","[""C""]",C,"[6,1]",7,7,requires a reflection
combination_1430_open_q1,combination_1430.png,"[""candidate=A; piece_counts=[1, 9]; candidate_total=10; target_total=10; blocking_reason=requires a reflection""]","[""A""]",A,"[1,9]",10,10,requires a reflection
combination_1431_open_q1,combination_1431.png,"[""candidate=A; piece_counts=[6, 1, 1]; candidate_total=8; target_total=8; blocking_reason=requires a reflection""]","[""A""]",A,"[6,1,1]",8,8,requires a reflection
combination_1432_open_q1,combination_1432.png,"[""candidate=B; piece_counts=[5, 2, 1]; candidate_total=8; target_total=8; blocking_reason=requires a reflection""]","[""B""]",B,"[5,2,1]",8,8,requires a reflection
combination_1433_open_q1,combination_1433.png,"[""candidate=C; piece_counts=[4, 4]; candidate_total=8; target_total=8; blocking_reason=requires a reflection""]","[""C""]",C,"[4,4]",8,8,requires a reflection
combination_1434_open_q1,combination_1434.png,"[""candidate=A; piece_counts=[6, 1]; candidate_total=7; target_total=7; blocking_reason=requires a reflection""]","[""A""]",A,"[6,1]",7,7,requires a reflection
combination_1435_open_q1,combination_1435.png,"[""candidate=D; piece_counts=[6, 1]; candidate_total=7; target_total=8; blocking_reason=wrong cell count""]","[""D""]",D,"[6,1]",7,8,wrong cell count
combination_1436_open_q1,combination_1436.png,"[""candidate=C; piece_counts=[9, 1]; candidate_total=10; target_total=10; blocking_reason=requires a reflection""]","[""C""]",C,"[9,1]",10,10,requires a reflection
combination_1437_open_q1,combination_1437.png,"[""candidate=D; piece_counts=[2, 8]; candidate_total=10; target_total=10; blocking_reason=gap or overlap""]","[""D""]",D,"[2,8]",10,10,gap or overlap
combination_1438_open_q1,combination_1438.png,"[""candidate=D; piece_counts=[7, 2]; candidate_total=9; target_total=9; blocking_reason=requires a reflection""]","[""D""]",D,"[7,2]",9,9,requires a reflection
combination_1439_open_q1,combination_1439.png,"[""candidate=A; piece_counts=[3, 3]; candidate_total=6; target_total=7; blocking_reason=wrong cell count""]","[""A""]",A,"[3,3]",6,7,wrong cell count
combination_1440_open_q1,combination_1440.png,"[""candidate=A; piece_counts=[1, 7, 1]; candidate_total=9; target_total=10; blocking_reason=wrong cell count""]","[""A""]",A,"[1,7,1]",9,10,wrong cell count
combination_1441_open_q1,combination_1441.png,"[""candidate=B; piece_counts=[7, 1]; candidate_total=8; target_total=9; blocking_reason=wrong cell count""]","[""B""]",B,"[7,1]",8,9,wrong cell count
combination_1442_open_q1,combination_1442.png,"[""candidate=D; piece_counts=[4, 4, 1, 1]; candidate_total=10; target_total=10; blocking_reason=requires a reflection""]","[""D""]",D,"[4,4,1,1]",10,10,requires a reflection
combination_1443_open_q1,combination_1443.png,"[""candidate=B; piece_counts=[4, 1, 1]; candidate_total=6; target_total=7; blocking_reason=wrong cell count""]","[""B""]",B,"[4,1,1]",6,7,wrong cell count
combination_1444_open_q1,combination_1444.png,"[""candidate=C; piece_counts=[8, 1]; candidate_total=9; target_total=9; blocking_reason=requires a reflection""]","[""C""]",C,"[8,1]",9,9,requires a reflection
combination_1445_open_q1,combination_1445.png,"[""candidate=B; piece_counts=[5, 1]; candidate_total=6; target_total=6; blocking_reason=requires a reflection""]","[""B""]",B,"[5,1]",6,6,requires a reflection
combination_1446_open_q1,combination_1446.png,"[""candidate=D; piece_counts=[5, 3, 2]; candidate_total=10; target_total=10; blocking_reason=requires a reflection""]","[""D""]",D,"[5,3,2]",10,10,requires a reflection
combination_1447_open_q1,combination_1447.png,"[""candidate=D; piece_counts=[6, 3]; candidate_total=9; target_total=9; blocking_reason=gap or overlap""]","[""D""]",D,"[6,3]",9,9,gap or overlap
combination_1448_open_q1,combination_1448.png,"[""candidate=A; piece_counts=[5, 2]; candidate_total=7; target_total=7; blocking_reason=requires a reflection""]","[""A""]",A,"[5,2]",7,7,requires a reflection
combination_1449_open_q1,combination_1449.png,"[""candidate=C; piece_counts=[5, 1]; candidate_total=6; target_total=6; blocking_reason=requires a reflection""]","[""C""]",C,"[5,1]",6,6,requires a reflection
combination_1450_open_q1,combination_1450.png,"[""candidate=A; piece_counts=[4, 2]; candidate_total=6; target_total=7; blocking_reason=wrong cell count""]","[""A""]",A,"[4,2]",6,7,wrong cell count
combination_1451_open_q1,combination_1451.png,"[""candidate=A; piece_counts=[3, 3]; candidate_total=6; target_total=7; blocking_reason=wrong cell count""]","[""A""]",A,"[3,3]",6,7,wrong cell count
combination_1452_open_q1,combination_1452.png,"[""candidate=B; piece_counts=[4, 1, 2]; candidate_total=7; target_total=7; blocking_reason=requires a reflection""]","[""B""]",B,"[4,1,2]",7,7,requires a reflection
combination_1453_open_q1,combination_1453.png,"[""candidate=B; piece_counts=[5, 4]; candidate_total=9; target_total=9; blocking_reason=requires a reflection""]","[""B""]",B,"[5,4]",9,9,requires a reflection
combination_1454_open_q1,combination_1454.png,"[""candidate=D; piece_counts=[5, 5]; candidate_total=10; target_total=10; blocking_reason=gap or overlap""]","[""D""]",D,"[5,5]",10,10,gap or overlap
combination_1455_open_q1,combination_1455.png,"[""candidate=B; piece_counts=[5, 1]; candidate_total=6; target_total=6; blocking_reason=gap or overlap""]","[""B""]",B,"[5,1]",6,6,gap or overlap
combination_1456_open_q1,combination_1456.png,"[""candidate=B; piece_counts=[2, 2, 2]; candidate_total=6; target_total=6; blocking_reason=gap or overlap""]","[""B""]",B,"[2,2,2]",6,6,gap or overlap
combination_1457_open_q1,combination_1457.png,"[""candidate=C; piece_counts=[4, 4, 1]; candidate_total=9; target_total=10; blocking_reason=wrong cell count""]","[""C""]",C,"[4,4,1]",9,10,wrong cell count
combination_1458_open_q1,combination_1458.png,"[""candidate=C; piece_counts=[6, 1, 1]; candidate_total=8; target_total=9; blocking_reason=wrong cell count""]","[""C""]",C,"[6,1,1]",8,9,wrong cell count
combination_1459_open_q1,combination_1459.png,"[""candidate=D; piece_counts=[3, 3, 3]; candidate_total=9; target_total=9; blocking_reason=gap or overlap""]","[""D""]",D,"[3,3,3]",9,9,gap or overlap
combination_1460_open_q1,combination_1460.png,"[""candidate=A; piece_counts=[1, 1, 6]; candidate_total=8; target_total=8; blocking_reason=gap or overlap""]","[""A""]",A,"[1,1,6]",8,8,gap or overlap
combination_1461_open_q1,combination_1461.png,"[""candidate=C; piece_counts=[4, 1, 1]; candidate_total=6; target_total=6; blocking_reason=requires a reflection""]","[""C""]",C,"[4,1,1]",6,6,requires a reflection
combination_1462_open_q1,combination_1462.png,"[""candidate=C; piece_counts=[2, 2, 2]; candidate_total=6; target_total=6; blocking_reason=gap or overlap""]","[""C""]",C,"[2,2,2]",6,6,gap or overlap
combination_1463_open_q1,combination_1463.png,"[""candidate=D; piece_counts=[2, 4]; candidate_total=6; target_total=7; blocking_reason=wrong cell count""]","[""D""]",D,"[2,4]",6,7,wrong cell count
combination_1464_open_q1,combination_1464.png,"[""candidate=B; piece_counts=[8, 1]; candidate_total=9; target_total=9; blocking_reason=requires a reflection""]","[""B""]",B,"[8,1]",9,9,requires a reflection
combination_1465_open_q1,combination_1465.png,"[""candidate=C; piece_counts=[7, 2]; candidate_total=9; target_total=10; blocking_reason=wrong cell count""]","[""C""]",C,"[7,2]",9,10,wrong cell count
combination_1466_open_q1,combination_1466.png,"[""candidate=A; piece_counts=[5, 1, 1]; candidate_total=7; target_total=8; blocking_reason=wrong cell count""]","[""A""]",A,"[5,1,1]",7,8,wrong cell count
combination_1467_open_q1,combination_1467.png,"[""candidate=D; piece_counts=[4, 2, 2]; candidate_total=8; target_total=8; blocking_reason=gap or overlap""]","[""D""]",D,"[4,2,2]",8,8,gap or overlap
combination_1468_open_q1,combination_1468.png,"[""candidate=A; piece_counts=[1, 7]; candidate_total=8; target_total=8; blocking_reason=requires a reflection""]","[""A""]",A,"[1,7]",8,8,requires a reflection
combination_1469_open_q1,combination_1469.png,"[""candidate=C; piece_counts=[1, 6, 1, 1]; candidate_total=9; target_total=9; blocking_reason=requires a reflection""]","[""C""]",C,"[1,6,1,1]",9,9,requires a reflection
combination_1470_open_q1,combination_1470.png,"[""candidate=A; piece_counts=[6, 1]; candidate_total=7; target_total=7; blocking_reason=requires a reflection""]","[""A""]",A,"[6,1]",7,7,requires a reflection
combination_1471_open_q1,combination_1471.png,"[""candidate=A; piece_counts=[3, 4]; candidate_total=7; target_total=7; blocking_reason=gap or overlap""]","[""A""]",A,"[3,4]",7,7,gap or overlap
combination_1472_open_q1,combination_1472.png,"[""candidate=B; piece_counts=[7, 1, 1, 1]; candidate_total=10; target_total=10; blocking_reason=requires a reflection""]","[""B""]",B,"[7,1,1,1]",10,10,requires a reflection
combination_1473_open_q1,combination_1473.png,"[""candidate=C; piece_counts=[3, 7]; candidate_total=10; target_total=10; blocking_reason=gap or overlap""]","[""C""]",C,"[3,7]",10,10,gap or overlap
combination_1474_open_q1,combination_1474.png,"[""candidate=D; piece_counts=[6, 1, 1, 1]; candidate_total=9; target_total=10; blocking_reason=wrong cell count""]","[""D""]",D,"[6,1,1,1]",9,10,wrong cell count
combination_1475_open_q1,combination_1475.png,"[""candidate=A; piece_counts=[1, 1, 5]; candidate_total=7; target_total=7; blocking_reason=gap or overlap""]","[""A""]",A,"[1,1,5]",7,7,gap or overlap
combination_1476_open_q1,combination_1476.png,"[""candidate=B; piece_counts=[5, 1, 1]; candidate_total=7; target_total=7; blocking_reason=requires a reflection""]","[""B""]",B,"[5,1,1]",7,7,requires a reflection
combination_1477_open_q1,combination_1477.png,"[""candidate=D; piece_counts=[2, 2, 5]; candidate_total=9; target_total=9; blocking_reason=gap or overlap""]","[""D""]",D,"[2,2,5]",9,9,gap or overlap
combination_1478_open_q1,combination_1478.png,"[""candidate=D; piece_counts=[4, 3]; candidate_total=7; target_total=7; blocking_reason=gap or overlap""]","[""D""]",D,"[4,3]",7,7,gap or overlap
combination_1479_open_q1,combination_1479.png,"[""candidate=A; piece_counts=[3, 1, 6]; candidate_total=10; target_total=10; blocking_reason=gap or overlap""]","[""A""]",A,"[3,1,6]",10,10,gap or overlap
combination_1480_open_q1,combination_1480.png,"[""candidate=A; piece_counts=[2, 3]; candidate_total=5; target_total=6; blocking_reason=wrong cell count""]","[""A""]",A,"[2,3]",5,6,wrong cell count
combination_1481_open_q1,combination_1481.png,"[""candidate=D; piece_counts=[3, 3]; candidate_total=6; target_total=7; blocking_reason=wrong cell count""]","[""D""]",D,"[3,3]",6,7,wrong cell count
combination_1482_open_q1,combination_1482.png,"[""candidate=D; piece_counts=[4, 5]; candidate_total=9; target_total=9; blocking_reason=gap or overlap""]","[""D""]",D,"[4,5]",9,9,gap or overlap
combination_1483_open_q1,combination_1483.png,"[""candidate=B; piece_counts=[7, 2]; candidate_total=9; target_total=10; blocking_reason=wrong cell count""]","[""B""]",B,"[7,2]",9,10,wrong cell count
combination_1484_open_q1,combination_1484.png,"[""candidate=A; piece_counts=[2, 6]; candidate_total=8; target_total=8; blocking_reason=gap or overlap""]","[""A""]",A,"[2,6]",8,8,gap or overlap
combination_1485_open_q1,combination_1485.png,"[""candidate=B; piece_counts=[5, 4]; candidate_total=9; target_total=10; blocking_reason=wrong cell count""]","[""B""]",B,"[5,4]",9,10,wrong cell count
combination_1486_open_q1,combination_1486.png,"[""candidate=C; piece_counts=[3, 6]; candidate_total=9; target_total=9; blocking_reason=gap or overlap""]","[""C""]",C,"[3,6]",9,9,gap or overlap
combination_1487_open_q1,combination_1487.png,"[""candidate=B; piece_counts=[1, 1, 6, 1]; candidate_total=9; target_total=10; blocking_reason=wrong cell count""]","[""B""]",B,"[1,1,6,1]",9,10,wrong cell count
combination_1488_open_q1,combination_1488.png,"[""candidate=B; piece_counts=[5, 1, 1]; candidate_total=7; target_total=7; blocking_reason=gap or overlap""]","[""B""]",B,"[5,1,1]",7,7,gap or overlap
combination_1489_open_q1,combination_1489.png,"[""candidate=D; piece_counts=[4, 1]; candidate_total=5; target_total=6; blocking_reason=wrong cell count""]","[""D""]",D,"[4,1]",5,6,wrong cell count
combination_1490_open_q1,combination_1490.png,"[""candidate=A; piece_counts=[4, 1]; candidate_total=5; target_total=6; blocking_reason=wrong cell count""]","[""A""]",A,"[4,1]",5,6,wrong cell count
combination_1491_open_q1,combination_1491.png,"[""candidate=D; piece_counts=[7, 3]; candidate_total=10; target_total=10; blocking_reason=gap or overlap""]","[""D""]",D,"[7,3]",10,10,gap or overlap
combination_1492_open_q1,combination_1492.png,"[""candidate=C; piece_counts=[6, 2]; candidate_total=8; target_total=9; blocking_reason=wrong cell count""]","[""C""]",C,"[6,2]",8,9,wrong cell count
combination_1493_open_q1,combination_1493.png,"[""candidate=C; piece_counts=[8, 1]; candidate_total=9; target_total=9; blocking_reason=requires a reflection""]","[""C""]",C,"[8,1]",9,9,requires a reflection
combination_1494_open_q1,combination_1494.png,"[""candidate=D; piece_counts=[4, 3]; candidate_total=7; target_total=8; blocking_reason=wrong cell count""]","[""D""]",D,"[4,3]",7,8,wrong cell count
combination_1495_open_q1,combination_1495.png,"[""candidate=B; piece_counts=[5, 3, 1]; candidate_total=9; target_total=10; blocking_reason=wrong cell count""]","[""B""]",B,"[5,3,1]",9,10,wrong cell count
combination_1496_open_q1,combination_1496.png,"[""candidate=A; piece_counts=[7, 1, 1]; candidate_total=9; target_total=9; blocking_reason=requires a reflection""]","[""A""]",A,"[7,1,1]",9,9,requires a reflection
combination_1497_open_q1,combination_1497.png,"[""candidate=B; piece_counts=[4, 3]; candidate_total=7; target_total=8; blocking_reason=wrong cell count""]","[""B""]",B,"[4,3]",7,8,wrong cell count
combination_1498_open_q1,combination_1498.png,"[""candidate=C; piece_counts=[3, 1, 1]; candidate_total=5; target_total=6; blocking_reason=wrong cell count""]","[""C""]",C,"[3,1,1]",5,6,wrong cell count
combination_1499_open_q1,combination_1499.png,"[""candidate=D; piece_counts=[1, 5, 1]; candidate_total=7; target_total=7; blocking_reason=gap or overlap""]","[""D""]",D,"[1,5,1]",7,7,gap or overlap
combination_1500_open_q1,combination_1500.png,"[""candidate=A; piece_counts=[4, 2, 2]; candidate_total=8; target_total=9; blocking_reason=wrong cell count""]","[""A""]",A,"[4,2,2]",8,9,wrong cell count
combination_1501_open_q1,combination_1501.png,"[""candidate=C; piece_counts=[4, 5]; candidate_total=9; target_total=9; blocking_reason=requires a reflection""]","[""C""]",C,"[4,5]",9,9,requires a reflection
combination_1502_open_q1,combination_1502.png,"[""candidate=A; piece_counts=[9, 1]; candidate_total=10; target_total=10; blocking_reason=requires a reflection""]","[""A""]",A,"[9,1]",10,10,requires a reflection
combination_1503_open_q1,combination_1503.png,"[""candidate=B; piece_counts=[3, 4]; candidate_total=7; target_total=7; blocking_reason=gap or overlap""]","[""B""]",B,"[3,4]",7,7,gap or overlap
combination_1504_open_q1,combination_1504.png,"[""candidate=B; piece_counts=[9, 1]; candidate_total=10; target_total=10; blocking_reason=requires a reflection""]","[""B""]",B,"[9,1]",10,10,requires a reflection
combination_1505_open_q1,combination_1505.png,"[""candidate=B; piece_counts=[4, 1]; candidate_total=5; target_total=6; blocking_reason=wrong cell count""]","[""B""]",B,"[4,1]",5,6,wrong cell count
combination_1506_open_q1,combination_1506.png,"[""candidate=D; piece_counts=[5, 1, 2, 1]; candidate_total=9; target_total=10; blocking_reason=wrong cell count""]","[""D""]",D,"[5,1,2,1]",9,10,wrong cell count
combination_1507_open_q1,combination_1507.png,"[""candidate=B; piece_counts=[4, 5]; candidate_total=9; target_total=9; blocking_reason=gap or overlap""]","[""B""]",B,"[4,5]",9,9,gap or overlap
combination_1508_open_q1,combination_1508.png,"[""candidate=A; piece_counts=[5, 4]; candidate_total=9; target_total=10; blocking_reason=wrong cell count""]","[""A""]",A,"[5,4]",9,10,wrong cell count
combination_1509_open_q1,combination_1509.png,"[""candidate=B; piece_counts=[5, 1]; candidate_total=6; target_total=7; blocking_reason=wrong cell count""]","[""B""]",B,"[5,1]",6,7,wrong cell count
combination_1510_open_q1,combination_1510.png,"[""candidate=C; piece_counts=[8, 1]; candidate_total=9; target_total=9; blocking_reason=requires a reflection""]","[""C""]",C,"[8,1]",9,9,requires a reflection
combination_1511_open_q1,combination_1511.png,"[""candidate=D; piece_counts=[4, 2, 3]; candidate_total=9; target_total=9; blocking_reason=requires a reflection""]","[""D""]",D,"[4,2,3]",9,9,requires a reflection
combination_1512_open_q1,combination_1512.png,"[""candidate=B; piece_counts=[2, 4]; candidate_total=6; target_total=7; blocking_reason=wrong cell count""]","[""B""]",B,"[2,4]",6,7,wrong cell count
combination_1513_open_q1,combination_1513.png,"[""candidate=B; piece_counts=[7, 1]; candidate_total=8; target_total=8; blocking_reason=requires a reflection""]","[""B""]",B,"[7,1]",8,8,requires a reflection
combination_1514_open_q1,combination_1514.png,"[""candidate=A; piece_counts=[8, 1]; candidate_total=9; target_total=10; blocking_reason=wrong cell count""]","[""A""]",A,"[8,1]",9,10,wrong cell count
combination_1515_open_q1,combination_1515.png,"[""candidate=B; piece_counts=[3, 3]; candidate_total=6; target_total=6; blocking_reason=gap or overlap""]","[""B""]",B,"[3,3]",6,6,gap or overlap
combination_1516_open_q1,combination_1516.png,"[""candidate=A; piece_counts=[3, 4]; candidate_total=7; target_total=7; blocking_reason=gap or overlap""]","[""A""]",A,"[3,4]",7,7,gap or overlap
combination_1517_open_q1,combination_1517.png,"[""candidate=C; piece_counts=[2, 4]; candidate_total=6; target_total=6; blocking_reason=gap or overlap""]","[""C""]",C,"[2,4]",6,6,gap or overlap
combination_1518_open_q1,combination_1518.png,"[""candidate=C; piece_counts=[2, 6]; candidate_total=8; target_total=8; blocking_reason=requires a reflection""]","[""C""]",C,"[2,6]",8,8,requires a reflection
combination_1519_open_q1,combination_1519.png,"[""candidate=B; piece_counts=[2, 8]; candidate_total=10; target_total=10; blocking_reason=requires a reflection""]","[""B""]",B,"[2,8]",10,10,requires a reflection
combination_1520_open_q1,combination_1520.png,"[""candidate=A; piece_counts=[5, 2]; candidate_total=7; target_total=7; blocking_reason=gap or overlap""]","[""A""]",A,"[5,2]",7,7,gap or overlap
combination_1521_open_q1,combination_1521.png,"[""candidate=C; piece_counts=[4, 2, 1, 1]; candidate_total=8; target_total=8; blocking_reason=requires a reflection""]","[""C""]",C,"[4,2,1,1]",8,8,requires a reflection
combination_1522_open_q1,combination_1522.png,"[""candidate=A; piece_counts=[1, 4, 5]; candidate_total=10; target_total=10; blocking_reason=gap or overlap""]","[""A""]",A,"[1,4,5]",10,10,gap or overlap
combination_1523_open_q1,combination_1523.png,"[""candidate=A; piece_counts=[1, 4, 1]; candidate_total=6; target_total=7; blocking_reason=wrong cell count""]","[""A""]",A,"[1,4,1]",6,7,wrong cell count
combination_1524_open_q1,combination_1524.png,"[""candidate=B; piece_counts=[3, 4]; candidate_total=7; target_total=7; blocking_reason=gap or overlap""]","[""B""]",B,"[3,4]",7,7,gap or overlap
combination_1525_open_q1,combination_1525.png,"[""candidate=D; piece_counts=[5, 3]; candidate_total=8; target_total=8; blocking_reason=gap or overlap""]","[""D""]",D,"[5,3]",8,8,gap or overlap
combination_1526_open_q1,combination_1526.png,"[""candidate=C; piece_counts=[2, 5]; candidate_total=7; target_total=7; blocking_reason=gap or overlap""]","[""C""]",C,"[2,5]",7,7,gap or overlap
combination_1527_open_q1,combination_1527.png,"[""candidate=A; piece_counts=[4, 1, 2]; candidate_total=7; target_total=8; blocking_reason=wrong cell count""]","[""A""]",A,"[4,1,2]",7,8,wrong cell count
combination_1528_open_q1,combination_1528.png,"[""candidate=C; piece_counts=[5, 2]; candidate_total=7; target_total=7; blocking_reason=requires a reflection""]","[""C""]",C,"[5,2]",7,7,requires a reflection
combination_1529_open_q1,combination_1529.png,"[""candidate=C; piece_counts=[4, 6]; candidate_total=10; target_total=10; blocking_reason=gap or overlap""]","[""C""]",C,"[4,6]",10,10,gap or overlap
combination_1530_open_q1,combination_1530.png,"[""candidate=C; piece_counts=[6, 1, 1]; candidate_total=8; target_total=8; blocking_reason=requires a reflection""]","[""C""]",C,"[6,1,1]",8,8,requires a reflection
combination_1531_open_q1,combination_1531.png,"[""candidate=D; piece_counts=[4, 3]; candidate_total=7; target_total=7; blocking_reason=requires a reflection""]","[""D""]",D,"[4,3]",7,7,requires a reflection
combination_1532_open_q1,combination_1532.png,"[""candidate=A; piece_counts=[6, 2]; candidate_total=8; target_total=8; blocking_reason=gap or overlap""]","[""A""]",A,"[6,2]",8,8,gap or overlap
combination_1533_open_q1,combination_1533.png,"[""candidate=D; piece_counts=[6, 1]; candidate_total=7; target_total=7; blocking_reason=requires a reflection""]","[""D""]",D,"[6,1]",7,7,requires a reflection
combination_1534_open_q1,combination_1534.png,"[""candidate=C; piece_counts=[4, 3]; candidate_total=7; target_total=7; blocking_reason=gap or overlap""]","[""C""]",C,"[4,3]",7,7,gap or overlap
combination_1535_open_q1,combination_1535.png,"[""candidate=B; piece_counts=[1, 5]; candidate_total=6; target_total=6; blocking_reason=gap or overlap""]","[""B""]",B,"[1,5]",6,6,gap or overlap
combination_1536_open_q1,combination_1536.png,"[""candidate=C; piece_counts=[1, 1, 5, 1]; candidate_total=8; target_total=8; blocking_reason=gap or overlap""]","[""C""]",C,"[1,1,5,1]",8,8,gap or overlap
combination_1537_open_q1,combination_1537.png,"[""candidate=C; piece_counts=[6, 3]; candidate_total=9; target_total=9; blocking_reason=requires a reflection""]","[""C""]",C,"[6,3]",9,9,requires a reflection
combination_1538_open_q1,combination_1538.png,"[""candidate=D; piece_counts=[4, 1]; candidate_total=5; target_total=6; blocking_reason=wrong cell count""]","[""D""]",D,"[4,1]",5,6,wrong cell count
combination_1539_open_q1,combination_1539.png,"[""candidate=A; piece_counts=[4, 5]; candidate_total=9; target_total=10; blocking_reason=wrong cell count""]","[""A""]",A,"[4,5]",9,10,wrong cell count
combination_1540_open_q1,combination_1540.png,"[""candidate=A; piece_counts=[2, 8]; candidate_total=10; target_total=10; blocking_reason=gap or overlap""]","[""A""]",A,"[2,8]",10,10,gap or overlap
combination_1541_open_q1,combination_1541.png,"[""candidate=B; piece_counts=[4, 1, 1, 1]; candidate_total=7; target_total=8; blocking_reason=wrong cell count""]","[""B""]",B,"[4,1,1,1]",7,8,wrong cell count
combination_1542_open_q1,combination_1542.png,"[""candidate=D; piece_counts=[5, 1]; candidate_total=6; target_total=7; blocking_reason=wrong cell count""]","[""D""]",D,"[5,1]",6,7,wrong cell count
combination_1543_open_q1,combination_1543.png,"[""candidate=B; piece_counts=[1, 4, 4]; candidate_total=9; target_total=10; blocking_reason=wrong cell count""]","[""B""]",B,"[1,4,4]",9,10,wrong cell count
combination_1544_open_q1,combination_1544.png,"[""candidate=C; piece_counts=[7, 2]; candidate_total=9; target_total=10; blocking_reason=wrong cell count""]","[""C""]",C,"[7,2]",9,10,wrong cell count
combination_1545_open_q1,combination_1545.png,"[""candidate=C; piece_counts=[3, 4]; candidate_total=7; target_total=7; blocking_reason=requires a reflection""]","[""C""]",C,"[3,4]",7,7,requires a reflection
combination_1546_open_q1,combination_1546.png,"[""candidate=A; piece_counts=[5, 2]; candidate_total=7; target_total=8; blocking_reason=wrong cell count""]","[""A""]",A,"[5,2]",7,8,wrong cell count
combination_1547_open_q1,combination_1547.png,"[""candidate=D; piece_counts=[6, 1, 1, 1]; candidate_total=9; target_total=9; blocking_reason=requires a reflection""]","[""D""]",D,"[6,1,1,1]",9,9,requires a reflection
combination_1548_open_q1,combination_1548.png,"[""candidate=B; piece_counts=[2, 5]; candidate_total=7; target_total=7; blocking_reason=gap or overlap""]","[""B""]",B,"[2,5]",7,7,gap or overlap
combination_1549_open_q1,combination_1549.png,"[""candidate=C; piece_counts=[1, 9]; candidate_total=10; target_total=10; blocking_reason=gap or overlap""]","[""C""]",C,"[1,9]",10,10,gap or overlap
combination_1550_open_q1,combination_1550.png,"[""candidate=A; piece_counts=[1, 5]; candidate_total=6; target_total=6; blocking_reason=gap or overlap""]","[""A""]",A,"[1,5]",6,6,gap or overlap
combination_1551_open_q1,combination_1551.png,"[""candidate=D; piece_counts=[3, 4]; candidate_total=7; target_total=7; blocking_reason=gap or overlap""]","[""D""]",D,"[3,4]",7,7,gap or overlap
combination_1552_open_q1,combination_1552.png,"[""candidate=B; piece_counts=[4, 1]; candidate_total=5; target_total=6; blocking_reason=wrong cell count""]","[""B""]",B,"[4,1]",5,6,wrong cell count
combination_1553_open_q1,combination_1553.png,"[""candidate=C; piece_counts=[8, 1]; candidate_total=9; target_total=10; blocking_reason=wrong cell count""]","[""C""]",C,"[8,1]",9,10,wrong cell count
combination_1554_open_q1,combination_1554.png,"[""candidate=C; piece_counts=[4, 2]; candidate_total=6; target_total=6; blocking_reason=requires a reflection""]","[""C""]",C,"[4,2]",6,6,requires a reflection
combination_1555_open_q1,combination_1555.png,"[""candidate=A; piece_counts=[5, 1]; candidate_total=6; target_total=6; blocking_reason=requires a reflection""]","[""A""]",A,"[5,1]",6,6,requires a reflection
combination_1556_open_q1,combination_1556.png,"[""candidate=C; piece_counts=[3, 2, 4]; candidate_total=9; target_total=10; blocking_reason=wrong cell count""]","[""C""]",C,"[3,2,4]",9,10,wrong cell count
combination_1557_open_q1,combination_1557.png,"[""candidate=B; piece_counts=[6, 1]; candidate_total=7; target_total=8; blocking_reason=wrong cell count""]","[""B""]",B,"[6,1]",7,8,wrong cell count
combination_1558_open_q1,combination_1558.png,"[""candidate=A; piece_counts=[2, 5, 1]; candidate_total=8; target_total=8; blocking_reason=requires a reflection""]","[""A""]",A,"[2,5,1]",8,8,requires a reflection
combination_1559_open_q1,combination_1559.png,"[""candidate=D; piece_counts=[8, 1]; candidate_total=9; target_total=9; blocking_reason=gap or overlap""]","[""D""]",D,"[8,1]",9,9,gap or overlap
combination_1560_open_q1,combination_1560.png,"[""candidate=A; piece_counts=[1, 4, 2]; candidate_total=7; target_total=7; blocking_reason=gap or overlap""]","[""A""]",A,"[1,4,2]",7,7,gap or overlap
combination_1561_open_q1,combination_1561.png,"[""candidate=C; piece_counts=[7, 2]; candidate_total=9; target_total=9; blocking_reason=requires a reflection""]","[""C""]",C,"[7,2]",9,9,requires a reflection
combination_1562_open_q1,combination_1562.png,"[""candidate=D; piece_counts=[4, 3, 1, 1]; candidate_total=9; target_total=9; blocking_reason=gap or overlap""]","[""D""]",D,"[4,3,1,1]",9,9,gap or overlap
combination_1563_open_q1,combination_1563.png,"[""candidate=A; piece_counts=[8, 1]; candidate_total=9; target_total=10; blocking_reason=wrong cell count""]","[""A""]",A,"[8,1]",9,10,wrong cell count
combination_1564_open_q1,combination_1564.png,"[""candidate=A; piece_counts=[2, 8]; candidate_total=10; target_total=10; blocking_reason=gap or overlap""]","[""A""]",A,"[2,8]",10,10,gap or overlap
combination_1565_open_q1,combination_1565.png,"[""candidate=D; piece_counts=[6, 2, 1, 1]; candidate_total=10; target_total=10; blocking_reason=requires a reflection""]","[""D""]",D,"[6,2,1,1]",10,10,requires a reflection
combination_1566_open_q1,combination_1566.png,"[""candidate=A; piece_counts=[4, 1]; candidate_total=5; target_total=6; blocking_reason=wrong cell count""]","[""A""]",A,"[4,1]",5,6,wrong cell count
combination_1567_open_q1,combination_1567.png,"[""candidate=B; piece_counts=[6, 1]; candidate_total=7; target_total=7; blocking_reason=requires a reflection""]","[""B""]",B,"[6,1]",7,7,requires a reflection
combination_1568_open_q1,combination_1568.png,"[""candidate=B; piece_counts=[9, 1]; candidate_total=10; target_total=10; blocking_reason=requires a reflection""]","[""B""]",B,"[9,1]",10,10,requires a reflection
combination_1569_open_q1,combination_1569.png,"[""candidate=C; piece_counts=[7, 1]; candidate_total=8; target_total=9; blocking_reason=wrong cell count""]","[""C""]",C,"[7,1]",8,9,wrong cell count
combination_1570_open_q1,combination_1570.png,"[""candidate=A; piece_counts=[6, 1, 3]; candidate_total=10; target_total=10; blocking_reason=gap or overlap""]","[""A""]",A,"[6,1,3]",10,10,gap or overlap
combination_1571_open_q1,combination_1571.png,"[""candidate=A; piece_counts=[3, 4]; candidate_total=7; target_total=7; blocking_reason=gap or overlap""]","[""A""]",A,"[3,4]",7,7,gap or overlap
combination_1572_open_q1,combination_1572.png,"[""candidate=B; piece_counts=[3, 4, 1]; candidate_total=8; target_total=8; blocking_reason=requires a reflection""]","[""B""]",B,"[3,4,1]",8,8,requires a reflection
combination_1573_open_q1,combination_1573.png,"[""candidate=D; piece_counts=[4, 1]; candidate_total=5; target_total=6; blocking_reason=wrong cell count""]","[""D""]",D,"[4,1]",5,6,wrong cell count
combination_1574_open_q1,combination_1574.png,"[""candidate=D; piece_counts=[5, 1, 1]; candidate_total=7; target_total=7; blocking_reason=requires a reflection""]","[""D""]",D,"[5,1,1]",7,7,requires a reflection
combination_1575_open_q1,combination_1575.png,"[""candidate=B; piece_counts=[1, 4, 1]; candidate_total=6; target_total=7; blocking_reason=wrong cell count""]","[""B""]",B,"[1,4,1]",6,7,wrong cell count
combination_1576_open_q1,combination_1576.png,"[""candidate=B; piece_counts=[4, 4]; candidate_total=8; target_total=8; blocking_reason=gap or overlap""]","[""B""]",B,"[4,4]",8,8,gap or overlap
combination_1577_open_q1,combination_1577.png,"[""candidate=B; piece_counts=[5, 5]; candidate_total=10; target_total=10; blocking_reason=requires a reflection""]","[""B""]",B,"[5,5]",10,10,requires a reflection
combination_1578_open_q1,combination_1578.png,"[""candidate=D; piece_counts=[2, 6]; candidate_total=8; target_total=9; blocking_reason=wrong cell count""]","[""D""]",D,"[2,6]",8,9,wrong cell count
combination_1579_open_q1,combination_1579.png,"[""candidate=A; piece_counts=[7, 1]; candidate_total=8; target_total=8; blocking_reason=gap or overlap""]","[""A""]",A,"[7,1]",8,8,gap or overlap
combination_1580_open_q1,combination_1580.png,"[""candidate=B; piece_counts=[2, 6]; candidate_total=8; target_total=9; blocking_reason=wrong cell count""]","[""B""]",B,"[2,6]",8,9,wrong cell count
combination_1581_open_q1,combination_1581.png,"[""candidate=D; piece_counts=[7, 3]; candidate_total=10; target_total=10; blocking_reason=requires a reflection""]","[""D""]",D,"[7,3]",10,10,requires a reflection
combination_1582_open_q1,combination_1582.png,"[""candidate=A; piece_counts=[7, 1, 1]; candidate_total=9; target_total=9; blocking_reason=requires a reflection""]","[""A""]",A,"[7,1,1]",9,9,requires a reflection
combination_1583_open_q1,combination_1583.png,"[""candidate=A; piece_counts=[5, 1]; candidate_total=6; target_total=6; blocking_reason=gap or overlap""]","[""A""]",A,"[5,1]",6,6,gap or overlap
combination_1584_open_q1,combination_1584.png,"[""candidate=C; piece_counts=[4, 6]; candidate_total=10; target_total=10; blocking_reason=requires a reflection""]","[""C""]",C,"[4,6]",10,10,requires a reflection
combination_1585_open_q1,combination_1585.png,"[""candidate=C; piece_counts=[4, 2]; candidate_total=6; target_total=6; blocking_reason=requires a reflection""]","[""C""]",C,"[4,2]",6,6,requires a reflection
combination_1586_open_q1,combination_1586.png,"[""candidate=D; piece_counts=[3, 2]; candidate_total=5; target_total=6; blocking_reason=wrong cell count""]","[""D""]",D,"[3,2]",5,6,wrong cell count
combination_1587_open_q1,combination_1587.png,"[""candidate=A; piece_counts=[1, 7, 2]; candidate_total=10; target_total=10; blocking_reason=gap or overlap""]","[""A""]",A,"[1,7,2]",10,10,gap or overlap
combination_1588_open_q1,combination_1588.png,"[""candidate=B; piece_counts=[1, 5]; candidate_total=6; target_total=6; blocking_reason=gap or overlap""]","[""B""]",B,"[1,5]",6,6,gap or overlap
combination_1589_open_q1,combination_1589.png,"[""candidate=C; piece_counts=[5, 1]; candidate_total=6; target_total=7; blocking_reason=wrong cell count""]","[""C""]",C,"[5,1]",6,7,wrong cell count
combination_1590_open_q1,combination_1590.png,"[""candidate=D; piece_counts=[5, 3]; candidate_total=8; target_total=8; blocking_reason=requires a reflection""]","[""D""]",D,"[5,3]",8,8,requires a reflection
combination_1591_open_q1,combination_1591.png,"[""candidate=D; piece_counts=[4, 2, 1]; candidate_total=7; target_total=7; blocking_reason=requires a reflection""]","[""D""]",D,"[4,2,1]",7,7,requires a reflection
combination_1592_open_q1,combination_1592.png,"[""candidate=B; piece_counts=[4, 2]; candidate_total=6; target_total=7; blocking_reason=wrong cell count""]","[""B""]",B,"[4,2]",6,7,wrong cell count
combination_1593_open_q1,combination_1593.png,"[""candidate=B; piece_counts=[1, 7]; candidate_total=8; target_total=8; blocking_reason=requires a reflection""]","[""B""]",B,"[1,7]",8,8,requires a reflection
combination_1594_open_q1,combination_1594.png,"[""candidate=C; piece_counts=[1, 4]; candidate_total=5; target_total=6; blocking_reason=wrong cell count""]","[""C""]",C,"[1,4]",5,6,wrong cell count
combination_1595_open_q1,combination_1595.png,"[""candidate=D; piece_counts=[8, 1]; candidate_total=9; target_total=10; blocking_reason=wrong cell count""]","[""D""]",D,"[8,1]",9,10,wrong cell count
combination_1596_open_q1,combination_1596.png,"[""candidate=C; piece_counts=[3, 7]; candidate_total=10; target_total=10; blocking_reason=gap or overlap""]","[""C""]",C,"[3,7]",10,10,gap or overlap
combination_1597_open_q1,combination_1597.png,"[""candidate=B; piece_counts=[6, 3]; candidate_total=9; target_total=9; blocking_reason=requires a reflection""]","[""B""]",B,"[6,3]",9,9,requires a reflection
combination_1598_open_q1,combination_1598.png,"[""candidate=D; piece_counts=[5, 2]; candidate_total=7; target_total=8; blocking_reason=wrong cell count""]","[""D""]",D,"[5,2]",7,8,wrong cell count
combination_1599_open_q1,combination_1599.png,"[""candidate=B; piece_counts=[5, 1]; candidate_total=6; target_total=6; blocking_reason=requires a reflection""]","[""B""]",B,"[5,1]",6,6,requires a reflection
combination_1600_open_q1,combination_1600.png,"[""candidate=B; piece_counts=[2, 4, 4]; candidate_total=10; target_total=10; blocking_reason=gap or overlap""]","[""B""]",B,"[2,4,4]",10,10,gap or overlap
combination_1601_open_q1,combination_1601.png,"[""candidate=D; piece_counts=[6, 1]; candidate_total=7; target_total=8; blocking_reason=wrong cell count""]","[""D""]",D,"[6,1]",7,8,wrong cell count
combination_1602_open_q1,combination_1602.png,"[""candidate=A; piece_counts=[2, 6]; candidate_total=8; target_total=9; blocking_reason=wrong cell count""]","[""A""]",A,"[2,6]",8,9,wrong cell count
combination_1603_open_q1,combination_1603.png,"[""candidate=A; piece_counts=[7, 1, 1]; candidate_total=9; target_total=9; blocking_reason=requires a reflection""]","[""A""]",A,"[7,1,1]",9,9,requires a reflection
combination_1604_open_q1,combination_1604.png,"[""candidate=A; piece_counts=[4, 5]; candidate_total=9; target_total=9; blocking_reason=gap or overlap""]","[""A""]",A,"[4,5]",9,9,gap or overlap
combination_1605_open_q1,combination_1605.png,"[""candidate=D; piece_counts=[7, 2]; candidate_total=9; target_total=9; blocking_reason=gap or overlap""]","[""D""]",D,"[7,2]",9,9,gap or overlap
combination_1606_open_q1,combination_1606.png,"[""candidate=C; piece_counts=[1, 8]; candidate_total=9; target_total=9; blocking_reason=gap or overlap""]","[""C""]",C,"[1,8]",9,9,gap or overlap
combination_1607_open_q1,combination_1607.png,"[""candidate=D; piece_counts=[7, 1]; candidate_total=8; target_total=8; blocking_reason=requires a reflection""]","[""D""]",D,"[7,1]",8,8,requires a reflection
combination_1608_open_q1,combination_1608.png,"[""candidate=A; piece_counts=[7, 1]; candidate_total=8; target_total=8; blocking_reason=requires a reflection""]","[""A""]",A,"[7,1]",8,8,requires a reflection
combination_1609_open_q1,combination_1609.png,"[""candidate=C; piece_counts=[1, 6]; candidate_total=7; target_total=7; blocking_reason=requires a reflection""]","[""C""]",C,"[1,6]",7,7,requires a reflection
combination_1610_open_q1,combination_1610.png,"[""candidate=D; piece_counts=[6, 2, 1]; candidate_total=9; target_total=9; blocking_reason=requires a reflection""]","[""D""]",D,"[6,2,1]",9,9,requires a reflection
combination_1611_open_q1,combination_1611.png,"[""candidate=D; piece_counts=[8, 1]; candidate_total=9; target_total=10; blocking_reason=wrong cell count""]","[""D""]",D,"[8,1]",9,10,wrong cell count
combination_1612_open_q1,combination_1612.png,"[""candidate=A; piece_counts=[6, 1]; candidate_total=7; target_total=7; blocking_reason=gap or overlap""]","[""A""]",A,"[6,1]",7,7,gap or overlap
combination_1613_open_q1,combination_1613.png,"[""candidate=B; piece_counts=[4, 2]; candidate_total=6; target_total=6; blocking_reason=gap or overlap""]","[""B""]",B,"[4,2]",6,6,gap or overlap
combination_1614_open_q1,combination_1614.png,"[""candidate=A; piece_counts=[5, 1]; candidate_total=6; target_total=7; blocking_reason=wrong cell count""]","[""A""]",A,"[5,1]",6,7,wrong cell count
combination_1615_open_q1,combination_1615.png,"[""candidate=B; piece_counts=[6, 2]; candidate_total=8; target_total=8; blocking_reason=requires a reflection""]","[""B""]",B,"[6,2]",8,8,requires a reflection
combination_1616_open_q1,combination_1616.png,"[""candidate=A; piece_counts=[5, 1]; candidate_total=6; target_total=7; blocking_reason=wrong cell count""]","[""A""]",A,"[5,1]",6,7,wrong cell count
combination_1617_open_q1,combination_1617.png,"[""candidate=C; piece_counts=[5, 1]; candidate_total=6; target_total=7; blocking_reason=wrong cell count""]","[""C""]",C,"[5,1]",6,7,wrong cell count
combination_1618_open_q1,combination_1618.png,"[""candidate=D; piece_counts=[6, 2]; candidate_total=8; target_total=8; blocking_reason=requires a reflection""]","[""D""]",D,"[6,2]",8,8,requires a reflection
combination_1619_open_q1,combination_1619.png,"[""candidate=A; piece_counts=[6, 1]; candidate_total=7; target_total=8; blocking_reason=wrong cell count""]","[""A""]",A,"[6,1]",7,8,wrong cell count
combination_1620_open_q1,combination_1620.png,"[""candidate=C; piece_counts=[3, 2]; candidate_total=5; target_total=6; blocking_reason=wrong cell count""]","[""C""]",C,"[3,2]",5,6,wrong cell count
combination_1621_open_q1,combination_1621.png,"[""candidate=C; piece_counts=[4, 4]; candidate_total=8; target_total=8; blocking_reason=gap or overlap""]","[""C""]",C,"[4,4]",8,8,gap or overlap
combination_1622_open_q1,combination_1622.png,"[""candidate=D; piece_counts=[1, 5, 1, 1]; candidate_total=8; target_total=8; blocking_reason=requires a reflection""]","[""D""]",D,"[1,5,1,1]",8,8,requires a reflection
combination_1623_open_q1,combination_1623.png,"[""candidate=A; piece_counts=[5, 1, 1, 1]; candidate_total=8; target_total=9; blocking_reason=wrong cell count""]","[""A""]",A,"[5,1,1,1]",8,9,wrong cell count
combination_1624_open_q1,combination_1624.png,"[""candidate=C; piece_counts=[7, 1, 1]; candidate_total=9; target_total=9; blocking_reason=requires a reflection""]","[""C""]",C,"[7,1,1]",9,9,requires a reflection
combination_1625_open_q1,combination_1625.png,"[""candidate=C; piece_counts=[8, 1]; candidate_total=9; target_total=10; blocking_reason=wrong cell count""]","[""C""]",C,"[8,1]",9,10,wrong cell count
combination_1626_open_q1,combination_1626.png,"[""candidate=D; piece_counts=[1, 6]; candidate_total=7; target_total=7; blocking_reason=gap or overlap""]","[""D""]",D,"[1,6]",7,7,gap or overlap
combination_1627_open_q1,combination_1627.png,"[""candidate=A; piece_counts=[8, 2]; candidate_total=10; target_total=10; blocking_reason=gap or overlap""]","[""A""]",A,"[8,2]",10,10,gap or overlap
combination_1628_open_q1,combination_1628.png,"[""candidate=A; piece_counts=[5, 2, 1]; candidate_total=8; target_total=8; blocking_reason=requires a reflection""]","[""A""]",A,"[5,2,1]",8,8,requires a reflection
combination_1629_open_q1,combination_1629.png,"[""candidate=B; piece_counts=[8, 1]; candidate_total=9; target_total=10; blocking_reason=wrong cell count""]","[""B""]",B,"[8,1]",9,10,wrong cell count
combination_1630_open_q1,combination_1630.png,"[""candidate=A; piece_counts=[2, 2, 6]; candidate_total=10; target_total=10; blocking_reason=gap or overlap""]","[""A""]",A,"[2,2,6]",10,10,gap or overlap
combination_1631_open_q1,combination_1631.png,"[""candidate=A; piece_counts=[3, 4]; candidate_total=7; target_total=7; blocking_reason=gap or overlap""]","[""A""]",A,"[3,4]",7,7,gap or overlap
combination_1632_open_q1,combination_1632.png,"[""candidate=B; piece_counts=[5, 1]; candidate_total=6; target_total=7; blocking_reason=wrong cell count""]","[""B""]",B,"[5,1]",6,7,wrong cell count
combination_1633_open_q1,combination_1633.png,"[""candidate=B; piece_counts=[2, 5, 1, 1]; candidate_total=9; target_total=9; blocking_reason=requires a reflection""]","[""B""]",B,"[2,5,1,1]",9,9,requires a reflection
combination_1634_open_q1,combination_1634.png,"[""candidate=C; piece_counts=[5, 4]; candidate_total=9; target_total=9; blocking_reason=requires a reflection""]","[""C""]",C,"[5,4]",9,9,requires a reflection
combination_1635_open_q1,combination_1635.png,"[""candidate=A; piece_counts=[5, 2, 1]; candidate_total=8; target_total=9; blocking_reason=wrong cell count""]","[""A""]",A,"[5,2,1]",8,9,wrong cell count
combination_1636_open_q1,combination_1636.png,"[""candidate=B; piece_counts=[3, 1, 1]; candidate_total=5; target_total=6; blocking_reason=wrong cell count""]","[""B""]",B,"[3,1,1]",5,6,wrong cell count
combination_1637_open_q1,combination_1637.png,"[""candidate=B; piece_counts=[6, 1]; candidate_total=7; target_total=7; blocking_reason=requires a reflection""]","[""B""]",B,"[6,1]",7,7,requires a reflection
combination_1638_open_q1,combination_1638.png,"[""candidate=C; piece_counts=[7, 3]; candidate_total=10; target_total=10; blocking_reason=requires a reflection""]","[""C""]",C,"[7,3]",10,10,requires a reflection
combination_1639_open_q1,combination_1639.png,"[""candidate=B; piece_counts=[4, 2]; candidate_total=6; target_total=6; blocking_reason=gap or overlap""]","[""B""]",B,"[4,2]",6,6,gap or overlap
combination_1640_open_q1,combination_1640.png,"[""candidate=C; piece_counts=[4, 2, 1]; candidate_total=7; target_total=8; blocking_reason=wrong cell count""]","[""C""]",C,"[4,2,1]",7,8,wrong cell count
combination_1641_open_q1,combination_1641.png,"[""candidate=C; piece_counts=[1, 8]; candidate_total=9; target_total=9; blocking_reason=requires a reflection""]","[""C""]",C,"[1,8]",9,9,requires a reflection
combination_1642_open_q1,combination_1642.png,"[""candidate=C; piece_counts=[4, 3]; candidate_total=7; target_total=7; blocking_reason=gap or overlap""]","[""C""]",C,"[4,3]",7,7,gap or overlap
combination_1643_open_q1,combination_1643.png,"[""candidate=B; piece_counts=[7, 2]; candidate_total=9; target_total=9; blocking_reason=requires a reflection""]","[""B""]",B,"[7,2]",9,9,requires a reflection
combination_1644_open_q1,combination_1644.png,"[""candidate=B; piece_counts=[4, 1]; candidate_total=5; target_total=6; blocking_reason=wrong cell count""]","[""B""]",B,"[4,1]",5,6,wrong cell count
combination_1645_open_q1,combination_1645.png,"[""candidate=D; piece_counts=[3, 2, 4]; candidate_total=9; target_total=10; blocking_reason=wrong cell count""]","[""D""]",D,"[3,2,4]",9,10,wrong cell count
combination_1646_open_q1,combination_1646.png,"[""candidate=D; piece_counts=[5, 1, 2]; candidate_total=8; target_total=9; blocking_reason=wrong cell count""]","[""D""]",D,"[5,1,2]",8,9,wrong cell count
combination_1647_open_q1,combination_1647.png,"[""candidate=B; piece_counts=[3, 4]; candidate_total=7; target_total=8; blocking_reason=wrong cell count""]","[""B""]",B,"[3,4]",7,8,wrong cell count
combination_1648_open_q1,combination_1648.png,"[""candidate=C; piece_counts=[5, 3]; candidate_total=8; target_total=9; blocking_reason=wrong cell count""]","[""C""]",C,"[5,3]",8,9,wrong cell count
combination_1649_open_q1,combination_1649.png,"[""candidate=B; piece_counts=[6, 1, 1]; candidate_total=8; target_total=8; blocking_reason=requires a reflection""]","[""B""]",B,"[6,1,1]",8,8,requires a reflection
combination_1650_open_q1,combination_1650.png,"[""candidate=A; piece_counts=[7, 1]; candidate_total=8; target_total=8; blocking_reason=requires a reflection""]","[""A""]",A,"[7,1]",8,8,requires a reflection
combination_1651_open_q1,combination_1651.png,"[""candidate=D; piece_counts=[5, 1, 1, 1]; candidate_total=8; target_total=8; blocking_reason=requires a reflection""]","[""D""]",D,"[5,1,1,1]",8,8,requires a reflection
combination_1652_open_q1,combination_1652.png,"[""candidate=C; piece_counts=[7, 2]; candidate_total=9; target_total=9; blocking_reason=requires a reflection""]","[""C""]",C,"[7,2]",9,9,requires a reflection
combination_1653_open_q1,combination_1653.png,"[""candidate=D; piece_counts=[1, 9]; candidate_total=10; target_total=10; blocking_reason=gap or overlap""]","[""D""]",D,"[1,9]",10,10,gap or overlap
combination_1654_open_q1,combination_1654.png,"[""candidate=D; piece_counts=[1, 4]; candidate_total=5; target_total=6; blocking_reason=wrong cell count""]","[""D""]",D,"[1,4]",5,6,wrong cell count
combination_1655_open_q1,combination_1655.png,"[""candidate=A; piece_counts=[2, 4, 1]; candidate_total=7; target_total=7; blocking_reason=gap or overlap""]","[""A""]",A,"[2,4,1]",7,7,gap or overlap
combination_1656_open_q1,combination_1656.png,"[""candidate=A; piece_counts=[8, 1, 1]; candidate_total=10; target_total=10; blocking_reason=requires a reflection""]","[""A""]",A,"[8,1,1]",10,10,requires a reflection
combination_1657_open_q1,combination_1657.png,"[""candidate=B; piece_counts=[5, 4]; candidate_total=9; target_total=9; blocking_reason=requires a reflection""]","[""B""]",B,"[5,4]",9,9,requires a reflection
combination_1658_open_q1,combination_1658.png,"[""candidate=C; piece_counts=[2, 2, 4]; candidate_total=8; target_total=8; blocking_reason=gap or overlap""]","[""C""]",C,"[2,2,4]",8,8,gap or overlap
combination_1659_open_q1,combination_1659.png,"[""candidate=B; piece_counts=[1, 7]; candidate_total=8; target_total=8; blocking_reason=requires a reflection""]","[""B""]",B,"[1,7]",8,8,requires a reflection
combination_1660_open_q1,combination_1660.png,"[""candidate=B; piece_counts=[6, 1]; candidate_total=7; target_total=7; blocking_reason=requires a reflection""]","[""B""]",B,"[6,1]",7,7,requires a reflection
combination_1661_open_q1,combination_1661.png,"[""candidate=D; piece_counts=[5, 1]; candidate_total=6; target_total=6; blocking_reason=requires a reflection""]","[""D""]",D,"[5,1]",6,6,requires a reflection
combination_1662_open_q1,combination_1662.png,"[""candidate=C; piece_counts=[8, 2]; candidate_total=10; target_total=10; blocking_reason=gap or overlap""]","[""C""]",C,"[8,2]",10,10,gap or overlap
combination_1663_open_q1,combination_1663.png,"[""candidate=B; piece_counts=[1, 1, 3]; candidate_total=5; target_total=6; blocking_reason=wrong cell count""]","[""B""]",B,"[1,1,3]",5,6,wrong cell count
combination_1664_open_q1,combination_1664.png,"[""candidate=B; piece_counts=[3, 4]; candidate_total=7; target_total=8; blocking_reason=wrong cell count""]","[""B""]",B,"[3,4]",7,8,wrong cell count
combination_1665_open_q1,combination_1665.png,"[""candidate=D; piece_counts=[3, 2]; candidate_total=5; target_total=6; blocking_reason=wrong cell count""]","[""D""]",D,"[3,2]",5,6,wrong cell count
combination_1666_open_q1,combination_1666.png,"[""candidate=C; piece_counts=[7, 2, 1]; candidate_total=10; target_total=10; blocking_reason=requires a reflection""]","[""C""]",C,"[7,2,1]",10,10,requires a reflection
combination_1667_open_q1,combination_1667.png,"[""candidate=D; piece_counts=[4, 5]; candidate_total=9; target_total=9; blocking_reason=requires a reflection""]","[""D""]",D,"[4,5]",9,9,requires a reflection
combination_1668_open_q1,combination_1668.png,"[""candidate=C; piece_counts=[5, 2, 2]; candidate_total=9; target_total=10; blocking_reason=wrong cell count""]","[""C""]",C,"[5,2,2]",9,10,wrong cell count
combination_1669_open_q1,combination_1669.png,"[""candidate=B; piece_counts=[5, 2]; candidate_total=7; target_total=7; blocking_reason=requires a reflection""]","[""B""]",B,"[5,2]",7,7,requires a reflection
combination_1670_open_q1,combination_1670.png,"[""candidate=D; piece_counts=[5, 3, 1]; candidate_total=9; target_total=9; blocking_reason=requires a reflection""]","[""D""]",D,"[5,3,1]",9,9,requires a reflection
combination_1671_open_q1,combination_1671.png,"[""candidate=A; piece_counts=[6, 4]; candidate_total=10; target_total=10; blocking_reason=gap or overlap""]","[""A""]",A,"[6,4]",10,10,gap or overlap
combination_1672_open_q1,combination_1672.png,"[""candidate=B; piece_counts=[2, 5]; candidate_total=7; target_total=7; blocking_reason=requires a reflection""]","[""B""]",B,"[2,5]",7,7,requires a reflection
combination_1673_open_q1,combination_1673.png,"[""candidate=B; piece_counts=[6, 1, 1]; candidate_total=8; target_total=8; blocking_reason=requires a reflection""]","[""B""]",B,"[6,1,1]",8,8,requires a reflection
combination_1674_open_q1,combination_1674.png,"[""candidate=A; piece_counts=[6, 1]; candidate_total=7; target_total=7; blocking_reason=requires a reflection""]","[""A""]",A,"[6,1]",7,7,requires a reflection
combination_1675_open_q1,combination_1675.png,"[""candidate=B; piece_counts=[2, 4]; candidate_total=6; target_total=6; blocking_reason=gap or overlap""]","[""B""]",B,"[2,4]",6,6,gap or overlap
combination_1676_open_q1,combination_1676.png,"[""candidate=A; piece_counts=[6, 1]; candidate_total=7; target_total=7; blocking_reason=requires a reflection""]","[""A""]",A,"[6,1]",7,7,requires a reflection
combination_1677_open_q1,combination_1677.png,"[""candidate=B; piece_counts=[2, 5]; candidate_total=7; target_total=8; blocking_reason=wrong cell count""]","[""B""]",B,"[2,5]",7,8,wrong cell count
combination_1678_open_q1,combination_1678.png,"[""candidate=D; piece_counts=[1, 1, 6]; candidate_total=8; target_total=8; blocking_reason=gap or overlap""]","[""D""]",D,"[1,1,6]",8,8,gap or overlap
combination_1679_open_q1,combination_1679.png,"[""candidate=B; piece_counts=[5, 1]; candidate_total=6; target_total=7; blocking_reason=wrong cell count""]","[""B""]",B,"[5,1]",6,7,wrong cell count
combination_1680_open_q1,combination_1680.png,"[""candidate=B; piece_counts=[5, 3]; candidate_total=8; target_total=8; blocking_reason=gap or overlap""]","[""B""]",B,"[5,3]",8,8,gap or overlap
combination_1681_open_q1,combination_1681.png,"[""candidate=B; piece_counts=[2, 4]; candidate_total=6; target_total=6; blocking_reason=requires a reflection""]","[""B""]",B,"[2,4]",6,6,requires a reflection
combination_1682_open_q1,combination_1682.png,"[""candidate=D; piece_counts=[4, 3, 1]; candidate_total=8; target_total=8; blocking_reason=gap or overlap""]","[""D""]",D,"[4,3,1]",8,8,gap or overlap
combination_1683_open_q1,combination_1683.png,"[""candidate=A; piece_counts=[5, 1, 1]; candidate_total=7; target_total=7; blocking_reason=gap or overlap""]","[""A""]",A,"[5,1,1]",7,7,gap or overlap
combination_1684_open_q1,combination_1684.png,"[""candidate=A; piece_counts=[5, 5]; candidate_total=10; target_total=10; blocking_reason=gap or overlap""]","[""A""]",A,"[5,5]",10,10,gap or overlap
combination_1685_open_q1,combination_1685.png,"[""candidate=C; piece_counts=[4, 1, 1, 1]; candidate_total=7; target_total=8; blocking_reason=wrong cell count""]","[""C""]",C,"[4,1,1,1]",7,8,wrong cell count
combination_1686_open_q1,combination_1686.png,"[""candidate=C; piece_counts=[5, 1]; candidate_total=6; target_total=6; blocking_reason=gap or overlap""]","[""C""]",C,"[5,1]",6,6,gap or overlap
combination_1687_open_q1,combination_1687.png,"[""candidate=B; piece_counts=[4, 1]; candidate_total=5; target_total=6; blocking_reason=wrong cell count""]","[""B""]",B,"[4,1]",5,6,wrong cell count
combination_1688_open_q1,combination_1688.png,"[""candidate=A; piece_counts=[5, 1]; candidate_total=6; target_total=7; blocking_reason=wrong cell count""]","[""A""]",A,"[5,1]",6,7,wrong cell count
combination_1689_open_q1,combination_1689.png,"[""candidate=B; piece_counts=[8, 1]; candidate_total=9; target_total=10; blocking_reason=wrong cell count""]","[""B""]",B,"[8,1]",9,10,wrong cell count
combination_1690_open_q1,combination_1690.png,"[""candidate=A; piece_counts=[7, 2]; candidate_total=9; target_total=9; blocking_reason=gap or overlap""]","[""A""]",A,"[7,2]",9,9,gap or overlap
combination_1691_open_q1,combination_1691.png,"[""candidate=B; piece_counts=[5, 3, 2]; candidate_total=10; target_total=10; blocking_reason=gap or overlap""]","[""B""]",B,"[5,3,2]",10,10,gap or overlap
combination_1692_open_q1,combination_1692.png,"[""candidate=C; piece_counts=[3, 3]; candidate_total=6; target_total=7; blocking_reason=wrong cell count""]","[""C""]",C,"[3,3]",6,7,wrong cell count
combination_1693_open_q1,combination_1693.png,"[""candidate=B; piece_counts=[2, 4]; candidate_total=6; target_total=7; blocking_reason=wrong cell count""]","[""B""]",B,"[2,4]",6,7,wrong cell count
combination_1694_open_q1,combination_1694.png,"[""candidate=D; piece_counts=[4, 3]; candidate_total=7; target_total=7; blocking_reason=requires a reflection""]","[""D""]",D,"[4,3]",7,7,requires a reflection
combination_1695_open_q1,combination_1695.png,"[""candidate=B; piece_counts=[4, 1, 2, 1]; candidate_total=8; target_total=9; blocking_reason=wrong cell count""]","[""B""]",B,"[4,1,2,1]",8,9,wrong cell count
combination_1696_open_q1,combination_1696.png,"[""candidate=C; piece_counts=[5, 1]; candidate_total=6; target_total=7; blocking_reason=wrong cell count""]","[""C""]",C,"[5,1]",6,7,wrong cell count
combination_1697_open_q1,combination_1697.png,"[""candidate=B; piece_counts=[4, 5]; candidate_total=9; target_total=9; blocking_reason=gap or overlap""]","[""B""]",B,"[4,5]",9,9,gap or overlap
combination_1698_open_q1,combination_1698.png,"[""candidate=C; piece_counts=[4, 2]; candidate_total=6; target_total=7; blocking_reason=wrong cell count""]","[""C""]",C,"[4,2]",6,7,wrong cell count
combination_1699_open_q1,combination_1699.png,"[""candidate=A; piece_counts=[5, 2]; candidate_total=7; target_total=7; blocking_reason=gap or overlap""]","[""A""]",A,"[5,2]",7,7,gap or overlap
combination_1700_open_q1,combination_1700.png,"[""candidate=B; piece_counts=[1, 2, 6]; candidate_total=9; target_total=9; blocking_reason=gap or overlap""]","[""B""]",B,"[1,2,6]",9,9,gap or overlap
combination_1701_open_q1,combination_1701.png,"[""candidate=B; piece_counts=[8, 1]; candidate_total=9; target_total=9; blocking_reason=gap or overlap""]","[""B""]",B,"[8,1]",9,9,gap or overlap
combination_1702_open_q1,combination_1702.png,"[""candidate=A; piece_counts=[7, 1]; candidate_total=8; target_total=8; blocking_reason=requires a reflection""]","[""A""]",A,"[7,1]",8,8,requires a reflection
combination_1703_open_q1,combination_1703.png,"[""candidate=D; piece_counts=[8, 1]; candidate_total=9; target_total=9; blocking_reason=gap or overlap""]","[""D""]",D,"[8,1]",9,9,gap or overlap
combination_1704_open_q1,combination_1704.png,"[""candidate=A; piece_counts=[3, 4]; candidate_total=7; target_total=7; blocking_reason=gap or overlap""]","[""A""]",A,"[3,4]",7,7,gap or overlap
combination_1705_open_q1,combination_1705.png,"[""candidate=B; piece_counts=[4, 1]; candidate_total=5; target_total=6; blocking_reason=wrong cell count""]","[""B""]",B,"[4,1]",5,6,wrong cell count
combination_1706_open_q1,combination_1706.png,"[""candidate=C; piece_counts=[8, 1]; candidate_total=9; target_total=9; blocking_reason=gap or overlap""]","[""C""]",C,"[8,1]",9,9,gap or overlap
combination_1707_open_q1,combination_1707.png,"[""candidate=A; piece_counts=[5, 1]; candidate_total=6; target_total=6; blocking_reason=requires a reflection""]","[""A""]",A,"[5,1]",6,6,requires a reflection
combination_1708_open_q1,combination_1708.png,"[""candidate=B; piece_counts=[2, 3, 3]; candidate_total=8; target_total=9; blocking_reason=wrong cell count""]","[""B""]",B,"[2,3,3]",8,9,wrong cell count
combination_1709_open_q1,combination_1709.png,"[""candidate=C; piece_counts=[8, 2]; candidate_total=10; target_total=10; blocking_reason=requires a reflection""]","[""C""]",C,"[8,2]",10,10,requires a reflection
combination_1710_open_q1,combination_1710.png,"[""candidate=D; piece_counts=[4, 2]; candidate_total=6; target_total=6; blocking_reason=requires a reflection""]","[""D""]",D,"[4,2]",6,6,requires a reflection
combination_1711_open_q1,combination_1711.png,"[""candidate=B; piece_counts=[1, 7]; candidate_total=8; target_total=8; blocking_reason=requires a reflection""]","[""B""]",B,"[1,7]",8,8,requires a reflection
combination_1712_open_q1,combination_1712.png,"[""candidate=C; piece_counts=[8, 1]; candidate_total=9; target_total=9; blocking_reason=gap or overlap""]","[""C""]",C,"[8,1]",9,9,gap or overlap
combination_1713_open_q1,combination_1713.png,"[""candidate=B; piece_counts=[3, 1, 2]; candidate_total=6; target_total=7; blocking_reason=wrong cell count""]","[""B""]",B,"[3,1,2]",6,7,wrong cell count
combination_1714_open_q1,combination_1714.png,"[""candidate=C; piece_counts=[1, 9]; candidate_total=10; target_total=10; blocking_reason=gap or overlap""]","[""C""]",C,"[1,9]",10,10,gap or overlap
combination_1715_open_q1,combination_1715.png,"[""candidate=B; piece_counts=[4, 2]; candidate_total=6; target_total=7; blocking_reason=wrong cell count""]","[""B""]",B,"[4,2]",6,7,wrong cell count
combination_1716_open_q1,combination_1716.png,"[""candidate=B; piece_counts=[4, 1]; candidate_total=5; target_total=6; blocking_reason=wrong cell count""]","[""B""]",B,"[4,1]",5,6,wrong cell count
combination_1717_open_q1,combination_1717.png,"[""candidate=C; piece_counts=[4, 2]; candidate_total=6; target_total=7; blocking_reason=wrong cell count""]","[""C""]",C,"[4,2]",6,7,wrong cell count
combination_1718_open_q1,combination_1718.png,"[""candidate=C; piece_counts=[6, 4]; candidate_total=10; target_total=10; blocking_reason=gap or overlap""]","[""C""]",C,"[6,4]",10,10,gap or overlap
combination_1719_open_q1,combination_1719.png,"[""candidate=B; piece_counts=[2, 2, 2]; candidate_total=6; target_total=6; blocking_reason=gap or overlap""]","[""B""]",B,"[2,2,2]",6,6,gap or overlap
combination_1720_open_q1,combination_1720.png,"[""candidate=C; piece_counts=[2, 6, 2]; candidate_total=10; target_total=10; blocking_reason=requires a reflection""]","[""C""]",C,"[2,6,2]",10,10,requires a reflection
combination_1721_open_q1,combination_1721.png,"[""candidate=C; piece_counts=[2, 7]; candidate_total=9; target_total=9; blocking_reason=gap or overlap""]","[""C""]",C,"[2,7]",9,9,gap or overlap
combination_1722_open_q1,combination_1722.png,"[""candidate=A; piece_counts=[2, 8]; candidate_total=10; target_total=10; blocking_reason=requires a reflection""]","[""A""]",A,"[2,8]",10,10,requires a reflection
combination_1723_open_q1,combination_1723.png,"[""candidate=D; piece_counts=[3, 1, 2]; candidate_total=6; target_total=7; blocking_reason=wrong cell count""]","[""D""]",D,"[3,1,2]",6,7,wrong cell count
combination_1724_open_q1,combination_1724.png,"[""candidate=A; piece_counts=[7, 1]; candidate_total=8; target_total=9; blocking_reason=wrong cell count""]","[""A""]",A,"[7,1]",8,9,wrong cell count
combination_1725_open_q1,combination_1725.png,"[""candidate=C; piece_counts=[5, 1]; candidate_total=6; target_total=6; blocking_reason=requires a reflection""]","[""C""]",C,"[5,1]",6,6,requires a reflection
combination_1726_open_q1,combination_1726.png,"[""candidate=D; piece_counts=[8, 1]; candidate_total=9; target_total=9; blocking_reason=requires a reflection""]","[""D""]",D,"[8,1]",9,9,requires a reflection
combination_1727_open_q1,combination_1727.png,"[""candidate=B; piece_counts=[9, 1]; candidate_total=10; target_total=10; blocking_reason=requires a reflection""]","[""B""]",B,"[9,1]",10,10,requires a reflection
combination_1728_open_q1,combination_1728.png,"[""candidate=A; piece_counts=[2, 6]; candidate_total=8; target_total=9; blocking_reason=wrong cell count""]","[""A""]",A,"[2,6]",8,9,wrong cell count
combination_1729_open_q1,combination_1729.png,"[""candidate=B; piece_counts=[6, 3]; candidate_total=9; target_total=9; blocking_reason=gap or overlap""]","[""B""]",B,"[6,3]",9,9,gap or overlap
combination_1730_open_q1,combination_1730.png,"[""candidate=C; piece_counts=[1, 1, 5]; candidate_total=7; target_total=7; blocking_reason=gap or overlap""]","[""C""]",C,"[1,1,5]",7,7,gap or overlap
combination_1731_open_q1,combination_1731.png,"[""candidate=A; piece_counts=[5, 1, 3]; candidate_total=9; target_total=9; blocking_reason=gap or overlap""]","[""A""]",A,"[5,1,3]",9,9,gap or overlap
combination_1732_open_q1,combination_1732.png,"[""candidate=B; piece_counts=[6, 1, 2]; candidate_total=9; target_total=10; blocking_reason=wrong cell count""]","[""B""]",B,"[6,1,2]",9,10,wrong cell count
combination_1733_open_q1,combination_1733.png,"[""candidate=D; piece_counts=[7, 2]; candidate_total=9; target_total=10; blocking_reason=wrong cell count""]","[""D""]",D,"[7,2]",9,10,wrong cell count
combination_1734_open_q1,combination_1734.png,"[""candidate=A; piece_counts=[3, 5]; candidate_total=8; target_total=8; blocking_reason=gap or overlap""]","[""A""]",A,"[3,5]",8,8,gap or overlap
combination_1735_open_q1,combination_1735.png,"[""candidate=A; piece_counts=[7, 1]; candidate_total=8; target_total=9; blocking_reason=wrong cell count""]","[""A""]",A,"[7,1]",8,9,wrong cell count
combination_1736_open_q1,combination_1736.png,"[""candidate=A; piece_counts=[6, 1]; candidate_total=7; target_total=8; blocking_reason=wrong cell count""]","[""A""]",A,"[6,1]",7,8,wrong cell count
combination_1737_open_q1,combination_1737.png,"[""candidate=B; piece_counts=[8, 1]; candidate_total=9; target_total=9; blocking_reason=gap or overlap""]","[""B""]",B,"[8,1]",9,9,gap or overlap
combination_1738_open_q1,combination_1738.png,"[""candidate=A; piece_counts=[1, 8]; candidate_total=9; target_total=9; blocking_reason=gap or overlap""]","[""A""]",A,"[1,8]",9,9,gap or overlap
combination_1739_open_q1,combination_1739.png,"[""candidate=A; piece_counts=[5, 4]; candidate_total=9; target_total=9; blocking_reason=gap or overlap""]","[""A""]",A,"[5,4]",9,9,gap or overlap
combination_1740_open_q1,combination_1740.png,"[""candidate=C; piece_counts=[1, 6]; candidate_total=7; target_total=7; blocking_reason=gap or overlap""]","[""C""]",C,"[1,6]",7,7,gap or overlap
combination_1741_open_q1,combination_1741.png,"[""candidate=B; piece_counts=[4, 1, 1]; candidate_total=6; target_total=7; blocking_reason=wrong cell count""]","[""B""]",B,"[4,1,1]",6,7,wrong cell count
combination_1742_open_q1,combination_1742.png,"[""candidate=D; piece_counts=[4, 2, 1]; candidate_total=7; target_total=8; blocking_reason=wrong cell count""]","[""D""]",D,"[4,2,1]",7,8,wrong cell count
combination_1743_open_q1,combination_1743.png,"[""candidate=D; piece_counts=[1, 5]; candidate_total=6; target_total=6; blocking_reason=gap or overlap""]","[""D""]",D,"[1,5]",6,6,gap or overlap
combination_1744_open_q1,combination_1744.png,"[""candidate=B; piece_counts=[2, 2, 4, 2]; candidate_total=10; target_total=10; blocking_reason=gap or overlap""]","[""B""]",B,"[2,2,4,2]",10,10,gap or overlap
combination_1745_open_q1,combination_1745.png,"[""candidate=C; piece_counts=[4, 1, 2, 1]; candidate_total=8; target_total=8; blocking_reason=requires a reflection""]","[""C""]",C,"[4,1,2,1]",8,8,requires a reflection
combination_1746_open_q1,combination_1746.png,"[""candidate=A; piece_counts=[2, 2, 4]; candidate_total=8; target_total=9; blocking_reason=wrong cell count""]","[""A""]",A,"[2,2,4]",8,9,wrong cell count
combination_1747_open_q1,combination_1747.png,"[""candidate=A; piece_counts=[5, 2, 2]; candidate_total=9; target_total=9; blocking_reason=requires a reflection""]","[""A""]",A,"[5,2,2]",9,9,requires a reflection
combination_1748_open_q1,combination_1748.png,"[""candidate=B; piece_counts=[7, 1]; candidate_total=8; target_total=9; blocking_reason=wrong cell count""]","[""B""]",B,"[7,1]",8,9,wrong cell count
combination_1749_open_q1,combination_1749.png,"[""candidate=C; piece_counts=[1, 9]; candidate_total=10; target_total=10; blocking_reason=gap or overlap""]","[""C""]",C,"[1,9]",10,10,gap or overlap
combination_1750_open_q1,combination_1750.png,"[""candidate=A; piece_counts=[2, 3]; candidate_total=5; target_total=6; blocking_reason=wrong cell count""]","[""A""]",A,"[2,3]",5,6,wrong cell count
combination_1751_open_q1,combination_1751.png,"[""candidate=D; piece_counts=[2, 5]; candidate_total=7; target_total=7; blocking_reason=requires a reflection""]","[""D""]",D,"[2,5]",7,7,requires a reflection
combination_1752_open_q1,combination_1752.png,"[""candidate=C; piece_counts=[3, 1, 1]; candidate_total=5; target_total=6; blocking_reason=wrong cell count""]","[""C""]",C,"[3,1,1]",5,6,wrong cell count
combination_1753_open_q1,combination_1753.png,"[""candidate=B; piece_counts=[5, 2]; candidate_total=7; target_total=7; blocking_reason=requires a reflection""]","[""B""]",B,"[5,2]",7,7,requires a reflection
combination_1754_open_q1,combination_1754.png,"[""candidate=C; piece_counts=[1, 6]; candidate_total=7; target_total=7; blocking_reason=gap or overlap""]","[""C""]",C,"[1,6]",7,7,gap or overlap
combination_1755_open_q1,combination_1755.png,"[""candidate=B; piece_counts=[1, 7]; candidate_total=8; target_total=9; blocking_reason=wrong cell count""]","[""B""]",B,"[1,7]",8,9,wrong cell count
combination_1756_open_q1,combination_1756.png,"[""candidate=C; piece_counts=[5, 4]; candidate_total=9; target_total=9; blocking_reason=requires a reflection""]","[""C""]",C,"[5,4]",9,9,requires a reflection
combination_1757_open_q1,combination_1757.png,"[""candidate=C; piece_counts=[4, 6]; candidate_total=10; target_total=10; blocking_reason=requires a reflection""]","[""C""]",C,"[4,6]",10,10,requires a reflection
combination_1758_open_q1,combination_1758.png,"[""candidate=A; piece_counts=[8, 1]; candidate_total=9; target_total=9; blocking_reason=requires a reflection""]","[""A""]",A,"[8,1]",9,9,requires a reflection
combination_1759_open_q1,combination_1759.png,"[""candidate=B; piece_counts=[2, 5]; candidate_total=7; target_total=7; blocking_reason=requires a reflection""]","[""B""]",B,"[2,5]",7,7,requires a reflection
combination_1760_open_q1,combination_1760.png,"[""candidate=C; piece_counts=[4, 2]; candidate_total=6; target_total=7; blocking_reason=wrong cell count""]","[""C""]",C,"[4,2]",6,7,wrong cell count
combination_1761_open_q1,combination_1761.png,"[""candidate=B; piece_counts=[1, 8]; candidate_total=9; target_total=9; blocking_reason=gap or overlap""]","[""B""]",B,"[1,8]",9,9,gap or overlap
combination_1762_open_q1,combination_1762.png,"[""candidate=D; piece_counts=[5, 1]; candidate_total=6; target_total=7; blocking_reason=wrong cell count""]","[""D""]",D,"[5,1]",6,7,wrong cell count
combination_1763_open_q1,combination_1763.png,"[""candidate=B; piece_counts=[5, 1, 1]; candidate_total=7; target_total=8; blocking_reason=wrong cell count""]","[""B""]",B,"[5,1,1]",7,8,wrong cell count
combination_1764_open_q1,combination_1764.png,"[""candidate=C; piece_counts=[7, 1]; candidate_total=8; target_total=8; blocking_reason=requires a reflection""]","[""C""]",C,"[7,1]",8,8,requires a reflection
combination_1765_open_q1,combination_1765.png,"[""candidate=D; piece_counts=[4, 2]; candidate_total=6; target_total=7; blocking_reason=wrong cell count""]","[""D""]",D,"[4,2]",6,7,wrong cell count
combination_1766_open_q1,combination_1766.png,"[""candidate=D; piece_counts=[7, 2]; candidate_total=9; target_total=9; blocking_reason=gap or overlap""]","[""D""]",D,"[7,2]",9,9,gap or overlap
combination_1767_open_q1,combination_1767.png,"[""candidate=A; piece_counts=[6, 2, 2]; candidate_total=10; target_total=10; blocking_reason=gap or overlap""]","[""A""]",A,"[6,2,2]",10,10,gap or overlap
combination_1768_open_q1,combination_1768.png,"[""candidate=C; piece_counts=[1, 6, 1]; candidate_total=8; target_total=8; blocking_reason=requires a reflection""]","[""C""]",C,"[1,6,1]",8,8,requires a reflection
combination_1769_open_q1,combination_1769.png,"[""candidate=D; piece_counts=[9, 1]; candidate_total=10; target_total=10; blocking_reason=requires a reflection""]","[""D""]",D,"[9,1]",10,10,requires a reflection
combination_1770_open_q1,combination_1770.png,"[""candidate=D; piece_counts=[1, 5, 2, 2]; candidate_total=10; target_total=10; blocking_reason=gap or overlap""]","[""D""]",D,"[1,5,2,2]",10,10,gap or overlap
combination_1771_open_q1,combination_1771.png,"[""candidate=A; piece_counts=[1, 4, 1]; candidate_total=6; target_total=6; blocking_reason=gap or overlap""]","[""A""]",A,"[1,4,1]",6,6,gap or overlap
combination_1772_open_q1,combination_1772.png,"[""candidate=A; piece_counts=[1, 5, 4]; candidate_total=10; target_total=10; blocking_reason=gap or overlap""]","[""A""]",A,"[1,5,4]",10,10,gap or overlap
combination_1773_open_q1,combination_1773.png,"[""candidate=B; piece_counts=[4, 4]; candidate_total=8; target_total=8; blocking_reason=gap or overlap""]","[""B""]",B,"[4,4]",8,8,gap or overlap
combination_1774_open_q1,combination_1774.png,"[""candidate=C; piece_counts=[7, 1, 1]; candidate_total=9; target_total=9; blocking_reason=requires a reflection""]","[""C""]",C,"[7,1,1]",9,9,requires a reflection
combination_1775_open_q1,combination_1775.png,"[""candidate=D; piece_counts=[5, 1]; candidate_total=6; target_total=6; blocking_reason=requires a reflection""]","[""D""]",D,"[5,1]",6,6,requires a reflection
combination_1776_open_q1,combination_1776.png,"[""candidate=A; piece_counts=[4, 2]; candidate_total=6; target_total=6; blocking_reason=gap or overlap""]","[""A""]",A,"[4,2]",6,6,gap or overlap
combination_1777_open_q1,combination_1777.png,"[""candidate=B; piece_counts=[4, 1, 1]; candidate_total=6; target_total=7; blocking_reason=wrong cell count""]","[""B""]",B,"[4,1,1]",6,7,wrong cell count
combination_1778_open_q1,combination_1778.png,"[""candidate=D; piece_counts=[2, 5]; candidate_total=7; target_total=7; blocking_reason=gap or overlap""]","[""D""]",D,"[2,5]",7,7,gap or overlap
combination_1779_open_q1,combination_1779.png,"[""candidate=A; piece_counts=[5, 1]; candidate_total=6; target_total=6; blocking_reason=requires a reflection""]","[""A""]",A,"[5,1]",6,6,requires a reflection
combination_1780_open_q1,combination_1780.png,"[""candidate=A; piece_counts=[6, 1]; candidate_total=7; target_total=8; blocking_reason=wrong cell count""]","[""A""]",A,"[6,1]",7,8,wrong cell count
combination_1781_open_q1,combination_1781.png,"[""candidate=C; piece_counts=[7, 1]; candidate_total=8; target_total=8; blocking_reason=requires a reflection""]","[""C""]",C,"[7,1]",8,8,requires a reflection
combination_1782_open_q1,combination_1782.png,"[""candidate=D; piece_counts=[2, 3]; candidate_total=5; target_total=6; blocking_reason=wrong cell count""]","[""D""]",D,"[2,3]",5,6,wrong cell count
combination_1783_open_q1,combination_1783.png,"[""candidate=A; piece_counts=[6, 2, 1]; candidate_total=9; target_total=10; blocking_reason=wrong cell count""]","[""A""]",A,"[6,2,1]",9,10,wrong cell count
combination_1784_open_q1,combination_1784.png,"[""candidate=C; piece_counts=[5, 4]; candidate_total=9; target_total=9; blocking_reason=gap or overlap""]","[""C""]",C,"[5,4]",9,9,gap or overlap
combination_1785_open_q1,combination_1785.png,"[""candidate=C; piece_counts=[2, 3, 1]; candidate_total=6; target_total=7; blocking_reason=wrong cell count""]","[""C""]",C,"[2,3,1]",6,7,wrong cell count
combination_1786_open_q1,combination_1786.png,"[""candidate=D; piece_counts=[1, 6]; candidate_total=7; target_total=7; blocking_reason=gap or overlap""]","[""D""]",D,"[1,6]",7,7,gap or overlap
combination_1787_open_q1,combination_1787.png,"[""candidate=B; piece_counts=[2, 3]; candidate_total=5; target_total=6; blocking_reason=wrong cell count""]","[""B""]",B,"[2,3]",5,6,wrong cell count
combination_1788_open_q1,combination_1788.png,"[""candidate=C; piece_counts=[5, 1]; candidate_total=6; target_total=6; blocking_reason=requires a reflection""]","[""C""]",C,"[5,1]",6,6,requires a reflection
combination_1789_open_q1,combination_1789.png,"[""candidate=B; piece_counts=[5, 4]; candidate_total=9; target_total=10; blocking_reason=wrong cell count""]","[""B""]",B,"[5,4]",9,10,wrong cell count
combination_1790_open_q1,combination_1790.png,"[""candidate=C; piece_counts=[2, 2, 4]; candidate_total=8; target_total=8; blocking_reason=gap or overlap""]","[""C""]",C,"[2,2,4]",8,8,gap or overlap
combination_1791_open_q1,combination_1791.png,"[""candidate=A; piece_counts=[1, 4, 4, 1]; candidate_total=10; target_total=10; blocking_reason=requires a reflection""]","[""A""]",A,"[1,4,4,1]",10,10,requires a reflection
combination_1792_open_q1,combination_1792.png,"[""candidate=A; piece_counts=[1, 8]; candidate_total=9; target_total=9; blocking_reason=requires a reflection""]","[""A""]",A,"[1,8]",9,9,requires a reflection
combination_1793_open_q1,combination_1793.png,"[""candidate=B; piece_counts=[5, 1, 1]; candidate_total=7; target_total=7; blocking_reason=requires a reflection""]","[""B""]",B,"[5,1,1]",7,7,requires a reflection
combination_1794_open_q1,combination_1794.png,"[""candidate=C; piece_counts=[5, 2]; candidate_total=7; target_total=7; blocking_reason=requires a reflection""]","[""C""]",C,"[5,2]",7,7,requires a reflection
combination_1795_open_q1,combination_1795.png,"[""candidate=B; piece_counts=[4, 2]; candidate_total=6; target_total=6; blocking_reason=requires a reflection""]","[""B""]",B,"[4,2]",6,6,requires a reflection
combination_1796_open_q1,combination_1796.png,"[""candidate=A; piece_counts=[8, 1]; candidate_total=9; target_total=9; blocking_reason=requires a reflection""]","[""A""]",A,"[8,1]",9,9,requires a reflection
combination_1797_open_q1,combination_1797.png,"[""candidate=B; piece_counts=[4, 2]; candidate_total=6; target_total=6; blocking_reason=requires a reflection""]","[""B""]",B,"[4,2]",6,6,requires a reflection
combination_1798_open_q1,combination_1798.png,"[""candidate=A; piece_counts=[7, 2]; candidate_total=9; target_total=10; blocking_reason=wrong cell count""]","[""A""]",A,"[7,2]",9,10,wrong cell count
combination_1799_open_q1,combination_1799.png,"[""candidate=D; piece_counts=[4, 2]; candidate_total=6; target_total=7; blocking_reason=wrong cell count""]","[""D""]",D,"[4,2]",6,7,wrong cell count
combination_1800_open_q1,combination_1800.png,"[""candidate=B; piece_counts=[4, 1]; candidate_total=5; target_total=6; blocking_reason=wrong cell count""]","[""B""]",B,"[4,1]",5,6,wrong cell count
combination_1801_open_q1,combination_1801.png,"[""candidate=C; piece_counts=[7, 1]; candidate_total=8; target_total=8; blocking_reason=requires a reflection""]","[""C""]",C,"[7,1]",8,8,requires a reflection
combination_1802_open_q1,combination_1802.png,"[""candidate=A; piece_counts=[5, 4]; candidate_total=9; target_total=9; blocking_reason=gap or overlap""]","[""A""]",A,"[5,4]",9,9,gap or overlap
combination_1803_open_q1,combination_1803.png,"[""candidate=A; piece_counts=[8, 2]; candidate_total=10; target_total=10; blocking_reason=requires a reflection""]","[""A""]",A,"[8,2]",10,10,requires a reflection
combination_1804_open_q1,combination_1804.png,"[""candidate=C; piece_counts=[6, 1]; candidate_total=7; target_total=8; blocking_reason=wrong cell count""]","[""C""]",C,"[6,1]",7,8,wrong cell count
combination_1805_open_q1,combination_1805.png,"[""candidate=C; piece_counts=[5, 1, 1]; candidate_total=7; target_total=7; blocking_reason=requires a reflection""]","[""C""]",C,"[5,1,1]",7,7,requires a reflection
combination_1806_open_q1,combination_1806.png,"[""candidate=C; piece_counts=[5, 3]; candidate_total=8; target_total=8; blocking_reason=gap or overlap""]","[""C""]",C,"[5,3]",8,8,gap or overlap
combination_1807_open_q1,combination_1807.png,"[""candidate=B; piece_counts=[5, 2]; candidate_total=7; target_total=7; blocking_reason=gap or overlap""]","[""B""]",B,"[5,2]",7,7,gap or overlap
combination_1808_open_q1,combination_1808.png,"[""candidate=C; piece_counts=[6, 1]; candidate_total=7; target_total=7; blocking_reason=requires a reflection""]","[""C""]",C,"[6,1]",7,7,requires a reflection
combination_1809_open_q1,combination_1809.png,"[""candidate=B; piece_counts=[5, 2]; candidate_total=7; target_total=8; blocking_reason=wrong cell count""]","[""B""]",B,"[5,2]",7,8,wrong cell count
combination_1810_open_q1,combination_1810.png,"[""candidate=C; piece_counts=[5, 1]; candidate_total=6; target_total=6; blocking_reason=requires a reflection""]","[""C""]",C,"[5,1]",6,6,requires a reflection
combination_1811_open_q1,combination_1811.png,"[""candidate=A; piece_counts=[8, 1]; candidate_total=9; target_total=10; blocking_reason=wrong cell count""]","[""A""]",A,"[8,1]",9,10,wrong cell count
combination_1812_open_q1,combination_1812.png,"[""candidate=B; piece_counts=[1, 7]; candidate_total=8; target_total=8; blocking_reason=gap or overlap""]","[""B""]",B,"[1,7]",8,8,gap or overlap
combination_1813_open_q1,combination_1813.png,"[""candidate=B; piece_counts=[7, 1, 1]; candidate_total=9; target_total=9; blocking_reason=requires a reflection""]","[""B""]",B,"[7,1,1]",9,9,requires a reflection
combination_1814_open_q1,combination_1814.png,"[""candidate=D; piece_counts=[5, 3]; candidate_total=8; target_total=8; blocking_reason=requires a reflection""]","[""D""]",D,"[5,3]",8,8,requires a reflection
combination_1815_open_q1,combination_1815.png,"[""candidate=D; piece_counts=[1, 9]; candidate_total=10; target_total=10; blocking_reason=gap or overlap""]","[""D""]",D,"[1,9]",10,10,gap or overlap
combination_1816_open_q1,combination_1816.png,"[""candidate=B; piece_counts=[9, 1]; candidate_total=10; target_total=10; blocking_reason=requires a reflection""]","[""B""]",B,"[9,1]",10,10,requires a reflection
combination_1817_open_q1,combination_1817.png,"[""candidate=B; piece_counts=[1, 9]; candidate_total=10; target_total=10; blocking_reason=requires a reflection""]","[""B""]",B,"[1,9]",10,10,requires a reflection
combination_1818_open_q1,combination_1818.png,"[""candidate=D; piece_counts=[4, 4]; candidate_total=8; target_total=8; blocking_reason=gap or overlap""]","[""D""]",D,"[4,4]",8,8,gap or overlap
combination_1819_open_q1,combination_1819.png,"[""candidate=B; piece_counts=[6, 2]; candidate_total=8; target_total=8; blocking_reason=requires a reflection""]","[""B""]",B,"[6,2]",8,8,requires a reflection
combination_1820_open_q1,combination_1820.png,"[""candidate=B; piece_counts=[8, 1]; candidate_total=9; target_total=9; blocking_reason=requires a reflection""]","[""B""]",B,"[8,1]",9,9,requires a reflection
combination_1821_open_q1,combination_1821.png,"[""candidate=C; piece_counts=[8, 1]; candidate_total=9; target_total=10; blocking_reason=wrong cell count""]","[""C""]",C,"[8,1]",9,10,wrong cell count
combination_1822_open_q1,combination_1822.png,"[""candidate=A; piece_counts=[7, 1]; candidate_total=8; target_total=8; blocking_reason=requires a reflection""]","[""A""]",A,"[7,1]",8,8,requires a reflection
combination_1823_open_q1,combination_1823.png,"[""candidate=A; piece_counts=[1, 5]; candidate_total=6; target_total=6; blocking_reason=gap or overlap""]","[""A""]",A,"[1,5]",6,6,gap or overlap
combination_1824_open_q1,combination_1824.png,"[""candidate=B; piece_counts=[7, 2]; candidate_total=9; target_total=9; blocking_reason=requires a reflection""]","[""B""]",B,"[7,2]",9,9,requires a reflection
combination_1825_open_q1,combination_1825.png,"[""candidate=C; piece_counts=[7, 1]; candidate_total=8; target_total=8; blocking_reason=gap or overlap""]","[""C""]",C,"[7,1]",8,8,gap or overlap
combination_1826_open_q1,combination_1826.png,"[""candidate=A; piece_counts=[2, 5]; candidate_total=7; target_total=7; blocking_reason=gap or overlap""]","[""A""]",A,"[2,5]",7,7,gap or overlap
combination_1827_open_q1,combination_1827.png,"[""candidate=A; piece_counts=[3, 3, 1]; candidate_total=7; target_total=7; blocking_reason=gap or overlap""]","[""A""]",A,"[3,3,1]",7,7,gap or overlap
combination_1828_open_q1,combination_1828.png,"[""candidate=A; piece_counts=[1, 5]; candidate_total=6; target_total=6; blocking_reason=requires a reflection""]","[""A""]",A,"[1,5]",6,6,requires a reflection
combination_1829_open_q1,combination_1829.png,"[""candidate=D; piece_counts=[5, 1, 1]; candidate_total=7; target_total=7; blocking_reason=requires a reflection""]","[""D""]",D,"[5,1,1]",7,7,requires a reflection
combination_1830_open_q1,combination_1830.png,"[""candidate=A; piece_counts=[5, 4]; candidate_total=9; target_total=9; blocking_reason=gap or overlap""]","[""A""]",A,"[5,4]",9,9,gap or overlap
combination_1831_open_q1,combination_1831.png,"[""candidate=A; piece_counts=[1, 4, 1, 4]; candidate_total=10; target_total=10; blocking_reason=gap or overlap""]","[""A""]",A,"[1,4,1,4]",10,10,gap or overlap
combination_1832_open_q1,combination_1832.png,"[""candidate=A; piece_counts=[6, 4]; candidate_total=10; target_total=10; blocking_reason=requires a reflection""]","[""A""]",A,"[6,4]",10,10,requires a reflection
combination_1833_open_q1,combination_1833.png,"[""candidate=B; piece_counts=[8, 1]; candidate_total=9; target_total=10; blocking_reason=wrong cell count""]","[""B""]",B,"[8,1]",9,10,wrong cell count
combination_1834_open_q1,combination_1834.png,"[""candidate=A; piece_counts=[4, 1, 3]; candidate_total=8; target_total=8; blocking_reason=gap or overlap""]","[""A""]",A,"[4,1,3]",8,8,gap or overlap
combination_1835_open_q1,combination_1835.png,"[""candidate=A; piece_counts=[5, 1]; candidate_total=6; target_total=6; blocking_reason=requires a reflection""]","[""A""]",A,"[5,1]",6,6,requires a reflection
combination_1836_open_q1,combination_1836.png,"[""candidate=A; piece_counts=[1, 6]; candidate_total=7; target_total=7; blocking_reason=gap or overlap""]","[""A""]",A,"[1,6]",7,7,gap or overlap
combination_1837_open_q1,combination_1837.png,"[""candidate=C; piece_counts=[2, 4]; candidate_total=6; target_total=6; blocking_reason=gap or overlap""]","[""C""]",C,"[2,4]",6,6,gap or overlap
combination_1838_open_q1,combination_1838.png,"[""candidate=D; piece_counts=[2, 4]; candidate_total=6; target_total=6; blocking_reason=requires a reflection""]","[""D""]",D,"[2,4]",6,6,requires a reflection
combination_1839_open_q1,combination_1839.png,"[""candidate=A; piece_counts=[7, 3]; candidate_total=10; target_total=10; blocking_reason=gap or overlap""]","[""A""]",A,"[7,3]",10,10,gap or overlap
combination_1840_open_q1,combination_1840.png,"[""candidate=B; piece_counts=[6, 1, 1, 1]; candidate_total=9; target_total=9; blocking_reason=requires a reflection""]","[""B""]",B,"[6,1,1,1]",9,9,requires a reflection
combination_1841_open_q1,combination_1841.png,"[""candidate=B; piece_counts=[4, 2, 1]; candidate_total=7; target_total=7; blocking_reason=requires a reflection""]","[""B""]",B,"[4,2,1]",7,7,requires a reflection
combination_1842_open_q1,combination_1842.png,"[""candidate=C; piece_counts=[5, 4, 1]; candidate_total=10; target_total=10; blocking_reason=requires a reflection""]","[""C""]",C,"[5,4,1]",10,10,requires a reflection
combination_1843_open_q1,combination_1843.png,"[""candidate=D; piece_counts=[5, 2]; candidate_total=7; target_total=7; blocking_reason=requires a reflection""]","[""D""]",D,"[5,2]",7,7,requires a reflection
combination_1844_open_q1,combination_1844.png,"[""candidate=C; piece_counts=[2, 7]; candidate_total=9; target_total=9; blocking_reason=gap or overlap""]","[""C""]",C,"[2,7]",9,9,gap or overlap
combination_1845_open_q1,combination_1845.png,"[""candidate=B; piece_counts=[2, 7, 1]; candidate_total=10; target_total=10; blocking_reason=requires a reflection""]","[""B""]",B,"[2,7,1]",10,10,requires a reflection
combination_1846_open_q1,combination_1846.png,"[""candidate=A; piece_counts=[8, 1]; candidate_total=9; target_total=9; blocking_reason=requires a reflection""]","[""A""]",A,"[8,1]",9,9,requires a reflection
combination_1847_open_q1,combination_1847.png,"[""candidate=A; piece_counts=[6, 1]; candidate_total=7; target_total=7; blocking_reason=requires a reflection""]","[""A""]",A,"[6,1]",7,7,requires a reflection
combination_1848_open_q1,combination_1848.png,"[""candidate=B; piece_counts=[3, 5]; candidate_total=8; target_total=9; blocking_reason=wrong cell count""]","[""B""]",B,"[3,5]",8,9,wrong cell count
combination_1849_open_q1,combination_1849.png,"[""candidate=B; piece_counts=[1, 7]; candidate_total=8; target_total=9; blocking_reason=wrong cell count""]","[""B""]",B,"[1,7]",8,9,wrong cell count
combination_1850_open_q1,combination_1850.png,"[""candidate=C; piece_counts=[5, 3, 2]; candidate_total=10; target_total=10; blocking_reason=requires a reflection""]","[""C""]",C,"[5,3,2]",10,10,requires a reflection
combination_1851_open_q1,combination_1851.png,"[""candidate=D; piece_counts=[5, 1]; candidate_total=6; target_total=6; blocking_reason=requires a reflection""]","[""D""]",D,"[5,1]",6,6,requires a reflection
combination_1852_open_q1,combination_1852.png,"[""candidate=B; piece_counts=[9, 1]; candidate_total=10; target_total=10; blocking_reason=requires a reflection""]","[""B""]",B,"[9,1]",10,10,requires a reflection
combination_1853_open_q1,combination_1853.png,"[""candidate=B; piece_counts=[3, 3, 2]; candidate_total=8; target_total=9; blocking_reason=wrong cell count""]","[""B""]",B,"[3,3,2]",8,9,wrong cell count
combination_1854_open_q1,combination_1854.png,"[""candidate=D; piece_counts=[9, 1]; candidate_total=10; target_total=10; blocking_reason=requires a reflection""]","[""D""]",D,"[9,1]",10,10,requires a reflection
combination_1855_open_q1,combination_1855.png,"[""candidate=B; piece_counts=[8, 1, 1]; candidate_total=10; target_total=10; blocking_reason=requires a reflection""]","[""B""]",B,"[8,1,1]",10,10,requires a reflection
combination_1856_open_q1,combination_1856.png,"[""candidate=B; piece_counts=[7, 1]; candidate_total=8; target_total=8; blocking_reason=gap or overlap""]","[""B""]",B,"[7,1]",8,8,gap or overlap
combination_1857_open_q1,combination_1857.png,"[""candidate=D; piece_counts=[6, 2]; candidate_total=8; target_total=8; blocking_reason=gap or overlap""]","[""D""]",D,"[6,2]",8,8,gap or overlap
combination_1858_open_q1,combination_1858.png,"[""candidate=C; piece_counts=[5, 4]; candidate_total=9; target_total=9; blocking_reason=requires a reflection""]","[""C""]",C,"[5,4]",9,9,requires a reflection
combination_1859_open_q1,combination_1859.png,"[""candidate=A; piece_counts=[6, 1, 1, 1]; candidate_total=9; target_total=10; blocking_reason=wrong cell count""]","[""A""]",A,"[6,1,1,1]",9,10,wrong cell count
combination_1860_open_q1,combination_1860.png,"[""candidate=B; piece_counts=[2, 7]; candidate_total=9; target_total=10; blocking_reason=wrong cell count""]","[""B""]",B,"[2,7]",9,10,wrong cell count
combination_1861_open_q1,combination_1861.png,"[""candidate=C; piece_counts=[1, 1, 7]; candidate_total=9; target_total=9; blocking_reason=gap or overlap""]","[""C""]",C,"[1,1,7]",9,9,gap or overlap
combination_1862_open_q1,combination_1862.png,"[""candidate=C; piece_counts=[1, 7, 1]; candidate_total=9; target_total=9; blocking_reason=requires a reflection""]","[""C""]",C,"[1,7,1]",9,9,requires a reflection
combination_1863_open_q1,combination_1863.png,"[""candidate=D; piece_counts=[5, 1]; candidate_total=6; target_total=7; blocking_reason=wrong cell count""]","[""D""]",D,"[5,1]",6,7,wrong cell count
combination_1864_open_q1,combination_1864.png,"[""candidate=C; piece_counts=[4, 4]; candidate_total=8; target_total=8; blocking_reason=gap or overlap""]","[""C""]",C,"[4,4]",8,8,gap or overlap
combination_1865_open_q1,combination_1865.png,"[""candidate=B; piece_counts=[8, 1]; candidate_total=9; target_total=9; blocking_reason=requires a reflection""]","[""B""]",B,"[8,1]",9,9,requires a reflection
combination_1866_open_q1,combination_1866.png,"[""candidate=C; piece_counts=[2, 2, 2]; candidate_total=6; target_total=6; blocking_reason=gap or overlap""]","[""C""]",C,"[2,2,2]",6,6,gap or overlap
combination_1867_open_q1,combination_1867.png,"[""candidate=D; piece_counts=[6, 2, 1]; candidate_total=9; target_total=9; blocking_reason=requires a reflection""]","[""D""]",D,"[6,2,1]",9,9,requires a reflection
combination_1868_open_q1,combination_1868.png,"[""candidate=B; piece_counts=[4, 5]; candidate_total=9; target_total=9; blocking_reason=gap or overlap""]","[""B""]",B,"[4,5]",9,9,gap or overlap
combination_1869_open_q1,combination_1869.png,"[""candidate=B; piece_counts=[8, 1]; candidate_total=9; target_total=10; blocking_reason=wrong cell count""]","[""B""]",B,"[8,1]",9,10,wrong cell count
combination_1870_open_q1,combination_1870.png,"[""candidate=D; piece_counts=[4, 1, 1]; candidate_total=6; target_total=7; blocking_reason=wrong cell count""]","[""D""]",D,"[4,1,1]",6,7,wrong cell count
combination_1871_open_q1,combination_1871.png,"[""candidate=B; piece_counts=[1, 3, 1]; candidate_total=5; target_total=6; blocking_reason=wrong cell count""]","[""B""]",B,"[1,3,1]",5,6,wrong cell count
combination_1872_open_q1,combination_1872.png,"[""candidate=C; piece_counts=[7, 1]; candidate_total=8; target_total=8; blocking_reason=requires a reflection""]","[""C""]",C,"[7,1]",8,8,requires a reflection
combination_1873_open_q1,combination_1873.png,"[""candidate=B; piece_counts=[7, 1, 1, 1]; candidate_total=10; target_total=10; blocking_reason=requires a reflection""]","[""B""]",B,"[7,1,1,1]",10,10,requires a reflection
combination_1874_open_q1,combination_1874.png,"[""candidate=A; piece_counts=[1, 7]; candidate_total=8; target_total=8; blocking_reason=gap or overlap""]","[""A""]",A,"[1,7]",8,8,gap or overlap
combination_1875_open_q1,combination_1875.png,"[""candidate=D; piece_counts=[6, 2]; candidate_total=8; target_total=8; blocking_reason=gap or overlap""]","[""D""]",D,"[6,2]",8,8,gap or overlap
combination_1876_open_q1,combination_1876.png,"[""candidate=C; piece_counts=[5, 1]; candidate_total=6; target_total=6; blocking_reason=requires a reflection""]","[""C""]",C,"[5,1]",6,6,requires a reflection
combination_1877_open_q1,combination_1877.png,"[""candidate=D; piece_counts=[6, 2]; candidate_total=8; target_total=8; blocking_reason=requires a reflection""]","[""D""]",D,"[6,2]",8,8,requires a reflection
combination_1878_open_q1,combination_1878.png,"[""candidate=C; piece_counts=[2, 4]; candidate_total=6; target_total=6; blocking_reason=gap or overlap""]","[""C""]",C,"[2,4]",6,6,gap or overlap
combination_1879_open_q1,combination_1879.png,"[""candidate=B; piece_counts=[4, 1, 1]; candidate_total=6; target_total=7; blocking_reason=wrong cell count""]","[""B""]",B,"[4,1,1]",6,7,wrong cell count
combination_1880_open_q1,combination_1880.png,"[""candidate=A; piece_counts=[3, 7]; candidate_total=10; target_total=10; blocking_reason=gap or overlap""]","[""A""]",A,"[3,7]",10,10,gap or overlap
combination_1881_open_q1,combination_1881.png,"[""candidate=D; piece_counts=[8, 1]; candidate_total=9; target_total=9; blocking_reason=requires a reflection""]","[""D""]",D,"[8,1]",9,9,requires a reflection
combination_1882_open_q1,combination_1882.png,"[""candidate=C; piece_counts=[4, 1]; candidate_total=5; target_total=6; blocking_reason=wrong cell count""]","[""C""]",C,"[4,1]",5,6,wrong cell count
combination_1883_open_q1,combination_1883.png,"[""candidate=A; piece_counts=[7, 1]; candidate_total=8; target_total=9; blocking_reason=wrong cell count""]","[""A""]",A,"[7,1]",8,9,wrong cell count
combination_1884_open_q1,combination_1884.png,"[""candidate=B; piece_counts=[4, 1, 2]; candidate_total=7; target_total=8; blocking_reason=wrong cell count""]","[""B""]",B,"[4,1,2]",7,8,wrong cell count
combination_1885_open_q1,combination_1885.png,"[""candidate=D; piece_counts=[3, 3]; candidate_total=6; target_total=6; blocking_reason=gap or overlap""]","[""D""]",D,"[3,3]",6,6,gap or overlap
combination_1886_open_q1,combination_1886.png,"[""candidate=D; piece_counts=[5, 2]; candidate_total=7; target_total=8; blocking_reason=wrong cell count""]","[""D""]",D,"[5,2]",7,8,wrong cell count
combination_1887_open_q1,combination_1887.png,"[""candidate=D; piece_counts=[1, 1, 4, 3]; candidate_total=9; target_total=9; blocking_reason=gap or overlap""]","[""D""]",D,"[1,1,4,3]",9,9,gap or overlap
combination_1888_open_q1,combination_1888.png,"[""candidate=A; piece_counts=[6, 2]; candidate_total=8; target_total=9; blocking_reason=wrong cell count""]","[""A""]",A,"[6,2]",8,9,wrong cell count
combination_1889_open_q1,combination_1889.png,"[""candidate=D; piece_counts=[4, 2]; candidate_total=6; target_total=7; blocking_reason=wrong cell count""]","[""D""]",D,"[4,2]",6,7,wrong cell count
combination_1890_open_q1,combination_1890.png,"[""candidate=D; piece_counts=[6, 1]; candidate_total=7; target_total=7; blocking_reason=gap or overlap""]","[""D""]",D,"[6,1]",7,7,gap or overlap
combination_1891_open_q1,combination_1891.png,"[""candidate=A; piece_counts=[1, 5]; candidate_total=6; target_total=6; blocking_reason=gap or overlap""]","[""A""]",A,"[1,5]",6,6,gap or overlap
combination_1892_open_q1,combination_1892.png,"[""candidate=A; piece_counts=[4, 1, 1]; candidate_total=6; target_total=6; blocking_reason=requires a reflection""]","[""A""]",A,"[4,1,1]",6,6,requires a reflection
combination_1893_open_q1,combination_1893.png,"[""candidate=C; piece_counts=[6, 1, 2]; candidate_total=9; target_total=10; blocking_reason=wrong cell count""]","[""C""]",C,"[6,1,2]",9,10,wrong cell count
combination_1894_open_q1,combination_1894.png,"[""candidate=C; piece_counts=[4, 1]; candidate_total=5; target_total=6; blocking_reason=wrong cell count""]","[""C""]",C,"[4,1]",5,6,wrong cell count
combination_1895_open_q1,combination_1895.png,"[""candidate=A; piece_counts=[7, 1]; candidate_total=8; target_total=9; blocking_reason=wrong cell count""]","[""A""]",A,"[7,1]",8,9,wrong cell count
combination_1896_open_q1,combination_1896.png,"[""candidate=C; piece_counts=[6, 1]; candidate_total=7; target_total=7; blocking_reason=requires a reflection""]","[""C""]",C,"[6,1]",7,7,requires a reflection
combination_1897_open_q1,combination_1897.png,"[""candidate=C; piece_counts=[5, 1]; candidate_total=6; target_total=7; blocking_reason=wrong cell count""]","[""C""]",C,"[5,1]",6,7,wrong cell count
combination_1898_open_q1,combination_1898.png,"[""candidate=D; piece_counts=[5, 2, 1]; candidate_total=8; target_total=9; blocking_reason=wrong cell count""]","[""D""]",D,"[5,2,1]",8,9,wrong cell count
combination_1899_open_q1,combination_1899.png,"[""candidate=B; piece_counts=[1, 6]; candidate_total=7; target_total=7; blocking_reason=gap or overlap""]","[""B""]",B,"[1,6]",7,7,gap or overlap
combination_1900_open_q1,combination_1900.png,"[""candidate=C; piece_counts=[6, 1]; candidate_total=7; target_total=7; blocking_reason=gap or overlap""]","[""C""]",C,"[6,1]",7,7,gap or overlap
combination_1901_open_q1,combination_1901.png,"[""candidate=D; piece_counts=[4, 1, 1]; candidate_total=6; target_total=6; blocking_reason=requires a reflection""]","[""D""]",D,"[4,1,1]",6,6,requires a reflection
combination_1902_open_q1,combination_1902.png,"[""candidate=D; piece_counts=[7, 1]; candidate_total=8; target_total=9; blocking_reason=wrong cell count""]","[""D""]",D,"[7,1]",8,9,wrong cell count
combination_1903_open_q1,combination_1903.png,"[""candidate=B; piece_counts=[3, 4]; candidate_total=7; target_total=7; blocking_reason=gap or overlap""]","[""B""]",B,"[3,4]",7,7,gap or overlap
combination_1904_open_q1,combination_1904.png,"[""candidate=A; piece_counts=[3, 4]; candidate_total=7; target_total=7; blocking_reason=requires a reflection""]","[""A""]",A,"[3,4]",7,7,requires a reflection
combination_1905_open_q1,combination_1905.png,"[""candidate=C; piece_counts=[1, 5]; candidate_total=6; target_total=6; blocking_reason=requires a reflection""]","[""C""]",C,"[1,5]",6,6,requires a reflection
combination_1906_open_q1,combination_1906.png,"[""candidate=A; piece_counts=[4, 1, 1]; candidate_total=6; target_total=7; blocking_reason=wrong cell count""]","[""A""]",A,"[4,1,1]",6,7,wrong cell count
combination_1907_open_q1,combination_1907.png,"[""candidate=A; piece_counts=[7, 2]; candidate_total=9; target_total=10; blocking_reason=wrong cell count""]","[""A""]",A,"[7,2]",9,10,wrong cell count
combination_1908_open_q1,combination_1908.png,"[""candidate=B; piece_counts=[6, 1, 2]; candidate_total=9; target_total=9; blocking_reason=gap or overlap""]","[""B""]",B,"[6,1,2]",9,9,gap or overlap
combination_1909_open_q1,combination_1909.png,"[""candidate=D; piece_counts=[6, 1]; candidate_total=7; target_total=7; blocking_reason=requires a reflection""]","[""D""]",D,"[6,1]",7,7,requires a reflection
combination_1910_open_q1,combination_1910.png,"[""candidate=A; piece_counts=[1, 6]; candidate_total=7; target_total=7; blocking_reason=gap or overlap""]","[""A""]",A,"[1,6]",7,7,gap or overlap
combination_1911_open_q1,combination_1911.png,"[""candidate=D; piece_counts=[6, 4]; candidate_total=10; target_total=10; blocking_reason=requires a reflection""]","[""D""]",D,"[6,4]",10,10,requires a reflection
combination_1912_open_q1,combination_1912.png,"[""candidate=B; piece_counts=[3, 7]; candidate_total=10; target_total=10; blocking_reason=gap or overlap""]","[""B""]",B,"[3,7]",10,10,gap or overlap
combination_1913_open_q1,combination_1913.png,"[""candidate=D; piece_counts=[3, 2, 1]; candidate_total=6; target_total=7; blocking_reason=wrong cell count""]","[""D""]",D,"[3,2,1]",6,7,wrong cell count
combination_1914_open_q1,combination_1914.png,"[""candidate=A; piece_counts=[5, 2]; candidate_total=7; target_total=8; blocking_reason=wrong cell count""]","[""A""]",A,"[5,2]",7,8,wrong cell count
combination_1915_open_q1,combination_1915.png,"[""candidate=D; piece_counts=[1, 6, 1]; candidate_total=8; target_total=8; blocking_reason=gap or overlap""]","[""D""]",D,"[1,6,1]",8,8,gap or overlap
combination_1916_open_q1,combination_1916.png,"[""candidate=C; piece_counts=[1, 5]; candidate_total=6; target_total=6; blocking_reason=gap or overlap""]","[""C""]",C,"[1,5]",6,6,gap or overlap
combination_1917_open_q1,combination_1917.png,"[""candidate=C; piece_counts=[2, 5]; candidate_total=7; target_total=7; blocking_reason=requires a reflection""]","[""C""]",C,"[2,5]",7,7,requires a reflection
combination_1918_open_q1,combination_1918.png,"[""candidate=D; piece_counts=[5, 1]; candidate_total=6; target_total=7; blocking_reason=wrong cell count""]","[""D""]",D,"[5,1]",6,7,wrong cell count
combination_1919_open_q1,combination_1919.png,"[""candidate=B; piece_counts=[2, 3, 4]; candidate_total=9; target_total=9; blocking_reason=gap or overlap""]","[""B""]",B,"[2,3,4]",9,9,gap or overlap
combination_1920_open_q1,combination_1920.png,"[""candidate=B; piece_counts=[2, 5, 1]; candidate_total=8; target_total=8; blocking_reason=requires a reflection""]","[""B""]",B,"[2,5,1]",8,8,requires a reflection
combination_1921_open_q1,combination_1921.png,"[""candidate=C; piece_counts=[4, 1]; candidate_total=5; target_total=6; blocking_reason=wrong cell count""]","[""C""]",C,"[4,1]",5,6,wrong cell count
combination_1922_open_q1,combination_1922.png,"[""candidate=C; piece_counts=[1, 4]; candidate_total=5; target_total=6; blocking_reason=wrong cell count""]","[""C""]",C,"[1,4]",5,6,wrong cell count
combination_1923_open_q1,combination_1923.png,"[""candidate=D; piece_counts=[1, 5, 3]; candidate_total=9; target_total=9; blocking_reason=gap or overlap""]","[""D""]",D,"[1,5,3]",9,9,gap or overlap
combination_1924_open_q1,combination_1924.png,"[""candidate=B; piece_counts=[1, 6, 1]; candidate_total=8; target_total=8; blocking_reason=gap or overlap""]","[""B""]",B,"[1,6,1]",8,8,gap or overlap
combination_1925_open_q1,combination_1925.png,"[""candidate=D; piece_counts=[1, 5]; candidate_total=6; target_total=6; blocking_reason=gap or overlap""]","[""D""]",D,"[1,5]",6,6,gap or overlap
combination_1926_open_q1,combination_1926.png,"[""candidate=D; piece_counts=[5, 1, 1]; candidate_total=7; target_total=8; blocking_reason=wrong cell count""]","[""D""]",D,"[5,1,1]",7,8,wrong cell count
combination_1927_open_q1,combination_1927.png,"[""candidate=D; piece_counts=[6, 1]; candidate_total=7; target_total=8; blocking_reason=wrong cell count""]","[""D""]",D,"[6,1]",7,8,wrong cell count
combination_1928_open_q1,combination_1928.png,"[""candidate=A; piece_counts=[1, 1, 1, 6]; candidate_total=9; target_total=9; blocking_reason=gap or overlap""]","[""A""]",A,"[1,1,1,6]",9,9,gap or overlap
combination_1929_open_q1,combination_1929.png,"[""candidate=D; piece_counts=[1, 8]; candidate_total=9; target_total=10; blocking_reason=wrong cell count""]","[""D""]",D,"[1,8]",9,10,wrong cell count
combination_1930_open_q1,combination_1930.png,"[""candidate=A; piece_counts=[6, 2]; candidate_total=8; target_total=9; blocking_reason=wrong cell count""]","[""A""]",A,"[6,2]",8,9,wrong cell count
combination_1931_open_q1,combination_1931.png,"[""candidate=A; piece_counts=[4, 1, 1]; candidate_total=6; target_total=6; blocking_reason=requires a reflection""]","[""A""]",A,"[4,1,1]",6,6,requires a reflection
combination_1932_open_q1,combination_1932.png,"[""candidate=C; piece_counts=[8, 2]; candidate_total=10; target_total=10; blocking_reason=gap or overlap""]","[""C""]",C,"[8,2]",10,10,gap or overlap
combination_1933_open_q1,combination_1933.png,"[""candidate=D; piece_counts=[7, 1]; candidate_total=8; target_total=8; blocking_reason=gap or overlap""]","[""D""]",D,"[7,1]",8,8,gap or overlap
combination_1934_open_q1,combination_1934.png,"[""candidate=C; piece_counts=[3, 5, 1]; candidate_total=9; target_total=9; blocking_reason=requires a reflection""]","[""C""]",C,"[3,5,1]",9,9,requires a reflection
combination_1935_open_q1,combination_1935.png,"[""candidate=A; piece_counts=[2, 6, 2]; candidate_total=10; target_total=10; blocking_reason=gap or overlap""]","[""A""]",A,"[2,6,2]",10,10,gap or overlap
combination_1936_open_q1,combination_1936.png,"[""candidate=A; piece_counts=[6, 4]; candidate_total=10; target_total=10; blocking_reason=gap or overlap""]","[""A""]",A,"[6,4]",10,10,gap or overlap
combination_1937_open_q1,combination_1937.png,"[""candidate=C; piece_counts=[5, 2, 1]; candidate_total=8; target_total=9; blocking_reason=wrong cell count""]","[""C""]",C,"[5,2,1]",8,9,wrong cell count
combination_1938_open_q1,combination_1938.png,"[""candidate=D; piece_counts=[5, 3]; candidate_total=8; target_total=8; blocking_reason=requires a reflection""]","[""D""]",D,"[5,3]",8,8,requires a reflection
combination_1939_open_q1,combination_1939.png,"[""candidate=B; piece_counts=[6, 1, 1]; candidate_total=8; target_total=8; blocking_reason=gap or overlap""]","[""B""]",B,"[6,1,1]",8,8,gap or overlap
combination_1940_open_q1,combination_1940.png,"[""candidate=C; piece_counts=[5, 1, 1]; candidate_total=7; target_total=7; blocking_reason=requires a reflection""]","[""C""]",C,"[5,1,1]",7,7,requires a reflection
combination_1941_open_q1,combination_1941.png,"[""candidate=D; piece_counts=[3, 2]; candidate_total=5; target_total=6; blocking_reason=wrong cell count""]","[""D""]",D,"[3,2]",5,6,wrong cell count
combination_1942_open_q1,combination_1942.png,"[""candidate=A; piece_counts=[7, 2]; candidate_total=9; target_total=9; blocking_reason=requires a reflection""]","[""A""]",A,"[7,2]",9,9,requires a reflection
combination_1943_open_q1,combination_1943.png,"[""candidate=B; piece_counts=[4, 1]; candidate_total=5; target_total=6; blocking_reason=wrong cell count""]","[""B""]",B,"[4,1]",5,6,wrong cell count
combination_1944_open_q1,combination_1944.png,"[""candidate=B; piece_counts=[1, 1, 5]; candidate_total=7; target_total=8; blocking_reason=wrong cell count""]","[""B""]",B,"[1,1,5]",7,8,wrong cell count
combination_1945_open_q1,combination_1945.png,"[""candidate=C; piece_counts=[1, 4, 1]; candidate_total=6; target_total=7; blocking_reason=wrong cell count""]","[""C""]",C,"[1,4,1]",6,7,wrong cell count
combination_1946_open_q1,combination_1946.png,"[""candidate=D; piece_counts=[1, 6]; candidate_total=7; target_total=7; blocking_reason=requires a reflection""]","[""D""]",D,"[1,6]",7,7,requires a reflection
combination_1947_open_q1,combination_1947.png,"[""candidate=D; piece_counts=[6, 3, 1]; candidate_total=10; target_total=10; blocking_reason=requires a reflection""]","[""D""]",D,"[6,3,1]",10,10,requires a reflection
combination_1948_open_q1,combination_1948.png,"[""candidate=B; piece_counts=[5, 3]; candidate_total=8; target_total=8; blocking_reason=gap or overlap""]","[""B""]",B,"[5,3]",8,8,gap or overlap
combination_1949_open_q1,combination_1949.png,"[""candidate=B; piece_counts=[2, 4]; candidate_total=6; target_total=6; blocking_reason=requires a reflection""]","[""B""]",B,"[2,4]",6,6,requires a reflection
combination_1950_open_q1,combination_1950.png,"[""candidate=A; piece_counts=[5, 1]; candidate_total=6; target_total=7; blocking_reason=wrong cell count""]","[""A""]",A,"[5,1]",6,7,wrong cell count
combination_1951_open_q1,combination_1951.png,"[""candidate=B; piece_counts=[7, 1, 1, 1]; candidate_total=10; target_total=10; blocking_reason=gap or overlap""]","[""B""]",B,"[7,1,1,1]",10,10,gap or overlap
combination_1952_open_q1,combination_1952.png,"[""candidate=B; piece_counts=[1, 4, 3]; candidate_total=8; target_total=8; blocking_reason=gap or overlap""]","[""B""]",B,"[1,4,3]",8,8,gap or overlap
combination_1953_open_q1,combination_1953.png,"[""candidate=B; piece_counts=[5, 5]; candidate_total=10; target_total=10; blocking_reason=gap or overlap""]","[""B""]",B,"[5,5]",10,10,gap or overlap
combination_1954_open_q1,combination_1954.png,"[""candidate=A; piece_counts=[4, 4]; candidate_total=8; target_total=8; blocking_reason=gap or overlap""]","[""A""]",A,"[4,4]",8,8,gap or overlap
combination_1955_open_q1,combination_1955.png,"[""candidate=A; piece_counts=[1, 6]; candidate_total=7; target_total=7; blocking_reason=requires a reflection""]","[""A""]",A,"[1,6]",7,7,requires a reflection
combination_1956_open_q1,combination_1956.png,"[""candidate=C; piece_counts=[1, 5]; candidate_total=6; target_total=6; blocking_reason=gap or overlap""]","[""C""]",C,"[1,5]",6,6,gap or overlap
combination_1957_open_q1,combination_1957.png,"[""candidate=B; piece_counts=[7, 1, 1, 1]; candidate_total=10; target_total=10; blocking_reason=requires a reflection""]","[""B""]",B,"[7,1,1,1]",10,10,requires a reflection
combination_1958_open_q1,combination_1958.png,"[""candidate=D; piece_counts=[1, 3, 2]; candidate_total=6; target_total=7; blocking_reason=wrong cell count""]","[""D""]",D,"[1,3,2]",6,7,wrong cell count
combination_1959_open_q1,combination_1959.png,"[""candidate=B; piece_counts=[2, 4]; candidate_total=6; target_total=6; blocking_reason=gap or overlap""]","[""B""]",B,"[2,4]",6,6,gap or overlap
combination_1960_open_q1,combination_1960.png,"[""candidate=B; piece_counts=[6, 3]; candidate_total=9; target_total=9; blocking_reason=requires a reflection""]","[""B""]",B,"[6,3]",9,9,requires a reflection
combination_1961_open_q1,combination_1961.png,"[""candidate=C; piece_counts=[5, 2]; candidate_total=7; target_total=7; blocking_reason=requires a reflection""]","[""C""]",C,"[5,2]",7,7,requires a reflection
combination_1962_open_q1,combination_1962.png,"[""candidate=D; piece_counts=[5, 1]; candidate_total=6; target_total=6; blocking_reason=requires a reflection""]","[""D""]",D,"[5,1]",6,6,requires a reflection
combination_1963_open_q1,combination_1963.png,"[""candidate=B; piece_counts=[6, 1]; candidate_total=7; target_total=7; blocking_reason=requires a reflection""]","[""B""]",B,"[6,1]",7,7,requires a reflection
combination_1964_open_q1,combination_1964.png,"[""candidate=B; piece_counts=[6, 3, 1]; candidate_total=10; target_total=10; blocking_reason=requires a reflection""]","[""B""]",B,"[6,3,1]",10,10,requires a reflection
combination_1965_open_q1,combination_1965.png,"[""candidate=B; piece_counts=[1, 7]; candidate_total=8; target_total=8; blocking_reason=requires a reflection""]","[""B""]",B,"[1,7]",8,8,requires a reflection
combination_1966_open_q1,combination_1966.png,"[""candidate=C; piece_counts=[3, 3, 2]; candidate_total=8; target_total=9; blocking_reason=wrong cell count""]","[""C""]",C,"[3,3,2]",8,9,wrong cell count
combination_1967_open_q1,combination_1967.png,"[""candidate=B; piece_counts=[5, 1]; candidate_total=6; target_total=6; blocking_reason=requires a reflection""]","[""B""]",B,"[5,1]",6,6,requires a reflection
combination_1968_open_q1,combination_1968.png,"[""candidate=A; piece_counts=[5, 1]; candidate_total=6; target_total=6; blocking_reason=requires a reflection""]","[""A""]",A,"[5,1]",6,6,requires a reflection
combination_1969_open_q1,combination_1969.png,"[""candidate=D; piece_counts=[2, 4]; candidate_total=6; target_total=7; blocking_reason=wrong cell count""]","[""D""]",D,"[2,4]",6,7,wrong cell count
combination_1970_open_q1,combination_1970.png,"[""candidate=C; piece_counts=[3, 4]; candidate_total=7; target_total=7; blocking_reason=requires a reflection""]","[""C""]",C,"[3,4]",7,7,requires a reflection
combination_1971_open_q1,combination_1971.png,"[""candidate=B; piece_counts=[3, 5, 2]; candidate_total=10; target_total=10; blocking_reason=requires a reflection""]","[""B""]",B,"[3,5,2]",10,10,requires a reflection
combination_1972_open_q1,combination_1972.png,"[""candidate=C; piece_counts=[5, 1]; candidate_total=6; target_total=7; blocking_reason=wrong cell count""]","[""C""]",C,"[5,1]",6,7,wrong cell count
combination_1973_open_q1,combination_1973.png,"[""candidate=D; piece_counts=[4, 2]; candidate_total=6; target_total=6; blocking_reason=requires a reflection""]","[""D""]",D,"[4,2]",6,6,requires a reflection
combination_1974_open_q1,combination_1974.png,"[""candidate=D; piece_counts=[4, 3]; candidate_total=7; target_total=7; blocking_reason=requires a reflection""]","[""D""]",D,"[4,3]",7,7,requires a reflection
combination_1975_open_q1,combination_1975.png,"[""candidate=D; piece_counts=[3, 2]; candidate_total=5; target_total=6; blocking_reason=wrong cell count""]","[""D""]",D,"[3,2]",5,6,wrong cell count
combination_1976_open_q1,combination_1976.png,"[""candidate=B; piece_counts=[4, 2]; candidate_total=6; target_total=6; blocking_reason=requires a reflection""]","[""B""]",B,"[4,2]",6,6,requires a reflection
combination_1977_open_q1,combination_1977.png,"[""candidate=C; piece_counts=[2, 8]; candidate_total=10; target_total=10; blocking_reason=requires a reflection""]","[""C""]",C,"[2,8]",10,10,requires a reflection
combination_1978_open_q1,combination_1978.png,"[""candidate=A; piece_counts=[2, 4, 1, 1]; candidate_total=8; target_total=8; blocking_reason=gap or overlap""]","[""A""]",A,"[2,4,1,1]",8,8,gap or overlap
combination_1979_open_q1,combination_1979.png,"[""candidate=D; piece_counts=[1, 6]; candidate_total=7; target_total=7; blocking_reason=requires a reflection""]","[""D""]",D,"[1,6]",7,7,requires a reflection
combination_1980_open_q1,combination_1980.png,"[""candidate=B; piece_counts=[8, 2]; candidate_total=10; target_total=10; blocking_reason=gap or overlap""]","[""B""]",B,"[8,2]",10,10,gap or overlap
combination_1981_open_q1,combination_1981.png,"[""candidate=D; piece_counts=[1, 9]; candidate_total=10; target_total=10; blocking_reason=gap or overlap""]","[""D""]",D,"[1,9]",10,10,gap or overlap
combination_1982_open_q1,combination_1982.png,"[""candidate=A; piece_counts=[1, 3, 1]; candidate_total=5; target_total=6; blocking_reason=wrong cell count""]","[""A""]",A,"[1,3,1]",5,6,wrong cell count
combination_1983_open_q1,combination_1983.png,"[""candidate=D; piece_counts=[4, 1]; candidate_total=5; target_total=6; blocking_reason=wrong cell count""]","[""D""]",D,"[4,1]",5,6,wrong cell count
combination_1984_open_q1,combination_1984.png,"[""candidate=C; piece_counts=[6, 1]; candidate_total=7; target_total=8; blocking_reason=wrong cell count""]","[""C""]",C,"[6,1]",7,8,wrong cell count
combination_1985_open_q1,combination_1985.png,"[""candidate=D; piece_counts=[6, 1]; candidate_total=7; target_total=8; blocking_reason=wrong cell count""]","[""D""]",D,"[6,1]",7,8,wrong cell count
combination_1986_open_q1,combination_1986.png,"[""candidate=C; piece_counts=[4, 1]; candidate_total=5; target_total=6; blocking_reason=wrong cell count""]","[""C""]",C,"[4,1]",5,6,wrong cell count
combination_1987_open_q1,combination_1987.png,"[""candidate=A; piece_counts=[1, 7, 2]; candidate_total=10; target_total=10; blocking_reason=gap or overlap""]","[""A""]",A,"[1,7,2]",10,10,gap or overlap
combination_1988_open_q1,combination_1988.png,"[""candidate=C; piece_counts=[5, 2, 3]; candidate_total=10; target_total=10; blocking_reason=gap or overlap""]","[""C""]",C,"[5,2,3]",10,10,gap or overlap
combination_1989_open_q1,combination_1989.png,"[""candidate=B; piece_counts=[1, 6, 1]; candidate_total=8; target_total=8; blocking_reason=requires a reflection""]","[""B""]",B,"[1,6,1]",8,8,requires a reflection
combination_1990_open_q1,combination_1990.png,"[""candidate=A; piece_counts=[3, 2]; candidate_total=5; target_total=6; blocking_reason=wrong cell count""]","[""A""]",A,"[3,2]",5,6,wrong cell count
combination_1991_open_q1,combination_1991.png,"[""candidate=B; piece_counts=[3, 5]; candidate_total=8; target_total=8; blocking_reason=gap or overlap""]","[""B""]",B,"[3,5]",8,8,gap or overlap
combination_1992_open_q1,combination_1992.png,"[""candidate=B; piece_counts=[6, 1]; candidate_total=7; target_total=8; blocking_reason=wrong cell count""]","[""B""]",B,"[6,1]",7,8,wrong cell count
combination_1993_open_q1,combination_1993.png,"[""candidate=B; piece_counts=[6, 1, 1]; candidate_total=8; target_total=8; blocking_reason=requires a reflection""]","[""B""]",B,"[6,1,1]",8,8,requires a reflection
combination_1994_open_q1,combination_1994.png,"[""candidate=A; piece_counts=[6, 1, 1]; candidate_total=8; target_total=8; blocking_reason=requires a reflection""]","[""A""]",A,"[6,1,1]",8,8,requires a reflection
combination_1995_open_q1,combination_1995.png,"[""candidate=B; piece_counts=[4, 1, 1]; candidate_total=6; target_total=7; blocking_reason=wrong cell count""]","[""B""]",B,"[4,1,1]",6,7,wrong cell count
combination_1996_open_q1,combination_1996.png,"[""candidate=C; piece_counts=[6, 3]; candidate_total=9; target_total=9; blocking_reason=requires a reflection""]","[""C""]",C,"[6,3]",9,9,requires a reflection
combination_1997_open_q1,combination_1997.png,"[""candidate=D; piece_counts=[4, 2]; candidate_total=6; target_total=6; blocking_reason=requires a reflection""]","[""D""]",D,"[4,2]",6,6,requires a reflection
combination_1998_open_q1,combination_1998.png,"[""candidate=C; piece_counts=[3, 1, 3]; candidate_total=7; target_total=7; blocking_reason=gap or overlap""]","[""C""]",C,"[3,1,3]",7,7,gap or overlap
combination_1999_open_q1,combination_1999.png,"[""candidate=A; piece_counts=[2, 1, 4]; candidate_total=7; target_total=7; blocking_reason=requires a reflection""]","[""A""]",A,"[2,1,4]",7,7,requires a reflection
combination_2000_open_q1,combination_2000.png,"[""candidate=B; piece_counts=[3, 4, 1]; candidate_total=8; target_total=9; blocking_reason=wrong cell count""]","[""B""]",B,"[3,4,1]",8,9,wrong cell count
combination_2001_open_q1,combination_2001.png,"[""candidate=C; piece_counts=[4, 4]; candidate_total=8; target_total=8; blocking_reason=gap or overlap""]","[""C""]",C,"[4,4]",8,8,gap or overlap
combination_2002_open_q1,combination_2002.png,"[""candidate=A; piece_counts=[8, 1]; candidate_total=9; target_total=10; blocking_reason=wrong cell count""]","[""A""]",A,"[8,1]",9,10,wrong cell count
combination_2003_open_q1,combination_2003.png,"[""candidate=B; piece_counts=[3, 5, 1]; candidate_total=9; target_total=10; blocking_reason=wrong cell count""]","[""B""]",B,"[3,5,1]",9,10,wrong cell count
combination_2004_open_q1,combination_2004.png,"[""candidate=A; piece_counts=[5, 5]; candidate_total=10; target_total=10; blocking_reason=gap or overlap""]","[""A""]",A,"[5,5]",10,10,gap or overlap
combination_2005_open_q1,combination_2005.png,"[""candidate=C; piece_counts=[1, 5]; candidate_total=6; target_total=6; blocking_reason=gap or overlap""]","[""C""]",C,"[1,5]",6,6,gap or overlap
combination_2006_open_q1,combination_2006.png,"[""candidate=D; piece_counts=[1, 5]; candidate_total=6; target_total=6; blocking_reason=requires a reflection""]","[""D""]",D,"[1,5]",6,6,requires a reflection
combination_2007_open_q1,combination_2007.png,"[""candidate=B; piece_counts=[4, 1]; candidate_total=5; target_total=6; blocking_reason=wrong cell count""]","[""B""]",B,"[4,1]",5,6,wrong cell count
combination_2008_open_q1,combination_2008.png,"[""candidate=C; piece_counts=[2, 7]; candidate_total=9; target_total=9; blocking_reason=gap or overlap""]","[""C""]",C,"[2,7]",9,9,gap or overlap
combination_2009_open_q1,combination_2009.png,"[""candidate=D; piece_counts=[5, 2, 3]; candidate_total=10; target_total=10; blocking_reason=gap or overlap""]","[""D""]",D,"[5,2,3]",10,10,gap or overlap
combination_2010_open_q1,combination_2010.png,"[""candidate=A; piece_counts=[4, 4]; candidate_total=8; target_total=9; blocking_reason=wrong cell count""]","[""A""]",A,"[4,4]",8,9,wrong cell count
combination_2011_open_q1,combination_2011.png,"[""candidate=D; piece_counts=[5, 1, 1]; candidate_total=7; target_total=7; blocking_reason=requires a reflection""]","[""D""]",D,"[5,1,1]",7,7,requires a reflection
combination_2012_open_q1,combination_2012.png,"[""candidate=C; piece_counts=[5, 3]; candidate_total=8; target_total=8; blocking_reason=requires a reflection""]","[""C""]",C,"[5,3]",8,8,requires a reflection
combination_2013_open_q1,combination_2013.png,"[""candidate=B; piece_counts=[3, 6]; candidate_total=9; target_total=9; blocking_reason=gap or overlap""]","[""B""]",B,"[3,6]",9,9,gap or overlap
combination_2014_open_q1,combination_2014.png,"[""candidate=C; piece_counts=[6, 3]; candidate_total=9; target_total=9; blocking_reason=gap or overlap""]","[""C""]",C,"[6,3]",9,9,gap or overlap
combination_2015_open_q1,combination_2015.png,"[""candidate=D; piece_counts=[4, 1, 1]; candidate_total=6; target_total=6; blocking_reason=requires a reflection""]","[""D""]",D,"[4,1,1]",6,6,requires a reflection
combination_2016_open_q1,combination_2016.png,"[""candidate=A; piece_counts=[9, 1]; candidate_total=10; target_total=10; blocking_reason=requires a reflection""]","[""A""]",A,"[9,1]",10,10,requires a reflection
combination_2017_open_q1,combination_2017.png,"[""candidate=B; piece_counts=[2, 6]; candidate_total=8; target_total=8; blocking_reason=requires a reflection""]","[""B""]",B,"[2,6]",8,8,requires a reflection
combination_2018_open_q1,combination_2018.png,"[""candidate=D; piece_counts=[4, 1]; candidate_total=5; target_total=6; blocking_reason=wrong cell count""]","[""D""]",D,"[4,1]",5,6,wrong cell count
combination_2019_open_q1,combination_2019.png,"[""candidate=B; piece_counts=[6, 1]; candidate_total=7; target_total=7; blocking_reason=gap or overlap""]","[""B""]",B,"[6,1]",7,7,gap or overlap
combination_2020_open_q1,combination_2020.png,"[""candidate=B; piece_counts=[5, 1, 1]; candidate_total=7; target_total=7; blocking_reason=requires a reflection""]","[""B""]",B,"[5,1,1]",7,7,requires a reflection
combination_2021_open_q1,combination_2021.png,"[""candidate=D; piece_counts=[5, 4, 1]; candidate_total=10; target_total=10; blocking_reason=gap or overlap""]","[""D""]",D,"[5,4,1]",10,10,gap or overlap
combination_2022_open_q1,combination_2022.png,"[""candidate=A; piece_counts=[4, 4]; candidate_total=8; target_total=9; blocking_reason=wrong cell count""]","[""A""]",A,"[4,4]",8,9,wrong cell count
combination_2023_open_q1,combination_2023.png,"[""candidate=B; piece_counts=[4, 4]; candidate_total=8; target_total=9; blocking_reason=wrong cell count""]","[""B""]",B,"[4,4]",8,9,wrong cell count
combination_2024_open_q1,combination_2024.png,"[""candidate=B; piece_counts=[9, 1]; candidate_total=10; target_total=10; blocking_reason=requires a reflection""]","[""B""]",B,"[9,1]",10,10,requires a reflection
combination_2025_open_q1,combination_2025.png,"[""candidate=D; piece_counts=[5, 1, 2, 1]; candidate_total=9; target_total=9; blocking_reason=requires a reflection""]","[""D""]",D,"[5,1,2,1]",9,9,requires a reflection
combination_2026_open_q1,combination_2026.png,"[""candidate=C; piece_counts=[6, 2, 1, 1]; candidate_total=10; target_total=10; blocking_reason=requires a reflection""]","[""C""]",C,"[6,2,1,1]",10,10,requires a reflection
combination_2027_open_q1,combination_2027.png,"[""candidate=B; piece_counts=[5, 1]; candidate_total=6; target_total=6; blocking_reason=gap or overlap""]","[""B""]",B,"[5,1]",6,6,gap or overlap
combination_2028_open_q1,combination_2028.png,"[""candidate=A; piece_counts=[5, 1]; candidate_total=6; target_total=6; blocking_reason=requires a reflection""]","[""A""]",A,"[5,1]",6,6,requires a reflection
combination_2029_open_q1,combination_2029.png,"[""candidate=C; piece_counts=[8, 1]; candidate_total=9; target_total=9; blocking_reason=requires a reflection""]","[""C""]",C,"[8,1]",9,9,requires a reflection
combination_2030_open_q1,combination_2030.png,"[""candidate=C; piece_counts=[6, 2]; candidate_total=8; target_total=8; blocking_reason=requires a reflection""]","[""C""]",C,"[6,2]",8,8,requires a reflection
combination_2031_open_q1,combination_2031.png,"[""candidate=A; piece_counts=[7, 1]; candidate_total=8; target_total=8; blocking_reason=requires a reflection""]","[""A""]",A,"[7,1]",8,8,requires a reflection
combination_2032_open_q1,combination_2032.png,"[""candidate=B; piece_counts=[8, 1]; candidate_total=9; target_total=9; blocking_reason=requires a reflection""]","[""B""]",B,"[8,1]",9,9,requires a reflection
combination_2033_open_q1,combination_2033.png,"[""candidate=D; piece_counts=[2, 3]; candidate_total=5; target_total=6; blocking_reason=wrong cell count""]","[""D""]",D,"[2,3]",5,6,wrong cell count
combination_2034_open_q1,combination_2034.png,"[""candidate=A; piece_counts=[6, 2]; candidate_total=8; target_total=8; blocking_reason=requires a reflection""]","[""A""]",A,"[6,2]",8,8,requires a reflection
combination_2035_open_q1,combination_2035.png,"[""candidate=A; piece_counts=[2, 5]; candidate_total=7; target_total=7; blocking_reason=gap or overlap""]","[""A""]",A,"[2,5]",7,7,gap or overlap
combination_2036_open_q1,combination_2036.png,"[""candidate=B; piece_counts=[6, 4]; candidate_total=10; target_total=10; blocking_reason=gap or overlap""]","[""B""]",B,"[6,4]",10,10,gap or overlap
combination_2037_open_q1,combination_2037.png,"[""candidate=C; piece_counts=[5, 1]; candidate_total=6; target_total=6; blocking_reason=gap or overlap""]","[""C""]",C,"[5,1]",6,6,gap or overlap
combination_2038_open_q1,combination_2038.png,"[""candidate=A; piece_counts=[5, 1]; candidate_total=6; target_total=6; blocking_reason=requires a reflection""]","[""A""]",A,"[5,1]",6,6,requires a reflection
combination_2039_open_q1,combination_2039.png,"[""candidate=B; piece_counts=[8, 1]; candidate_total=9; target_total=10; blocking_reason=wrong cell count""]","[""B""]",B,"[8,1]",9,10,wrong cell count
combination_2040_open_q1,combination_2040.png,"[""candidate=B; piece_counts=[6, 1]; candidate_total=7; target_total=8; blocking_reason=wrong cell count""]","[""B""]",B,"[6,1]",7,8,wrong cell count
combination_2041_open_q1,combination_2041.png,"[""candidate=D; piece_counts=[4, 6]; candidate_total=10; target_total=10; blocking_reason=gap or overlap""]","[""D""]",D,"[4,6]",10,10,gap or overlap
combination_2042_open_q1,combination_2042.png,"[""candidate=C; piece_counts=[6, 1, 1, 1]; candidate_total=9; target_total=10; blocking_reason=wrong cell count""]","[""C""]",C,"[6,1,1,1]",9,10,wrong cell count
combination_2043_open_q1,combination_2043.png,"[""candidate=A; piece_counts=[5, 1, 1]; candidate_total=7; target_total=7; blocking_reason=requires a reflection""]","[""A""]",A,"[5,1,1]",7,7,requires a reflection
combination_2044_open_q1,combination_2044.png,"[""candidate=B; piece_counts=[5, 1, 1]; candidate_total=7; target_total=8; blocking_reason=wrong cell count""]","[""B""]",B,"[5,1,1]",7,8,wrong cell count
combination_2045_open_q1,combination_2045.png,"[""candidate=C; piece_counts=[1, 5]; candidate_total=6; target_total=6; blocking_reason=requires a reflection""]","[""C""]",C,"[1,5]",6,6,requires a reflection
combination_2046_open_q1,combination_2046.png,"[""candidate=C; piece_counts=[4, 4]; candidate_total=8; target_total=8; blocking_reason=gap or overlap""]","[""C""]",C,"[4,4]",8,8,gap or overlap
combination_2047_open_q1,combination_2047.png,"[""candidate=B; piece_counts=[5, 4]; candidate_total=9; target_total=9; blocking_reason=requires a reflection""]","[""B""]",B,"[5,4]",9,9,requires a reflection
combination_2048_open_q1,combination_2048.png,"[""candidate=B; piece_counts=[2, 8]; candidate_total=10; target_total=10; blocking_reason=requires a reflection""]","[""B""]",B,"[2,8]",10,10,requires a reflection
combination_2049_open_q1,combination_2049.png,"[""candidate=C; piece_counts=[4, 2]; candidate_total=6; target_total=6; blocking_reason=requires a reflection""]","[""C""]",C,"[4,2]",6,6,requires a reflection
combination_2050_open_q1,combination_2050.png,"[""candidate=C; piece_counts=[3, 3]; candidate_total=6; target_total=7; blocking_reason=wrong cell count""]","[""C""]",C,"[3,3]",6,7,wrong cell count
combination_2051_open_q1,combination_2051.png,"[""candidate=B; piece_counts=[1, 9]; candidate_total=10; target_total=10; blocking_reason=gap or overlap""]","[""B""]",B,"[1,9]",10,10,gap or overlap
combination_2052_open_q1,combination_2052.png,"[""candidate=B; piece_counts=[5, 5]; candidate_total=10; target_total=10; blocking_reason=requires a reflection""]","[""B""]",B,"[5,5]",10,10,requires a reflection
combination_2053_open_q1,combination_2053.png,"[""candidate=D; piece_counts=[6, 1, 1]; candidate_total=8; target_total=8; blocking_reason=requires a reflection""]","[""D""]",D,"[6,1,1]",8,8,requires a reflection
combination_2054_open_q1,combination_2054.png,"[""candidate=C; piece_counts=[1, 5]; candidate_total=6; target_total=6; blocking_reason=gap or overlap""]","[""C""]",C,"[1,5]",6,6,gap or overlap
combination_2055_open_q1,combination_2055.png,"[""candidate=A; piece_counts=[1, 6]; candidate_total=7; target_total=7; blocking_reason=gap or overlap""]","[""A""]",A,"[1,6]",7,7,gap or overlap
combination_2056_open_q1,combination_2056.png,"[""candidate=C; piece_counts=[5, 1, 4]; candidate_total=10; target_total=10; blocking_reason=requires a reflection""]","[""C""]",C,"[5,1,4]",10,10,requires a reflection
combination_2057_open_q1,combination_2057.png,"[""candidate=D; piece_counts=[2, 2, 4]; candidate_total=8; target_total=8; blocking_reason=gap or overlap""]","[""D""]",D,"[2,2,4]",8,8,gap or overlap
combination_2058_open_q1,combination_2058.png,"[""candidate=D; piece_counts=[3, 3]; candidate_total=6; target_total=6; blocking_reason=gap or overlap""]","[""D""]",D,"[3,3]",6,6,gap or overlap
combination_2059_open_q1,combination_2059.png,"[""candidate=A; piece_counts=[6, 2]; candidate_total=8; target_total=9; blocking_reason=wrong cell count""]","[""A""]",A,"[6,2]",8,9,wrong cell count
combination_2060_open_q1,combination_2060.png,"[""candidate=C; piece_counts=[7, 1]; candidate_total=8; target_total=8; blocking_reason=requires a reflection""]","[""C""]",C,"[7,1]",8,8,requires a reflection
combination_2061_open_q1,combination_2061.png,"[""candidate=B; piece_counts=[6, 1]; candidate_total=7; target_total=8; blocking_reason=wrong cell count""]","[""B""]",B,"[6,1]",7,8,wrong cell count
combination_2062_open_q1,combination_2062.png,"[""candidate=C; piece_counts=[8, 1]; candidate_total=9; target_total=9; blocking_reason=gap or overlap""]","[""C""]",C,"[8,1]",9,9,gap or overlap
combination_2063_open_q1,combination_2063.png,"[""candidate=D; piece_counts=[4, 5, 1]; candidate_total=10; target_total=10; blocking_reason=requires a reflection""]","[""D""]",D,"[4,5,1]",10,10,requires a reflection
combination_2064_open_q1,combination_2064.png,"[""candidate=A; piece_counts=[3, 2]; candidate_total=5; target_total=6; blocking_reason=wrong cell count""]","[""A""]",A,"[3,2]",5,6,wrong cell count
combination_2065_open_q1,combination_2065.png,"[""candidate=C; piece_counts=[2, 6]; candidate_total=8; target_total=8; blocking_reason=gap or overlap""]","[""C""]",C,"[2,6]",8,8,gap or overlap
combination_2066_open_q1,combination_2066.png,"[""candidate=C; piece_counts=[7, 1]; candidate_total=8; target_total=8; blocking_reason=gap or overlap""]","[""C""]",C,"[7,1]",8,8,gap or overlap
combination_2067_open_q1,combination_2067.png,"[""candidate=A; piece_counts=[2, 4]; candidate_total=6; target_total=7; blocking_reason=wrong cell count""]","[""A""]",A,"[2,4]",6,7,wrong cell count
combination_2068_open_q1,combination_2068.png,"[""candidate=A; piece_counts=[2, 3]; candidate_total=5; target_total=6; blocking_reason=wrong cell count""]","[""A""]",A,"[2,3]",5,6,wrong cell count
combination_2069_open_q1,combination_2069.png,"[""candidate=D; piece_counts=[1, 6]; candidate_total=7; target_total=8; blocking_reason=wrong cell count""]","[""D""]",D,"[1,6]",7,8,wrong cell count
combination_2070_open_q1,combination_2070.png,"[""candidate=A; piece_counts=[4, 2]; candidate_total=6; target_total=6; blocking_reason=gap or overlap""]","[""A""]",A,"[4,2]",6,6,gap or overlap
combination_2071_open_q1,combination_2071.png,"[""candidate=D; piece_counts=[6, 1]; candidate_total=7; target_total=7; blocking_reason=requires a reflection""]","[""D""]",D,"[6,1]",7,7,requires a reflection
combination_2072_open_q1,combination_2072.png,"[""candidate=A; piece_counts=[6, 2, 1]; candidate_total=9; target_total=9; blocking_reason=requires a reflection""]","[""A""]",A,"[6,2,1]",9,9,requires a reflection
combination_2073_open_q1,combination_2073.png,"[""candidate=C; piece_counts=[8, 1]; candidate_total=9; target_total=10; blocking_reason=wrong cell count""]","[""C""]",C,"[8,1]",9,10,wrong cell count
combination_2074_open_q1,combination_2074.png,"[""candidate=D; piece_counts=[3, 4]; candidate_total=7; target_total=7; blocking_reason=requires a reflection""]","[""D""]",D,"[3,4]",7,7,requires a reflection
combination_2075_open_q1,combination_2075.png,"[""candidate=D; piece_counts=[5, 3]; candidate_total=8; target_total=9; blocking_reason=wrong cell count""]","[""D""]",D,"[5,3]",8,9,wrong cell count
combination_2076_open_q1,combination_2076.png,"[""candidate=C; piece_counts=[1, 3, 1]; candidate_total=5; target_total=6; blocking_reason=wrong cell count""]","[""C""]",C,"[1,3,1]",5,6,wrong cell count
combination_2077_open_q1,combination_2077.png,"[""candidate=D; piece_counts=[1, 5]; candidate_total=6; target_total=6; blocking_reason=gap or overlap""]","[""D""]",D,"[1,5]",6,6,gap or overlap
combination_2078_open_q1,combination_2078.png,"[""candidate=D; piece_counts=[1, 1, 3]; candidate_total=5; target_total=6; blocking_reason=wrong cell count""]","[""D""]",D,"[1,1,3]",5,6,wrong cell count
combination_2079_open_q1,combination_2079.png,"[""candidate=D; piece_counts=[6, 1]; candidate_total=7; target_total=7; blocking_reason=requires a reflection""]","[""D""]",D,"[6,1]",7,7,requires a reflection
combination_2080_open_q1,combination_2080.png,"[""candidate=C; piece_counts=[4, 2, 3]; candidate_total=9; target_total=9; blocking_reason=requires a reflection""]","[""C""]",C,"[4,2,3]",9,9,requires a reflection
combination_2081_open_q1,combination_2081.png,"[""candidate=B; piece_counts=[5, 1]; candidate_total=6; target_total=6; blocking_reason=requires a reflection""]","[""B""]",B,"[5,1]",6,6,requires a reflection
combination_2082_open_q1,combination_2082.png,"[""candidate=C; piece_counts=[1, 5]; candidate_total=6; target_total=6; blocking_reason=gap or overlap""]","[""C""]",C,"[1,5]",6,6,gap or overlap
combination_2083_open_q1,combination_2083.png,"[""candidate=A; piece_counts=[9, 1]; candidate_total=10; target_total=10; blocking_reason=gap or overlap""]","[""A""]",A,"[9,1]",10,10,gap or overlap
combination_2084_open_q1,combination_2084.png,"[""candidate=A; piece_counts=[2, 8]; candidate_total=10; target_total=10; blocking_reason=requires a reflection""]","[""A""]",A,"[2,8]",10,10,requires a reflection
combination_2085_open_q1,combination_2085.png,"[""candidate=D; piece_counts=[5, 1]; candidate_total=6; target_total=7; blocking_reason=wrong cell count""]","[""D""]",D,"[5,1]",6,7,wrong cell count
combination_2086_open_q1,combination_2086.png,"[""candidate=D; piece_counts=[1, 4, 3]; candidate_total=8; target_total=8; blocking_reason=gap or overlap""]","[""D""]",D,"[1,4,3]",8,8,gap or overlap
combination_2087_open_q1,combination_2087.png,"[""candidate=A; piece_counts=[5, 2]; candidate_total=7; target_total=7; blocking_reason=requires a reflection""]","[""A""]",A,"[5,2]",7,7,requires a reflection
combination_2088_open_q1,combination_2088.png,"[""candidate=A; piece_counts=[5, 1]; candidate_total=6; target_total=7; blocking_reason=wrong cell count""]","[""A""]",A,"[5,1]",6,7,wrong cell count
combination_2089_open_q1,combination_2089.png,"[""candidate=D; piece_counts=[2, 4]; candidate_total=6; target_total=6; blocking_reason=gap or overlap""]","[""D""]",D,"[2,4]",6,6,gap or overlap
combination_2090_open_q1,combination_2090.png,"[""candidate=D; piece_counts=[6, 1]; candidate_total=7; target_total=8; blocking_reason=wrong cell count""]","[""D""]",D,"[6,1]",7,8,wrong cell count
combination_2091_open_q1,combination_2091.png,"[""candidate=B; piece_counts=[3, 2]; candidate_total=5; target_total=6; blocking_reason=wrong cell count""]","[""B""]",B,"[3,2]",5,6,wrong cell count
combination_2092_open_q1,combination_2092.png,"[""candidate=C; piece_counts=[4, 4]; candidate_total=8; target_total=9; blocking_reason=wrong cell count""]","[""C""]",C,"[4,4]",8,9,wrong cell count
combination_2093_open_q1,combination_2093.png,"[""candidate=C; piece_counts=[5, 2, 2]; candidate_total=9; target_total=10; blocking_reason=wrong cell count""]","[""C""]",C,"[5,2,2]",9,10,wrong cell count
combination_2094_open_q1,combination_2094.png,"[""candidate=D; piece_counts=[5, 1]; candidate_total=6; target_total=6; blocking_reason=requires a reflection""]","[""D""]",D,"[5,1]",6,6,requires a reflection
combination_2095_open_q1,combination_2095.png,"[""candidate=B; piece_counts=[1, 8]; candidate_total=9; target_total=9; blocking_reason=gap or overlap""]","[""B""]",B,"[1,8]",9,9,gap or overlap
combination_2096_open_q1,combination_2096.png,"[""candidate=A; piece_counts=[3, 2]; candidate_total=5; target_total=6; blocking_reason=wrong cell count""]","[""A""]",A,"[3,2]",5,6,wrong cell count
combination_2097_open_q1,combination_2097.png,"[""candidate=D; piece_counts=[2, 1, 1, 5]; candidate_total=9; target_total=9; blocking_reason=gap or overlap""]","[""D""]",D,"[2,1,1,5]",9,9,gap or overlap
combination_2098_open_q1,combination_2098.png,"[""candidate=A; piece_counts=[2, 6, 2]; candidate_total=10; target_total=10; blocking_reason=gap or overlap""]","[""A""]",A,"[2,6,2]",10,10,gap or overlap
combination_2099_open_q1,combination_2099.png,"[""candidate=D; piece_counts=[6, 1]; candidate_total=7; target_total=7; blocking_reason=requires a reflection""]","[""D""]",D,"[6,1]",7,7,requires a reflection
combination_2100_open_q1,combination_2100.png,"[""candidate=A; piece_counts=[4, 4]; candidate_total=8; target_total=9; blocking_reason=wrong cell count""]","[""A""]",A,"[4,4]",8,9,wrong cell count
combination_2101_open_q1,combination_2101.png,"[""candidate=D; piece_counts=[4, 3]; candidate_total=7; target_total=8; blocking_reason=wrong cell count""]","[""D""]",D,"[4,3]",7,8,wrong cell count
combination_2102_open_q1,combination_2102.png,"[""candidate=D; piece_counts=[5, 1, 2, 1]; candidate_total=9; target_total=10; blocking_reason=wrong cell count""]","[""D""]",D,"[5,1,2,1]",9,10,wrong cell count
combination_2103_open_q1,combination_2103.png,"[""candidate=D; piece_counts=[3, 5, 1]; candidate_total=9; target_total=10; blocking_reason=wrong cell count""]","[""D""]",D,"[3,5,1]",9,10,wrong cell count
combination_2104_open_q1,combination_2104.png,"[""candidate=B; piece_counts=[5, 1, 1]; candidate_total=7; target_total=7; blocking_reason=gap or overlap""]","[""B""]",B,"[5,1,1]",7,7,gap or overlap
combination_2105_open_q1,combination_2105.png,"[""candidate=C; piece_counts=[8, 1]; candidate_total=9; target_total=9; blocking_reason=requires a reflection""]","[""C""]",C,"[8,1]",9,9,requires a reflection
combination_2106_open_q1,combination_2106.png,"[""candidate=D; piece_counts=[5, 1, 2, 1]; candidate_total=9; target_total=10; blocking_reason=wrong cell count""]","[""D""]",D,"[5,1,2,1]",9,10,wrong cell count
combination_2107_open_q1,combination_2107.png,"[""candidate=A; piece_counts=[2, 5]; candidate_total=7; target_total=7; blocking_reason=requires a reflection""]","[""A""]",A,"[2,5]",7,7,requires a reflection
combination_2108_open_q1,combination_2108.png,"[""candidate=C; piece_counts=[4, 3]; candidate_total=7; target_total=7; blocking_reason=requires a reflection""]","[""C""]",C,"[4,3]",7,7,requires a reflection
combination_2109_open_q1,combination_2109.png,"[""candidate=D; piece_counts=[8, 1]; candidate_total=9; target_total=9; blocking_reason=requires a reflection""]","[""D""]",D,"[8,1]",9,9,requires a reflection
combination_2110_open_q1,combination_2110.png,"[""candidate=D; piece_counts=[5, 2, 1]; candidate_total=8; target_total=9; blocking_reason=wrong cell count""]","[""D""]",D,"[5,2,1]",8,9,wrong cell count
combination_2111_open_q1,combination_2111.png,"[""candidate=B; piece_counts=[6, 1]; candidate_total=7; target_total=8; blocking_reason=wrong cell count""]","[""B""]",B,"[6,1]",7,8,wrong cell count
combination_2112_open_q1,combination_2112.png,"[""candidate=A; piece_counts=[7, 1]; candidate_total=8; target_total=8; blocking_reason=requires a reflection""]","[""A""]",A,"[7,1]",8,8,requires a reflection
combination_2113_open_q1,combination_2113.png,"[""candidate=D; piece_counts=[1, 7]; candidate_total=8; target_total=8; blocking_reason=requires a reflection""]","[""D""]",D,"[1,7]",8,8,requires a reflection
combination_2114_open_q1,combination_2114.png,"[""candidate=D; piece_counts=[1, 4, 4]; candidate_total=9; target_total=9; blocking_reason=gap or overlap""]","[""D""]",D,"[1,4,4]",9,9,gap or overlap
combination_2115_open_q1,combination_2115.png,"[""candidate=A; piece_counts=[6, 1]; candidate_total=7; target_total=8; blocking_reason=wrong cell count""]","[""A""]",A,"[6,1]",7,8,wrong cell count
combination_2116_open_q1,combination_2116.png,"[""candidate=C; piece_counts=[3, 4]; candidate_total=7; target_total=7; blocking_reason=requires a reflection""]","[""C""]",C,"[3,4]",7,7,requires a reflection
combination_2117_open_q1,combination_2117.png,"[""candidate=C; piece_counts=[4, 3, 2]; candidate_total=9; target_total=9; blocking_reason=gap or overlap""]","[""C""]",C,"[4,3,2]",9,9,gap or overlap
combination_2118_open_q1,combination_2118.png,"[""candidate=C; piece_counts=[6, 1]; candidate_total=7; target_total=7; blocking_reason=requires a reflection""]","[""C""]",C,"[6,1]",7,7,requires a reflection
combination_2119_open_q1,combination_2119.png,"[""candidate=A; piece_counts=[6, 3]; candidate_total=9; target_total=10; blocking_reason=wrong cell count""]","[""A""]",A,"[6,3]",9,10,wrong cell count
combination_2120_open_q1,combination_2120.png,"[""candidate=B; piece_counts=[5, 2]; candidate_total=7; target_total=7; blocking_reason=gap or overlap""]","[""B""]",B,"[5,2]",7,7,gap or overlap
combination_2121_open_q1,combination_2121.png,"[""candidate=B; piece_counts=[4, 3]; candidate_total=7; target_total=8; blocking_reason=wrong cell count""]","[""B""]",B,"[4,3]",7,8,wrong cell count
combination_2122_open_q1,combination_2122.png,"[""candidate=C; piece_counts=[4, 3]; candidate_total=7; target_total=7; blocking_reason=requires a reflection""]","[""C""]",C,"[4,3]",7,7,requires a reflection
combination_2123_open_q1,combination_2123.png,"[""candidate=A; piece_counts=[6, 1, 1]; candidate_total=8; target_total=9; blocking_reason=wrong cell count""]","[""A""]",A,"[6,1,1]",8,9,wrong cell count
combination_2124_open_q1,combination_2124.png,"[""candidate=C; piece_counts=[3, 4]; candidate_total=7; target_total=7; blocking_reason=gap or overlap""]","[""C""]",C,"[3,4]",7,7,gap or overlap
combination_2125_open_q1,combination_2125.png,"[""candidate=B; piece_counts=[1, 7, 1, 1]; candidate_total=10; target_total=10; blocking_reason=requires a reflection""]","[""B""]",B,"[1,7,1,1]",10,10,requires a reflection
combination_2126_open_q1,combination_2126.png,"[""candidate=A; piece_counts=[9, 1]; candidate_total=10; target_total=10; blocking_reason=gap or overlap""]","[""A""]",A,"[9,1]",10,10,gap or overlap
combination_2127_open_q1,combination_2127.png,"[""candidate=B; piece_counts=[5, 5]; candidate_total=10; target_total=10; blocking_reason=requires a reflection""]","[""B""]",B,"[5,5]",10,10,requires a reflection
combination_2128_open_q1,combination_2128.png,"[""candidate=A; piece_counts=[2, 4, 3]; candidate_total=9; target_total=9; blocking_reason=gap or overlap""]","[""A""]",A,"[2,4,3]",9,9,gap or overlap
combination_2129_open_q1,combination_2129.png,"[""candidate=D; piece_counts=[2, 6]; candidate_total=8; target_total=8; blocking_reason=gap or overlap""]","[""D""]",D,"[2,6]",8,8,gap or overlap
combination_2130_open_q1,combination_2130.png,"[""candidate=C; piece_counts=[4, 1]; candidate_total=5; target_total=6; blocking_reason=wrong cell count""]","[""C""]",C,"[4,1]",5,6,wrong cell count
combination_2131_open_q1,combination_2131.png,"[""candidate=A; piece_counts=[3, 3, 1]; candidate_total=7; target_total=8; blocking_reason=wrong cell count""]","[""A""]",A,"[3,3,1]",7,8,wrong cell count
combination_2132_open_q1,combination_2132.png,"[""candidate=A; piece_counts=[1, 1, 5]; candidate_total=7; target_total=7; blocking_reason=gap or overlap""]","[""A""]",A,"[1,1,5]",7,7,gap or overlap
combination_2133_open_q1,combination_2133.png,"[""candidate=C; piece_counts=[6, 1]; candidate_total=7; target_total=8; blocking_reason=wrong cell count""]","[""C""]",C,"[6,1]",7,8,wrong cell count
combination_2134_open_q1,combination_2134.png,"[""candidate=A; piece_counts=[3, 7]; candidate_total=10; target_total=10; blocking_reason=gap or overlap""]","[""A""]",A,"[3,7]",10,10,gap or overlap
combination_2135_open_q1,combination_2135.png,"[""candidate=B; piece_counts=[6, 1]; candidate_total=7; target_total=7; blocking_reason=requires a reflection""]","[""B""]",B,"[6,1]",7,7,requires a reflection
combination_2136_open_q1,combination_2136.png,"[""candidate=B; piece_counts=[7, 3]; candidate_total=10; target_total=10; blocking_reason=gap or overlap""]","[""B""]",B,"[7,3]",10,10,gap or overlap
combination_2137_open_q1,combination_2137.png,"[""candidate=C; piece_counts=[7, 1]; candidate_total=8; target_total=8; blocking_reason=requires a reflection""]","[""C""]",C,"[7,1]",8,8,requires a reflection
combination_2138_open_q1,combination_2138.png,"[""candidate=C; piece_counts=[5, 1, 1]; candidate_total=7; target_total=8; blocking_reason=wrong cell count""]","[""C""]",C,"[5,1,1]",7,8,wrong cell count
combination_2139_open_q1,combination_2139.png,"[""candidate=D; piece_counts=[1, 4, 1]; candidate_total=6; target_total=6; blocking_reason=requires a reflection""]","[""D""]",D,"[1,4,1]",6,6,requires a reflection
combination_2140_open_q1,combination_2140.png,"[""candidate=A; piece_counts=[6, 2]; candidate_total=8; target_total=8; blocking_reason=requires a reflection""]","[""A""]",A,"[6,2]",8,8,requires a reflection
combination_2141_open_q1,combination_2141.png,"[""candidate=C; piece_counts=[4, 1, 4, 1]; candidate_total=10; target_total=10; blocking_reason=requires a reflection""]","[""C""]",C,"[4,1,4,1]",10,10,requires a reflection
combination_2142_open_q1,combination_2142.png,"[""candidate=C; piece_counts=[2, 4]; candidate_total=6; target_total=7; blocking_reason=wrong cell count""]","[""C""]",C,"[2,4]",6,7,wrong cell count
combination_2143_open_q1,combination_2143.png,"[""candidate=A; piece_counts=[2, 3]; candidate_total=5; target_total=6; blocking_reason=wrong cell count""]","[""A""]",A,"[2,3]",5,6,wrong cell count
combination_2144_open_q1,combination_2144.png,"[""candidate=B; piece_counts=[4, 3]; candidate_total=7; target_total=7; blocking_reason=gap or overlap""]","[""B""]",B,"[4,3]",7,7,gap or overlap
combination_2145_open_q1,combination_2145.png,"[""candidate=C; piece_counts=[7, 2, 1]; candidate_total=10; target_total=10; blocking_reason=requires a reflection""]","[""C""]",C,"[7,2,1]",10,10,requires a reflection
combination_2146_open_q1,combination_2146.png,"[""candidate=D; piece_counts=[6, 1, 1]; candidate_total=8; target_total=9; blocking_reason=wrong cell count""]","[""D""]",D,"[6,1,1]",8,9,wrong cell count
combination_2147_open_q1,combination_2147.png,"[""candidate=A; piece_counts=[7, 1]; candidate_total=8; target_total=9; blocking_reason=wrong cell count""]","[""A""]",A,"[7,1]",8,9,wrong cell count
combination_2148_open_q1,combination_2148.png,"[""candidate=C; piece_counts=[4, 1]; candidate_total=5; target_total=6; blocking_reason=wrong cell count""]","[""C""]",C,"[4,1]",5,6,wrong cell count
combination_2149_open_q1,combination_2149.png,"[""candidate=B; piece_counts=[5, 1]; candidate_total=6; target_total=6; blocking_reason=requires a reflection""]","[""B""]",B,"[5,1]",6,6,requires a reflection
combination_2150_open_q1,combination_2150.png,"[""candidate=C; piece_counts=[7, 1]; candidate_total=8; target_total=8; blocking_reason=requires a reflection""]","[""C""]",C,"[7,1]",8,8,requires a reflection
combination_2151_open_q1,combination_2151.png,"[""candidate=A; piece_counts=[3, 5, 1]; candidate_total=9; target_total=9; blocking_reason=requires a reflection""]","[""A""]",A,"[3,5,1]",9,9,requires a reflection
combination_2152_open_q1,combination_2152.png,"[""candidate=A; piece_counts=[2, 4, 2]; candidate_total=8; target_total=8; blocking_reason=gap or overlap""]","[""A""]",A,"[2,4,2]",8,8,gap or overlap
combination_2153_open_q1,combination_2153.png,"[""candidate=C; piece_counts=[5, 1]; candidate_total=6; target_total=7; blocking_reason=wrong cell count""]","[""C""]",C,"[5,1]",6,7,wrong cell count
combination_2154_open_q1,combination_2154.png,"[""candidate=D; piece_counts=[4, 2, 3]; candidate_total=9; target_total=9; blocking_reason=requires a reflection""]","[""D""]",D,"[4,2,3]",9,9,requires a reflection
combination_2155_open_q1,combination_2155.png,"[""candidate=D; piece_counts=[7, 1]; candidate_total=8; target_total=9; blocking_reason=wrong cell count""]","[""D""]",D,"[7,1]",8,9,wrong cell count
combination_2156_open_q1,combination_2156.png,"[""candidate=C; piece_counts=[7, 1, 1]; candidate_total=9; target_total=9; blocking_reason=gap or overlap""]","[""C""]",C,"[7,1,1]",9,9,gap or overlap
combination_2157_open_q1,combination_2157.png,"[""candidate=B; piece_counts=[3, 2, 3]; candidate_total=8; target_total=8; blocking_reason=gap or overlap""]","[""B""]",B,"[3,2,3]",8,8,gap or overlap
combination_2158_open_q1,combination_2158.png,"[""candidate=C; piece_counts=[7, 1]; candidate_total=8; target_total=8; blocking_reason=requires a reflection""]","[""C""]",C,"[7,1]",8,8,requires a reflection
combination_2159_open_q1,combination_2159.png,"[""candidate=B; piece_counts=[4, 2]; candidate_total=6; target_total=6; blocking_reason=requires a reflection""]","[""B""]",B,"[4,2]",6,6,requires a reflection
combination_2160_open_q1,combination_2160.png,"[""candidate=B; piece_counts=[7, 1, 1]; candidate_total=9; target_total=9; blocking_reason=requires a reflection""]","[""B""]",B,"[7,1,1]",9,9,requires a reflection
combination_2161_open_q1,combination_2161.png,"[""candidate=C; piece_counts=[2, 3]; candidate_total=5; target_total=6; blocking_reason=wrong cell count""]","[""C""]",C,"[2,3]",5,6,wrong cell count
combination_2162_open_q1,combination_2162.png,"[""candidate=C; piece_counts=[8, 1, 1]; candidate_total=10; target_total=10; blocking_reason=requires a reflection""]","[""C""]",C,"[8,1,1]",10,10,requires a reflection
combination_2163_open_q1,combination_2163.png,"[""candidate=D; piece_counts=[2, 4, 1]; candidate_total=7; target_total=8; blocking_reason=wrong cell count""]","[""D""]",D,"[2,4,1]",7,8,wrong cell count
combination_2164_open_q1,combination_2164.png,"[""candidate=B; piece_counts=[4, 4, 1]; candidate_total=9; target_total=10; blocking_reason=wrong cell count""]","[""B""]",B,"[4,4,1]",9,10,wrong cell count
combination_2165_open_q1,combination_2165.png,"[""candidate=C; piece_counts=[5, 1, 2, 1]; candidate_total=9; target_total=9; blocking_reason=requires a reflection""]","[""C""]",C,"[5,1,2,1]",9,9,requires a reflection
combination_2166_open_q1,combination_2166.png,"[""candidate=C; piece_counts=[2, 3]; candidate_total=5; target_total=6; blocking_reason=wrong cell count""]","[""C""]",C,"[2,3]",5,6,wrong cell count
combination_2167_open_q1,combination_2167.png,"[""candidate=B; piece_counts=[2, 7]; candidate_total=9; target_total=9; blocking_reason=gap or overlap""]","[""B""]",B,"[2,7]",9,9,gap or overlap
combination_2168_open_q1,combination_2168.png,"[""candidate=A; piece_counts=[1, 5]; candidate_total=6; target_total=6; blocking_reason=gap or overlap""]","[""A""]",A,"[1,5]",6,6,gap or overlap
combination_2169_open_q1,combination_2169.png,"[""candidate=C; piece_counts=[1, 6]; candidate_total=7; target_total=7; blocking_reason=gap or overlap""]","[""C""]",C,"[1,6]",7,7,gap or overlap
combination_2170_open_q1,combination_2170.png,"[""candidate=A; piece_counts=[1, 5]; candidate_total=6; target_total=6; blocking_reason=requires a reflection""]","[""A""]",A,"[1,5]",6,6,requires a reflection
combination_2171_open_q1,combination_2171.png,"[""candidate=D; piece_counts=[8, 1, 1]; candidate_total=10; target_total=10; blocking_reason=requires a reflection""]","[""D""]",D,"[8,1,1]",10,10,requires a reflection
combination_2172_open_q1,combination_2172.png,"[""candidate=B; piece_counts=[1, 1, 1, 5]; candidate_total=8; target_total=8; blocking_reason=gap or overlap""]","[""B""]",B,"[1,1,1,5]",8,8,gap or overlap
combination_2173_open_q1,combination_2173.png,"[""candidate=B; piece_counts=[5, 2, 1]; candidate_total=8; target_total=9; blocking_reason=wrong cell count""]","[""B""]",B,"[5,2,1]",8,9,wrong cell count
combination_2174_open_q1,combination_2174.png,"[""candidate=D; piece_counts=[4, 1, 2]; candidate_total=7; target_total=7; blocking_reason=gap or overlap""]","[""D""]",D,"[4,1,2]",7,7,gap or overlap
combination_2175_open_q1,combination_2175.png,"[""candidate=D; piece_counts=[1, 4, 4]; candidate_total=9; target_total=9; blocking_reason=gap or overlap""]","[""D""]",D,"[1,4,4]",9,9,gap or overlap
combination_2176_open_q1,combination_2176.png,"[""candidate=B; piece_counts=[3, 3]; candidate_total=6; target_total=6; blocking_reason=gap or overlap""]","[""B""]",B,"[3,3]",6,6,gap or overlap
combination_2177_open_q1,combination_2177.png,"[""candidate=B; piece_counts=[3, 3]; candidate_total=6; target_total=6; blocking_reason=gap or overlap""]","[""B""]",B,"[3,3]",6,6,gap or overlap
combination_2178_open_q1,combination_2178.png,"[""candidate=C; piece_counts=[8, 1]; candidate_total=9; target_total=9; blocking_reason=requires a reflection""]","[""C""]",C,"[8,1]",9,9,requires a reflection
combination_2179_open_q1,combination_2179.png,"[""candidate=B; piece_counts=[4, 3]; candidate_total=7; target_total=8; blocking_reason=wrong cell count""]","[""B""]",B,"[4,3]",7,8,wrong cell count
combination_2180_open_q1,combination_2180.png,"[""candidate=B; piece_counts=[8, 1]; candidate_total=9; target_total=10; blocking_reason=wrong cell count""]","[""B""]",B,"[8,1]",9,10,wrong cell count
combination_2181_open_q1,combination_2181.png,"[""candidate=D; piece_counts=[2, 6]; candidate_total=8; target_total=9; blocking_reason=wrong cell count""]","[""D""]",D,"[2,6]",8,9,wrong cell count
combination_2182_open_q1,combination_2182.png,"[""candidate=D; piece_counts=[7, 1]; candidate_total=8; target_total=8; blocking_reason=gap or overlap""]","[""D""]",D,"[7,1]",8,8,gap or overlap
combination_2183_open_q1,combination_2183.png,"[""candidate=A; piece_counts=[5, 1]; candidate_total=6; target_total=6; blocking_reason=gap or overlap""]","[""A""]",A,"[5,1]",6,6,gap or overlap
combination_2184_open_q1,combination_2184.png,"[""candidate=A; piece_counts=[1, 4]; candidate_total=5; target_total=6; blocking_reason=wrong cell count""]","[""A""]",A,"[1,4]",5,6,wrong cell count
combination_2185_open_q1,combination_2185.png,"[""candidate=D; piece_counts=[2, 4]; candidate_total=6; target_total=6; blocking_reason=gap or overlap""]","[""D""]",D,"[2,4]",6,6,gap or overlap
combination_2186_open_q1,combination_2186.png,"[""candidate=D; piece_counts=[6, 2]; candidate_total=8; target_total=8; blocking_reason=requires a reflection""]","[""D""]",D,"[6,2]",8,8,requires a reflection
combination_2187_open_q1,combination_2187.png,"[""candidate=B; piece_counts=[5, 1]; candidate_total=6; target_total=6; blocking_reason=requires a reflection""]","[""B""]",B,"[5,1]",6,6,requires a reflection
combination_2188_open_q1,combination_2188.png,"[""candidate=B; piece_counts=[8, 2]; candidate_total=10; target_total=10; blocking_reason=requires a reflection""]","[""B""]",B,"[8,2]",10,10,requires a reflection
combination_2189_open_q1,combination_2189.png,"[""candidate=B; piece_counts=[4, 3]; candidate_total=7; target_total=7; blocking_reason=gap or overlap""]","[""B""]",B,"[4,3]",7,7,gap or overlap
combination_2190_open_q1,combination_2190.png,"[""candidate=A; piece_counts=[5, 1]; candidate_total=6; target_total=6; blocking_reason=requires a reflection""]","[""A""]",A,"[5,1]",6,6,requires a reflection
combination_2191_open_q1,combination_2191.png,"[""candidate=D; piece_counts=[1, 7]; candidate_total=8; target_total=8; blocking_reason=requires a reflection""]","[""D""]",D,"[1,7]",8,8,requires a reflection
combination_2192_open_q1,combination_2192.png,"[""candidate=B; piece_counts=[5, 2]; candidate_total=7; target_total=7; blocking_reason=gap or overlap""]","[""B""]",B,"[5,2]",7,7,gap or overlap
combination_2193_open_q1,combination_2193.png,"[""candidate=D; piece_counts=[6, 2, 1]; candidate_total=9; target_total=9; blocking_reason=gap or overlap""]","[""D""]",D,"[6,2,1]",9,9,gap or overlap
combination_2194_open_q1,combination_2194.png,"[""candidate=D; piece_counts=[6, 1, 1]; candidate_total=8; target_total=8; blocking_reason=requires a reflection""]","[""D""]",D,"[6,1,1]",8,8,requires a reflection
combination_2195_open_q1,combination_2195.png,"[""candidate=D; piece_counts=[3, 3]; candidate_total=6; target_total=6; blocking_reason=gap or overlap""]","[""D""]",D,"[3,3]",6,6,gap or overlap
combination_2196_open_q1,combination_2196.png,"[""candidate=A; piece_counts=[7, 1]; candidate_total=8; target_total=8; blocking_reason=requires a reflection""]","[""A""]",A,"[7,1]",8,8,requires a reflection
combination_2197_open_q1,combination_2197.png,"[""candidate=B; piece_counts=[2, 4]; candidate_total=6; target_total=6; blocking_reason=requires a reflection""]","[""B""]",B,"[2,4]",6,6,requires a reflection
combination_2198_open_q1,combination_2198.png,"[""candidate=D; piece_counts=[5, 1]; candidate_total=6; target_total=6; blocking_reason=requires a reflection""]","[""D""]",D,"[5,1]",6,6,requires a reflection
combination_2199_open_q1,combination_2199.png,"[""candidate=B; piece_counts=[4, 2]; candidate_total=6; target_total=6; blocking_reason=gap or overlap""]","[""B""]",B,"[4,2]",6,6,gap or overlap
combination_2200_open_q1,combination_2200.png,"[""candidate=A; piece_counts=[2, 6, 1]; candidate_total=9; target_total=9; blocking_reason=gap or overlap""]","[""A""]",A,"[2,6,1]",9,9,gap or overlap
combination_2201_open_q1,combination_2201.png,"[""candidate=D; piece_counts=[1, 7, 1]; candidate_total=9; target_total=9; blocking_reason=gap or overlap""]","[""D""]",D,"[1,7,1]",9,9,gap or overlap
combination_2202_open_q1,combination_2202.png,"[""candidate=C; piece_counts=[2, 4]; candidate_total=6; target_total=6; blocking_reason=requires a reflection""]","[""C""]",C,"[2,4]",6,6,requires a reflection
combination_2203_open_q1,combination_2203.png,"[""candidate=B; piece_counts=[7, 2]; candidate_total=9; target_total=10; blocking_reason=wrong cell count""]","[""B""]",B,"[7,2]",9,10,wrong cell count
combination_2204_open_q1,combination_2204.png,"[""candidate=C; piece_counts=[5, 3]; candidate_total=8; target_total=8; blocking_reason=gap or overlap""]","[""C""]",C,"[5,3]",8,8,gap or overlap
combination_2205_open_q1,combination_2205.png,"[""candidate=D; piece_counts=[5, 2, 2, 1]; candidate_total=10; target_total=10; blocking_reason=requires a reflection""]","[""D""]",D,"[5,2,2,1]",10,10,requires a reflection
combination_2206_open_q1,combination_2206.png,"[""candidate=D; piece_counts=[5, 3]; candidate_total=8; target_total=9; blocking_reason=wrong cell count""]","[""D""]",D,"[5,3]",8,9,wrong cell count
combination_2207_open_q1,combination_2207.png,"[""candidate=A; piece_counts=[5, 3]; candidate_total=8; target_total=8; blocking_reason=requires a reflection""]","[""A""]",A,"[5,3]",8,8,requires a reflection
combination_2208_open_q1,combination_2208.png,"[""candidate=B; piece_counts=[3, 4]; candidate_total=7; target_total=7; blocking_reason=gap or overlap""]","[""B""]",B,"[3,4]",7,7,gap or overlap
combination_2209_open_q1,combination_2209.png,"[""candidate=C; piece_counts=[1, 3, 5]; candidate_total=9; target_total=9; blocking_reason=gap or overlap""]","[""C""]",C,"[1,3,5]",9,9,gap or overlap
combination_2210_open_q1,combination_2210.png,"[""candidate=D; piece_counts=[2, 6]; candidate_total=8; target_total=8; blocking_reason=gap or overlap""]","[""D""]",D,"[2,6]",8,8,gap or overlap
combination_2211_open_q1,combination_2211.png,"[""candidate=D; piece_counts=[6, 2]; candidate_total=8; target_total=8; blocking_reason=gap or overlap""]","[""D""]",D,"[6,2]",8,8,gap or overlap
combination_2212_open_q1,combination_2212.png,"[""candidate=A; piece_counts=[6, 1]; candidate_total=7; target_total=7; blocking_reason=gap or overlap""]","[""A""]",A,"[6,1]",7,7,gap or overlap
combination_2213_open_q1,combination_2213.png,"[""candidate=C; piece_counts=[5, 4]; candidate_total=9; target_total=9; blocking_reason=requires a reflection""]","[""C""]",C,"[5,4]",9,9,requires a reflection
combination_2214_open_q1,combination_2214.png,"[""candidate=C; piece_counts=[7, 1, 1]; candidate_total=9; target_total=9; blocking_reason=requires a reflection""]","[""C""]",C,"[7,1,1]",9,9,requires a reflection
combination_2215_open_q1,combination_2215.png,"[""candidate=B; piece_counts=[3, 7]; candidate_total=10; target_total=10; blocking_reason=requires a reflection""]","[""B""]",B,"[3,7]",10,10,requires a reflection
combination_2216_open_q1,combination_2216.png,"[""candidate=A; piece_counts=[4, 3]; candidate_total=7; target_total=7; blocking_reason=gap or overlap""]","[""A""]",A,"[4,3]",7,7,gap or overlap
combination_2217_open_q1,combination_2217.png,"[""candidate=B; piece_counts=[3, 2]; candidate_total=5; target_total=6; blocking_reason=wrong cell count""]","[""B""]",B,"[3,2]",5,6,wrong cell count
combination_2218_open_q1,combination_2218.png,"[""candidate=D; piece_counts=[5, 1, 4]; candidate_total=10; target_total=10; blocking_reason=gap or overlap""]","[""D""]",D,"[5,1,4]",10,10,gap or overlap
combination_2219_open_q1,combination_2219.png,"[""candidate=A; piece_counts=[4, 1, 1]; candidate_total=6; target_total=7; blocking_reason=wrong cell count""]","[""A""]",A,"[4,1,1]",6,7,wrong cell count
combination_2220_open_q1,combination_2220.png,"[""candidate=A; piece_counts=[1, 5, 1]; candidate_total=7; target_total=7; blocking_reason=requires a reflection""]","[""A""]",A,"[1,5,1]",7,7,requires a reflection
combination_2221_open_q1,combination_2221.png,"[""candidate=B; piece_counts=[8, 1]; candidate_total=9; target_total=9; blocking_reason=requires a reflection""]","[""B""]",B,"[8,1]",9,9,requires a reflection
combination_2222_open_q1,combination_2222.png,"[""candidate=D; piece_counts=[5, 1]; candidate_total=6; target_total=6; blocking_reason=requires a reflection""]","[""D""]",D,"[5,1]",6,6,requires a reflection
combination_2223_open_q1,combination_2223.png,"[""candidate=A; piece_counts=[2, 6]; candidate_total=8; target_total=8; blocking_reason=requires a reflection""]","[""A""]",A,"[2,6]",8,8,requires a reflection
combination_2224_open_q1,combination_2224.png,"[""candidate=A; piece_counts=[2, 5]; candidate_total=7; target_total=7; blocking_reason=requires a reflection""]","[""A""]",A,"[2,5]",7,7,requires a reflection
combination_2225_open_q1,combination_2225.png,"[""candidate=D; piece_counts=[3, 1, 1]; candidate_total=5; target_total=6; blocking_reason=wrong cell count""]","[""D""]",D,"[3,1,1]",5,6,wrong cell count
combination_2226_open_q1,combination_2226.png,"[""candidate=A; piece_counts=[2, 4]; candidate_total=6; target_total=6; blocking_reason=gap or overlap""]","[""A""]",A,"[2,4]",6,6,gap or overlap
combination_2227_open_q1,combination_2227.png,"[""candidate=A; piece_counts=[3, 3, 1, 1]; candidate_total=8; target_total=8; blocking_reason=gap or overlap""]","[""A""]",A,"[3,3,1,1]",8,8,gap or overlap
combination_2228_open_q1,combination_2228.png,"[""candidate=A; piece_counts=[6, 2]; candidate_total=8; target_total=8; blocking_reason=gap or overlap""]","[""A""]",A,"[6,2]",8,8,gap or overlap
combination_2229_open_q1,combination_2229.png,"[""candidate=D; piece_counts=[6, 1]; candidate_total=7; target_total=7; blocking_reason=requires a reflection""]","[""D""]",D,"[6,1]",7,7,requires a reflection
combination_2230_open_q1,combination_2230.png,"[""candidate=D; piece_counts=[1, 3, 1, 1]; candidate_total=6; target_total=7; blocking_reason=wrong cell count""]","[""D""]",D,"[1,3,1,1]",6,7,wrong cell count
combination_2231_open_q1,combination_2231.png,"[""candidate=B; piece_counts=[2, 4]; candidate_total=6; target_total=7; blocking_reason=wrong cell count""]","[""B""]",B,"[2,4]",6,7,wrong cell count
combination_2232_open_q1,combination_2232.png,"[""candidate=A; piece_counts=[3, 3]; candidate_total=6; target_total=6; blocking_reason=gap or overlap""]","[""A""]",A,"[3,3]",6,6,gap or overlap
combination_2233_open_q1,combination_2233.png,"[""candidate=C; piece_counts=[2, 4]; candidate_total=6; target_total=6; blocking_reason=requires a reflection""]","[""C""]",C,"[2,4]",6,6,requires a reflection
combination_2234_open_q1,combination_2234.png,"[""candidate=C; piece_counts=[5, 1]; candidate_total=6; target_total=6; blocking_reason=requires a reflection""]","[""C""]",C,"[5,1]",6,6,requires a reflection
combination_2235_open_q1,combination_2235.png,"[""candidate=D; piece_counts=[3, 3]; candidate_total=6; target_total=7; blocking_reason=wrong cell count""]","[""D""]",D,"[3,3]",6,7,wrong cell count
combination_2236_open_q1,combination_2236.png,"[""candidate=A; piece_counts=[8, 1]; candidate_total=9; target_total=10; blocking_reason=wrong cell count""]","[""A""]",A,"[8,1]",9,10,wrong cell count
combination_2237_open_q1,combination_2237.png,"[""candidate=B; piece_counts=[6, 1, 1]; candidate_total=8; target_total=8; blocking_reason=gap or overlap""]","[""B""]",B,"[6,1,1]",8,8,gap or overlap
combination_2238_open_q1,combination_2238.png,"[""candidate=D; piece_counts=[4, 2]; candidate_total=6; target_total=6; blocking_reason=gap or overlap""]","[""D""]",D,"[4,2]",6,6,gap or overlap
combination_2239_open_q1,combination_2239.png,"[""candidate=B; piece_counts=[2, 5]; candidate_total=7; target_total=7; blocking_reason=gap or overlap""]","[""B""]",B,"[2,5]",7,7,gap or overlap
combination_2240_open_q1,combination_2240.png,"[""candidate=C; piece_counts=[4, 1, 1, 1]; candidate_total=7; target_total=8; blocking_reason=wrong cell count""]","[""C""]",C,"[4,1,1,1]",7,8,wrong cell count
combination_2241_open_q1,combination_2241.png,"[""candidate=B; piece_counts=[2, 1, 7]; candidate_total=10; target_total=10; blocking_reason=gap or overlap""]","[""B""]",B,"[2,1,7]",10,10,gap or overlap
combination_2242_open_q1,combination_2242.png,"[""candidate=D; piece_counts=[6, 2]; candidate_total=8; target_total=8; blocking_reason=gap or overlap""]","[""D""]",D,"[6,2]",8,8,gap or overlap
combination_2243_open_q1,combination_2243.png,"[""candidate=B; piece_counts=[2, 5, 1]; candidate_total=8; target_total=9; blocking_reason=wrong cell count""]","[""B""]",B,"[2,5,1]",8,9,wrong cell count
combination_2244_open_q1,combination_2244.png,"[""candidate=C; piece_counts=[6, 1]; candidate_total=7; target_total=7; blocking_reason=requires a reflection""]","[""C""]",C,"[6,1]",7,7,requires a reflection
combination_2245_open_q1,combination_2245.png,"[""candidate=D; piece_counts=[6, 1]; candidate_total=7; target_total=7; blocking_reason=requires a reflection""]","[""D""]",D,"[6,1]",7,7,requires a reflection
combination_2246_open_q1,combination_2246.png,"[""candidate=A; piece_counts=[5, 1]; candidate_total=6; target_total=6; blocking_reason=gap or overlap""]","[""A""]",A,"[5,1]",6,6,gap or overlap
combination_2247_open_q1,combination_2247.png,"[""candidate=A; piece_counts=[5, 1]; candidate_total=6; target_total=7; blocking_reason=wrong cell count""]","[""A""]",A,"[5,1]",6,7,wrong cell count
combination_2248_open_q1,combination_2248.png,"[""candidate=C; piece_counts=[2, 4]; candidate_total=6; target_total=6; blocking_reason=requires a reflection""]","[""C""]",C,"[2,4]",6,6,requires a reflection
combination_2249_open_q1,combination_2249.png,"[""candidate=C; piece_counts=[6, 1]; candidate_total=7; target_total=7; blocking_reason=requires a reflection""]","[""C""]",C,"[6,1]",7,7,requires a reflection
combination_2250_open_q1,combination_2250.png,"[""candidate=A; piece_counts=[2, 1, 5]; candidate_total=8; target_total=9; blocking_reason=wrong cell count""]","[""A""]",A,"[2,1,5]",8,9,wrong cell count
combination_2251_open_q1,combination_2251.png,"[""candidate=A; piece_counts=[5, 1, 1]; candidate_total=7; target_total=8; blocking_reason=wrong cell count""]","[""A""]",A,"[5,1,1]",7,8,wrong cell count
combination_2252_open_q1,combination_2252.png,"[""candidate=B; piece_counts=[1, 5, 1]; candidate_total=7; target_total=7; blocking_reason=gap or overlap""]","[""B""]",B,"[1,5,1]",7,7,gap or overlap
combination_2253_open_q1,combination_2253.png,"[""candidate=D; piece_counts=[1, 7, 1]; candidate_total=9; target_total=9; blocking_reason=gap or overlap""]","[""D""]",D,"[1,7,1]",9,9,gap or overlap
combination_2254_open_q1,combination_2254.png,"[""candidate=C; piece_counts=[5, 1]; candidate_total=6; target_total=6; blocking_reason=requires a reflection""]","[""C""]",C,"[5,1]",6,6,requires a reflection
combination_2255_open_q1,combination_2255.png,"[""candidate=B; piece_counts=[1, 1, 3]; candidate_total=5; target_total=6; blocking_reason=wrong cell count""]","[""B""]",B,"[1,1,3]",5,6,wrong cell count
combination_2256_open_q1,combination_2256.png,"[""candidate=C; piece_counts=[3, 5, 2]; candidate_total=10; target_total=10; blocking_reason=gap or overlap""]","[""C""]",C,"[3,5,2]",10,10,gap or overlap
combination_2257_open_q1,combination_2257.png,"[""candidate=C; piece_counts=[8, 1, 1]; candidate_total=10; target_total=10; blocking_reason=requires a reflection""]","[""C""]",C,"[8,1,1]",10,10,requires a reflection
combination_2258_open_q1,combination_2258.png,"[""candidate=A; piece_counts=[5, 3]; candidate_total=8; target_total=9; blocking_reason=wrong cell count""]","[""A""]",A,"[5,3]",8,9,wrong cell count
combination_2259_open_q1,combination_2259.png,"[""candidate=B; piece_counts=[2, 4, 2]; candidate_total=8; target_total=8; blocking_reason=gap or overlap""]","[""B""]",B,"[2,4,2]",8,8,gap or overlap
combination_2260_open_q1,combination_2260.png,"[""candidate=C; piece_counts=[5, 1]; candidate_total=6; target_total=6; blocking_reason=requires a reflection""]","[""C""]",C,"[5,1]",6,6,requires a reflection
combination_2261_open_q1,combination_2261.png,"[""candidate=C; piece_counts=[6, 1, 3]; candidate_total=10; target_total=10; blocking_reason=gap or overlap""]","[""C""]",C,"[6,1,3]",10,10,gap or overlap
combination_2262_open_q1,combination_2262.png,"[""candidate=C; piece_counts=[7, 2]; candidate_total=9; target_total=9; blocking_reason=requires a reflection""]","[""C""]",C,"[7,2]",9,9,requires a reflection
combination_2263_open_q1,combination_2263.png,"[""candidate=B; piece_counts=[6, 2]; candidate_total=8; target_total=8; blocking_reason=gap or overlap""]","[""B""]",B,"[6,2]",8,8,gap or overlap
combination_2264_open_q1,combination_2264.png,"[""candidate=B; piece_counts=[4, 2]; candidate_total=6; target_total=6; blocking_reason=requires a reflection""]","[""B""]",B,"[4,2]",6,6,requires a reflection
combination_2265_open_q1,combination_2265.png,"[""candidate=C; piece_counts=[3, 5]; candidate_total=8; target_total=8; blocking_reason=gap or overlap""]","[""C""]",C,"[3,5]",8,8,gap or overlap
combination_2266_open_q1,combination_2266.png,"[""candidate=A; piece_counts=[1, 4, 1, 1]; candidate_total=7; target_total=8; blocking_reason=wrong cell count""]","[""A""]",A,"[1,4,1,1]",7,8,wrong cell count
combination_2267_open_q1,combination_2267.png,"[""candidate=D; piece_counts=[5, 3]; candidate_total=8; target_total=8; blocking_reason=gap or overlap""]","[""D""]",D,"[5,3]",8,8,gap or overlap
combination_2268_open_q1,combination_2268.png,"[""candidate=B; piece_counts=[5, 2]; candidate_total=7; target_total=8; blocking_reason=wrong cell count""]","[""B""]",B,"[5,2]",7,8,wrong cell count
combination_2269_open_q1,combination_2269.png,"[""candidate=C; piece_counts=[7, 3]; candidate_total=10; target_total=10; blocking_reason=gap or overlap""]","[""C""]",C,"[7,3]",10,10,gap or overlap
combination_2270_open_q1,combination_2270.png,"[""candidate=A; piece_counts=[1, 5, 2, 1]; candidate_total=9; target_total=10; blocking_reason=wrong cell count""]","[""A""]",A,"[1,5,2,1]",9,10,wrong cell count
combination_2271_open_q1,combination_2271.png,"[""candidate=B; piece_counts=[4, 4]; candidate_total=8; target_total=8; blocking_reason=gap or overlap""]","[""B""]",B,"[4,4]",8,8,gap or overlap
combination_2272_open_q1,combination_2272.png,"[""candidate=A; piece_counts=[3, 3, 1]; candidate_total=7; target_total=8; blocking_reason=wrong cell count""]","[""A""]",A,"[3,3,1]",7,8,wrong cell count
combination_2273_open_q1,combination_2273.png,"[""candidate=C; piece_counts=[5, 1]; candidate_total=6; target_total=6; blocking_reason=requires a reflection""]","[""C""]",C,"[5,1]",6,6,requires a reflection
combination_2274_open_q1,combination_2274.png,"[""candidate=C; piece_counts=[9, 1]; candidate_total=10; target_total=10; blocking_reason=requires a reflection""]","[""C""]",C,"[9,1]",10,10,requires a reflection
combination_2275_open_q1,combination_2275.png,"[""candidate=B; piece_counts=[1, 7, 1]; candidate_total=9; target_total=9; blocking_reason=gap or overlap""]","[""B""]",B,"[1,7,1]",9,9,gap or overlap
combination_2276_open_q1,combination_2276.png,"[""candidate=B; piece_counts=[3, 4]; candidate_total=7; target_total=7; blocking_reason=requires a reflection""]","[""B""]",B,"[3,4]",7,7,requires a reflection
combination_2277_open_q1,combination_2277.png,"[""candidate=B; piece_counts=[5, 1]; candidate_total=6; target_total=6; blocking_reason=requires a reflection""]","[""B""]",B,"[5,1]",6,6,requires a reflection
combination_2278_open_q1,combination_2278.png,"[""candidate=C; piece_counts=[2, 5]; candidate_total=7; target_total=7; blocking_reason=gap or overlap""]","[""C""]",C,"[2,5]",7,7,gap or overlap
combination_2279_open_q1,combination_2279.png,"[""candidate=B; piece_counts=[2, 8]; candidate_total=10; target_total=10; blocking_reason=requires a reflection""]","[""B""]",B,"[2,8]",10,10,requires a reflection
combination_2280_open_q1,combination_2280.png,"[""candidate=A; piece_counts=[5, 1, 1]; candidate_total=7; target_total=7; blocking_reason=gap or overlap""]","[""A""]",A,"[5,1,1]",7,7,gap or overlap
combination_2281_open_q1,combination_2281.png,"[""candidate=B; piece_counts=[6, 3, 1]; candidate_total=10; target_total=10; blocking_reason=requires a reflection""]","[""B""]",B,"[6,3,1]",10,10,requires a reflection
combination_2282_open_q1,combination_2282.png,"[""candidate=A; piece_counts=[6, 4]; candidate_total=10; target_total=10; blocking_reason=gap or overlap""]","[""A""]",A,"[6,4]",10,10,gap or overlap
combination_2283_open_q1,combination_2283.png,"[""candidate=A; piece_counts=[2, 4, 2]; candidate_total=8; target_total=8; blocking_reason=gap or overlap""]","[""A""]",A,"[2,4,2]",8,8,gap or overlap
combination_2284_open_q1,combination_2284.png,"[""candidate=C; piece_counts=[7, 1, 1]; candidate_total=9; target_total=9; blocking_reason=gap or overlap""]","[""C""]",C,"[7,1,1]",9,9,gap or overlap
combination_2285_open_q1,combination_2285.png,"[""candidate=C; piece_counts=[4, 1]; candidate_total=5; target_total=6; blocking_reason=wrong cell count""]","[""C""]",C,"[4,1]",5,6,wrong cell count
combination_2286_open_q1,combination_2286.png,"[""candidate=D; piece_counts=[4, 4]; candidate_total=8; target_total=8; blocking_reason=gap or overlap""]","[""D""]",D,"[4,4]",8,8,gap or overlap
combination_2287_open_q1,combination_2287.png,"[""candidate=A; piece_counts=[5, 1]; candidate_total=6; target_total=7; blocking_reason=wrong cell count""]","[""A""]",A,"[5,1]",6,7,wrong cell count
combination_2288_open_q1,combination_2288.png,"[""candidate=B; piece_counts=[3, 3, 1]; candidate_total=7; target_total=8; blocking_reason=wrong cell count""]","[""B""]",B,"[3,3,1]",7,8,wrong cell count
combination_2289_open_q1,combination_2289.png,"[""candidate=C; piece_counts=[2, 5, 2]; candidate_total=9; target_total=10; blocking_reason=wrong cell count""]","[""C""]",C,"[2,5,2]",9,10,wrong cell count
combination_2290_open_q1,combination_2290.png,"[""candidate=A; piece_counts=[4, 2]; candidate_total=6; target_total=7; blocking_reason=wrong cell count""]","[""A""]",A,"[4,2]",6,7,wrong cell count
combination_2291_open_q1,combination_2291.png,"[""candidate=D; piece_counts=[6, 1, 1, 1]; candidate_total=9; target_total=9; blocking_reason=requires a reflection""]","[""D""]",D,"[6,1,1,1]",9,9,requires a reflection
combination_2292_open_q1,combination_2292.png,"[""candidate=B; piece_counts=[2, 8]; candidate_total=10; target_total=10; blocking_reason=requires a reflection""]","[""B""]",B,"[2,8]",10,10,requires a reflection
combination_2293_open_q1,combination_2293.png,"[""candidate=C; piece_counts=[1, 3, 4, 1]; candidate_total=9; target_total=9; blocking_reason=gap or overlap""]","[""C""]",C,"[1,3,4,1]",9,9,gap or overlap
combination_2294_open_q1,combination_2294.png,"[""candidate=A; piece_counts=[3, 5, 1]; candidate_total=9; target_total=9; blocking_reason=requires a reflection""]","[""A""]",A,"[3,5,1]",9,9,requires a reflection
combination_2295_open_q1,combination_2295.png,"[""candidate=D; piece_counts=[6, 3]; candidate_total=9; target_total=9; blocking_reason=requires a reflection""]","[""D""]",D,"[6,3]",9,9,requires a reflection
combination_2296_open_q1,combination_2296.png,"[""candidate=B; piece_counts=[4, 1, 1]; candidate_total=6; target_total=6; blocking_reason=requires a reflection""]","[""B""]",B,"[4,1,1]",6,6,requires a reflection
combination_2297_open_q1,combination_2297.png,"[""candidate=C; piece_counts=[1, 5, 1]; candidate_total=7; target_total=7; blocking_reason=requires a reflection""]","[""C""]",C,"[1,5,1]",7,7,requires a reflection
combination_2298_open_q1,combination_2298.png,"[""candidate=C; piece_counts=[3, 5]; candidate_total=8; target_total=8; blocking_reason=requires a reflection""]","[""C""]",C,"[3,5]",8,8,requires a reflection
combination_2299_open_q1,combination_2299.png,"[""candidate=D; piece_counts=[6, 1]; candidate_total=7; target_total=7; blocking_reason=requires a reflection""]","[""D""]",D,"[6,1]",7,7,requires a reflection
combination_2300_open_q1,combination_2300.png,"[""candidate=C; piece_counts=[2, 5]; candidate_total=7; target_total=8; blocking_reason=wrong cell count""]","[""C""]",C,"[2,5]",7,8,wrong cell count
combination_2301_open_q1,combination_2301.png,"[""candidate=C; piece_counts=[2, 6, 1]; candidate_total=9; target_total=9; blocking_reason=gap or overlap""]","[""C""]",C,"[2,6,1]",9,9,gap or overlap
combination_2302_open_q1,combination_2302.png,"[""candidate=D; piece_counts=[3, 3]; candidate_total=6; target_total=6; blocking_reason=gap or overlap""]","[""D""]",D,"[3,3]",6,6,gap or overlap
combination_2303_open_q1,combination_2303.png,"[""candidate=A; piece_counts=[6, 2]; candidate_total=8; target_total=8; blocking_reason=gap or overlap""]","[""A""]",A,"[6,2]",8,8,gap or overlap
combination_2304_open_q1,combination_2304.png,"[""candidate=C; piece_counts=[1, 1, 6, 1]; candidate_total=9; target_total=9; blocking_reason=requires a reflection""]","[""C""]",C,"[1,1,6,1]",9,9,requires a reflection
combination_2305_open_q1,combination_2305.png,"[""candidate=B; piece_counts=[6, 2]; candidate_total=8; target_total=8; blocking_reason=gap or overlap""]","[""B""]",B,"[6,2]",8,8,gap or overlap
combination_2306_open_q1,combination_2306.png,"[""candidate=A; piece_counts=[2, 4]; candidate_total=6; target_total=6; blocking_reason=requires a reflection""]","[""A""]",A,"[2,4]",6,6,requires a reflection
combination_2307_open_q1,combination_2307.png,"[""candidate=B; piece_counts=[4, 4]; candidate_total=8; target_total=9; blocking_reason=wrong cell count""]","[""B""]",B,"[4,4]",8,9,wrong cell count
combination_2308_open_q1,combination_2308.png,"[""candidate=C; piece_counts=[5, 1]; candidate_total=6; target_total=6; blocking_reason=requires a reflection""]","[""C""]",C,"[5,1]",6,6,requires a reflection
combination_2309_open_q1,combination_2309.png,"[""candidate=D; piece_counts=[6, 1]; candidate_total=7; target_total=8; blocking_reason=wrong cell count""]","[""D""]",D,"[6,1]",7,8,wrong cell count
combination_2310_open_q1,combination_2310.png,"[""candidate=A; piece_counts=[8, 2]; candidate_total=10; target_total=10; blocking_reason=gap or overlap""]","[""A""]",A,"[8,2]",10,10,gap or overlap
combination_2311_open_q1,combination_2311.png,"[""candidate=A; piece_counts=[3, 5]; candidate_total=8; target_total=8; blocking_reason=gap or overlap""]","[""A""]",A,"[3,5]",8,8,gap or overlap
combination_2312_open_q1,combination_2312.png,"[""candidate=A; piece_counts=[3, 1, 5]; candidate_total=9; target_total=9; blocking_reason=gap or overlap""]","[""A""]",A,"[3,1,5]",9,9,gap or overlap
combination_2313_open_q1,combination_2313.png,"[""candidate=B; piece_counts=[4, 2]; candidate_total=6; target_total=6; blocking_reason=gap or overlap""]","[""B""]",B,"[4,2]",6,6,gap or overlap
combination_2314_open_q1,combination_2314.png,"[""candidate=A; piece_counts=[6, 2]; candidate_total=8; target_total=9; blocking_reason=wrong cell count""]","[""A""]",A,"[6,2]",8,9,wrong cell count
combination_2315_open_q1,combination_2315.png,"[""candidate=D; piece_counts=[4, 2]; candidate_total=6; target_total=7; blocking_reason=wrong cell count""]","[""D""]",D,"[4,2]",6,7,wrong cell count
combination_2316_open_q1,combination_2316.png,"[""candidate=A; piece_counts=[8, 2]; candidate_total=10; target_total=10; blocking_reason=gap or overlap""]","[""A""]",A,"[8,2]",10,10,gap or overlap
combination_2317_open_q1,combination_2317.png,"[""candidate=C; piece_counts=[3, 4]; candidate_total=7; target_total=7; blocking_reason=gap or overlap""]","[""C""]",C,"[3,4]",7,7,gap or overlap
combination_2318_open_q1,combination_2318.png,"[""candidate=A; piece_counts=[4, 1]; candidate_total=5; target_total=6; blocking_reason=wrong cell count""]","[""A""]",A,"[4,1]",5,6,wrong cell count
combination_2319_open_q1,combination_2319.png,"[""candidate=A; piece_counts=[4, 2]; candidate_total=6; target_total=6; blocking_reason=requires a reflection""]","[""A""]",A,"[4,2]",6,6,requires a reflection
combination_2320_open_q1,combination_2320.png,"[""candidate=B; piece_counts=[6, 1]; candidate_total=7; target_total=8; blocking_reason=wrong cell count""]","[""B""]",B,"[6,1]",7,8,wrong cell count
combination_2321_open_q1,combination_2321.png,"[""candidate=B; piece_counts=[5, 1]; candidate_total=6; target_total=6; blocking_reason=gap or overlap""]","[""B""]",B,"[5,1]",6,6,gap or overlap
combination_2322_open_q1,combination_2322.png,"[""candidate=A; piece_counts=[2, 7]; candidate_total=9; target_total=9; blocking_reason=gap or overlap""]","[""A""]",A,"[2,7]",9,9,gap or overlap
combination_2323_open_q1,combination_2323.png,"[""candidate=A; piece_counts=[5, 1]; candidate_total=6; target_total=6; blocking_reason=requires a reflection""]","[""A""]",A,"[5,1]",6,6,requires a reflection
combination_2324_open_q1,combination_2324.png,"[""candidate=C; piece_counts=[6, 2]; candidate_total=8; target_total=8; blocking_reason=gap or overlap""]","[""C""]",C,"[6,2]",8,8,gap or overlap
combination_2325_open_q1,combination_2325.png,"[""candidate=B; piece_counts=[6, 3]; candidate_total=9; target_total=9; blocking_reason=gap or overlap""]","[""B""]",B,"[6,3]",9,9,gap or overlap
combination_2326_open_q1,combination_2326.png,"[""candidate=A; piece_counts=[8, 1, 1]; candidate_total=10; target_total=10; blocking_reason=requires a reflection""]","[""A""]",A,"[8,1,1]",10,10,requires a reflection
combination_2327_open_q1,combination_2327.png,"[""candidate=D; piece_counts=[6, 2]; candidate_total=8; target_total=8; blocking_reason=requires a reflection""]","[""D""]",D,"[6,2]",8,8,requires a reflection
combination_2328_open_q1,combination_2328.png,"[""candidate=C; piece_counts=[8, 1]; candidate_total=9; target_total=9; blocking_reason=requires a reflection""]","[""C""]",C,"[8,1]",9,9,requires a reflection
combination_2329_open_q1,combination_2329.png,"[""candidate=D; piece_counts=[1, 7]; candidate_total=8; target_total=9; blocking_reason=wrong cell count""]","[""D""]",D,"[1,7]",8,9,wrong cell count
combination_2330_open_q1,combination_2330.png,"[""candidate=A; piece_counts=[1, 6]; candidate_total=7; target_total=7; blocking_reason=requires a reflection""]","[""A""]",A,"[1,6]",7,7,requires a reflection
combination_2331_open_q1,combination_2331.png,"[""candidate=B; piece_counts=[2, 2, 2]; candidate_total=6; target_total=6; blocking_reason=gap or overlap""]","[""B""]",B,"[2,2,2]",6,6,gap or overlap
combination_2332_open_q1,combination_2332.png,"[""candidate=C; piece_counts=[1, 6, 2]; candidate_total=9; target_total=10; blocking_reason=wrong cell count""]","[""C""]",C,"[1,6,2]",9,10,wrong cell count
combination_2333_open_q1,combination_2333.png,"[""candidate=B; piece_counts=[5, 3]; candidate_total=8; target_total=8; blocking_reason=gap or overlap""]","[""B""]",B,"[5,3]",8,8,gap or overlap
combination_2334_open_q1,combination_2334.png,"[""candidate=C; piece_counts=[4, 2, 1, 2]; candidate_total=9; target_total=9; blocking_reason=requires a reflection""]","[""C""]",C,"[4,2,1,2]",9,9,requires a reflection
combination_2335_open_q1,combination_2335.png,"[""candidate=A; piece_counts=[5, 1]; candidate_total=6; target_total=6; blocking_reason=requires a reflection""]","[""A""]",A,"[5,1]",6,6,requires a reflection
combination_2336_open_q1,combination_2336.png,"[""candidate=B; piece_counts=[5, 4, 1]; candidate_total=10; target_total=10; blocking_reason=requires a reflection""]","[""B""]",B,"[5,4,1]",10,10,requires a reflection
combination_2337_open_q1,combination_2337.png,"[""candidate=D; piece_counts=[7, 3]; candidate_total=10; target_total=10; blocking_reason=requires a reflection""]","[""D""]",D,"[7,3]",10,10,requires a reflection
combination_2338_open_q1,combination_2338.png,"[""candidate=C; piece_counts=[6, 2]; candidate_total=8; target_total=9; blocking_reason=wrong cell count""]","[""C""]",C,"[6,2]",8,9,wrong cell count
combination_2339_open_q1,combination_2339.png,"[""candidate=A; piece_counts=[9, 1]; candidate_total=10; target_total=10; blocking_reason=gap or overlap""]","[""A""]",A,"[9,1]",10,10,gap or overlap
combination_2340_open_q1,combination_2340.png,"[""candidate=B; piece_counts=[4, 2, 1]; candidate_total=7; target_total=7; blocking_reason=requires a reflection""]","[""B""]",B,"[4,2,1]",7,7,requires a reflection
combination_2341_open_q1,combination_2341.png,"[""candidate=D; piece_counts=[1, 6, 1]; candidate_total=8; target_total=8; blocking_reason=gap or overlap""]","[""D""]",D,"[1,6,1]",8,8,gap or overlap
combination_2342_open_q1,combination_2342.png,"[""candidate=C; piece_counts=[4, 2]; candidate_total=6; target_total=7; blocking_reason=wrong cell count""]","[""C""]",C,"[4,2]",6,7,wrong cell count
combination_2343_open_q1,combination_2343.png,"[""candidate=B; piece_counts=[9, 1]; candidate_total=10; target_total=10; blocking_reason=requires a reflection""]","[""B""]",B,"[9,1]",10,10,requires a reflection
combination_2344_open_q1,combination_2344.png,"[""candidate=C; piece_counts=[4, 3]; candidate_total=7; target_total=8; blocking_reason=wrong cell count""]","[""C""]",C,"[4,3]",7,8,wrong cell count
combination_2345_open_q1,combination_2345.png,"[""candidate=D; piece_counts=[6, 3]; candidate_total=9; target_total=9; blocking_reason=gap or overlap""]","[""D""]",D,"[6,3]",9,9,gap or overlap
combination_2346_open_q1,combination_2346.png,"[""candidate=D; piece_counts=[7, 1]; candidate_total=8; target_total=8; blocking_reason=gap or overlap""]","[""D""]",D,"[7,1]",8,8,gap or overlap
combination_2347_open_q1,combination_2347.png,"[""candidate=B; piece_counts=[6, 2]; candidate_total=8; target_total=8; blocking_reason=requires a reflection""]","[""B""]",B,"[6,2]",8,8,requires a reflection
combination_2348_open_q1,combination_2348.png,"[""candidate=B; piece_counts=[6, 1]; candidate_total=7; target_total=7; blocking_reason=gap or overlap""]","[""B""]",B,"[6,1]",7,7,gap or overlap
combination_2349_open_q1,combination_2349.png,"[""candidate=D; piece_counts=[5, 1, 1]; candidate_total=7; target_total=8; blocking_reason=wrong cell count""]","[""D""]",D,"[5,1,1]",7,8,wrong cell count
combination_2350_open_q1,combination_2350.png,"[""candidate=D; piece_counts=[1, 2, 5, 1]; candidate_total=9; target_total=10; blocking_reason=wrong cell count""]","[""D""]",D,"[1,2,5,1]",9,10,wrong cell count
combination_2351_open_q1,combination_2351.png,"[""candidate=A; piece_counts=[1, 8]; candidate_total=9; target_total=9; blocking_reason=requires a reflection""]","[""A""]",A,"[1,8]",9,9,requires a reflection
combination_2352_open_q1,combination_2352.png,"[""candidate=C; piece_counts=[6, 2, 2]; candidate_total=10; target_total=10; blocking_reason=gap or overlap""]","[""C""]",C,"[6,2,2]",10,10,gap or overlap
combination_2353_open_q1,combination_2353.png,"[""candidate=B; piece_counts=[2, 4]; candidate_total=6; target_total=6; blocking_reason=gap or overlap""]","[""B""]",B,"[2,4]",6,6,gap or overlap
combination_2354_open_q1,combination_2354.png,"[""candidate=A; piece_counts=[8, 2]; candidate_total=10; target_total=10; blocking_reason=requires a reflection""]","[""A""]",A,"[8,2]",10,10,requires a reflection
combination_2355_open_q1,combination_2355.png,"[""candidate=A; piece_counts=[5, 1, 1]; candidate_total=7; target_total=8; blocking_reason=wrong cell count""]","[""A""]",A,"[5,1,1]",7,8,wrong cell count
combination_2356_open_q1,combination_2356.png,"[""candidate=A; piece_counts=[4, 5]; candidate_total=9; target_total=9; blocking_reason=gap or overlap""]","[""A""]",A,"[4,5]",9,9,gap or overlap
combination_2357_open_q1,combination_2357.png,"[""candidate=B; piece_counts=[2, 5]; candidate_total=7; target_total=7; blocking_reason=gap or overlap""]","[""B""]",B,"[2,5]",7,7,gap or overlap
combination_2358_open_q1,combination_2358.png,"[""candidate=C; piece_counts=[8, 1]; candidate_total=9; target_total=9; blocking_reason=gap or overlap""]","[""C""]",C,"[8,1]",9,9,gap or overlap
combination_2359_open_q1,combination_2359.png,"[""candidate=B; piece_counts=[5, 1]; candidate_total=6; target_total=6; blocking_reason=gap or overlap""]","[""B""]",B,"[5,1]",6,6,gap or overlap
combination_2360_open_q1,combination_2360.png,"[""candidate=C; piece_counts=[6, 1, 2]; candidate_total=9; target_total=9; blocking_reason=gap or overlap""]","[""C""]",C,"[6,1,2]",9,9,gap or overlap
combination_2361_open_q1,combination_2361.png,"[""candidate=B; piece_counts=[4, 1]; candidate_total=5; target_total=6; blocking_reason=wrong cell count""]","[""B""]",B,"[4,1]",5,6,wrong cell count
combination_2362_open_q1,combination_2362.png,"[""candidate=C; piece_counts=[2, 7]; candidate_total=9; target_total=9; blocking_reason=requires a reflection""]","[""C""]",C,"[2,7]",9,9,requires a reflection
combination_2363_open_q1,combination_2363.png,"[""candidate=D; piece_counts=[6, 1]; candidate_total=7; target_total=7; blocking_reason=requires a reflection""]","[""D""]",D,"[6,1]",7,7,requires a reflection
combination_2364_open_q1,combination_2364.png,"[""candidate=C; piece_counts=[2, 6]; candidate_total=8; target_total=8; blocking_reason=requires a reflection""]","[""C""]",C,"[2,6]",8,8,requires a reflection
combination_2365_open_q1,combination_2365.png,"[""candidate=C; piece_counts=[4, 1]; candidate_total=5; target_total=6; blocking_reason=wrong cell count""]","[""C""]",C,"[4,1]",5,6,wrong cell count
combination_2366_open_q1,combination_2366.png,"[""candidate=C; piece_counts=[5, 1]; candidate_total=6; target_total=6; blocking_reason=requires a reflection""]","[""C""]",C,"[5,1]",6,6,requires a reflection
combination_2367_open_q1,combination_2367.png,"[""candidate=D; piece_counts=[2, 5, 1]; candidate_total=8; target_total=8; blocking_reason=gap or overlap""]","[""D""]",D,"[2,5,1]",8,8,gap or overlap
combination_2368_open_q1,combination_2368.png,"[""candidate=B; piece_counts=[5, 1, 1]; candidate_total=7; target_total=8; blocking_reason=wrong cell count""]","[""B""]",B,"[5,1,1]",7,8,wrong cell count
combination_2369_open_q1,combination_2369.png,"[""candidate=C; piece_counts=[2, 4]; candidate_total=6; target_total=6; blocking_reason=gap or overlap""]","[""C""]",C,"[2,4]",6,6,gap or overlap
combination_2370_open_q1,combination_2370.png,"[""candidate=A; piece_counts=[3, 3]; candidate_total=6; target_total=6; blocking_reason=gap or overlap""]","[""A""]",A,"[3,3]",6,6,gap or overlap
combination_2371_open_q1,combination_2371.png,"[""candidate=B; piece_counts=[3, 2]; candidate_total=5; target_total=6; blocking_reason=wrong cell count""]","[""B""]",B,"[3,2]",5,6,wrong cell count
combination_2372_open_q1,combination_2372.png,"[""candidate=C; piece_counts=[8, 1]; candidate_total=9; target_total=9; blocking_reason=requires a reflection""]","[""C""]",C,"[8,1]",9,9,requires a reflection
combination_2373_open_q1,combination_2373.png,"[""candidate=D; piece_counts=[3, 7]; candidate_total=10; target_total=10; blocking_reason=gap or overlap""]","[""D""]",D,"[3,7]",10,10,gap or overlap
combination_2374_open_q1,combination_2374.png,"[""candidate=C; piece_counts=[3, 1, 1, 1]; candidate_total=6; target_total=7; blocking_reason=wrong cell count""]","[""C""]",C,"[3,1,1,1]",6,7,wrong cell count
combination_2375_open_q1,combination_2375.png,"[""candidate=D; piece_counts=[1, 3, 1, 1]; candidate_total=6; target_total=7; blocking_reason=wrong cell count""]","[""D""]",D,"[1,3,1,1]",6,7,wrong cell count
combination_2376_open_q1,combination_2376.png,"[""candidate=B; piece_counts=[5, 2, 2]; candidate_total=9; target_total=10; blocking_reason=wrong cell count""]","[""B""]",B,"[5,2,2]",9,10,wrong cell count
combination_2377_open_q1,combination_2377.png,"[""candidate=B; piece_counts=[1, 7]; candidate_total=8; target_total=8; blocking_reason=gap or overlap""]","[""B""]",B,"[1,7]",8,8,gap or overlap
combination_2378_open_q1,combination_2378.png,"[""candidate=D; piece_counts=[4, 4]; candidate_total=8; target_total=9; blocking_reason=wrong cell count""]","[""D""]",D,"[4,4]",8,9,wrong cell count
combination_2379_open_q1,combination_2379.png,"[""candidate=A; piece_counts=[6, 2]; candidate_total=8; target_total=8; blocking_reason=requires a reflection""]","[""A""]",A,"[6,2]",8,8,requires a reflection
combination_2380_open_q1,combination_2380.png,"[""candidate=B; piece_counts=[4, 3]; candidate_total=7; target_total=7; blocking_reason=gap or overlap""]","[""B""]",B,"[4,3]",7,7,gap or overlap
combination_2381_open_q1,combination_2381.png,"[""candidate=C; piece_counts=[1, 7]; candidate_total=8; target_total=8; blocking_reason=requires a reflection""]","[""C""]",C,"[1,7]",8,8,requires a reflection
combination_2382_open_q1,combination_2382.png,"[""candidate=A; piece_counts=[7, 3]; candidate_total=10; target_total=10; blocking_reason=gap or overlap""]","[""A""]",A,"[7,3]",10,10,gap or overlap
combination_2383_open_q1,combination_2383.png,"[""candidate=A; piece_counts=[4, 1]; candidate_total=5; target_total=6; blocking_reason=wrong cell count""]","[""A""]",A,"[4,1]",5,6,wrong cell count
combination_2384_open_q1,combination_2384.png,"[""candidate=C; piece_counts=[3, 3]; candidate_total=6; target_total=7; blocking_reason=wrong cell count""]","[""C""]",C,"[3,3]",6,7,wrong cell count
combination_2385_open_q1,combination_2385.png,"[""candidate=D; piece_counts=[1, 3, 1]; candidate_total=5; target_total=6; blocking_reason=wrong cell count""]","[""D""]",D,"[1,3,1]",5,6,wrong cell count
combination_2386_open_q1,combination_2386.png,"[""candidate=C; piece_counts=[2, 6]; candidate_total=8; target_total=8; blocking_reason=gap or overlap""]","[""C""]",C,"[2,6]",8,8,gap or overlap
combination_2387_open_q1,combination_2387.png,"[""candidate=D; piece_counts=[6, 1]; candidate_total=7; target_total=7; blocking_reason=requires a reflection""]","[""D""]",D,"[6,1]",7,7,requires a reflection
combination_2388_open_q1,combination_2388.png,"[""candidate=B; piece_counts=[4, 3, 1]; candidate_total=8; target_total=9; blocking_reason=wrong cell count""]","[""B""]",B,"[4,3,1]",8,9,wrong cell count
combination_2389_open_q1,combination_2389.png,"[""candidate=B; piece_counts=[1, 3, 3]; candidate_total=7; target_total=7; blocking_reason=gap or overlap""]","[""B""]",B,"[1,3,3]",7,7,gap or overlap
combination_2390_open_q1,combination_2390.png,"[""candidate=A; piece_counts=[5, 1]; candidate_total=6; target_total=6; blocking_reason=gap or overlap""]","[""A""]",A,"[5,1]",6,6,gap or overlap
combination_2391_open_q1,combination_2391.png,"[""candidate=D; piece_counts=[6, 1, 1]; candidate_total=8; target_total=8; blocking_reason=gap or overlap""]","[""D""]",D,"[6,1,1]",8,8,gap or overlap
combination_2392_open_q1,combination_2392.png,"[""candidate=C; piece_counts=[2, 4, 3]; candidate_total=9; target_total=9; blocking_reason=gap or overlap""]","[""C""]",C,"[2,4,3]",9,9,gap or overlap
combination_2393_open_q1,combination_2393.png,"[""candidate=C; piece_counts=[4, 3, 1]; candidate_total=8; target_total=8; blocking_reason=gap or overlap""]","[""C""]",C,"[4,3,1]",8,8,gap or overlap
combination_2394_open_q1,combination_2394.png,"[""candidate=D; piece_counts=[7, 2]; candidate_total=9; target_total=9; blocking_reason=gap or overlap""]","[""D""]",D,"[7,2]",9,9,gap or overlap
combination_2395_open_q1,combination_2395.png,"[""candidate=A; piece_counts=[8, 1]; candidate_total=9; target_total=10; blocking_reason=wrong cell count""]","[""A""]",A,"[8,1]",9,10,wrong cell count
combination_2396_open_q1,combination_2396.png,"[""candidate=C; piece_counts=[1, 6]; candidate_total=7; target_total=7; blocking_reason=gap or overlap""]","[""C""]",C,"[1,6]",7,7,gap or overlap
combination_2397_open_q1,combination_2397.png,"[""candidate=B; piece_counts=[3, 3, 2, 1]; candidate_total=9; target_total=9; blocking_reason=gap or overlap""]","[""B""]",B,"[3,3,2,1]",9,9,gap or overlap
combination_2398_open_q1,combination_2398.png,"[""candidate=C; piece_counts=[3, 3]; candidate_total=6; target_total=7; blocking_reason=wrong cell count""]","[""C""]",C,"[3,3]",6,7,wrong cell count
combination_2399_open_q1,combination_2399.png,"[""candidate=A; piece_counts=[5, 3]; candidate_total=8; target_total=8; blocking_reason=requires a reflection""]","[""A""]",A,"[5,3]",8,8,requires a reflection
combination_2400_open_q1,combination_2400.png,"[""candidate=B; piece_counts=[4, 5]; candidate_total=9; target_total=9; blocking_reason=gap or overlap""]","[""B""]",B,"[4,5]",9,9,gap or overlap
combination_2401_open_q1,combination_2401.png,"[""candidate=D; piece_counts=[2, 4]; candidate_total=6; target_total=7; blocking_reason=wrong cell count""]","[""D""]",D,"[2,4]",6,7,wrong cell count
combination_2402_open_q1,combination_2402.png,"[""candidate=C; piece_counts=[2, 1, 5]; candidate_total=8; target_total=8; blocking_reason=gap or overlap""]","[""C""]",C,"[2,1,5]",8,8,gap or overlap
combination_2403_open_q1,combination_2403.png,"[""candidate=B; piece_counts=[2, 7]; candidate_total=9; target_total=9; blocking_reason=gap or overlap""]","[""B""]",B,"[2,7]",9,9,gap or overlap
combination_2404_open_q1,combination_2404.png,"[""candidate=C; piece_counts=[1, 4, 1]; candidate_total=6; target_total=6; blocking_reason=requires a reflection""]","[""C""]",C,"[1,4,1]",6,6,requires a reflection
combination_2405_open_q1,combination_2405.png,"[""candidate=D; piece_counts=[8, 1]; candidate_total=9; target_total=9; blocking_reason=requires a reflection""]","[""D""]",D,"[8,1]",9,9,requires a reflection
combination_2406_open_q1,combination_2406.png,"[""candidate=D; piece_counts=[5, 1, 2]; candidate_total=8; target_total=8; blocking_reason=requires a reflection""]","[""D""]",D,"[5,1,2]",8,8,requires a reflection
combination_2407_open_q1,combination_2407.png,"[""candidate=B; piece_counts=[5, 3]; candidate_total=8; target_total=8; blocking_reason=requires a reflection""]","[""B""]",B,"[5,3]",8,8,requires a reflection
combination_2408_open_q1,combination_2408.png,"[""candidate=B; piece_counts=[1, 7]; candidate_total=8; target_total=8; blocking_reason=gap or overlap""]","[""B""]",B,"[1,7]",8,8,gap or overlap
combination_2409_open_q1,combination_2409.png,"[""candidate=B; piece_counts=[5, 2, 1]; candidate_total=8; target_total=8; blocking_reason=requires a reflection""]","[""B""]",B,"[5,2,1]",8,8,requires a reflection
combination_2410_open_q1,combination_2410.png,"[""candidate=C; piece_counts=[8, 1]; candidate_total=9; target_total=10; blocking_reason=wrong cell count""]","[""C""]",C,"[8,1]",9,10,wrong cell count
combination_2411_open_q1,combination_2411.png,"[""candidate=D; piece_counts=[5, 1]; candidate_total=6; target_total=7; blocking_reason=wrong cell count""]","[""D""]",D,"[5,1]",6,7,wrong cell count
combination_2412_open_q1,combination_2412.png,"[""candidate=B; piece_counts=[2, 4]; candidate_total=6; target_total=6; blocking_reason=gap or overlap""]","[""B""]",B,"[2,4]",6,6,gap or overlap
combination_2413_open_q1,combination_2413.png,"[""candidate=C; piece_counts=[6, 1]; candidate_total=7; target_total=7; blocking_reason=requires a reflection""]","[""C""]",C,"[6,1]",7,7,requires a reflection
combination_2414_open_q1,combination_2414.png,"[""candidate=D; piece_counts=[4, 5]; candidate_total=9; target_total=9; blocking_reason=gap or overlap""]","[""D""]",D,"[4,5]",9,9,gap or overlap
combination_2415_open_q1,combination_2415.png,"[""candidate=B; piece_counts=[1, 2, 4]; candidate_total=7; target_total=7; blocking_reason=gap or overlap""]","[""B""]",B,"[1,2,4]",7,7,gap or overlap
combination_2416_open_q1,combination_2416.png,"[""candidate=C; piece_counts=[4, 3, 1]; candidate_total=8; target_total=9; blocking_reason=wrong cell count""]","[""C""]",C,"[4,3,1]",8,9,wrong cell count
combination_2417_open_q1,combination_2417.png,"[""candidate=C; piece_counts=[6, 2]; candidate_total=8; target_total=8; blocking_reason=gap or overlap""]","[""C""]",C,"[6,2]",8,8,gap or overlap
combination_2418_open_q1,combination_2418.png,"[""candidate=D; piece_counts=[9, 1]; candidate_total=10; target_total=10; blocking_reason=requires a reflection""]","[""D""]",D,"[9,1]",10,10,requires a reflection
combination_2419_open_q1,combination_2419.png,"[""candidate=D; piece_counts=[5, 4]; candidate_total=9; target_total=10; blocking_reason=wrong cell count""]","[""D""]",D,"[5,4]",9,10,wrong cell count
combination_2420_open_q1,combination_2420.png,"[""candidate=B; piece_counts=[9, 1]; candidate_total=10; target_total=10; blocking_reason=gap or overlap""]","[""B""]",B,"[9,1]",10,10,gap or overlap
combination_2421_open_q1,combination_2421.png,"[""candidate=C; piece_counts=[5, 2]; candidate_total=7; target_total=7; blocking_reason=requires a reflection""]","[""C""]",C,"[5,2]",7,7,requires a reflection
combination_2422_open_q1,combination_2422.png,"[""candidate=D; piece_counts=[3, 2]; candidate_total=5; target_total=6; blocking_reason=wrong cell count""]","[""D""]",D,"[3,2]",5,6,wrong cell count
combination_2423_open_q1,combination_2423.png,"[""candidate=B; piece_counts=[5, 1]; candidate_total=6; target_total=6; blocking_reason=requires a reflection""]","[""B""]",B,"[5,1]",6,6,requires a reflection
combination_2424_open_q1,combination_2424.png,"[""candidate=A; piece_counts=[5, 1]; candidate_total=6; target_total=6; blocking_reason=gap or overlap""]","[""A""]",A,"[5,1]",6,6,gap or overlap
combination_2425_open_q1,combination_2425.png,"[""candidate=C; piece_counts=[1, 7]; candidate_total=8; target_total=8; blocking_reason=gap or overlap""]","[""C""]",C,"[1,7]",8,8,gap or overlap
combination_2426_open_q1,combination_2426.png,"[""candidate=D; piece_counts=[8, 1]; candidate_total=9; target_total=9; blocking_reason=requires a reflection""]","[""D""]",D,"[8,1]",9,9,requires a reflection
combination_2427_open_q1,combination_2427.png,"[""candidate=B; piece_counts=[6, 4]; candidate_total=10; target_total=10; blocking_reason=requires a reflection""]","[""B""]",B,"[6,4]",10,10,requires a reflection
combination_2428_open_q1,combination_2428.png,"[""candidate=A; piece_counts=[6, 1, 1, 1]; candidate_total=9; target_total=10; blocking_reason=wrong cell count""]","[""A""]",A,"[6,1,1,1]",9,10,wrong cell count
combination_2429_open_q1,combination_2429.png,"[""candidate=D; piece_counts=[2, 4]; candidate_total=6; target_total=6; blocking_reason=gap or overlap""]","[""D""]",D,"[2,4]",6,6,gap or overlap
combination_2430_open_q1,combination_2430.png,"[""candidate=C; piece_counts=[3, 3]; candidate_total=6; target_total=7; blocking_reason=wrong cell count""]","[""C""]",C,"[3,3]",6,7,wrong cell count
combination_2431_open_q1,combination_2431.png,"[""candidate=B; piece_counts=[1, 9]; candidate_total=10; target_total=10; blocking_reason=gap or overlap""]","[""B""]",B,"[1,9]",10,10,gap or overlap
combination_2432_open_q1,combination_2432.png,"[""candidate=B; piece_counts=[6, 3]; candidate_total=9; target_total=10; blocking_reason=wrong cell count""]","[""B""]",B,"[6,3]",9,10,wrong cell count
combination_2433_open_q1,combination_2433.png,"[""candidate=B; piece_counts=[4, 2, 2]; candidate_total=8; target_total=9; blocking_reason=wrong cell count""]","[""B""]",B,"[4,2,2]",8,9,wrong cell count
combination_2434_open_q1,combination_2434.png,"[""candidate=C; piece_counts=[5, 1, 1, 1]; candidate_total=8; target_total=9; blocking_reason=wrong cell count""]","[""C""]",C,"[5,1,1,1]",8,9,wrong cell count
combination_2435_open_q1,combination_2435.png,"[""candidate=D; piece_counts=[2, 6]; candidate_total=8; target_total=8; blocking_reason=gap or overlap""]","[""D""]",D,"[2,6]",8,8,gap or overlap
combination_2436_open_q1,combination_2436.png,"[""candidate=B; piece_counts=[8, 1]; candidate_total=9; target_total=9; blocking_reason=requires a reflection""]","[""B""]",B,"[8,1]",9,9,requires a reflection
combination_2437_open_q1,combination_2437.png,"[""candidate=D; piece_counts=[7, 1]; candidate_total=8; target_total=8; blocking_reason=gap or overlap""]","[""D""]",D,"[7,1]",8,8,gap or overlap
combination_2438_open_q1,combination_2438.png,"[""candidate=C; piece_counts=[4, 3]; candidate_total=7; target_total=7; blocking_reason=gap or overlap""]","[""C""]",C,"[4,3]",7,7,gap or overlap
combination_2439_open_q1,combination_2439.png,"[""candidate=D; piece_counts=[4, 6]; candidate_total=10; target_total=10; blocking_reason=gap or overlap""]","[""D""]",D,"[4,6]",10,10,gap or overlap
combination_2440_open_q1,combination_2440.png,"[""candidate=C; piece_counts=[3, 5, 1]; candidate_total=9; target_total=10; blocking_reason=wrong cell count""]","[""C""]",C,"[3,5,1]",9,10,wrong cell count
combination_2441_open_q1,combination_2441.png,"[""candidate=B; piece_counts=[1, 7]; candidate_total=8; target_total=8; blocking_reason=gap or overlap""]","[""B""]",B,"[1,7]",8,8,gap or overlap
combination_2442_open_q1,combination_2442.png,"[""candidate=C; piece_counts=[4, 2]; candidate_total=6; target_total=6; blocking_reason=requires a reflection""]","[""C""]",C,"[4,2]",6,6,requires a reflection
combination_2443_open_q1,combination_2443.png,"[""candidate=A; piece_counts=[8, 1, 1]; candidate_total=10; target_total=10; blocking_reason=gap or overlap""]","[""A""]",A,"[8,1,1]",10,10,gap or overlap
combination_2444_open_q1,combination_2444.png,"[""candidate=C; piece_counts=[4, 5]; candidate_total=9; target_total=10; blocking_reason=wrong cell count""]","[""C""]",C,"[4,5]",9,10,wrong cell count
combination_2445_open_q1,combination_2445.png,"[""candidate=D; piece_counts=[5, 2, 1, 1]; candidate_total=9; target_total=10; blocking_reason=wrong cell count""]","[""D""]",D,"[5,2,1,1]",9,10,wrong cell count
combination_2446_open_q1,combination_2446.png,"[""candidate=A; piece_counts=[7, 1]; candidate_total=8; target_total=8; blocking_reason=requires a reflection""]","[""A""]",A,"[7,1]",8,8,requires a reflection
combination_2447_open_q1,combination_2447.png,"[""candidate=A; piece_counts=[6, 1, 1]; candidate_total=8; target_total=9; blocking_reason=wrong cell count""]","[""A""]",A,"[6,1,1]",8,9,wrong cell count
combination_2448_open_q1,combination_2448.png,"[""candidate=C; piece_counts=[4, 1, 1]; candidate_total=6; target_total=6; blocking_reason=requires a reflection""]","[""C""]",C,"[4,1,1]",6,6,requires a reflection
combination_2449_open_q1,combination_2449.png,"[""candidate=D; piece_counts=[4, 6]; candidate_total=10; target_total=10; blocking_reason=requires a reflection""]","[""D""]",D,"[4,6]",10,10,requires a reflection
combination_2450_open_q1,combination_2450.png,"[""candidate=C; piece_counts=[7, 2]; candidate_total=9; target_total=10; blocking_reason=wrong cell count""]","[""C""]",C,"[7,2]",9,10,wrong cell count
combination_2451_open_q1,combination_2451.png,"[""candidate=D; piece_counts=[6, 3]; candidate_total=9; target_total=9; blocking_reason=requires a reflection""]","[""D""]",D,"[6,3]",9,9,requires a reflection
combination_2452_open_q1,combination_2452.png,"[""candidate=C; piece_counts=[3, 4]; candidate_total=7; target_total=8; blocking_reason=wrong cell count""]","[""C""]",C,"[3,4]",7,8,wrong cell count
combination_2453_open_q1,combination_2453.png,"[""candidate=B; piece_counts=[1, 3, 2]; candidate_total=6; target_total=7; blocking_reason=wrong cell count""]","[""B""]",B,"[1,3,2]",6,7,wrong cell count
combination_2454_open_q1,combination_2454.png,"[""candidate=D; piece_counts=[5, 1, 2, 1]; candidate_total=9; target_total=10; blocking_reason=wrong cell count""]","[""D""]",D,"[5,1,2,1]",9,10,wrong cell count
combination_2455_open_q1,combination_2455.png,"[""candidate=B; piece_counts=[1, 7, 2]; candidate_total=10; target_total=10; blocking_reason=gap or overlap""]","[""B""]",B,"[1,7,2]",10,10,gap or overlap
combination_2456_open_q1,combination_2456.png,"[""candidate=C; piece_counts=[4, 3]; candidate_total=7; target_total=8; blocking_reason=wrong cell count""]","[""C""]",C,"[4,3]",7,8,wrong cell count
combination_2457_open_q1,combination_2457.png,"[""candidate=D; piece_counts=[1, 1, 6, 2]; candidate_total=10; target_total=10; blocking_reason=requires a reflection""]","[""D""]",D,"[1,1,6,2]",10,10,requires a reflection
combination_2458_open_q1,combination_2458.png,"[""candidate=C; piece_counts=[4, 5, 1]; candidate_total=10; target_total=10; blocking_reason=requires a reflection""]","[""C""]",C,"[4,5,1]",10,10,requires a reflection
combination_2459_open_q1,combination_2459.png,"[""candidate=B; piece_counts=[4, 2]; candidate_total=6; target_total=7; blocking_reason=wrong cell count""]","[""B""]",B,"[4,2]",6,7,wrong cell count
combination_2460_open_q1,combination_2460.png,"[""candidate=B; piece_counts=[3, 4]; candidate_total=7; target_total=7; blocking_reason=gap or overlap""]","[""B""]",B,"[3,4]",7,7,gap or overlap
combination_2461_open_q1,combination_2461.png,"[""candidate=C; piece_counts=[3, 4]; candidate_total=7; target_total=7; blocking_reason=gap or overlap""]","[""C""]",C,"[3,4]",7,7,gap or overlap
combination_2462_open_q1,combination_2462.png,"[""candidate=A; piece_counts=[5, 3]; candidate_total=8; target_total=8; blocking_reason=requires a reflection""]","[""A""]",A,"[5,3]",8,8,requires a reflection
combination_2463_open_q1,combination_2463.png,"[""candidate=D; piece_counts=[6, 1]; candidate_total=7; target_total=7; blocking_reason=requires a reflection""]","[""D""]",D,"[6,1]",7,7,requires a reflection
combination_2464_open_q1,combination_2464.png,"[""candidate=C; piece_counts=[7, 2]; candidate_total=9; target_total=9; blocking_reason=requires a reflection""]","[""C""]",C,"[7,2]",9,9,requires a reflection
combination_2465_open_q1,combination_2465.png,"[""candidate=C; piece_counts=[2, 4]; candidate_total=6; target_total=6; blocking_reason=gap or overlap""]","[""C""]",C,"[2,4]",6,6,gap or overlap
combination_2466_open_q1,combination_2466.png,"[""candidate=C; piece_counts=[1, 5, 1, 1]; candidate_total=8; target_total=8; blocking_reason=requires a reflection""]","[""C""]",C,"[1,5,1,1]",8,8,requires a reflection
combination_2467_open_q1,combination_2467.png,"[""candidate=D; piece_counts=[2, 3]; candidate_total=5; target_total=6; blocking_reason=wrong cell count""]","[""D""]",D,"[2,3]",5,6,wrong cell count
combination_2468_open_q1,combination_2468.png,"[""candidate=A; piece_counts=[2, 7]; candidate_total=9; target_total=9; blocking_reason=requires a reflection""]","[""A""]",A,"[2,7]",9,9,requires a reflection
combination_2469_open_q1,combination_2469.png,"[""candidate=B; piece_counts=[2, 3]; candidate_total=5; target_total=6; blocking_reason=wrong cell count""]","[""B""]",B,"[2,3]",5,6,wrong cell count
combination_2470_open_q1,combination_2470.png,"[""candidate=D; piece_counts=[6, 1, 1, 1]; candidate_total=9; target_total=10; blocking_reason=wrong cell count""]","[""D""]",D,"[6,1,1,1]",9,10,wrong cell count
combination_2471_open_q1,combination_2471.png,"[""candidate=A; piece_counts=[5, 1]; candidate_total=6; target_total=7; blocking_reason=wrong cell count""]","[""A""]",A,"[5,1]",6,7,wrong cell count
combination_2472_open_q1,combination_2472.png,"[""candidate=C; piece_counts=[1, 3, 1]; candidate_total=5; target_total=6; blocking_reason=wrong cell count""]","[""C""]",C,"[1,3,1]",5,6,wrong cell count
combination_2473_open_q1,combination_2473.png,"[""candidate=D; piece_counts=[4, 4]; candidate_total=8; target_total=8; blocking_reason=gap or overlap""]","[""D""]",D,"[4,4]",8,8,gap or overlap
combination_2474_open_q1,combination_2474.png,"[""candidate=A; piece_counts=[7, 1, 1]; candidate_total=9; target_total=9; blocking_reason=requires a reflection""]","[""A""]",A,"[7,1,1]",9,9,requires a reflection
combination_2475_open_q1,combination_2475.png,"[""candidate=B; piece_counts=[6, 1]; candidate_total=7; target_total=8; blocking_reason=wrong cell count""]","[""B""]",B,"[6,1]",7,8,wrong cell count
combination_2476_open_q1,combination_2476.png,"[""candidate=A; piece_counts=[1, 3, 1, 1]; candidate_total=6; target_total=7; blocking_reason=wrong cell count""]","[""A""]",A,"[1,3,1,1]",6,7,wrong cell count
combination_2477_open_q1,combination_2477.png,"[""candidate=D; piece_counts=[2, 5, 1]; candidate_total=8; target_total=9; blocking_reason=wrong cell count""]","[""D""]",D,"[2,5,1]",8,9,wrong cell count
combination_2478_open_q1,combination_2478.png,"[""candidate=D; piece_counts=[7, 1]; candidate_total=8; target_total=8; blocking_reason=requires a reflection""]","[""D""]",D,"[7,1]",8,8,requires a reflection
combination_2479_open_q1,combination_2479.png,"[""candidate=A; piece_counts=[4, 1, 2]; candidate_total=7; target_total=7; blocking_reason=requires a reflection""]","[""A""]",A,"[4,1,2]",7,7,requires a reflection
combination_2480_open_q1,combination_2480.png,"[""candidate=B; piece_counts=[3, 1, 1]; candidate_total=5; target_total=6; blocking_reason=wrong cell count""]","[""B""]",B,"[3,1,1]",5,6,wrong cell count
combination_2481_open_q1,combination_2481.png,"[""candidate=B; piece_counts=[2, 6, 1]; candidate_total=9; target_total=10; blocking_reason=wrong cell count""]","[""B""]",B,"[2,6,1]",9,10,wrong cell count
combination_2482_open_q1,combination_2482.png,"[""candidate=D; piece_counts=[4, 5]; candidate_total=9; target_total=10; blocking_reason=wrong cell count""]","[""D""]",D,"[4,5]",9,10,wrong cell count
combination_2483_open_q1,combination_2483.png,"[""candidate=A; piece_counts=[7, 1, 1]; candidate_total=9; target_total=10; blocking_reason=wrong cell count""]","[""A""]",A,"[7,1,1]",9,10,wrong cell count
combination_2484_open_q1,combination_2484.png,"[""candidate=B; piece_counts=[1, 7]; candidate_total=8; target_total=8; blocking_reason=gap or overlap""]","[""B""]",B,"[1,7]",8,8,gap or overlap
combination_2485_open_q1,combination_2485.png,"[""candidate=B; piece_counts=[4, 3]; candidate_total=7; target_total=7; blocking_reason=gap or overlap""]","[""B""]",B,"[4,3]",7,7,gap or overlap
combination_2486_open_q1,combination_2486.png,"[""candidate=C; piece_counts=[5, 1]; candidate_total=6; target_total=7; blocking_reason=wrong cell count""]","[""C""]",C,"[5,1]",6,7,wrong cell count
combination_2487_open_q1,combination_2487.png,"[""candidate=D; piece_counts=[7, 1]; candidate_total=8; target_total=8; blocking_reason=requires a reflection""]","[""D""]",D,"[7,1]",8,8,requires a reflection
combination_2488_open_q1,combination_2488.png,"[""candidate=B; piece_counts=[2, 5, 1]; candidate_total=8; target_total=8; blocking_reason=gap or overlap""]","[""B""]",B,"[2,5,1]",8,8,gap or overlap
combination_2489_open_q1,combination_2489.png,"[""candidate=B; piece_counts=[4, 1]; candidate_total=5; target_total=6; blocking_reason=wrong cell count""]","[""B""]",B,"[4,1]",5,6,wrong cell count
combination_2490_open_q1,combination_2490.png,"[""candidate=C; piece_counts=[4, 1]; candidate_total=5; target_total=6; blocking_reason=wrong cell count""]","[""C""]",C,"[4,1]",5,6,wrong cell count
combination_2491_open_q1,combination_2491.png,"[""candidate=B; piece_counts=[2, 5]; candidate_total=7; target_total=7; blocking_reason=gap or overlap""]","[""B""]",B,"[2,5]",7,7,gap or overlap
combination_2492_open_q1,combination_2492.png,"[""candidate=C; piece_counts=[7, 2]; candidate_total=9; target_total=10; blocking_reason=wrong cell count""]","[""C""]",C,"[7,2]",9,10,wrong cell count
combination_2493_open_q1,combination_2493.png,"[""candidate=D; piece_counts=[1, 4, 1]; candidate_total=6; target_total=6; blocking_reason=requires a reflection""]","[""D""]",D,"[1,4,1]",6,6,requires a reflection
combination_2494_open_q1,combination_2494.png,"[""candidate=A; piece_counts=[1, 1, 5]; candidate_total=7; target_total=7; blocking_reason=gap or overlap""]","[""A""]",A,"[1,1,5]",7,7,gap or overlap
combination_2495_open_q1,combination_2495.png,"[""candidate=B; piece_counts=[4, 1]; candidate_total=5; target_total=6; blocking_reason=wrong cell count""]","[""B""]",B,"[4,1]",5,6,wrong cell count
combination_2496_open_q1,combination_2496.png,"[""candidate=B; piece_counts=[6, 1]; candidate_total=7; target_total=8; blocking_reason=wrong cell count""]","[""B""]",B,"[6,1]",7,8,wrong cell count
combination_2497_open_q1,combination_2497.png,"[""candidate=D; piece_counts=[6, 2]; candidate_total=8; target_total=8; blocking_reason=gap or overlap""]","[""D""]",D,"[6,2]",8,8,gap or overlap
combination_2498_open_q1,combination_2498.png,"[""candidate=C; piece_counts=[1, 4]; candidate_total=5; target_total=6; blocking_reason=wrong cell count""]","[""C""]",C,"[1,4]",5,6,wrong cell count
combination_2499_open_q1,combination_2499.png,"[""candidate=D; piece_counts=[3, 5]; candidate_total=8; target_total=8; blocking_reason=gap or overlap""]","[""D""]",D,"[3,5]",8,8,gap or overlap
combination_2500_open_q1,combination_2500.png,"[""candidate=B; piece_counts=[1, 6, 1, 1]; candidate_total=9; target_total=10; blocking_reason=wrong cell count""]","[""B""]",B,"[1,6,1,1]",9,10,wrong cell count
combination_2501_open_q1,combination_2501.png,"[""candidate=D; piece_counts=[4, 1, 1]; candidate_total=6; target_total=6; blocking_reason=requires a reflection""]","[""D""]",D,"[4,1,1]",6,6,requires a reflection
combination_2502_open_q1,combination_2502.png,"[""candidate=C; piece_counts=[2, 4, 3]; candidate_total=9; target_total=10; blocking_reason=wrong cell count""]","[""C""]",C,"[2,4,3]",9,10,wrong cell count
combination_2503_open_q1,combination_2503.png,"[""candidate=D; piece_counts=[8, 1]; candidate_total=9; target_total=9; blocking_reason=requires a reflection""]","[""D""]",D,"[8,1]",9,9,requires a reflection
combination_2504_open_q1,combination_2504.png,"[""candidate=A; piece_counts=[3, 3]; candidate_total=6; target_total=7; blocking_reason=wrong cell count""]","[""A""]",A,"[3,3]",6,7,wrong cell count
combination_2505_open_q1,combination_2505.png,"[""candidate=B; piece_counts=[2, 3, 3, 1]; candidate_total=9; target_total=10; blocking_reason=wrong cell count""]","[""B""]",B,"[2,3,3,1]",9,10,wrong cell count
combination_2506_open_q1,combination_2506.png,"[""candidate=A; piece_counts=[2, 5]; candidate_total=7; target_total=8; blocking_reason=wrong cell count""]","[""A""]",A,"[2,5]",7,8,wrong cell count
combination_2507_open_q1,combination_2507.png,"[""candidate=B; piece_counts=[6, 1, 1]; candidate_total=8; target_total=9; blocking_reason=wrong cell count""]","[""B""]",B,"[6,1,1]",8,9,wrong cell count
combination_2508_open_q1,combination_2508.png,"[""candidate=C; piece_counts=[5, 1]; candidate_total=6; target_total=7; blocking_reason=wrong cell count""]","[""C""]",C,"[5,1]",6,7,wrong cell count
combination_2509_open_q1,combination_2509.png,"[""candidate=C; piece_counts=[1, 4]; candidate_total=5; target_total=6; blocking_reason=wrong cell count""]","[""C""]",C,"[1,4]",5,6,wrong cell count
combination_2510_open_q1,combination_2510.png,"[""candidate=A; piece_counts=[4, 4, 1]; candidate_total=9; target_total=10; blocking_reason=wrong cell count""]","[""A""]",A,"[4,4,1]",9,10,wrong cell count
combination_2511_open_q1,combination_2511.png,"[""candidate=D; piece_counts=[5, 5]; candidate_total=10; target_total=10; blocking_reason=gap or overlap""]","[""D""]",D,"[5,5]",10,10,gap or overlap
combination_2512_open_q1,combination_2512.png,"[""candidate=C; piece_counts=[4, 2]; candidate_total=6; target_total=6; blocking_reason=requires a reflection""]","[""C""]",C,"[4,2]",6,6,requires a reflection
combination_2513_open_q1,combination_2513.png,"[""candidate=C; piece_counts=[7, 2]; candidate_total=9; target_total=9; blocking_reason=gap or overlap""]","[""C""]",C,"[7,2]",9,9,gap or overlap
combination_2514_open_q1,combination_2514.png,"[""candidate=D; piece_counts=[8, 1, 1]; candidate_total=10; target_total=10; blocking_reason=requires a reflection""]","[""D""]",D,"[8,1,1]",10,10,requires a reflection
combination_2515_open_q1,combination_2515.png,"[""candidate=A; piece_counts=[3, 1, 3]; candidate_total=7; target_total=7; blocking_reason=gap or overlap""]","[""A""]",A,"[3,1,3]",7,7,gap or overlap
combination_2516_open_q1,combination_2516.png,"[""candidate=C; piece_counts=[3, 5, 2]; candidate_total=10; target_total=10; blocking_reason=gap or overlap""]","[""C""]",C,"[3,5,2]",10,10,gap or overlap
combination_2517_open_q1,combination_2517.png,"[""candidate=D; piece_counts=[6, 3]; candidate_total=9; target_total=9; blocking_reason=requires a reflection""]","[""D""]",D,"[6,3]",9,9,requires a reflection
combination_2518_open_q1,combination_2518.png,"[""candidate=C; piece_counts=[4, 5]; candidate_total=9; target_total=9; blocking_reason=gap or overlap""]","[""C""]",C,"[4,5]",9,9,gap or overlap
combination_2519_open_q1,combination_2519.png,"[""candidate=D; piece_counts=[5, 3]; candidate_total=8; target_total=8; blocking_reason=requires a reflection""]","[""D""]",D,"[5,3]",8,8,requires a reflection
combination_2520_open_q1,combination_2520.png,"[""candidate=B; piece_counts=[8, 1]; candidate_total=9; target_total=9; blocking_reason=requires a reflection""]","[""B""]",B,"[8,1]",9,9,requires a reflection
combination_2521_open_q1,combination_2521.png,"[""candidate=D; piece_counts=[4, 1]; candidate_total=5; target_total=6; blocking_reason=wrong cell count""]","[""D""]",D,"[4,1]",5,6,wrong cell count
combination_2522_open_q1,combination_2522.png,"[""candidate=C; piece_counts=[8, 1]; candidate_total=9; target_total=9; blocking_reason=requires a reflection""]","[""C""]",C,"[8,1]",9,9,requires a reflection
combination_2523_open_q1,combination_2523.png,"[""candidate=A; piece_counts=[8, 2]; candidate_total=10; target_total=10; blocking_reason=gap or overlap""]","[""A""]",A,"[8,2]",10,10,gap or overlap
combination_2524_open_q1,combination_2524.png,"[""candidate=A; piece_counts=[4, 2]; candidate_total=6; target_total=6; blocking_reason=requires a reflection""]","[""A""]",A,"[4,2]",6,6,requires a reflection
combination_2525_open_q1,combination_2525.png,"[""candidate=B; piece_counts=[7, 2]; candidate_total=9; target_total=9; blocking_reason=gap or overlap""]","[""B""]",B,"[7,2]",9,9,gap or overlap
combination_2526_open_q1,combination_2526.png,"[""candidate=D; piece_counts=[7, 1]; candidate_total=8; target_total=9; blocking_reason=wrong cell count""]","[""D""]",D,"[7,1]",8,9,wrong cell count
combination_2527_open_q1,combination_2527.png,"[""candidate=A; piece_counts=[3, 4]; candidate_total=7; target_total=7; blocking_reason=gap or overlap""]","[""A""]",A,"[3,4]",7,7,gap or overlap
combination_2528_open_q1,combination_2528.png,"[""candidate=A; piece_counts=[6, 1]; candidate_total=7; target_total=7; blocking_reason=gap or overlap""]","[""A""]",A,"[6,1]",7,7,gap or overlap
combination_2529_open_q1,combination_2529.png,"[""candidate=D; piece_counts=[2, 3, 5]; candidate_total=10; target_total=10; blocking_reason=gap or overlap""]","[""D""]",D,"[2,3,5]",10,10,gap or overlap
combination_2530_open_q1,combination_2530.png,"[""candidate=A; piece_counts=[4, 1, 4]; candidate_total=9; target_total=10; blocking_reason=wrong cell count""]","[""A""]",A,"[4,1,4]",9,10,wrong cell count
combination_2531_open_q1,combination_2531.png,"[""candidate=D; piece_counts=[5, 1]; candidate_total=6; target_total=6; blocking_reason=requires a reflection""]","[""D""]",D,"[5,1]",6,6,requires a reflection
combination_2532_open_q1,combination_2532.png,"[""candidate=B; piece_counts=[2, 4]; candidate_total=6; target_total=6; blocking_reason=gap or overlap""]","[""B""]",B,"[2,4]",6,6,gap or overlap
combination_2533_open_q1,combination_2533.png,"[""candidate=C; piece_counts=[1, 6, 1, 1]; candidate_total=9; target_total=9; blocking_reason=requires a reflection""]","[""C""]",C,"[1,6,1,1]",9,9,requires a reflection
combination_2534_open_q1,combination_2534.png,"[""candidate=C; piece_counts=[2, 7]; candidate_total=9; target_total=9; blocking_reason=requires a reflection""]","[""C""]",C,"[2,7]",9,9,requires a reflection
combination_2535_open_q1,combination_2535.png,"[""candidate=D; piece_counts=[5, 2]; candidate_total=7; target_total=7; blocking_reason=gap or overlap""]","[""D""]",D,"[5,2]",7,7,gap or overlap
combination_2536_open_q1,combination_2536.png,"[""candidate=B; piece_counts=[8, 1]; candidate_total=9; target_total=9; blocking_reason=requires a reflection""]","[""B""]",B,"[8,1]",9,9,requires a reflection
combination_2537_open_q1,combination_2537.png,"[""candidate=B; piece_counts=[5, 1, 1]; candidate_total=7; target_total=7; blocking_reason=gap or overlap""]","[""B""]",B,"[5,1,1]",7,7,gap or overlap
combination_2538_open_q1,combination_2538.png,"[""candidate=D; piece_counts=[1, 5, 2]; candidate_total=8; target_total=8; blocking_reason=requires a reflection""]","[""D""]",D,"[1,5,2]",8,8,requires a reflection
combination_2539_open_q1,combination_2539.png,"[""candidate=B; piece_counts=[6, 1, 1, 1]; candidate_total=9; target_total=10; blocking_reason=wrong cell count""]","[""B""]",B,"[6,1,1,1]",9,10,wrong cell count
combination_2540_open_q1,combination_2540.png,"[""candidate=A; piece_counts=[4, 3]; candidate_total=7; target_total=7; blocking_reason=gap or overlap""]","[""A""]",A,"[4,3]",7,7,gap or overlap
combination_2541_open_q1,combination_2541.png,"[""candidate=B; piece_counts=[7, 2]; candidate_total=9; target_total=9; blocking_reason=requires a reflection""]","[""B""]",B,"[7,2]",9,9,requires a reflection
combination_2542_open_q1,combination_2542.png,"[""candidate=C; piece_counts=[5, 1]; candidate_total=6; target_total=7; blocking_reason=wrong cell count""]","[""C""]",C,"[5,1]",6,7,wrong cell count
combination_2543_open_q1,combination_2543.png,"[""candidate=A; piece_counts=[3, 4]; candidate_total=7; target_total=8; blocking_reason=wrong cell count""]","[""A""]",A,"[3,4]",7,8,wrong cell count
combination_2544_open_q1,combination_2544.png,"[""candidate=B; piece_counts=[3, 6]; candidate_total=9; target_total=9; blocking_reason=gap or overlap""]","[""B""]",B,"[3,6]",9,9,gap or overlap
combination_2545_open_q1,combination_2545.png,"[""candidate=C; piece_counts=[1, 7, 2]; candidate_total=10; target_total=10; blocking_reason=requires a reflection""]","[""C""]",C,"[1,7,2]",10,10,requires a reflection
combination_2546_open_q1,combination_2546.png,"[""candidate=A; piece_counts=[5, 4]; candidate_total=9; target_total=9; blocking_reason=gap or overlap""]","[""A""]",A,"[5,4]",9,9,gap or overlap
combination_2547_open_q1,combination_2547.png,"[""candidate=B; piece_counts=[7, 1, 1]; candidate_total=9; target_total=10; blocking_reason=wrong cell count""]","[""B""]",B,"[7,1,1]",9,10,wrong cell count
combination_2548_open_q1,combination_2548.png,"[""candidate=A; piece_counts=[2, 4]; candidate_total=6; target_total=6; blocking_reason=gap or overlap""]","[""A""]",A,"[2,4]",6,6,gap or overlap
combination_2549_open_q1,combination_2549.png,"[""candidate=B; piece_counts=[4, 2]; candidate_total=6; target_total=7; blocking_reason=wrong cell count""]","[""B""]",B,"[4,2]",6,7,wrong cell count
combination_2550_open_q1,combination_2550.png,"[""candidate=A; piece_counts=[1, 5, 4]; candidate_total=10; target_total=10; blocking_reason=gap or overlap""]","[""A""]",A,"[1,5,4]",10,10,gap or overlap
combination_2551_open_q1,combination_2551.png,"[""candidate=D; piece_counts=[4, 2]; candidate_total=6; target_total=7; blocking_reason=wrong cell count""]","[""D""]",D,"[4,2]",6,7,wrong cell count
combination_2552_open_q1,combination_2552.png,"[""candidate=B; piece_counts=[3, 7]; candidate_total=10; target_total=10; blocking_reason=gap or overlap""]","[""B""]",B,"[3,7]",10,10,gap or overlap
combination_2553_open_q1,combination_2553.png,"[""candidate=C; piece_counts=[1, 6]; candidate_total=7; target_total=7; blocking_reason=gap or overlap""]","[""C""]",C,"[1,6]",7,7,gap or overlap
combination_2554_open_q1,combination_2554.png,"[""candidate=C; piece_counts=[3, 4]; candidate_total=7; target_total=8; blocking_reason=wrong cell count""]","[""C""]",C,"[3,4]",7,8,wrong cell count
combination_2555_open_q1,combination_2555.png,"[""candidate=B; piece_counts=[2, 7]; candidate_total=9; target_total=9; blocking_reason=gap or overlap""]","[""B""]",B,"[2,7]",9,9,gap or overlap
combination_2556_open_q1,combination_2556.png,"[""candidate=C; piece_counts=[4, 2]; candidate_total=6; target_total=6; blocking_reason=gap or overlap""]","[""C""]",C,"[4,2]",6,6,gap or overlap
combination_2557_open_q1,combination_2557.png,"[""candidate=D; piece_counts=[9, 1]; candidate_total=10; target_total=10; blocking_reason=gap or overlap""]","[""D""]",D,"[9,1]",10,10,gap or overlap
combination_2558_open_q1,combination_2558.png,"[""candidate=C; piece_counts=[5, 1]; candidate_total=6; target_total=6; blocking_reason=requires a reflection""]","[""C""]",C,"[5,1]",6,6,requires a reflection
combination_2559_open_q1,combination_2559.png,"[""candidate=B; piece_counts=[2, 4, 2]; candidate_total=8; target_total=9; blocking_reason=wrong cell count""]","[""B""]",B,"[2,4,2]",8,9,wrong cell count
combination_2560_open_q1,combination_2560.png,"[""candidate=C; piece_counts=[2, 4]; candidate_total=6; target_total=7; blocking_reason=wrong cell count""]","[""C""]",C,"[2,4]",6,7,wrong cell count
combination_2561_open_q1,combination_2561.png,"[""candidate=C; piece_counts=[2, 7]; candidate_total=9; target_total=9; blocking_reason=gap or overlap""]","[""C""]",C,"[2,7]",9,9,gap or overlap
combination_2562_open_q1,combination_2562.png,"[""candidate=A; piece_counts=[6, 3]; candidate_total=9; target_total=9; blocking_reason=requires a reflection""]","[""A""]",A,"[6,3]",9,9,requires a reflection
combination_2563_open_q1,combination_2563.png,"[""candidate=D; piece_counts=[4, 5]; candidate_total=9; target_total=10; blocking_reason=wrong cell count""]","[""D""]",D,"[4,5]",9,10,wrong cell count
combination_2564_open_q1,combination_2564.png,"[""candidate=A; piece_counts=[4, 2, 2, 2]; candidate_total=10; target_total=10; blocking_reason=gap or overlap""]","[""A""]",A,"[4,2,2,2]",10,10,gap or overlap
combination_2565_open_q1,combination_2565.png,"[""candidate=D; piece_counts=[6, 1, 1]; candidate_total=8; target_total=9; blocking_reason=wrong cell count""]","[""D""]",D,"[6,1,1]",8,9,wrong cell count
combination_2566_open_q1,combination_2566.png,"[""candidate=C; piece_counts=[3, 4]; candidate_total=7; target_total=7; blocking_reason=gap or overlap""]","[""C""]",C,"[3,4]",7,7,gap or overlap
combination_2567_open_q1,combination_2567.png,"[""candidate=D; piece_counts=[1, 1, 4, 2]; candidate_total=8; target_total=8; blocking_reason=gap or overlap""]","[""D""]",D,"[1,1,4,2]",8,8,gap or overlap
combination_2568_open_q1,combination_2568.png,"[""candidate=C; piece_counts=[6, 4]; candidate_total=10; target_total=10; blocking_reason=requires a reflection""]","[""C""]",C,"[6,4]",10,10,requires a reflection
combination_2569_open_q1,combination_2569.png,"[""candidate=D; piece_counts=[2, 4]; candidate_total=6; target_total=6; blocking_reason=gap or overlap""]","[""D""]",D,"[2,4]",6,6,gap or overlap
combination_2570_open_q1,combination_2570.png,"[""candidate=C; piece_counts=[4, 2]; candidate_total=6; target_total=6; blocking_reason=gap or overlap""]","[""C""]",C,"[4,2]",6,6,gap or overlap
combination_2571_open_q1,combination_2571.png,"[""candidate=D; piece_counts=[1, 5]; candidate_total=6; target_total=6; blocking_reason=gap or overlap""]","[""D""]",D,"[1,5]",6,6,gap or overlap
combination_2572_open_q1,combination_2572.png,"[""candidate=B; piece_counts=[8, 2]; candidate_total=10; target_total=10; blocking_reason=gap or overlap""]","[""B""]",B,"[8,2]",10,10,gap or overlap
combination_2573_open_q1,combination_2573.png,"[""candidate=B; piece_counts=[7, 1, 1]; candidate_total=9; target_total=9; blocking_reason=requires a reflection""]","[""B""]",B,"[7,1,1]",9,9,requires a reflection
combination_2574_open_q1,combination_2574.png,"[""candidate=C; piece_counts=[1, 5]; candidate_total=6; target_total=6; blocking_reason=requires a reflection""]","[""C""]",C,"[1,5]",6,6,requires a reflection
combination_2575_open_q1,combination_2575.png,"[""candidate=B; piece_counts=[6, 1]; candidate_total=7; target_total=7; blocking_reason=requires a reflection""]","[""B""]",B,"[6,1]",7,7,requires a reflection
combination_2576_open_q1,combination_2576.png,"[""candidate=C; piece_counts=[4, 5]; candidate_total=9; target_total=9; blocking_reason=gap or overlap""]","[""C""]",C,"[4,5]",9,9,gap or overlap
combination_2577_open_q1,combination_2577.png,"[""candidate=B; piece_counts=[3, 1, 5]; candidate_total=9; target_total=9; blocking_reason=gap or overlap""]","[""B""]",B,"[3,1,5]",9,9,gap or overlap
combination_2578_open_q1,combination_2578.png,"[""candidate=D; piece_counts=[8, 1, 1]; candidate_total=10; target_total=10; blocking_reason=requires a reflection""]","[""D""]",D,"[8,1,1]",10,10,requires a reflection
combination_2579_open_q1,combination_2579.png,"[""candidate=D; piece_counts=[1, 1, 5, 1]; candidate_total=8; target_total=8; blocking_reason=gap or overlap""]","[""D""]",D,"[1,1,5,1]",8,8,gap or overlap
combination_2580_open_q1,combination_2580.png,"[""candidate=C; piece_counts=[1, 5, 1, 1]; candidate_total=8; target_total=8; blocking_reason=requires a reflection""]","[""C""]",C,"[1,5,1,1]",8,8,requires a reflection
combination_2581_open_q1,combination_2581.png,"[""candidate=B; piece_counts=[5, 1, 1]; candidate_total=7; target_total=7; blocking_reason=gap or overlap""]","[""B""]",B,"[5,1,1]",7,7,gap or overlap
combination_2582_open_q1,combination_2582.png,"[""candidate=A; piece_counts=[7, 1, 1]; candidate_total=9; target_total=9; blocking_reason=requires a reflection""]","[""A""]",A,"[7,1,1]",9,9,requires a reflection
combination_2583_open_q1,combination_2583.png,"[""candidate=D; piece_counts=[2, 2, 2, 2]; candidate_total=8; target_total=8; blocking_reason=gap or overlap""]","[""D""]",D,"[2,2,2,2]",8,8,gap or overlap
combination_2584_open_q1,combination_2584.png,"[""candidate=A; piece_counts=[2, 3]; candidate_total=5; target_total=6; blocking_reason=wrong cell count""]","[""A""]",A,"[2,3]",5,6,wrong cell count
combination_2585_open_q1,combination_2585.png,"[""candidate=C; piece_counts=[5, 2]; candidate_total=7; target_total=7; blocking_reason=gap or overlap""]","[""C""]",C,"[5,2]",7,7,gap or overlap
combination_2586_open_q1,combination_2586.png,"[""candidate=D; piece_counts=[5, 1, 1]; candidate_total=7; target_total=7; blocking_reason=requires a reflection""]","[""D""]",D,"[5,1,1]",7,7,requires a reflection
combination_2587_open_q1,combination_2587.png,"[""candidate=B; piece_counts=[5, 1, 1]; candidate_total=7; target_total=7; blocking_reason=requires a reflection""]","[""B""]",B,"[5,1,1]",7,7,requires a reflection
combination_2588_open_q1,combination_2588.png,"[""candidate=B; piece_counts=[3, 1, 1, 1]; candidate_total=6; target_total=7; blocking_reason=wrong cell count""]","[""B""]",B,"[3,1,1,1]",6,7,wrong cell count
combination_2589_open_q1,combination_2589.png,"[""candidate=D; piece_counts=[1, 5, 1, 1]; candidate_total=8; target_total=8; blocking_reason=requires a reflection""]","[""D""]",D,"[1,5,1,1]",8,8,requires a reflection
combination_2590_open_q1,combination_2590.png,"[""candidate=A; piece_counts=[2, 7]; candidate_total=9; target_total=9; blocking_reason=gap or overlap""]","[""A""]",A,"[2,7]",9,9,gap or overlap
combination_2591_open_q1,combination_2591.png,"[""candidate=A; piece_counts=[5, 2, 1]; candidate_total=8; target_total=8; blocking_reason=requires a reflection""]","[""A""]",A,"[5,2,1]",8,8,requires a reflection
combination_2592_open_q1,combination_2592.png,"[""candidate=A; piece_counts=[5, 1, 1]; candidate_total=7; target_total=7; blocking_reason=requires a reflection""]","[""A""]",A,"[5,1,1]",7,7,requires a reflection
combination_2593_open_q1,combination_2593.png,"[""candidate=C; piece_counts=[5, 4]; candidate_total=9; target_total=9; blocking_reason=gap or overlap""]","[""C""]",C,"[5,4]",9,9,gap or overlap
combination_2594_open_q1,combination_2594.png,"[""candidate=D; piece_counts=[7, 1]; candidate_total=8; target_total=9; blocking_reason=wrong cell count""]","[""D""]",D,"[7,1]",8,9,wrong cell count
combination_2595_open_q1,combination_2595.png,"[""candidate=A; piece_counts=[6, 2]; candidate_total=8; target_total=8; blocking_reason=requires a reflection""]","[""A""]",A,"[6,2]",8,8,requires a reflection
combination_2596_open_q1,combination_2596.png,"[""candidate=C; piece_counts=[4, 1, 1]; candidate_total=6; target_total=6; blocking_reason=requires a reflection""]","[""C""]",C,"[4,1,1]",6,6,requires a reflection
combination_2597_open_q1,combination_2597.png,"[""candidate=D; piece_counts=[2, 5, 1, 1]; candidate_total=9; target_total=9; blocking_reason=requires a reflection""]","[""D""]",D,"[2,5,1,1]",9,9,requires a reflection
combination_2598_open_q1,combination_2598.png,"[""candidate=D; piece_counts=[1, 6, 2]; candidate_total=9; target_total=9; blocking_reason=gap or overlap""]","[""D""]",D,"[1,6,2]",9,9,gap or overlap
combination_2599_open_q1,combination_2599.png,"[""candidate=B; piece_counts=[5, 1, 1]; candidate_total=7; target_total=8; blocking_reason=wrong cell count""]","[""B""]",B,"[5,1,1]",7,8,wrong cell count
combination_2600_open_q1,combination_2600.png,"[""candidate=C; piece_counts=[4, 1]; candidate_total=5; target_total=6; blocking_reason=wrong cell count""]","[""C""]",C,"[4,1]",5,6,wrong cell count
combination_2601_open_q1,combination_2601.png,"[""candidate=D; piece_counts=[7, 1]; candidate_total=8; target_total=8; blocking_reason=requires a reflection""]","[""D""]",D,"[7,1]",8,8,requires a reflection
combination_2602_open_q1,combination_2602.png,"[""candidate=C; piece_counts=[1, 7]; candidate_total=8; target_total=8; blocking_reason=gap or overlap""]","[""C""]",C,"[1,7]",8,8,gap or overlap
combination_2603_open_q1,combination_2603.png,"[""candidate=D; piece_counts=[4, 4]; candidate_total=8; target_total=8; blocking_reason=gap or overlap""]","[""D""]",D,"[4,4]",8,8,gap or overlap
combination_2604_open_q1,combination_2604.png,"[""candidate=A; piece_counts=[3, 3]; candidate_total=6; target_total=6; blocking_reason=gap or overlap""]","[""A""]",A,"[3,3]",6,6,gap or overlap
combination_2605_open_q1,combination_2605.png,"[""candidate=C; piece_counts=[5, 1, 1]; candidate_total=7; target_total=8; blocking_reason=wrong cell count""]","[""C""]",C,"[5,1,1]",7,8,wrong cell count
combination_2606_open_q1,combination_2606.png,"[""candidate=D; piece_counts=[3, 3]; candidate_total=6; target_total=6; blocking_reason=gap or overlap""]","[""D""]",D,"[3,3]",6,6,gap or overlap
combination_2607_open_q1,combination_2607.png,"[""candidate=B; piece_counts=[8, 1, 1]; candidate_total=10; target_total=10; blocking_reason=requires a reflection""]","[""B""]",B,"[8,1,1]",10,10,requires a reflection
combination_2608_open_q1,combination_2608.png,"[""candidate=B; piece_counts=[6, 1]; candidate_total=7; target_total=7; blocking_reason=gap or overlap""]","[""B""]",B,"[6,1]",7,7,gap or overlap
combination_2609_open_q1,combination_2609.png,"[""candidate=D; piece_counts=[1, 7, 1]; candidate_total=9; target_total=10; blocking_reason=wrong cell count""]","[""D""]",D,"[1,7,1]",9,10,wrong cell count
combination_2610_open_q1,combination_2610.png,"[""candidate=A; piece_counts=[4, 1]; candidate_total=5; target_total=6; blocking_reason=wrong cell count""]","[""A""]",A,"[4,1]",5,6,wrong cell count
combination_2611_open_q1,combination_2611.png,"[""candidate=B; piece_counts=[4, 6]; candidate_total=10; target_total=10; blocking_reason=gap or overlap""]","[""B""]",B,"[4,6]",10,10,gap or overlap
combination_2612_open_q1,combination_2612.png,"[""candidate=B; piece_counts=[4, 5]; candidate_total=9; target_total=9; blocking_reason=gap or overlap""]","[""B""]",B,"[4,5]",9,9,gap or overlap
combination_2613_open_q1,combination_2613.png,"[""candidate=D; piece_counts=[3, 3]; candidate_total=6; target_total=7; blocking_reason=wrong cell count""]","[""D""]",D,"[3,3]",6,7,wrong cell count
combination_2614_open_q1,combination_2614.png,"[""candidate=C; piece_counts=[2, 5]; candidate_total=7; target_total=7; blocking_reason=gap or overlap""]","[""C""]",C,"[2,5]",7,7,gap or overlap
combination_2615_open_q1,combination_2615.png,"[""candidate=B; piece_counts=[3, 3, 3]; candidate_total=9; target_total=9; blocking_reason=gap or overlap""]","[""B""]",B,"[3,3,3]",9,9,gap or overlap
combination_2616_open_q1,combination_2616.png,"[""candidate=C; piece_counts=[4, 2]; candidate_total=6; target_total=6; blocking_reason=gap or overlap""]","[""C""]",C,"[4,2]",6,6,gap or overlap
combination_2617_open_q1,combination_2617.png,"[""candidate=D; piece_counts=[2, 4]; candidate_total=6; target_total=7; blocking_reason=wrong cell count""]","[""D""]",D,"[2,4]",6,7,wrong cell count
combination_2618_open_q1,combination_2618.png,"[""candidate=C; piece_counts=[5, 1, 1]; candidate_total=7; target_total=7; blocking_reason=requires a reflection""]","[""C""]",C,"[5,1,1]",7,7,requires a reflection
combination_2619_open_q1,combination_2619.png,"[""candidate=A; piece_counts=[4, 4]; candidate_total=8; target_total=9; blocking_reason=wrong cell count""]","[""A""]",A,"[4,4]",8,9,wrong cell count
combination_2620_open_q1,combination_2620.png,"[""candidate=B; piece_counts=[1, 6, 1, 1]; candidate_total=9; target_total=9; blocking_reason=requires a reflection""]","[""B""]",B,"[1,6,1,1]",9,9,requires a reflection
combination_2621_open_q1,combination_2621.png,"[""candidate=B; piece_counts=[5, 2]; candidate_total=7; target_total=7; blocking_reason=requires a reflection""]","[""B""]",B,"[5,2]",7,7,requires a reflection
combination_2622_open_q1,combination_2622.png,"[""candidate=C; piece_counts=[1, 5]; candidate_total=6; target_total=6; blocking_reason=gap or overlap""]","[""C""]",C,"[1,5]",6,6,gap or overlap
combination_2623_open_q1,combination_2623.png,"[""candidate=D; piece_counts=[8, 1]; candidate_total=9; target_total=9; blocking_reason=requires a reflection""]","[""D""]",D,"[8,1]",9,9,requires a reflection
combination_2624_open_q1,combination_2624.png,"[""candidate=A; piece_counts=[5, 1]; candidate_total=6; target_total=6; blocking_reason=requires a reflection""]","[""A""]",A,"[5,1]",6,6,requires a reflection
combination_2625_open_q1,combination_2625.png,"[""candidate=C; piece_counts=[3, 3]; candidate_total=6; target_total=6; blocking_reason=gap or overlap""]","[""C""]",C,"[3,3]",6,6,gap or overlap
combination_2626_open_q1,combination_2626.png,"[""candidate=D; piece_counts=[5, 1, 1, 1]; candidate_total=8; target_total=8; blocking_reason=requires a reflection""]","[""D""]",D,"[5,1,1,1]",8,8,requires a reflection
combination_2627_open_q1,combination_2627.png,"[""candidate=D; piece_counts=[5, 1, 1]; candidate_total=7; target_total=7; blocking_reason=gap or overlap""]","[""D""]",D,"[5,1,1]",7,7,gap or overlap
combination_2628_open_q1,combination_2628.png,"[""candidate=A; piece_counts=[2, 4]; candidate_total=6; target_total=6; blocking_reason=gap or overlap""]","[""A""]",A,"[2,4]",6,6,gap or overlap
combination_2629_open_q1,combination_2629.png,"[""candidate=B; piece_counts=[2, 1, 7]; candidate_total=10; target_total=10; blocking_reason=gap or overlap""]","[""B""]",B,"[2,1,7]",10,10,gap or overlap
combination_2630_open_q1,combination_2630.png,"[""candidate=A; piece_counts=[6, 3]; candidate_total=9; target_total=9; blocking_reason=gap or overlap""]","[""A""]",A,"[6,3]",9,9,gap or overlap
combination_2631_open_q1,combination_2631.png,"[""candidate=B; piece_counts=[6, 2]; candidate_total=8; target_total=9; blocking_reason=wrong cell count""]","[""B""]",B,"[6,2]",8,9,wrong cell count
combination_2632_open_q1,combination_2632.png,"[""candidate=A; piece_counts=[5, 1]; candidate_total=6; target_total=6; blocking_reason=gap or overlap""]","[""A""]",A,"[5,1]",6,6,gap or overlap
combination_2633_open_q1,combination_2633.png,"[""candidate=D; piece_counts=[9, 1]; candidate_total=10; target_total=10; blocking_reason=requires a reflection""]","[""D""]",D,"[9,1]",10,10,requires a reflection
combination_2634_open_q1,combination_2634.png,"[""candidate=A; piece_counts=[5, 2, 1, 1]; candidate_total=9; target_total=10; blocking_reason=wrong cell count""]","[""A""]",A,"[5,2,1,1]",9,10,wrong cell count
combination_2635_open_q1,combination_2635.png,"[""candidate=A; piece_counts=[3, 6]; candidate_total=9; target_total=9; blocking_reason=gap or overlap""]","[""A""]",A,"[3,6]",9,9,gap or overlap
combination_2636_open_q1,combination_2636.png,"[""candidate=C; piece_counts=[1, 5]; candidate_total=6; target_total=7; blocking_reason=wrong cell count""]","[""C""]",C,"[1,5]",6,7,wrong cell count
combination_2637_open_q1,combination_2637.png,"[""candidate=B; piece_counts=[2, 5, 2]; candidate_total=9; target_total=9; blocking_reason=requires a reflection""]","[""B""]",B,"[2,5,2]",9,9,requires a reflection
combination_2638_open_q1,combination_2638.png,"[""candidate=C; piece_counts=[8, 2]; candidate_total=10; target_total=10; blocking_reason=gap or overlap""]","[""C""]",C,"[8,2]",10,10,gap or overlap
combination_2639_open_q1,combination_2639.png,"[""candidate=D; piece_counts=[4, 3]; candidate_total=7; target_total=8; blocking_reason=wrong cell count""]","[""D""]",D,"[4,3]",7,8,wrong cell count
combination_2640_open_q1,combination_2640.png,"[""candidate=B; piece_counts=[3, 6]; candidate_total=9; target_total=9; blocking_reason=gap or overlap""]","[""B""]",B,"[3,6]",9,9,gap or overlap
combination_2641_open_q1,combination_2641.png,"[""candidate=B; piece_counts=[1, 8]; candidate_total=9; target_total=10; blocking_reason=wrong cell count""]","[""B""]",B,"[1,8]",9,10,wrong cell count
combination_2642_open_q1,combination_2642.png,"[""candidate=D; piece_counts=[3, 3, 1]; candidate_total=7; target_total=7; blocking_reason=gap or overlap""]","[""D""]",D,"[3,3,1]",7,7,gap or overlap
combination_2643_open_q1,combination_2643.png,"[""candidate=A; piece_counts=[3, 5]; candidate_total=8; target_total=8; blocking_reason=requires a reflection""]","[""A""]",A,"[3,5]",8,8,requires a reflection
combination_2644_open_q1,combination_2644.png,"[""candidate=A; piece_counts=[4, 1]; candidate_total=5; target_total=6; blocking_reason=wrong cell count""]","[""A""]",A,"[4,1]",5,6,wrong cell count
combination_2645_open_q1,combination_2645.png,"[""candidate=C; piece_counts=[4, 3]; candidate_total=7; target_total=8; blocking_reason=wrong cell count""]","[""C""]",C,"[4,3]",7,8,wrong cell count
combination_2646_open_q1,combination_2646.png,"[""candidate=C; piece_counts=[1, 5]; candidate_total=6; target_total=6; blocking_reason=gap or overlap""]","[""C""]",C,"[1,5]",6,6,gap or overlap
combination_2647_open_q1,combination_2647.png,"[""candidate=A; piece_counts=[3, 3]; candidate_total=6; target_total=7; blocking_reason=wrong cell count""]","[""A""]",A,"[3,3]",6,7,wrong cell count
combination_2648_open_q1,combination_2648.png,"[""candidate=A; piece_counts=[1, 6]; candidate_total=7; target_total=7; blocking_reason=gap or overlap""]","[""A""]",A,"[1,6]",7,7,gap or overlap
combination_2649_open_q1,combination_2649.png,"[""candidate=C; piece_counts=[6, 2]; candidate_total=8; target_total=8; blocking_reason=gap or overlap""]","[""C""]",C,"[6,2]",8,8,gap or overlap
combination_2650_open_q1,combination_2650.png,"[""candidate=D; piece_counts=[6, 1]; candidate_total=7; target_total=7; blocking_reason=gap or overlap""]","[""D""]",D,"[6,1]",7,7,gap or overlap
combination_2651_open_q1,combination_2651.png,"[""candidate=A; piece_counts=[1, 6]; candidate_total=7; target_total=7; blocking_reason=gap or overlap""]","[""A""]",A,"[1,6]",7,7,gap or overlap
combination_2652_open_q1,combination_2652.png,"[""candidate=A; piece_counts=[7, 1]; candidate_total=8; target_total=9; blocking_reason=wrong cell count""]","[""A""]",A,"[7,1]",8,9,wrong cell count
combination_2653_open_q1,combination_2653.png,"[""candidate=B; piece_counts=[2, 7]; candidate_total=9; target_total=9; blocking_reason=gap or overlap""]","[""B""]",B,"[2,7]",9,9,gap or overlap
combination_2654_open_q1,combination_2654.png,"[""candidate=C; piece_counts=[1, 8, 1]; candidate_total=10; target_total=10; blocking_reason=requires a reflection""]","[""C""]",C,"[1,8,1]",10,10,requires a reflection
combination_2655_open_q1,combination_2655.png,"[""candidate=B; piece_counts=[4, 2, 2]; candidate_total=8; target_total=8; blocking_reason=gap or overlap""]","[""B""]",B,"[4,2,2]",8,8,gap or overlap
combination_2656_open_q1,combination_2656.png,"[""candidate=A; piece_counts=[3, 3]; candidate_total=6; target_total=7; blocking_reason=wrong cell count""]","[""A""]",A,"[3,3]",6,7,wrong cell count
combination_2657_open_q1,combination_2657.png,"[""candidate=C; piece_counts=[5, 3]; candidate_total=8; target_total=8; blocking_reason=gap or overlap""]","[""C""]",C,"[5,3]",8,8,gap or overlap
combination_2658_open_q1,combination_2658.png,"[""candidate=A; piece_counts=[5, 5]; candidate_total=10; target_total=10; blocking_reason=requires a reflection""]","[""A""]",A,"[5,5]",10,10,requires a reflection
combination_2659_open_q1,combination_2659.png,"[""candidate=A; piece_counts=[5, 1]; candidate_total=6; target_total=6; blocking_reason=requires a reflection""]","[""A""]",A,"[5,1]",6,6,requires a reflection
combination_2660_open_q1,combination_2660.png,"[""candidate=B; piece_counts=[2, 5, 1]; candidate_total=8; target_total=9; blocking_reason=wrong cell count""]","[""B""]",B,"[2,5,1]",8,9,wrong cell count
combination_2661_open_q1,combination_2661.png,"[""candidate=D; piece_counts=[6, 1]; candidate_total=7; target_total=7; blocking_reason=gap or overlap""]","[""D""]",D,"[6,1]",7,7,gap or overlap
combination_2662_open_q1,combination_2662.png,"[""candidate=A; piece_counts=[5, 1]; candidate_total=6; target_total=6; blocking_reason=requires a reflection""]","[""A""]",A,"[5,1]",6,6,requires a reflection
combination_2663_open_q1,combination_2663.png,"[""candidate=D; piece_counts=[5, 2]; candidate_total=7; target_total=7; blocking_reason=requires a reflection""]","[""D""]",D,"[5,2]",7,7,requires a reflection
combination_2664_open_q1,combination_2664.png,"[""candidate=C; piece_counts=[7, 2]; candidate_total=9; target_total=9; blocking_reason=gap or overlap""]","[""C""]",C,"[7,2]",9,9,gap or overlap
combination_2665_open_q1,combination_2665.png,"[""candidate=D; piece_counts=[5, 4]; candidate_total=9; target_total=9; blocking_reason=requires a reflection""]","[""D""]",D,"[5,4]",9,9,requires a reflection
combination_2666_open_q1,combination_2666.png,"[""candidate=A; piece_counts=[4, 3, 2]; candidate_total=9; target_total=10; blocking_reason=wrong cell count""]","[""A""]",A,"[4,3,2]",9,10,wrong cell count
combination_2667_open_q1,combination_2667.png,"[""candidate=B; piece_counts=[3, 2]; candidate_total=5; target_total=6; blocking_reason=wrong cell count""]","[""B""]",B,"[3,2]",5,6,wrong cell count
combination_2668_open_q1,combination_2668.png,"[""candidate=A; piece_counts=[2, 7, 1]; candidate_total=10; target_total=10; blocking_reason=requires a reflection""]","[""A""]",A,"[2,7,1]",10,10,requires a reflection
combination_2669_open_q1,combination_2669.png,"[""candidate=B; piece_counts=[8, 1]; candidate_total=9; target_total=9; blocking_reason=gap or overlap""]","[""B""]",B,"[8,1]",9,9,gap or overlap
combination_2670_open_q1,combination_2670.png,"[""candidate=D; piece_counts=[6, 1]; candidate_total=7; target_total=8; blocking_reason=wrong cell count""]","[""D""]",D,"[6,1]",7,8,wrong cell count
combination_2671_open_q1,combination_2671.png,"[""candidate=B; piece_counts=[2, 4, 2]; candidate_total=8; target_total=8; blocking_reason=gap or overlap""]","[""B""]",B,"[2,4,2]",8,8,gap or overlap
combination_2672_open_q1,combination_2672.png,"[""candidate=A; piece_counts=[1, 4, 1]; candidate_total=6; target_total=7; blocking_reason=wrong cell count""]","[""A""]",A,"[1,4,1]",6,7,wrong cell count
combination_2673_open_q1,combination_2673.png,"[""candidate=C; piece_counts=[3, 7]; candidate_total=10; target_total=10; blocking_reason=gap or overlap""]","[""C""]",C,"[3,7]",10,10,gap or overlap
combination_2674_open_q1,combination_2674.png,"[""candidate=D; piece_counts=[1, 5, 1]; candidate_total=7; target_total=8; blocking_reason=wrong cell count""]","[""D""]",D,"[1,5,1]",7,8,wrong cell count
combination_2675_open_q1,combination_2675.png,"[""candidate=D; piece_counts=[4, 3, 2]; candidate_total=9; target_total=9; blocking_reason=gap or overlap""]","[""D""]",D,"[4,3,2]",9,9,gap or overlap
combination_2676_open_q1,combination_2676.png,"[""candidate=B; piece_counts=[4, 4]; candidate_total=8; target_total=9; blocking_reason=wrong cell count""]","[""B""]",B,"[4,4]",8,9,wrong cell count
combination_2677_open_q1,combination_2677.png,"[""candidate=C; piece_counts=[5, 1]; candidate_total=6; target_total=7; blocking_reason=wrong cell count""]","[""C""]",C,"[5,1]",6,7,wrong cell count
combination_2678_open_q1,combination_2678.png,"[""candidate=A; piece_counts=[6, 1]; candidate_total=7; target_total=7; blocking_reason=requires a reflection""]","[""A""]",A,"[6,1]",7,7,requires a reflection
combination_2679_open_q1,combination_2679.png,"[""candidate=D; piece_counts=[6, 2]; candidate_total=8; target_total=8; blocking_reason=requires a reflection""]","[""D""]",D,"[6,2]",8,8,requires a reflection
combination_2680_open_q1,combination_2680.png,"[""candidate=C; piece_counts=[7, 1]; candidate_total=8; target_total=8; blocking_reason=requires a reflection""]","[""C""]",C,"[7,1]",8,8,requires a reflection
combination_2681_open_q1,combination_2681.png,"[""candidate=B; piece_counts=[4, 5]; candidate_total=9; target_total=9; blocking_reason=gap or overlap""]","[""B""]",B,"[4,5]",9,9,gap or overlap
combination_2682_open_q1,combination_2682.png,"[""candidate=D; piece_counts=[6, 1, 1]; candidate_total=8; target_total=9; blocking_reason=wrong cell count""]","[""D""]",D,"[6,1,1]",8,9,wrong cell count
combination_2683_open_q1,combination_2683.png,"[""candidate=D; piece_counts=[7, 3]; candidate_total=10; target_total=10; blocking_reason=requires a reflection""]","[""D""]",D,"[7,3]",10,10,requires a reflection
combination_2684_open_q1,combination_2684.png,"[""candidate=B; piece_counts=[2, 3, 4]; candidate_total=9; target_total=10; blocking_reason=wrong cell count""]","[""B""]",B,"[2,3,4]",9,10,wrong cell count
combination_2685_open_q1,combination_2685.png,"[""candidate=D; piece_counts=[5, 2]; candidate_total=7; target_total=7; blocking_reason=gap or overlap""]","[""D""]",D,"[5,2]",7,7,gap or overlap
combination_2686_open_q1,combination_2686.png,"[""candidate=A; piece_counts=[1, 9]; candidate_total=10; target_total=10; blocking_reason=gap or overlap""]","[""A""]",A,"[1,9]",10,10,gap or overlap
combination_2687_open_q1,combination_2687.png,"[""candidate=B; piece_counts=[6, 2]; candidate_total=8; target_total=8; blocking_reason=requires a reflection""]","[""B""]",B,"[6,2]",8,8,requires a reflection
combination_2688_open_q1,combination_2688.png,"[""candidate=A; piece_counts=[4, 3]; candidate_total=7; target_total=7; blocking_reason=gap or overlap""]","[""A""]",A,"[4,3]",7,7,gap or overlap
combination_2689_open_q1,combination_2689.png,"[""candidate=C; piece_counts=[5, 1]; candidate_total=6; target_total=6; blocking_reason=gap or overlap""]","[""C""]",C,"[5,1]",6,6,gap or overlap
combination_2690_open_q1,combination_2690.png,"[""candidate=A; piece_counts=[4, 1, 1]; candidate_total=6; target_total=6; blocking_reason=gap or overlap""]","[""A""]",A,"[4,1,1]",6,6,gap or overlap
combination_2691_open_q1,combination_2691.png,"[""candidate=B; piece_counts=[7, 1]; candidate_total=8; target_total=8; blocking_reason=requires a reflection""]","[""B""]",B,"[7,1]",8,8,requires a reflection
combination_2692_open_q1,combination_2692.png,"[""candidate=B; piece_counts=[4, 2, 1, 2]; candidate_total=9; target_total=9; blocking_reason=gap or overlap""]","[""B""]",B,"[4,2,1,2]",9,9,gap or overlap
combination_2693_open_q1,combination_2693.png,"[""candidate=D; piece_counts=[5, 3]; candidate_total=8; target_total=8; blocking_reason=gap or overlap""]","[""D""]",D,"[5,3]",8,8,gap or overlap
combination_2694_open_q1,combination_2694.png,"[""candidate=A; piece_counts=[2, 2, 2, 2]; candidate_total=8; target_total=8; blocking_reason=gap or overlap""]","[""A""]",A,"[2,2,2,2]",8,8,gap or overlap
combination_2695_open_q1,combination_2695.png,"[""candidate=B; piece_counts=[5, 1, 2, 1]; candidate_total=9; target_total=9; blocking_reason=requires a reflection""]","[""B""]",B,"[5,1,2,1]",9,9,requires a reflection
combination_2696_open_q1,combination_2696.png,"[""candidate=C; piece_counts=[7, 1]; candidate_total=8; target_total=9; blocking_reason=wrong cell count""]","[""C""]",C,"[7,1]",8,9,wrong cell count
combination_2697_open_q1,combination_2697.png,"[""candidate=B; piece_counts=[3, 5]; candidate_total=8; target_total=8; blocking_reason=gap or overlap""]","[""B""]",B,"[3,5]",8,8,gap or overlap
combination_2698_open_q1,combination_2698.png,"[""candidate=D; piece_counts=[7, 3]; candidate_total=10; target_total=10; blocking_reason=requires a reflection""]","[""D""]",D,"[7,3]",10,10,requires a reflection
combination_2699_open_q1,combination_2699.png,"[""candidate=D; piece_counts=[1, 4, 1]; candidate_total=6; target_total=7; blocking_reason=wrong cell count""]","[""D""]",D,"[1,4,1]",6,7,wrong cell count
combination_2700_open_q1,combination_2700.png,"[""candidate=B; piece_counts=[1, 5, 2]; candidate_total=8; target_total=9; blocking_reason=wrong cell count""]","[""B""]",B,"[1,5,2]",8,9,wrong cell count
combination_2701_open_q1,combination_2701.png,"[""candidate=D; piece_counts=[6, 1]; candidate_total=7; target_total=7; blocking_reason=requires a reflection""]","[""D""]",D,"[6,1]",7,7,requires a reflection
combination_2702_open_q1,combination_2702.png,"[""candidate=D; piece_counts=[1, 7, 1]; candidate_total=9; target_total=9; blocking_reason=requires a reflection""]","[""D""]",D,"[1,7,1]",9,9,requires a reflection
combination_2703_open_q1,combination_2703.png,"[""candidate=B; piece_counts=[1, 5, 3]; candidate_total=9; target_total=9; blocking_reason=gap or overlap""]","[""B""]",B,"[1,5,3]",9,9,gap or overlap
combination_2704_open_q1,combination_2704.png,"[""candidate=B; piece_counts=[3, 3]; candidate_total=6; target_total=6; blocking_reason=gap or overlap""]","[""B""]",B,"[3,3]",6,6,gap or overlap
combination_2705_open_q1,combination_2705.png,"[""candidate=D; piece_counts=[1, 6]; candidate_total=7; target_total=7; blocking_reason=gap or overlap""]","[""D""]",D,"[1,6]",7,7,gap or overlap
combination_2706_open_q1,combination_2706.png,"[""candidate=D; piece_counts=[5, 1]; candidate_total=6; target_total=7; blocking_reason=wrong cell count""]","[""D""]",D,"[5,1]",6,7,wrong cell count
combination_2707_open_q1,combination_2707.png,"[""candidate=B; piece_counts=[4, 2]; candidate_total=6; target_total=7; blocking_reason=wrong cell count""]","[""B""]",B,"[4,2]",6,7,wrong cell count
combination_2708_open_q1,combination_2708.png,"[""candidate=A; piece_counts=[2, 4]; candidate_total=6; target_total=6; blocking_reason=gap or overlap""]","[""A""]",A,"[2,4]",6,6,gap or overlap
combination_2709_open_q1,combination_2709.png,"[""candidate=B; piece_counts=[7, 2]; candidate_total=9; target_total=10; blocking_reason=wrong cell count""]","[""B""]",B,"[7,2]",9,10,wrong cell count
combination_2710_open_q1,combination_2710.png,"[""candidate=A; piece_counts=[8, 1]; candidate_total=9; target_total=10; blocking_reason=wrong cell count""]","[""A""]",A,"[8,1]",9,10,wrong cell count
combination_2711_open_q1,combination_2711.png,"[""candidate=D; piece_counts=[4, 1, 2, 1]; candidate_total=8; target_total=8; blocking_reason=requires a reflection""]","[""D""]",D,"[4,1,2,1]",8,8,requires a reflection
combination_2712_open_q1,combination_2712.png,"[""candidate=A; piece_counts=[4, 4]; candidate_total=8; target_total=8; blocking_reason=gap or overlap""]","[""A""]",A,"[4,4]",8,8,gap or overlap
combination_2713_open_q1,combination_2713.png,"[""candidate=C; piece_counts=[7, 2, 1]; candidate_total=10; target_total=10; blocking_reason=requires a reflection""]","[""C""]",C,"[7,2,1]",10,10,requires a reflection
combination_2714_open_q1,combination_2714.png,"[""candidate=C; piece_counts=[5, 4, 1]; candidate_total=10; target_total=10; blocking_reason=gap or overlap""]","[""C""]",C,"[5,4,1]",10,10,gap or overlap
combination_2715_open_q1,combination_2715.png,"[""candidate=A; piece_counts=[2, 4, 1]; candidate_total=7; target_total=7; blocking_reason=gap or overlap""]","[""A""]",A,"[2,4,1]",7,7,gap or overlap
combination_2716_open_q1,combination_2716.png,"[""candidate=C; piece_counts=[3, 1, 1]; candidate_total=5; target_total=6; blocking_reason=wrong cell count""]","[""C""]",C,"[3,1,1]",5,6,wrong cell count
combination_2717_open_q1,combination_2717.png,"[""candidate=B; piece_counts=[3, 4]; candidate_total=7; target_total=7; blocking_reason=requires a reflection""]","[""B""]",B,"[3,4]",7,7,requires a reflection
combination_2718_open_q1,combination_2718.png,"[""candidate=A; piece_counts=[2, 6]; candidate_total=8; target_total=8; blocking_reason=requires a reflection""]","[""A""]",A,"[2,6]",8,8,requires a reflection
combination_2719_open_q1,combination_2719.png,"[""candidate=D; piece_counts=[2, 3, 1]; candidate_total=6; target_total=7; blocking_reason=wrong cell count""]","[""D""]",D,"[2,3,1]",6,7,wrong cell count
combination_2720_open_q1,combination_2720.png,"[""candidate=B; piece_counts=[5, 2, 3]; candidate_total=10; target_total=10; blocking_reason=gap or overlap""]","[""B""]",B,"[5,2,3]",10,10,gap or overlap
combination_2721_open_q1,combination_2721.png,"[""candidate=C; piece_counts=[7, 1, 1]; candidate_total=9; target_total=10; blocking_reason=wrong cell count""]","[""C""]",C,"[7,1,1]",9,10,wrong cell count
combination_2722_open_q1,combination_2722.png,"[""candidate=A; piece_counts=[6, 1]; candidate_total=7; target_total=7; blocking_reason=requires a reflection""]","[""A""]",A,"[6,1]",7,7,requires a reflection
combination_2723_open_q1,combination_2723.png,"[""candidate=A; piece_counts=[4, 4]; candidate_total=8; target_total=8; blocking_reason=requires a reflection""]","[""A""]",A,"[4,4]",8,8,requires a reflection
combination_2724_open_q1,combination_2724.png,"[""candidate=A; piece_counts=[3, 1, 6]; candidate_total=10; target_total=10; blocking_reason=gap or overlap""]","[""A""]",A,"[3,1,6]",10,10,gap or overlap
combination_2725_open_q1,combination_2725.png,"[""candidate=B; piece_counts=[1, 1, 8]; candidate_total=10; target_total=10; blocking_reason=gap or overlap""]","[""B""]",B,"[1,1,8]",10,10,gap or overlap
combination_2726_open_q1,combination_2726.png,"[""candidate=C; piece_counts=[5, 2]; candidate_total=7; target_total=8; blocking_reason=wrong cell count""]","[""C""]",C,"[5,2]",7,8,wrong cell count
combination_2727_open_q1,combination_2727.png,"[""candidate=D; piece_counts=[6, 2]; candidate_total=8; target_total=9; blocking_reason=wrong cell count""]","[""D""]",D,"[6,2]",8,9,wrong cell count
combination_2728_open_q1,combination_2728.png,"[""candidate=A; piece_counts=[1, 2, 5]; candidate_total=8; target_total=8; blocking_reason=gap or overlap""]","[""A""]",A,"[1,2,5]",8,8,gap or overlap
combination_2729_open_q1,combination_2729.png,"[""candidate=B; piece_counts=[5, 1]; candidate_total=6; target_total=6; blocking_reason=requires a reflection""]","[""B""]",B,"[5,1]",6,6,requires a reflection
combination_2730_open_q1,combination_2730.png,"[""candidate=D; piece_counts=[1, 6]; candidate_total=7; target_total=7; blocking_reason=gap or overlap""]","[""D""]",D,"[1,6]",7,7,gap or overlap
combination_2731_open_q1,combination_2731.png,"[""candidate=D; piece_counts=[2, 7, 1]; candidate_total=10; target_total=10; blocking_reason=requires a reflection""]","[""D""]",D,"[2,7,1]",10,10,requires a reflection
combination_2732_open_q1,combination_2732.png,"[""candidate=B; piece_counts=[3, 5]; candidate_total=8; target_total=8; blocking_reason=gap or overlap""]","[""B""]",B,"[3,5]",8,8,gap or overlap
combination_2733_open_q1,combination_2733.png,"[""candidate=C; piece_counts=[4, 1, 2]; candidate_total=7; target_total=8; blocking_reason=wrong cell count""]","[""C""]",C,"[4,1,2]",7,8,wrong cell count
combination_2734_open_q1,combination_2734.png,"[""candidate=C; piece_counts=[1, 8]; candidate_total=9; target_total=9; blocking_reason=gap or overlap""]","[""C""]",C,"[1,8]",9,9,gap or overlap
combination_2735_open_q1,combination_2735.png,"[""candidate=D; piece_counts=[1, 5]; candidate_total=6; target_total=7; blocking_reason=wrong cell count""]","[""D""]",D,"[1,5]",6,7,wrong cell count
combination_2736_open_q1,combination_2736.png,"[""candidate=C; piece_counts=[6, 1]; candidate_total=7; target_total=8; blocking_reason=wrong cell count""]","[""C""]",C,"[6,1]",7,8,wrong cell count
combination_2737_open_q1,combination_2737.png,"[""candidate=C; piece_counts=[1, 4, 4]; candidate_total=9; target_total=10; blocking_reason=wrong cell count""]","[""C""]",C,"[1,4,4]",9,10,wrong cell count
combination_2738_open_q1,combination_2738.png,"[""candidate=C; piece_counts=[8, 1]; candidate_total=9; target_total=9; blocking_reason=requires a reflection""]","[""C""]",C,"[8,1]",9,9,requires a reflection
combination_2739_open_q1,combination_2739.png,"[""candidate=D; piece_counts=[3, 5]; candidate_total=8; target_total=8; blocking_reason=gap or overlap""]","[""D""]",D,"[3,5]",8,8,gap or overlap
combination_2740_open_q1,combination_2740.png,"[""candidate=C; piece_counts=[2, 7]; candidate_total=9; target_total=9; blocking_reason=requires a reflection""]","[""C""]",C,"[2,7]",9,9,requires a reflection
combination_2741_open_q1,combination_2741.png,"[""candidate=C; piece_counts=[5, 1]; candidate_total=6; target_total=6; blocking_reason=requires a reflection""]","[""C""]",C,"[5,1]",6,6,requires a reflection
combination_2742_open_q1,combination_2742.png,"[""candidate=A; piece_counts=[1, 6]; candidate_total=7; target_total=7; blocking_reason=gap or overlap""]","[""A""]",A,"[1,6]",7,7,gap or overlap
combination_2743_open_q1,combination_2743.png,"[""candidate=A; piece_counts=[5, 1]; candidate_total=6; target_total=6; blocking_reason=requires a reflection""]","[""A""]",A,"[5,1]",6,6,requires a reflection
combination_2744_open_q1,combination_2744.png,"[""candidate=A; piece_counts=[9, 1]; candidate_total=10; target_total=10; blocking_reason=requires a reflection""]","[""A""]",A,"[9,1]",10,10,requires a reflection
combination_2745_open_q1,combination_2745.png,"[""candidate=B; piece_counts=[2, 5]; candidate_total=7; target_total=7; blocking_reason=requires a reflection""]","[""B""]",B,"[2,5]",7,7,requires a reflection
combination_2746_open_q1,combination_2746.png,"[""candidate=D; piece_counts=[1, 8]; candidate_total=9; target_total=9; blocking_reason=gap or overlap""]","[""D""]",D,"[1,8]",9,9,gap or overlap
combination_2747_open_q1,combination_2747.png,"[""candidate=A; piece_counts=[7, 1]; candidate_total=8; target_total=8; blocking_reason=requires a reflection""]","[""A""]",A,"[7,1]",8,8,requires a reflection
combination_2748_open_q1,combination_2748.png,"[""candidate=A; piece_counts=[4, 1]; candidate_total=5; target_total=6; blocking_reason=wrong cell count""]","[""A""]",A,"[4,1]",5,6,wrong cell count
combination_2749_open_q1,combination_2749.png,"[""candidate=C; piece_counts=[5, 3]; candidate_total=8; target_total=9; blocking_reason=wrong cell count""]","[""C""]",C,"[5,3]",8,9,wrong cell count
combination_2750_open_q1,combination_2750.png,"[""candidate=A; piece_counts=[7, 1, 2]; candidate_total=10; target_total=10; blocking_reason=gap or overlap""]","[""A""]",A,"[7,1,2]",10,10,gap or overlap
combination_2751_open_q1,combination_2751.png,"[""candidate=B; piece_counts=[5, 1]; candidate_total=6; target_total=6; blocking_reason=requires a reflection""]","[""B""]",B,"[5,1]",6,6,requires a reflection
combination_2752_open_q1,combination_2752.png,"[""candidate=B; piece_counts=[1, 4, 1]; candidate_total=6; target_total=6; blocking_reason=gap or overlap""]","[""B""]",B,"[1,4,1]",6,6,gap or overlap
combination_2753_open_q1,combination_2753.png,"[""candidate=D; piece_counts=[6, 2]; candidate_total=8; target_total=8; blocking_reason=requires a reflection""]","[""D""]",D,"[6,2]",8,8,requires a reflection
combination_2754_open_q1,combination_2754.png,"[""candidate=C; piece_counts=[7, 1]; candidate_total=8; target_total=9; blocking_reason=wrong cell count""]","[""C""]",C,"[7,1]",8,9,wrong cell count
combination_2755_open_q1,combination_2755.png,"[""candidate=D; piece_counts=[9, 1]; candidate_total=10; target_total=10; blocking_reason=requires a reflection""]","[""D""]",D,"[9,1]",10,10,requires a reflection
combination_2756_open_q1,combination_2756.png,"[""candidate=B; piece_counts=[5, 4]; candidate_total=9; target_total=10; blocking_reason=wrong cell count""]","[""B""]",B,"[5,4]",9,10,wrong cell count
combination_2757_open_q1,combination_2757.png,"[""candidate=D; piece_counts=[7, 1]; candidate_total=8; target_total=8; blocking_reason=requires a reflection""]","[""D""]",D,"[7,1]",8,8,requires a reflection
combination_2758_open_q1,combination_2758.png,"[""candidate=A; piece_counts=[4, 3, 1]; candidate_total=8; target_total=9; blocking_reason=wrong cell count""]","[""A""]",A,"[4,3,1]",8,9,wrong cell count
combination_2759_open_q1,combination_2759.png,"[""candidate=D; piece_counts=[6, 1]; candidate_total=7; target_total=8; blocking_reason=wrong cell count""]","[""D""]",D,"[6,1]",7,8,wrong cell count
combination_2760_open_q1,combination_2760.png,"[""candidate=A; piece_counts=[1, 8, 1]; candidate_total=10; target_total=10; blocking_reason=gap or overlap""]","[""A""]",A,"[1,8,1]",10,10,gap or overlap
combination_2761_open_q1,combination_2761.png,"[""candidate=B; piece_counts=[3, 5]; candidate_total=8; target_total=8; blocking_reason=gap or overlap""]","[""B""]",B,"[3,5]",8,8,gap or overlap
combination_2762_open_q1,combination_2762.png,"[""candidate=C; piece_counts=[1, 4, 5]; candidate_total=10; target_total=10; blocking_reason=gap or overlap""]","[""C""]",C,"[1,4,5]",10,10,gap or overlap
combination_2763_open_q1,combination_2763.png,"[""candidate=D; piece_counts=[6, 1]; candidate_total=7; target_total=8; blocking_reason=wrong cell count""]","[""D""]",D,"[6,1]",7,8,wrong cell count
combination_2764_open_q1,combination_2764.png,"[""candidate=A; piece_counts=[5, 4]; candidate_total=9; target_total=9; blocking_reason=gap or overlap""]","[""A""]",A,"[5,4]",9,9,gap or overlap
combination_2765_open_q1,combination_2765.png,"[""candidate=B; piece_counts=[4, 2]; candidate_total=6; target_total=7; blocking_reason=wrong cell count""]","[""B""]",B,"[4,2]",6,7,wrong cell count
combination_2766_open_q1,combination_2766.png,"[""candidate=A; piece_counts=[1, 8]; candidate_total=9; target_total=9; blocking_reason=gap or overlap""]","[""A""]",A,"[1,8]",9,9,gap or overlap
combination_2767_open_q1,combination_2767.png,"[""candidate=D; piece_counts=[2, 4]; candidate_total=6; target_total=7; blocking_reason=wrong cell count""]","[""D""]",D,"[2,4]",6,7,wrong cell count
combination_2768_open_q1,combination_2768.png,"[""candidate=B; piece_counts=[4, 4]; candidate_total=8; target_total=8; blocking_reason=gap or overlap""]","[""B""]",B,"[4,4]",8,8,gap or overlap
combination_2769_open_q1,combination_2769.png,"[""candidate=C; piece_counts=[1, 5]; candidate_total=6; target_total=6; blocking_reason=gap or overlap""]","[""C""]",C,"[1,5]",6,6,gap or overlap
combination_2770_open_q1,combination_2770.png,"[""candidate=A; piece_counts=[4, 1]; candidate_total=5; target_total=6; blocking_reason=wrong cell count""]","[""A""]",A,"[4,1]",5,6,wrong cell count
combination_2771_open_q1,combination_2771.png,"[""candidate=A; piece_counts=[6, 3, 1]; candidate_total=10; target_total=10; blocking_reason=requires a reflection""]","[""A""]",A,"[6,3,1]",10,10,requires a reflection
combination_2772_open_q1,combination_2772.png,"[""candidate=B; piece_counts=[3, 3, 1]; candidate_total=7; target_total=8; blocking_reason=wrong cell count""]","[""B""]",B,"[3,3,1]",7,8,wrong cell count
combination_2773_open_q1,combination_2773.png,"[""candidate=D; piece_counts=[3, 4]; candidate_total=7; target_total=8; blocking_reason=wrong cell count""]","[""D""]",D,"[3,4]",7,8,wrong cell count
combination_2774_open_q1,combination_2774.png,"[""candidate=A; piece_counts=[3, 6]; candidate_total=9; target_total=9; blocking_reason=gap or overlap""]","[""A""]",A,"[3,6]",9,9,gap or overlap
combination_2775_open_q1,combination_2775.png,"[""candidate=D; piece_counts=[7, 1, 1]; candidate_total=9; target_total=10; blocking_reason=wrong cell count""]","[""D""]",D,"[7,1,1]",9,10,wrong cell count
combination_2776_open_q1,combination_2776.png,"[""candidate=A; piece_counts=[6, 1, 2]; candidate_total=9; target_total=9; blocking_reason=gap or overlap""]","[""A""]",A,"[6,1,2]",9,9,gap or overlap
combination_2777_open_q1,combination_2777.png,"[""candidate=C; piece_counts=[1, 6, 1, 1]; candidate_total=9; target_total=10; blocking_reason=wrong cell count""]","[""C""]",C,"[1,6,1,1]",9,10,wrong cell count
combination_2778_open_q1,combination_2778.png,"[""candidate=D; piece_counts=[5, 3]; candidate_total=8; target_total=9; blocking_reason=wrong cell count""]","[""D""]",D,"[5,3]",8,9,wrong cell count
combination_2779_open_q1,combination_2779.png,"[""candidate=A; piece_counts=[3, 3]; candidate_total=6; target_total=7; blocking_reason=wrong cell count""]","[""A""]",A,"[3,3]",6,7,wrong cell count
combination_2780_open_q1,combination_2780.png,"[""candidate=A; piece_counts=[4, 1, 2]; candidate_total=7; target_total=8; blocking_reason=wrong cell count""]","[""A""]",A,"[4,1,2]",7,8,wrong cell count
combination_2781_open_q1,combination_2781.png,"[""candidate=D; piece_counts=[1, 6]; candidate_total=7; target_total=8; blocking_reason=wrong cell count""]","[""D""]",D,"[1,6]",7,8,wrong cell count
combination_2782_open_q1,combination_2782.png,"[""candidate=D; piece_counts=[4, 1]; candidate_total=5; target_total=6; blocking_reason=wrong cell count""]","[""D""]",D,"[4,1]",5,6,wrong cell count
combination_2783_open_q1,combination_2783.png,"[""candidate=B; piece_counts=[7, 3]; candidate_total=10; target_total=10; blocking_reason=gap or overlap""]","[""B""]",B,"[7,3]",10,10,gap or overlap
combination_2784_open_q1,combination_2784.png,"[""candidate=C; piece_counts=[5, 1]; candidate_total=6; target_total=6; blocking_reason=requires a reflection""]","[""C""]",C,"[5,1]",6,6,requires a reflection
combination_2785_open_q1,combination_2785.png,"[""candidate=D; piece_counts=[7, 1, 2]; candidate_total=10; target_total=10; blocking_reason=gap or overlap""]","[""D""]",D,"[7,1,2]",10,10,gap or overlap
combination_2786_open_q1,combination_2786.png,"[""candidate=D; piece_counts=[4, 2, 1]; candidate_total=7; target_total=8; blocking_reason=wrong cell count""]","[""D""]",D,"[4,2,1]",7,8,wrong cell count
combination_2787_open_q1,combination_2787.png,"[""candidate=A; piece_counts=[4, 5]; candidate_total=9; target_total=10; blocking_reason=wrong cell count""]","[""A""]",A,"[4,5]",9,10,wrong cell count
combination_2788_open_q1,combination_2788.png,"[""candidate=B; piece_counts=[3, 1, 1]; candidate_total=5; target_total=6; blocking_reason=wrong cell count""]","[""B""]",B,"[3,1,1]",5,6,wrong cell count
combination_2789_open_q1,combination_2789.png,"[""candidate=C; piece_counts=[2, 5]; candidate_total=7; target_total=7; blocking_reason=gap or overlap""]","[""C""]",C,"[2,5]",7,7,gap or overlap
combination_2790_open_q1,combination_2790.png,"[""candidate=D; piece_counts=[4, 1]; candidate_total=5; target_total=6; blocking_reason=wrong cell count""]","[""D""]",D,"[4,1]",5,6,wrong cell count
combination_2791_open_q1,combination_2791.png,"[""candidate=D; piece_counts=[6, 3, 1]; candidate_total=10; target_total=10; blocking_reason=requires a reflection""]","[""D""]",D,"[6,3,1]",10,10,requires a reflection
combination_2792_open_q1,combination_2792.png,"[""candidate=A; piece_counts=[3, 4, 2]; candidate_total=9; target_total=9; blocking_reason=requires a reflection""]","[""A""]",A,"[3,4,2]",9,9,requires a reflection
combination_2793_open_q1,combination_2793.png,"[""candidate=D; piece_counts=[1, 4, 1]; candidate_total=6; target_total=6; blocking_reason=requires a reflection""]","[""D""]",D,"[1,4,1]",6,6,requires a reflection
combination_2794_open_q1,combination_2794.png,"[""candidate=A; piece_counts=[5, 2]; candidate_total=7; target_total=7; blocking_reason=requires a reflection""]","[""A""]",A,"[5,2]",7,7,requires a reflection
combination_2795_open_q1,combination_2795.png,"[""candidate=A; piece_counts=[1, 8]; candidate_total=9; target_total=10; blocking_reason=wrong cell count""]","[""A""]",A,"[1,8]",9,10,wrong cell count
combination_2796_open_q1,combination_2796.png,"[""candidate=C; piece_counts=[5, 1]; candidate_total=6; target_total=7; blocking_reason=wrong cell count""]","[""C""]",C,"[5,1]",6,7,wrong cell count
combination_2797_open_q1,combination_2797.png,"[""candidate=D; piece_counts=[8, 1, 1]; candidate_total=10; target_total=10; blocking_reason=requires a reflection""]","[""D""]",D,"[8,1,1]",10,10,requires a reflection
combination_2798_open_q1,combination_2798.png,"[""candidate=C; piece_counts=[5, 4]; candidate_total=9; target_total=10; blocking_reason=wrong cell count""]","[""C""]",C,"[5,4]",9,10,wrong cell count
combination_2799_open_q1,combination_2799.png,"[""candidate=A; piece_counts=[4, 1, 1]; candidate_total=6; target_total=7; blocking_reason=wrong cell count""]","[""A""]",A,"[4,1,1]",6,7,wrong cell count
combination_2800_open_q1,combination_2800.png,"[""candidate=B; piece_counts=[5, 1, 1]; candidate_total=7; target_total=8; blocking_reason=wrong cell count""]","[""B""]",B,"[5,1,1]",7,8,wrong cell count
combination_2801_open_q1,combination_2801.png,"[""candidate=C; piece_counts=[2, 6]; candidate_total=8; target_total=8; blocking_reason=requires a reflection""]","[""C""]",C,"[2,6]",8,8,requires a reflection
combination_2802_open_q1,combination_2802.png,"[""candidate=C; piece_counts=[2, 4, 1]; candidate_total=7; target_total=7; blocking_reason=gap or overlap""]","[""C""]",C,"[2,4,1]",7,7,gap or overlap
combination_2803_open_q1,combination_2803.png,"[""candidate=D; piece_counts=[4, 1]; candidate_total=5; target_total=6; blocking_reason=wrong cell count""]","[""D""]",D,"[4,1]",5,6,wrong cell count
combination_2804_open_q1,combination_2804.png,"[""candidate=A; piece_counts=[4, 1]; candidate_total=5; target_total=6; blocking_reason=wrong cell count""]","[""A""]",A,"[4,1]",5,6,wrong cell count
combination_2805_open_q1,combination_2805.png,"[""candidate=C; piece_counts=[8, 1]; candidate_total=9; target_total=9; blocking_reason=requires a reflection""]","[""C""]",C,"[8,1]",9,9,requires a reflection
combination_2806_open_q1,combination_2806.png,"[""candidate=D; piece_counts=[4, 2]; candidate_total=6; target_total=6; blocking_reason=requires a reflection""]","[""D""]",D,"[4,2]",6,6,requires a reflection
combination_2807_open_q1,combination_2807.png,"[""candidate=A; piece_counts=[1, 4, 5]; candidate_total=10; target_total=10; blocking_reason=requires a reflection""]","[""A""]",A,"[1,4,5]",10,10,requires a reflection
combination_2808_open_q1,combination_2808.png,"[""candidate=C; piece_counts=[4, 2]; candidate_total=6; target_total=6; blocking_reason=requires a reflection""]","[""C""]",C,"[4,2]",6,6,requires a reflection
combination_2809_open_q1,combination_2809.png,"[""candidate=C; piece_counts=[3, 2]; candidate_total=5; target_total=6; blocking_reason=wrong cell count""]","[""C""]",C,"[3,2]",5,6,wrong cell count
combination_2810_open_q1,combination_2810.png,"[""candidate=D; piece_counts=[5, 1]; candidate_total=6; target_total=6; blocking_reason=requires a reflection""]","[""D""]",D,"[5,1]",6,6,requires a reflection
combination_2811_open_q1,combination_2811.png,"[""candidate=B; piece_counts=[6, 1]; candidate_total=7; target_total=7; blocking_reason=requires a reflection""]","[""B""]",B,"[6,1]",7,7,requires a reflection
combination_2812_open_q1,combination_2812.png,"[""candidate=C; piece_counts=[4, 1, 1]; candidate_total=6; target_total=6; blocking_reason=requires a reflection""]","[""C""]",C,"[4,1,1]",6,6,requires a reflection
combination_2813_open_q1,combination_2813.png,"[""candidate=B; piece_counts=[5, 1]; candidate_total=6; target_total=6; blocking_reason=requires a reflection""]","[""B""]",B,"[5,1]",6,6,requires a reflection
combination_2814_open_q1,combination_2814.png,"[""candidate=A; piece_counts=[4, 4, 1]; candidate_total=9; target_total=10; blocking_reason=wrong cell count""]","[""A""]",A,"[4,4,1]",9,10,wrong cell count
combination_2815_open_q1,combination_2815.png,"[""candidate=B; piece_counts=[4, 4]; candidate_total=8; target_total=9; blocking_reason=wrong cell count""]","[""B""]",B,"[4,4]",8,9,wrong cell count
combination_2816_open_q1,combination_2816.png,"[""candidate=B; piece_counts=[3, 4]; candidate_total=7; target_total=8; blocking_reason=wrong cell count""]","[""B""]",B,"[3,4]",7,8,wrong cell count
combination_2817_open_q1,combination_2817.png,"[""candidate=B; piece_counts=[1, 5, 1]; candidate_total=7; target_total=8; blocking_reason=wrong cell count""]","[""B""]",B,"[1,5,1]",7,8,wrong cell count
combination_2818_open_q1,combination_2818.png,"[""candidate=C; piece_counts=[3, 5, 1]; candidate_total=9; target_total=9; blocking_reason=requires a reflection""]","[""C""]",C,"[3,5,1]",9,9,requires a reflection
combination_2819_open_q1,combination_2819.png,"[""candidate=B; piece_counts=[7, 1]; candidate_total=8; target_total=8; blocking_reason=requires a reflection""]","[""B""]",B,"[7,1]",8,8,requires a reflection
combination_2820_open_q1,combination_2820.png,"[""candidate=C; piece_counts=[6, 1, 2]; candidate_total=9; target_total=9; blocking_reason=requires a reflection""]","[""C""]",C,"[6,1,2]",9,9,requires a reflection
combination_2821_open_q1,combination_2821.png,"[""candidate=D; piece_counts=[7, 1]; candidate_total=8; target_total=9; blocking_reason=wrong cell count""]","[""D""]",D,"[7,1]",8,9,wrong cell count
combination_2822_open_q1,combination_2822.png,"[""candidate=A; piece_counts=[8, 1]; candidate_total=9; target_total=10; blocking_reason=wrong cell count""]","[""A""]",A,"[8,1]",9,10,wrong cell count
combination_2823_open_q1,combination_2823.png,"[""candidate=B; piece_counts=[5, 1]; candidate_total=6; target_total=6; blocking_reason=requires a reflection""]","[""B""]",B,"[5,1]",6,6,requires a reflection
combination_2824_open_q1,combination_2824.png,"[""candidate=B; piece_counts=[4, 1, 2, 2]; candidate_total=9; target_total=9; blocking_reason=gap or overlap""]","[""B""]",B,"[4,1,2,2]",9,9,gap or overlap
combination_2825_open_q1,combination_2825.png,"[""candidate=D; piece_counts=[3, 4]; candidate_total=7; target_total=8; blocking_reason=wrong cell count""]","[""D""]",D,"[3,4]",7,8,wrong cell count
combination_2826_open_q1,combination_2826.png,"[""candidate=C; piece_counts=[2, 6]; candidate_total=8; target_total=9; blocking_reason=wrong cell count""]","[""C""]",C,"[2,6]",8,9,wrong cell count
combination_2827_open_q1,combination_2827.png,"[""candidate=B; piece_counts=[8, 1]; candidate_total=9; target_total=9; blocking_reason=requires a reflection""]","[""B""]",B,"[8,1]",9,9,requires a reflection
combination_2828_open_q1,combination_2828.png,"[""candidate=B; piece_counts=[4, 2]; candidate_total=6; target_total=6; blocking_reason=gap or overlap""]","[""B""]",B,"[4,2]",6,6,gap or overlap
combination_2829_open_q1,combination_2829.png,"[""candidate=B; piece_counts=[4, 1, 1]; candidate_total=6; target_total=6; blocking_reason=requires a reflection""]","[""B""]",B,"[4,1,1]",6,6,requires a reflection
combination_2830_open_q1,combination_2830.png,"[""candidate=A; piece_counts=[5, 3]; candidate_total=8; target_total=9; blocking_reason=wrong cell count""]","[""A""]",A,"[5,3]",8,9,wrong cell count
combination_2831_open_q1,combination_2831.png,"[""candidate=A; piece_counts=[4, 4]; candidate_total=8; target_total=8; blocking_reason=gap or overlap""]","[""A""]",A,"[4,4]",8,8,gap or overlap
combination_2832_open_q1,combination_2832.png,"[""candidate=A; piece_counts=[7, 1]; candidate_total=8; target_total=8; blocking_reason=requires a reflection""]","[""A""]",A,"[7,1]",8,8,requires a reflection
combination_2833_open_q1,combination_2833.png,"[""candidate=B; piece_counts=[2, 4]; candidate_total=6; target_total=6; blocking_reason=requires a reflection""]","[""B""]",B,"[2,4]",6,6,requires a reflection
combination_2834_open_q1,combination_2834.png,"[""candidate=A; piece_counts=[5, 1, 1]; candidate_total=7; target_total=8; blocking_reason=wrong cell count""]","[""A""]",A,"[5,1,1]",7,8,wrong cell count
combination_2835_open_q1,combination_2835.png,"[""candidate=B; piece_counts=[2, 4]; candidate_total=6; target_total=6; blocking_reason=gap or overlap""]","[""B""]",B,"[2,4]",6,6,gap or overlap
combination_2836_open_q1,combination_2836.png,"[""candidate=C; piece_counts=[4, 3]; candidate_total=7; target_total=7; blocking_reason=requires a reflection""]","[""C""]",C,"[4,3]",7,7,requires a reflection
combination_2837_open_q1,combination_2837.png,"[""candidate=B; piece_counts=[5, 1, 1]; candidate_total=7; target_total=8; blocking_reason=wrong cell count""]","[""B""]",B,"[5,1,1]",7,8,wrong cell count
combination_2838_open_q1,combination_2838.png,"[""candidate=C; piece_counts=[4, 1]; candidate_total=5; target_total=6; blocking_reason=wrong cell count""]","[""C""]",C,"[4,1]",5,6,wrong cell count
combination_2839_open_q1,combination_2839.png,"[""candidate=B; piece_counts=[7, 1]; candidate_total=8; target_total=8; blocking_reason=requires a reflection""]","[""B""]",B,"[7,1]",8,8,requires a reflection
combination_2840_open_q1,combination_2840.png,"[""candidate=B; piece_counts=[5, 2]; candidate_total=7; target_total=7; blocking_reason=requires a reflection""]","[""B""]",B,"[5,2]",7,7,requires a reflection
combination_2841_open_q1,combination_2841.png,"[""candidate=B; piece_counts=[3, 3, 2]; candidate_total=8; target_total=8; blocking_reason=gap or overlap""]","[""B""]",B,"[3,3,2]",8,8,gap or overlap
combination_2842_open_q1,combination_2842.png,"[""candidate=C; piece_counts=[2, 6]; candidate_total=8; target_total=8; blocking_reason=gap or overlap""]","[""C""]",C,"[2,6]",8,8,gap or overlap
combination_2843_open_q1,combination_2843.png,"[""candidate=D; piece_counts=[1, 5]; candidate_total=6; target_total=6; blocking_reason=requires a reflection""]","[""D""]",D,"[1,5]",6,6,requires a reflection
combination_2844_open_q1,combination_2844.png,"[""candidate=C; piece_counts=[4, 3]; candidate_total=7; target_total=7; blocking_reason=gap or overlap""]","[""C""]",C,"[4,3]",7,7,gap or overlap
combination_2845_open_q1,combination_2845.png,"[""candidate=C; piece_counts=[7, 1]; candidate_total=8; target_total=8; blocking_reason=gap or overlap""]","[""C""]",C,"[7,1]",8,8,gap or overlap
combination_2846_open_q1,combination_2846.png,"[""candidate=D; piece_counts=[2, 7]; candidate_total=9; target_total=9; blocking_reason=gap or overlap""]","[""D""]",D,"[2,7]",9,9,gap or overlap
combination_2847_open_q1,combination_2847.png,"[""candidate=D; piece_counts=[1, 5]; candidate_total=6; target_total=6; blocking_reason=gap or overlap""]","[""D""]",D,"[1,5]",6,6,gap or overlap
combination_2848_open_q1,combination_2848.png,"[""candidate=C; piece_counts=[1, 2, 3]; candidate_total=6; target_total=7; blocking_reason=wrong cell count""]","[""C""]",C,"[1,2,3]",6,7,wrong cell count
combination_2849_open_q1,combination_2849.png,"[""candidate=B; piece_counts=[4, 1]; candidate_total=5; target_total=6; blocking_reason=wrong cell count""]","[""B""]",B,"[4,1]",5,6,wrong cell count
combination_2850_open_q1,combination_2850.png,"[""candidate=C; piece_counts=[6, 1]; candidate_total=7; target_total=8; blocking_reason=wrong cell count""]","[""C""]",C,"[6,1]",7,8,wrong cell count
combination_2851_open_q1,combination_2851.png,"[""candidate=B; piece_counts=[1, 4]; candidate_total=5; target_total=6; blocking_reason=wrong cell count""]","[""B""]",B,"[1,4]",5,6,wrong cell count
combination_2852_open_q1,combination_2852.png,"[""candidate=B; piece_counts=[4, 1]; candidate_total=5; target_total=6; blocking_reason=wrong cell count""]","[""B""]",B,"[4,1]",5,6,wrong cell count
combination_2853_open_q1,combination_2853.png,"[""candidate=D; piece_counts=[7, 1]; candidate_total=8; target_total=9; blocking_reason=wrong cell count""]","[""D""]",D,"[7,1]",8,9,wrong cell count
combination_2854_open_q1,combination_2854.png,"[""candidate=A; piece_counts=[7, 3]; candidate_total=10; target_total=10; blocking_reason=requires a reflection""]","[""A""]",A,"[7,3]",10,10,requires a reflection
combination_2855_open_q1,combination_2855.png,"[""candidate=B; piece_counts=[6, 1, 1]; candidate_total=8; target_total=8; blocking_reason=requires a reflection""]","[""B""]",B,"[6,1,1]",8,8,requires a reflection
combination_2856_open_q1,combination_2856.png,"[""candidate=A; piece_counts=[3, 3]; candidate_total=6; target_total=6; blocking_reason=gap or overlap""]","[""A""]",A,"[3,3]",6,6,gap or overlap
combination_2857_open_q1,combination_2857.png,"[""candidate=D; piece_counts=[4, 3]; candidate_total=7; target_total=8; blocking_reason=wrong cell count""]","[""D""]",D,"[4,3]",7,8,wrong cell count
combination_2858_open_q1,combination_2858.png,"[""candidate=D; piece_counts=[9, 1]; candidate_total=10; target_total=10; blocking_reason=gap or overlap""]","[""D""]",D,"[9,1]",10,10,gap or overlap
combination_2859_open_q1,combination_2859.png,"[""candidate=A; piece_counts=[2, 7]; candidate_total=9; target_total=9; blocking_reason=gap or overlap""]","[""A""]",A,"[2,7]",9,9,gap or overlap
combination_2860_open_q1,combination_2860.png,"[""candidate=C; piece_counts=[1, 4]; candidate_total=5; target_total=6; blocking_reason=wrong cell count""]","[""C""]",C,"[1,4]",5,6,wrong cell count
combination_2861_open_q1,combination_2861.png,"[""candidate=C; piece_counts=[5, 2]; candidate_total=7; target_total=7; blocking_reason=gap or overlap""]","[""C""]",C,"[5,2]",7,7,gap or overlap
combination_2862_open_q1,combination_2862.png,"[""candidate=D; piece_counts=[2, 6, 1]; candidate_total=9; target_total=9; blocking_reason=gap or overlap""]","[""D""]",D,"[2,6,1]",9,9,gap or overlap
combination_2863_open_q1,combination_2863.png,"[""candidate=A; piece_counts=[4, 2]; candidate_total=6; target_total=6; blocking_reason=gap or overlap""]","[""A""]",A,"[4,2]",6,6,gap or overlap
combination_2864_open_q1,combination_2864.png,"[""candidate=C; piece_counts=[7, 1]; candidate_total=8; target_total=8; blocking_reason=gap or overlap""]","[""C""]",C,"[7,1]",8,8,gap or overlap
combination_2865_open_q1,combination_2865.png,"[""candidate=B; piece_counts=[6, 1]; candidate_total=7; target_total=7; blocking_reason=requires a reflection""]","[""B""]",B,"[6,1]",7,7,requires a reflection
combination_2866_open_q1,combination_2866.png,"[""candidate=C; piece_counts=[4, 1, 2]; candidate_total=7; target_total=8; blocking_reason=wrong cell count""]","[""C""]",C,"[4,1,2]",7,8,wrong cell count
combination_2867_open_q1,combination_2867.png,"[""candidate=D; piece_counts=[2, 4]; candidate_total=6; target_total=7; blocking_reason=wrong cell count""]","[""D""]",D,"[2,4]",6,7,wrong cell count
combination_2868_open_q1,combination_2868.png,"[""candidate=B; piece_counts=[5, 1]; candidate_total=6; target_total=6; blocking_reason=gap or overlap""]","[""B""]",B,"[5,1]",6,6,gap or overlap
combination_2869_open_q1,combination_2869.png,"[""candidate=C; piece_counts=[7, 1, 1]; candidate_total=9; target_total=10; blocking_reason=wrong cell count""]","[""C""]",C,"[7,1,1]",9,10,wrong cell count
combination_2870_open_q1,combination_2870.png,"[""candidate=A; piece_counts=[4, 5]; candidate_total=9; target_total=10; blocking_reason=wrong cell count""]","[""A""]",A,"[4,5]",9,10,wrong cell count
combination_2871_open_q1,combination_2871.png,"[""candidate=D; piece_counts=[4, 1]; candidate_total=5; target_total=6; blocking_reason=wrong cell count""]","[""D""]",D,"[4,1]",5,6,wrong cell count
combination_2872_open_q1,combination_2872.png,"[""candidate=C; piece_counts=[3, 3, 1]; candidate_total=7; target_total=7; blocking_reason=gap or overlap""]","[""C""]",C,"[3,3,1]",7,7,gap or overlap
combination_2873_open_q1,combination_2873.png,"[""candidate=D; piece_counts=[1, 6, 1, 1]; candidate_total=9; target_total=9; blocking_reason=requires a reflection""]","[""D""]",D,"[1,6,1,1]",9,9,requires a reflection
combination_2874_open_q1,combination_2874.png,"[""candidate=D; piece_counts=[5, 1, 1]; candidate_total=7; target_total=8; blocking_reason=wrong cell count""]","[""D""]",D,"[5,1,1]",7,8,wrong cell count
combination_2875_open_q1,combination_2875.png,"[""candidate=B; piece_counts=[2, 1, 4]; candidate_total=7; target_total=7; blocking_reason=requires a reflection""]","[""B""]",B,"[2,1,4]",7,7,requires a reflection
combination_2876_open_q1,combination_2876.png,"[""candidate=C; piece_counts=[4, 1]; candidate_total=5; target_total=6; blocking_reason=wrong cell count""]","[""C""]",C,"[4,1]",5,6,wrong cell count
combination_2877_open_q1,combination_2877.png,"[""candidate=B; piece_counts=[4, 2]; candidate_total=6; target_total=7; blocking_reason=wrong cell count""]","[""B""]",B,"[4,2]",6,7,wrong cell count
combination_2878_open_q1,combination_2878.png,"[""candidate=A; piece_counts=[5, 4]; candidate_total=9; target_total=9; blocking_reason=requires a reflection""]","[""A""]",A,"[5,4]",9,9,requires a reflection
combination_2879_open_q1,combination_2879.png,"[""candidate=B; piece_counts=[3, 1, 1]; candidate_total=5; target_total=6; blocking_reason=wrong cell count""]","[""B""]",B,"[3,1,1]",5,6,wrong cell count
combination_2880_open_q1,combination_2880.png,"[""candidate=B; piece_counts=[4, 1, 1]; candidate_total=6; target_total=7; blocking_reason=wrong cell count""]","[""B""]",B,"[4,1,1]",6,7,wrong cell count
combination_2881_open_q1,combination_2881.png,"[""candidate=D; piece_counts=[7, 1]; candidate_total=8; target_total=8; blocking_reason=requires a reflection""]","[""D""]",D,"[7,1]",8,8,requires a reflection
combination_2882_open_q1,combination_2882.png,"[""candidate=A; piece_counts=[5, 1]; candidate_total=6; target_total=6; blocking_reason=requires a reflection""]","[""A""]",A,"[5,1]",6,6,requires a reflection
combination_2883_open_q1,combination_2883.png,"[""candidate=D; piece_counts=[5, 1]; candidate_total=6; target_total=6; blocking_reason=gap or overlap""]","[""D""]",D,"[5,1]",6,6,gap or overlap
combination_2884_open_q1,combination_2884.png,"[""candidate=C; piece_counts=[6, 2]; candidate_total=8; target_total=8; blocking_reason=requires a reflection""]","[""C""]",C,"[6,2]",8,8,requires a reflection
combination_2885_open_q1,combination_2885.png,"[""candidate=B; piece_counts=[1, 6, 1]; candidate_total=8; target_total=8; blocking_reason=requires a reflection""]","[""B""]",B,"[1,6,1]",8,8,requires a reflection
combination_2886_open_q1,combination_2886.png,"[""candidate=D; piece_counts=[5, 1]; candidate_total=6; target_total=7; blocking_reason=wrong cell count""]","[""D""]",D,"[5,1]",6,7,wrong cell count
combination_2887_open_q1,combination_2887.png,"[""candidate=A; piece_counts=[5, 1, 1]; candidate_total=7; target_total=7; blocking_reason=requires a reflection""]","[""A""]",A,"[5,1,1]",7,7,requires a reflection
combination_2888_open_q1,combination_2888.png,"[""candidate=A; piece_counts=[3, 1, 4, 1]; candidate_total=9; target_total=10; blocking_reason=wrong cell count""]","[""A""]",A,"[3,1,4,1]",9,10,wrong cell count
combination_2889_open_q1,combination_2889.png,"[""candidate=D; piece_counts=[2, 7]; candidate_total=9; target_total=10; blocking_reason=wrong cell count""]","[""D""]",D,"[2,7]",9,10,wrong cell count
combination_2890_open_q1,combination_2890.png,"[""candidate=C; piece_counts=[5, 1]; candidate_total=6; target_total=6; blocking_reason=requires a reflection""]","[""C""]",C,"[5,1]",6,6,requires a reflection
combination_2891_open_q1,combination_2891.png,"[""candidate=D; piece_counts=[7, 1]; candidate_total=8; target_total=9; blocking_reason=wrong cell count""]","[""D""]",D,"[7,1]",8,9,wrong cell count
combination_2892_open_q1,combination_2892.png,"[""candidate=B; piece_counts=[5, 1]; candidate_total=6; target_total=6; blocking_reason=requires a reflection""]","[""B""]",B,"[5,1]",6,6,requires a reflection
combination_2893_open_q1,combination_2893.png,"[""candidate=C; piece_counts=[7, 1, 1]; candidate_total=9; target_total=10; blocking_reason=wrong cell count""]","[""C""]",C,"[7,1,1]",9,10,wrong cell count
combination_2894_open_q1,combination_2894.png,"[""candidate=A; piece_counts=[7, 1, 1]; candidate_total=9; target_total=9; blocking_reason=requires a reflection""]","[""A""]",A,"[7,1,1]",9,9,requires a reflection
combination_2895_open_q1,combination_2895.png,"[""candidate=D; piece_counts=[1, 1, 4]; candidate_total=6; target_total=6; blocking_reason=gap or overlap""]","[""D""]",D,"[1,1,4]",6,6,gap or overlap
combination_2896_open_q1,combination_2896.png,"[""candidate=A; piece_counts=[6, 1]; candidate_total=7; target_total=7; blocking_reason=requires a reflection""]","[""A""]",A,"[6,1]",7,7,requires a reflection
combination_2897_open_q1,combination_2897.png,"[""candidate=D; piece_counts=[3, 4]; candidate_total=7; target_total=7; blocking_reason=requires a reflection""]","[""D""]",D,"[3,4]",7,7,requires a reflection
combination_2898_open_q1,combination_2898.png,"[""candidate=C; piece_counts=[7, 1]; candidate_total=8; target_total=8; blocking_reason=gap or overlap""]","[""C""]",C,"[7,1]",8,8,gap or overlap
combination_2899_open_q1,combination_2899.png,"[""candidate=A; piece_counts=[4, 3]; candidate_total=7; target_total=8; blocking_reason=wrong cell count""]","[""A""]",A,"[4,3]",7,8,wrong cell count
combination_2900_open_q1,combination_2900.png,"[""candidate=A; piece_counts=[4, 2]; candidate_total=6; target_total=6; blocking_reason=gap or overlap""]","[""A""]",A,"[4,2]",6,6,gap or overlap
combination_2901_open_q1,combination_2901.png,"[""candidate=C; piece_counts=[1, 5, 1, 1]; candidate_total=8; target_total=8; blocking_reason=gap or overlap""]","[""C""]",C,"[1,5,1,1]",8,8,gap or overlap
combination_2902_open_q1,combination_2902.png,"[""candidate=D; piece_counts=[2, 4]; candidate_total=6; target_total=7; blocking_reason=wrong cell count""]","[""D""]",D,"[2,4]",6,7,wrong cell count
combination_2903_open_q1,combination_2903.png,"[""candidate=D; piece_counts=[3, 1, 1]; candidate_total=5; target_total=6; blocking_reason=wrong cell count""]","[""D""]",D,"[3,1,1]",5,6,wrong cell count
combination_2904_open_q1,combination_2904.png,"[""candidate=C; piece_counts=[7, 1]; candidate_total=8; target_total=8; blocking_reason=requires a reflection""]","[""C""]",C,"[7,1]",8,8,requires a reflection
combination_2905_open_q1,combination_2905.png,"[""candidate=C; piece_counts=[5, 1]; candidate_total=6; target_total=6; blocking_reason=requires a reflection""]","[""C""]",C,"[5,1]",6,6,requires a reflection
combination_2906_open_q1,combination_2906.png,"[""candidate=C; piece_counts=[6, 4]; candidate_total=10; target_total=10; blocking_reason=gap or overlap""]","[""C""]",C,"[6,4]",10,10,gap or overlap
combination_2907_open_q1,combination_2907.png,"[""candidate=A; piece_counts=[1, 4]; candidate_total=5; target_total=6; blocking_reason=wrong cell count""]","[""A""]",A,"[1,4]",5,6,wrong cell count
combination_2908_open_q1,combination_2908.png,"[""candidate=C; piece_counts=[6, 1, 1]; candidate_total=8; target_total=8; blocking_reason=gap or overlap""]","[""C""]",C,"[6,1,1]",8,8,gap or overlap
combination_2909_open_q1,combination_2909.png,"[""candidate=D; piece_counts=[8, 1]; candidate_total=9; target_total=10; blocking_reason=wrong cell count""]","[""D""]",D,"[8,1]",9,10,wrong cell count
combination_2910_open_q1,combination_2910.png,"[""candidate=C; piece_counts=[6, 1]; candidate_total=7; target_total=7; blocking_reason=requires a reflection""]","[""C""]",C,"[6,1]",7,7,requires a reflection
combination_2911_open_q1,combination_2911.png,"[""candidate=D; piece_counts=[4, 1, 2, 1]; candidate_total=8; target_total=9; blocking_reason=wrong cell count""]","[""D""]",D,"[4,1,2,1]",8,9,wrong cell count
combination_2912_open_q1,combination_2912.png,"[""candidate=B; piece_counts=[4, 1, 1]; candidate_total=6; target_total=7; blocking_reason=wrong cell count""]","[""B""]",B,"[4,1,1]",6,7,wrong cell count
combination_2913_open_q1,combination_2913.png,"[""candidate=B; piece_counts=[5, 1]; candidate_total=6; target_total=7; blocking_reason=wrong cell count""]","[""B""]",B,"[5,1]",6,7,wrong cell count
combination_2914_open_q1,combination_2914.png,"[""candidate=D; piece_counts=[3, 6, 1]; candidate_total=10; target_total=10; blocking_reason=gap or overlap""]","[""D""]",D,"[3,6,1]",10,10,gap or overlap
combination_2915_open_q1,combination_2915.png,"[""candidate=B; piece_counts=[2, 4]; candidate_total=6; target_total=6; blocking_reason=requires a reflection""]","[""B""]",B,"[2,4]",6,6,requires a reflection
combination_2916_open_q1,combination_2916.png,"[""candidate=C; piece_counts=[4, 2]; candidate_total=6; target_total=6; blocking_reason=requires a reflection""]","[""C""]",C,"[4,2]",6,6,requires a reflection
combination_2917_open_q1,combination_2917.png,"[""candidate=B; piece_counts=[5, 1]; candidate_total=6; target_total=6; blocking_reason=gap or overlap""]","[""B""]",B,"[5,1]",6,6,gap or overlap
combination_2918_open_q1,combination_2918.png,"[""candidate=A; piece_counts=[7, 1]; candidate_total=8; target_total=8; blocking_reason=gap or overlap""]","[""A""]",A,"[7,1]",8,8,gap or overlap
combination_2919_open_q1,combination_2919.png,"[""candidate=B; piece_counts=[3, 6]; candidate_total=9; target_total=9; blocking_reason=gap or overlap""]","[""B""]",B,"[3,6]",9,9,gap or overlap
combination_2920_open_q1,combination_2920.png,"[""candidate=A; piece_counts=[4, 1]; candidate_total=5; target_total=6; blocking_reason=wrong cell count""]","[""A""]",A,"[4,1]",5,6,wrong cell count
combination_2921_open_q1,combination_2921.png,"[""candidate=C; piece_counts=[7, 2]; candidate_total=9; target_total=10; blocking_reason=wrong cell count""]","[""C""]",C,"[7,2]",9,10,wrong cell count
combination_2922_open_q1,combination_2922.png,"[""candidate=D; piece_counts=[2, 4]; candidate_total=6; target_total=6; blocking_reason=gap or overlap""]","[""D""]",D,"[2,4]",6,6,gap or overlap
combination_2923_open_q1,combination_2923.png,"[""candidate=A; piece_counts=[5, 4]; candidate_total=9; target_total=10; blocking_reason=wrong cell count""]","[""A""]",A,"[5,4]",9,10,wrong cell count
combination_2924_open_q1,combination_2924.png,"[""candidate=C; piece_counts=[1, 7, 1]; candidate_total=9; target_total=9; blocking_reason=requires a reflection""]","[""C""]",C,"[1,7,1]",9,9,requires a reflection
combination_2925_open_q1,combination_2925.png,"[""candidate=D; piece_counts=[3, 5]; candidate_total=8; target_total=9; blocking_reason=wrong cell count""]","[""D""]",D,"[3,5]",8,9,wrong cell count
combination_2926_open_q1,combination_2926.png,"[""candidate=D; piece_counts=[7, 3]; candidate_total=10; target_total=10; blocking_reason=gap or overlap""]","[""D""]",D,"[7,3]",10,10,gap or overlap
combination_2927_open_q1,combination_2927.png,"[""candidate=A; piece_counts=[5, 1, 1]; candidate_total=7; target_total=7; blocking_reason=gap or overlap""]","[""A""]",A,"[5,1,1]",7,7,gap or overlap
combination_2928_open_q1,combination_2928.png,"[""candidate=B; piece_counts=[4, 4, 2]; candidate_total=10; target_total=10; blocking_reason=gap or overlap""]","[""B""]",B,"[4,4,2]",10,10,gap or overlap
combination_2929_open_q1,combination_2929.png,"[""candidate=C; piece_counts=[6, 1]; candidate_total=7; target_total=8; blocking_reason=wrong cell count""]","[""C""]",C,"[6,1]",7,8,wrong cell count
combination_2930_open_q1,combination_2930.png,"[""candidate=D; piece_counts=[6, 1, 1]; candidate_total=8; target_total=9; blocking_reason=wrong cell count""]","[""D""]",D,"[6,1,1]",8,9,wrong cell count
combination_2931_open_q1,combination_2931.png,"[""candidate=A; piece_counts=[8, 1]; candidate_total=9; target_total=9; blocking_reason=requires a reflection""]","[""A""]",A,"[8,1]",9,9,requires a reflection
combination_2932_open_q1,combination_2932.png,"[""candidate=B; piece_counts=[1, 6]; candidate_total=7; target_total=8; blocking_reason=wrong cell count""]","[""B""]",B,"[1,6]",7,8,wrong cell count
combination_2933_open_q1,combination_2933.png,"[""candidate=D; piece_counts=[1, 5]; candidate_total=6; target_total=6; blocking_reason=gap or overlap""]","[""D""]",D,"[1,5]",6,6,gap or overlap
combination_2934_open_q1,combination_2934.png,"[""candidate=D; piece_counts=[3, 2]; candidate_total=5; target_total=6; blocking_reason=wrong cell count""]","[""D""]",D,"[3,2]",5,6,wrong cell count
combination_2935_open_q1,combination_2935.png,"[""candidate=A; piece_counts=[7, 2]; candidate_total=9; target_total=9; blocking_reason=gap or overlap""]","[""A""]",A,"[7,2]",9,9,gap or overlap
combination_2936_open_q1,combination_2936.png,"[""candidate=C; piece_counts=[6, 2]; candidate_total=8; target_total=9; blocking_reason=wrong cell count""]","[""C""]",C,"[6,2]",8,9,wrong cell count
combination_2937_open_q1,combination_2937.png,"[""candidate=D; piece_counts=[6, 4]; candidate_total=10; target_total=10; blocking_reason=requires a reflection""]","[""D""]",D,"[6,4]",10,10,requires a reflection
combination_2938_open_q1,combination_2938.png,"[""candidate=D; piece_counts=[2, 1, 6]; candidate_total=9; target_total=9; blocking_reason=gap or overlap""]","[""D""]",D,"[2,1,6]",9,9,gap or overlap
combination_2939_open_q1,combination_2939.png,"[""candidate=A; piece_counts=[1, 6, 1]; candidate_total=8; target_total=9; blocking_reason=wrong cell count""]","[""A""]",A,"[1,6,1]",8,9,wrong cell count
combination_2940_open_q1,combination_2940.png,"[""candidate=B; piece_counts=[2, 4]; candidate_total=6; target_total=6; blocking_reason=requires a reflection""]","[""B""]",B,"[2,4]",6,6,requires a reflection
combination_2941_open_q1,combination_2941.png,"[""candidate=C; piece_counts=[2, 5, 1]; candidate_total=8; target_total=9; blocking_reason=wrong cell count""]","[""C""]",C,"[2,5,1]",8,9,wrong cell count
combination_2942_open_q1,combination_2942.png,"[""candidate=C; piece_counts=[4, 2, 2]; candidate_total=8; target_total=8; blocking_reason=gap or overlap""]","[""C""]",C,"[4,2,2]",8,8,gap or overlap
combination_2943_open_q1,combination_2943.png,"[""candidate=A; piece_counts=[2, 4]; candidate_total=6; target_total=6; blocking_reason=gap or overlap""]","[""A""]",A,"[2,4]",6,6,gap or overlap
combination_2944_open_q1,combination_2944.png,"[""candidate=B; piece_counts=[2, 1, 4]; candidate_total=7; target_total=7; blocking_reason=gap or overlap""]","[""B""]",B,"[2,1,4]",7,7,gap or overlap
combination_2945_open_q1,combination_2945.png,"[""candidate=D; piece_counts=[6, 1]; candidate_total=7; target_total=7; blocking_reason=requires a reflection""]","[""D""]",D,"[6,1]",7,7,requires a reflection
combination_2946_open_q1,combination_2946.png,"[""candidate=D; piece_counts=[3, 4]; candidate_total=7; target_total=8; blocking_reason=wrong cell count""]","[""D""]",D,"[3,4]",7,8,wrong cell count
combination_2947_open_q1,combination_2947.png,"[""candidate=B; piece_counts=[1, 6, 1]; candidate_total=8; target_total=9; blocking_reason=wrong cell count""]","[""B""]",B,"[1,6,1]",8,9,wrong cell count
combination_2948_open_q1,combination_2948.png,"[""candidate=C; piece_counts=[6, 4]; candidate_total=10; target_total=10; blocking_reason=gap or overlap""]","[""C""]",C,"[6,4]",10,10,gap or overlap
combination_2949_open_q1,combination_2949.png,"[""candidate=C; piece_counts=[4, 3]; candidate_total=7; target_total=8; blocking_reason=wrong cell count""]","[""C""]",C,"[4,3]",7,8,wrong cell count
combination_2950_open_q1,combination_2950.png,"[""candidate=C; piece_counts=[5, 2]; candidate_total=7; target_total=8; blocking_reason=wrong cell count""]","[""C""]",C,"[5,2]",7,8,wrong cell count
combination_2951_open_q1,combination_2951.png,"[""candidate=A; piece_counts=[5, 2]; candidate_total=7; target_total=7; blocking_reason=requires a reflection""]","[""A""]",A,"[5,2]",7,7,requires a reflection
combination_2952_open_q1,combination_2952.png,"[""candidate=C; piece_counts=[3, 3]; candidate_total=6; target_total=6; blocking_reason=gap or overlap""]","[""C""]",C,"[3,3]",6,6,gap or overlap
combination_2953_open_q1,combination_2953.png,"[""candidate=D; piece_counts=[2, 3]; candidate_total=5; target_total=6; blocking_reason=wrong cell count""]","[""D""]",D,"[2,3]",5,6,wrong cell count
combination_2954_open_q1,combination_2954.png,"[""candidate=A; piece_counts=[4, 5]; candidate_total=9; target_total=10; blocking_reason=wrong cell count""]","[""A""]",A,"[4,5]",9,10,wrong cell count
combination_2955_open_q1,combination_2955.png,"[""candidate=A; piece_counts=[1, 1, 6]; candidate_total=8; target_total=8; blocking_reason=gap or overlap""]","[""A""]",A,"[1,1,6]",8,8,gap or overlap
combination_2956_open_q1,combination_2956.png,"[""candidate=C; piece_counts=[1, 4, 1, 1]; candidate_total=7; target_total=7; blocking_reason=requires a reflection""]","[""C""]",C,"[1,4,1,1]",7,7,requires a reflection
combination_2957_open_q1,combination_2957.png,"[""candidate=C; piece_counts=[5, 1, 1]; candidate_total=7; target_total=7; blocking_reason=requires a reflection""]","[""C""]",C,"[5,1,1]",7,7,requires a reflection
combination_2958_open_q1,combination_2958.png,"[""candidate=C; piece_counts=[4, 1]; candidate_total=5; target_total=6; blocking_reason=wrong cell count""]","[""C""]",C,"[4,1]",5,6,wrong cell count
combination_2959_open_q1,combination_2959.png,"[""candidate=D; piece_counts=[4, 1]; candidate_total=5; target_total=6; blocking_reason=wrong cell count""]","[""D""]",D,"[4,1]",5,6,wrong cell count
combination_2960_open_q1,combination_2960.png,"[""candidate=C; piece_counts=[3, 6]; candidate_total=9; target_total=9; blocking_reason=gap or overlap""]","[""C""]",C,"[3,6]",9,9,gap or overlap
combination_2961_open_q1,combination_2961.png,"[""candidate=C; piece_counts=[5, 1, 2]; candidate_total=8; target_total=8; blocking_reason=gap or overlap""]","[""C""]",C,"[5,1,2]",8,8,gap or overlap
combination_2962_open_q1,combination_2962.png,"[""candidate=D; piece_counts=[4, 3]; candidate_total=7; target_total=7; blocking_reason=requires a reflection""]","[""D""]",D,"[4,3]",7,7,requires a reflection
combination_2963_open_q1,combination_2963.png,"[""candidate=D; piece_counts=[1, 5]; candidate_total=6; target_total=6; blocking_reason=gap or overlap""]","[""D""]",D,"[1,5]",6,6,gap or overlap
combination_2964_open_q1,combination_2964.png,"[""candidate=C; piece_counts=[3, 3]; candidate_total=6; target_total=6; blocking_reason=gap or overlap""]","[""C""]",C,"[3,3]",6,6,gap or overlap
combination_2965_open_q1,combination_2965.png,"[""candidate=B; piece_counts=[2, 3]; candidate_total=5; target_total=6; blocking_reason=wrong cell count""]","[""B""]",B,"[2,3]",5,6,wrong cell count
combination_2966_open_q1,combination_2966.png,"[""candidate=A; piece_counts=[4, 1]; candidate_total=5; target_total=6; blocking_reason=wrong cell count""]","[""A""]",A,"[4,1]",5,6,wrong cell count
combination_2967_open_q1,combination_2967.png,"[""candidate=B; piece_counts=[5, 2]; candidate_total=7; target_total=7; blocking_reason=requires a reflection""]","[""B""]",B,"[5,2]",7,7,requires a reflection
combination_2968_open_q1,combination_2968.png,"[""candidate=B; piece_counts=[1, 1, 4]; candidate_total=6; target_total=6; blocking_reason=gap or overlap""]","[""B""]",B,"[1,1,4]",6,6,gap or overlap
combination_2969_open_q1,combination_2969.png,"[""candidate=B; piece_counts=[3, 1, 3]; candidate_total=7; target_total=7; blocking_reason=gap or overlap""]","[""B""]",B,"[3,1,3]",7,7,gap or overlap
combination_2970_open_q1,combination_2970.png,"[""candidate=A; piece_counts=[6, 1, 1, 1]; candidate_total=9; target_total=9; blocking_reason=requires a reflection""]","[""A""]",A,"[6,1,1,1]",9,9,requires a reflection
combination_2971_open_q1,combination_2971.png,"[""candidate=D; piece_counts=[4, 1]; candidate_total=5; target_total=6; blocking_reason=wrong cell count""]","[""D""]",D,"[4,1]",5,6,wrong cell count
combination_2972_open_q1,combination_2972.png,"[""candidate=B; piece_counts=[6, 3]; candidate_total=9; target_total=10; blocking_reason=wrong cell count""]","[""B""]",B,"[6,3]",9,10,wrong cell count
combination_2973_open_q1,combination_2973.png,"[""candidate=C; piece_counts=[9, 1]; candidate_total=10; target_total=10; blocking_reason=gap or overlap""]","[""C""]",C,"[9,1]",10,10,gap or overlap
combination_2974_open_q1,combination_2974.png,"[""candidate=C; piece_counts=[2, 6, 1]; candidate_total=9; target_total=9; blocking_reason=requires a reflection""]","[""C""]",C,"[2,6,1]",9,9,requires a reflection
combination_2975_open_q1,combination_2975.png,"[""candidate=A; piece_counts=[2, 6, 2]; candidate_total=10; target_total=10; blocking_reason=gap or overlap""]","[""A""]",A,"[2,6,2]",10,10,gap or overlap
combination_2976_open_q1,combination_2976.png,"[""candidate=A; piece_counts=[4, 2, 2]; candidate_total=8; target_total=9; blocking_reason=wrong cell count""]","[""A""]",A,"[4,2,2]",8,9,wrong cell count
combination_2977_open_q1,combination_2977.png,"[""candidate=D; piece_counts=[4, 5]; candidate_total=9; target_total=10; blocking_reason=wrong cell count""]","[""D""]",D,"[4,5]",9,10,wrong cell count
combination_2978_open_q1,combination_2978.png,"[""candidate=D; piece_counts=[1, 7]; candidate_total=8; target_total=8; blocking_reason=gap or overlap""]","[""D""]",D,"[1,7]",8,8,gap or overlap
combination_2979_open_q1,combination_2979.png,"[""candidate=A; piece_counts=[9, 1]; candidate_total=10; target_total=10; blocking_reason=requires a reflection""]","[""A""]",A,"[9,1]",10,10,requires a reflection
combination_2980_open_q1,combination_2980.png,"[""candidate=C; piece_counts=[8, 1, 1]; candidate_total=10; target_total=10; blocking_reason=requires a reflection""]","[""C""]",C,"[8,1,1]",10,10,requires a reflection
combination_2981_open_q1,combination_2981.png,"[""candidate=B; piece_counts=[4, 2, 3]; candidate_total=9; target_total=10; blocking_reason=wrong cell count""]","[""B""]",B,"[4,2,3]",9,10,wrong cell count
combination_2982_open_q1,combination_2982.png,"[""candidate=A; piece_counts=[4, 4]; candidate_total=8; target_total=8; blocking_reason=requires a reflection""]","[""A""]",A,"[4,4]",8,8,requires a reflection
combination_2983_open_q1,combination_2983.png,"[""candidate=A; piece_counts=[5, 1, 1]; candidate_total=7; target_total=8; blocking_reason=wrong cell count""]","[""A""]",A,"[5,1,1]",7,8,wrong cell count
combination_2984_open_q1,combination_2984.png,"[""candidate=C; piece_counts=[1, 1, 4]; candidate_total=6; target_total=6; blocking_reason=requires a reflection""]","[""C""]",C,"[1,1,4]",6,6,requires a reflection
combination_2985_open_q1,combination_2985.png,"[""candidate=D; piece_counts=[6, 3]; candidate_total=9; target_total=9; blocking_reason=gap or overlap""]","[""D""]",D,"[6,3]",9,9,gap or overlap
combination_2986_open_q1,combination_2986.png,"[""candidate=D; piece_counts=[3, 3, 1]; candidate_total=7; target_total=8; blocking_reason=wrong cell count""]","[""D""]",D,"[3,3,1]",7,8,wrong cell count
combination_2987_open_q1,combination_2987.png,"[""candidate=B; piece_counts=[8, 2]; candidate_total=10; target_total=10; blocking_reason=gap or overlap""]","[""B""]",B,"[8,2]",10,10,gap or overlap
combination_2988_open_q1,combination_2988.png,"[""candidate=A; piece_counts=[4, 1]; candidate_total=5; target_total=6; blocking_reason=wrong cell count""]","[""A""]",A,"[4,1]",5,6,wrong cell count
combination_2989_open_q1,combination_2989.png,"[""candidate=C; piece_counts=[4, 1, 2]; candidate_total=7; target_total=7; blocking_reason=requires a reflection""]","[""C""]",C,"[4,1,2]",7,7,requires a reflection
combination_2990_open_q1,combination_2990.png,"[""candidate=A; piece_counts=[8, 1]; candidate_total=9; target_total=9; blocking_reason=requires a reflection""]","[""A""]",A,"[8,1]",9,9,requires a reflection
combination_2991_open_q1,combination_2991.png,"[""candidate=D; piece_counts=[1, 4, 1]; candidate_total=6; target_total=6; blocking_reason=requires a reflection""]","[""D""]",D,"[1,4,1]",6,6,requires a reflection
combination_2992_open_q1,combination_2992.png,"[""candidate=A; piece_counts=[6, 3]; candidate_total=9; target_total=10; blocking_reason=wrong cell count""]","[""A""]",A,"[6,3]",9,10,wrong cell count
combination_2993_open_q1,combination_2993.png,"[""candidate=C; piece_counts=[8, 2]; candidate_total=10; target_total=10; blocking_reason=gap or overlap""]","[""C""]",C,"[8,2]",10,10,gap or overlap
combination_2994_open_q1,combination_2994.png,"[""candidate=D; piece_counts=[4, 3]; candidate_total=7; target_total=8; blocking_reason=wrong cell count""]","[""D""]",D,"[4,3]",7,8,wrong cell count
combination_2995_open_q1,combination_2995.png,"[""candidate=B; piece_counts=[7, 1]; candidate_total=8; target_total=8; blocking_reason=gap or overlap""]","[""B""]",B,"[7,1]",8,8,gap or overlap
combination_2996_open_q1,combination_2996.png,"[""candidate=A; piece_counts=[4, 2, 1]; candidate_total=7; target_total=8; blocking_reason=wrong cell count""]","[""A""]",A,"[4,2,1]",7,8,wrong cell count
combination_2997_open_q1,combination_2997.png,"[""candidate=D; piece_counts=[4, 1]; candidate_total=5; target_total=6; blocking_reason=wrong cell count""]","[""D""]",D,"[4,1]",5,6,wrong cell count
combination_2998_open_q1,combination_2998.png,"[""candidate=A; piece_counts=[4, 1, 1]; candidate_total=6; target_total=7; blocking_reason=wrong cell count""]","[""A""]",A,"[4,1,1]",6,7,wrong cell count
combination_2999_open_q1,combination_2999.png,"[""candidate=D; piece_counts=[1, 7]; candidate_total=8; target_total=8; blocking_reason=gap or overlap""]","[""D""]",D,"[1,7]",8,8,gap or overlap
combination_3000_open_q1,combination_3000.png,"[""candidate=C; piece_counts=[3, 5]; candidate_total=8; target_total=8; blocking_reason=requires a reflection""]","[""C""]",C,"[3,5]",8,8,requires a reflection
