scope,model,method,include_small_n,n_strict,baseline_strict,raw_accuracy_strict,adjusted_score_strict,excluded_constant_strict,small_n_strict,cells_strict,excluded_constant_cells_strict,n_all_cells_strict,raw_accuracy_all_cells_strict,n_typed,baseline_typed,raw_accuracy_typed,adjusted_score_typed,excluded_constant_typed,small_n_typed,cells_typed,excluded_constant_cells_typed,n_all_cells_typed,raw_accuracy_all_cells_typed,level,family,domain
overall,claude_opus_5,MACRO,True,8200,0.33390243902439026,0.6135365853658536,0.4197931790362643,False,False,164,6,8500,0.6174117647058823,8200,0.34060975609756095,0.6513414634146341,0.47497364139435017,False,False,164,6,8500,0.6596470588235294,,,
overall,claude_opus_5,POOLED,True,8200,0.33390243902439026,0.6135365853658536,0.4198095935554742,False,False,164,6,8500,0.6174117647058823,8200,0.340609756097561,0.6513414634146342,0.4712409839097466,False,False,164,6,8500,0.6596470588235294,,,
overall,claude_opus_5,MACRO,False,8200,0.33390243902439026,0.6135365853658536,0.4197931790362643,False,False,164,6,8500,0.6174117647058823,8200,0.34060975609756095,0.6513414634146341,0.47497364139435017,False,False,164,6,8500,0.6596470588235294,,,
overall,claude_opus_5,POOLED,False,8200,0.33390243902439026,0.6135365853658536,0.4198095935554742,False,False,164,6,8500,0.6174117647058823,8200,0.340609756097561,0.6513414634146342,0.4712409839097466,False,False,164,6,8500,0.6596470588235294,,,
overall,claude_sonnet_5,MACRO,True,8200,0.33390243902439026,0.49451219512195116,0.2364904879956276,False,False,164,6,8500,0.4983529411764706,8200,0.34060975609756095,0.5341463414634146,0.2962285471337107,False,False,164,6,8500,0.5424705882352941,,,
overall,claude_sonnet_5,POOLED,True,8200,0.33390243902439026,0.4945121951219512,0.24112046869278653,False,False,164,6,8500,0.4983529411764706,8200,0.340609756097561,0.5341463414634147,0.2935084150175698,False,False,164,6,8500,0.5424705882352941,,,
overall,claude_sonnet_5,MACRO,False,8200,0.33390243902439026,0.49451219512195116,0.2364904879956276,False,False,164,6,8500,0.4983529411764706,8200,0.34060975609756095,0.5341463414634146,0.2962285471337107,False,False,164,6,8500,0.5424705882352941,,,
overall,claude_sonnet_5,POOLED,False,8200,0.33390243902439026,0.4945121951219512,0.24112046869278653,False,False,164,6,8500,0.4983529411764706,8200,0.340609756097561,0.5341463414634147,0.2935084150175698,False,False,164,6,8500,0.5424705882352941,,,
overall,deepseek_v4_1_flash,MACRO,True,8200,0.33390243902439026,0.41817073170731717,0.061837574435017854,False,False,164,6,8500,0.42811764705882355,8200,0.34060975609756095,0.4467073170731707,0.08496886111878545,False,False,164,6,8500,0.46152941176470585,,,
overall,deepseek_v4_1_flash,POOLED,True,8200,0.33390243902439026,0.41817073170731706,0.12651043573782494,False,False,164,6,8500,0.42811764705882355,8200,0.340609756097561,0.44670731707317074,0.16090253375254296,False,False,164,6,8500,0.46152941176470585,,,
overall,deepseek_v4_1_flash,MACRO,False,8200,0.33390243902439026,0.41817073170731717,0.061837574435017854,False,False,164,6,8500,0.42811764705882355,8200,0.34060975609756095,0.4467073170731707,0.08496886111878545,False,False,164,6,8500,0.46152941176470585,,,
overall,deepseek_v4_1_flash,POOLED,False,8200,0.33390243902439026,0.41817073170731706,0.12651043573782494,False,False,164,6,8500,0.42811764705882355,8200,0.340609756097561,0.44670731707317074,0.16090253375254296,False,False,164,6,8500,0.46152941176470585,,,
overall,gemini_3_8_flash,MACRO,True,8200,0.33390243902439026,0.6401219512195121,0.44816501368652123,False,False,164,6,8500,0.6411764705882353,8200,0.34060975609756095,0.6837804878048781,0.5072319004539279,False,False,164,6,8500,0.6889411764705883,,,
overall,gemini_3_8_flash,POOLED,True,8200,0.33390243902439026,0.6401219512195122,0.4597217136580008,False,False,164,6,8500,0.6411764705882353,8200,0.340609756097561,0.6837804878048781,0.5204364712409839,False,False,164,6,8500,0.6889411764705883,,,
overall,gemini_3_8_flash,MACRO,False,8200,0.33390243902439026,0.6401219512195121,0.44816501368652123,False,False,164,6,8500,0.6411764705882353,8200,0.34060975609756095,0.6837804878048781,0.5072319004539279,False,False,164,6,8500,0.6889411764705883,,,
overall,gemini_3_8_flash,POOLED,False,8200,0.33390243902439026,0.6401219512195122,0.4597217136580008,False,False,164,6,8500,0.6411764705882353,8200,0.340609756097561,0.6837804878048781,0.5204364712409839,False,False,164,6,8500,0.6889411764705883,,,
overall,gpt_5_6_luna,MACRO,True,8200,0.33390243902439026,0.40926829268292686,0.06955637986620143,False,False,164,6,8500,0.41976470588235293,8200,0.34060975609756095,0.43439024390243897,0.10455777872744505,False,False,164,6,8500,0.44988235294117646,,,
overall,gpt_5_6_luna,POOLED,True,8200,0.33390243902439026,0.4092682926829268,0.11314536799707062,False,False,164,6,8500,0.41976470588235293,8200,0.340609756097561,0.434390243902439,0.14222304420196039,False,False,164,6,8500,0.44988235294117646,,,
overall,gpt_5_6_luna,MACRO,False,8200,0.33390243902439026,0.40926829268292686,0.06955637986620143,False,False,164,6,8500,0.41976470588235293,8200,0.34060975609756095,0.43439024390243897,0.10455777872744505,False,False,164,6,8500,0.44988235294117646,,,
overall,gpt_5_6_luna,POOLED,False,8200,0.33390243902439026,0.4092682926829268,0.11314536799707062,False,False,164,6,8500,0.41976470588235293,8200,0.340609756097561,0.434390243902439,0.14222304420196039,False,False,164,6,8500,0.44988235294117646,,,
overall,gpt_5_6_sol,MACRO,True,8200,0.33390243902439026,0.4973170731707317,0.22913703719305836,False,False,164,6,8500,0.5050588235294118,8200,0.34060975609756095,0.5317073170731709,0.2787372802493312,False,False,164,6,8500,0.5441176470588235,,,
overall,gpt_5_6_sol,POOLED,True,8200,0.33390243902439026,0.4973170731707317,0.2453313804467228,False,False,164,6,8500,0.5050588235294118,8200,0.340609756097561,0.5317073170731708,0.28980950619567225,False,False,164,6,8500,0.5441176470588235,,,
overall,gpt_5_6_sol,MACRO,False,8200,0.33390243902439026,0.4973170731707317,0.22913703719305836,False,False,164,6,8500,0.5050588235294118,8200,0.34060975609756095,0.5317073170731709,0.2787372802493312,False,False,164,6,8500,0.5441176470588235,,,
overall,gpt_5_6_sol,POOLED,False,8200,0.33390243902439026,0.4973170731707317,0.2453313804467228,False,False,164,6,8500,0.5050588235294118,8200,0.340609756097561,0.5317073170731708,0.28980950619567225,False,False,164,6,8500,0.5441176470588235,,,
overall,grok_4_6,MACRO,True,8200,0.33390243902439026,0.5173170731707317,0.2800722172325304,False,False,164,6,8500,0.5243529411764706,8200,0.34060975609756095,0.5604878048780487,0.33668646304453465,False,False,164,6,8500,0.5707058823529412,,,
overall,grok_4_6,POOLED,True,8200,0.33390243902439026,0.5173170731707317,0.27535701208348595,False,False,164,6,8500,0.5243529411764706,8200,0.340609756097561,0.5604878048780488,0.3334566302940633,False,False,164,6,8500,0.5707058823529412,,,
overall,grok_4_6,MACRO,False,8200,0.33390243902439026,0.5173170731707317,0.2800722172325304,False,False,164,6,8500,0.5243529411764706,8200,0.34060975609756095,0.5604878048780487,0.33668646304453465,False,False,164,6,8500,0.5707058823529412,,,
overall,grok_4_6,POOLED,False,8200,0.33390243902439026,0.5173170731707317,0.27535701208348595,False,False,164,6,8500,0.5243529411764706,8200,0.340609756097561,0.5604878048780488,0.3334566302940633,False,False,164,6,8500,0.5707058823529412,,,
overall,inking,MACRO,True,8200,0.33390243902439026,0.3735365853658537,0.019402205210282717,False,False,164,6,8500,0.3845882352941176,8200,0.34060975609756095,0.3969512195121952,0.04791646139400702,False,False,164,6,8500,0.41305882352941176,,,
overall,inking,POOLED,True,8200,0.33390243902439026,0.37353658536585366,0.05950201391431707,False,False,164,6,8500,0.3845882352941176,8200,0.340609756097561,0.39695121951219514,0.08544479378583317,False,False,164,6,8500,0.41305882352941176,,,
overall,inking,MACRO,False,8200,0.33390243902439026,0.3735365853658537,0.019402205210282717,False,False,164,6,8500,0.3845882352941176,8200,0.34060975609756095,0.3969512195121952,0.04791646139400702,False,False,164,6,8500,0.41305882352941176,,,
overall,inking,POOLED,False,8200,0.33390243902439026,0.37353658536585366,0.05950201391431707,False,False,164,6,8500,0.3845882352941176,8200,0.340609756097561,0.39695121951219514,0.08544479378583317,False,False,164,6,8500,0.41305882352941176,,,
overall,muse_glimmer_30b,MACRO,True,8200,0.33390243902439026,0.4307317073170731,0.0844452214602552,False,False,164,6,8500,0.4371764705882353,8200,0.34060975609756095,0.46634146341463417,0.12886005062143854,False,False,164,6,8500,0.47741176470588237,,,
overall,muse_glimmer_30b,POOLED,True,8200,0.33390243902439026,0.43073170731707316,0.14536799707067005,False,False,164,6,8500,0.4371764705882353,8200,0.340609756097561,0.46634146341463417,0.19067874976881818,False,False,164,6,8500,0.47741176470588237,,,
overall,muse_glimmer_30b,MACRO,False,8200,0.33390243902439026,0.4307317073170731,0.0844452214602552,False,False,164,6,8500,0.4371764705882353,8200,0.34060975609756095,0.46634146341463417,0.12886005062143854,False,False,164,6,8500,0.47741176470588237,,,
overall,muse_glimmer_30b,POOLED,False,8200,0.33390243902439026,0.43073170731707316,0.14536799707067005,False,False,164,6,8500,0.4371764705882353,8200,0.340609756097561,0.46634146341463417,0.19067874976881818,False,False,164,6,8500,0.47741176470588237,,,
overall,perplexity_sonar_pro,MACRO,True,8200,0.33390243902439026,0.39390243902439037,0.04146139333157058,False,False,164,6,8500,0.40294117647058825,8200,0.34060975609756095,0.41817073170731717,0.05647679521042687,False,False,164,6,8500,0.432,,,
overall,perplexity_sonar_pro,POOLED,True,8200,0.33390243902439026,0.39390243902439026,0.09007689491028928,False,False,164,6,8500,0.40294117647058825,8200,0.340609756097561,0.41817073170731706,0.11762530053634171,False,False,164,6,8500,0.432,,,
overall,perplexity_sonar_pro,MACRO,False,8200,0.33390243902439026,0.39390243902439037,0.04146139333157058,False,False,164,6,8500,0.40294117647058825,8200,0.34060975609756095,0.41817073170731717,0.05647679521042687,False,False,164,6,8500,0.432,,,
overall,perplexity_sonar_pro,POOLED,False,8200,0.33390243902439026,0.39390243902439026,0.09007689491028928,False,False,164,6,8500,0.40294117647058825,8200,0.340609756097561,0.41817073170731706,0.11762530053634171,False,False,164,6,8500,0.432,,,
level,claude_opus_5,MACRO,True,1600,0.31625000000000003,0.789375,0.7142355961971479,False,False,32,2,1700,0.8017647058823529,1600,0.31625000000000003,0.789375,0.7142355961971479,False,False,32,2,1700,0.8017647058823529,1.0,,
level,claude_opus_5,POOLED,True,1600,0.31625,0.789375,0.6919561243144424,False,False,32,2,1700,0.8017647058823529,1600,0.31625,0.789375,0.6919561243144424,False,False,32,2,1700,0.8017647058823529,1.0,,
level,claude_opus_5,MACRO,False,1600,0.31625000000000003,0.789375,0.7142355961971479,False,False,32,2,1700,0.8017647058823529,1600,0.31625000000000003,0.789375,0.7142355961971479,False,False,32,2,1700,0.8017647058823529,1.0,,
level,claude_opus_5,POOLED,False,1600,0.31625,0.789375,0.6919561243144424,False,False,32,2,1700,0.8017647058823529,1600,0.31625,0.789375,0.6919561243144424,False,False,32,2,1700,0.8017647058823529,1.0,,
level,claude_opus_5,MACRO,True,1650,0.4478787878787878,0.7527272727272727,0.5137990148629492,False,False,33,1,1700,0.7311764705882353,1650,0.4478787878787878,0.7527272727272727,0.5137990148629492,False,False,33,1,1700,0.76,2.0,,
level,claude_opus_5,POOLED,True,1650,0.4478787878787879,0.7527272727272727,0.5521405049396267,False,False,33,1,1700,0.7311764705882353,1650,0.4478787878787879,0.7527272727272727,0.5521405049396267,False,False,33,1,1700,0.76,2.0,,
level,claude_opus_5,MACRO,False,1650,0.4478787878787878,0.7527272727272727,0.5137990148629492,False,False,33,1,1700,0.7311764705882353,1650,0.4478787878787878,0.7527272727272727,0.5137990148629492,False,False,33,1,1700,0.76,2.0,,
level,claude_opus_5,POOLED,False,1650,0.4478787878787879,0.7527272727272727,0.5521405049396267,False,False,33,1,1700,0.7311764705882353,1650,0.4478787878787879,0.7527272727272727,0.5521405049396267,False,False,33,1,1700,0.76,2.0,,
level,claude_opus_5,MACRO,True,1700,0.2588235294117647,0.5994117647058823,0.48054672970616263,False,False,34,0,1700,0.5994117647058823,1700,0.2588235294117647,0.6094117647058822,0.49141629492355393,False,False,34,0,1700,0.6094117647058823,3.0,,
level,claude_opus_5,POOLED,True,1700,0.25882352941176473,0.5994117647058823,0.4595238095238094,False,False,34,0,1700,0.5994117647058823,1700,0.25882352941176473,0.6094117647058823,0.47301587301587295,False,False,34,0,1700,0.6094117647058823,3.0,,
level,claude_opus_5,MACRO,False,1700,0.2588235294117647,0.5994117647058823,0.48054672970616263,False,False,34,0,1700,0.5994117647058823,1700,0.2588235294117647,0.6094117647058822,0.49141629492355393,False,False,34,0,1700,0.6094117647058823,3.0,,
level,claude_opus_5,POOLED,False,1700,0.25882352941176473,0.5994117647058823,0.4595238095238094,False,False,34,0,1700,0.5994117647058823,1700,0.25882352941176473,0.6094117647058823,0.47301587301587295,False,False,34,0,1700,0.6094117647058823,3.0,,
level,claude_opus_5,MACRO,True,1700,0.2570588235294118,0.40294117647058825,0.17461356419174787,False,False,34,0,1700,0.40294117647058825,1700,0.27470588235294113,0.4729411764705882,0.28749028970458956,False,False,34,0,1700,0.47294117647058825,4.0,,
level,claude_opus_5,POOLED,True,1700,0.2570588235294118,0.40294117647058825,0.19635787806809185,False,False,34,0,1700,0.40294117647058825,1700,0.2747058823529412,0.47294117647058825,0.2733171127331711,False,False,34,0,1700,0.47294117647058825,4.0,,
level,claude_opus_5,MACRO,False,1700,0.2570588235294118,0.40294117647058825,0.17461356419174787,False,False,34,0,1700,0.40294117647058825,1700,0.27470588235294113,0.4729411764705882,0.28749028970458956,False,False,34,0,1700,0.47294117647058825,4.0,,
level,claude_opus_5,POOLED,False,1700,0.2570588235294118,0.40294117647058825,0.19635787806809185,False,False,34,0,1700,0.40294117647058825,1700,0.2747058823529412,0.47294117647058825,0.2733171127331711,False,False,34,0,1700,0.47294117647058825,4.0,,
level,claude_opus_5,MACRO,True,1550,0.39741935483870977,0.5303225806451614,0.21805563873007455,False,False,31,3,1700,0.5517647058823529,1550,0.4135483870967743,0.6425806451612902,0.3742563465332413,False,False,31,3,1700,0.6541176470588236,5.0,,
level,claude_opus_5,POOLED,True,1550,0.39741935483870966,0.5303225806451612,0.22055674518201282,False,False,31,3,1700,0.5517647058823529,1550,0.4135483870967742,0.6425806451612903,0.3905390539053905,False,False,31,3,1700,0.6541176470588236,5.0,,
level,claude_opus_5,MACRO,False,1550,0.39741935483870977,0.5303225806451614,0.21805563873007455,False,False,31,3,1700,0.5517647058823529,1550,0.4135483870967743,0.6425806451612902,0.3742563465332413,False,False,31,3,1700,0.6541176470588236,5.0,,
level,claude_opus_5,POOLED,False,1550,0.39741935483870966,0.5303225806451612,0.22055674518201282,False,False,31,3,1700,0.5517647058823529,1550,0.4135483870967742,0.6425806451612903,0.3905390539053905,False,False,31,3,1700,0.6541176470588236,5.0,,
level,claude_sonnet_5,MACRO,True,1600,0.31625000000000003,0.650625,0.5432171026519508,False,False,32,2,1700,0.6711764705882353,1600,0.31625000000000003,0.650625,0.5432171026519508,False,False,32,2,1700,0.6711764705882353,1.0,,
level,claude_sonnet_5,POOLED,True,1600,0.31625,0.650625,0.4890310786106033,False,False,32,2,1700,0.6711764705882353,1600,0.31625,0.650625,0.4890310786106033,False,False,32,2,1700,0.6711764705882353,1.0,,
level,claude_sonnet_5,MACRO,False,1600,0.31625000000000003,0.650625,0.5432171026519508,False,False,32,2,1700,0.6711764705882353,1600,0.31625000000000003,0.650625,0.5432171026519508,False,False,32,2,1700,0.6711764705882353,1.0,,
level,claude_sonnet_5,POOLED,False,1600,0.31625,0.650625,0.4890310786106033,False,False,32,2,1700,0.6711764705882353,1600,0.31625,0.650625,0.4890310786106033,False,False,32,2,1700,0.6711764705882353,1.0,,
level,claude_sonnet_5,MACRO,True,1650,0.4478787878787878,0.661818181818182,0.3734828747906191,False,False,33,1,1700,0.6423529411764706,1650,0.4478787878787878,0.6787878787878788,0.3970518983596427,False,False,33,1,1700,0.6882352941176471,2.0,,
level,claude_sonnet_5,POOLED,True,1650,0.4478787878787879,0.6618181818181819,0.38748627881448966,False,False,33,1,1700,0.6423529411764706,1650,0.4478787878787879,0.6787878787878788,0.4182217343578486,False,False,33,1,1700,0.6882352941176471,2.0,,
level,claude_sonnet_5,MACRO,False,1650,0.4478787878787878,0.661818181818182,0.3734828747906191,False,False,33,1,1700,0.6423529411764706,1650,0.4478787878787878,0.6787878787878788,0.3970518983596427,False,False,33,1,1700,0.6882352941176471,2.0,,
level,claude_sonnet_5,POOLED,False,1650,0.4478787878787879,0.6618181818181819,0.38748627881448966,False,False,33,1,1700,0.6423529411764706,1650,0.4478787878787879,0.6787878787878788,0.4182217343578486,False,False,33,1,1700,0.6882352941176471,2.0,,
level,claude_sonnet_5,MACRO,True,1700,0.2588235294117647,0.49705882352941183,0.33986398082162167,False,False,34,0,1700,0.4970588235294118,1700,0.2588235294117647,0.5023529411764707,0.3456184565249465,False,False,34,0,1700,0.5023529411764706,3.0,,
level,claude_sonnet_5,POOLED,True,1700,0.25882352941176473,0.4970588235294118,0.3214285714285714,False,False,34,0,1700,0.4970588235294118,1700,0.25882352941176473,0.5023529411764706,0.32857142857142846,False,False,34,0,1700,0.5023529411764706,3.0,,
level,claude_sonnet_5,MACRO,False,1700,0.2588235294117647,0.49705882352941183,0.33986398082162167,False,False,34,0,1700,0.4970588235294118,1700,0.2588235294117647,0.5023529411764707,0.3456184565249465,False,False,34,0,1700,0.5023529411764706,3.0,,
level,claude_sonnet_5,POOLED,False,1700,0.25882352941176473,0.4970588235294118,0.3214285714285714,False,False,34,0,1700,0.4970588235294118,1700,0.25882352941176473,0.5023529411764706,0.32857142857142846,False,False,34,0,1700,0.5023529411764706,3.0,,
level,claude_sonnet_5,MACRO,True,1700,0.2570588235294118,0.29764705882352943,0.0143819067491498,False,False,34,0,1700,0.29764705882352943,1700,0.27470588235294113,0.3770588235294118,0.14604589638394117,False,False,34,0,1700,0.3770588235294118,4.0,,
level,claude_sonnet_5,POOLED,True,1700,0.2570588235294118,0.29764705882352943,0.05463182897862233,False,False,34,0,1700,0.29764705882352943,1700,0.2747058823529412,0.3770588235294118,0.1411192214111922,False,False,34,0,1700,0.3770588235294118,4.0,,
level,claude_sonnet_5,MACRO,False,1700,0.2570588235294118,0.29764705882352943,0.0143819067491498,False,False,34,0,1700,0.29764705882352943,1700,0.27470588235294113,0.3770588235294118,0.14604589638394117,False,False,34,0,1700,0.3770588235294118,4.0,,
level,claude_sonnet_5,POOLED,False,1700,0.2570588235294118,0.29764705882352943,0.05463182897862233,False,False,34,0,1700,0.29764705882352943,1700,0.2747058823529412,0.3770588235294118,0.1411192214111922,False,False,34,0,1700,0.3770588235294118,4.0,,
level,claude_sonnet_5,MACRO,True,1550,0.39741935483870977,0.3683870967741935,-0.09573555803471497,False,False,31,3,1700,0.3835294117647059,1550,0.4135483870967743,0.4670967741935484,0.04449141291276564,False,False,31,3,1700,0.47352941176470587,5.0,,
level,claude_sonnet_5,POOLED,True,1550,0.39741935483870966,0.36838709677419357,-0.04817987152034255,False,False,31,3,1700,0.3835294117647059,1550,0.4135483870967742,0.4670967741935484,0.09130913091309129,False,False,31,3,1700,0.47352941176470587,5.0,,
level,claude_sonnet_5,MACRO,False,1550,0.39741935483870977,0.3683870967741935,-0.09573555803471497,False,False,31,3,1700,0.3835294117647059,1550,0.4135483870967743,0.4670967741935484,0.04449141291276564,False,False,31,3,1700,0.47352941176470587,5.0,,
level,claude_sonnet_5,POOLED,False,1550,0.39741935483870966,0.36838709677419357,-0.04817987152034255,False,False,31,3,1700,0.3835294117647059,1550,0.4135483870967742,0.4670967741935484,0.09130913091309129,False,False,31,3,1700,0.47352941176470587,5.0,,
level,deepseek_v4_1_flash,MACRO,True,1600,0.31625000000000003,0.65,0.5313472395034499,False,False,32,2,1700,0.6705882352941176,1600,0.31625000000000003,0.65,0.5313472395034499,False,False,32,2,1700,0.6705882352941176,1.0,,
level,deepseek_v4_1_flash,POOLED,True,1600,0.31625,0.65,0.4881170018281536,False,False,32,2,1700,0.6705882352941176,1600,0.31625,0.65,0.4881170018281536,False,False,32,2,1700,0.6705882352941176,1.0,,
level,deepseek_v4_1_flash,MACRO,False,1600,0.31625000000000003,0.65,0.5313472395034499,False,False,32,2,1700,0.6705882352941176,1600,0.31625000000000003,0.65,0.5313472395034499,False,False,32,2,1700,0.6705882352941176,1.0,,
level,deepseek_v4_1_flash,POOLED,False,1600,0.31625,0.65,0.4881170018281536,False,False,32,2,1700,0.6705882352941176,1600,0.31625,0.65,0.4881170018281536,False,False,32,2,1700,0.6705882352941176,1.0,,
level,deepseek_v4_1_flash,MACRO,True,1650,0.4478787878787878,0.5042424242424242,-0.029897102607552746,False,False,33,1,1700,0.4894117647058824,1650,0.4478787878787878,0.5212121212121212,-0.006328079038529172,False,False,33,1,1700,0.5352941176470588,2.0,,
level,deepseek_v4_1_flash,POOLED,True,1650,0.4478787878787879,0.5042424242424243,0.10208562019758513,False,False,33,1,1700,0.4894117647058824,1650,0.4478787878787879,0.5212121212121212,0.13282107574094407,False,False,33,1,1700,0.5352941176470588,2.0,,
level,deepseek_v4_1_flash,MACRO,False,1650,0.4478787878787878,0.5042424242424242,-0.029897102607552746,False,False,33,1,1700,0.4894117647058824,1650,0.4478787878787878,0.5212121212121212,-0.006328079038529172,False,False,33,1,1700,0.5352941176470588,2.0,,
level,deepseek_v4_1_flash,POOLED,False,1650,0.4478787878787879,0.5042424242424243,0.10208562019758513,False,False,33,1,1700,0.4894117647058824,1650,0.4478787878787879,0.5212121212121212,0.13282107574094407,False,False,33,1,1700,0.5352941176470588,2.0,,
level,deepseek_v4_1_flash,MACRO,True,1700,0.2588235294117647,0.3935294117647059,0.1811455637443527,False,False,34,0,1700,0.3935294117647059,1700,0.2588235294117647,0.40235294117647064,0.19112206100747345,False,False,34,0,1700,0.4023529411764706,3.0,,
level,deepseek_v4_1_flash,POOLED,True,1700,0.25882352941176473,0.3935294117647059,0.18174603174603174,False,False,34,0,1700,0.3935294117647059,1700,0.25882352941176473,0.4023529411764706,0.1936507936507936,False,False,34,0,1700,0.4023529411764706,3.0,,
level,deepseek_v4_1_flash,MACRO,False,1700,0.2588235294117647,0.3935294117647059,0.1811455637443527,False,False,34,0,1700,0.3935294117647059,1700,0.2588235294117647,0.40235294117647064,0.19112206100747345,False,False,34,0,1700,0.4023529411764706,3.0,,
level,deepseek_v4_1_flash,POOLED,False,1700,0.25882352941176473,0.3935294117647059,0.18174603174603174,False,False,34,0,1700,0.3935294117647059,1700,0.25882352941176473,0.4023529411764706,0.1936507936507936,False,False,34,0,1700,0.4023529411764706,3.0,,
level,deepseek_v4_1_flash,MACRO,True,1700,0.2570588235294118,0.23882352941176474,-0.07465884197265775,False,False,34,0,1700,0.2388235294117647,1700,0.27470588235294113,0.30235294117647055,-0.05411001404353201,False,False,34,0,1700,0.3023529411764706,4.0,,
level,deepseek_v4_1_flash,POOLED,True,1700,0.2570588235294118,0.2388235294117647,-0.0245447347585115,False,False,34,0,1700,0.2388235294117647,1700,0.2747058823529412,0.3023529411764706,0.038118410381184104,False,False,34,0,1700,0.3023529411764706,4.0,,
level,deepseek_v4_1_flash,MACRO,False,1700,0.2570588235294118,0.23882352941176474,-0.07465884197265775,False,False,34,0,1700,0.2388235294117647,1700,0.27470588235294113,0.30235294117647055,-0.05411001404353201,False,False,34,0,1700,0.3023529411764706,4.0,,
level,deepseek_v4_1_flash,POOLED,False,1700,0.2570588235294118,0.2388235294117647,-0.0245447347585115,False,False,34,0,1700,0.2388235294117647,1700,0.2747058823529412,0.3023529411764706,0.038118410381184104,False,False,34,0,1700,0.3023529411764706,4.0,,
level,deepseek_v4_1_flash,MACRO,True,1550,0.39741935483870977,0.3109677419354838,-0.30631269712760834,False,False,31,3,1700,0.34823529411764703,1550,0.4135483870967743,0.36451612903225805,-0.2425097235203913,False,False,31,3,1700,0.39705882352941174,5.0,,
level,deepseek_v4_1_flash,POOLED,True,1550,0.39741935483870966,0.3109677419354839,-0.14346895074946464,False,False,31,3,1700,0.34823529411764703,1550,0.4135483870967742,0.36451612903225805,-0.08360836083608367,False,False,31,3,1700,0.39705882352941174,5.0,,
level,deepseek_v4_1_flash,MACRO,False,1550,0.39741935483870977,0.3109677419354838,-0.30631269712760834,False,False,31,3,1700,0.34823529411764703,1550,0.4135483870967743,0.36451612903225805,-0.2425097235203913,False,False,31,3,1700,0.39705882352941174,5.0,,
level,deepseek_v4_1_flash,POOLED,False,1550,0.39741935483870966,0.3109677419354839,-0.14346895074946464,False,False,31,3,1700,0.34823529411764703,1550,0.4135483870967742,0.36451612903225805,-0.08360836083608367,False,False,31,3,1700,0.39705882352941174,5.0,,
level,gemini_3_8_flash,MACRO,True,1600,0.31625000000000003,0.8175,0.7630443796557187,False,False,32,2,1700,0.8282352941176471,1600,0.31625000000000003,0.8175,0.7630443796557187,False,False,32,2,1700,0.8282352941176471,1.0,,
level,gemini_3_8_flash,POOLED,True,1600,0.31625,0.8175,0.7330895795246799,False,False,32,2,1700,0.8282352941176471,1600,0.31625,0.8175,0.7330895795246799,False,False,32,2,1700,0.8282352941176471,1.0,,
level,gemini_3_8_flash,MACRO,False,1600,0.31625000000000003,0.8175,0.7630443796557187,False,False,32,2,1700,0.8282352941176471,1600,0.31625000000000003,0.8175,0.7630443796557187,False,False,32,2,1700,0.8282352941176471,1.0,,
level,gemini_3_8_flash,POOLED,False,1600,0.31625,0.8175,0.7330895795246799,False,False,32,2,1700,0.8282352941176471,1600,0.31625,0.8175,0.7330895795246799,False,False,32,2,1700,0.8282352941176471,1.0,,
level,gemini_3_8_flash,MACRO,True,1650,0.4478787878787878,0.7587878787878789,0.4907418099486953,False,False,33,1,1700,0.7364705882352941,1650,0.4478787878787878,0.7606060606060606,0.49420784282649294,False,False,33,1,1700,0.7664705882352941,2.0,,
level,gemini_3_8_flash,POOLED,True,1650,0.4478787878787879,0.7587878787878788,0.5631174533479693,False,False,33,1,1700,0.7364705882352941,1650,0.4478787878787879,0.7606060606060606,0.566410537870472,False,False,33,1,1700,0.7664705882352941,2.0,,
level,gemini_3_8_flash,MACRO,False,1650,0.4478787878787878,0.7587878787878789,0.4907418099486953,False,False,33,1,1700,0.7364705882352941,1650,0.4478787878787878,0.7606060606060606,0.49420784282649294,False,False,33,1,1700,0.7664705882352941,2.0,,
level,gemini_3_8_flash,POOLED,False,1650,0.4478787878787879,0.7587878787878788,0.5631174533479693,False,False,33,1,1700,0.7364705882352941,1650,0.4478787878787879,0.7606060606060606,0.566410537870472,False,False,33,1,1700,0.7664705882352941,2.0,,
level,gemini_3_8_flash,MACRO,True,1700,0.2588235294117647,0.6370588235294119,0.5206871633007929,False,False,34,0,1700,0.6370588235294118,1700,0.2588235294117647,0.6529411764705884,0.5386197154925493,False,False,34,0,1700,0.6529411764705882,3.0,,
level,gemini_3_8_flash,POOLED,True,1700,0.25882352941176473,0.6370588235294118,0.5103174603174603,False,False,34,0,1700,0.6370588235294118,1700,0.25882352941176473,0.6529411764705882,0.5317460317460317,False,False,34,0,1700,0.6529411764705882,3.0,,
level,gemini_3_8_flash,MACRO,False,1700,0.2588235294117647,0.6370588235294119,0.5206871633007929,False,False,34,0,1700,0.6370588235294118,1700,0.2588235294117647,0.6529411764705884,0.5386197154925493,False,False,34,0,1700,0.6529411764705882,3.0,,
level,gemini_3_8_flash,POOLED,False,1700,0.25882352941176473,0.6370588235294118,0.5103174603174603,False,False,34,0,1700,0.6370588235294118,1700,0.25882352941176473,0.6529411764705882,0.5317460317460317,False,False,34,0,1700,0.6529411764705882,3.0,,
level,gemini_3_8_flash,MACRO,True,1700,0.2570588235294118,0.45411764705882357,0.2472395358599956,False,False,34,0,1700,0.4541176470588235,1700,0.27470588235294113,0.5241176470588237,0.3414376151907214,False,False,34,0,1700,0.5241176470588236,4.0,,
level,gemini_3_8_flash,POOLED,True,1700,0.2570588235294118,0.4541176470588235,0.2652414885193982,False,False,34,0,1700,0.4541176470588235,1700,0.2747058823529412,0.5241176470588236,0.34387672343876724,False,False,34,0,1700,0.5241176470588236,4.0,,
level,gemini_3_8_flash,MACRO,False,1700,0.2570588235294118,0.45411764705882357,0.2472395358599956,False,False,34,0,1700,0.4541176470588235,1700,0.27470588235294113,0.5241176470588237,0.3414376151907214,False,False,34,0,1700,0.5241176470588236,4.0,,
level,gemini_3_8_flash,POOLED,False,1700,0.2570588235294118,0.4541176470588235,0.2652414885193982,False,False,34,0,1700,0.4541176470588235,1700,0.2747058823529412,0.5241176470588236,0.34387672343876724,False,False,34,0,1700,0.5241176470588236,4.0,,
level,gemini_3_8_flash,MACRO,True,1550,0.39741935483870977,0.5380645161290323,0.21863401922041065,False,False,31,3,1700,0.55,1550,0.4135483870967743,0.6729032258064516,0.4044452731921193,False,False,31,3,1700,0.6729411764705883,5.0,,
level,gemini_3_8_flash,POOLED,True,1550,0.39741935483870966,0.5380645161290323,0.23340471092077095,False,False,31,3,1700,0.55,1550,0.4135483870967742,0.6729032258064516,0.44224422442244216,False,False,31,3,1700,0.6729411764705883,5.0,,
level,gemini_3_8_flash,MACRO,False,1550,0.39741935483870977,0.5380645161290323,0.21863401922041065,False,False,31,3,1700,0.55,1550,0.4135483870967743,0.6729032258064516,0.4044452731921193,False,False,31,3,1700,0.6729411764705883,5.0,,
level,gemini_3_8_flash,POOLED,False,1550,0.39741935483870966,0.5380645161290323,0.23340471092077095,False,False,31,3,1700,0.55,1550,0.4135483870967742,0.6729032258064516,0.44224422442244216,False,False,31,3,1700,0.6729411764705883,5.0,,
level,gpt_5_6_luna,MACRO,True,1600,0.31625000000000003,0.630625,0.48859538078694914,False,False,32,2,1700,0.6517647058823529,1600,0.31625000000000003,0.630625,0.48859538078694914,False,False,32,2,1700,0.6517647058823529,1.0,,
level,gpt_5_6_luna,POOLED,True,1600,0.31625,0.630625,0.45978062157221206,False,False,32,2,1700,0.6517647058823529,1600,0.31625,0.630625,0.45978062157221206,False,False,32,2,1700,0.6517647058823529,1.0,,
level,gpt_5_6_luna,MACRO,False,1600,0.31625000000000003,0.630625,0.48859538078694914,False,False,32,2,1700,0.6517647058823529,1600,0.31625000000000003,0.630625,0.48859538078694914,False,False,32,2,1700,0.6517647058823529,1.0,,
level,gpt_5_6_luna,POOLED,False,1600,0.31625,0.630625,0.45978062157221206,False,False,32,2,1700,0.6517647058823529,1600,0.31625,0.630625,0.45978062157221206,False,False,32,2,1700,0.6517647058823529,1.0,,
level,gpt_5_6_luna,MACRO,True,1650,0.4478787878787878,0.4975757575757575,0.005478098946388861,False,False,33,1,1700,0.48294117647058826,1650,0.4478787878787878,0.5133333333333333,0.02736362083191074,False,False,33,1,1700,0.5276470588235294,2.0,,
level,gpt_5_6_luna,POOLED,True,1650,0.4478787878787879,0.49757575757575756,0.09001097694840832,False,False,33,1,1700,0.48294117647058826,1650,0.4478787878787879,0.5133333333333333,0.11855104281009875,False,False,33,1,1700,0.5276470588235294,2.0,,
level,gpt_5_6_luna,MACRO,False,1650,0.4478787878787878,0.4975757575757575,0.005478098946388861,False,False,33,1,1700,0.48294117647058826,1650,0.4478787878787878,0.5133333333333333,0.02736362083191074,False,False,33,1,1700,0.5276470588235294,2.0,,
level,gpt_5_6_luna,POOLED,False,1650,0.4478787878787879,0.49757575757575756,0.09001097694840832,False,False,33,1,1700,0.48294117647058826,1650,0.4478787878787879,0.5133333333333333,0.11855104281009875,False,False,33,1,1700,0.5276470588235294,2.0,,
level,gpt_5_6_luna,MACRO,True,1700,0.2588235294117647,0.38529411764705884,0.18040931915395472,False,False,34,0,1700,0.38529411764705884,1700,0.2588235294117647,0.39176470588235296,0.187621000590938,False,False,34,0,1700,0.39176470588235296,3.0,,
level,gpt_5_6_luna,POOLED,True,1700,0.25882352941176473,0.38529411764705884,0.1706349206349206,False,False,34,0,1700,0.38529411764705884,1700,0.25882352941176473,0.39176470588235296,0.17936507936507934,False,False,34,0,1700,0.39176470588235296,3.0,,
level,gpt_5_6_luna,MACRO,False,1700,0.2588235294117647,0.38529411764705884,0.18040931915395472,False,False,34,0,1700,0.38529411764705884,1700,0.2588235294117647,0.39176470588235296,0.187621000590938,False,False,34,0,1700,0.39176470588235296,3.0,,
level,gpt_5_6_luna,POOLED,False,1700,0.25882352941176473,0.38529411764705884,0.1706349206349206,False,False,34,0,1700,0.38529411764705884,1700,0.25882352941176473,0.39176470588235296,0.17936507936507934,False,False,34,0,1700,0.39176470588235296,3.0,,
level,gpt_5_6_luna,MACRO,True,1700,0.2570588235294118,0.23882352941176474,-0.0693049047655175,False,False,34,0,1700,0.2388235294117647,1700,0.27470588235294113,0.2911764705882353,0.016644175823655964,False,False,34,0,1700,0.2911764705882353,4.0,,
level,gpt_5_6_luna,POOLED,True,1700,0.2570588235294118,0.2388235294117647,-0.0245447347585115,False,False,34,0,1700,0.2388235294117647,1700,0.2747058823529412,0.2911764705882353,0.02270884022708841,False,False,34,0,1700,0.2911764705882353,4.0,,
level,gpt_5_6_luna,MACRO,False,1700,0.2570588235294118,0.23882352941176474,-0.0693049047655175,False,False,34,0,1700,0.2388235294117647,1700,0.27470588235294113,0.2911764705882353,0.016644175823655964,False,False,34,0,1700,0.2911764705882353,4.0,,
level,gpt_5_6_luna,POOLED,False,1700,0.2570588235294118,0.2388235294117647,-0.0245447347585115,False,False,34,0,1700,0.2388235294117647,1700,0.2747058823529412,0.2911764705882353,0.02270884022708841,False,False,34,0,1700,0.2911764705882353,4.0,,
level,gpt_5_6_luna,MACRO,True,1550,0.39741935483870977,0.3,-0.26406881424396883,False,False,31,3,1700,0.34,1550,0.4135483870967743,0.3516129032258064,-0.2043739341751817,False,False,31,3,1700,0.3870588235294118,5.0,,
level,gpt_5_6_luna,POOLED,True,1550,0.39741935483870966,0.3,-0.16167023554603854,False,False,31,3,1700,0.34,1550,0.4135483870967742,0.35161290322580646,-0.10561056105610564,False,False,31,3,1700,0.3870588235294118,5.0,,
level,gpt_5_6_luna,MACRO,False,1550,0.39741935483870977,0.3,-0.26406881424396883,False,False,31,3,1700,0.34,1550,0.4135483870967743,0.3516129032258064,-0.2043739341751817,False,False,31,3,1700,0.3870588235294118,5.0,,
level,gpt_5_6_luna,POOLED,False,1550,0.39741935483870966,0.3,-0.16167023554603854,False,False,31,3,1700,0.34,1550,0.4135483870967742,0.35161290322580646,-0.10561056105610564,False,False,31,3,1700,0.3870588235294118,5.0,,
level,gpt_5_6_sol,MACRO,True,1600,0.31625000000000003,0.698125,0.5725750672542484,False,False,32,2,1700,0.7141176470588235,1600,0.31625000000000003,0.698125,0.5725750672542484,False,False,32,2,1700,0.7141176470588235,1.0,,
level,gpt_5_6_sol,POOLED,True,1600,0.31625,0.698125,0.5585009140767824,False,False,32,2,1700,0.7141176470588235,1600,0.31625,0.698125,0.5585009140767824,False,False,32,2,1700,0.7141176470588235,1.0,,
level,gpt_5_6_sol,MACRO,False,1600,0.31625000000000003,0.698125,0.5725750672542484,False,False,32,2,1700,0.7141176470588235,1600,0.31625000000000003,0.698125,0.5725750672542484,False,False,32,2,1700,0.7141176470588235,1.0,,
level,gpt_5_6_sol,POOLED,False,1600,0.31625,0.698125,0.5585009140767824,False,False,32,2,1700,0.7141176470588235,1600,0.31625,0.698125,0.5585009140767824,False,False,32,2,1700,0.7141176470588235,1.0,,
level,gpt_5_6_sol,MACRO,True,1650,0.4478787878787878,0.6333333333333333,0.31018235805682504,False,False,33,1,1700,0.6147058823529412,1650,0.4478787878787878,0.6448484848484848,0.32617562405009104,False,False,33,1,1700,0.6552941176470588,2.0,,
level,gpt_5_6_sol,POOLED,True,1650,0.4478787878787879,0.6333333333333333,0.33589462129527986,False,False,33,1,1700,0.6147058823529412,1650,0.4478787878787879,0.6448484848484849,0.3567508232711307,False,False,33,1,1700,0.6552941176470588,2.0,,
level,gpt_5_6_sol,MACRO,False,1650,0.4478787878787878,0.6333333333333333,0.31018235805682504,False,False,33,1,1700,0.6147058823529412,1650,0.4478787878787878,0.6448484848484848,0.32617562405009104,False,False,33,1,1700,0.6552941176470588,2.0,,
level,gpt_5_6_sol,POOLED,False,1650,0.4478787878787879,0.6333333333333333,0.33589462129527986,False,False,33,1,1700,0.6147058823529412,1650,0.4478787878787879,0.6448484848484849,0.3567508232711307,False,False,33,1,1700,0.6552941176470588,2.0,,
level,gpt_5_6_sol,MACRO,True,1700,0.2588235294117647,0.48588235294117643,0.315573669292286,False,False,34,0,1700,0.4858823529411765,1700,0.2588235294117647,0.5094117647058823,0.34235354200982604,False,False,34,0,1700,0.5094117647058823,3.0,,
level,gpt_5_6_sol,POOLED,True,1700,0.25882352941176473,0.4858823529411765,0.3063492063492063,False,False,34,0,1700,0.4858823529411765,1700,0.25882352941176473,0.5094117647058823,0.33809523809523806,False,False,34,0,1700,0.5094117647058823,3.0,,
level,gpt_5_6_sol,MACRO,False,1700,0.2588235294117647,0.48588235294117643,0.315573669292286,False,False,34,0,1700,0.4858823529411765,1700,0.2588235294117647,0.5094117647058823,0.34235354200982604,False,False,34,0,1700,0.5094117647058823,3.0,,
level,gpt_5_6_sol,POOLED,False,1700,0.25882352941176473,0.4858823529411765,0.3063492063492063,False,False,34,0,1700,0.4858823529411765,1700,0.25882352941176473,0.5094117647058823,0.33809523809523806,False,False,34,0,1700,0.5094117647058823,3.0,,
level,gpt_5_6_sol,MACRO,True,1700,0.2570588235294118,0.3058823529411765,0.038233146431131286,False,False,34,0,1700,0.3058823529411765,1700,0.27470588235294113,0.3588235294117647,0.1332500861388738,False,False,34,0,1700,0.3588235294117647,4.0,,
level,gpt_5_6_sol,POOLED,True,1700,0.2570588235294118,0.3058823529411765,0.06571654790182106,False,False,34,0,1700,0.3058823529411765,1700,0.2747058823529412,0.3588235294117647,0.11597729115977289,False,False,34,0,1700,0.3588235294117647,4.0,,
level,gpt_5_6_sol,MACRO,False,1700,0.2570588235294118,0.3058823529411765,0.038233146431131286,False,False,34,0,1700,0.3058823529411765,1700,0.27470588235294113,0.3588235294117647,0.1332500861388738,False,False,34,0,1700,0.3588235294117647,4.0,,
level,gpt_5_6_sol,POOLED,False,1700,0.2570588235294118,0.3058823529411765,0.06571654790182106,False,False,34,0,1700,0.3058823529411765,1700,0.2747058823529412,0.3588235294117647,0.11597729115977289,False,False,34,0,1700,0.3588235294117647,4.0,,
level,gpt_5_6_sol,MACRO,True,1550,0.39741935483870977,0.36774193548387096,-0.097076696869219,False,False,31,3,1700,0.4047058823529412,1550,0.4135483870967743,0.4535483870967742,0.014715898646631566,False,False,31,3,1700,0.48294117647058826,5.0,,
level,gpt_5_6_sol,POOLED,True,1550,0.39741935483870966,0.36774193548387096,-0.049250535331905765,False,False,31,3,1700,0.4047058823529412,1550,0.4135483870967742,0.4535483870967742,0.06820682068206818,False,False,31,3,1700,0.48294117647058826,5.0,,
level,gpt_5_6_sol,MACRO,False,1550,0.39741935483870977,0.36774193548387096,-0.097076696869219,False,False,31,3,1700,0.4047058823529412,1550,0.4135483870967743,0.4535483870967742,0.014715898646631566,False,False,31,3,1700,0.48294117647058826,5.0,,
level,gpt_5_6_sol,POOLED,False,1550,0.39741935483870966,0.36774193548387096,-0.049250535331905765,False,False,31,3,1700,0.4047058823529412,1550,0.4135483870967742,0.4535483870967742,0.06820682068206818,False,False,31,3,1700,0.48294117647058826,5.0,,
level,grok_4_6,MACRO,True,1600,0.31625000000000003,0.6537499999999999,0.5198167482795932,False,False,32,2,1700,0.6741176470588235,1600,0.31625000000000003,0.6537499999999999,0.5198167482795932,False,False,32,2,1700,0.6741176470588235,1.0,,
level,grok_4_6,POOLED,True,1600,0.31625,0.65375,0.493601462522852,False,False,32,2,1700,0.6741176470588235,1600,0.31625,0.65375,0.493601462522852,False,False,32,2,1700,0.6741176470588235,1.0,,
level,grok_4_6,MACRO,False,1600,0.31625000000000003,0.6537499999999999,0.5198167482795932,False,False,32,2,1700,0.6741176470588235,1600,0.31625000000000003,0.6537499999999999,0.5198167482795932,False,False,32,2,1700,0.6741176470588235,1.0,,
level,grok_4_6,POOLED,False,1600,0.31625,0.65375,0.493601462522852,False,False,32,2,1700,0.6741176470588235,1600,0.31625,0.65375,0.493601462522852,False,False,32,2,1700,0.6741176470588235,1.0,,
level,grok_4_6,MACRO,True,1650,0.4478787878787878,0.6709090909090908,0.3996148164016173,False,False,33,1,1700,0.6511764705882352,1650,0.4478787878787878,0.6896969696969697,0.4257090924958934,False,False,33,1,1700,0.6929411764705883,2.0,,
level,grok_4_6,POOLED,True,1650,0.4478787878787879,0.6709090909090909,0.40395170142700326,False,False,33,1,1700,0.6511764705882352,1650,0.4478787878787879,0.6896969696969697,0.43798024149286496,False,False,33,1,1700,0.6929411764705883,2.0,,
level,grok_4_6,MACRO,False,1650,0.4478787878787878,0.6709090909090908,0.3996148164016173,False,False,33,1,1700,0.6511764705882352,1650,0.4478787878787878,0.6896969696969697,0.4257090924958934,False,False,33,1,1700,0.6929411764705883,2.0,,
level,grok_4_6,POOLED,False,1650,0.4478787878787879,0.6709090909090909,0.40395170142700326,False,False,33,1,1700,0.6511764705882352,1650,0.4478787878787879,0.6896969696969697,0.43798024149286496,False,False,33,1,1700,0.6929411764705883,2.0,,
level,grok_4_6,MACRO,True,1700,0.2588235294117647,0.5064705882352941,0.3529458753345499,False,False,34,0,1700,0.5064705882352941,1700,0.2588235294117647,0.5223529411764706,0.37087842752630623,False,False,34,0,1700,0.5223529411764706,3.0,,
level,grok_4_6,POOLED,True,1700,0.25882352941176473,0.5064705882352941,0.3341269841269841,False,False,34,0,1700,0.5064705882352941,1700,0.25882352941176473,0.5223529411764706,0.3555555555555555,False,False,34,0,1700,0.5223529411764706,3.0,,
level,grok_4_6,MACRO,False,1700,0.2588235294117647,0.5064705882352941,0.3529458753345499,False,False,34,0,1700,0.5064705882352941,1700,0.2588235294117647,0.5223529411764706,0.37087842752630623,False,False,34,0,1700,0.5223529411764706,3.0,,
level,grok_4_6,POOLED,False,1700,0.25882352941176473,0.5064705882352941,0.3341269841269841,False,False,34,0,1700,0.5064705882352941,1700,0.25882352941176473,0.5223529411764706,0.3555555555555555,False,False,34,0,1700,0.5223529411764706,3.0,,
level,grok_4_6,MACRO,True,1700,0.2570588235294118,0.3264705882352942,0.08892476503172637,False,False,34,0,1700,0.3264705882352941,1700,0.27470588235294113,0.38823529411764707,0.1654899996885325,False,False,34,0,1700,0.38823529411764707,4.0,,
level,grok_4_6,POOLED,True,1700,0.2570588235294118,0.3264705882352941,0.09342834520981788,False,False,34,0,1700,0.3264705882352941,1700,0.2747058823529412,0.38823529411764707,0.1565287915652879,False,False,34,0,1700,0.38823529411764707,4.0,,
level,grok_4_6,MACRO,False,1700,0.2570588235294118,0.3264705882352942,0.08892476503172637,False,False,34,0,1700,0.3264705882352941,1700,0.27470588235294113,0.38823529411764707,0.1654899996885325,False,False,34,0,1700,0.38823529411764707,4.0,,
level,grok_4_6,POOLED,False,1700,0.2570588235294118,0.3264705882352941,0.09342834520981788,False,False,34,0,1700,0.3264705882352941,1700,0.2747058823529412,0.38823529411764707,0.1565287915652879,False,False,34,0,1700,0.38823529411764707,4.0,,
level,grok_4_6,MACRO,True,1550,0.39741935483870977,0.43419354838709673,0.03505861185423374,False,False,31,3,1700,0.46352941176470586,1550,0.4135483870967743,0.5574193548387097,0.20314572311895834,False,False,31,3,1700,0.5758823529411765,5.0,,
level,grok_4_6,POOLED,True,1550,0.39741935483870966,0.4341935483870968,0.061027837259100694,False,False,31,3,1700,0.46352941176470586,1550,0.4135483870967742,0.5574193548387096,0.24532453245324523,False,False,31,3,1700,0.5758823529411765,5.0,,
level,grok_4_6,MACRO,False,1550,0.39741935483870977,0.43419354838709673,0.03505861185423374,False,False,31,3,1700,0.46352941176470586,1550,0.4135483870967743,0.5574193548387097,0.20314572311895834,False,False,31,3,1700,0.5758823529411765,5.0,,
level,grok_4_6,POOLED,False,1550,0.39741935483870966,0.4341935483870968,0.061027837259100694,False,False,31,3,1700,0.46352941176470586,1550,0.4135483870967742,0.5574193548387096,0.24532453245324523,False,False,31,3,1700,0.5758823529411765,5.0,,
level,inking,MACRO,True,1600,0.31625000000000003,0.5606249999999999,0.3901539434707762,False,False,32,2,1700,0.5864705882352941,1600,0.31625000000000003,0.5606249999999999,0.3901539434707762,False,False,32,2,1700,0.5864705882352941,1.0,,
level,inking,POOLED,True,1600,0.31625,0.560625,0.3574040219378428,False,False,32,2,1700,0.5864705882352941,1600,0.31625,0.560625,0.3574040219378428,False,False,32,2,1700,0.5864705882352941,1.0,,
level,inking,MACRO,False,1600,0.31625000000000003,0.5606249999999999,0.3901539434707762,False,False,32,2,1700,0.5864705882352941,1600,0.31625000000000003,0.5606249999999999,0.3901539434707762,False,False,32,2,1700,0.5864705882352941,1.0,,
level,inking,POOLED,False,1600,0.31625,0.560625,0.3574040219378428,False,False,32,2,1700,0.5864705882352941,1600,0.31625,0.560625,0.3574040219378428,False,False,32,2,1700,0.5864705882352941,1.0,,
level,inking,MACRO,True,1650,0.4478787878787878,0.4678787878787879,0.018798415450724724,False,False,33,1,1700,0.4541176470588235,1650,0.4478787878787878,0.4896969696969697,0.049101445753755024,False,False,33,1,1700,0.5047058823529412,2.0,,
level,inking,POOLED,True,1650,0.4478787878787879,0.4678787878787879,0.03622392974753022,False,False,33,1,1700,0.4541176470588235,1650,0.4478787878787879,0.4896969696969697,0.07574094401756311,False,False,33,1,1700,0.5047058823529412,2.0,,
level,inking,MACRO,False,1650,0.4478787878787878,0.4678787878787879,0.018798415450724724,False,False,33,1,1700,0.4541176470588235,1650,0.4478787878787878,0.4896969696969697,0.049101445753755024,False,False,33,1,1700,0.5047058823529412,2.0,,
level,inking,POOLED,False,1650,0.4478787878787879,0.4678787878787879,0.03622392974753022,False,False,33,1,1700,0.4541176470588235,1650,0.4478787878787879,0.4896969696969697,0.07574094401756311,False,False,33,1,1700,0.5047058823529412,2.0,,
level,inking,MACRO,True,1700,0.2588235294117647,0.3288235294117647,0.10189320717432925,False,False,34,0,1700,0.3288235294117647,1700,0.2588235294117647,0.3323529411764706,0.10577413264866459,False,False,34,0,1700,0.3323529411764706,3.0,,
level,inking,POOLED,True,1700,0.25882352941176473,0.3288235294117647,0.09444444444444437,False,False,34,0,1700,0.3288235294117647,1700,0.25882352941176473,0.3323529411764706,0.09920634920634915,False,False,34,0,1700,0.3323529411764706,3.0,,
level,inking,MACRO,False,1700,0.2588235294117647,0.3288235294117647,0.10189320717432925,False,False,34,0,1700,0.3288235294117647,1700,0.2588235294117647,0.3323529411764706,0.10577413264866459,False,False,34,0,1700,0.3323529411764706,3.0,,
level,inking,POOLED,False,1700,0.25882352941176473,0.3288235294117647,0.09444444444444437,False,False,34,0,1700,0.3288235294117647,1700,0.25882352941176473,0.3323529411764706,0.09920634920634915,False,False,34,0,1700,0.3323529411764706,3.0,,
level,inking,MACRO,True,1700,0.2570588235294118,0.2323529411764706,-0.06008017885273366,False,False,34,0,1700,0.2323529411764706,1700,0.27470588235294113,0.2711764705882353,-0.018913049569078272,False,False,34,0,1700,0.2711764705882353,4.0,,
level,inking,POOLED,True,1700,0.2570588235294118,0.2323529411764706,-0.03325415676959622,False,False,34,0,1700,0.2323529411764706,1700,0.2747058823529412,0.2711764705882353,-0.004866180048661814,False,False,34,0,1700,0.2711764705882353,4.0,,
level,inking,MACRO,False,1700,0.2570588235294118,0.2323529411764706,-0.06008017885273366,False,False,34,0,1700,0.2323529411764706,1700,0.27470588235294113,0.2711764705882353,-0.018913049569078272,False,False,34,0,1700,0.2711764705882353,4.0,,
level,inking,POOLED,False,1700,0.2570588235294118,0.2323529411764706,-0.03325415676959622,False,False,34,0,1700,0.2323529411764706,1700,0.2747058823529412,0.2711764705882353,-0.004866180048661814,False,False,34,0,1700,0.2711764705882353,4.0,,
level,inking,MACRO,True,1550,0.39741935483870977,0.28387096774193543,-0.36596629707698836,False,False,31,3,1700,0.3211764705882353,1550,0.4135483870967743,0.3380645161290322,-0.2967822921621786,False,False,31,3,1700,0.37058823529411766,5.0,,
level,inking,POOLED,True,1550,0.39741935483870966,0.2838709677419355,-0.18843683083511775,False,False,31,3,1700,0.3211764705882353,1550,0.4135483870967742,0.33806451612903227,-0.12871287128712874,False,False,31,3,1700,0.37058823529411766,5.0,,
level,inking,MACRO,False,1550,0.39741935483870977,0.28387096774193543,-0.36596629707698836,False,False,31,3,1700,0.3211764705882353,1550,0.4135483870967743,0.3380645161290322,-0.2967822921621786,False,False,31,3,1700,0.37058823529411766,5.0,,
level,inking,POOLED,False,1550,0.39741935483870966,0.2838709677419355,-0.18843683083511775,False,False,31,3,1700,0.3211764705882353,1550,0.4135483870967742,0.33806451612903227,-0.12871287128712874,False,False,31,3,1700,0.37058823529411766,5.0,,
level,muse_glimmer_30b,MACRO,True,1600,0.31625000000000003,0.7,0.5872030158955135,False,False,32,2,1700,0.7176470588235294,1600,0.31625000000000003,0.7,0.5872030158955135,False,False,32,2,1700,0.7176470588235294,1.0,,
level,muse_glimmer_30b,POOLED,True,1600,0.31625,0.7,0.5612431444241315,False,False,32,2,1700,0.7176470588235294,1600,0.31625,0.7,0.5612431444241315,False,False,32,2,1700,0.7176470588235294,1.0,,
level,muse_glimmer_30b,MACRO,False,1600,0.31625000000000003,0.7,0.5872030158955135,False,False,32,2,1700,0.7176470588235294,1600,0.31625000000000003,0.7,0.5872030158955135,False,False,32,2,1700,0.7176470588235294,1.0,,
level,muse_glimmer_30b,POOLED,False,1600,0.31625,0.7,0.5612431444241315,False,False,32,2,1700,0.7176470588235294,1600,0.31625,0.7,0.5612431444241315,False,False,32,2,1700,0.7176470588235294,1.0,,
level,muse_glimmer_30b,MACRO,True,1650,0.4478787878787878,0.5436363636363637,0.10624418793241186,False,False,33,1,1700,0.5276470588235294,1650,0.4478787878787878,0.5642424242424243,0.1348637165519405,False,False,33,1,1700,0.5770588235294117,2.0,,
level,muse_glimmer_30b,POOLED,True,1650,0.4478787878787879,0.5436363636363636,0.1734357848518111,False,False,33,1,1700,0.5276470588235294,1650,0.4478787878787879,0.5642424242424242,0.21075740944017557,False,False,33,1,1700,0.5770588235294117,2.0,,
level,muse_glimmer_30b,MACRO,False,1650,0.4478787878787878,0.5436363636363637,0.10624418793241186,False,False,33,1,1700,0.5276470588235294,1650,0.4478787878787878,0.5642424242424243,0.1348637165519405,False,False,33,1,1700,0.5770588235294117,2.0,,
level,muse_glimmer_30b,POOLED,False,1650,0.4478787878787879,0.5436363636363636,0.1734357848518111,False,False,33,1,1700,0.5276470588235294,1650,0.4478787878787879,0.5642424242424242,0.21075740944017557,False,False,33,1,1700,0.5770588235294117,2.0,,
level,muse_glimmer_30b,MACRO,True,1700,0.2588235294117647,0.34764705882352936,0.10687289113212355,False,False,34,0,1700,0.3476470588235294,1700,0.2588235294117647,0.3558823529411765,0.11591351445931082,False,False,34,0,1700,0.3558823529411765,3.0,,
level,muse_glimmer_30b,POOLED,True,1700,0.25882352941176473,0.3476470588235294,0.11984126984126982,False,False,34,0,1700,0.3476470588235294,1700,0.25882352941176473,0.3558823529411765,0.13095238095238093,False,False,34,0,1700,0.3558823529411765,3.0,,
level,muse_glimmer_30b,MACRO,False,1700,0.2588235294117647,0.34764705882352936,0.10687289113212355,False,False,34,0,1700,0.3476470588235294,1700,0.2588235294117647,0.3558823529411765,0.11591351445931082,False,False,34,0,1700,0.3558823529411765,3.0,,
level,muse_glimmer_30b,POOLED,False,1700,0.25882352941176473,0.3476470588235294,0.11984126984126982,False,False,34,0,1700,0.3476470588235294,1700,0.25882352941176473,0.3558823529411765,0.13095238095238093,False,False,34,0,1700,0.3558823529411765,3.0,,
level,muse_glimmer_30b,MACRO,True,1700,0.2570588235294118,0.25823529411764706,-0.044788498538484774,False,False,34,0,1700,0.25823529411764706,1700,0.27470588235294113,0.3147058823529412,0.020657914724064915,False,False,34,0,1700,0.31470588235294117,4.0,,
level,muse_glimmer_30b,POOLED,True,1700,0.2570588235294118,0.25823529411764706,0.0015835312747426557,False,False,34,0,1700,0.25823529411764706,1700,0.2747058823529412,0.31470588235294117,0.05515004055150038,False,False,34,0,1700,0.31470588235294117,4.0,,
level,muse_glimmer_30b,MACRO,False,1700,0.2570588235294118,0.25823529411764706,-0.044788498538484774,False,False,34,0,1700,0.25823529411764706,1700,0.27470588235294113,0.3147058823529412,0.020657914724064915,False,False,34,0,1700,0.31470588235294117,4.0,,
level,muse_glimmer_30b,POOLED,False,1700,0.2570588235294118,0.25823529411764706,0.0015835312747426557,False,False,34,0,1700,0.25823529411764706,1700,0.2747058823529412,0.31470588235294117,0.05515004055150038,False,False,34,0,1700,0.31470588235294117,4.0,,
level,muse_glimmer_30b,MACRO,True,1550,0.39741935483870977,0.3129032258064515,-0.34059379803638357,False,False,31,3,1700,0.3347058823529412,1550,0.4135483870967743,0.40838709677419355,-0.2177864337157847,False,False,31,3,1700,0.42176470588235293,5.0,,
level,muse_glimmer_30b,POOLED,True,1550,0.39741935483870966,0.31290322580645163,-0.1402569593147751,False,False,31,3,1700,0.3347058823529412,1550,0.4135483870967742,0.40838709677419355,-0.008800880088008842,False,False,31,3,1700,0.42176470588235293,5.0,,
level,muse_glimmer_30b,MACRO,False,1550,0.39741935483870977,0.3129032258064515,-0.34059379803638357,False,False,31,3,1700,0.3347058823529412,1550,0.4135483870967743,0.40838709677419355,-0.2177864337157847,False,False,31,3,1700,0.42176470588235293,5.0,,
level,muse_glimmer_30b,POOLED,False,1550,0.39741935483870966,0.31290322580645163,-0.1402569593147751,False,False,31,3,1700,0.3347058823529412,1550,0.4135483870967742,0.40838709677419355,-0.008800880088008842,False,False,31,3,1700,0.42176470588235293,5.0,,
level,perplexity_sonar_pro,MACRO,True,1600,0.31625000000000003,0.6275,0.48644282404969025,False,False,32,2,1700,0.6494117647058824,1600,0.31625000000000003,0.6275,0.48644282404969025,False,False,32,2,1700,0.6494117647058824,1.0,,
level,perplexity_sonar_pro,POOLED,True,1600,0.31625,0.6275,0.4552102376599633,False,False,32,2,1700,0.6494117647058824,1600,0.31625,0.6275,0.4552102376599633,False,False,32,2,1700,0.6494117647058824,1.0,,
level,perplexity_sonar_pro,MACRO,False,1600,0.31625000000000003,0.6275,0.48644282404969025,False,False,32,2,1700,0.6494117647058824,1600,0.31625000000000003,0.6275,0.48644282404969025,False,False,32,2,1700,0.6494117647058824,1.0,,
level,perplexity_sonar_pro,POOLED,False,1600,0.31625,0.6275,0.4552102376599633,False,False,32,2,1700,0.6494117647058824,1600,0.31625,0.6275,0.4552102376599633,False,False,32,2,1700,0.6494117647058824,1.0,,
level,perplexity_sonar_pro,MACRO,True,1650,0.4478787878787878,0.5127272727272727,0.005193717014149627,False,False,33,1,1700,0.4976470588235294,1650,0.4478787878787878,0.5181818181818181,0.016532596000087437,False,False,33,1,1700,0.5311764705882352,2.0,,
level,perplexity_sonar_pro,POOLED,True,1650,0.4478787878787879,0.5127272727272727,0.1174533479692645,False,False,33,1,1700,0.4976470588235294,1650,0.4478787878787879,0.5181818181818182,0.12733260153677278,False,False,33,1,1700,0.5311764705882352,2.0,,
level,perplexity_sonar_pro,MACRO,False,1650,0.4478787878787878,0.5127272727272727,0.005193717014149627,False,False,33,1,1700,0.4976470588235294,1650,0.4478787878787878,0.5181818181818181,0.016532596000087437,False,False,33,1,1700,0.5311764705882352,2.0,,
level,perplexity_sonar_pro,POOLED,False,1650,0.4478787878787879,0.5127272727272727,0.1174533479692645,False,False,33,1,1700,0.4976470588235294,1650,0.4478787878787879,0.5181818181818182,0.12733260153677278,False,False,33,1,1700,0.5311764705882352,2.0,,
level,perplexity_sonar_pro,MACRO,True,1700,0.2588235294117647,0.3470588235294118,0.11806819285531309,False,False,34,0,1700,0.34705882352941175,1700,0.2588235294117647,0.36411764705882355,0.1375025591195134,False,False,34,0,1700,0.36411764705882355,3.0,,
level,perplexity_sonar_pro,POOLED,True,1700,0.25882352941176473,0.34705882352941175,0.119047619047619,False,False,34,0,1700,0.34705882352941175,1700,0.25882352941176473,0.36411764705882355,0.14206349206349206,False,False,34,0,1700,0.36411764705882355,3.0,,
level,perplexity_sonar_pro,MACRO,False,1700,0.2588235294117647,0.3470588235294118,0.11806819285531309,False,False,34,0,1700,0.34705882352941175,1700,0.2588235294117647,0.36411764705882355,0.1375025591195134,False,False,34,0,1700,0.36411764705882355,3.0,,
level,perplexity_sonar_pro,POOLED,False,1700,0.25882352941176473,0.34705882352941175,0.119047619047619,False,False,34,0,1700,0.34705882352941175,1700,0.25882352941176473,0.36411764705882355,0.14206349206349206,False,False,34,0,1700,0.36411764705882355,3.0,,
level,perplexity_sonar_pro,MACRO,True,1700,0.2570588235294118,0.20705882352941177,-0.1111484025167547,False,False,34,0,1700,0.20705882352941177,1700,0.27470588235294113,0.2447058823529412,-0.14169905826824852,False,False,34,0,1700,0.2447058823529412,4.0,,
level,perplexity_sonar_pro,POOLED,True,1700,0.2570588235294118,0.20705882352941177,-0.06730007917656376,False,False,34,0,1700,0.20705882352941177,1700,0.2747058823529412,0.2447058823529412,-0.0413625304136253,False,False,34,0,1700,0.2447058823529412,4.0,,
level,perplexity_sonar_pro,MACRO,False,1700,0.2570588235294118,0.20705882352941177,-0.1111484025167547,False,False,34,0,1700,0.20705882352941177,1700,0.27470588235294113,0.2447058823529412,-0.14169905826824852,False,False,34,0,1700,0.2447058823529412,4.0,,
level,perplexity_sonar_pro,POOLED,False,1700,0.2570588235294118,0.20705882352941177,-0.06730007917656376,False,False,34,0,1700,0.20705882352941177,1700,0.2747058823529412,0.2447058823529412,-0.0413625304136253,False,False,34,0,1700,0.2447058823529412,4.0,,
level,perplexity_sonar_pro,MACRO,True,1550,0.39741935483870977,0.2825806451612903,-0.2959086256835625,False,False,31,3,1700,0.3135294117647059,1550,0.4135483870967743,0.34516129032258064,-0.21635066619438634,False,False,31,3,1700,0.37058823529411766,5.0,,
level,perplexity_sonar_pro,POOLED,True,1550,0.39741935483870966,0.28258064516129033,-0.19057815845824408,False,False,31,3,1700,0.3135294117647059,1550,0.4135483870967742,0.34516129032258064,-0.11661166116611667,False,False,31,3,1700,0.37058823529411766,5.0,,
level,perplexity_sonar_pro,MACRO,False,1550,0.39741935483870977,0.2825806451612903,-0.2959086256835625,False,False,31,3,1700,0.3135294117647059,1550,0.4135483870967743,0.34516129032258064,-0.21635066619438634,False,False,31,3,1700,0.37058823529411766,5.0,,
level,perplexity_sonar_pro,POOLED,False,1550,0.39741935483870966,0.28258064516129033,-0.19057815845824408,False,False,31,3,1700,0.3135294117647059,1550,0.4135483870967742,0.34516129032258064,-0.11661166116611667,False,False,31,3,1700,0.37058823529411766,5.0,,
family,claude_opus_5,MACRO,True,500,0.21200000000000005,0.7859999999999999,0.7680094200800889,False,False,10,0,500,0.786,500,0.21200000000000005,0.7859999999999999,0.7680094200800889,False,False,10,0,500,0.786,,Analytic,
family,claude_opus_5,POOLED,True,500,0.212,0.786,0.7284263959390863,False,False,10,0,500,0.786,500,0.212,0.786,0.7284263959390863,False,False,10,0,500,0.786,,Analytic,
family,claude_opus_5,MACRO,False,500,0.21200000000000005,0.7859999999999999,0.7680094200800889,False,False,10,0,500,0.786,500,0.21200000000000005,0.7859999999999999,0.7680094200800889,False,False,10,0,500,0.786,,Analytic,
family,claude_opus_5,POOLED,False,500,0.212,0.786,0.7284263959390863,False,False,10,0,500,0.786,500,0.212,0.786,0.7284263959390863,False,False,10,0,500,0.786,,Analytic,
family,claude_opus_5,MACRO,True,250,0.36,0.8320000000000001,0.7575951744886276,False,False,5,0,250,0.832,250,0.36,0.8320000000000001,0.7575951744886276,False,False,5,0,250,0.832,,Inductive,
family,claude_opus_5,POOLED,True,250,0.36,0.832,0.7374999999999999,False,False,5,0,250,0.832,250,0.36,0.832,0.7374999999999999,False,False,5,0,250,0.832,,Inductive,
family,claude_opus_5,MACRO,False,250,0.36,0.8320000000000001,0.7575951744886276,False,False,5,0,250,0.832,250,0.36,0.8320000000000001,0.7575951744886276,False,False,5,0,250,0.832,,Inductive,
family,claude_opus_5,POOLED,False,250,0.36,0.832,0.7374999999999999,False,False,5,0,250,0.832,250,0.36,0.832,0.7374999999999999,False,False,5,0,250,0.832,,Inductive,
family,claude_opus_5,MACRO,True,450,0.4911111111111111,0.44000000000000006,-0.1821908234718019,False,False,9,1,500,0.496,450,0.4911111111111111,0.4600000000000001,-0.14052415680513525,False,False,9,1,500,0.514,,Optical,
family,claude_opus_5,POOLED,True,450,0.4911111111111111,0.44,-0.10043668122270741,False,False,9,1,500,0.496,450,0.4911111111111111,0.46,-0.06113537117903925,False,False,9,1,500,0.514,,Optical,
family,claude_opus_5,MACRO,False,450,0.4911111111111111,0.44000000000000006,-0.1821908234718019,False,False,9,1,500,0.496,450,0.4911111111111111,0.4600000000000001,-0.14052415680513525,False,False,9,1,500,0.514,,Optical,
family,claude_opus_5,POOLED,False,450,0.4911111111111111,0.44,-0.10043668122270741,False,False,9,1,500,0.496,450,0.4911111111111111,0.46,-0.06113537117903925,False,False,9,1,500,0.514,,Optical,
family,claude_opus_5,MACRO,True,1700,0.3058823529411765,0.6311764705882353,0.4883285966791651,False,False,34,1,1750,0.6137142857142858,1700,0.3270588235294118,0.7711764705882354,0.7008619047911858,False,False,34,1,1750,0.7777142857142857,,Physical & Mechanical,
family,claude_opus_5,POOLED,True,1700,0.3058823529411765,0.6311764705882353,0.4686440677966102,False,False,34,1,1750,0.6137142857142858,1700,0.3270588235294118,0.7711764705882352,0.6599650349650349,False,False,34,1,1750,0.7777142857142857,,Physical & Mechanical,
family,claude_opus_5,MACRO,False,1700,0.3058823529411765,0.6311764705882353,0.4883285966791651,False,False,34,1,1750,0.6137142857142858,1700,0.3270588235294118,0.7711764705882354,0.7008619047911858,False,False,34,1,1750,0.7777142857142857,,Physical & Mechanical,
family,claude_opus_5,POOLED,False,1700,0.3058823529411765,0.6311764705882353,0.4686440677966102,False,False,34,1,1750,0.6137142857142858,1700,0.3270588235294118,0.7711764705882352,0.6599650349650349,False,False,34,1,1750,0.7777142857142857,,Physical & Mechanical,
family,claude_opus_5,MACRO,True,1250,0.29760000000000003,0.6208,0.49717916023069897,False,False,25,0,1250,0.6208,1250,0.29760000000000003,0.6328,0.5133195111078919,False,False,25,0,1250,0.6328,,Plane Geometry,
family,claude_opus_5,POOLED,True,1250,0.2976,0.6208,0.46013667425968113,False,False,25,0,1250,0.6208,1250,0.2976,0.6328,0.47722095671981785,False,False,25,0,1250,0.6328,,Plane Geometry,
family,claude_opus_5,MACRO,False,1250,0.29760000000000003,0.6208,0.49717916023069897,False,False,25,0,1250,0.6208,1250,0.29760000000000003,0.6328,0.5133195111078919,False,False,25,0,1250,0.6328,,Plane Geometry,
family,claude_opus_5,POOLED,False,1250,0.2976,0.6208,0.46013667425968113,False,False,25,0,1250,0.6208,1250,0.2976,0.6328,0.47722095671981785,False,False,25,0,1250,0.6328,,Plane Geometry,
family,claude_opus_5,MACRO,True,500,0.348,0.67,0.4200188526702404,False,False,10,0,500,0.67,500,0.348,0.674,0.4311299637813515,False,False,10,0,500,0.674,,Projective,
family,claude_opus_5,POOLED,True,500,0.348,0.67,0.4938650306748467,False,False,10,0,500,0.67,500,0.348,0.674,0.5000000000000001,False,False,10,0,500,0.674,,Projective,
family,claude_opus_5,MACRO,False,500,0.348,0.67,0.4200188526702404,False,False,10,0,500,0.67,500,0.348,0.674,0.4311299637813515,False,False,10,0,500,0.674,,Projective,
family,claude_opus_5,POOLED,False,500,0.348,0.67,0.4938650306748467,False,False,10,0,500,0.67,500,0.348,0.674,0.5000000000000001,False,False,10,0,500,0.674,,Projective,
family,claude_opus_5,MACRO,True,1350,0.3533333333333334,0.582962962962963,0.36311306006434635,False,False,27,3,1500,0.6033333333333334,1350,0.36740740740740746,0.602962962962963,0.3750126658170256,False,False,27,3,1500,0.6213333333333333,,Solid Geometry,
family,claude_opus_5,POOLED,True,1350,0.35333333333333333,0.582962962962963,0.35509736540664383,False,False,27,3,1500,0.6033333333333334,1350,0.3674074074074074,0.6029629629629629,0.37236533957845425,False,False,27,3,1500,0.6213333333333333,,Solid Geometry,
family,claude_opus_5,MACRO,False,1350,0.3533333333333334,0.582962962962963,0.36311306006434635,False,False,27,3,1500,0.6033333333333334,1350,0.36740740740740746,0.602962962962963,0.3750126658170256,False,False,27,3,1500,0.6213333333333333,,Solid Geometry,
family,claude_opus_5,POOLED,False,1350,0.35333333333333333,0.582962962962963,0.35509736540664383,False,False,27,3,1500,0.6033333333333334,1350,0.3674074074074074,0.6029629629629629,0.37236533957845425,False,False,27,3,1500,0.6213333333333333,,Solid Geometry,
family,claude_opus_5,MACRO,True,750,0.3320000000000001,0.4786666666666667,0.21513156178581713,False,False,15,0,750,0.4786666666666667,750,0.3320000000000001,0.48400000000000004,0.22465537130962662,False,False,15,0,750,0.484,,Topological,
family,claude_opus_5,POOLED,True,750,0.332,0.4786666666666667,0.219560878243513,False,False,15,0,750,0.4786666666666667,750,0.332,0.484,0.2275449101796407,False,False,15,0,750,0.484,,Topological,
family,claude_opus_5,MACRO,False,750,0.3320000000000001,0.4786666666666667,0.21513156178581713,False,False,15,0,750,0.4786666666666667,750,0.3320000000000001,0.48400000000000004,0.22465537130962662,False,False,15,0,750,0.484,,Topological,
family,claude_opus_5,POOLED,False,750,0.332,0.4786666666666667,0.219560878243513,False,False,15,0,750,0.4786666666666667,750,0.332,0.484,0.2275449101796407,False,False,15,0,750,0.484,,Topological,
family,claude_opus_5,MACRO,True,1450,0.36482758620689654,0.6220689655172413,0.4397883735125317,False,False,29,1,1500,0.6333333333333333,1450,0.36482758620689654,0.6324137931034483,0.4559848207434617,False,False,29,1,1500,0.6433333333333333,,Transformational,
family,claude_opus_5,POOLED,True,1450,0.36482758620689654,0.6220689655172413,0.4049945711183496,False,False,29,1,1500,0.6333333333333333,1450,0.36482758620689654,0.6324137931034483,0.4212812160694897,False,False,29,1,1500,0.6433333333333333,,Transformational,
family,claude_opus_5,MACRO,False,1450,0.36482758620689654,0.6220689655172413,0.4397883735125317,False,False,29,1,1500,0.6333333333333333,1450,0.36482758620689654,0.6324137931034483,0.4559848207434617,False,False,29,1,1500,0.6433333333333333,,Transformational,
family,claude_opus_5,POOLED,False,1450,0.36482758620689654,0.6220689655172413,0.4049945711183496,False,False,29,1,1500,0.6333333333333333,1450,0.36482758620689654,0.6324137931034483,0.4212812160694897,False,False,29,1,1500,0.6433333333333333,,Transformational,
family,claude_sonnet_5,MACRO,True,500,0.21200000000000005,0.5860000000000001,0.5022522967753731,False,False,10,0,500,0.586,500,0.21200000000000005,0.5860000000000001,0.5022522967753731,False,False,10,0,500,0.586,,Analytic,
family,claude_sonnet_5,POOLED,True,500,0.212,0.586,0.4746192893401015,False,False,10,0,500,0.586,500,0.212,0.586,0.4746192893401015,False,False,10,0,500,0.586,,Analytic,
family,claude_sonnet_5,MACRO,False,500,0.21200000000000005,0.5860000000000001,0.5022522967753731,False,False,10,0,500,0.586,500,0.21200000000000005,0.5860000000000001,0.5022522967753731,False,False,10,0,500,0.586,,Analytic,
family,claude_sonnet_5,POOLED,False,500,0.212,0.586,0.4746192893401015,False,False,10,0,500,0.586,500,0.212,0.586,0.4746192893401015,False,False,10,0,500,0.586,,Analytic,
family,claude_sonnet_5,MACRO,True,250,0.36,0.664,0.3633786509781375,False,False,5,0,250,0.664,250,0.36,0.664,0.3633786509781375,False,False,5,0,250,0.664,,Inductive,
family,claude_sonnet_5,POOLED,True,250,0.36,0.664,0.4750000000000001,False,False,5,0,250,0.664,250,0.36,0.664,0.4750000000000001,False,False,5,0,250,0.664,,Inductive,
family,claude_sonnet_5,MACRO,False,250,0.36,0.664,0.3633786509781375,False,False,5,0,250,0.664,250,0.36,0.664,0.3633786509781375,False,False,5,0,250,0.664,,Inductive,
family,claude_sonnet_5,POOLED,False,250,0.36,0.664,0.4750000000000001,False,False,5,0,250,0.664,250,0.36,0.664,0.4750000000000001,False,False,5,0,250,0.664,,Inductive,
family,claude_sonnet_5,MACRO,True,450,0.4911111111111111,0.43555555555555553,-0.16029781619119948,False,False,9,1,500,0.492,450,0.4911111111111111,0.45999999999999996,-0.10937189026527355,False,False,9,1,500,0.514,,Optical,
family,claude_sonnet_5,POOLED,True,450,0.4911111111111111,0.43555555555555553,-0.10917030567685593,False,False,9,1,500,0.492,450,0.4911111111111111,0.46,-0.06113537117903925,False,False,9,1,500,0.514,,Optical,
family,claude_sonnet_5,MACRO,False,450,0.4911111111111111,0.43555555555555553,-0.16029781619119948,False,False,9,1,500,0.492,450,0.4911111111111111,0.45999999999999996,-0.10937189026527355,False,False,9,1,500,0.514,,Optical,
family,claude_sonnet_5,POOLED,False,450,0.4911111111111111,0.43555555555555553,-0.10917030567685593,False,False,9,1,500,0.492,450,0.4911111111111111,0.46,-0.06113537117903925,False,False,9,1,500,0.514,,Optical,
family,claude_sonnet_5,MACRO,True,1700,0.3058823529411765,0.5594117647058824,0.38076770300287416,False,False,34,1,1750,0.5434285714285715,1700,0.3270588235294118,0.6741176470588236,0.5504347947974894,False,False,34,1,1750,0.6834285714285714,,Physical & Mechanical,
family,claude_sonnet_5,POOLED,True,1700,0.3058823529411765,0.5594117647058824,0.3652542372881356,False,False,34,1,1750,0.5434285714285715,1700,0.3270588235294118,0.6741176470588235,0.5157342657342657,False,False,34,1,1750,0.6834285714285714,,Physical & Mechanical,
family,claude_sonnet_5,MACRO,False,1700,0.3058823529411765,0.5594117647058824,0.38076770300287416,False,False,34,1,1750,0.5434285714285715,1700,0.3270588235294118,0.6741176470588236,0.5504347947974894,False,False,34,1,1750,0.6834285714285714,,Physical & Mechanical,
family,claude_sonnet_5,POOLED,False,1700,0.3058823529411765,0.5594117647058824,0.3652542372881356,False,False,34,1,1750,0.5434285714285715,1700,0.3270588235294118,0.6741176470588235,0.5157342657342657,False,False,34,1,1750,0.6834285714285714,,Physical & Mechanical,
family,claude_sonnet_5,MACRO,True,1250,0.29760000000000003,0.44,0.19635113216386668,False,False,25,0,1250,0.44,1250,0.29760000000000003,0.45039999999999997,0.21026926081883743,False,False,25,0,1250,0.4504,,Plane Geometry,
family,claude_sonnet_5,POOLED,True,1250,0.2976,0.44,0.2027334851936219,False,False,25,0,1250,0.44,1250,0.2976,0.4504,0.21753986332574038,False,False,25,0,1250,0.4504,,Plane Geometry,
family,claude_sonnet_5,MACRO,False,1250,0.29760000000000003,0.44,0.19635113216386668,False,False,25,0,1250,0.44,1250,0.29760000000000003,0.45039999999999997,0.21026926081883743,False,False,25,0,1250,0.4504,,Plane Geometry,
family,claude_sonnet_5,POOLED,False,1250,0.2976,0.44,0.2027334851936219,False,False,25,0,1250,0.44,1250,0.2976,0.4504,0.21753986332574038,False,False,25,0,1250,0.4504,,Plane Geometry,
family,claude_sonnet_5,MACRO,True,500,0.348,0.4760000000000001,0.1513631726573274,False,False,10,0,500,0.476,500,0.348,0.47800000000000004,0.15691872821288294,False,False,10,0,500,0.478,,Projective,
family,claude_sonnet_5,POOLED,True,500,0.348,0.476,0.19631901840490798,False,False,10,0,500,0.476,500,0.348,0.478,0.19938650306748465,False,False,10,0,500,0.478,,Projective,
family,claude_sonnet_5,MACRO,False,500,0.348,0.4760000000000001,0.1513631726573274,False,False,10,0,500,0.476,500,0.348,0.47800000000000004,0.15691872821288294,False,False,10,0,500,0.478,,Projective,
family,claude_sonnet_5,POOLED,False,500,0.348,0.476,0.19631901840490798,False,False,10,0,500,0.476,500,0.348,0.478,0.19938650306748465,False,False,10,0,500,0.478,,Projective,
family,claude_sonnet_5,MACRO,True,1350,0.3533333333333334,0.5007407407407407,0.2361092175834629,False,False,27,3,1500,0.5173333333333333,1350,0.36740740740740746,0.5437037037037038,0.2868492796511944,False,False,27,3,1500,0.556,,Solid Geometry,
family,claude_sonnet_5,POOLED,True,1350,0.35333333333333333,0.5007407407407407,0.22794959908361964,False,False,27,3,1500,0.5173333333333333,1350,0.3674074074074074,0.5437037037037037,0.2786885245901639,False,False,27,3,1500,0.556,,Solid Geometry,
family,claude_sonnet_5,MACRO,False,1350,0.3533333333333334,0.5007407407407407,0.2361092175834629,False,False,27,3,1500,0.5173333333333333,1350,0.36740740740740746,0.5437037037037038,0.2868492796511944,False,False,27,3,1500,0.556,,Solid Geometry,
family,claude_sonnet_5,POOLED,False,1350,0.35333333333333333,0.5007407407407407,0.22794959908361964,False,False,27,3,1500,0.5173333333333333,1350,0.3674074074074074,0.5437037037037037,0.2786885245901639,False,False,27,3,1500,0.556,,Solid Geometry,
family,claude_sonnet_5,MACRO,True,750,0.3320000000000001,0.392,0.0976863377353299,False,False,15,0,750,0.392,750,0.3320000000000001,0.4053333333333333,0.12149586154485373,False,False,15,0,750,0.4053333333333333,,Topological,
family,claude_sonnet_5,POOLED,True,750,0.332,0.392,0.08982035928143713,False,False,15,0,750,0.392,750,0.332,0.4053333333333333,0.10978043912175646,False,False,15,0,750,0.4053333333333333,,Topological,
family,claude_sonnet_5,MACRO,False,750,0.3320000000000001,0.392,0.0976863377353299,False,False,15,0,750,0.392,750,0.3320000000000001,0.4053333333333333,0.12149586154485373,False,False,15,0,750,0.4053333333333333,,Topological,
family,claude_sonnet_5,POOLED,False,750,0.332,0.392,0.08982035928143713,False,False,15,0,750,0.392,750,0.332,0.4053333333333333,0.10978043912175646,False,False,15,0,750,0.4053333333333333,,Topological,
family,claude_sonnet_5,MACRO,True,1450,0.36482758620689654,0.476551724137931,0.21306718209683434,False,False,29,1,1500,0.48133333333333334,1450,0.36482758620689654,0.5020689655172413,0.2627014558690391,False,False,29,1,1500,0.506,,Transformational,
family,claude_sonnet_5,POOLED,True,1450,0.36482758620689654,0.476551724137931,0.1758957654723127,False,False,29,1,1500,0.48133333333333334,1450,0.36482758620689654,0.5020689655172413,0.21606948968512485,False,False,29,1,1500,0.506,,Transformational,
family,claude_sonnet_5,MACRO,False,1450,0.36482758620689654,0.476551724137931,0.21306718209683434,False,False,29,1,1500,0.48133333333333334,1450,0.36482758620689654,0.5020689655172413,0.2627014558690391,False,False,29,1,1500,0.506,,Transformational,
family,claude_sonnet_5,POOLED,False,1450,0.36482758620689654,0.476551724137931,0.1758957654723127,False,False,29,1,1500,0.48133333333333334,1450,0.36482758620689654,0.5020689655172413,0.21606948968512485,False,False,29,1,1500,0.506,,Transformational,
family,deepseek_v4_1_flash,MACRO,True,500,0.21200000000000005,0.44800000000000006,0.3758920374937812,False,False,10,0,500,0.448,500,0.21200000000000005,0.44800000000000006,0.3758920374937812,False,False,10,0,500,0.448,,Analytic,
family,deepseek_v4_1_flash,POOLED,True,500,0.212,0.448,0.29949238578680204,False,False,10,0,500,0.448,500,0.212,0.448,0.29949238578680204,False,False,10,0,500,0.448,,Analytic,
family,deepseek_v4_1_flash,MACRO,False,500,0.21200000000000005,0.44800000000000006,0.3758920374937812,False,False,10,0,500,0.448,500,0.21200000000000005,0.44800000000000006,0.3758920374937812,False,False,10,0,500,0.448,,Analytic,
family,deepseek_v4_1_flash,POOLED,False,500,0.212,0.448,0.29949238578680204,False,False,10,0,500,0.448,500,0.212,0.448,0.29949238578680204,False,False,10,0,500,0.448,,Analytic,
family,deepseek_v4_1_flash,MACRO,True,250,0.36,0.584,0.270194338846457,False,False,5,0,250,0.584,250,0.36,0.584,0.270194338846457,False,False,5,0,250,0.584,,Inductive,
family,deepseek_v4_1_flash,POOLED,True,250,0.36,0.584,0.35,False,False,5,0,250,0.584,250,0.36,0.584,0.35,False,False,5,0,250,0.584,,Inductive,
family,deepseek_v4_1_flash,MACRO,False,250,0.36,0.584,0.270194338846457,False,False,5,0,250,0.584,250,0.36,0.584,0.270194338846457,False,False,5,0,250,0.584,,Inductive,
family,deepseek_v4_1_flash,POOLED,False,250,0.36,0.584,0.35,False,False,5,0,250,0.584,250,0.36,0.584,0.35,False,False,5,0,250,0.584,,Inductive,
family,deepseek_v4_1_flash,MACRO,True,450,0.4911111111111111,0.2777777777777778,-0.5137410015281644,False,False,9,1,500,0.35,450,0.4911111111111111,0.2777777777777778,-0.5137410015281644,False,False,9,1,500,0.35,,Optical,
family,deepseek_v4_1_flash,POOLED,True,450,0.4911111111111111,0.2777777777777778,-0.41921397379912656,False,False,9,1,500,0.35,450,0.4911111111111111,0.2777777777777778,-0.41921397379912656,False,False,9,1,500,0.35,,Optical,
family,deepseek_v4_1_flash,MACRO,False,450,0.4911111111111111,0.2777777777777778,-0.5137410015281644,False,False,9,1,500,0.35,450,0.4911111111111111,0.2777777777777778,-0.5137410015281644,False,False,9,1,500,0.35,,Optical,
family,deepseek_v4_1_flash,POOLED,False,450,0.4911111111111111,0.2777777777777778,-0.41921397379912656,False,False,9,1,500,0.35,450,0.4911111111111111,0.2777777777777778,-0.41921397379912656,False,False,9,1,500,0.35,,Optical,
family,deepseek_v4_1_flash,MACRO,True,1700,0.3058823529411765,0.4870588235294117,0.2312613351447064,False,False,34,1,1750,0.47314285714285714,1700,0.3270588235294118,0.5741176470588235,0.3512507511201391,False,False,34,1,1750,0.5862857142857143,,Physical & Mechanical,
family,deepseek_v4_1_flash,POOLED,True,1700,0.3058823529411765,0.48705882352941177,0.26101694915254237,False,False,34,1,1750,0.47314285714285714,1700,0.3270588235294118,0.5741176470588235,0.36713286713286714,False,False,34,1,1750,0.5862857142857143,,Physical & Mechanical,
family,deepseek_v4_1_flash,MACRO,False,1700,0.3058823529411765,0.4870588235294117,0.2312613351447064,False,False,34,1,1750,0.47314285714285714,1700,0.3270588235294118,0.5741176470588235,0.3512507511201391,False,False,34,1,1750,0.5862857142857143,,Physical & Mechanical,
family,deepseek_v4_1_flash,POOLED,False,1700,0.3058823529411765,0.48705882352941177,0.26101694915254237,False,False,34,1,1750,0.47314285714285714,1700,0.3270588235294118,0.5741176470588235,0.36713286713286714,False,False,34,1,1750,0.5862857142857143,,Physical & Mechanical,
family,deepseek_v4_1_flash,MACRO,True,1250,0.29760000000000003,0.41679999999999995,0.16094721657232444,False,False,25,0,1250,0.4168,1250,0.29760000000000003,0.42400000000000004,0.170596339379342,False,False,25,0,1250,0.424,,Plane Geometry,
family,deepseek_v4_1_flash,POOLED,True,1250,0.2976,0.4168,0.16970387243735766,False,False,25,0,1250,0.4168,1250,0.2976,0.424,0.17995444191343965,False,False,25,0,1250,0.424,,Plane Geometry,
family,deepseek_v4_1_flash,MACRO,False,1250,0.29760000000000003,0.41679999999999995,0.16094721657232444,False,False,25,0,1250,0.4168,1250,0.29760000000000003,0.42400000000000004,0.170596339379342,False,False,25,0,1250,0.424,,Plane Geometry,
family,deepseek_v4_1_flash,POOLED,False,1250,0.2976,0.4168,0.16970387243735766,False,False,25,0,1250,0.4168,1250,0.2976,0.424,0.17995444191343965,False,False,25,0,1250,0.424,,Plane Geometry,
family,deepseek_v4_1_flash,MACRO,True,500,0.348,0.5,0.18513659336567242,False,False,10,0,500,0.5,500,0.348,0.502,0.18816689639597545,False,False,10,0,500,0.502,,Projective,
family,deepseek_v4_1_flash,POOLED,True,500,0.348,0.5,0.23312883435582826,False,False,10,0,500,0.5,500,0.348,0.502,0.23619631901840493,False,False,10,0,500,0.502,,Projective,
family,deepseek_v4_1_flash,MACRO,False,500,0.348,0.5,0.18513659336567242,False,False,10,0,500,0.5,500,0.348,0.502,0.18816689639597545,False,False,10,0,500,0.502,,Projective,
family,deepseek_v4_1_flash,POOLED,False,500,0.348,0.5,0.23312883435582826,False,False,10,0,500,0.5,500,0.348,0.502,0.23619631901840493,False,False,10,0,500,0.502,,Projective,
family,deepseek_v4_1_flash,MACRO,True,1350,0.3533333333333334,0.33999999999999997,-0.24764588134814752,False,False,27,3,1500,0.38066666666666665,1350,0.36740740740740746,0.3696296296296296,-0.32032744180248823,False,False,27,3,1500,0.4073333333333333,,Solid Geometry,
family,deepseek_v4_1_flash,POOLED,True,1350,0.35333333333333333,0.34,-0.020618556701030886,False,False,27,3,1500,0.38066666666666665,1350,0.3674074074074074,0.36962962962962964,0.0035128805620609125,False,False,27,3,1500,0.4073333333333333,,Solid Geometry,
family,deepseek_v4_1_flash,MACRO,False,1350,0.3533333333333334,0.33999999999999997,-0.24764588134814752,False,False,27,3,1500,0.38066666666666665,1350,0.36740740740740746,0.3696296296296296,-0.32032744180248823,False,False,27,3,1500,0.4073333333333333,,Solid Geometry,
family,deepseek_v4_1_flash,POOLED,False,1350,0.35333333333333333,0.34,-0.020618556701030886,False,False,27,3,1500,0.38066666666666665,1350,0.3674074074074074,0.36962962962962964,0.0035128805620609125,False,False,27,3,1500,0.4073333333333333,,Solid Geometry,
family,deepseek_v4_1_flash,MACRO,True,750,0.3320000000000001,0.30400000000000005,-0.07822586211947913,False,False,15,0,750,0.304,750,0.3320000000000001,0.3066666666666667,-0.07346395735757437,False,False,15,0,750,0.30666666666666664,,Topological,
family,deepseek_v4_1_flash,POOLED,True,750,0.332,0.304,-0.0419161676646707,False,False,15,0,750,0.304,750,0.332,0.30666666666666664,-0.03792415169660685,False,False,15,0,750,0.30666666666666664,,Topological,
family,deepseek_v4_1_flash,MACRO,False,750,0.3320000000000001,0.30400000000000005,-0.07822586211947913,False,False,15,0,750,0.304,750,0.3320000000000001,0.3066666666666667,-0.07346395735757437,False,False,15,0,750,0.30666666666666664,,Topological,
family,deepseek_v4_1_flash,POOLED,False,750,0.332,0.304,-0.0419161676646707,False,False,15,0,750,0.304,750,0.332,0.30666666666666664,-0.03792415169660685,False,False,15,0,750,0.30666666666666664,,Topological,
family,deepseek_v4_1_flash,MACRO,True,1450,0.36482758620689654,0.446896551724138,0.130242556456332,False,False,29,1,1500,0.464,1450,0.36482758620689654,0.47034482758620694,0.17621956795058488,False,False,29,1,1500,0.4866666666666667,,Transformational,
family,deepseek_v4_1_flash,POOLED,True,1450,0.36482758620689654,0.44689655172413795,0.12920738327904457,False,False,29,1,1500,0.464,1450,0.36482758620689654,0.4703448275862069,0.16612377850162868,False,False,29,1,1500,0.4866666666666667,,Transformational,
family,deepseek_v4_1_flash,MACRO,False,1450,0.36482758620689654,0.446896551724138,0.130242556456332,False,False,29,1,1500,0.464,1450,0.36482758620689654,0.47034482758620694,0.17621956795058488,False,False,29,1,1500,0.4866666666666667,,Transformational,
family,deepseek_v4_1_flash,POOLED,False,1450,0.36482758620689654,0.44689655172413795,0.12920738327904457,False,False,29,1,1500,0.464,1450,0.36482758620689654,0.4703448275862069,0.16612377850162868,False,False,29,1,1500,0.4866666666666667,,Transformational,
family,gemini_3_8_flash,MACRO,True,500,0.21200000000000005,0.792,0.7808315240990014,False,False,10,0,500,0.792,500,0.21200000000000005,0.792,0.7808315240990014,False,False,10,0,500,0.792,,Analytic,
family,gemini_3_8_flash,POOLED,True,500,0.212,0.792,0.7360406091370559,False,False,10,0,500,0.792,500,0.212,0.792,0.7360406091370559,False,False,10,0,500,0.792,,Analytic,
family,gemini_3_8_flash,MACRO,False,500,0.21200000000000005,0.792,0.7808315240990014,False,False,10,0,500,0.792,500,0.21200000000000005,0.792,0.7808315240990014,False,False,10,0,500,0.792,,Analytic,
family,gemini_3_8_flash,POOLED,False,500,0.212,0.792,0.7360406091370559,False,False,10,0,500,0.792,500,0.212,0.792,0.7360406091370559,False,False,10,0,500,0.792,,Analytic,
family,gemini_3_8_flash,MACRO,True,250,0.36,0.8320000000000001,0.759062256828624,False,False,5,0,250,0.832,250,0.36,0.8320000000000001,0.759062256828624,False,False,5,0,250,0.832,,Inductive,
family,gemini_3_8_flash,POOLED,True,250,0.36,0.832,0.7374999999999999,False,False,5,0,250,0.832,250,0.36,0.832,0.7374999999999999,False,False,5,0,250,0.832,,Inductive,
family,gemini_3_8_flash,MACRO,False,250,0.36,0.8320000000000001,0.759062256828624,False,False,5,0,250,0.832,250,0.36,0.8320000000000001,0.759062256828624,False,False,5,0,250,0.832,,Inductive,
family,gemini_3_8_flash,POOLED,False,250,0.36,0.832,0.7374999999999999,False,False,5,0,250,0.832,250,0.36,0.832,0.7374999999999999,False,False,5,0,250,0.832,,Inductive,
family,gemini_3_8_flash,MACRO,True,450,0.4911111111111111,0.5377777777777778,0.023973450724471497,False,False,9,1,500,0.584,450,0.4911111111111111,0.5777777777777778,0.10730678405780483,False,False,9,1,500,0.62,,Optical,
family,gemini_3_8_flash,POOLED,True,450,0.4911111111111111,0.5377777777777778,0.09170305676855899,False,False,9,1,500,0.584,450,0.4911111111111111,0.5777777777777777,0.17030567685589507,False,False,9,1,500,0.62,,Optical,
family,gemini_3_8_flash,MACRO,False,450,0.4911111111111111,0.5377777777777778,0.023973450724471497,False,False,9,1,500,0.584,450,0.4911111111111111,0.5777777777777778,0.10730678405780483,False,False,9,1,500,0.62,,Optical,
family,gemini_3_8_flash,POOLED,False,450,0.4911111111111111,0.5377777777777778,0.09170305676855899,False,False,9,1,500,0.584,450,0.4911111111111111,0.5777777777777777,0.17030567685589507,False,False,9,1,500,0.62,,Optical,
family,gemini_3_8_flash,MACRO,True,1700,0.3058823529411765,0.64,0.49048596502013075,False,False,34,1,1750,0.6217142857142857,1700,0.3270588235294118,0.7888235294117648,0.6916347240814619,False,False,34,1,1750,0.7937142857142857,,Physical & Mechanical,
family,gemini_3_8_flash,POOLED,True,1700,0.3058823529411765,0.64,0.48135593220338985,False,False,34,1,1750,0.6217142857142857,1700,0.3270588235294118,0.7888235294117647,0.6861888111888113,False,False,34,1,1750,0.7937142857142857,,Physical & Mechanical,
family,gemini_3_8_flash,MACRO,False,1700,0.3058823529411765,0.64,0.49048596502013075,False,False,34,1,1750,0.6217142857142857,1700,0.3270588235294118,0.7888235294117648,0.6916347240814619,False,False,34,1,1750,0.7937142857142857,,Physical & Mechanical,
family,gemini_3_8_flash,POOLED,False,1700,0.3058823529411765,0.64,0.48135593220338985,False,False,34,1,1750,0.6217142857142857,1700,0.3270588235294118,0.7888235294117647,0.6861888111888113,False,False,34,1,1750,0.7937142857142857,,Physical & Mechanical,
family,gemini_3_8_flash,MACRO,True,1250,0.29760000000000003,0.6368,0.5206013107101154,False,False,25,0,1250,0.6368,1250,0.29760000000000003,0.6504000000000001,0.5389054042773669,False,False,25,0,1250,0.6504,,Plane Geometry,
family,gemini_3_8_flash,POOLED,True,1250,0.2976,0.6368,0.4829157175398634,False,False,25,0,1250,0.6368,1250,0.2976,0.6504,0.5022779043280182,False,False,25,0,1250,0.6504,,Plane Geometry,
family,gemini_3_8_flash,MACRO,False,1250,0.29760000000000003,0.6368,0.5206013107101154,False,False,25,0,1250,0.6368,1250,0.29760000000000003,0.6504000000000001,0.5389054042773669,False,False,25,0,1250,0.6504,,Plane Geometry,
family,gemini_3_8_flash,POOLED,False,1250,0.2976,0.6368,0.4829157175398634,False,False,25,0,1250,0.6368,1250,0.2976,0.6504,0.5022779043280182,False,False,25,0,1250,0.6504,,Plane Geometry,
family,gemini_3_8_flash,MACRO,True,500,0.348,0.68,0.4323556634469166,False,False,10,0,500,0.68,500,0.348,0.68,0.4323556634469166,False,False,10,0,500,0.68,,Projective,
family,gemini_3_8_flash,POOLED,True,500,0.348,0.68,0.5092024539877301,False,False,10,0,500,0.68,500,0.348,0.68,0.5092024539877301,False,False,10,0,500,0.68,,Projective,
family,gemini_3_8_flash,MACRO,False,500,0.348,0.68,0.4323556634469166,False,False,10,0,500,0.68,500,0.348,0.68,0.4323556634469166,False,False,10,0,500,0.68,,Projective,
family,gemini_3_8_flash,POOLED,False,500,0.348,0.68,0.5092024539877301,False,False,10,0,500,0.68,500,0.348,0.68,0.5092024539877301,False,False,10,0,500,0.68,,Projective,
family,gemini_3_8_flash,MACRO,True,1350,0.3533333333333334,0.582962962962963,0.3289698695200552,False,False,27,3,1500,0.604,1350,0.36740740740740746,0.5948148148148149,0.314124822907559,False,False,27,3,1500,0.6146666666666667,,Solid Geometry,
family,gemini_3_8_flash,POOLED,True,1350,0.35333333333333333,0.582962962962963,0.35509736540664383,False,False,27,3,1500,0.604,1350,0.3674074074074074,0.5948148148148148,0.35948477751756436,False,False,27,3,1500,0.6146666666666667,,Solid Geometry,
family,gemini_3_8_flash,MACRO,False,1350,0.3533333333333334,0.582962962962963,0.3289698695200552,False,False,27,3,1500,0.604,1350,0.36740740740740746,0.5948148148148149,0.314124822907559,False,False,27,3,1500,0.6146666666666667,,Solid Geometry,
family,gemini_3_8_flash,POOLED,False,1350,0.35333333333333333,0.582962962962963,0.35509736540664383,False,False,27,3,1500,0.604,1350,0.3674074074074074,0.5948148148148148,0.35948477751756436,False,False,27,3,1500,0.6146666666666667,,Solid Geometry,
family,gemini_3_8_flash,MACRO,True,750,0.3320000000000001,0.5559999999999999,0.27839173379598914,False,False,15,0,750,0.556,750,0.3320000000000001,0.5773333333333334,0.31648697189122726,False,False,15,0,750,0.5773333333333334,,Topological,
family,gemini_3_8_flash,POOLED,True,750,0.332,0.556,0.33532934131736536,False,False,15,0,750,0.556,750,0.332,0.5773333333333334,0.3672654690618763,False,False,15,0,750,0.5773333333333334,,Topological,
family,gemini_3_8_flash,MACRO,False,750,0.3320000000000001,0.5559999999999999,0.27839173379598914,False,False,15,0,750,0.556,750,0.3320000000000001,0.5773333333333334,0.31648697189122726,False,False,15,0,750,0.5773333333333334,,Topological,
family,gemini_3_8_flash,POOLED,False,750,0.332,0.556,0.33532934131736536,False,False,15,0,750,0.556,750,0.332,0.5773333333333334,0.3672654690618763,False,False,15,0,750,0.5773333333333334,,Topological,
family,gemini_3_8_flash,MACRO,True,1450,0.36482758620689654,0.6724137931034484,0.5036724126223544,False,False,29,1,1500,0.6713333333333333,1450,0.36482758620689654,0.6986206896551724,0.5543516184739742,False,False,29,1,1500,0.6966666666666667,,Transformational,
family,gemini_3_8_flash,POOLED,True,1450,0.36482758620689654,0.6724137931034483,0.484256243213898,False,False,29,1,1500,0.6713333333333333,1450,0.36482758620689654,0.6986206896551724,0.5255157437567862,False,False,29,1,1500,0.6966666666666667,,Transformational,
family,gemini_3_8_flash,MACRO,False,1450,0.36482758620689654,0.6724137931034484,0.5036724126223544,False,False,29,1,1500,0.6713333333333333,1450,0.36482758620689654,0.6986206896551724,0.5543516184739742,False,False,29,1,1500,0.6966666666666667,,Transformational,
family,gemini_3_8_flash,POOLED,False,1450,0.36482758620689654,0.6724137931034483,0.484256243213898,False,False,29,1,1500,0.6713333333333333,1450,0.36482758620689654,0.6986206896551724,0.5255157437567862,False,False,29,1,1500,0.6966666666666667,,Transformational,
family,gpt_5_6_luna,MACRO,True,500,0.21200000000000005,0.476,0.4094335426478284,False,False,10,0,500,0.476,500,0.21200000000000005,0.476,0.4094335426478284,False,False,10,0,500,0.476,,Analytic,
family,gpt_5_6_luna,POOLED,True,500,0.212,0.476,0.3350253807106599,False,False,10,0,500,0.476,500,0.212,0.476,0.3350253807106599,False,False,10,0,500,0.476,,Analytic,
family,gpt_5_6_luna,MACRO,False,500,0.21200000000000005,0.476,0.4094335426478284,False,False,10,0,500,0.476,500,0.21200000000000005,0.476,0.4094335426478284,False,False,10,0,500,0.476,,Analytic,
family,gpt_5_6_luna,POOLED,False,500,0.212,0.476,0.3350253807106599,False,False,10,0,500,0.476,500,0.212,0.476,0.3350253807106599,False,False,10,0,500,0.476,,Analytic,
family,gpt_5_6_luna,MACRO,True,250,0.36,0.5160000000000001,0.13912262528437108,False,False,5,0,250,0.516,250,0.36,0.5160000000000001,0.13912262528437108,False,False,5,0,250,0.516,,Inductive,
family,gpt_5_6_luna,POOLED,True,250,0.36,0.516,0.24375000000000005,False,False,5,0,250,0.516,250,0.36,0.516,0.24375000000000005,False,False,5,0,250,0.516,,Inductive,
family,gpt_5_6_luna,MACRO,False,250,0.36,0.5160000000000001,0.13912262528437108,False,False,5,0,250,0.516,250,0.36,0.5160000000000001,0.13912262528437108,False,False,5,0,250,0.516,,Inductive,
family,gpt_5_6_luna,POOLED,False,250,0.36,0.516,0.24375000000000005,False,False,5,0,250,0.516,250,0.36,0.516,0.24375000000000005,False,False,5,0,250,0.516,,Inductive,
family,gpt_5_6_luna,MACRO,True,450,0.4911111111111111,0.2911111111111111,-0.48840373367190204,False,False,9,1,500,0.36,450,0.4911111111111111,0.30000000000000004,-0.46988521515338344,False,False,9,1,500,0.368,,Optical,
family,gpt_5_6_luna,POOLED,True,450,0.4911111111111111,0.2911111111111111,-0.3930131004366812,False,False,9,1,500,0.36,450,0.4911111111111111,0.3,-0.37554585152838427,False,False,9,1,500,0.368,,Optical,
family,gpt_5_6_luna,MACRO,False,450,0.4911111111111111,0.2911111111111111,-0.48840373367190204,False,False,9,1,500,0.36,450,0.4911111111111111,0.30000000000000004,-0.46988521515338344,False,False,9,1,500,0.368,,Optical,
family,gpt_5_6_luna,POOLED,False,450,0.4911111111111111,0.2911111111111111,-0.3930131004366812,False,False,9,1,500,0.36,450,0.4911111111111111,0.3,-0.37554585152838427,False,False,9,1,500,0.368,,Optical,
family,gpt_5_6_luna,MACRO,True,1700,0.3058823529411765,0.4470588235294118,0.16201009268555866,False,False,34,1,1750,0.4342857142857143,1700,0.3270588235294118,0.5141176470588236,0.26633815162778873,False,False,34,1,1750,0.528,,Physical & Mechanical,
family,gpt_5_6_luna,POOLED,True,1700,0.3058823529411765,0.4470588235294118,0.2033898305084746,False,False,34,1,1750,0.4342857142857143,1700,0.3270588235294118,0.5141176470588236,0.277972027972028,False,False,34,1,1750,0.528,,Physical & Mechanical,
family,gpt_5_6_luna,MACRO,False,1700,0.3058823529411765,0.4470588235294118,0.16201009268555866,False,False,34,1,1750,0.4342857142857143,1700,0.3270588235294118,0.5141176470588236,0.26633815162778873,False,False,34,1,1750,0.528,,Physical & Mechanical,
family,gpt_5_6_luna,POOLED,False,1700,0.3058823529411765,0.4470588235294118,0.2033898305084746,False,False,34,1,1750,0.4342857142857143,1700,0.3270588235294118,0.5141176470588236,0.277972027972028,False,False,34,1,1750,0.528,,Physical & Mechanical,
family,gpt_5_6_luna,MACRO,True,1250,0.29760000000000003,0.41840000000000005,0.16650914059784225,False,False,25,0,1250,0.4184,1250,0.29760000000000003,0.4264,0.17715241545164342,False,False,25,0,1250,0.4264,,Plane Geometry,
family,gpt_5_6_luna,POOLED,True,1250,0.2976,0.4184,0.17198177676537588,False,False,25,0,1250,0.4184,1250,0.2976,0.4264,0.183371298405467,False,False,25,0,1250,0.4264,,Plane Geometry,
family,gpt_5_6_luna,MACRO,False,1250,0.29760000000000003,0.41840000000000005,0.16650914059784225,False,False,25,0,1250,0.4184,1250,0.29760000000000003,0.4264,0.17715241545164342,False,False,25,0,1250,0.4264,,Plane Geometry,
family,gpt_5_6_luna,POOLED,False,1250,0.2976,0.4184,0.17198177676537588,False,False,25,0,1250,0.4184,1250,0.2976,0.4264,0.183371298405467,False,False,25,0,1250,0.4264,,Plane Geometry,
family,gpt_5_6_luna,MACRO,True,500,0.348,0.38,0.0032569616121971177,False,False,10,0,500,0.38,500,0.348,0.38,0.0032569616121971177,False,False,10,0,500,0.38,,Projective,
family,gpt_5_6_luna,POOLED,True,500,0.348,0.38,0.04907975460122704,False,False,10,0,500,0.38,500,0.348,0.38,0.04907975460122704,False,False,10,0,500,0.38,,Projective,
family,gpt_5_6_luna,MACRO,False,500,0.348,0.38,0.0032569616121971177,False,False,10,0,500,0.38,500,0.348,0.38,0.0032569616121971177,False,False,10,0,500,0.38,,Projective,
family,gpt_5_6_luna,POOLED,False,500,0.348,0.38,0.04907975460122704,False,False,10,0,500,0.38,500,0.348,0.38,0.04907975460122704,False,False,10,0,500,0.38,,Projective,
family,gpt_5_6_luna,MACRO,True,1350,0.3533333333333334,0.40592592592592597,0.0016011915161051038,False,False,27,3,1500,0.44266666666666665,1350,0.36740740740740746,0.4437037037037037,0.030282529859279175,False,False,27,3,1500,0.4766666666666667,,Solid Geometry,
family,gpt_5_6_luna,POOLED,True,1350,0.35333333333333333,0.4059259259259259,0.08132875143184419,False,False,27,3,1500,0.44266666666666665,1350,0.3674074074074074,0.4437037037037037,0.1206088992974239,False,False,27,3,1500,0.4766666666666667,,Solid Geometry,
family,gpt_5_6_luna,MACRO,False,1350,0.3533333333333334,0.40592592592592597,0.0016011915161051038,False,False,27,3,1500,0.44266666666666665,1350,0.36740740740740746,0.4437037037037037,0.030282529859279175,False,False,27,3,1500,0.4766666666666667,,Solid Geometry,
family,gpt_5_6_luna,POOLED,False,1350,0.35333333333333333,0.4059259259259259,0.08132875143184419,False,False,27,3,1500,0.44266666666666665,1350,0.3674074074074074,0.4437037037037037,0.1206088992974239,False,False,27,3,1500,0.4766666666666667,,Solid Geometry,
family,gpt_5_6_luna,MACRO,True,750,0.3320000000000001,0.296,-0.0801578760430944,False,False,15,0,750,0.296,750,0.3320000000000001,0.3,-0.07301501890023726,False,False,15,0,750,0.3,,Topological,
family,gpt_5_6_luna,POOLED,True,750,0.332,0.296,-0.05389221556886233,False,False,15,0,750,0.296,750,0.332,0.3,-0.04790419161676651,False,False,15,0,750,0.3,,Topological,
family,gpt_5_6_luna,MACRO,False,750,0.3320000000000001,0.296,-0.0801578760430944,False,False,15,0,750,0.296,750,0.3320000000000001,0.3,-0.07301501890023726,False,False,15,0,750,0.3,,Topological,
family,gpt_5_6_luna,POOLED,False,750,0.332,0.296,-0.05389221556886233,False,False,15,0,750,0.296,750,0.332,0.3,-0.04790419161676651,False,False,15,0,750,0.3,,Topological,
family,gpt_5_6_luna,MACRO,True,1450,0.36482758620689654,0.4241379310344827,0.08511813915650249,False,False,29,1,1500,0.44133333333333336,1450,0.36482758620689654,0.4406896551724138,0.11542116945953279,False,False,29,1,1500,0.4573333333333333,,Transformational,
family,gpt_5_6_luna,POOLED,True,1450,0.36482758620689654,0.4241379310344828,0.09337676438653643,False,False,29,1,1500,0.44133333333333336,1450,0.36482758620689654,0.4406896551724138,0.11943539630836054,False,False,29,1,1500,0.4573333333333333,,Transformational,
family,gpt_5_6_luna,MACRO,False,1450,0.36482758620689654,0.4241379310344827,0.08511813915650249,False,False,29,1,1500,0.44133333333333336,1450,0.36482758620689654,0.4406896551724138,0.11542116945953279,False,False,29,1,1500,0.4573333333333333,,Transformational,
family,gpt_5_6_luna,POOLED,False,1450,0.36482758620689654,0.4241379310344828,0.09337676438653643,False,False,29,1,1500,0.44133333333333336,1450,0.36482758620689654,0.4406896551724138,0.11943539630836054,False,False,29,1,1500,0.4573333333333333,,Transformational,
family,gpt_5_6_sol,MACRO,True,500,0.21200000000000005,0.5980000000000001,0.5609270199307794,False,False,10,0,500,0.598,500,0.21200000000000005,0.5980000000000001,0.5609270199307794,False,False,10,0,500,0.598,,Analytic,
family,gpt_5_6_sol,POOLED,True,500,0.212,0.598,0.4898477157360406,False,False,10,0,500,0.598,500,0.212,0.598,0.4898477157360406,False,False,10,0,500,0.598,,Analytic,
family,gpt_5_6_sol,MACRO,False,500,0.21200000000000005,0.5980000000000001,0.5609270199307794,False,False,10,0,500,0.598,500,0.21200000000000005,0.5980000000000001,0.5609270199307794,False,False,10,0,500,0.598,,Analytic,
family,gpt_5_6_sol,POOLED,False,500,0.212,0.598,0.4898477157360406,False,False,10,0,500,0.598,500,0.212,0.598,0.4898477157360406,False,False,10,0,500,0.598,,Analytic,
family,gpt_5_6_sol,MACRO,True,250,0.36,0.6319999999999999,0.3213840137588533,False,False,5,0,250,0.632,250,0.36,0.6319999999999999,0.3213840137588533,False,False,5,0,250,0.632,,Inductive,
family,gpt_5_6_sol,POOLED,True,250,0.36,0.632,0.42500000000000004,False,False,5,0,250,0.632,250,0.36,0.632,0.42500000000000004,False,False,5,0,250,0.632,,Inductive,
family,gpt_5_6_sol,MACRO,False,250,0.36,0.6319999999999999,0.3213840137588533,False,False,5,0,250,0.632,250,0.36,0.6319999999999999,0.3213840137588533,False,False,5,0,250,0.632,,Inductive,
family,gpt_5_6_sol,POOLED,False,250,0.36,0.632,0.42500000000000004,False,False,5,0,250,0.632,250,0.36,0.632,0.42500000000000004,False,False,5,0,250,0.632,,Inductive,
family,gpt_5_6_sol,MACRO,True,450,0.4911111111111111,0.31333333333333335,-0.4527413898011106,False,False,9,1,500,0.382,450,0.4911111111111111,0.3266666666666667,-0.4249636120233329,False,False,9,1,500,0.394,,Optical,
family,gpt_5_6_sol,POOLED,True,450,0.4911111111111111,0.31333333333333335,-0.3493449781659388,False,False,9,1,500,0.382,450,0.4911111111111111,0.32666666666666666,-0.3231441048034934,False,False,9,1,500,0.394,,Optical,
family,gpt_5_6_sol,MACRO,False,450,0.4911111111111111,0.31333333333333335,-0.4527413898011106,False,False,9,1,500,0.382,450,0.4911111111111111,0.3266666666666667,-0.4249636120233329,False,False,9,1,500,0.394,,Optical,
family,gpt_5_6_sol,POOLED,False,450,0.4911111111111111,0.31333333333333335,-0.3493449781659388,False,False,9,1,500,0.382,450,0.4911111111111111,0.32666666666666666,-0.3231441048034934,False,False,9,1,500,0.394,,Optical,
family,gpt_5_6_sol,MACRO,True,1700,0.3058823529411765,0.5247058823529411,0.32040930485976193,False,False,34,1,1750,0.5097142857142857,1700,0.3270588235294118,0.6205882352941176,0.45613705990393205,False,False,34,1,1750,0.6314285714285715,,Physical & Mechanical,
family,gpt_5_6_sol,POOLED,True,1700,0.3058823529411765,0.5247058823529411,0.3152542372881355,False,False,34,1,1750,0.5097142857142857,1700,0.3270588235294118,0.6205882352941177,0.43618881118881125,False,False,34,1,1750,0.6314285714285715,,Physical & Mechanical,
family,gpt_5_6_sol,MACRO,False,1700,0.3058823529411765,0.5247058823529411,0.32040930485976193,False,False,34,1,1750,0.5097142857142857,1700,0.3270588235294118,0.6205882352941176,0.45613705990393205,False,False,34,1,1750,0.6314285714285715,,Physical & Mechanical,
family,gpt_5_6_sol,POOLED,False,1700,0.3058823529411765,0.5247058823529411,0.3152542372881355,False,False,34,1,1750,0.5097142857142857,1700,0.3270588235294118,0.6205882352941177,0.43618881118881125,False,False,34,1,1750,0.6314285714285715,,Physical & Mechanical,
family,gpt_5_6_sol,MACRO,True,1250,0.29760000000000003,0.5064,0.314813006211162,False,False,25,0,1250,0.5064,1250,0.29760000000000003,0.5176000000000001,0.3299007255094076,False,False,25,0,1250,0.5176,,Plane Geometry,
family,gpt_5_6_sol,POOLED,True,1250,0.2976,0.5064,0.2972665148063781,False,False,25,0,1250,0.5064,1250,0.2976,0.5176,0.31321184510250566,False,False,25,0,1250,0.5176,,Plane Geometry,
family,gpt_5_6_sol,MACRO,False,1250,0.29760000000000003,0.5064,0.314813006211162,False,False,25,0,1250,0.5064,1250,0.29760000000000003,0.5176000000000001,0.3299007255094076,False,False,25,0,1250,0.5176,,Plane Geometry,
family,gpt_5_6_sol,POOLED,False,1250,0.2976,0.5064,0.2972665148063781,False,False,25,0,1250,0.5064,1250,0.2976,0.5176,0.31321184510250566,False,False,25,0,1250,0.5176,,Plane Geometry,
family,gpt_5_6_sol,MACRO,True,500,0.348,0.47800000000000004,0.11941509997649609,False,False,10,0,500,0.478,500,0.348,0.47800000000000004,0.11941509997649609,False,False,10,0,500,0.478,,Projective,
family,gpt_5_6_sol,POOLED,True,500,0.348,0.478,0.19938650306748465,False,False,10,0,500,0.478,500,0.348,0.478,0.19938650306748465,False,False,10,0,500,0.478,,Projective,
family,gpt_5_6_sol,MACRO,False,500,0.348,0.47800000000000004,0.11941509997649609,False,False,10,0,500,0.478,500,0.348,0.47800000000000004,0.11941509997649609,False,False,10,0,500,0.478,,Projective,
family,gpt_5_6_sol,POOLED,False,500,0.348,0.478,0.19938650306748465,False,False,10,0,500,0.478,500,0.348,0.478,0.19938650306748465,False,False,10,0,500,0.478,,Projective,
family,gpt_5_6_sol,MACRO,True,1350,0.3533333333333334,0.5044444444444446,0.23617450119483951,False,False,27,3,1500,0.5306666666666666,1350,0.36740740740740746,0.5437037037037038,0.27844935142404587,False,False,27,3,1500,0.566,,Solid Geometry,
family,gpt_5_6_sol,POOLED,True,1350,0.35333333333333333,0.5044444444444445,0.2336769759450172,False,False,27,3,1500,0.5306666666666666,1350,0.3674074074074074,0.5437037037037037,0.2786885245901639,False,False,27,3,1500,0.566,,Solid Geometry,
family,gpt_5_6_sol,MACRO,False,1350,0.3533333333333334,0.5044444444444446,0.23617450119483951,False,False,27,3,1500,0.5306666666666666,1350,0.36740740740740746,0.5437037037037038,0.27844935142404587,False,False,27,3,1500,0.566,,Solid Geometry,
family,gpt_5_6_sol,POOLED,False,1350,0.35333333333333333,0.5044444444444445,0.2336769759450172,False,False,27,3,1500,0.5306666666666666,1350,0.3674074074074074,0.5437037037037037,0.2786885245901639,False,False,27,3,1500,0.566,,Solid Geometry,
family,gpt_5_6_sol,MACRO,True,750,0.3320000000000001,0.42933333333333334,0.13291714786087688,False,False,15,0,750,0.42933333333333334,750,0.3320000000000001,0.4426666666666667,0.1567266716704007,False,False,15,0,750,0.44266666666666665,,Topological,
family,gpt_5_6_sol,POOLED,True,750,0.332,0.42933333333333334,0.14570858283433136,False,False,15,0,750,0.42933333333333334,750,0.332,0.44266666666666665,0.16566866267465066,False,False,15,0,750,0.44266666666666665,,Topological,
family,gpt_5_6_sol,MACRO,False,750,0.3320000000000001,0.42933333333333334,0.13291714786087688,False,False,15,0,750,0.42933333333333334,750,0.3320000000000001,0.4426666666666667,0.1567266716704007,False,False,15,0,750,0.44266666666666665,,Topological,
family,gpt_5_6_sol,POOLED,False,750,0.332,0.42933333333333334,0.14570858283433136,False,False,15,0,750,0.42933333333333334,750,0.332,0.44266666666666665,0.16566866267465066,False,False,15,0,750,0.44266666666666665,,Topological,
family,gpt_5_6_sol,MACRO,True,1450,0.36482758620689654,0.4917241379310345,0.21062396790757848,False,False,29,1,1500,0.5086666666666667,1450,0.36482758620689654,0.516551724137931,0.258690843560661,False,False,29,1,1500,0.5326666666666666,,Transformational,
family,gpt_5_6_sol,POOLED,True,1450,0.36482758620689654,0.4917241379310345,0.19978284473398483,False,False,29,1,1500,0.5086666666666667,1450,0.36482758620689654,0.516551724137931,0.238870792616721,False,False,29,1,1500,0.5326666666666666,,Transformational,
family,gpt_5_6_sol,MACRO,False,1450,0.36482758620689654,0.4917241379310345,0.21062396790757848,False,False,29,1,1500,0.5086666666666667,1450,0.36482758620689654,0.516551724137931,0.258690843560661,False,False,29,1,1500,0.5326666666666666,,Transformational,
family,gpt_5_6_sol,POOLED,False,1450,0.36482758620689654,0.4917241379310345,0.19978284473398483,False,False,29,1,1500,0.5086666666666667,1450,0.36482758620689654,0.516551724137931,0.238870792616721,False,False,29,1,1500,0.5326666666666666,,Transformational,
family,grok_4_6,MACRO,True,500,0.21200000000000005,0.644,0.5814046187286468,False,False,10,0,500,0.644,500,0.21200000000000005,0.644,0.5814046187286468,False,False,10,0,500,0.644,,Analytic,
family,grok_4_6,POOLED,True,500,0.212,0.644,0.5482233502538072,False,False,10,0,500,0.644,500,0.212,0.644,0.5482233502538072,False,False,10,0,500,0.644,,Analytic,
family,grok_4_6,MACRO,False,500,0.21200000000000005,0.644,0.5814046187286468,False,False,10,0,500,0.644,500,0.21200000000000005,0.644,0.5814046187286468,False,False,10,0,500,0.644,,Analytic,
family,grok_4_6,POOLED,False,500,0.212,0.644,0.5482233502538072,False,False,10,0,500,0.644,500,0.212,0.644,0.5482233502538072,False,False,10,0,500,0.644,,Analytic,
family,grok_4_6,MACRO,True,250,0.36,0.6519999999999999,0.3701678718880259,False,False,5,0,250,0.652,250,0.36,0.6519999999999999,0.3701678718880259,False,False,5,0,250,0.652,,Inductive,
family,grok_4_6,POOLED,True,250,0.36,0.652,0.45625000000000004,False,False,5,0,250,0.652,250,0.36,0.652,0.45625000000000004,False,False,5,0,250,0.652,,Inductive,
family,grok_4_6,MACRO,False,250,0.36,0.6519999999999999,0.3701678718880259,False,False,5,0,250,0.652,250,0.36,0.6519999999999999,0.3701678718880259,False,False,5,0,250,0.652,,Inductive,
family,grok_4_6,POOLED,False,250,0.36,0.652,0.45625000000000004,False,False,5,0,250,0.652,250,0.36,0.652,0.45625000000000004,False,False,5,0,250,0.652,,Inductive,
family,grok_4_6,MACRO,True,450,0.4911111111111111,0.30222222222222217,-0.4454412263252618,False,False,9,1,500,0.372,450,0.4911111111111111,0.32666666666666666,-0.3945153003993359,False,False,9,1,500,0.394,,Optical,
family,grok_4_6,POOLED,True,450,0.4911111111111111,0.3022222222222222,-0.37117903930130997,False,False,9,1,500,0.372,450,0.4911111111111111,0.32666666666666666,-0.3231441048034934,False,False,9,1,500,0.394,,Optical,
family,grok_4_6,MACRO,False,450,0.4911111111111111,0.30222222222222217,-0.4454412263252618,False,False,9,1,500,0.372,450,0.4911111111111111,0.32666666666666666,-0.3945153003993359,False,False,9,1,500,0.394,,Optical,
family,grok_4_6,POOLED,False,450,0.4911111111111111,0.3022222222222222,-0.37117903930130997,False,False,9,1,500,0.372,450,0.4911111111111111,0.32666666666666666,-0.3231441048034934,False,False,9,1,500,0.394,,Optical,
family,grok_4_6,MACRO,True,1700,0.3058823529411765,0.5929411764705882,0.45478504410666803,False,False,34,1,1750,0.576,1700,0.3270588235294118,0.7258823529411764,0.6188828328065487,False,False,34,1,1750,0.728,,Physical & Mechanical,
family,grok_4_6,POOLED,True,1700,0.3058823529411765,0.5929411764705882,0.4135593220338982,False,False,34,1,1750,0.576,1700,0.3270588235294118,0.7258823529411764,0.5926573426573426,False,False,34,1,1750,0.728,,Physical & Mechanical,
family,grok_4_6,MACRO,False,1700,0.3058823529411765,0.5929411764705882,0.45478504410666803,False,False,34,1,1750,0.576,1700,0.3270588235294118,0.7258823529411764,0.6188828328065487,False,False,34,1,1750,0.728,,Physical & Mechanical,
family,grok_4_6,POOLED,False,1700,0.3058823529411765,0.5929411764705882,0.4135593220338982,False,False,34,1,1750,0.576,1700,0.3270588235294118,0.7258823529411764,0.5926573426573426,False,False,34,1,1750,0.728,,Physical & Mechanical,
family,grok_4_6,MACRO,True,1250,0.29760000000000003,0.5096,0.3140278418328151,False,False,25,0,1250,0.5096,1250,0.29760000000000003,0.5208,0.32899860206673326,False,False,25,0,1250,0.5208,,Plane Geometry,
family,grok_4_6,POOLED,True,1250,0.2976,0.5096,0.30182232346241467,False,False,25,0,1250,0.5096,1250,0.2976,0.5208,0.3177676537585422,False,False,25,0,1250,0.5208,,Plane Geometry,
family,grok_4_6,MACRO,False,1250,0.29760000000000003,0.5096,0.3140278418328151,False,False,25,0,1250,0.5096,1250,0.29760000000000003,0.5208,0.32899860206673326,False,False,25,0,1250,0.5208,,Plane Geometry,
family,grok_4_6,POOLED,False,1250,0.2976,0.5096,0.30182232346241467,False,False,25,0,1250,0.5096,1250,0.2976,0.5208,0.3177676537585422,False,False,25,0,1250,0.5208,,Plane Geometry,
family,grok_4_6,MACRO,True,500,0.348,0.514,0.2030481167860268,False,False,10,0,500,0.514,500,0.348,0.514,0.2030481167860268,False,False,10,0,500,0.514,,Projective,
family,grok_4_6,POOLED,True,500,0.348,0.514,0.25460122699386506,False,False,10,0,500,0.514,500,0.348,0.514,0.25460122699386506,False,False,10,0,500,0.514,,Projective,
family,grok_4_6,MACRO,False,500,0.348,0.514,0.2030481167860268,False,False,10,0,500,0.514,500,0.348,0.514,0.2030481167860268,False,False,10,0,500,0.514,,Projective,
family,grok_4_6,POOLED,False,500,0.348,0.514,0.25460122699386506,False,False,10,0,500,0.514,500,0.348,0.514,0.25460122699386506,False,False,10,0,500,0.514,,Projective,
family,grok_4_6,MACRO,True,1350,0.3533333333333334,0.5014814814814815,0.28496639231957716,False,False,27,3,1500,0.5306666666666666,1350,0.36740740740740746,0.5437037037037037,0.3249886651337873,False,False,27,3,1500,0.5686666666666667,,Solid Geometry,
family,grok_4_6,POOLED,True,1350,0.35333333333333333,0.5014814814814815,0.22909507445589924,False,False,27,3,1500,0.5306666666666666,1350,0.3674074074074074,0.5437037037037037,0.2786885245901639,False,False,27,3,1500,0.5686666666666667,,Solid Geometry,
family,grok_4_6,MACRO,False,1350,0.3533333333333334,0.5014814814814815,0.28496639231957716,False,False,27,3,1500,0.5306666666666666,1350,0.36740740740740746,0.5437037037037037,0.3249886651337873,False,False,27,3,1500,0.5686666666666667,,Solid Geometry,
family,grok_4_6,POOLED,False,1350,0.35333333333333333,0.5014814814814815,0.22909507445589924,False,False,27,3,1500,0.5306666666666666,1350,0.3674074074074074,0.5437037037037037,0.2786885245901639,False,False,27,3,1500,0.5686666666666667,,Solid Geometry,
family,grok_4_6,MACRO,True,750,0.3320000000000001,0.392,0.07543415252625779,False,False,15,0,750,0.392,750,0.3320000000000001,0.40800000000000003,0.10400558109768637,False,False,15,0,750,0.408,,Topological,
family,grok_4_6,POOLED,True,750,0.332,0.392,0.08982035928143713,False,False,15,0,750,0.392,750,0.332,0.408,0.11377245508982031,False,False,15,0,750,0.408,,Topological,
family,grok_4_6,MACRO,False,750,0.3320000000000001,0.392,0.07543415252625779,False,False,15,0,750,0.392,750,0.3320000000000001,0.40800000000000003,0.10400558109768637,False,False,15,0,750,0.408,,Topological,
family,grok_4_6,POOLED,False,750,0.332,0.392,0.08982035928143713,False,False,15,0,750,0.392,750,0.332,0.408,0.11377245508982031,False,False,15,0,750,0.408,,Topological,
family,grok_4_6,MACRO,True,1450,0.36482758620689654,0.5158620689655172,0.27953294905192894,False,False,29,1,1500,0.5293333333333333,1450,0.36482758620689654,0.5393103448275862,0.3265548926255968,False,False,29,1,1500,0.552,,Transformational,
family,grok_4_6,POOLED,True,1450,0.36482758620689654,0.5158620689655172,0.23778501628664497,False,False,29,1,1500,0.5293333333333333,1450,0.36482758620689654,0.5393103448275862,0.27470141150922917,False,False,29,1,1500,0.552,,Transformational,
family,grok_4_6,MACRO,False,1450,0.36482758620689654,0.5158620689655172,0.27953294905192894,False,False,29,1,1500,0.5293333333333333,1450,0.36482758620689654,0.5393103448275862,0.3265548926255968,False,False,29,1,1500,0.552,,Transformational,
family,grok_4_6,POOLED,False,1450,0.36482758620689654,0.5158620689655172,0.23778501628664497,False,False,29,1,1500,0.5293333333333333,1450,0.36482758620689654,0.5393103448275862,0.27470141150922917,False,False,29,1,1500,0.552,,Transformational,
family,inking,MACRO,True,500,0.21200000000000005,0.36400000000000005,0.26959186261577883,False,False,10,0,500,0.364,500,0.21200000000000005,0.36400000000000005,0.26959186261577883,False,False,10,0,500,0.364,,Analytic,
family,inking,POOLED,True,500,0.212,0.364,0.19289340101522842,False,False,10,0,500,0.364,500,0.212,0.364,0.19289340101522842,False,False,10,0,500,0.364,,Analytic,
family,inking,MACRO,False,500,0.21200000000000005,0.36400000000000005,0.26959186261577883,False,False,10,0,500,0.364,500,0.21200000000000005,0.36400000000000005,0.26959186261577883,False,False,10,0,500,0.364,,Analytic,
family,inking,POOLED,False,500,0.212,0.364,0.19289340101522842,False,False,10,0,500,0.364,500,0.212,0.364,0.19289340101522842,False,False,10,0,500,0.364,,Analytic,
family,inking,MACRO,True,250,0.36,0.36800000000000005,-0.06838249215656149,False,False,5,0,250,0.368,250,0.36,0.36800000000000005,-0.06838249215656149,False,False,5,0,250,0.368,,Inductive,
family,inking,POOLED,True,250,0.36,0.368,0.012500000000000011,False,False,5,0,250,0.368,250,0.36,0.368,0.012500000000000011,False,False,5,0,250,0.368,,Inductive,
family,inking,MACRO,False,250,0.36,0.36800000000000005,-0.06838249215656149,False,False,5,0,250,0.368,250,0.36,0.36800000000000005,-0.06838249215656149,False,False,5,0,250,0.368,,Inductive,
family,inking,POOLED,False,250,0.36,0.368,0.012500000000000011,False,False,5,0,250,0.368,250,0.36,0.368,0.012500000000000011,False,False,5,0,250,0.368,,Inductive,
family,inking,MACRO,True,450,0.4911111111111111,0.26666666666666666,-0.5406618823193882,False,False,9,1,500,0.34,450,0.4911111111111111,0.28,-0.5128841045416104,False,False,9,1,500,0.352,,Optical,
family,inking,POOLED,True,450,0.4911111111111111,0.26666666666666666,-0.4410480349344978,False,False,9,1,500,0.34,450,0.4911111111111111,0.28,-0.4148471615720523,False,False,9,1,500,0.352,,Optical,
family,inking,MACRO,False,450,0.4911111111111111,0.26666666666666666,-0.5406618823193882,False,False,9,1,500,0.34,450,0.4911111111111111,0.28,-0.5128841045416104,False,False,9,1,500,0.352,,Optical,
family,inking,POOLED,False,450,0.4911111111111111,0.26666666666666666,-0.4410480349344978,False,False,9,1,500,0.34,450,0.4911111111111111,0.28,-0.4148471615720523,False,False,9,1,500,0.352,,Optical,
family,inking,MACRO,True,1700,0.3058823529411765,0.388235294117647,0.10713882194073374,False,False,34,1,1750,0.37714285714285717,1700,0.3270588235294118,0.4376470588235294,0.1583047355581951,False,False,34,1,1750,0.45371428571428574,,Physical & Mechanical,
family,inking,POOLED,True,1700,0.3058823529411765,0.38823529411764707,0.11864406779661016,False,False,34,1,1750,0.37714285714285717,1700,0.3270588235294118,0.4376470588235294,0.1643356643356643,False,False,34,1,1750,0.45371428571428574,,Physical & Mechanical,
family,inking,MACRO,False,1700,0.3058823529411765,0.388235294117647,0.10713882194073374,False,False,34,1,1750,0.37714285714285717,1700,0.3270588235294118,0.4376470588235294,0.1583047355581951,False,False,34,1,1750,0.45371428571428574,,Physical & Mechanical,
family,inking,POOLED,False,1700,0.3058823529411765,0.38823529411764707,0.11864406779661016,False,False,34,1,1750,0.37714285714285717,1700,0.3270588235294118,0.4376470588235294,0.1643356643356643,False,False,34,1,1750,0.45371428571428574,,Physical & Mechanical,
family,inking,MACRO,True,1250,0.29760000000000003,0.3688,0.10156540196778803,False,False,25,0,1250,0.3688,1250,0.29760000000000003,0.3736,0.10793967097363598,False,False,25,0,1250,0.3736,,Plane Geometry,
family,inking,POOLED,True,1250,0.2976,0.3688,0.10136674259681099,False,False,25,0,1250,0.3688,1250,0.2976,0.3736,0.10820045558086562,False,False,25,0,1250,0.3736,,Plane Geometry,
family,inking,MACRO,False,1250,0.29760000000000003,0.3688,0.10156540196778803,False,False,25,0,1250,0.3688,1250,0.29760000000000003,0.3736,0.10793967097363598,False,False,25,0,1250,0.3736,,Plane Geometry,
family,inking,POOLED,False,1250,0.2976,0.3688,0.10136674259681099,False,False,25,0,1250,0.3688,1250,0.2976,0.3736,0.10820045558086562,False,False,25,0,1250,0.3736,,Plane Geometry,
family,inking,MACRO,True,500,0.348,0.43800000000000006,0.1028267979061713,False,False,10,0,500,0.438,500,0.348,0.43800000000000006,0.1028267979061713,False,False,10,0,500,0.438,,Projective,
family,inking,POOLED,True,500,0.348,0.438,0.13803680981595096,False,False,10,0,500,0.438,500,0.348,0.438,0.13803680981595096,False,False,10,0,500,0.438,,Projective,
family,inking,MACRO,False,500,0.348,0.43800000000000006,0.1028267979061713,False,False,10,0,500,0.438,500,0.348,0.43800000000000006,0.1028267979061713,False,False,10,0,500,0.438,,Projective,
family,inking,POOLED,False,500,0.348,0.438,0.13803680981595096,False,False,10,0,500,0.438,500,0.348,0.438,0.13803680981595096,False,False,10,0,500,0.438,,Projective,
family,inking,MACRO,True,1350,0.3533333333333334,0.40074074074074073,-0.06601636507946997,False,False,27,3,1500,0.43133333333333335,1350,0.36740740740740746,0.44074074074074077,-0.032616398396144955,False,False,27,3,1500,0.4673333333333333,,Solid Geometry,
family,inking,POOLED,True,1350,0.35333333333333333,0.40074074074074073,0.07331042382588772,False,False,27,3,1500,0.43133333333333335,1350,0.3674074074074074,0.44074074074074077,0.11592505854800941,False,False,27,3,1500,0.4673333333333333,,Solid Geometry,
family,inking,MACRO,False,1350,0.3533333333333334,0.40074074074074073,-0.06601636507946997,False,False,27,3,1500,0.43133333333333335,1350,0.36740740740740746,0.44074074074074077,-0.032616398396144955,False,False,27,3,1500,0.4673333333333333,,Solid Geometry,
family,inking,POOLED,False,1350,0.35333333333333333,0.40074074074074073,0.07331042382588772,False,False,27,3,1500,0.43133333333333335,1350,0.3674074074074074,0.44074074074074077,0.11592505854800941,False,False,27,3,1500,0.4673333333333333,,Solid Geometry,
family,inking,MACRO,True,750,0.3320000000000001,0.28933333333333333,-0.08954847309158616,False,False,15,0,750,0.28933333333333333,750,0.3320000000000001,0.30533333333333335,-0.06097704452015763,False,False,15,0,750,0.30533333333333335,,Topological,
family,inking,POOLED,True,750,0.332,0.28933333333333333,-0.06387225548902199,False,False,15,0,750,0.28933333333333333,750,0.332,0.30533333333333335,-0.03992015968063874,False,False,15,0,750,0.30533333333333335,,Topological,
family,inking,MACRO,False,750,0.3320000000000001,0.28933333333333333,-0.08954847309158616,False,False,15,0,750,0.28933333333333333,750,0.3320000000000001,0.30533333333333335,-0.06097704452015763,False,False,15,0,750,0.30533333333333335,,Topological,
family,inking,POOLED,False,750,0.332,0.28933333333333333,-0.06387225548902199,False,False,15,0,750,0.28933333333333333,750,0.332,0.30533333333333335,-0.03992015968063874,False,False,15,0,750,0.30533333333333335,,Topological,
family,inking,MACRO,True,1450,0.36482758620689654,0.39379310344827584,0.05549856583668964,False,False,29,1,1500,0.414,1450,0.36482758620689654,0.4144827586206896,0.09677338297357575,False,False,29,1,1500,0.434,,Transformational,
family,inking,POOLED,True,1450,0.36482758620689654,0.39379310344827584,0.045602605863192175,False,False,29,1,1500,0.414,1450,0.36482758620689654,0.4144827586206897,0.07817589576547238,False,False,29,1,1500,0.434,,Transformational,
family,inking,MACRO,False,1450,0.36482758620689654,0.39379310344827584,0.05549856583668964,False,False,29,1,1500,0.414,1450,0.36482758620689654,0.4144827586206896,0.09677338297357575,False,False,29,1,1500,0.434,,Transformational,
family,inking,POOLED,False,1450,0.36482758620689654,0.39379310344827584,0.045602605863192175,False,False,29,1,1500,0.414,1450,0.36482758620689654,0.4144827586206897,0.07817589576547238,False,False,29,1,1500,0.434,,Transformational,
family,muse_glimmer_30b,MACRO,True,500,0.21200000000000005,0.4860000000000001,0.3870216345360322,False,False,10,0,500,0.486,500,0.21200000000000005,0.4860000000000001,0.3870216345360322,False,False,10,0,500,0.486,,Analytic,
family,muse_glimmer_30b,POOLED,True,500,0.212,0.486,0.3477157360406091,False,False,10,0,500,0.486,500,0.212,0.486,0.3477157360406091,False,False,10,0,500,0.486,,Analytic,
family,muse_glimmer_30b,MACRO,False,500,0.21200000000000005,0.4860000000000001,0.3870216345360322,False,False,10,0,500,0.486,500,0.21200000000000005,0.4860000000000001,0.3870216345360322,False,False,10,0,500,0.486,,Analytic,
family,muse_glimmer_30b,POOLED,False,500,0.212,0.486,0.3477157360406091,False,False,10,0,500,0.486,500,0.212,0.486,0.3477157360406091,False,False,10,0,500,0.486,,Analytic,
family,muse_glimmer_30b,MACRO,True,250,0.36,0.532,0.18384008802494042,False,False,5,0,250,0.532,250,0.36,0.532,0.18384008802494042,False,False,5,0,250,0.532,,Inductive,
family,muse_glimmer_30b,POOLED,True,250,0.36,0.532,0.26875000000000004,False,False,5,0,250,0.532,250,0.36,0.532,0.26875000000000004,False,False,5,0,250,0.532,,Inductive,
family,muse_glimmer_30b,MACRO,False,250,0.36,0.532,0.18384008802494042,False,False,5,0,250,0.532,250,0.36,0.532,0.18384008802494042,False,False,5,0,250,0.532,,Inductive,
family,muse_glimmer_30b,POOLED,False,250,0.36,0.532,0.26875000000000004,False,False,5,0,250,0.532,250,0.36,0.532,0.26875000000000004,False,False,5,0,250,0.532,,Inductive,
family,muse_glimmer_30b,MACRO,True,450,0.4911111111111111,0.24444444444444446,-0.5752198808726531,False,False,9,1,500,0.32,450,0.4911111111111111,0.2488888888888889,-0.5659606216133938,False,False,9,1,500,0.324,,Optical,
family,muse_glimmer_30b,POOLED,True,450,0.4911111111111111,0.24444444444444444,-0.48471615720524014,False,False,9,1,500,0.32,450,0.4911111111111111,0.24888888888888888,-0.47598253275109165,False,False,9,1,500,0.324,,Optical,
family,muse_glimmer_30b,MACRO,False,450,0.4911111111111111,0.24444444444444446,-0.5752198808726531,False,False,9,1,500,0.32,450,0.4911111111111111,0.2488888888888889,-0.5659606216133938,False,False,9,1,500,0.324,,Optical,
family,muse_glimmer_30b,POOLED,False,450,0.4911111111111111,0.24444444444444444,-0.48471615720524014,False,False,9,1,500,0.32,450,0.4911111111111111,0.24888888888888888,-0.47598253275109165,False,False,9,1,500,0.324,,Optical,
family,muse_glimmer_30b,MACRO,True,1700,0.3058823529411765,0.4700000000000001,0.18598378315012842,False,False,34,1,1750,0.4565714285714286,1700,0.3270588235294118,0.5711764705882354,0.34169809712343113,False,False,34,1,1750,0.5834285714285714,,Physical & Mechanical,
family,muse_glimmer_30b,POOLED,True,1700,0.3058823529411765,0.47,0.23644067796610163,False,False,34,1,1750,0.4565714285714286,1700,0.3270588235294118,0.5711764705882353,0.36276223776223776,False,False,34,1,1750,0.5834285714285714,,Physical & Mechanical,
family,muse_glimmer_30b,MACRO,False,1700,0.3058823529411765,0.4700000000000001,0.18598378315012842,False,False,34,1,1750,0.4565714285714286,1700,0.3270588235294118,0.5711764705882354,0.34169809712343113,False,False,34,1,1750,0.5834285714285714,,Physical & Mechanical,
family,muse_glimmer_30b,POOLED,False,1700,0.3058823529411765,0.47,0.23644067796610163,False,False,34,1,1750,0.4565714285714286,1700,0.3270588235294118,0.5711764705882353,0.36276223776223776,False,False,34,1,1750,0.5834285714285714,,Physical & Mechanical,
family,muse_glimmer_30b,MACRO,True,1250,0.29760000000000003,0.49040000000000006,0.2692904962624554,False,False,25,0,1250,0.4904,1250,0.29760000000000003,0.5024000000000001,0.2854308471396484,False,False,25,0,1250,0.5024,,Plane Geometry,
family,muse_glimmer_30b,POOLED,True,1250,0.2976,0.4904,0.2744874715261959,False,False,25,0,1250,0.4904,1250,0.2976,0.5024,0.29157175398633256,False,False,25,0,1250,0.5024,,Plane Geometry,
family,muse_glimmer_30b,MACRO,False,1250,0.29760000000000003,0.49040000000000006,0.2692904962624554,False,False,25,0,1250,0.4904,1250,0.29760000000000003,0.5024000000000001,0.2854308471396484,False,False,25,0,1250,0.5024,,Plane Geometry,
family,muse_glimmer_30b,POOLED,False,1250,0.2976,0.4904,0.2744874715261959,False,False,25,0,1250,0.4904,1250,0.2976,0.5024,0.29157175398633256,False,False,25,0,1250,0.5024,,Plane Geometry,
family,muse_glimmer_30b,MACRO,True,500,0.348,0.502,0.19354684885014994,False,False,10,0,500,0.502,500,0.348,0.502,0.19354684885014994,False,False,10,0,500,0.502,,Projective,
family,muse_glimmer_30b,POOLED,True,500,0.348,0.502,0.23619631901840493,False,False,10,0,500,0.502,500,0.348,0.502,0.23619631901840493,False,False,10,0,500,0.502,,Projective,
family,muse_glimmer_30b,MACRO,False,500,0.348,0.502,0.19354684885014994,False,False,10,0,500,0.502,500,0.348,0.502,0.19354684885014994,False,False,10,0,500,0.502,,Projective,
family,muse_glimmer_30b,POOLED,False,500,0.348,0.502,0.23619631901840493,False,False,10,0,500,0.502,500,0.348,0.502,0.23619631901840493,False,False,10,0,500,0.502,,Projective,
family,muse_glimmer_30b,MACRO,True,1350,0.3533333333333334,0.37925925925925935,-0.1160659611261722,False,False,27,3,1500,0.4093333333333333,1350,0.36740740740740746,0.41851851851851857,-0.1304285329266917,False,False,27,3,1500,0.44466666666666665,,Solid Geometry,
family,muse_glimmer_30b,POOLED,True,1350,0.35333333333333333,0.37925925925925924,0.04009163802978233,False,False,27,3,1500,0.4093333333333333,1350,0.3674074074074074,0.4185185185185185,0.08079625292740046,False,False,27,3,1500,0.44466666666666665,,Solid Geometry,
family,muse_glimmer_30b,MACRO,False,1350,0.3533333333333334,0.37925925925925935,-0.1160659611261722,False,False,27,3,1500,0.4093333333333333,1350,0.36740740740740746,0.41851851851851857,-0.1304285329266917,False,False,27,3,1500,0.44466666666666665,,Solid Geometry,
family,muse_glimmer_30b,POOLED,False,1350,0.35333333333333333,0.37925925925925924,0.04009163802978233,False,False,27,3,1500,0.4093333333333333,1350,0.3674074074074074,0.4185185185185185,0.08079625292740046,False,False,27,3,1500,0.44466666666666665,,Solid Geometry,
family,muse_glimmer_30b,MACRO,True,750,0.3320000000000001,0.3906666666666668,0.10052453850774119,False,False,15,0,750,0.39066666666666666,750,0.3320000000000001,0.41600000000000004,0.14576263374583645,False,False,15,0,750,0.416,,Topological,
family,muse_glimmer_30b,POOLED,True,750,0.332,0.39066666666666666,0.08782435129740516,False,False,15,0,750,0.39066666666666666,750,0.332,0.416,0.12574850299401194,False,False,15,0,750,0.416,,Topological,
family,muse_glimmer_30b,MACRO,False,750,0.3320000000000001,0.3906666666666668,0.10052453850774119,False,False,15,0,750,0.39066666666666666,750,0.3320000000000001,0.41600000000000004,0.14576263374583645,False,False,15,0,750,0.416,,Topological,
family,muse_glimmer_30b,POOLED,False,750,0.332,0.39066666666666666,0.08782435129740516,False,False,15,0,750,0.39066666666666666,750,0.332,0.416,0.12574850299401194,False,False,15,0,750,0.416,,Topological,
family,muse_glimmer_30b,MACRO,True,1450,0.36482758620689654,0.3986206896551724,0.030045234912896072,False,False,29,1,1500,0.4066666666666667,1450,0.36482758620689654,0.42,0.07184251808948959,False,False,29,1,1500,0.42733333333333334,,Transformational,
family,muse_glimmer_30b,POOLED,True,1450,0.36482758620689654,0.3986206896551724,0.0532030401737242,False,False,29,1,1500,0.4066666666666667,1450,0.36482758620689654,0.42,0.08686210640608036,False,False,29,1,1500,0.42733333333333334,,Transformational,
family,muse_glimmer_30b,MACRO,False,1450,0.36482758620689654,0.3986206896551724,0.030045234912896072,False,False,29,1,1500,0.4066666666666667,1450,0.36482758620689654,0.42,0.07184251808948959,False,False,29,1,1500,0.42733333333333334,,Transformational,
family,muse_glimmer_30b,POOLED,False,1450,0.36482758620689654,0.3986206896551724,0.0532030401737242,False,False,29,1,1500,0.4066666666666667,1450,0.36482758620689654,0.42,0.08686210640608036,False,False,29,1,1500,0.42733333333333334,,Transformational,
family,perplexity_sonar_pro,MACRO,True,500,0.21200000000000005,0.388,0.2937926263910106,False,False,10,0,500,0.388,500,0.21200000000000005,0.388,0.2937926263910106,False,False,10,0,500,0.388,,Analytic,
family,perplexity_sonar_pro,POOLED,True,500,0.212,0.388,0.2233502538071066,False,False,10,0,500,0.388,500,0.212,0.388,0.2233502538071066,False,False,10,0,500,0.388,,Analytic,
family,perplexity_sonar_pro,MACRO,False,500,0.21200000000000005,0.388,0.2937926263910106,False,False,10,0,500,0.388,500,0.21200000000000005,0.388,0.2937926263910106,False,False,10,0,500,0.388,,Analytic,
family,perplexity_sonar_pro,POOLED,False,500,0.212,0.388,0.2233502538071066,False,False,10,0,500,0.388,500,0.212,0.388,0.2233502538071066,False,False,10,0,500,0.388,,Analytic,
family,perplexity_sonar_pro,MACRO,True,250,0.36,0.42000000000000004,-0.0043794886028518665,False,False,5,0,250,0.42,250,0.36,0.42000000000000004,-0.0043794886028518665,False,False,5,0,250,0.42,,Inductive,
family,perplexity_sonar_pro,POOLED,True,250,0.36,0.42,0.09375,False,False,5,0,250,0.42,250,0.36,0.42,0.09375,False,False,5,0,250,0.42,,Inductive,
family,perplexity_sonar_pro,MACRO,False,250,0.36,0.42000000000000004,-0.0043794886028518665,False,False,5,0,250,0.42,250,0.36,0.42000000000000004,-0.0043794886028518665,False,False,5,0,250,0.42,,Inductive,
family,perplexity_sonar_pro,POOLED,False,250,0.36,0.42,0.09375,False,False,5,0,250,0.42,250,0.36,0.42,0.09375,False,False,5,0,250,0.42,,Inductive,
family,perplexity_sonar_pro,MACRO,True,450,0.4911111111111111,0.3244444444444445,-0.40687231541485136,False,False,9,1,500,0.392,450,0.4911111111111111,0.3266666666666667,-0.4022426857852218,False,False,9,1,500,0.394,,Optical,
family,perplexity_sonar_pro,POOLED,True,450,0.4911111111111111,0.3244444444444444,-0.32751091703056767,False,False,9,1,500,0.392,450,0.4911111111111111,0.32666666666666666,-0.3231441048034934,False,False,9,1,500,0.394,,Optical,
family,perplexity_sonar_pro,MACRO,False,450,0.4911111111111111,0.3244444444444445,-0.40687231541485136,False,False,9,1,500,0.392,450,0.4911111111111111,0.3266666666666667,-0.4022426857852218,False,False,9,1,500,0.394,,Optical,
family,perplexity_sonar_pro,POOLED,False,450,0.4911111111111111,0.3244444444444444,-0.32751091703056767,False,False,9,1,500,0.392,450,0.4911111111111111,0.32666666666666666,-0.3231441048034934,False,False,9,1,500,0.394,,Optical,
family,perplexity_sonar_pro,MACRO,True,1700,0.3058823529411765,0.42411764705882354,0.12144367390520033,False,False,34,1,1750,0.412,1700,0.3270588235294118,0.4964705882352941,0.15216434908687979,False,False,34,1,1750,0.5097142857142857,,Physical & Mechanical,
family,perplexity_sonar_pro,POOLED,True,1700,0.3058823529411765,0.42411764705882354,0.17033898305084744,False,False,34,1,1750,0.412,1700,0.3270588235294118,0.4964705882352941,0.2517482517482517,False,False,34,1,1750,0.5097142857142857,,Physical & Mechanical,
family,perplexity_sonar_pro,MACRO,False,1700,0.3058823529411765,0.42411764705882354,0.12144367390520033,False,False,34,1,1750,0.412,1700,0.3270588235294118,0.4964705882352941,0.15216434908687979,False,False,34,1,1750,0.5097142857142857,,Physical & Mechanical,
family,perplexity_sonar_pro,POOLED,False,1700,0.3058823529411765,0.42411764705882354,0.17033898305084744,False,False,34,1,1750,0.412,1700,0.3270588235294118,0.4964705882352941,0.2517482517482517,False,False,34,1,1750,0.5097142857142857,,Physical & Mechanical,
family,perplexity_sonar_pro,MACRO,True,1250,0.29760000000000003,0.412,0.1540653070675564,False,False,25,0,1250,0.412,1250,0.29760000000000003,0.41759999999999997,0.1614922076523517,False,False,25,0,1250,0.4176,,Plane Geometry,
family,perplexity_sonar_pro,POOLED,True,1250,0.2976,0.412,0.16287015945330297,False,False,25,0,1250,0.412,1250,0.2976,0.4176,0.17084282460136682,False,False,25,0,1250,0.4176,,Plane Geometry,
family,perplexity_sonar_pro,MACRO,False,1250,0.29760000000000003,0.412,0.1540653070675564,False,False,25,0,1250,0.412,1250,0.29760000000000003,0.41759999999999997,0.1614922076523517,False,False,25,0,1250,0.4176,,Plane Geometry,
family,perplexity_sonar_pro,POOLED,False,1250,0.2976,0.412,0.16287015945330297,False,False,25,0,1250,0.412,1250,0.2976,0.4176,0.17084282460136682,False,False,25,0,1250,0.4176,,Plane Geometry,
family,perplexity_sonar_pro,MACRO,True,500,0.348,0.402,0.0437342623034381,False,False,10,0,500,0.402,500,0.348,0.402,0.0437342623034381,False,False,10,0,500,0.402,,Projective,
family,perplexity_sonar_pro,POOLED,True,500,0.348,0.402,0.08282208588957063,False,False,10,0,500,0.402,500,0.348,0.402,0.08282208588957063,False,False,10,0,500,0.402,,Projective,
family,perplexity_sonar_pro,MACRO,False,500,0.348,0.402,0.0437342623034381,False,False,10,0,500,0.402,500,0.348,0.402,0.0437342623034381,False,False,10,0,500,0.402,,Projective,
family,perplexity_sonar_pro,POOLED,False,500,0.348,0.402,0.08282208588957063,False,False,10,0,500,0.402,500,0.348,0.402,0.08282208588957063,False,False,10,0,500,0.402,,Projective,
family,perplexity_sonar_pro,MACRO,True,1350,0.3533333333333334,0.39111111111111113,-0.07005396567971614,False,False,27,3,1500,0.42733333333333334,1350,0.36740740740740746,0.4081481481481482,-0.08984746399228823,False,False,27,3,1500,0.44266666666666665,,Solid Geometry,
family,perplexity_sonar_pro,POOLED,True,1350,0.35333333333333333,0.39111111111111113,0.058419243986254324,False,False,27,3,1500,0.42733333333333334,1350,0.3674074074074074,0.40814814814814815,0.06440281030444965,False,False,27,3,1500,0.44266666666666665,,Solid Geometry,
family,perplexity_sonar_pro,MACRO,False,1350,0.3533333333333334,0.39111111111111113,-0.07005396567971614,False,False,27,3,1500,0.42733333333333334,1350,0.36740740740740746,0.4081481481481482,-0.08984746399228823,False,False,27,3,1500,0.44266666666666665,,Solid Geometry,
family,perplexity_sonar_pro,POOLED,False,1350,0.35333333333333333,0.39111111111111113,0.058419243986254324,False,False,27,3,1500,0.42733333333333334,1350,0.3674074074074074,0.40814814814814815,0.06440281030444965,False,False,27,3,1500,0.44266666666666665,,Solid Geometry,
family,perplexity_sonar_pro,MACRO,True,750,0.3320000000000001,0.2933333333333333,-0.06916539435324433,False,False,15,0,750,0.29333333333333333,750,0.3320000000000001,0.30400000000000005,-0.05011777530562525,False,False,15,0,750,0.304,,Topological,
family,perplexity_sonar_pro,POOLED,True,750,0.332,0.29333333333333333,-0.05788423153692618,False,False,15,0,750,0.29333333333333333,750,0.332,0.304,-0.0419161676646707,False,False,15,0,750,0.304,,Topological,
family,perplexity_sonar_pro,MACRO,False,750,0.3320000000000001,0.2933333333333333,-0.06916539435324433,False,False,15,0,750,0.29333333333333333,750,0.3320000000000001,0.30400000000000005,-0.05011777530562525,False,False,15,0,750,0.304,,Topological,
family,perplexity_sonar_pro,POOLED,False,750,0.332,0.29333333333333333,-0.05788423153692618,False,False,15,0,750,0.29333333333333333,750,0.332,0.304,-0.0419161676646707,False,False,15,0,750,0.304,,Topological,
family,perplexity_sonar_pro,MACRO,True,1450,0.36482758620689654,0.41379310344827586,0.07090925173676856,False,False,29,1,1500,0.42133333333333334,1450,0.36482758620689654,0.4393103448275863,0.12054352550897338,False,False,29,1,1500,0.446,,Transformational,
family,perplexity_sonar_pro,POOLED,True,1450,0.36482758620689654,0.41379310344827586,0.07709011943539633,False,False,29,1,1500,0.42133333333333334,1450,0.36482758620689654,0.4393103448275862,0.11726384364820847,False,False,29,1,1500,0.446,,Transformational,
family,perplexity_sonar_pro,MACRO,False,1450,0.36482758620689654,0.41379310344827586,0.07090925173676856,False,False,29,1,1500,0.42133333333333334,1450,0.36482758620689654,0.4393103448275863,0.12054352550897338,False,False,29,1,1500,0.446,,Transformational,
family,perplexity_sonar_pro,POOLED,False,1450,0.36482758620689654,0.41379310344827586,0.07709011943539633,False,False,29,1,1500,0.42133333333333334,1450,0.36482758620689654,0.4393103448275862,0.11726384364820847,False,False,29,1,1500,0.446,,Transformational,
domain,claude_opus_5,MACRO,True,250,0.268,0.76,0.6758687584345479,False,False,5,0,250,0.76,250,0.268,0.82,0.7565705128205128,False,False,5,0,250,0.82,,,angle_estimation
domain,claude_opus_5,POOLED,True,250,0.268,0.76,0.6721311475409836,False,False,5,0,250,0.76,250,0.268,0.82,0.7540983606557377,False,False,5,0,250,0.82,,,angle_estimation
domain,claude_opus_5,MACRO,False,250,0.268,0.76,0.6758687584345479,False,False,5,0,250,0.76,250,0.268,0.82,0.7565705128205128,False,False,5,0,250,0.82,,,angle_estimation
domain,claude_opus_5,POOLED,False,250,0.268,0.76,0.6721311475409836,False,False,5,0,250,0.76,250,0.268,0.82,0.7540983606557377,False,False,5,0,250,0.82,,,angle_estimation
domain,claude_opus_5,MACRO,True,250,0.16000000000000003,0.6439999999999999,0.6208333333333333,False,False,5,0,250,0.644,250,0.16000000000000003,0.6439999999999999,0.6208333333333333,False,False,5,0,250,0.644,,,clock_reading
domain,claude_opus_5,POOLED,True,250,0.16,0.644,0.5761904761904761,False,False,5,0,250,0.644,250,0.16,0.644,0.5761904761904761,False,False,5,0,250,0.644,,,clock_reading
domain,claude_opus_5,MACRO,False,250,0.16000000000000003,0.6439999999999999,0.6208333333333333,False,False,5,0,250,0.644,250,0.16000000000000003,0.6439999999999999,0.6208333333333333,False,False,5,0,250,0.644,,,clock_reading
domain,claude_opus_5,POOLED,False,250,0.16,0.644,0.5761904761904761,False,False,5,0,250,0.644,250,0.16,0.644,0.5761904761904761,False,False,5,0,250,0.644,,,clock_reading
domain,claude_opus_5,MACRO,True,250,0.42400000000000004,0.728,0.5716703323558162,False,False,5,0,250,0.728,250,0.42400000000000004,0.728,0.5716703323558162,False,False,5,0,250,0.728,,,combination
domain,claude_opus_5,POOLED,True,250,0.424,0.728,0.5277777777777777,False,False,5,0,250,0.728,250,0.424,0.728,0.5277777777777777,False,False,5,0,250,0.728,,,combination
domain,claude_opus_5,MACRO,False,250,0.42400000000000004,0.728,0.5716703323558162,False,False,5,0,250,0.728,250,0.42400000000000004,0.728,0.5716703323558162,False,False,5,0,250,0.728,,,combination
domain,claude_opus_5,POOLED,False,250,0.424,0.728,0.5277777777777777,False,False,5,0,250,0.728,250,0.424,0.728,0.5277777777777777,False,False,5,0,250,0.728,,,combination
domain,claude_opus_5,MACRO,True,250,0.32399999999999995,0.388,0.12233503480967982,False,False,5,0,250,0.388,250,0.32399999999999995,0.388,0.12233503480967982,False,False,5,0,250,0.388,,,combination3d
domain,claude_opus_5,POOLED,True,250,0.324,0.388,0.09467455621301776,False,False,5,0,250,0.388,250,0.324,0.388,0.09467455621301776,False,False,5,0,250,0.388,,,combination3d
domain,claude_opus_5,MACRO,False,250,0.32399999999999995,0.388,0.12233503480967982,False,False,5,0,250,0.388,250,0.32399999999999995,0.388,0.12233503480967982,False,False,5,0,250,0.388,,,combination3d
domain,claude_opus_5,POOLED,False,250,0.324,0.388,0.09467455621301776,False,False,5,0,250,0.388,250,0.324,0.388,0.09467455621301776,False,False,5,0,250,0.388,,,combination3d
domain,claude_opus_5,MACRO,True,250,0.24400000000000005,0.632,0.6200850340136055,False,False,5,0,250,0.632,250,0.24400000000000005,0.632,0.6200850340136055,False,False,5,0,250,0.632,,,compass_bearing
domain,claude_opus_5,POOLED,True,250,0.244,0.632,0.5132275132275133,False,False,5,0,250,0.632,250,0.244,0.632,0.5132275132275133,False,False,5,0,250,0.632,,,compass_bearing
domain,claude_opus_5,MACRO,False,250,0.24400000000000005,0.632,0.6200850340136055,False,False,5,0,250,0.632,250,0.24400000000000005,0.632,0.6200850340136055,False,False,5,0,250,0.632,,,compass_bearing
domain,claude_opus_5,POOLED,False,250,0.244,0.632,0.5132275132275133,False,False,5,0,250,0.632,250,0.244,0.632,0.5132275132275133,False,False,5,0,250,0.632,,,compass_bearing
domain,claude_opus_5,MACRO,True,250,0.18,0.9400000000000001,0.9159338061465722,False,False,5,0,250,0.94,250,0.18,0.9400000000000001,0.9159338061465722,False,False,5,0,250,0.94,,,coordinate_geometry
domain,claude_opus_5,POOLED,True,250,0.18,0.94,0.9268292682926829,False,False,5,0,250,0.94,250,0.18,0.94,0.9268292682926829,False,False,5,0,250,0.94,,,coordinate_geometry
domain,claude_opus_5,MACRO,False,250,0.18,0.9400000000000001,0.9159338061465722,False,False,5,0,250,0.94,250,0.18,0.9400000000000001,0.9159338061465722,False,False,5,0,250,0.94,,,coordinate_geometry
domain,claude_opus_5,POOLED,False,250,0.18,0.94,0.9268292682926829,False,False,5,0,250,0.94,250,0.18,0.94,0.9268292682926829,False,False,5,0,250,0.94,,,coordinate_geometry
domain,claude_opus_5,MACRO,True,200,0.5,1.0,1.0,False,False,4,1,250,1.0,200,0.5,1.0,1.0,False,False,4,1,250,1.0,,,cube_net
domain,claude_opus_5,POOLED,True,200,0.5,1.0,1.0,False,False,4,1,250,1.0,200,0.5,1.0,1.0,False,False,4,1,250,1.0,,,cube_net
domain,claude_opus_5,MACRO,False,200,0.5,1.0,1.0,False,False,4,1,250,1.0,200,0.5,1.0,1.0,False,False,4,1,250,1.0,,,cube_net
domain,claude_opus_5,POOLED,False,200,0.5,1.0,1.0,False,False,4,1,250,1.0,200,0.5,1.0,1.0,False,False,4,1,250,1.0,,,cube_net
domain,claude_opus_5,MACRO,True,250,0.348,0.33199999999999996,0.015179078516690842,False,False,5,0,250,0.332,250,0.348,0.33199999999999996,0.015179078516690842,False,False,5,0,250,0.332,,,cube_structure
domain,claude_opus_5,POOLED,True,250,0.348,0.332,-0.02453987730061343,False,False,5,0,250,0.332,250,0.348,0.332,-0.02453987730061343,False,False,5,0,250,0.332,,,cube_structure
domain,claude_opus_5,MACRO,False,250,0.348,0.33199999999999996,0.015179078516690842,False,False,5,0,250,0.332,250,0.348,0.33199999999999996,0.015179078516690842,False,False,5,0,250,0.332,,,cube_structure
domain,claude_opus_5,POOLED,False,250,0.348,0.332,-0.02453987730061343,False,False,5,0,250,0.332,250,0.348,0.332,-0.02453987730061343,False,False,5,0,250,0.332,,,cube_structure
domain,claude_opus_5,MACRO,True,250,0.22800000000000004,0.4640000000000001,0.3565552955687363,False,False,5,0,250,0.464,250,0.22800000000000004,0.532,0.43046833904699716,False,False,5,0,250,0.532,,,depth_height
domain,claude_opus_5,POOLED,True,250,0.228,0.464,0.305699481865285,False,False,5,0,250,0.464,250,0.228,0.532,0.3937823834196892,False,False,5,0,250,0.532,,,depth_height
domain,claude_opus_5,MACRO,False,250,0.22800000000000004,0.4640000000000001,0.3565552955687363,False,False,5,0,250,0.464,250,0.22800000000000004,0.532,0.43046833904699716,False,False,5,0,250,0.532,,,depth_height
domain,claude_opus_5,POOLED,False,250,0.228,0.464,0.305699481865285,False,False,5,0,250,0.464,250,0.228,0.532,0.3937823834196892,False,False,5,0,250,0.532,,,depth_height
domain,claude_opus_5,MACRO,True,250,0.376,0.45199999999999996,0.12666666666666665,False,False,5,0,250,0.452,250,0.376,0.45599999999999996,0.13575757575757574,False,False,5,0,250,0.456,,,embedded_figures
domain,claude_opus_5,POOLED,True,250,0.376,0.452,0.12179487179487182,False,False,5,0,250,0.452,250,0.376,0.456,0.12820512820512822,False,False,5,0,250,0.456,,,embedded_figures
domain,claude_opus_5,MACRO,False,250,0.376,0.45199999999999996,0.12666666666666665,False,False,5,0,250,0.452,250,0.376,0.45599999999999996,0.13575757575757574,False,False,5,0,250,0.456,,,embedded_figures
domain,claude_opus_5,POOLED,False,250,0.376,0.452,0.12179487179487182,False,False,5,0,250,0.452,250,0.376,0.456,0.12820512820512822,False,False,5,0,250,0.456,,,embedded_figures
domain,claude_opus_5,MACRO,True,250,0.23200000000000004,0.384,0.21515318422907156,False,False,5,0,250,0.384,250,0.23200000000000004,0.584,0.5234865175624049,False,False,5,0,250,0.584,,,fbd
domain,claude_opus_5,POOLED,True,250,0.232,0.384,0.19791666666666666,False,False,5,0,250,0.384,250,0.232,0.584,0.4583333333333333,False,False,5,0,250,0.584,,,fbd
domain,claude_opus_5,MACRO,False,250,0.23200000000000004,0.384,0.21515318422907156,False,False,5,0,250,0.384,250,0.23200000000000004,0.584,0.5234865175624049,False,False,5,0,250,0.584,,,fbd
domain,claude_opus_5,POOLED,False,250,0.232,0.384,0.19791666666666666,False,False,5,0,250,0.384,250,0.232,0.584,0.4583333333333333,False,False,5,0,250,0.584,,,fbd
domain,claude_opus_5,MACRO,True,250,0.45200000000000007,0.8320000000000001,0.7653418124006359,False,False,5,0,250,0.832,250,0.45200000000000007,0.8320000000000001,0.7653418124006359,False,False,5,0,250,0.832,,,fold_punch
domain,claude_opus_5,POOLED,True,250,0.452,0.832,0.6934306569343064,False,False,5,0,250,0.832,250,0.452,0.832,0.6934306569343064,False,False,5,0,250,0.832,,,fold_punch
domain,claude_opus_5,MACRO,False,250,0.45200000000000007,0.8320000000000001,0.7653418124006359,False,False,5,0,250,0.832,250,0.45200000000000007,0.8320000000000001,0.7653418124006359,False,False,5,0,250,0.832,,,fold_punch
domain,claude_opus_5,POOLED,False,250,0.452,0.832,0.6934306569343064,False,False,5,0,250,0.832,250,0.452,0.832,0.6934306569343064,False,False,5,0,250,0.832,,,fold_punch
domain,claude_opus_5,MACRO,True,250,0.40800000000000003,0.588,0.16084515366430258,False,False,5,0,250,0.588,250,0.45200000000000007,0.828,0.6991962174940898,False,False,5,0,250,0.828,,,gauge_reading
domain,claude_opus_5,POOLED,True,250,0.408,0.588,0.304054054054054,False,False,5,0,250,0.588,250,0.452,0.828,0.6861313868613137,False,False,5,0,250,0.828,,,gauge_reading
domain,claude_opus_5,MACRO,False,250,0.40800000000000003,0.588,0.16084515366430258,False,False,5,0,250,0.588,250,0.45200000000000007,0.828,0.6991962174940898,False,False,5,0,250,0.828,,,gauge_reading
domain,claude_opus_5,POOLED,False,250,0.408,0.588,0.304054054054054,False,False,5,0,250,0.588,250,0.452,0.828,0.6861313868613137,False,False,5,0,250,0.828,,,gauge_reading
domain,claude_opus_5,MACRO,True,200,0.29500000000000004,0.885,0.8420650921658986,False,False,4,1,250,0.712,200,0.29500000000000004,0.885,0.8420650921658986,False,False,4,1,250,0.908,,,gear_train
domain,claude_opus_5,POOLED,True,200,0.295,0.885,0.8368794326241135,False,False,4,1,250,0.712,200,0.295,0.885,0.8368794326241135,False,False,4,1,250,0.908,,,gear_train
domain,claude_opus_5,MACRO,False,200,0.29500000000000004,0.885,0.8420650921658986,False,False,4,1,250,0.712,200,0.29500000000000004,0.885,0.8420650921658986,False,False,4,1,250,0.908,,,gear_train
domain,claude_opus_5,POOLED,False,200,0.295,0.885,0.8368794326241135,False,False,4,1,250,0.712,200,0.295,0.885,0.8368794326241135,False,False,4,1,250,0.908,,,gear_train
domain,claude_opus_5,MACRO,True,250,0.316,0.41600000000000004,0.11351390951390952,False,False,5,0,250,0.416,250,0.316,0.43200000000000005,0.14208533808533808,False,False,5,0,250,0.432,,,hex_pathfinding
domain,claude_opus_5,POOLED,True,250,0.316,0.416,0.14619883040935672,False,False,5,0,250,0.416,250,0.316,0.432,0.1695906432748538,False,False,5,0,250,0.432,,,hex_pathfinding
domain,claude_opus_5,MACRO,False,250,0.316,0.41600000000000004,0.11351390951390952,False,False,5,0,250,0.416,250,0.316,0.43200000000000005,0.14208533808533808,False,False,5,0,250,0.432,,,hex_pathfinding
domain,claude_opus_5,POOLED,False,250,0.316,0.416,0.14619883040935672,False,False,5,0,250,0.416,250,0.316,0.432,0.1695906432748538,False,False,5,0,250,0.432,,,hex_pathfinding
domain,claude_opus_5,MACRO,True,250,0.4800000000000001,0.376,-0.37053607484183604,False,False,5,0,250,0.376,250,0.4800000000000001,0.376,-0.37053607484183604,False,False,5,0,250,0.376,,,impossible_object
domain,claude_opus_5,POOLED,True,250,0.48,0.376,-0.19999999999999996,False,False,5,0,250,0.376,250,0.48,0.376,-0.19999999999999996,False,False,5,0,250,0.376,,,impossible_object
domain,claude_opus_5,MACRO,False,250,0.4800000000000001,0.376,-0.37053607484183604,False,False,5,0,250,0.376,250,0.4800000000000001,0.376,-0.37053607484183604,False,False,5,0,250,0.376,,,impossible_object
domain,claude_opus_5,POOLED,False,250,0.48,0.376,-0.19999999999999996,False,False,5,0,250,0.376,250,0.48,0.376,-0.19999999999999996,False,False,5,0,250,0.376,,,impossible_object
domain,claude_opus_5,MACRO,True,250,0.35600000000000004,0.6,0.5603864734299517,False,False,5,0,250,0.6,250,0.384,0.8,0.7777777777777778,False,False,5,0,250,0.8,,,laser_mirror
domain,claude_opus_5,POOLED,True,250,0.356,0.6,0.37888198757763975,False,False,5,0,250,0.6,250,0.384,0.8,0.6753246753246754,False,False,5,0,250,0.8,,,laser_mirror
domain,claude_opus_5,MACRO,False,250,0.35600000000000004,0.6,0.5603864734299517,False,False,5,0,250,0.6,250,0.384,0.8,0.7777777777777778,False,False,5,0,250,0.8,,,laser_mirror
domain,claude_opus_5,POOLED,False,250,0.356,0.6,0.37888198757763975,False,False,5,0,250,0.6,250,0.384,0.8,0.6753246753246754,False,False,5,0,250,0.8,,,laser_mirror
domain,claude_opus_5,MACRO,True,250,0.32799999999999996,0.9480000000000001,0.9148244348244348,False,False,5,0,250,0.948,250,0.32799999999999996,0.9480000000000001,0.9148244348244348,False,False,5,0,250,0.948,,,line_intersection
domain,claude_opus_5,POOLED,True,250,0.328,0.948,0.9226190476190476,False,False,5,0,250,0.948,250,0.328,0.948,0.9226190476190476,False,False,5,0,250,0.948,,,line_intersection
domain,claude_opus_5,MACRO,False,250,0.32799999999999996,0.9480000000000001,0.9148244348244348,False,False,5,0,250,0.948,250,0.32799999999999996,0.9480000000000001,0.9148244348244348,False,False,5,0,250,0.948,,,line_intersection
domain,claude_opus_5,POOLED,False,250,0.328,0.948,0.9226190476190476,False,False,5,0,250,0.948,250,0.328,0.948,0.9226190476190476,False,False,5,0,250,0.948,,,line_intersection
domain,claude_opus_5,MACRO,True,250,0.296,0.45599999999999996,0.2850272915490307,False,False,5,0,250,0.456,250,0.296,0.45599999999999996,0.2850272915490307,False,False,5,0,250,0.456,,,nested_hexagons
domain,claude_opus_5,POOLED,True,250,0.296,0.456,0.22727272727272732,False,False,5,0,250,0.456,250,0.296,0.456,0.22727272727272732,False,False,5,0,250,0.456,,,nested_hexagons
domain,claude_opus_5,MACRO,False,250,0.296,0.45599999999999996,0.2850272915490307,False,False,5,0,250,0.456,250,0.296,0.45599999999999996,0.2850272915490307,False,False,5,0,250,0.456,,,nested_hexagons
domain,claude_opus_5,POOLED,False,250,0.296,0.456,0.22727272727272732,False,False,5,0,250,0.456,250,0.296,0.456,0.22727272727272732,False,False,5,0,250,0.456,,,nested_hexagons
domain,claude_opus_5,MACRO,True,250,0.292,0.45200000000000007,0.28811866428145494,False,False,5,0,250,0.452,250,0.292,0.45200000000000007,0.28811866428145494,False,False,5,0,250,0.452,,,nested_squares
domain,claude_opus_5,POOLED,True,250,0.292,0.452,0.2259887005649718,False,False,5,0,250,0.452,250,0.292,0.452,0.2259887005649718,False,False,5,0,250,0.452,,,nested_squares
domain,claude_opus_5,MACRO,False,250,0.292,0.45200000000000007,0.28811866428145494,False,False,5,0,250,0.452,250,0.292,0.45200000000000007,0.28811866428145494,False,False,5,0,250,0.452,,,nested_squares
domain,claude_opus_5,POOLED,False,250,0.292,0.452,0.2259887005649718,False,False,5,0,250,0.452,250,0.292,0.452,0.2259887005649718,False,False,5,0,250,0.452,,,nested_squares
domain,claude_opus_5,MACRO,True,250,0.304,0.488,0.3220566520640265,False,False,5,0,250,0.488,250,0.304,0.488,0.3220566520640265,False,False,5,0,250,0.488,,,nested_triangles
domain,claude_opus_5,POOLED,True,250,0.304,0.488,0.26436781609195403,False,False,5,0,250,0.488,250,0.304,0.488,0.26436781609195403,False,False,5,0,250,0.488,,,nested_triangles
domain,claude_opus_5,MACRO,False,250,0.304,0.488,0.3220566520640265,False,False,5,0,250,0.488,250,0.304,0.488,0.3220566520640265,False,False,5,0,250,0.488,,,nested_triangles
domain,claude_opus_5,POOLED,False,250,0.304,0.488,0.26436781609195403,False,False,5,0,250,0.488,250,0.304,0.488,0.26436781609195403,False,False,5,0,250,0.488,,,nested_triangles
domain,claude_opus_5,MACRO,True,250,0.256,0.736,0.6306762749445676,False,False,5,0,250,0.736,250,0.256,0.736,0.6306762749445676,False,False,5,0,250,0.736,,,occluded_pattern
domain,claude_opus_5,POOLED,True,250,0.256,0.736,0.6451612903225806,False,False,5,0,250,0.736,250,0.256,0.736,0.6451612903225806,False,False,5,0,250,0.736,,,occluded_pattern
domain,claude_opus_5,MACRO,False,250,0.256,0.736,0.6306762749445676,False,False,5,0,250,0.736,250,0.256,0.736,0.6306762749445676,False,False,5,0,250,0.736,,,occluded_pattern
domain,claude_opus_5,POOLED,False,250,0.256,0.736,0.6451612903225806,False,False,5,0,250,0.736,250,0.256,0.736,0.6451612903225806,False,False,5,0,250,0.736,,,occluded_pattern
domain,claude_opus_5,MACRO,True,200,0.505,0.52,0.053240740740740755,False,False,4,1,250,0.616,200,0.505,0.5650000000000001,0.14699074074074073,False,False,4,1,250,0.652,,,optical_illusion
domain,claude_opus_5,POOLED,True,200,0.505,0.52,0.03030303030303033,False,False,4,1,250,0.616,200,0.505,0.565,0.12121212121212109,False,False,4,1,250,0.652,,,optical_illusion
domain,claude_opus_5,MACRO,False,200,0.505,0.52,0.053240740740740755,False,False,4,1,250,0.616,200,0.505,0.5650000000000001,0.14699074074074073,False,False,4,1,250,0.652,,,optical_illusion
domain,claude_opus_5,POOLED,False,200,0.505,0.52,0.03030303030303033,False,False,4,1,250,0.616,200,0.505,0.565,0.12121212121212109,False,False,4,1,250,0.652,,,optical_illusion
domain,claude_opus_5,MACRO,True,200,0.315,0.7800000000000001,0.6657395223841003,False,False,4,1,250,0.696,200,0.41000000000000003,0.8300000000000001,0.6536705568668589,False,False,4,1,250,0.736,,,orthographic
domain,claude_opus_5,POOLED,True,200,0.315,0.78,0.6788321167883211,False,False,4,1,250,0.696,200,0.41,0.83,0.7118644067796609,False,False,4,1,250,0.736,,,orthographic
domain,claude_opus_5,MACRO,False,200,0.315,0.7800000000000001,0.6657395223841003,False,False,4,1,250,0.696,200,0.41000000000000003,0.8300000000000001,0.6536705568668589,False,False,4,1,250,0.736,,,orthographic
domain,claude_opus_5,POOLED,False,200,0.315,0.78,0.6788321167883211,False,False,4,1,250,0.696,200,0.41,0.83,0.7118644067796609,False,False,4,1,250,0.736,,,orthographic
domain,claude_opus_5,MACRO,True,250,0.24400000000000005,0.5,0.3380628001129837,False,False,5,0,250,0.5,250,0.24400000000000005,0.5,0.3380628001129837,False,False,5,0,250,0.5,,,overlap_circles
domain,claude_opus_5,POOLED,True,250,0.244,0.5,0.3386243386243386,False,False,5,0,250,0.5,250,0.244,0.5,0.3386243386243386,False,False,5,0,250,0.5,,,overlap_circles
domain,claude_opus_5,MACRO,False,250,0.24400000000000005,0.5,0.3380628001129837,False,False,5,0,250,0.5,250,0.24400000000000005,0.5,0.3380628001129837,False,False,5,0,250,0.5,,,overlap_circles
domain,claude_opus_5,POOLED,False,250,0.244,0.5,0.3386243386243386,False,False,5,0,250,0.5,250,0.244,0.5,0.3386243386243386,False,False,5,0,250,0.5,,,overlap_circles
domain,claude_opus_5,MACRO,True,250,0.384,0.6599999999999999,0.5383753501400561,False,False,5,0,250,0.66,250,0.45600000000000007,0.8160000000000001,0.6848039215686275,False,False,5,0,250,0.816,,,physical_stability
domain,claude_opus_5,POOLED,True,250,0.384,0.66,0.4480519480519481,False,False,5,0,250,0.66,250,0.456,0.816,0.6617647058823528,False,False,5,0,250,0.816,,,physical_stability
domain,claude_opus_5,MACRO,False,250,0.384,0.6599999999999999,0.5383753501400561,False,False,5,0,250,0.66,250,0.45600000000000007,0.8160000000000001,0.6848039215686275,False,False,5,0,250,0.816,,,physical_stability
domain,claude_opus_5,POOLED,False,250,0.384,0.66,0.4480519480519481,False,False,5,0,250,0.66,250,0.456,0.816,0.6617647058823528,False,False,5,0,250,0.816,,,physical_stability
domain,claude_opus_5,MACRO,True,200,0.44500000000000006,0.6749999999999999,0.16768687193135406,False,False,4,1,250,0.74,200,0.44500000000000006,0.6749999999999999,0.16768687193135406,False,False,4,1,250,0.74,,,polyhedron
domain,claude_opus_5,POOLED,True,200,0.445,0.675,0.4144144144144145,False,False,4,1,250,0.74,200,0.445,0.675,0.4144144144144145,False,False,4,1,250,0.74,,,polyhedron
domain,claude_opus_5,MACRO,False,200,0.44500000000000006,0.6749999999999999,0.16768687193135406,False,False,4,1,250,0.74,200,0.44500000000000006,0.6749999999999999,0.16768687193135406,False,False,4,1,250,0.74,,,polyhedron
domain,claude_opus_5,POOLED,False,200,0.445,0.675,0.4144144144144145,False,False,4,1,250,0.74,200,0.445,0.675,0.4144144144144145,False,False,4,1,250,0.74,,,polyhedron
domain,claude_opus_5,MACRO,True,250,0.304,0.708,0.5513888888888889,False,False,5,0,250,0.708,250,0.304,0.8640000000000001,0.7861111111111111,False,False,5,0,250,0.864,,,projectile_motion
domain,claude_opus_5,POOLED,True,250,0.304,0.708,0.5804597701149425,False,False,5,0,250,0.708,250,0.304,0.864,0.8045977011494254,False,False,5,0,250,0.864,,,projectile_motion
domain,claude_opus_5,MACRO,False,250,0.304,0.708,0.5513888888888889,False,False,5,0,250,0.708,250,0.304,0.8640000000000001,0.7861111111111111,False,False,5,0,250,0.864,,,projectile_motion
domain,claude_opus_5,POOLED,False,250,0.304,0.708,0.5804597701149425,False,False,5,0,250,0.708,250,0.304,0.864,0.8045977011494254,False,False,5,0,250,0.864,,,projectile_motion
domain,claude_opus_5,MACRO,True,250,0.28800000000000003,0.5199999999999999,0.30719959778783307,False,False,5,0,250,0.52,250,0.28800000000000003,0.5199999999999999,0.30719959778783307,False,False,5,0,250,0.52,,,rotation_matching
domain,claude_opus_5,POOLED,True,250,0.288,0.52,0.32584269662921356,False,False,5,0,250,0.52,250,0.288,0.52,0.32584269662921356,False,False,5,0,250,0.52,,,rotation_matching
domain,claude_opus_5,MACRO,False,250,0.28800000000000003,0.5199999999999999,0.30719959778783307,False,False,5,0,250,0.52,250,0.28800000000000003,0.5199999999999999,0.30719959778783307,False,False,5,0,250,0.52,,,rotation_matching
domain,claude_opus_5,POOLED,False,250,0.288,0.52,0.32584269662921356,False,False,5,0,250,0.52,250,0.288,0.52,0.32584269662921356,False,False,5,0,250,0.52,,,rotation_matching
domain,claude_opus_5,MACRO,True,250,0.25999999999999995,0.316,0.01906511927788524,False,False,5,0,250,0.316,250,0.25999999999999995,0.316,0.01906511927788524,False,False,5,0,250,0.316,,,route
domain,claude_opus_5,POOLED,True,250,0.26,0.316,0.07567567567567567,False,False,5,0,250,0.316,250,0.26,0.316,0.07567567567567567,False,False,5,0,250,0.316,,,route
domain,claude_opus_5,MACRO,False,250,0.25999999999999995,0.316,0.01906511927788524,False,False,5,0,250,0.316,250,0.25999999999999995,0.316,0.01906511927788524,False,False,5,0,250,0.316,,,route
domain,claude_opus_5,POOLED,False,250,0.26,0.316,0.07567567567567567,False,False,5,0,250,0.316,250,0.26,0.316,0.07567567567567567,False,False,5,0,250,0.316,,,route
domain,claude_opus_5,MACRO,True,250,0.36,0.8320000000000001,0.7575951744886276,False,False,5,0,250,0.832,250,0.36,0.8320000000000001,0.7575951744886276,False,False,5,0,250,0.832,,,rpm
domain,claude_opus_5,POOLED,True,250,0.36,0.832,0.7374999999999999,False,False,5,0,250,0.832,250,0.36,0.832,0.7374999999999999,False,False,5,0,250,0.832,,,rpm
domain,claude_opus_5,MACRO,False,250,0.36,0.8320000000000001,0.7575951744886276,False,False,5,0,250,0.832,250,0.36,0.8320000000000001,0.7575951744886276,False,False,5,0,250,0.832,,,rpm
domain,claude_opus_5,POOLED,False,250,0.36,0.832,0.7374999999999999,False,False,5,0,250,0.832,250,0.36,0.832,0.7374999999999999,False,False,5,0,250,0.832,,,rpm
domain,claude_opus_5,MACRO,True,250,0.44000000000000006,0.6039999999999999,0.2093614303959132,False,False,5,0,250,0.604,250,0.44000000000000006,0.6119999999999999,0.23158365261813546,False,False,5,0,250,0.612,,,shadow_inference
domain,claude_opus_5,POOLED,True,250,0.44,0.604,0.2928571428571428,False,False,5,0,250,0.604,250,0.44,0.612,0.3071428571428571,False,False,5,0,250,0.612,,,shadow_inference
domain,claude_opus_5,MACRO,False,250,0.44000000000000006,0.6039999999999999,0.2093614303959132,False,False,5,0,250,0.604,250,0.44000000000000006,0.6119999999999999,0.23158365261813546,False,False,5,0,250,0.612,,,shadow_inference
domain,claude_opus_5,POOLED,False,250,0.44,0.604,0.2928571428571428,False,False,5,0,250,0.604,250,0.44,0.612,0.3071428571428571,False,False,5,0,250,0.612,,,shadow_inference
domain,claude_opus_5,MACRO,True,250,0.42000000000000004,0.704,0.5128156565656565,False,False,5,0,250,0.704,250,0.42000000000000004,0.704,0.5128156565656565,False,False,5,0,250,0.704,,,surface_topology
domain,claude_opus_5,POOLED,True,250,0.42,0.704,0.489655172413793,False,False,5,0,250,0.704,250,0.42,0.704,0.489655172413793,False,False,5,0,250,0.704,,,surface_topology
domain,claude_opus_5,MACRO,False,250,0.42000000000000004,0.704,0.5128156565656565,False,False,5,0,250,0.704,250,0.42000000000000004,0.704,0.5128156565656565,False,False,5,0,250,0.704,,,surface_topology
domain,claude_opus_5,POOLED,False,250,0.42,0.704,0.489655172413793,False,False,5,0,250,0.704,250,0.42,0.704,0.489655172413793,False,False,5,0,250,0.704,,,surface_topology
domain,claude_opus_5,MACRO,True,200,0.41500000000000004,0.72,0.5522891963109354,False,False,4,1,250,0.768,200,0.41500000000000004,0.79,0.6583498023715415,False,False,4,1,250,0.824,,,symmetry_pattern
domain,claude_opus_5,POOLED,True,200,0.415,0.72,0.5213675213675214,False,False,4,1,250,0.768,200,0.415,0.79,0.6410256410256412,False,False,4,1,250,0.824,,,symmetry_pattern
domain,claude_opus_5,MACRO,False,200,0.41500000000000004,0.72,0.5522891963109354,False,False,4,1,250,0.768,200,0.41500000000000004,0.79,0.6583498023715415,False,False,4,1,250,0.824,,,symmetry_pattern
domain,claude_opus_5,POOLED,False,200,0.415,0.72,0.5213675213675214,False,False,4,1,250,0.768,200,0.415,0.79,0.6410256410256412,False,False,4,1,250,0.824,,,symmetry_pattern
domain,claude_sonnet_5,MACRO,True,250,0.268,0.6679999999999999,0.5537871120107962,False,False,5,0,250,0.668,250,0.268,0.72,0.6233777552856501,False,False,5,0,250,0.72,,,angle_estimation
domain,claude_sonnet_5,POOLED,True,250,0.268,0.668,0.546448087431694,False,False,5,0,250,0.668,250,0.268,0.72,0.6174863387978141,False,False,5,0,250,0.72,,,angle_estimation
domain,claude_sonnet_5,MACRO,False,250,0.268,0.6679999999999999,0.5537871120107962,False,False,5,0,250,0.668,250,0.268,0.72,0.6233777552856501,False,False,5,0,250,0.72,,,angle_estimation
domain,claude_sonnet_5,POOLED,False,250,0.268,0.668,0.546448087431694,False,False,5,0,250,0.668,250,0.268,0.72,0.6174863387978141,False,False,5,0,250,0.72,,,angle_estimation
domain,claude_sonnet_5,MACRO,True,250,0.16000000000000003,0.304,0.20833333333333331,False,False,5,0,250,0.304,250,0.16000000000000003,0.304,0.20833333333333331,False,False,5,0,250,0.304,,,clock_reading
domain,claude_sonnet_5,POOLED,True,250,0.16,0.304,0.17142857142857143,False,False,5,0,250,0.304,250,0.16,0.304,0.17142857142857143,False,False,5,0,250,0.304,,,clock_reading
domain,claude_sonnet_5,MACRO,False,250,0.16000000000000003,0.304,0.20833333333333331,False,False,5,0,250,0.304,250,0.16000000000000003,0.304,0.20833333333333331,False,False,5,0,250,0.304,,,clock_reading
domain,claude_sonnet_5,POOLED,False,250,0.16,0.304,0.17142857142857143,False,False,5,0,250,0.304,250,0.16,0.304,0.17142857142857143,False,False,5,0,250,0.304,,,clock_reading
domain,claude_sonnet_5,MACRO,True,250,0.42400000000000004,0.5599999999999999,0.3121782339524275,False,False,5,0,250,0.56,250,0.42400000000000004,0.5599999999999999,0.3121782339524275,False,False,5,0,250,0.56,,,combination
domain,claude_sonnet_5,POOLED,True,250,0.424,0.56,0.2361111111111112,False,False,5,0,250,0.56,250,0.424,0.56,0.2361111111111112,False,False,5,0,250,0.56,,,combination
domain,claude_sonnet_5,MACRO,False,250,0.42400000000000004,0.5599999999999999,0.3121782339524275,False,False,5,0,250,0.56,250,0.42400000000000004,0.5599999999999999,0.3121782339524275,False,False,5,0,250,0.56,,,combination
domain,claude_sonnet_5,POOLED,False,250,0.424,0.56,0.2361111111111112,False,False,5,0,250,0.56,250,0.424,0.56,0.2361111111111112,False,False,5,0,250,0.56,,,combination
domain,claude_sonnet_5,MACRO,True,250,0.32399999999999995,0.384,0.12500538677009265,False,False,5,0,250,0.384,250,0.32399999999999995,0.384,0.12500538677009265,False,False,5,0,250,0.384,,,combination3d
domain,claude_sonnet_5,POOLED,True,250,0.324,0.384,0.08875739644970415,False,False,5,0,250,0.384,250,0.324,0.384,0.08875739644970415,False,False,5,0,250,0.384,,,combination3d
domain,claude_sonnet_5,MACRO,False,250,0.32399999999999995,0.384,0.12500538677009265,False,False,5,0,250,0.384,250,0.32399999999999995,0.384,0.12500538677009265,False,False,5,0,250,0.384,,,combination3d
domain,claude_sonnet_5,POOLED,False,250,0.324,0.384,0.08875739644970415,False,False,5,0,250,0.384,250,0.324,0.384,0.08875739644970415,False,False,5,0,250,0.384,,,combination3d
domain,claude_sonnet_5,MACRO,True,250,0.24400000000000005,0.5840000000000001,0.5667517006802721,False,False,5,0,250,0.584,250,0.24400000000000005,0.5840000000000001,0.5667517006802721,False,False,5,0,250,0.584,,,compass_bearing
domain,claude_sonnet_5,POOLED,True,250,0.244,0.584,0.4497354497354497,False,False,5,0,250,0.584,250,0.244,0.584,0.4497354497354497,False,False,5,0,250,0.584,,,compass_bearing
domain,claude_sonnet_5,MACRO,False,250,0.24400000000000005,0.5840000000000001,0.5667517006802721,False,False,5,0,250,0.584,250,0.24400000000000005,0.5840000000000001,0.5667517006802721,False,False,5,0,250,0.584,,,compass_bearing
domain,claude_sonnet_5,POOLED,False,250,0.244,0.584,0.4497354497354497,False,False,5,0,250,0.584,250,0.244,0.584,0.4497354497354497,False,False,5,0,250,0.584,,,compass_bearing
domain,claude_sonnet_5,MACRO,True,250,0.18,0.588,0.43775289287047403,False,False,5,0,250,0.588,250,0.18,0.588,0.43775289287047403,False,False,5,0,250,0.588,,,coordinate_geometry
domain,claude_sonnet_5,POOLED,True,250,0.18,0.588,0.49756097560975604,False,False,5,0,250,0.588,250,0.18,0.588,0.49756097560975604,False,False,5,0,250,0.588,,,coordinate_geometry
domain,claude_sonnet_5,MACRO,False,250,0.18,0.588,0.43775289287047403,False,False,5,0,250,0.588,250,0.18,0.588,0.43775289287047403,False,False,5,0,250,0.588,,,coordinate_geometry
domain,claude_sonnet_5,POOLED,False,250,0.18,0.588,0.49756097560975604,False,False,5,0,250,0.588,250,0.18,0.588,0.49756097560975604,False,False,5,0,250,0.588,,,coordinate_geometry
domain,claude_sonnet_5,MACRO,True,200,0.5,0.8999999999999999,0.6456521739130435,False,False,4,1,250,0.92,200,0.5,0.8999999999999999,0.6456521739130435,False,False,4,1,250,0.92,,,cube_net
domain,claude_sonnet_5,POOLED,True,200,0.5,0.9,0.8,False,False,4,1,250,0.92,200,0.5,0.9,0.8,False,False,4,1,250,0.92,,,cube_net
domain,claude_sonnet_5,MACRO,False,200,0.5,0.8999999999999999,0.6456521739130435,False,False,4,1,250,0.92,200,0.5,0.8999999999999999,0.6456521739130435,False,False,4,1,250,0.92,,,cube_net
domain,claude_sonnet_5,POOLED,False,200,0.5,0.9,0.8,False,False,4,1,250,0.92,200,0.5,0.9,0.8,False,False,4,1,250,0.92,,,cube_net
domain,claude_sonnet_5,MACRO,True,250,0.348,0.308,-0.016411316539686232,False,False,5,0,250,0.308,250,0.348,0.308,-0.016411316539686232,False,False,5,0,250,0.308,,,cube_structure
domain,claude_sonnet_5,POOLED,True,250,0.348,0.308,-0.06134969325153371,False,False,5,0,250,0.308,250,0.348,0.308,-0.06134969325153371,False,False,5,0,250,0.308,,,cube_structure
domain,claude_sonnet_5,MACRO,False,250,0.348,0.308,-0.016411316539686232,False,False,5,0,250,0.308,250,0.348,0.308,-0.016411316539686232,False,False,5,0,250,0.308,,,cube_structure
domain,claude_sonnet_5,POOLED,False,250,0.348,0.308,-0.06134969325153371,False,False,5,0,250,0.308,250,0.348,0.308,-0.06134969325153371,False,False,5,0,250,0.308,,,cube_structure
domain,claude_sonnet_5,MACRO,True,250,0.22800000000000004,0.46799999999999997,0.36242374223818424,False,False,5,0,250,0.468,250,0.22800000000000004,0.6160000000000001,0.5571097325763485,False,False,5,0,250,0.616,,,depth_height
domain,claude_sonnet_5,POOLED,True,250,0.228,0.468,0.31088082901554404,False,False,5,0,250,0.468,250,0.228,0.616,0.5025906735751295,False,False,5,0,250,0.616,,,depth_height
domain,claude_sonnet_5,MACRO,False,250,0.22800000000000004,0.46799999999999997,0.36242374223818424,False,False,5,0,250,0.468,250,0.22800000000000004,0.6160000000000001,0.5571097325763485,False,False,5,0,250,0.616,,,depth_height
domain,claude_sonnet_5,POOLED,False,250,0.228,0.468,0.31088082901554404,False,False,5,0,250,0.468,250,0.228,0.616,0.5025906735751295,False,False,5,0,250,0.616,,,depth_height
domain,claude_sonnet_5,MACRO,True,250,0.376,0.42799999999999994,0.09666666666666668,False,False,5,0,250,0.428,250,0.376,0.5119999999999999,0.2875757575757576,False,False,5,0,250,0.512,,,embedded_figures
domain,claude_sonnet_5,POOLED,True,250,0.376,0.428,0.08333333333333331,False,False,5,0,250,0.428,250,0.376,0.512,0.21794871794871795,False,False,5,0,250,0.512,,,embedded_figures
domain,claude_sonnet_5,MACRO,False,250,0.376,0.42799999999999994,0.09666666666666668,False,False,5,0,250,0.428,250,0.376,0.5119999999999999,0.2875757575757576,False,False,5,0,250,0.512,,,embedded_figures
domain,claude_sonnet_5,POOLED,False,250,0.376,0.428,0.08333333333333331,False,False,5,0,250,0.428,250,0.376,0.512,0.21794871794871795,False,False,5,0,250,0.512,,,embedded_figures
domain,claude_sonnet_5,MACRO,True,250,0.23200000000000004,0.388,0.22121379028967764,False,False,5,0,250,0.388,250,0.23200000000000004,0.54,0.4620471236230109,False,False,5,0,250,0.54,,,fbd
domain,claude_sonnet_5,POOLED,True,250,0.232,0.388,0.203125,False,False,5,0,250,0.388,250,0.232,0.54,0.40104166666666674,False,False,5,0,250,0.54,,,fbd
domain,claude_sonnet_5,MACRO,False,250,0.23200000000000004,0.388,0.22121379028967764,False,False,5,0,250,0.388,250,0.23200000000000004,0.54,0.4620471236230109,False,False,5,0,250,0.54,,,fbd
domain,claude_sonnet_5,POOLED,False,250,0.232,0.388,0.203125,False,False,5,0,250,0.388,250,0.232,0.54,0.40104166666666674,False,False,5,0,250,0.54,,,fbd
domain,claude_sonnet_5,MACRO,True,250,0.45200000000000007,0.5999999999999999,0.3558871088282853,False,False,5,0,250,0.6,250,0.45200000000000007,0.5999999999999999,0.3558871088282853,False,False,5,0,250,0.6,,,fold_punch
domain,claude_sonnet_5,POOLED,True,250,0.452,0.6,0.2700729927007298,False,False,5,0,250,0.6,250,0.452,0.6,0.2700729927007298,False,False,5,0,250,0.6,,,fold_punch
domain,claude_sonnet_5,MACRO,False,250,0.45200000000000007,0.5999999999999999,0.3558871088282853,False,False,5,0,250,0.6,250,0.45200000000000007,0.5999999999999999,0.3558871088282853,False,False,5,0,250,0.6,,,fold_punch
domain,claude_sonnet_5,POOLED,False,250,0.452,0.6,0.2700729927007298,False,False,5,0,250,0.6,250,0.452,0.6,0.2700729927007298,False,False,5,0,250,0.6,,,fold_punch
domain,claude_sonnet_5,MACRO,True,250,0.40800000000000003,0.5479999999999999,0.10895626477541373,False,False,5,0,250,0.548,250,0.45200000000000007,0.7879999999999999,0.66103073286052,False,False,5,0,250,0.788,,,gauge_reading
domain,claude_sonnet_5,POOLED,True,250,0.408,0.548,0.23648648648648657,False,False,5,0,250,0.548,250,0.452,0.788,0.6131386861313869,False,False,5,0,250,0.788,,,gauge_reading
domain,claude_sonnet_5,MACRO,False,250,0.40800000000000003,0.5479999999999999,0.10895626477541373,False,False,5,0,250,0.548,250,0.45200000000000007,0.7879999999999999,0.66103073286052,False,False,5,0,250,0.788,,,gauge_reading
domain,claude_sonnet_5,POOLED,False,250,0.408,0.548,0.23648648648648657,False,False,5,0,250,0.548,250,0.452,0.788,0.6131386861313869,False,False,5,0,250,0.788,,,gauge_reading
domain,claude_sonnet_5,MACRO,True,200,0.29500000000000004,0.7949999999999999,0.694047619047619,False,False,4,1,250,0.636,200,0.29500000000000004,0.7949999999999999,0.694047619047619,False,False,4,1,250,0.836,,,gear_train
domain,claude_sonnet_5,POOLED,True,200,0.295,0.795,0.7092198581560283,False,False,4,1,250,0.636,200,0.295,0.795,0.7092198581560283,False,False,4,1,250,0.836,,,gear_train
domain,claude_sonnet_5,MACRO,False,200,0.29500000000000004,0.7949999999999999,0.694047619047619,False,False,4,1,250,0.636,200,0.29500000000000004,0.7949999999999999,0.694047619047619,False,False,4,1,250,0.836,,,gear_train
domain,claude_sonnet_5,POOLED,False,200,0.295,0.795,0.7092198581560283,False,False,4,1,250,0.636,200,0.295,0.795,0.7092198581560283,False,False,4,1,250,0.836,,,gear_train
domain,claude_sonnet_5,MACRO,True,250,0.316,0.21200000000000002,-0.16836550836550837,False,False,5,0,250,0.212,250,0.316,0.252,-0.09693693693693693,False,False,5,0,250,0.252,,,hex_pathfinding
domain,claude_sonnet_5,POOLED,True,250,0.316,0.212,-0.152046783625731,False,False,5,0,250,0.212,250,0.316,0.252,-0.09356725146198831,False,False,5,0,250,0.252,,,hex_pathfinding
domain,claude_sonnet_5,MACRO,False,250,0.316,0.21200000000000002,-0.16836550836550837,False,False,5,0,250,0.212,250,0.316,0.252,-0.09693693693693693,False,False,5,0,250,0.252,,,hex_pathfinding
domain,claude_sonnet_5,POOLED,False,250,0.316,0.212,-0.152046783625731,False,False,5,0,250,0.212,250,0.316,0.252,-0.09356725146198831,False,False,5,0,250,0.252,,,hex_pathfinding
domain,claude_sonnet_5,MACRO,True,250,0.4800000000000001,0.42400000000000004,-0.20626093686902677,False,False,5,0,250,0.424,250,0.4800000000000001,0.42400000000000004,-0.20626093686902677,False,False,5,0,250,0.424,,,impossible_object
domain,claude_sonnet_5,POOLED,True,250,0.48,0.424,-0.10769230769230768,False,False,5,0,250,0.424,250,0.48,0.424,-0.10769230769230768,False,False,5,0,250,0.424,,,impossible_object
domain,claude_sonnet_5,MACRO,False,250,0.4800000000000001,0.42400000000000004,-0.20626093686902677,False,False,5,0,250,0.424,250,0.4800000000000001,0.42400000000000004,-0.20626093686902677,False,False,5,0,250,0.424,,,impossible_object
domain,claude_sonnet_5,POOLED,False,250,0.48,0.424,-0.10769230769230768,False,False,5,0,250,0.424,250,0.48,0.424,-0.10769230769230768,False,False,5,0,250,0.424,,,impossible_object
domain,claude_sonnet_5,MACRO,True,250,0.35600000000000004,0.568,0.49275826830174657,False,False,5,0,250,0.568,250,0.384,0.692,0.6127136752136753,False,False,5,0,250,0.692,,,laser_mirror
domain,claude_sonnet_5,POOLED,True,250,0.356,0.568,0.3291925465838509,False,False,5,0,250,0.568,250,0.384,0.692,0.4999999999999999,False,False,5,0,250,0.692,,,laser_mirror
domain,claude_sonnet_5,MACRO,False,250,0.35600000000000004,0.568,0.49275826830174657,False,False,5,0,250,0.568,250,0.384,0.692,0.6127136752136753,False,False,5,0,250,0.692,,,laser_mirror
domain,claude_sonnet_5,POOLED,False,250,0.356,0.568,0.3291925465838509,False,False,5,0,250,0.568,250,0.384,0.692,0.4999999999999999,False,False,5,0,250,0.692,,,laser_mirror
domain,claude_sonnet_5,MACRO,True,250,0.32799999999999996,0.6880000000000001,0.5231670084301664,False,False,5,0,250,0.688,250,0.32799999999999996,0.6880000000000001,0.5231670084301664,False,False,5,0,250,0.688,,,line_intersection
domain,claude_sonnet_5,POOLED,True,250,0.328,0.688,0.5357142857142857,False,False,5,0,250,0.688,250,0.328,0.688,0.5357142857142857,False,False,5,0,250,0.688,,,line_intersection
domain,claude_sonnet_5,MACRO,False,250,0.32799999999999996,0.6880000000000001,0.5231670084301664,False,False,5,0,250,0.688,250,0.32799999999999996,0.6880000000000001,0.5231670084301664,False,False,5,0,250,0.688,,,line_intersection
domain,claude_sonnet_5,POOLED,False,250,0.328,0.688,0.5357142857142857,False,False,5,0,250,0.688,250,0.328,0.688,0.5357142857142857,False,False,5,0,250,0.688,,,line_intersection
domain,claude_sonnet_5,MACRO,True,250,0.296,0.292,-0.011463391680782985,False,False,5,0,250,0.292,250,0.296,0.292,-0.011463391680782985,False,False,5,0,250,0.292,,,nested_hexagons
domain,claude_sonnet_5,POOLED,True,250,0.296,0.292,-0.005681818181818187,False,False,5,0,250,0.292,250,0.296,0.292,-0.005681818181818187,False,False,5,0,250,0.292,,,nested_hexagons
domain,claude_sonnet_5,MACRO,False,250,0.296,0.292,-0.011463391680782985,False,False,5,0,250,0.292,250,0.296,0.292,-0.011463391680782985,False,False,5,0,250,0.292,,,nested_hexagons
domain,claude_sonnet_5,POOLED,False,250,0.296,0.292,-0.005681818181818187,False,False,5,0,250,0.292,250,0.296,0.292,-0.005681818181818187,False,False,5,0,250,0.292,,,nested_hexagons
domain,claude_sonnet_5,MACRO,True,250,0.292,0.252,-0.05637060860959921,False,False,5,0,250,0.252,250,0.292,0.252,-0.05637060860959921,False,False,5,0,250,0.252,,,nested_squares
domain,claude_sonnet_5,POOLED,True,250,0.292,0.252,-0.05649717514124291,False,False,5,0,250,0.252,250,0.292,0.252,-0.05649717514124291,False,False,5,0,250,0.252,,,nested_squares
domain,claude_sonnet_5,MACRO,False,250,0.292,0.252,-0.05637060860959921,False,False,5,0,250,0.252,250,0.292,0.252,-0.05637060860959921,False,False,5,0,250,0.252,,,nested_squares
domain,claude_sonnet_5,POOLED,False,250,0.292,0.252,-0.05649717514124291,False,False,5,0,250,0.252,250,0.292,0.252,-0.05649717514124291,False,False,5,0,250,0.252,,,nested_squares
domain,claude_sonnet_5,MACRO,True,250,0.304,0.3,-0.027364459331247076,False,False,5,0,250,0.3,250,0.304,0.3,-0.027364459331247076,False,False,5,0,250,0.3,,,nested_triangles
domain,claude_sonnet_5,POOLED,True,250,0.304,0.3,-0.005747126436781614,False,False,5,0,250,0.3,250,0.304,0.3,-0.005747126436781614,False,False,5,0,250,0.3,,,nested_triangles
domain,claude_sonnet_5,MACRO,False,250,0.304,0.3,-0.027364459331247076,False,False,5,0,250,0.3,250,0.304,0.3,-0.027364459331247076,False,False,5,0,250,0.3,,,nested_triangles
domain,claude_sonnet_5,POOLED,False,250,0.304,0.3,-0.005747126436781614,False,False,5,0,250,0.3,250,0.304,0.3,-0.005747126436781614,False,False,5,0,250,0.3,,,nested_triangles
domain,claude_sonnet_5,MACRO,True,250,0.256,0.41200000000000003,0.1962767923133777,False,False,5,0,250,0.412,250,0.256,0.41200000000000003,0.1962767923133777,False,False,5,0,250,0.412,,,occluded_pattern
domain,claude_sonnet_5,POOLED,True,250,0.256,0.412,0.20967741935483866,False,False,5,0,250,0.412,250,0.256,0.412,0.20967741935483866,False,False,5,0,250,0.412,,,occluded_pattern
domain,claude_sonnet_5,MACRO,False,250,0.256,0.41200000000000003,0.1962767923133777,False,False,5,0,250,0.412,250,0.256,0.41200000000000003,0.1962767923133777,False,False,5,0,250,0.412,,,occluded_pattern
domain,claude_sonnet_5,POOLED,False,250,0.256,0.412,0.20967741935483866,False,False,5,0,250,0.412,250,0.256,0.412,0.20967741935483866,False,False,5,0,250,0.412,,,occluded_pattern
domain,claude_sonnet_5,MACRO,True,200,0.505,0.45,-0.10284391534391532,False,False,4,1,250,0.56,200,0.505,0.505,0.011739417989417994,False,False,4,1,250,0.604,,,optical_illusion
domain,claude_sonnet_5,POOLED,True,200,0.505,0.45,-0.1111111111111111,False,False,4,1,250,0.56,200,0.505,0.505,0.0,False,False,4,1,250,0.604,,,optical_illusion
domain,claude_sonnet_5,MACRO,False,200,0.505,0.45,-0.10284391534391532,False,False,4,1,250,0.56,200,0.505,0.505,0.011739417989417994,False,False,4,1,250,0.604,,,optical_illusion
domain,claude_sonnet_5,POOLED,False,200,0.505,0.45,-0.1111111111111111,False,False,4,1,250,0.56,200,0.505,0.505,0.0,False,False,4,1,250,0.604,,,optical_illusion
domain,claude_sonnet_5,MACRO,True,200,0.315,0.495,0.27040923217908486,False,False,4,1,250,0.396,200,0.41000000000000003,0.6,0.3695471632135676,False,False,4,1,250,0.48,,,orthographic
domain,claude_sonnet_5,POOLED,True,200,0.315,0.495,0.2627737226277372,False,False,4,1,250,0.396,200,0.41,0.6,0.3220338983050847,False,False,4,1,250,0.48,,,orthographic
domain,claude_sonnet_5,MACRO,False,200,0.315,0.495,0.27040923217908486,False,False,4,1,250,0.396,200,0.41000000000000003,0.6,0.3695471632135676,False,False,4,1,250,0.48,,,orthographic
domain,claude_sonnet_5,POOLED,False,200,0.315,0.495,0.2627737226277372,False,False,4,1,250,0.396,200,0.41,0.6,0.3220338983050847,False,False,4,1,250,0.48,,,orthographic
domain,claude_sonnet_5,MACRO,True,250,0.24400000000000005,0.296,0.07718953017606629,False,False,5,0,250,0.296,250,0.24400000000000005,0.296,0.07718953017606629,False,False,5,0,250,0.296,,,overlap_circles
domain,claude_sonnet_5,POOLED,True,250,0.244,0.296,0.06878306878306877,False,False,5,0,250,0.296,250,0.244,0.296,0.06878306878306877,False,False,5,0,250,0.296,,,overlap_circles
domain,claude_sonnet_5,MACRO,False,250,0.24400000000000005,0.296,0.07718953017606629,False,False,5,0,250,0.296,250,0.24400000000000005,0.296,0.07718953017606629,False,False,5,0,250,0.296,,,overlap_circles
domain,claude_sonnet_5,POOLED,False,250,0.244,0.296,0.06878306878306877,False,False,5,0,250,0.296,250,0.244,0.296,0.06878306878306877,False,False,5,0,250,0.296,,,overlap_circles
domain,claude_sonnet_5,MACRO,True,250,0.384,0.616,0.4138317395923886,False,False,5,0,250,0.616,250,0.45600000000000007,0.72,0.4519269776876268,False,False,5,0,250,0.72,,,physical_stability
domain,claude_sonnet_5,POOLED,True,250,0.384,0.616,0.3766233766233766,False,False,5,0,250,0.616,250,0.456,0.72,0.4852941176470587,False,False,5,0,250,0.72,,,physical_stability
domain,claude_sonnet_5,MACRO,False,250,0.384,0.616,0.4138317395923886,False,False,5,0,250,0.616,250,0.45600000000000007,0.72,0.4519269776876268,False,False,5,0,250,0.72,,,physical_stability
domain,claude_sonnet_5,POOLED,False,250,0.384,0.616,0.3766233766233766,False,False,5,0,250,0.616,250,0.456,0.72,0.4852941176470587,False,False,5,0,250,0.72,,,physical_stability
domain,claude_sonnet_5,MACRO,True,200,0.44500000000000006,0.535,0.08890354701050796,False,False,4,1,250,0.628,200,0.44500000000000006,0.535,0.08890354701050796,False,False,4,1,250,0.628,,,polyhedron
domain,claude_sonnet_5,POOLED,True,200,0.445,0.535,0.16216216216216223,False,False,4,1,250,0.628,200,0.445,0.535,0.16216216216216223,False,False,4,1,250,0.628,,,polyhedron
domain,claude_sonnet_5,MACRO,False,200,0.44500000000000006,0.535,0.08890354701050796,False,False,4,1,250,0.628,200,0.44500000000000006,0.535,0.08890354701050796,False,False,4,1,250,0.628,,,polyhedron
domain,claude_sonnet_5,POOLED,False,200,0.445,0.535,0.16216216216216223,False,False,4,1,250,0.628,200,0.445,0.535,0.16216216216216223,False,False,4,1,250,0.628,,,polyhedron
domain,claude_sonnet_5,MACRO,True,250,0.304,0.744,0.5888888888888889,False,False,5,0,250,0.744,250,0.304,0.9039999999999999,0.7916666666666667,False,False,5,0,250,0.904,,,projectile_motion
domain,claude_sonnet_5,POOLED,True,250,0.304,0.744,0.632183908045977,False,False,5,0,250,0.744,250,0.304,0.904,0.8620689655172415,False,False,5,0,250,0.904,,,projectile_motion
domain,claude_sonnet_5,MACRO,False,250,0.304,0.744,0.5888888888888889,False,False,5,0,250,0.744,250,0.304,0.9039999999999999,0.7916666666666667,False,False,5,0,250,0.904,,,projectile_motion
domain,claude_sonnet_5,POOLED,False,250,0.304,0.744,0.632183908045977,False,False,5,0,250,0.744,250,0.304,0.904,0.8620689655172415,False,False,5,0,250,0.904,,,projectile_motion
domain,claude_sonnet_5,MACRO,True,250,0.28800000000000003,0.404,0.13370035193564606,False,False,5,0,250,0.404,250,0.28800000000000003,0.404,0.13370035193564606,False,False,5,0,250,0.404,,,rotation_matching
domain,claude_sonnet_5,POOLED,True,250,0.288,0.404,0.1629213483146068,False,False,5,0,250,0.404,250,0.288,0.404,0.1629213483146068,False,False,5,0,250,0.404,,,rotation_matching
domain,claude_sonnet_5,MACRO,False,250,0.28800000000000003,0.404,0.13370035193564606,False,False,5,0,250,0.404,250,0.28800000000000003,0.404,0.13370035193564606,False,False,5,0,250,0.404,,,rotation_matching
domain,claude_sonnet_5,POOLED,False,250,0.288,0.404,0.1629213483146068,False,False,5,0,250,0.404,250,0.288,0.404,0.1629213483146068,False,False,5,0,250,0.404,,,rotation_matching
domain,claude_sonnet_5,MACRO,True,250,0.25999999999999995,0.28800000000000003,0.002624016520993,False,False,5,0,250,0.288,250,0.25999999999999995,0.28800000000000003,0.002624016520993,False,False,5,0,250,0.288,,,route
domain,claude_sonnet_5,POOLED,True,250,0.26,0.288,0.0378378378378378,False,False,5,0,250,0.288,250,0.26,0.288,0.0378378378378378,False,False,5,0,250,0.288,,,route
domain,claude_sonnet_5,MACRO,False,250,0.25999999999999995,0.28800000000000003,0.002624016520993,False,False,5,0,250,0.288,250,0.25999999999999995,0.28800000000000003,0.002624016520993,False,False,5,0,250,0.288,,,route
domain,claude_sonnet_5,POOLED,False,250,0.26,0.288,0.0378378378378378,False,False,5,0,250,0.288,250,0.26,0.288,0.0378378378378378,False,False,5,0,250,0.288,,,route
domain,claude_sonnet_5,MACRO,True,250,0.36,0.664,0.3633786509781375,False,False,5,0,250,0.664,250,0.36,0.664,0.3633786509781375,False,False,5,0,250,0.664,,,rpm
domain,claude_sonnet_5,POOLED,True,250,0.36,0.664,0.4750000000000001,False,False,5,0,250,0.664,250,0.36,0.664,0.4750000000000001,False,False,5,0,250,0.664,,,rpm
domain,claude_sonnet_5,MACRO,False,250,0.36,0.664,0.3633786509781375,False,False,5,0,250,0.664,250,0.36,0.664,0.3633786509781375,False,False,5,0,250,0.664,,,rpm
domain,claude_sonnet_5,POOLED,False,250,0.36,0.664,0.4750000000000001,False,False,5,0,250,0.664,250,0.36,0.664,0.4750000000000001,False,False,5,0,250,0.664,,,rpm
domain,claude_sonnet_5,MACRO,True,250,0.44000000000000006,0.5399999999999999,0.10644955300127716,False,False,5,0,250,0.54,250,0.44000000000000006,0.5439999999999999,0.11756066411238827,False,False,5,0,250,0.544,,,shadow_inference
domain,claude_sonnet_5,POOLED,True,250,0.44,0.54,0.1785714285714286,False,False,5,0,250,0.54,250,0.44,0.544,0.18571428571428578,False,False,5,0,250,0.544,,,shadow_inference
domain,claude_sonnet_5,MACRO,False,250,0.44000000000000006,0.5399999999999999,0.10644955300127716,False,False,5,0,250,0.54,250,0.44000000000000006,0.5439999999999999,0.11756066411238827,False,False,5,0,250,0.544,,,shadow_inference
domain,claude_sonnet_5,POOLED,False,250,0.44,0.54,0.1785714285714286,False,False,5,0,250,0.54,250,0.44,0.544,0.18571428571428578,False,False,5,0,250,0.544,,,shadow_inference
domain,claude_sonnet_5,MACRO,True,250,0.42000000000000004,0.676,0.45880050505050507,False,False,5,0,250,0.676,250,0.42000000000000004,0.676,0.45880050505050507,False,False,5,0,250,0.676,,,surface_topology
domain,claude_sonnet_5,POOLED,True,250,0.42,0.676,0.44137931034482764,False,False,5,0,250,0.676,250,0.42,0.676,0.44137931034482764,False,False,5,0,250,0.676,,,surface_topology
domain,claude_sonnet_5,MACRO,False,250,0.42000000000000004,0.676,0.45880050505050507,False,False,5,0,250,0.676,250,0.42000000000000004,0.676,0.45880050505050507,False,False,5,0,250,0.676,,,surface_topology
domain,claude_sonnet_5,POOLED,False,250,0.42,0.676,0.44137931034482764,False,False,5,0,250,0.676,250,0.42,0.676,0.44137931034482764,False,False,5,0,250,0.676,,,surface_topology
domain,claude_sonnet_5,MACRO,True,200,0.41500000000000004,0.5950000000000001,0.32520970575318403,False,False,4,1,250,0.6,200,0.41500000000000004,0.675,0.44642182696530525,False,False,4,1,250,0.664,,,symmetry_pattern
domain,claude_sonnet_5,POOLED,True,200,0.415,0.595,0.3076923076923077,False,False,4,1,250,0.6,200,0.415,0.675,0.4444444444444446,False,False,4,1,250,0.664,,,symmetry_pattern
domain,claude_sonnet_5,MACRO,False,200,0.41500000000000004,0.5950000000000001,0.32520970575318403,False,False,4,1,250,0.6,200,0.41500000000000004,0.675,0.44642182696530525,False,False,4,1,250,0.664,,,symmetry_pattern
domain,claude_sonnet_5,POOLED,False,200,0.415,0.595,0.3076923076923077,False,False,4,1,250,0.6,200,0.415,0.675,0.4444444444444446,False,False,4,1,250,0.664,,,symmetry_pattern
domain,deepseek_v4_1_flash,MACRO,True,250,0.268,0.5359999999999999,0.3785565677013046,False,False,5,0,250,0.536,250,0.268,0.572,0.42680218173639234,False,False,5,0,250,0.572,,,angle_estimation
domain,deepseek_v4_1_flash,POOLED,True,250,0.268,0.536,0.366120218579235,False,False,5,0,250,0.536,250,0.268,0.572,0.41530054644808734,False,False,5,0,250,0.572,,,angle_estimation
domain,deepseek_v4_1_flash,MACRO,False,250,0.268,0.5359999999999999,0.3785565677013046,False,False,5,0,250,0.536,250,0.268,0.572,0.42680218173639234,False,False,5,0,250,0.572,,,angle_estimation
domain,deepseek_v4_1_flash,POOLED,False,250,0.268,0.536,0.366120218579235,False,False,5,0,250,0.536,250,0.268,0.572,0.41530054644808734,False,False,5,0,250,0.572,,,angle_estimation
domain,deepseek_v4_1_flash,MACRO,True,250,0.16000000000000003,0.38400000000000006,0.32083333333333336,False,False,5,0,250,0.384,250,0.16000000000000003,0.38400000000000006,0.32083333333333336,False,False,5,0,250,0.384,,,clock_reading
domain,deepseek_v4_1_flash,POOLED,True,250,0.16,0.384,0.26666666666666666,False,False,5,0,250,0.384,250,0.16,0.384,0.26666666666666666,False,False,5,0,250,0.384,,,clock_reading
domain,deepseek_v4_1_flash,MACRO,False,250,0.16000000000000003,0.38400000000000006,0.32083333333333336,False,False,5,0,250,0.384,250,0.16000000000000003,0.38400000000000006,0.32083333333333336,False,False,5,0,250,0.384,,,clock_reading
domain,deepseek_v4_1_flash,POOLED,False,250,0.16,0.384,0.26666666666666666,False,False,5,0,250,0.384,250,0.16,0.384,0.26666666666666666,False,False,5,0,250,0.384,,,clock_reading
domain,deepseek_v4_1_flash,MACRO,True,250,0.42400000000000004,0.44799999999999995,0.07958822091886608,False,False,5,0,250,0.448,250,0.42400000000000004,0.44799999999999995,0.07958822091886608,False,False,5,0,250,0.448,,,combination
domain,deepseek_v4_1_flash,POOLED,True,250,0.424,0.448,0.0416666666666667,False,False,5,0,250,0.448,250,0.424,0.448,0.0416666666666667,False,False,5,0,250,0.448,,,combination
domain,deepseek_v4_1_flash,MACRO,False,250,0.42400000000000004,0.44799999999999995,0.07958822091886608,False,False,5,0,250,0.448,250,0.42400000000000004,0.44799999999999995,0.07958822091886608,False,False,5,0,250,0.448,,,combination
domain,deepseek_v4_1_flash,POOLED,False,250,0.424,0.448,0.0416666666666667,False,False,5,0,250,0.448,250,0.424,0.448,0.0416666666666667,False,False,5,0,250,0.448,,,combination
domain,deepseek_v4_1_flash,MACRO,True,250,0.32399999999999995,0.23600000000000004,-0.1055067650402336,False,False,5,0,250,0.236,250,0.32399999999999995,0.23600000000000004,-0.1055067650402336,False,False,5,0,250,0.236,,,combination3d
domain,deepseek_v4_1_flash,POOLED,True,250,0.324,0.236,-0.13017751479289946,False,False,5,0,250,0.236,250,0.324,0.236,-0.13017751479289946,False,False,5,0,250,0.236,,,combination3d
domain,deepseek_v4_1_flash,MACRO,False,250,0.32399999999999995,0.23600000000000004,-0.1055067650402336,False,False,5,0,250,0.236,250,0.32399999999999995,0.23600000000000004,-0.1055067650402336,False,False,5,0,250,0.236,,,combination3d
domain,deepseek_v4_1_flash,POOLED,False,250,0.324,0.236,-0.13017751479289946,False,False,5,0,250,0.236,250,0.324,0.236,-0.13017751479289946,False,False,5,0,250,0.236,,,combination3d
domain,deepseek_v4_1_flash,MACRO,True,250,0.24400000000000005,0.45599999999999996,0.4145935810221525,False,False,5,0,250,0.456,250,0.24400000000000005,0.45599999999999996,0.4145935810221525,False,False,5,0,250,0.456,,,compass_bearing
domain,deepseek_v4_1_flash,POOLED,True,250,0.244,0.456,0.28042328042328046,False,False,5,0,250,0.456,250,0.244,0.456,0.28042328042328046,False,False,5,0,250,0.456,,,compass_bearing
domain,deepseek_v4_1_flash,MACRO,False,250,0.24400000000000005,0.45599999999999996,0.4145935810221525,False,False,5,0,250,0.456,250,0.24400000000000005,0.45599999999999996,0.4145935810221525,False,False,5,0,250,0.456,,,compass_bearing
domain,deepseek_v4_1_flash,POOLED,False,250,0.244,0.456,0.28042328042328046,False,False,5,0,250,0.456,250,0.244,0.456,0.28042328042328046,False,False,5,0,250,0.456,,,compass_bearing
domain,deepseek_v4_1_flash,MACRO,True,250,0.18,0.44000000000000006,0.33719049396540995,False,False,5,0,250,0.44,250,0.18,0.44000000000000006,0.33719049396540995,False,False,5,0,250,0.44,,,coordinate_geometry
domain,deepseek_v4_1_flash,POOLED,True,250,0.18,0.44,0.3170731707317073,False,False,5,0,250,0.44,250,0.18,0.44,0.3170731707317073,False,False,5,0,250,0.44,,,coordinate_geometry
domain,deepseek_v4_1_flash,MACRO,False,250,0.18,0.44000000000000006,0.33719049396540995,False,False,5,0,250,0.44,250,0.18,0.44000000000000006,0.33719049396540995,False,False,5,0,250,0.44,,,coordinate_geometry
domain,deepseek_v4_1_flash,POOLED,False,250,0.18,0.44,0.3170731707317073,False,False,5,0,250,0.44,250,0.18,0.44,0.3170731707317073,False,False,5,0,250,0.44,,,coordinate_geometry
domain,deepseek_v4_1_flash,MACRO,True,200,0.5,0.5700000000000001,-0.6774715320910973,False,False,4,1,250,0.656,200,0.5,0.5700000000000001,-0.6774715320910973,False,False,4,1,250,0.656,,,cube_net
domain,deepseek_v4_1_flash,POOLED,True,200,0.5,0.57,0.1399999999999999,False,False,4,1,250,0.656,200,0.5,0.57,0.1399999999999999,False,False,4,1,250,0.656,,,cube_net
domain,deepseek_v4_1_flash,MACRO,False,200,0.5,0.5700000000000001,-0.6774715320910973,False,False,4,1,250,0.656,200,0.5,0.5700000000000001,-0.6774715320910973,False,False,4,1,250,0.656,,,cube_net
domain,deepseek_v4_1_flash,POOLED,False,200,0.5,0.57,0.1399999999999999,False,False,4,1,250,0.656,200,0.5,0.57,0.1399999999999999,False,False,4,1,250,0.656,,,cube_net
domain,deepseek_v4_1_flash,MACRO,True,250,0.348,0.18,-0.2586531739548428,False,False,5,0,250,0.18,250,0.348,0.18,-0.2586531739548428,False,False,5,0,250,0.18,,,cube_structure
domain,deepseek_v4_1_flash,POOLED,True,250,0.348,0.18,-0.2576687116564417,False,False,5,0,250,0.18,250,0.348,0.18,-0.2576687116564417,False,False,5,0,250,0.18,,,cube_structure
domain,deepseek_v4_1_flash,MACRO,False,250,0.348,0.18,-0.2586531739548428,False,False,5,0,250,0.18,250,0.348,0.18,-0.2586531739548428,False,False,5,0,250,0.18,,,cube_structure
domain,deepseek_v4_1_flash,POOLED,False,250,0.348,0.18,-0.2576687116564417,False,False,5,0,250,0.18,250,0.348,0.18,-0.2576687116564417,False,False,5,0,250,0.18,,,cube_structure
domain,deepseek_v4_1_flash,MACRO,True,250,0.22800000000000004,0.41600000000000004,0.28792089145247984,False,False,5,0,250,0.416,250,0.22800000000000004,0.572,0.49130253396455714,False,False,5,0,250,0.572,,,depth_height
domain,deepseek_v4_1_flash,POOLED,True,250,0.228,0.416,0.24352331606217612,False,False,5,0,250,0.416,250,0.228,0.572,0.44559585492227977,False,False,5,0,250,0.572,,,depth_height
domain,deepseek_v4_1_flash,MACRO,False,250,0.22800000000000004,0.41600000000000004,0.28792089145247984,False,False,5,0,250,0.416,250,0.22800000000000004,0.572,0.49130253396455714,False,False,5,0,250,0.572,,,depth_height
domain,deepseek_v4_1_flash,POOLED,False,250,0.228,0.416,0.24352331606217612,False,False,5,0,250,0.416,250,0.228,0.572,0.44559585492227977,False,False,5,0,250,0.572,,,depth_height
domain,deepseek_v4_1_flash,MACRO,True,250,0.376,0.32,-0.08089646464646465,False,False,5,0,250,0.32,250,0.376,0.4,0.10092171717171716,False,False,5,0,250,0.4,,,embedded_figures
domain,deepseek_v4_1_flash,POOLED,True,250,0.376,0.32,-0.08974358974358973,False,False,5,0,250,0.32,250,0.376,0.4,0.0384615384615385,False,False,5,0,250,0.4,,,embedded_figures
domain,deepseek_v4_1_flash,MACRO,False,250,0.376,0.32,-0.08089646464646465,False,False,5,0,250,0.32,250,0.376,0.4,0.10092171717171716,False,False,5,0,250,0.4,,,embedded_figures
domain,deepseek_v4_1_flash,POOLED,False,250,0.376,0.32,-0.08974358974358973,False,False,5,0,250,0.32,250,0.376,0.4,0.0384615384615385,False,False,5,0,250,0.4,,,embedded_figures
domain,deepseek_v4_1_flash,MACRO,True,250,0.23200000000000004,0.332,0.14111809650977333,False,False,5,0,250,0.332,250,0.23200000000000004,0.43600000000000005,0.29840491821519977,False,False,5,0,250,0.436,,,fbd
domain,deepseek_v4_1_flash,POOLED,True,250,0.232,0.332,0.13020833333333334,False,False,5,0,250,0.332,250,0.232,0.436,0.265625,False,False,5,0,250,0.436,,,fbd
domain,deepseek_v4_1_flash,MACRO,False,250,0.23200000000000004,0.332,0.14111809650977333,False,False,5,0,250,0.332,250,0.23200000000000004,0.43600000000000005,0.29840491821519977,False,False,5,0,250,0.436,,,fbd
domain,deepseek_v4_1_flash,POOLED,False,250,0.232,0.332,0.13020833333333334,False,False,5,0,250,0.332,250,0.232,0.436,0.265625,False,False,5,0,250,0.436,,,fbd
domain,deepseek_v4_1_flash,MACRO,True,250,0.45200000000000007,0.528,0.14327647268823737,False,False,5,0,250,0.528,250,0.45200000000000007,0.528,0.14327647268823737,False,False,5,0,250,0.528,,,fold_punch
domain,deepseek_v4_1_flash,POOLED,True,250,0.452,0.528,0.13868613138686134,False,False,5,0,250,0.528,250,0.452,0.528,0.13868613138686134,False,False,5,0,250,0.528,,,fold_punch
domain,deepseek_v4_1_flash,MACRO,False,250,0.45200000000000007,0.528,0.14327647268823737,False,False,5,0,250,0.528,250,0.45200000000000007,0.528,0.14327647268823737,False,False,5,0,250,0.528,,,fold_punch
domain,deepseek_v4_1_flash,POOLED,False,250,0.452,0.528,0.13868613138686134,False,False,5,0,250,0.528,250,0.452,0.528,0.13868613138686134,False,False,5,0,250,0.528,,,fold_punch
domain,deepseek_v4_1_flash,MACRO,True,250,0.40800000000000003,0.54,0.11167848699763594,False,False,5,0,250,0.54,250,0.45200000000000007,0.76,0.5984869976359338,False,False,5,0,250,0.76,,,gauge_reading
domain,deepseek_v4_1_flash,POOLED,True,250,0.408,0.54,0.22297297297297305,False,False,5,0,250,0.54,250,0.452,0.76,0.5620437956204379,False,False,5,0,250,0.76,,,gauge_reading
domain,deepseek_v4_1_flash,MACRO,False,250,0.40800000000000003,0.54,0.11167848699763594,False,False,5,0,250,0.54,250,0.45200000000000007,0.76,0.5984869976359338,False,False,5,0,250,0.76,,,gauge_reading
domain,deepseek_v4_1_flash,POOLED,False,250,0.408,0.54,0.22297297297297305,False,False,5,0,250,0.54,250,0.452,0.76,0.5620437956204379,False,False,5,0,250,0.76,,,gauge_reading
domain,deepseek_v4_1_flash,MACRO,True,200,0.29500000000000004,0.665,0.5043634792626729,False,False,4,1,250,0.532,200,0.29500000000000004,0.665,0.5043634792626729,False,False,4,1,250,0.732,,,gear_train
domain,deepseek_v4_1_flash,POOLED,True,200,0.295,0.665,0.524822695035461,False,False,4,1,250,0.532,200,0.295,0.665,0.524822695035461,False,False,4,1,250,0.732,,,gear_train
domain,deepseek_v4_1_flash,MACRO,False,200,0.29500000000000004,0.665,0.5043634792626729,False,False,4,1,250,0.532,200,0.29500000000000004,0.665,0.5043634792626729,False,False,4,1,250,0.732,,,gear_train
domain,deepseek_v4_1_flash,POOLED,False,200,0.295,0.665,0.524822695035461,False,False,4,1,250,0.532,200,0.295,0.665,0.524822695035461,False,False,4,1,250,0.732,,,gear_train
domain,deepseek_v4_1_flash,MACRO,True,250,0.316,0.17600000000000002,-0.20193327393327393,False,False,5,0,250,0.176,250,0.316,0.18400000000000002,-0.18764755964755966,False,False,5,0,250,0.184,,,hex_pathfinding
domain,deepseek_v4_1_flash,POOLED,True,250,0.316,0.176,-0.20467836257309946,False,False,5,0,250,0.176,250,0.316,0.184,-0.1929824561403509,False,False,5,0,250,0.184,,,hex_pathfinding
domain,deepseek_v4_1_flash,MACRO,False,250,0.316,0.17600000000000002,-0.20193327393327393,False,False,5,0,250,0.176,250,0.316,0.18400000000000002,-0.18764755964755966,False,False,5,0,250,0.184,,,hex_pathfinding
domain,deepseek_v4_1_flash,POOLED,False,250,0.316,0.176,-0.20467836257309946,False,False,5,0,250,0.176,250,0.316,0.184,-0.1929824561403509,False,False,5,0,250,0.184,,,hex_pathfinding
domain,deepseek_v4_1_flash,MACRO,True,250,0.4800000000000001,0.20800000000000002,-0.701717929734823,False,False,5,0,250,0.208,250,0.4800000000000001,0.20800000000000002,-0.701717929734823,False,False,5,0,250,0.208,,,impossible_object
domain,deepseek_v4_1_flash,POOLED,True,250,0.48,0.208,-0.5230769230769231,False,False,5,0,250,0.208,250,0.48,0.208,-0.5230769230769231,False,False,5,0,250,0.208,,,impossible_object
domain,deepseek_v4_1_flash,MACRO,False,250,0.4800000000000001,0.20800000000000002,-0.701717929734823,False,False,5,0,250,0.208,250,0.4800000000000001,0.20800000000000002,-0.701717929734823,False,False,5,0,250,0.208,,,impossible_object
domain,deepseek_v4_1_flash,POOLED,False,250,0.48,0.208,-0.5230769230769231,False,False,5,0,250,0.208,250,0.48,0.208,-0.5230769230769231,False,False,5,0,250,0.208,,,impossible_object
domain,deepseek_v4_1_flash,MACRO,True,250,0.35600000000000004,0.35200000000000004,-0.06621609067261243,False,False,5,0,250,0.352,250,0.384,0.36000000000000004,-0.0949786324786325,False,False,5,0,250,0.36,,,laser_mirror
domain,deepseek_v4_1_flash,POOLED,True,250,0.356,0.352,-0.006211180124223608,False,False,5,0,250,0.352,250,0.384,0.36,-0.038961038961038995,False,False,5,0,250,0.36,,,laser_mirror
domain,deepseek_v4_1_flash,MACRO,False,250,0.35600000000000004,0.35200000000000004,-0.06621609067261243,False,False,5,0,250,0.352,250,0.384,0.36000000000000004,-0.0949786324786325,False,False,5,0,250,0.36,,,laser_mirror
domain,deepseek_v4_1_flash,POOLED,False,250,0.356,0.352,-0.006211180124223608,False,False,5,0,250,0.352,250,0.384,0.36,-0.038961038961038995,False,False,5,0,250,0.36,,,laser_mirror
domain,deepseek_v4_1_flash,MACRO,True,250,0.32799999999999996,0.736,0.5887238297764614,False,False,5,0,250,0.736,250,0.32799999999999996,0.736,0.5887238297764614,False,False,5,0,250,0.736,,,line_intersection
domain,deepseek_v4_1_flash,POOLED,True,250,0.328,0.736,0.6071428571428572,False,False,5,0,250,0.736,250,0.328,0.736,0.6071428571428572,False,False,5,0,250,0.736,,,line_intersection
domain,deepseek_v4_1_flash,MACRO,False,250,0.32799999999999996,0.736,0.5887238297764614,False,False,5,0,250,0.736,250,0.32799999999999996,0.736,0.5887238297764614,False,False,5,0,250,0.736,,,line_intersection
domain,deepseek_v4_1_flash,POOLED,False,250,0.328,0.736,0.6071428571428572,False,False,5,0,250,0.736,250,0.328,0.736,0.6071428571428572,False,False,5,0,250,0.736,,,line_intersection
domain,deepseek_v4_1_flash,MACRO,True,250,0.296,0.22800000000000004,-0.14366836062488236,False,False,5,0,250,0.228,250,0.296,0.22800000000000004,-0.14366836062488236,False,False,5,0,250,0.228,,,nested_hexagons
domain,deepseek_v4_1_flash,POOLED,True,250,0.296,0.228,-0.09659090909090906,False,False,5,0,250,0.228,250,0.296,0.228,-0.09659090909090906,False,False,5,0,250,0.228,,,nested_hexagons
domain,deepseek_v4_1_flash,MACRO,False,250,0.296,0.22800000000000004,-0.14366836062488236,False,False,5,0,250,0.228,250,0.296,0.22800000000000004,-0.14366836062488236,False,False,5,0,250,0.228,,,nested_hexagons
domain,deepseek_v4_1_flash,POOLED,False,250,0.296,0.228,-0.09659090909090906,False,False,5,0,250,0.228,250,0.296,0.228,-0.09659090909090906,False,False,5,0,250,0.228,,,nested_hexagons
domain,deepseek_v4_1_flash,MACRO,True,250,0.292,0.264,-0.043237036755097116,False,False,5,0,250,0.264,250,0.292,0.264,-0.043237036755097116,False,False,5,0,250,0.264,,,nested_squares
domain,deepseek_v4_1_flash,POOLED,True,250,0.292,0.264,-0.03954802259887002,False,False,5,0,250,0.264,250,0.292,0.264,-0.03954802259887002,False,False,5,0,250,0.264,,,nested_squares
domain,deepseek_v4_1_flash,MACRO,False,250,0.292,0.264,-0.043237036755097116,False,False,5,0,250,0.264,250,0.292,0.264,-0.043237036755097116,False,False,5,0,250,0.264,,,nested_squares
domain,deepseek_v4_1_flash,POOLED,False,250,0.292,0.264,-0.03954802259887002,False,False,5,0,250,0.264,250,0.292,0.264,-0.03954802259887002,False,False,5,0,250,0.264,,,nested_squares
domain,deepseek_v4_1_flash,MACRO,True,250,0.304,0.32,0.024361082763835886,False,False,5,0,250,0.32,250,0.304,0.32,0.024361082763835886,False,False,5,0,250,0.32,,,nested_triangles
domain,deepseek_v4_1_flash,POOLED,True,250,0.304,0.32,0.022988505747126457,False,False,5,0,250,0.32,250,0.304,0.32,0.022988505747126457,False,False,5,0,250,0.32,,,nested_triangles
domain,deepseek_v4_1_flash,MACRO,False,250,0.304,0.32,0.024361082763835886,False,False,5,0,250,0.32,250,0.304,0.32,0.024361082763835886,False,False,5,0,250,0.32,,,nested_triangles
domain,deepseek_v4_1_flash,POOLED,False,250,0.304,0.32,0.022988505747126457,False,False,5,0,250,0.32,250,0.304,0.32,0.022988505747126457,False,False,5,0,250,0.32,,,nested_triangles
domain,deepseek_v4_1_flash,MACRO,True,250,0.256,0.44800000000000006,0.2507584996304509,False,False,5,0,250,0.448,250,0.256,0.45200000000000007,0.2568191056910569,False,False,5,0,250,0.452,,,occluded_pattern
domain,deepseek_v4_1_flash,POOLED,True,250,0.256,0.448,0.25806451612903225,False,False,5,0,250,0.448,250,0.256,0.452,0.26344086021505375,False,False,5,0,250,0.452,,,occluded_pattern
domain,deepseek_v4_1_flash,MACRO,False,250,0.256,0.44800000000000006,0.2507584996304509,False,False,5,0,250,0.448,250,0.256,0.45200000000000007,0.2568191056910569,False,False,5,0,250,0.452,,,occluded_pattern
domain,deepseek_v4_1_flash,POOLED,False,250,0.256,0.448,0.25806451612903225,False,False,5,0,250,0.448,250,0.256,0.452,0.26344086021505375,False,False,5,0,250,0.452,,,occluded_pattern
domain,deepseek_v4_1_flash,MACRO,True,200,0.505,0.36500000000000005,-0.2787698412698413,False,False,4,1,250,0.492,200,0.505,0.36500000000000005,-0.2787698412698413,False,False,4,1,250,0.492,,,optical_illusion
domain,deepseek_v4_1_flash,POOLED,True,200,0.505,0.365,-0.2828282828282829,False,False,4,1,250,0.492,200,0.505,0.365,-0.2828282828282829,False,False,4,1,250,0.492,,,optical_illusion
domain,deepseek_v4_1_flash,MACRO,False,200,0.505,0.36500000000000005,-0.2787698412698413,False,False,4,1,250,0.492,200,0.505,0.36500000000000005,-0.2787698412698413,False,False,4,1,250,0.492,,,optical_illusion
domain,deepseek_v4_1_flash,POOLED,False,200,0.505,0.365,-0.2828282828282829,False,False,4,1,250,0.492,200,0.505,0.365,-0.2828282828282829,False,False,4,1,250,0.492,,,optical_illusion
domain,deepseek_v4_1_flash,MACRO,True,200,0.315,0.21000000000000002,-0.1762242976990393,False,False,4,1,250,0.216,200,0.41000000000000003,0.215,-0.9210518839059358,False,False,4,1,250,0.22,,,orthographic
domain,deepseek_v4_1_flash,POOLED,True,200,0.315,0.21,-0.15328467153284672,False,False,4,1,250,0.216,200,0.41,0.215,-0.3305084745762711,False,False,4,1,250,0.22,,,orthographic
domain,deepseek_v4_1_flash,MACRO,False,200,0.315,0.21000000000000002,-0.1762242976990393,False,False,4,1,250,0.216,200,0.41000000000000003,0.215,-0.9210518839059358,False,False,4,1,250,0.22,,,orthographic
domain,deepseek_v4_1_flash,POOLED,False,200,0.315,0.21,-0.15328467153284672,False,False,4,1,250,0.216,200,0.41,0.215,-0.3305084745762711,False,False,4,1,250,0.22,,,orthographic
domain,deepseek_v4_1_flash,MACRO,True,250,0.24400000000000005,0.328,0.10101288552328944,False,False,5,0,250,0.328,250,0.24400000000000005,0.328,0.10101288552328944,False,False,5,0,250,0.328,,,overlap_circles
domain,deepseek_v4_1_flash,POOLED,True,250,0.244,0.328,0.11111111111111113,False,False,5,0,250,0.328,250,0.244,0.328,0.11111111111111113,False,False,5,0,250,0.328,,,overlap_circles
domain,deepseek_v4_1_flash,MACRO,False,250,0.24400000000000005,0.328,0.10101288552328944,False,False,5,0,250,0.328,250,0.24400000000000005,0.328,0.10101288552328944,False,False,5,0,250,0.328,,,overlap_circles
domain,deepseek_v4_1_flash,POOLED,False,250,0.244,0.328,0.11111111111111113,False,False,5,0,250,0.328,250,0.244,0.328,0.11111111111111113,False,False,5,0,250,0.328,,,overlap_circles
domain,deepseek_v4_1_flash,MACRO,True,250,0.384,0.472,0.13831388354714927,False,False,5,0,250,0.472,250,0.45600000000000007,0.576,0.17640912164238737,False,False,5,0,250,0.576,,,physical_stability
domain,deepseek_v4_1_flash,POOLED,True,250,0.384,0.472,0.1428571428571428,False,False,5,0,250,0.472,250,0.456,0.576,0.22058823529411753,False,False,5,0,250,0.576,,,physical_stability
domain,deepseek_v4_1_flash,MACRO,False,250,0.384,0.472,0.13831388354714927,False,False,5,0,250,0.472,250,0.45600000000000007,0.576,0.17640912164238737,False,False,5,0,250,0.576,,,physical_stability
domain,deepseek_v4_1_flash,POOLED,False,250,0.384,0.472,0.1428571428571428,False,False,5,0,250,0.472,250,0.456,0.576,0.22058823529411753,False,False,5,0,250,0.576,,,physical_stability
domain,deepseek_v4_1_flash,MACRO,True,200,0.44500000000000006,0.475,-0.7226150598816133,False,False,4,1,250,0.58,200,0.44500000000000006,0.475,-0.7226150598816133,False,False,4,1,250,0.58,,,polyhedron
domain,deepseek_v4_1_flash,POOLED,True,200,0.445,0.475,0.05405405405405401,False,False,4,1,250,0.58,200,0.445,0.475,0.05405405405405401,False,False,4,1,250,0.58,,,polyhedron
domain,deepseek_v4_1_flash,MACRO,False,200,0.44500000000000006,0.475,-0.7226150598816133,False,False,4,1,250,0.58,200,0.44500000000000006,0.475,-0.7226150598816133,False,False,4,1,250,0.58,,,polyhedron
domain,deepseek_v4_1_flash,POOLED,False,200,0.445,0.475,0.05405405405405401,False,False,4,1,250,0.58,200,0.445,0.475,0.05405405405405401,False,False,4,1,250,0.58,,,polyhedron
domain,deepseek_v4_1_flash,MACRO,True,250,0.304,0.7,0.5233585858585859,False,False,5,0,250,0.7,250,0.304,0.8560000000000001,0.685858585858586,False,False,5,0,250,0.856,,,projectile_motion
domain,deepseek_v4_1_flash,POOLED,True,250,0.304,0.7,0.5689655172413793,False,False,5,0,250,0.7,250,0.304,0.856,0.7931034482758622,False,False,5,0,250,0.856,,,projectile_motion
domain,deepseek_v4_1_flash,MACRO,False,250,0.304,0.7,0.5233585858585859,False,False,5,0,250,0.7,250,0.304,0.8560000000000001,0.685858585858586,False,False,5,0,250,0.856,,,projectile_motion
domain,deepseek_v4_1_flash,POOLED,False,250,0.304,0.7,0.5689655172413793,False,False,5,0,250,0.7,250,0.304,0.856,0.7931034482758622,False,False,5,0,250,0.856,,,projectile_motion
domain,deepseek_v4_1_flash,MACRO,True,250,0.28800000000000003,0.46799999999999997,0.22605329311211664,False,False,5,0,250,0.468,250,0.28800000000000003,0.46799999999999997,0.22605329311211664,False,False,5,0,250,0.468,,,rotation_matching
domain,deepseek_v4_1_flash,POOLED,True,250,0.288,0.468,0.252808988764045,False,False,5,0,250,0.468,250,0.288,0.468,0.252808988764045,False,False,5,0,250,0.468,,,rotation_matching
domain,deepseek_v4_1_flash,MACRO,False,250,0.28800000000000003,0.46799999999999997,0.22605329311211664,False,False,5,0,250,0.468,250,0.28800000000000003,0.46799999999999997,0.22605329311211664,False,False,5,0,250,0.468,,,rotation_matching
domain,deepseek_v4_1_flash,POOLED,False,250,0.288,0.468,0.252808988764045,False,False,5,0,250,0.468,250,0.288,0.468,0.252808988764045,False,False,5,0,250,0.468,,,rotation_matching
domain,deepseek_v4_1_flash,MACRO,True,250,0.25999999999999995,0.21600000000000003,-0.1595624942433453,False,False,5,0,250,0.216,250,0.25999999999999995,0.21600000000000003,-0.1595624942433453,False,False,5,0,250,0.216,,,route
domain,deepseek_v4_1_flash,POOLED,True,250,0.26,0.216,-0.05945945945945948,False,False,5,0,250,0.216,250,0.26,0.216,-0.05945945945945948,False,False,5,0,250,0.216,,,route
domain,deepseek_v4_1_flash,MACRO,False,250,0.25999999999999995,0.21600000000000003,-0.1595624942433453,False,False,5,0,250,0.216,250,0.25999999999999995,0.21600000000000003,-0.1595624942433453,False,False,5,0,250,0.216,,,route
domain,deepseek_v4_1_flash,POOLED,False,250,0.26,0.216,-0.05945945945945948,False,False,5,0,250,0.216,250,0.26,0.216,-0.05945945945945948,False,False,5,0,250,0.216,,,route
domain,deepseek_v4_1_flash,MACRO,True,250,0.36,0.584,0.270194338846457,False,False,5,0,250,0.584,250,0.36,0.584,0.270194338846457,False,False,5,0,250,0.584,,,rpm
domain,deepseek_v4_1_flash,POOLED,True,250,0.36,0.584,0.35,False,False,5,0,250,0.584,250,0.36,0.584,0.35,False,False,5,0,250,0.584,,,rpm
domain,deepseek_v4_1_flash,MACRO,False,250,0.36,0.584,0.270194338846457,False,False,5,0,250,0.584,250,0.36,0.584,0.270194338846457,False,False,5,0,250,0.584,,,rpm
domain,deepseek_v4_1_flash,POOLED,False,250,0.36,0.584,0.35,False,False,5,0,250,0.584,250,0.36,0.584,0.35,False,False,5,0,250,0.584,,,rpm
domain,deepseek_v4_1_flash,MACRO,True,250,0.44000000000000006,0.552,0.11951468710089397,False,False,5,0,250,0.552,250,0.44000000000000006,0.552,0.11951468710089397,False,False,5,0,250,0.552,,,shadow_inference
domain,deepseek_v4_1_flash,POOLED,True,250,0.44,0.552,0.20000000000000007,False,False,5,0,250,0.552,250,0.44,0.552,0.20000000000000007,False,False,5,0,250,0.552,,,shadow_inference
domain,deepseek_v4_1_flash,MACRO,False,250,0.44000000000000006,0.552,0.11951468710089397,False,False,5,0,250,0.552,250,0.44000000000000006,0.552,0.11951468710089397,False,False,5,0,250,0.552,,,shadow_inference
domain,deepseek_v4_1_flash,POOLED,False,250,0.44,0.552,0.20000000000000007,False,False,5,0,250,0.552,250,0.44,0.552,0.20000000000000007,False,False,5,0,250,0.552,,,shadow_inference
domain,deepseek_v4_1_flash,MACRO,True,250,0.42000000000000004,0.5199999999999999,0.1268181818181818,False,False,5,0,250,0.52,250,0.42000000000000004,0.5199999999999999,0.1268181818181818,False,False,5,0,250,0.52,,,surface_topology
domain,deepseek_v4_1_flash,POOLED,True,250,0.42,0.52,0.17241379310344832,False,False,5,0,250,0.52,250,0.42,0.52,0.17241379310344832,False,False,5,0,250,0.52,,,surface_topology
domain,deepseek_v4_1_flash,MACRO,False,250,0.42000000000000004,0.5199999999999999,0.1268181818181818,False,False,5,0,250,0.52,250,0.42000000000000004,0.5199999999999999,0.1268181818181818,False,False,5,0,250,0.52,,,surface_topology
domain,deepseek_v4_1_flash,POOLED,False,250,0.42,0.52,0.17241379310344832,False,False,5,0,250,0.52,250,0.42,0.52,0.17241379310344832,False,False,5,0,250,0.52,,,surface_topology
domain,deepseek_v4_1_flash,MACRO,True,200,0.41500000000000004,0.625,0.35796552481335087,False,False,4,1,250,0.692,200,0.41500000000000004,0.6950000000000001,0.46402613087395694,False,False,4,1,250,0.748,,,symmetry_pattern
domain,deepseek_v4_1_flash,POOLED,True,200,0.415,0.625,0.35897435897435903,False,False,4,1,250,0.692,200,0.415,0.695,0.4786324786324786,False,False,4,1,250,0.748,,,symmetry_pattern
domain,deepseek_v4_1_flash,MACRO,False,200,0.41500000000000004,0.625,0.35796552481335087,False,False,4,1,250,0.692,200,0.41500000000000004,0.6950000000000001,0.46402613087395694,False,False,4,1,250,0.748,,,symmetry_pattern
domain,deepseek_v4_1_flash,POOLED,False,200,0.415,0.625,0.35897435897435903,False,False,4,1,250,0.692,200,0.415,0.695,0.4786324786324786,False,False,4,1,250,0.748,,,symmetry_pattern
domain,gemini_3_8_flash,MACRO,True,250,0.268,0.732,0.6395636527215475,False,False,5,0,250,0.732,250,0.268,0.7999999999999999,0.7310841205578048,False,False,5,0,250,0.8,,,angle_estimation
domain,gemini_3_8_flash,POOLED,True,250,0.268,0.732,0.633879781420765,False,False,5,0,250,0.732,250,0.268,0.8,0.726775956284153,False,False,5,0,250,0.8,,,angle_estimation
domain,gemini_3_8_flash,MACRO,False,250,0.268,0.732,0.6395636527215475,False,False,5,0,250,0.732,250,0.268,0.7999999999999999,0.7310841205578048,False,False,5,0,250,0.8,,,angle_estimation
domain,gemini_3_8_flash,POOLED,False,250,0.268,0.732,0.633879781420765,False,False,5,0,250,0.732,250,0.268,0.8,0.726775956284153,False,False,5,0,250,0.8,,,angle_estimation
domain,gemini_3_8_flash,MACRO,True,250,0.16000000000000003,0.796,0.7869047619047619,False,False,5,0,250,0.796,250,0.16000000000000003,0.796,0.7869047619047619,False,False,5,0,250,0.796,,,clock_reading
domain,gemini_3_8_flash,POOLED,True,250,0.16,0.796,0.7571428571428572,False,False,5,0,250,0.796,250,0.16,0.796,0.7571428571428572,False,False,5,0,250,0.796,,,clock_reading
domain,gemini_3_8_flash,MACRO,False,250,0.16000000000000003,0.796,0.7869047619047619,False,False,5,0,250,0.796,250,0.16000000000000003,0.796,0.7869047619047619,False,False,5,0,250,0.796,,,clock_reading
domain,gemini_3_8_flash,POOLED,False,250,0.16,0.796,0.7571428571428572,False,False,5,0,250,0.796,250,0.16,0.796,0.7571428571428572,False,False,5,0,250,0.796,,,clock_reading
domain,gemini_3_8_flash,MACRO,True,250,0.42400000000000004,0.8959999999999999,0.8195340501792115,False,False,5,0,250,0.896,250,0.42400000000000004,0.8959999999999999,0.8195340501792115,False,False,5,0,250,0.896,,,combination
domain,gemini_3_8_flash,POOLED,True,250,0.424,0.896,0.8194444444444444,False,False,5,0,250,0.896,250,0.424,0.896,0.8194444444444444,False,False,5,0,250,0.896,,,combination
domain,gemini_3_8_flash,MACRO,False,250,0.42400000000000004,0.8959999999999999,0.8195340501792115,False,False,5,0,250,0.896,250,0.42400000000000004,0.8959999999999999,0.8195340501792115,False,False,5,0,250,0.896,,,combination
domain,gemini_3_8_flash,POOLED,False,250,0.424,0.896,0.8194444444444444,False,False,5,0,250,0.896,250,0.424,0.896,0.8194444444444444,False,False,5,0,250,0.896,,,combination
domain,gemini_3_8_flash,MACRO,True,250,0.32399999999999995,0.42400000000000004,0.16345763769698862,False,False,5,0,250,0.424,250,0.32399999999999995,0.42400000000000004,0.16345763769698862,False,False,5,0,250,0.424,,,combination3d
domain,gemini_3_8_flash,POOLED,True,250,0.324,0.424,0.14792899408284022,False,False,5,0,250,0.424,250,0.324,0.424,0.14792899408284022,False,False,5,0,250,0.424,,,combination3d
domain,gemini_3_8_flash,MACRO,False,250,0.32399999999999995,0.42400000000000004,0.16345763769698862,False,False,5,0,250,0.424,250,0.32399999999999995,0.42400000000000004,0.16345763769698862,False,False,5,0,250,0.424,,,combination3d
domain,gemini_3_8_flash,POOLED,False,250,0.324,0.424,0.14792899408284022,False,False,5,0,250,0.424,250,0.324,0.424,0.14792899408284022,False,False,5,0,250,0.424,,,combination3d
domain,gemini_3_8_flash,MACRO,True,250,0.24400000000000005,0.604,0.5903628117913833,False,False,5,0,250,0.604,250,0.24400000000000005,0.604,0.5903628117913833,False,False,5,0,250,0.604,,,compass_bearing
domain,gemini_3_8_flash,POOLED,True,250,0.244,0.604,0.47619047619047616,False,False,5,0,250,0.604,250,0.244,0.604,0.47619047619047616,False,False,5,0,250,0.604,,,compass_bearing
domain,gemini_3_8_flash,MACRO,False,250,0.24400000000000005,0.604,0.5903628117913833,False,False,5,0,250,0.604,250,0.24400000000000005,0.604,0.5903628117913833,False,False,5,0,250,0.604,,,compass_bearing
domain,gemini_3_8_flash,POOLED,False,250,0.244,0.604,0.47619047619047616,False,False,5,0,250,0.604,250,0.244,0.604,0.47619047619047616,False,False,5,0,250,0.604,,,compass_bearing
domain,gemini_3_8_flash,MACRO,True,250,0.18,0.9800000000000001,0.9713002364066193,False,False,5,0,250,0.98,250,0.18,0.9800000000000001,0.9713002364066193,False,False,5,0,250,0.98,,,coordinate_geometry
domain,gemini_3_8_flash,POOLED,True,250,0.18,0.98,0.975609756097561,False,False,5,0,250,0.98,250,0.18,0.98,0.975609756097561,False,False,5,0,250,0.98,,,coordinate_geometry
domain,gemini_3_8_flash,MACRO,False,250,0.18,0.9800000000000001,0.9713002364066193,False,False,5,0,250,0.98,250,0.18,0.9800000000000001,0.9713002364066193,False,False,5,0,250,0.98,,,coordinate_geometry
domain,gemini_3_8_flash,POOLED,False,250,0.18,0.98,0.975609756097561,False,False,5,0,250,0.98,250,0.18,0.98,0.975609756097561,False,False,5,0,250,0.98,,,coordinate_geometry
domain,gemini_3_8_flash,MACRO,True,200,0.5,0.98,0.8866071428571429,False,False,4,1,250,0.984,200,0.5,0.98,0.8866071428571429,False,False,4,1,250,0.984,,,cube_net
domain,gemini_3_8_flash,POOLED,True,200,0.5,0.98,0.96,False,False,4,1,250,0.984,200,0.5,0.98,0.96,False,False,4,1,250,0.984,,,cube_net
domain,gemini_3_8_flash,MACRO,False,200,0.5,0.98,0.8866071428571429,False,False,4,1,250,0.984,200,0.5,0.98,0.8866071428571429,False,False,4,1,250,0.984,,,cube_net
domain,gemini_3_8_flash,POOLED,False,200,0.5,0.98,0.96,False,False,4,1,250,0.984,200,0.5,0.98,0.96,False,False,4,1,250,0.984,,,cube_net
domain,gemini_3_8_flash,MACRO,True,250,0.348,0.304,-0.0529550039177767,False,False,5,0,250,0.304,250,0.348,0.304,-0.0529550039177767,False,False,5,0,250,0.304,,,cube_structure
domain,gemini_3_8_flash,POOLED,True,250,0.348,0.304,-0.06748466257668709,False,False,5,0,250,0.304,250,0.348,0.304,-0.06748466257668709,False,False,5,0,250,0.304,,,cube_structure
domain,gemini_3_8_flash,MACRO,False,250,0.348,0.304,-0.0529550039177767,False,False,5,0,250,0.304,250,0.348,0.304,-0.0529550039177767,False,False,5,0,250,0.304,,,cube_structure
domain,gemini_3_8_flash,POOLED,False,250,0.348,0.304,-0.06748466257668709,False,False,5,0,250,0.304,250,0.348,0.304,-0.06748466257668709,False,False,5,0,250,0.304,,,cube_structure
domain,gemini_3_8_flash,MACRO,True,250,0.22800000000000004,0.46399999999999997,0.3503878640571246,False,False,5,0,250,0.464,250,0.22800000000000004,0.52,0.4136728882117139,False,False,5,0,250,0.52,,,depth_height
domain,gemini_3_8_flash,POOLED,True,250,0.228,0.464,0.305699481865285,False,False,5,0,250,0.464,250,0.228,0.52,0.37823834196891193,False,False,5,0,250,0.52,,,depth_height
domain,gemini_3_8_flash,MACRO,False,250,0.22800000000000004,0.46399999999999997,0.3503878640571246,False,False,5,0,250,0.464,250,0.22800000000000004,0.52,0.4136728882117139,False,False,5,0,250,0.52,,,depth_height
domain,gemini_3_8_flash,POOLED,False,250,0.228,0.464,0.305699481865285,False,False,5,0,250,0.464,250,0.228,0.52,0.37823834196891193,False,False,5,0,250,0.52,,,depth_height
domain,gemini_3_8_flash,MACRO,True,250,0.376,0.572,0.31069444444444444,False,False,5,0,250,0.572,250,0.376,0.6559999999999999,0.5016035353535353,False,False,5,0,250,0.656,,,embedded_figures
domain,gemini_3_8_flash,POOLED,True,250,0.376,0.572,0.31410256410256404,False,False,5,0,250,0.572,250,0.376,0.656,0.44871794871794873,False,False,5,0,250,0.656,,,embedded_figures
domain,gemini_3_8_flash,MACRO,False,250,0.376,0.572,0.31069444444444444,False,False,5,0,250,0.572,250,0.376,0.6559999999999999,0.5016035353535353,False,False,5,0,250,0.656,,,embedded_figures
domain,gemini_3_8_flash,POOLED,False,250,0.376,0.572,0.31410256410256404,False,False,5,0,250,0.572,250,0.376,0.656,0.44871794871794873,False,False,5,0,250,0.656,,,embedded_figures
domain,gemini_3_8_flash,MACRO,True,250,0.23200000000000004,0.368,0.19489800081599346,False,False,5,0,250,0.368,250,0.23200000000000004,0.592,0.5229987760097919,False,False,5,0,250,0.592,,,fbd
domain,gemini_3_8_flash,POOLED,True,250,0.232,0.368,0.17708333333333331,False,False,5,0,250,0.368,250,0.232,0.592,0.46875,False,False,5,0,250,0.592,,,fbd
domain,gemini_3_8_flash,MACRO,False,250,0.23200000000000004,0.368,0.19489800081599346,False,False,5,0,250,0.368,250,0.23200000000000004,0.592,0.5229987760097919,False,False,5,0,250,0.592,,,fbd
domain,gemini_3_8_flash,POOLED,False,250,0.232,0.368,0.17708333333333331,False,False,5,0,250,0.368,250,0.232,0.592,0.46875,False,False,5,0,250,0.592,,,fbd
domain,gemini_3_8_flash,MACRO,True,250,0.45200000000000007,0.764,0.5908061908061908,False,False,5,0,250,0.764,250,0.45200000000000007,0.764,0.5908061908061908,False,False,5,0,250,0.764,,,fold_punch
domain,gemini_3_8_flash,POOLED,True,250,0.452,0.764,0.5693430656934306,False,False,5,0,250,0.764,250,0.452,0.764,0.5693430656934306,False,False,5,0,250,0.764,,,fold_punch
domain,gemini_3_8_flash,MACRO,False,250,0.45200000000000007,0.764,0.5908061908061908,False,False,5,0,250,0.764,250,0.45200000000000007,0.764,0.5908061908061908,False,False,5,0,250,0.764,,,fold_punch
domain,gemini_3_8_flash,POOLED,False,250,0.452,0.764,0.5693430656934306,False,False,5,0,250,0.764,250,0.452,0.764,0.5693430656934306,False,False,5,0,250,0.764,,,fold_punch
domain,gemini_3_8_flash,MACRO,True,250,0.40800000000000003,0.628,0.2784007092198582,False,False,5,0,250,0.628,250,0.45200000000000007,0.9400000000000001,0.8603687943262411,False,False,5,0,250,0.94,,,gauge_reading
domain,gemini_3_8_flash,POOLED,True,250,0.408,0.628,0.3716216216216216,False,False,5,0,250,0.628,250,0.452,0.94,0.8905109489051093,False,False,5,0,250,0.94,,,gauge_reading
domain,gemini_3_8_flash,MACRO,False,250,0.40800000000000003,0.628,0.2784007092198582,False,False,5,0,250,0.628,250,0.45200000000000007,0.9400000000000001,0.8603687943262411,False,False,5,0,250,0.94,,,gauge_reading
domain,gemini_3_8_flash,POOLED,False,250,0.408,0.628,0.3716216216216216,False,False,5,0,250,0.628,250,0.452,0.94,0.8905109489051093,False,False,5,0,250,0.94,,,gauge_reading
domain,gemini_3_8_flash,MACRO,True,200,0.29500000000000004,0.735,0.5811491935483871,False,False,4,1,250,0.588,200,0.29500000000000004,0.735,0.5811491935483871,False,False,4,1,250,0.78,,,gear_train
domain,gemini_3_8_flash,POOLED,True,200,0.295,0.735,0.6241134751773049,False,False,4,1,250,0.588,200,0.295,0.735,0.6241134751773049,False,False,4,1,250,0.78,,,gear_train
domain,gemini_3_8_flash,MACRO,False,200,0.29500000000000004,0.735,0.5811491935483871,False,False,4,1,250,0.588,200,0.29500000000000004,0.735,0.5811491935483871,False,False,4,1,250,0.78,,,gear_train
domain,gemini_3_8_flash,POOLED,False,200,0.295,0.735,0.6241134751773049,False,False,4,1,250,0.588,200,0.295,0.735,0.6241134751773049,False,False,4,1,250,0.78,,,gear_train
domain,gemini_3_8_flash,MACRO,True,250,0.316,0.38,0.09193980793980797,False,False,5,0,250,0.38,250,0.316,0.44400000000000006,0.20622552222552226,False,False,5,0,250,0.444,,,hex_pathfinding
domain,gemini_3_8_flash,POOLED,True,250,0.316,0.38,0.09356725146198831,False,False,5,0,250,0.38,250,0.316,0.444,0.18713450292397663,False,False,5,0,250,0.444,,,hex_pathfinding
domain,gemini_3_8_flash,MACRO,False,250,0.316,0.38,0.09193980793980797,False,False,5,0,250,0.38,250,0.316,0.44400000000000006,0.20622552222552226,False,False,5,0,250,0.444,,,hex_pathfinding
domain,gemini_3_8_flash,POOLED,False,250,0.316,0.38,0.09356725146198831,False,False,5,0,250,0.38,250,0.316,0.444,0.18713450292397663,False,False,5,0,250,0.444,,,hex_pathfinding
domain,gemini_3_8_flash,MACRO,True,250,0.4800000000000001,0.524,-0.05129223314039577,False,False,5,0,250,0.524,250,0.4800000000000001,0.524,-0.05129223314039577,False,False,5,0,250,0.524,,,impossible_object
domain,gemini_3_8_flash,POOLED,True,250,0.48,0.524,0.08461538461538469,False,False,5,0,250,0.524,250,0.48,0.524,0.08461538461538469,False,False,5,0,250,0.524,,,impossible_object
domain,gemini_3_8_flash,MACRO,False,250,0.4800000000000001,0.524,-0.05129223314039577,False,False,5,0,250,0.524,250,0.4800000000000001,0.524,-0.05129223314039577,False,False,5,0,250,0.524,,,impossible_object
domain,gemini_3_8_flash,POOLED,False,250,0.48,0.524,0.08461538461538469,False,False,5,0,250,0.524,250,0.48,0.524,0.08461538461538469,False,False,5,0,250,0.524,,,impossible_object
domain,gemini_3_8_flash,MACRO,True,250,0.35600000000000004,0.5519999999999999,0.46054672984020806,False,False,5,0,250,0.552,250,0.384,0.724,0.6420405982905983,False,False,5,0,250,0.724,,,laser_mirror
domain,gemini_3_8_flash,POOLED,True,250,0.356,0.552,0.3043478260869566,False,False,5,0,250,0.552,250,0.384,0.724,0.5519480519480519,False,False,5,0,250,0.724,,,laser_mirror
domain,gemini_3_8_flash,MACRO,False,250,0.35600000000000004,0.5519999999999999,0.46054672984020806,False,False,5,0,250,0.552,250,0.384,0.724,0.6420405982905983,False,False,5,0,250,0.724,,,laser_mirror
domain,gemini_3_8_flash,POOLED,False,250,0.356,0.552,0.3043478260869566,False,False,5,0,250,0.552,250,0.384,0.724,0.5519480519480519,False,False,5,0,250,0.724,,,laser_mirror
domain,gemini_3_8_flash,MACRO,True,250,0.32799999999999996,0.892,0.8252216399584821,False,False,5,0,250,0.892,250,0.32799999999999996,0.892,0.8252216399584821,False,False,5,0,250,0.892,,,line_intersection
domain,gemini_3_8_flash,POOLED,True,250,0.328,0.892,0.8392857142857144,False,False,5,0,250,0.892,250,0.328,0.892,0.8392857142857144,False,False,5,0,250,0.892,,,line_intersection
domain,gemini_3_8_flash,MACRO,False,250,0.32799999999999996,0.892,0.8252216399584821,False,False,5,0,250,0.892,250,0.32799999999999996,0.892,0.8252216399584821,False,False,5,0,250,0.892,,,line_intersection
domain,gemini_3_8_flash,POOLED,False,250,0.328,0.892,0.8392857142857144,False,False,5,0,250,0.892,250,0.328,0.892,0.8392857142857144,False,False,5,0,250,0.892,,,line_intersection
domain,gemini_3_8_flash,MACRO,True,250,0.296,0.524,0.39624129493694715,False,False,5,0,250,0.524,250,0.296,0.524,0.39624129493694715,False,False,5,0,250,0.524,,,nested_hexagons
domain,gemini_3_8_flash,POOLED,True,250,0.296,0.524,0.3238636363636364,False,False,5,0,250,0.524,250,0.296,0.524,0.3238636363636364,False,False,5,0,250,0.524,,,nested_hexagons
domain,gemini_3_8_flash,MACRO,False,250,0.296,0.524,0.39624129493694715,False,False,5,0,250,0.524,250,0.296,0.524,0.39624129493694715,False,False,5,0,250,0.524,,,nested_hexagons
domain,gemini_3_8_flash,POOLED,False,250,0.296,0.524,0.3238636363636364,False,False,5,0,250,0.524,250,0.296,0.524,0.3238636363636364,False,False,5,0,250,0.524,,,nested_hexagons
domain,gemini_3_8_flash,MACRO,True,250,0.292,0.5640000000000001,0.4443801621436455,False,False,5,0,250,0.564,250,0.292,0.5640000000000001,0.4443801621436455,False,False,5,0,250,0.564,,,nested_squares
domain,gemini_3_8_flash,POOLED,True,250,0.292,0.564,0.38418079096045193,False,False,5,0,250,0.564,250,0.292,0.564,0.38418079096045193,False,False,5,0,250,0.564,,,nested_squares
domain,gemini_3_8_flash,MACRO,False,250,0.292,0.5640000000000001,0.4443801621436455,False,False,5,0,250,0.564,250,0.292,0.5640000000000001,0.4443801621436455,False,False,5,0,250,0.564,,,nested_squares
domain,gemini_3_8_flash,POOLED,False,250,0.292,0.564,0.38418079096045193,False,False,5,0,250,0.564,250,0.292,0.564,0.38418079096045193,False,False,5,0,250,0.564,,,nested_squares
domain,gemini_3_8_flash,MACRO,True,250,0.304,0.472,0.2975998037899548,False,False,5,0,250,0.472,250,0.304,0.472,0.2975998037899548,False,False,5,0,250,0.472,,,nested_triangles
domain,gemini_3_8_flash,POOLED,True,250,0.304,0.472,0.24137931034482757,False,False,5,0,250,0.472,250,0.304,0.472,0.24137931034482757,False,False,5,0,250,0.472,,,nested_triangles
domain,gemini_3_8_flash,MACRO,False,250,0.304,0.472,0.2975998037899548,False,False,5,0,250,0.472,250,0.304,0.472,0.2975998037899548,False,False,5,0,250,0.472,,,nested_triangles
domain,gemini_3_8_flash,POOLED,False,250,0.304,0.472,0.24137931034482757,False,False,5,0,250,0.472,250,0.304,0.472,0.24137931034482757,False,False,5,0,250,0.472,,,nested_triangles
domain,gemini_3_8_flash,MACRO,True,250,0.256,0.756,0.6574316334072432,False,False,5,0,250,0.756,250,0.256,0.756,0.6574316334072432,False,False,5,0,250,0.756,,,occluded_pattern
domain,gemini_3_8_flash,POOLED,True,250,0.256,0.756,0.6720430107526881,False,False,5,0,250,0.756,250,0.256,0.756,0.6720430107526881,False,False,5,0,250,0.756,,,occluded_pattern
domain,gemini_3_8_flash,MACRO,False,250,0.256,0.756,0.6574316334072432,False,False,5,0,250,0.756,250,0.256,0.756,0.6574316334072432,False,False,5,0,250,0.756,,,occluded_pattern
domain,gemini_3_8_flash,POOLED,False,250,0.256,0.756,0.6720430107526881,False,False,5,0,250,0.756,250,0.256,0.756,0.6720430107526881,False,False,5,0,250,0.756,,,occluded_pattern
domain,gemini_3_8_flash,MACRO,True,200,0.505,0.555,0.11805555555555558,False,False,4,1,250,0.644,200,0.505,0.645,0.3055555555555556,False,False,4,1,250,0.716,,,optical_illusion
domain,gemini_3_8_flash,POOLED,True,200,0.505,0.555,0.1010101010101011,False,False,4,1,250,0.644,200,0.505,0.645,0.2828282828282829,False,False,4,1,250,0.716,,,optical_illusion
domain,gemini_3_8_flash,MACRO,False,200,0.505,0.555,0.11805555555555558,False,False,4,1,250,0.644,200,0.505,0.645,0.3055555555555556,False,False,4,1,250,0.716,,,optical_illusion
domain,gemini_3_8_flash,POOLED,False,200,0.505,0.555,0.1010101010101011,False,False,4,1,250,0.644,200,0.505,0.645,0.2828282828282829,False,False,4,1,250,0.716,,,optical_illusion
domain,gemini_3_8_flash,MACRO,True,200,0.315,0.79,0.6751403999023304,False,False,4,1,250,0.708,200,0.41000000000000003,0.8,0.49583005507474426,False,False,4,1,250,0.716,,,orthographic
domain,gemini_3_8_flash,POOLED,True,200,0.315,0.79,0.6934306569343066,False,False,4,1,250,0.708,200,0.41,0.8,0.6610169491525424,False,False,4,1,250,0.716,,,orthographic
domain,gemini_3_8_flash,MACRO,False,200,0.315,0.79,0.6751403999023304,False,False,4,1,250,0.708,200,0.41000000000000003,0.8,0.49583005507474426,False,False,4,1,250,0.716,,,orthographic
domain,gemini_3_8_flash,POOLED,False,200,0.315,0.79,0.6934306569343066,False,False,4,1,250,0.708,200,0.41,0.8,0.6610169491525424,False,False,4,1,250,0.716,,,orthographic
domain,gemini_3_8_flash,MACRO,True,250,0.24400000000000005,0.5,0.34387971269856216,False,False,5,0,250,0.5,250,0.24400000000000005,0.5,0.34387971269856216,False,False,5,0,250,0.5,,,overlap_circles
domain,gemini_3_8_flash,POOLED,True,250,0.244,0.5,0.3386243386243386,False,False,5,0,250,0.5,250,0.244,0.5,0.3386243386243386,False,False,5,0,250,0.5,,,overlap_circles
domain,gemini_3_8_flash,MACRO,False,250,0.24400000000000005,0.5,0.34387971269856216,False,False,5,0,250,0.5,250,0.24400000000000005,0.5,0.34387971269856216,False,False,5,0,250,0.5,,,overlap_circles
domain,gemini_3_8_flash,POOLED,False,250,0.244,0.5,0.3386243386243386,False,False,5,0,250,0.5,250,0.244,0.5,0.3386243386243386,False,False,5,0,250,0.5,,,overlap_circles
domain,gemini_3_8_flash,MACRO,True,250,0.384,0.6599999999999999,0.5440794499618029,False,False,5,0,250,0.66,250,0.45600000000000007,0.772,0.6022727272727273,False,False,5,0,250,0.772,,,physical_stability
domain,gemini_3_8_flash,POOLED,True,250,0.384,0.66,0.4480519480519481,False,False,5,0,250,0.66,250,0.456,0.772,0.5808823529411764,False,False,5,0,250,0.772,,,physical_stability
domain,gemini_3_8_flash,MACRO,False,250,0.384,0.6599999999999999,0.5440794499618029,False,False,5,0,250,0.66,250,0.45600000000000007,0.772,0.6022727272727273,False,False,5,0,250,0.772,,,physical_stability
domain,gemini_3_8_flash,POOLED,False,250,0.384,0.66,0.4480519480519481,False,False,5,0,250,0.66,250,0.456,0.772,0.5808823529411764,False,False,5,0,250,0.772,,,physical_stability
domain,gemini_3_8_flash,MACRO,True,200,0.44500000000000006,0.675,0.08268595420547883,False,False,4,1,250,0.74,200,0.44500000000000006,0.675,0.08268595420547883,False,False,4,1,250,0.74,,,polyhedron
domain,gemini_3_8_flash,POOLED,True,200,0.445,0.675,0.4144144144144145,False,False,4,1,250,0.74,200,0.445,0.675,0.4144144144144145,False,False,4,1,250,0.74,,,polyhedron
domain,gemini_3_8_flash,MACRO,False,200,0.44500000000000006,0.675,0.08268595420547883,False,False,4,1,250,0.74,200,0.44500000000000006,0.675,0.08268595420547883,False,False,4,1,250,0.74,,,polyhedron
domain,gemini_3_8_flash,POOLED,False,200,0.445,0.675,0.4144144144144145,False,False,4,1,250,0.74,200,0.445,0.675,0.4144144144144145,False,False,4,1,250,0.74,,,polyhedron
domain,gemini_3_8_flash,MACRO,True,250,0.304,0.76,0.6055555555555556,False,False,5,0,250,0.76,250,0.304,0.952,0.8236111111111111,False,False,5,0,250,0.952,,,projectile_motion
domain,gemini_3_8_flash,POOLED,True,250,0.304,0.76,0.6551724137931035,False,False,5,0,250,0.76,250,0.304,0.952,0.9310344827586207,False,False,5,0,250,0.952,,,projectile_motion
domain,gemini_3_8_flash,MACRO,False,250,0.304,0.76,0.6055555555555556,False,False,5,0,250,0.76,250,0.304,0.952,0.8236111111111111,False,False,5,0,250,0.952,,,projectile_motion
domain,gemini_3_8_flash,POOLED,False,250,0.304,0.76,0.6551724137931035,False,False,5,0,250,0.76,250,0.304,0.952,0.9310344827586207,False,False,5,0,250,0.952,,,projectile_motion
domain,gemini_3_8_flash,MACRO,True,250,0.28800000000000003,0.5519999999999999,0.35333333333333333,False,False,5,0,250,0.552,250,0.28800000000000003,0.5519999999999999,0.35333333333333333,False,False,5,0,250,0.552,,,rotation_matching
domain,gemini_3_8_flash,POOLED,True,250,0.288,0.552,0.3707865168539327,False,False,5,0,250,0.552,250,0.288,0.552,0.3707865168539327,False,False,5,0,250,0.552,,,rotation_matching
domain,gemini_3_8_flash,MACRO,False,250,0.28800000000000003,0.5519999999999999,0.35333333333333333,False,False,5,0,250,0.552,250,0.28800000000000003,0.5519999999999999,0.35333333333333333,False,False,5,0,250,0.552,,,rotation_matching
domain,gemini_3_8_flash,POOLED,False,250,0.288,0.552,0.3707865168539327,False,False,5,0,250,0.552,250,0.288,0.552,0.3707865168539327,False,False,5,0,250,0.552,,,rotation_matching
domain,gemini_3_8_flash,MACRO,True,250,0.25999999999999995,0.512,0.29495256516533114,False,False,5,0,250,0.512,250,0.25999999999999995,0.512,0.29495256516533114,False,False,5,0,250,0.512,,,route
domain,gemini_3_8_flash,POOLED,True,250,0.26,0.512,0.34054054054054056,False,False,5,0,250,0.512,250,0.26,0.512,0.34054054054054056,False,False,5,0,250,0.512,,,route
domain,gemini_3_8_flash,MACRO,False,250,0.25999999999999995,0.512,0.29495256516533114,False,False,5,0,250,0.512,250,0.25999999999999995,0.512,0.29495256516533114,False,False,5,0,250,0.512,,,route
domain,gemini_3_8_flash,POOLED,False,250,0.26,0.512,0.34054054054054056,False,False,5,0,250,0.512,250,0.26,0.512,0.34054054054054056,False,False,5,0,250,0.512,,,route
domain,gemini_3_8_flash,MACRO,True,250,0.36,0.8320000000000001,0.759062256828624,False,False,5,0,250,0.832,250,0.36,0.8320000000000001,0.759062256828624,False,False,5,0,250,0.832,,,rpm
domain,gemini_3_8_flash,POOLED,True,250,0.36,0.832,0.7374999999999999,False,False,5,0,250,0.832,250,0.36,0.832,0.7374999999999999,False,False,5,0,250,0.832,,,rpm
domain,gemini_3_8_flash,MACRO,False,250,0.36,0.8320000000000001,0.759062256828624,False,False,5,0,250,0.832,250,0.36,0.8320000000000001,0.759062256828624,False,False,5,0,250,0.832,,,rpm
domain,gemini_3_8_flash,POOLED,False,250,0.36,0.832,0.7374999999999999,False,False,5,0,250,0.832,250,0.36,0.832,0.7374999999999999,False,False,5,0,250,0.832,,,rpm
domain,gemini_3_8_flash,MACRO,True,250,0.44000000000000006,0.604,0.20727969348658998,False,False,5,0,250,0.604,250,0.44000000000000006,0.604,0.20727969348658998,False,False,5,0,250,0.604,,,shadow_inference
domain,gemini_3_8_flash,POOLED,True,250,0.44,0.604,0.2928571428571428,False,False,5,0,250,0.604,250,0.44,0.604,0.2928571428571428,False,False,5,0,250,0.604,,,shadow_inference
domain,gemini_3_8_flash,MACRO,False,250,0.44000000000000006,0.604,0.20727969348658998,False,False,5,0,250,0.604,250,0.44000000000000006,0.604,0.20727969348658998,False,False,5,0,250,0.604,,,shadow_inference
domain,gemini_3_8_flash,POOLED,False,250,0.44,0.604,0.2928571428571428,False,False,5,0,250,0.604,250,0.44,0.604,0.2928571428571428,False,False,5,0,250,0.604,,,shadow_inference
domain,gemini_3_8_flash,MACRO,True,250,0.42000000000000004,0.776,0.4482828282828283,False,False,5,0,250,0.776,250,0.42000000000000004,0.776,0.4482828282828283,False,False,5,0,250,0.776,,,surface_topology
domain,gemini_3_8_flash,POOLED,True,250,0.42,0.776,0.6137931034482759,False,False,5,0,250,0.776,250,0.42,0.776,0.6137931034482759,False,False,5,0,250,0.776,,,surface_topology
domain,gemini_3_8_flash,MACRO,False,250,0.42000000000000004,0.776,0.4482828282828283,False,False,5,0,250,0.776,250,0.42000000000000004,0.776,0.4482828282828283,False,False,5,0,250,0.776,,,surface_topology
domain,gemini_3_8_flash,POOLED,False,250,0.42,0.776,0.6137931034482759,False,False,5,0,250,0.776,250,0.42,0.776,0.6137931034482759,False,False,5,0,250,0.776,,,surface_topology
domain,gemini_3_8_flash,MACRO,True,200,0.41500000000000004,0.7699999999999999,0.6288153271848924,False,False,4,1,250,0.744,200,0.41500000000000004,0.8549999999999999,0.7576032059727713,False,False,4,1,250,0.812,,,symmetry_pattern
domain,gemini_3_8_flash,POOLED,True,200,0.415,0.77,0.6068376068376069,False,False,4,1,250,0.744,200,0.415,0.855,0.7521367521367522,False,False,4,1,250,0.812,,,symmetry_pattern
domain,gemini_3_8_flash,MACRO,False,200,0.41500000000000004,0.7699999999999999,0.6288153271848924,False,False,4,1,250,0.744,200,0.41500000000000004,0.8549999999999999,0.7576032059727713,False,False,4,1,250,0.812,,,symmetry_pattern
domain,gemini_3_8_flash,POOLED,False,200,0.415,0.77,0.6068376068376069,False,False,4,1,250,0.744,200,0.415,0.855,0.7521367521367522,False,False,4,1,250,0.812,,,symmetry_pattern
domain,gpt_5_6_luna,MACRO,True,250,0.268,0.496,0.32467667566351777,False,False,5,0,250,0.496,250,0.268,0.536,0.3778930499325236,False,False,5,0,250,0.536,,,angle_estimation
domain,gpt_5_6_luna,POOLED,True,250,0.268,0.496,0.31147540983606553,False,False,5,0,250,0.496,250,0.268,0.536,0.366120218579235,False,False,5,0,250,0.536,,,angle_estimation
domain,gpt_5_6_luna,MACRO,False,250,0.268,0.496,0.32467667566351777,False,False,5,0,250,0.496,250,0.268,0.536,0.3778930499325236,False,False,5,0,250,0.536,,,angle_estimation
domain,gpt_5_6_luna,POOLED,False,250,0.268,0.496,0.31147540983606553,False,False,5,0,250,0.496,250,0.268,0.536,0.366120218579235,False,False,5,0,250,0.536,,,angle_estimation
domain,gpt_5_6_luna,MACRO,True,250,0.16000000000000003,0.352,0.20238095238095238,False,False,5,0,250,0.352,250,0.16000000000000003,0.352,0.20238095238095238,False,False,5,0,250,0.352,,,clock_reading
domain,gpt_5_6_luna,POOLED,True,250,0.16,0.352,0.22857142857142856,False,False,5,0,250,0.352,250,0.16,0.352,0.22857142857142856,False,False,5,0,250,0.352,,,clock_reading
domain,gpt_5_6_luna,MACRO,False,250,0.16000000000000003,0.352,0.20238095238095238,False,False,5,0,250,0.352,250,0.16000000000000003,0.352,0.20238095238095238,False,False,5,0,250,0.352,,,clock_reading
domain,gpt_5_6_luna,POOLED,False,250,0.16,0.352,0.22857142857142856,False,False,5,0,250,0.352,250,0.16,0.352,0.22857142857142856,False,False,5,0,250,0.352,,,clock_reading
domain,gpt_5_6_luna,MACRO,True,250,0.42400000000000004,0.4159999999999999,-0.10431125773867708,False,False,5,0,250,0.416,250,0.42400000000000004,0.4159999999999999,-0.10431125773867708,False,False,5,0,250,0.416,,,combination
domain,gpt_5_6_luna,POOLED,True,250,0.424,0.416,-0.0138888888888889,False,False,5,0,250,0.416,250,0.424,0.416,-0.0138888888888889,False,False,5,0,250,0.416,,,combination
domain,gpt_5_6_luna,MACRO,False,250,0.42400000000000004,0.4159999999999999,-0.10431125773867708,False,False,5,0,250,0.416,250,0.42400000000000004,0.4159999999999999,-0.10431125773867708,False,False,5,0,250,0.416,,,combination
domain,gpt_5_6_luna,POOLED,False,250,0.424,0.416,-0.0138888888888889,False,False,5,0,250,0.416,250,0.424,0.416,-0.0138888888888889,False,False,5,0,250,0.416,,,combination
domain,gpt_5_6_luna,MACRO,True,250,0.32399999999999995,0.364,0.06867500315776177,False,False,5,0,250,0.364,250,0.32399999999999995,0.364,0.06867500315776177,False,False,5,0,250,0.364,,,combination3d
domain,gpt_5_6_luna,POOLED,True,250,0.324,0.364,0.05917159763313607,False,False,5,0,250,0.364,250,0.324,0.364,0.05917159763313607,False,False,5,0,250,0.364,,,combination3d
domain,gpt_5_6_luna,MACRO,False,250,0.32399999999999995,0.364,0.06867500315776177,False,False,5,0,250,0.364,250,0.32399999999999995,0.364,0.06867500315776177,False,False,5,0,250,0.364,,,combination3d
domain,gpt_5_6_luna,POOLED,False,250,0.324,0.364,0.05917159763313607,False,False,5,0,250,0.364,250,0.324,0.364,0.05917159763313607,False,False,5,0,250,0.364,,,combination3d
domain,gpt_5_6_luna,MACRO,True,250,0.24400000000000005,0.43600000000000005,0.3988670852956568,False,False,5,0,250,0.436,250,0.24400000000000005,0.43600000000000005,0.3988670852956568,False,False,5,0,250,0.436,,,compass_bearing
domain,gpt_5_6_luna,POOLED,True,250,0.244,0.436,0.25396825396825395,False,False,5,0,250,0.436,250,0.244,0.436,0.25396825396825395,False,False,5,0,250,0.436,,,compass_bearing
domain,gpt_5_6_luna,MACRO,False,250,0.24400000000000005,0.43600000000000005,0.3988670852956568,False,False,5,0,250,0.436,250,0.24400000000000005,0.43600000000000005,0.3988670852956568,False,False,5,0,250,0.436,,,compass_bearing
domain,gpt_5_6_luna,POOLED,False,250,0.244,0.436,0.25396825396825395,False,False,5,0,250,0.436,250,0.244,0.436,0.25396825396825395,False,False,5,0,250,0.436,,,compass_bearing
domain,gpt_5_6_luna,MACRO,True,250,0.18,0.516,0.42000000000000004,False,False,5,0,250,0.516,250,0.18,0.516,0.42000000000000004,False,False,5,0,250,0.516,,,coordinate_geometry
domain,gpt_5_6_luna,POOLED,True,250,0.18,0.516,0.4097560975609756,False,False,5,0,250,0.516,250,0.18,0.516,0.4097560975609756,False,False,5,0,250,0.516,,,coordinate_geometry
domain,gpt_5_6_luna,MACRO,False,250,0.18,0.516,0.42000000000000004,False,False,5,0,250,0.516,250,0.18,0.516,0.42000000000000004,False,False,5,0,250,0.516,,,coordinate_geometry
domain,gpt_5_6_luna,POOLED,False,250,0.18,0.516,0.4097560975609756,False,False,5,0,250,0.516,250,0.18,0.516,0.4097560975609756,False,False,5,0,250,0.516,,,coordinate_geometry
domain,gpt_5_6_luna,MACRO,True,200,0.5,0.7050000000000001,0.22190734989648037,False,False,4,1,250,0.764,200,0.5,0.7050000000000001,0.22190734989648037,False,False,4,1,250,0.764,,,cube_net
domain,gpt_5_6_luna,POOLED,True,200,0.5,0.705,0.4099999999999999,False,False,4,1,250,0.764,200,0.5,0.705,0.4099999999999999,False,False,4,1,250,0.764,,,cube_net
domain,gpt_5_6_luna,MACRO,False,200,0.5,0.7050000000000001,0.22190734989648037,False,False,4,1,250,0.764,200,0.5,0.7050000000000001,0.22190734989648037,False,False,4,1,250,0.764,,,cube_net
domain,gpt_5_6_luna,POOLED,False,200,0.5,0.705,0.4099999999999999,False,False,4,1,250,0.764,200,0.5,0.705,0.4099999999999999,False,False,4,1,250,0.764,,,cube_net
domain,gpt_5_6_luna,MACRO,True,250,0.348,0.33999999999999997,0.031948385375856495,False,False,5,0,250,0.34,250,0.348,0.33999999999999997,0.031948385375856495,False,False,5,0,250,0.34,,,cube_structure
domain,gpt_5_6_luna,POOLED,True,250,0.348,0.34,-0.012269938650306674,False,False,5,0,250,0.34,250,0.348,0.34,-0.012269938650306674,False,False,5,0,250,0.34,,,cube_structure
domain,gpt_5_6_luna,MACRO,False,250,0.348,0.33999999999999997,0.031948385375856495,False,False,5,0,250,0.34,250,0.348,0.33999999999999997,0.031948385375856495,False,False,5,0,250,0.34,,,cube_structure
domain,gpt_5_6_luna,POOLED,False,250,0.348,0.34,-0.012269938650306674,False,False,5,0,250,0.34,250,0.348,0.34,-0.012269938650306674,False,False,5,0,250,0.34,,,cube_structure
domain,gpt_5_6_luna,MACRO,True,250,0.22800000000000004,0.32,0.1638713851251262,False,False,5,0,250,0.32,250,0.22800000000000004,0.45200000000000007,0.3387506121782663,False,False,5,0,250,0.452,,,depth_height
domain,gpt_5_6_luna,POOLED,True,250,0.228,0.32,0.11917098445595854,False,False,5,0,250,0.32,250,0.228,0.452,0.29015544041450775,False,False,5,0,250,0.452,,,depth_height
domain,gpt_5_6_luna,MACRO,False,250,0.22800000000000004,0.32,0.1638713851251262,False,False,5,0,250,0.32,250,0.22800000000000004,0.45200000000000007,0.3387506121782663,False,False,5,0,250,0.452,,,depth_height
domain,gpt_5_6_luna,POOLED,False,250,0.228,0.32,0.11917098445595854,False,False,5,0,250,0.32,250,0.228,0.452,0.29015544041450775,False,False,5,0,250,0.452,,,depth_height
domain,gpt_5_6_luna,MACRO,True,250,0.376,0.26000000000000006,-0.17027777777777778,False,False,5,0,250,0.26,250,0.376,0.3,-0.07936868686868687,False,False,5,0,250,0.3,,,embedded_figures
domain,gpt_5_6_luna,POOLED,True,250,0.376,0.26,-0.18589743589743588,False,False,5,0,250,0.26,250,0.376,0.3,-0.12179487179487182,False,False,5,0,250,0.3,,,embedded_figures
domain,gpt_5_6_luna,MACRO,False,250,0.376,0.26000000000000006,-0.17027777777777778,False,False,5,0,250,0.26,250,0.376,0.3,-0.07936868686868687,False,False,5,0,250,0.3,,,embedded_figures
domain,gpt_5_6_luna,POOLED,False,250,0.376,0.26,-0.18589743589743588,False,False,5,0,250,0.26,250,0.376,0.3,-0.12179487179487182,False,False,5,0,250,0.3,,,embedded_figures
domain,gpt_5_6_luna,MACRO,True,250,0.23200000000000004,0.284,0.07837487481918326,False,False,5,0,250,0.284,250,0.23200000000000004,0.41600000000000004,0.2828128593153073,False,False,5,0,250,0.416,,,fbd
domain,gpt_5_6_luna,POOLED,True,250,0.232,0.284,0.06770833333333329,False,False,5,0,250,0.284,250,0.232,0.416,0.2395833333333333,False,False,5,0,250,0.416,,,fbd
domain,gpt_5_6_luna,MACRO,False,250,0.23200000000000004,0.284,0.07837487481918326,False,False,5,0,250,0.284,250,0.23200000000000004,0.41600000000000004,0.2828128593153073,False,False,5,0,250,0.416,,,fbd
domain,gpt_5_6_luna,POOLED,False,250,0.232,0.284,0.06770833333333329,False,False,5,0,250,0.284,250,0.232,0.416,0.2395833333333333,False,False,5,0,250,0.416,,,fbd
domain,gpt_5_6_luna,MACRO,True,250,0.45200000000000007,0.5880000000000001,0.26747380865027925,False,False,5,0,250,0.588,250,0.45200000000000007,0.5880000000000001,0.26747380865027925,False,False,5,0,250,0.588,,,fold_punch
domain,gpt_5_6_luna,POOLED,True,250,0.452,0.588,0.24817518248175172,False,False,5,0,250,0.588,250,0.452,0.588,0.24817518248175172,False,False,5,0,250,0.588,,,fold_punch
domain,gpt_5_6_luna,MACRO,False,250,0.45200000000000007,0.5880000000000001,0.26747380865027925,False,False,5,0,250,0.588,250,0.45200000000000007,0.5880000000000001,0.26747380865027925,False,False,5,0,250,0.588,,,fold_punch
domain,gpt_5_6_luna,POOLED,False,250,0.452,0.588,0.24817518248175172,False,False,5,0,250,0.588,250,0.452,0.588,0.24817518248175172,False,False,5,0,250,0.588,,,fold_punch
domain,gpt_5_6_luna,MACRO,True,250,0.40800000000000003,0.504,0.02001182033096924,False,False,5,0,250,0.504,250,0.45200000000000007,0.712,0.5105437352245863,False,False,5,0,250,0.712,,,gauge_reading
domain,gpt_5_6_luna,POOLED,True,250,0.408,0.504,0.1621621621621622,False,False,5,0,250,0.504,250,0.452,0.712,0.4744525547445254,False,False,5,0,250,0.712,,,gauge_reading
domain,gpt_5_6_luna,MACRO,False,250,0.40800000000000003,0.504,0.02001182033096924,False,False,5,0,250,0.504,250,0.45200000000000007,0.712,0.5105437352245863,False,False,5,0,250,0.712,,,gauge_reading
domain,gpt_5_6_luna,POOLED,False,250,0.408,0.504,0.1621621621621622,False,False,5,0,250,0.504,250,0.452,0.712,0.4744525547445254,False,False,5,0,250,0.712,,,gauge_reading
domain,gpt_5_6_luna,MACRO,True,200,0.29500000000000004,0.605,0.44352438556067586,False,False,4,1,250,0.484,200,0.29500000000000004,0.605,0.44352438556067586,False,False,4,1,250,0.684,,,gear_train
domain,gpt_5_6_luna,POOLED,True,200,0.295,0.605,0.43971631205673756,False,False,4,1,250,0.484,200,0.295,0.605,0.43971631205673756,False,False,4,1,250,0.684,,,gear_train
domain,gpt_5_6_luna,MACRO,False,200,0.29500000000000004,0.605,0.44352438556067586,False,False,4,1,250,0.484,200,0.29500000000000004,0.605,0.44352438556067586,False,False,4,1,250,0.684,,,gear_train
domain,gpt_5_6_luna,POOLED,False,200,0.295,0.605,0.43971631205673756,False,False,4,1,250,0.484,200,0.295,0.605,0.43971631205673756,False,False,4,1,250,0.684,,,gear_train
domain,gpt_5_6_luna,MACRO,True,250,0.316,0.15599999999999997,-0.23435818235818234,False,False,5,0,250,0.156,250,0.316,0.16799999999999998,-0.2129296109296109,False,False,5,0,250,0.168,,,hex_pathfinding
domain,gpt_5_6_luna,POOLED,True,250,0.316,0.156,-0.23391812865497078,False,False,5,0,250,0.156,250,0.316,0.168,-0.21637426900584797,False,False,5,0,250,0.168,,,hex_pathfinding
domain,gpt_5_6_luna,MACRO,False,250,0.316,0.15599999999999997,-0.23435818235818234,False,False,5,0,250,0.156,250,0.316,0.16799999999999998,-0.2129296109296109,False,False,5,0,250,0.168,,,hex_pathfinding
domain,gpt_5_6_luna,POOLED,False,250,0.316,0.156,-0.23391812865497078,False,False,5,0,250,0.156,250,0.316,0.168,-0.21637426900584797,False,False,5,0,250,0.168,,,hex_pathfinding
domain,gpt_5_6_luna,MACRO,True,250,0.4800000000000001,0.21600000000000003,-0.6772748687575717,False,False,5,0,250,0.216,250,0.4800000000000001,0.21600000000000003,-0.6772748687575717,False,False,5,0,250,0.216,,,impossible_object
domain,gpt_5_6_luna,POOLED,True,250,0.48,0.216,-0.5076923076923077,False,False,5,0,250,0.216,250,0.48,0.216,-0.5076923076923077,False,False,5,0,250,0.216,,,impossible_object
domain,gpt_5_6_luna,MACRO,False,250,0.4800000000000001,0.21600000000000003,-0.6772748687575717,False,False,5,0,250,0.216,250,0.4800000000000001,0.21600000000000003,-0.6772748687575717,False,False,5,0,250,0.216,,,impossible_object
domain,gpt_5_6_luna,POOLED,False,250,0.48,0.216,-0.5076923076923077,False,False,5,0,250,0.216,250,0.48,0.216,-0.5076923076923077,False,False,5,0,250,0.216,,,impossible_object
domain,gpt_5_6_luna,MACRO,True,250,0.35600000000000004,0.39999999999999997,0.04498049052396878,False,False,5,0,250,0.4,250,0.384,0.4119999999999999,0.021346153846153848,False,False,5,0,250,0.412,,,laser_mirror
domain,gpt_5_6_luna,POOLED,True,250,0.356,0.4,0.06832298136645969,False,False,5,0,250,0.4,250,0.384,0.412,0.04545454545454541,False,False,5,0,250,0.412,,,laser_mirror
domain,gpt_5_6_luna,MACRO,False,250,0.35600000000000004,0.39999999999999997,0.04498049052396878,False,False,5,0,250,0.4,250,0.384,0.4119999999999999,0.021346153846153848,False,False,5,0,250,0.412,,,laser_mirror
domain,gpt_5_6_luna,POOLED,False,250,0.356,0.4,0.06832298136645969,False,False,5,0,250,0.4,250,0.384,0.412,0.04545454545454541,False,False,5,0,250,0.412,,,laser_mirror
domain,gpt_5_6_luna,MACRO,True,250,0.32799999999999996,0.752,0.6096250727829675,False,False,5,0,250,0.752,250,0.32799999999999996,0.752,0.6096250727829675,False,False,5,0,250,0.752,,,line_intersection
domain,gpt_5_6_luna,POOLED,True,250,0.328,0.752,0.630952380952381,False,False,5,0,250,0.752,250,0.328,0.752,0.630952380952381,False,False,5,0,250,0.752,,,line_intersection
domain,gpt_5_6_luna,MACRO,False,250,0.32799999999999996,0.752,0.6096250727829675,False,False,5,0,250,0.752,250,0.32799999999999996,0.752,0.6096250727829675,False,False,5,0,250,0.752,,,line_intersection
domain,gpt_5_6_luna,POOLED,False,250,0.328,0.752,0.630952380952381,False,False,5,0,250,0.752,250,0.328,0.752,0.630952380952381,False,False,5,0,250,0.752,,,line_intersection
domain,gpt_5_6_luna,MACRO,True,250,0.296,0.32,0.03654808959156784,False,False,5,0,250,0.32,250,0.296,0.32,0.03654808959156784,False,False,5,0,250,0.32,,,nested_hexagons
domain,gpt_5_6_luna,POOLED,True,250,0.296,0.32,0.03409090909090912,False,False,5,0,250,0.32,250,0.296,0.32,0.03409090909090912,False,False,5,0,250,0.32,,,nested_hexagons
domain,gpt_5_6_luna,MACRO,False,250,0.296,0.32,0.03654808959156784,False,False,5,0,250,0.32,250,0.296,0.32,0.03654808959156784,False,False,5,0,250,0.32,,,nested_hexagons
domain,gpt_5_6_luna,POOLED,False,250,0.296,0.32,0.03409090909090912,False,False,5,0,250,0.32,250,0.296,0.32,0.03409090909090912,False,False,5,0,250,0.32,,,nested_hexagons
domain,gpt_5_6_luna,MACRO,True,250,0.292,0.296,0.010132074753549282,False,False,5,0,250,0.296,250,0.292,0.296,0.010132074753549282,False,False,5,0,250,0.296,,,nested_squares
domain,gpt_5_6_luna,POOLED,True,250,0.292,0.296,0.005649717514124299,False,False,5,0,250,0.296,250,0.292,0.296,0.005649717514124299,False,False,5,0,250,0.296,,,nested_squares
domain,gpt_5_6_luna,MACRO,False,250,0.292,0.296,0.010132074753549282,False,False,5,0,250,0.296,250,0.292,0.296,0.010132074753549282,False,False,5,0,250,0.296,,,nested_squares
domain,gpt_5_6_luna,POOLED,False,250,0.292,0.296,0.005649717514124299,False,False,5,0,250,0.296,250,0.292,0.296,0.005649717514124299,False,False,5,0,250,0.296,,,nested_squares
domain,gpt_5_6_luna,MACRO,True,250,0.304,0.22799999999999998,-0.1484362098023912,False,False,5,0,250,0.228,250,0.304,0.22799999999999998,-0.1484362098023912,False,False,5,0,250,0.228,,,nested_triangles
domain,gpt_5_6_luna,POOLED,True,250,0.304,0.228,-0.10919540229885057,False,False,5,0,250,0.228,250,0.304,0.228,-0.10919540229885057,False,False,5,0,250,0.228,,,nested_triangles
domain,gpt_5_6_luna,MACRO,False,250,0.304,0.22799999999999998,-0.1484362098023912,False,False,5,0,250,0.228,250,0.304,0.22799999999999998,-0.1484362098023912,False,False,5,0,250,0.228,,,nested_triangles
domain,gpt_5_6_luna,POOLED,False,250,0.304,0.228,-0.10919540229885057,False,False,5,0,250,0.228,250,0.304,0.228,-0.10919540229885057,False,False,5,0,250,0.228,,,nested_triangles
domain,gpt_5_6_luna,MACRO,True,250,0.256,0.332,0.0851856984478936,False,False,5,0,250,0.332,250,0.256,0.332,0.0851856984478936,False,False,5,0,250,0.332,,,occluded_pattern
domain,gpt_5_6_luna,POOLED,True,250,0.256,0.332,0.10215053763440862,False,False,5,0,250,0.332,250,0.256,0.332,0.10215053763440862,False,False,5,0,250,0.332,,,occluded_pattern
domain,gpt_5_6_luna,MACRO,False,250,0.256,0.332,0.0851856984478936,False,False,5,0,250,0.332,250,0.256,0.332,0.0851856984478936,False,False,5,0,250,0.332,,,occluded_pattern
domain,gpt_5_6_luna,POOLED,False,250,0.256,0.332,0.10215053763440862,False,False,5,0,250,0.332,250,0.256,0.332,0.10215053763440862,False,False,5,0,250,0.332,,,occluded_pattern
domain,gpt_5_6_luna,MACRO,True,200,0.505,0.385,-0.25231481481481477,False,False,4,1,250,0.504,200,0.505,0.405,-0.21064814814814814,False,False,4,1,250,0.52,,,optical_illusion
domain,gpt_5_6_luna,POOLED,True,200,0.505,0.385,-0.24242424242424243,False,False,4,1,250,0.504,200,0.505,0.405,-0.202020202020202,False,False,4,1,250,0.52,,,optical_illusion
domain,gpt_5_6_luna,MACRO,False,200,0.505,0.385,-0.25231481481481477,False,False,4,1,250,0.504,200,0.505,0.405,-0.21064814814814814,False,False,4,1,250,0.52,,,optical_illusion
domain,gpt_5_6_luna,POOLED,False,200,0.505,0.385,-0.24242424242424243,False,False,4,1,250,0.504,200,0.505,0.405,-0.202020202020202,False,False,4,1,250,0.52,,,optical_illusion
domain,gpt_5_6_luna,MACRO,True,200,0.315,0.37,0.09742438150187954,False,False,4,1,250,0.36,200,0.41000000000000003,0.46,0.07242438150187955,False,False,4,1,250,0.432,,,orthographic
domain,gpt_5_6_luna,POOLED,True,200,0.315,0.37,0.0802919708029197,False,False,4,1,250,0.36,200,0.41,0.46,0.08474576271186447,False,False,4,1,250,0.432,,,orthographic
domain,gpt_5_6_luna,MACRO,False,200,0.315,0.37,0.09742438150187954,False,False,4,1,250,0.36,200,0.41000000000000003,0.46,0.07242438150187955,False,False,4,1,250,0.432,,,orthographic
domain,gpt_5_6_luna,POOLED,False,200,0.315,0.37,0.0802919708029197,False,False,4,1,250,0.36,200,0.41,0.46,0.08474576271186447,False,False,4,1,250,0.432,,,orthographic
domain,gpt_5_6_luna,MACRO,True,250,0.24400000000000005,0.292,0.08091779089943105,False,False,5,0,250,0.292,250,0.24400000000000005,0.292,0.08091779089943105,False,False,5,0,250,0.292,,,overlap_circles
domain,gpt_5_6_luna,POOLED,True,250,0.244,0.292,0.06349206349206347,False,False,5,0,250,0.292,250,0.244,0.292,0.06349206349206347,False,False,5,0,250,0.292,,,overlap_circles
domain,gpt_5_6_luna,MACRO,False,250,0.24400000000000005,0.292,0.08091779089943105,False,False,5,0,250,0.292,250,0.24400000000000005,0.292,0.08091779089943105,False,False,5,0,250,0.292,,,overlap_circles
domain,gpt_5_6_luna,POOLED,False,250,0.244,0.292,0.06349206349206347,False,False,5,0,250,0.292,250,0.244,0.292,0.06349206349206347,False,False,5,0,250,0.292,,,overlap_circles
domain,gpt_5_6_luna,MACRO,True,250,0.384,0.548,0.30160603426323507,False,False,5,0,250,0.548,250,0.45600000000000007,0.652,0.33970127235847314,False,False,5,0,250,0.652,,,physical_stability
domain,gpt_5_6_luna,POOLED,True,250,0.384,0.548,0.26623376623376627,False,False,5,0,250,0.548,250,0.456,0.652,0.3602941176470588,False,False,5,0,250,0.652,,,physical_stability
domain,gpt_5_6_luna,MACRO,False,250,0.384,0.548,0.30160603426323507,False,False,5,0,250,0.548,250,0.45600000000000007,0.652,0.33970127235847314,False,False,5,0,250,0.652,,,physical_stability
domain,gpt_5_6_luna,POOLED,False,250,0.384,0.548,0.26623376623376627,False,False,5,0,250,0.548,250,0.456,0.652,0.3602941176470588,False,False,5,0,250,0.652,,,physical_stability
domain,gpt_5_6_luna,MACRO,True,200,0.44500000000000006,0.385,-0.6391421557380811,False,False,4,1,250,0.508,200,0.44500000000000006,0.385,-0.6391421557380811,False,False,4,1,250,0.508,,,polyhedron
domain,gpt_5_6_luna,POOLED,True,200,0.445,0.385,-0.10810810810810811,False,False,4,1,250,0.508,200,0.445,0.385,-0.10810810810810811,False,False,4,1,250,0.508,,,polyhedron
domain,gpt_5_6_luna,MACRO,False,200,0.44500000000000006,0.385,-0.6391421557380811,False,False,4,1,250,0.508,200,0.44500000000000006,0.385,-0.6391421557380811,False,False,4,1,250,0.508,,,polyhedron
domain,gpt_5_6_luna,POOLED,False,200,0.445,0.385,-0.10810810810810811,False,False,4,1,250,0.508,200,0.445,0.385,-0.10810810810810811,False,False,4,1,250,0.508,,,polyhedron
domain,gpt_5_6_luna,MACRO,True,250,0.304,0.46799999999999997,0.09949494949494944,False,False,5,0,250,0.468,250,0.304,0.46799999999999997,0.09949494949494944,False,False,5,0,250,0.468,,,projectile_motion
domain,gpt_5_6_luna,POOLED,True,250,0.304,0.468,0.23563218390804605,False,False,5,0,250,0.468,250,0.304,0.468,0.23563218390804605,False,False,5,0,250,0.468,,,projectile_motion
domain,gpt_5_6_luna,MACRO,False,250,0.304,0.46799999999999997,0.09949494949494944,False,False,5,0,250,0.468,250,0.304,0.46799999999999997,0.09949494949494944,False,False,5,0,250,0.468,,,projectile_motion
domain,gpt_5_6_luna,POOLED,False,250,0.304,0.468,0.23563218390804605,False,False,5,0,250,0.468,250,0.304,0.468,0.23563218390804605,False,False,5,0,250,0.468,,,projectile_motion
domain,gpt_5_6_luna,MACRO,True,250,0.28800000000000003,0.476,0.24857214680744094,False,False,5,0,250,0.476,250,0.28800000000000003,0.476,0.24857214680744094,False,False,5,0,250,0.476,,,rotation_matching
domain,gpt_5_6_luna,POOLED,True,250,0.288,0.476,0.26404494382022475,False,False,5,0,250,0.476,250,0.288,0.476,0.26404494382022475,False,False,5,0,250,0.476,,,rotation_matching
domain,gpt_5_6_luna,MACRO,False,250,0.28800000000000003,0.476,0.24857214680744094,False,False,5,0,250,0.476,250,0.28800000000000003,0.476,0.24857214680744094,False,False,5,0,250,0.476,,,rotation_matching
domain,gpt_5_6_luna,POOLED,False,250,0.288,0.476,0.26404494382022475,False,False,5,0,250,0.476,250,0.288,0.476,0.26404494382022475,False,False,5,0,250,0.476,,,rotation_matching
domain,gpt_5_6_luna,MACRO,True,250,0.25999999999999995,0.22400000000000003,-0.15649423364988874,False,False,5,0,250,0.224,250,0.25999999999999995,0.22400000000000003,-0.15649423364988874,False,False,5,0,250,0.224,,,route
domain,gpt_5_6_luna,POOLED,True,250,0.26,0.224,-0.04864864864864866,False,False,5,0,250,0.224,250,0.26,0.224,-0.04864864864864866,False,False,5,0,250,0.224,,,route
domain,gpt_5_6_luna,MACRO,False,250,0.25999999999999995,0.22400000000000003,-0.15649423364988874,False,False,5,0,250,0.224,250,0.25999999999999995,0.22400000000000003,-0.15649423364988874,False,False,5,0,250,0.224,,,route
domain,gpt_5_6_luna,POOLED,False,250,0.26,0.224,-0.04864864864864866,False,False,5,0,250,0.224,250,0.26,0.224,-0.04864864864864866,False,False,5,0,250,0.224,,,route
domain,gpt_5_6_luna,MACRO,True,250,0.36,0.5160000000000001,0.13912262528437108,False,False,5,0,250,0.516,250,0.36,0.5160000000000001,0.13912262528437108,False,False,5,0,250,0.516,,,rpm
domain,gpt_5_6_luna,POOLED,True,250,0.36,0.516,0.24375000000000005,False,False,5,0,250,0.516,250,0.36,0.516,0.24375000000000005,False,False,5,0,250,0.516,,,rpm
domain,gpt_5_6_luna,MACRO,False,250,0.36,0.5160000000000001,0.13912262528437108,False,False,5,0,250,0.516,250,0.36,0.5160000000000001,0.13912262528437108,False,False,5,0,250,0.516,,,rpm
domain,gpt_5_6_luna,POOLED,False,250,0.36,0.516,0.24375000000000005,False,False,5,0,250,0.516,250,0.36,0.516,0.24375000000000005,False,False,5,0,250,0.516,,,rpm
domain,gpt_5_6_luna,MACRO,True,250,0.44000000000000006,0.42800000000000005,-0.0786717752234994,False,False,5,0,250,0.428,250,0.44000000000000006,0.42800000000000005,-0.0786717752234994,False,False,5,0,250,0.428,,,shadow_inference
domain,gpt_5_6_luna,POOLED,True,250,0.44,0.428,-0.021428571428571446,False,False,5,0,250,0.428,250,0.44,0.428,-0.021428571428571446,False,False,5,0,250,0.428,,,shadow_inference
domain,gpt_5_6_luna,MACRO,False,250,0.44000000000000006,0.42800000000000005,-0.0786717752234994,False,False,5,0,250,0.428,250,0.44000000000000006,0.42800000000000005,-0.0786717752234994,False,False,5,0,250,0.428,,,shadow_inference
domain,gpt_5_6_luna,POOLED,False,250,0.44,0.428,-0.021428571428571446,False,False,5,0,250,0.428,250,0.44,0.428,-0.021428571428571446,False,False,5,0,250,0.428,,,shadow_inference
domain,gpt_5_6_luna,MACRO,True,250,0.42000000000000004,0.508,0.1503787878787879,False,False,5,0,250,0.508,250,0.42000000000000004,0.508,0.1503787878787879,False,False,5,0,250,0.508,,,surface_topology
domain,gpt_5_6_luna,POOLED,True,250,0.42,0.508,0.1517241379310345,False,False,5,0,250,0.508,250,0.42,0.508,0.1517241379310345,False,False,5,0,250,0.508,,,surface_topology
domain,gpt_5_6_luna,MACRO,False,250,0.42000000000000004,0.508,0.1503787878787879,False,False,5,0,250,0.508,250,0.42000000000000004,0.508,0.1503787878787879,False,False,5,0,250,0.508,,,surface_topology
domain,gpt_5_6_luna,POOLED,False,250,0.42,0.508,0.1517241379310345,False,False,5,0,250,0.508,250,0.42,0.508,0.1517241379310345,False,False,5,0,250,0.508,,,surface_topology
domain,gpt_5_6_luna,MACRO,True,200,0.41500000000000004,0.5349999999999999,0.21413812033377252,False,False,4,1,250,0.616,200,0.41500000000000004,0.605,0.3201987263943786,False,False,4,1,250,0.672,,,symmetry_pattern
domain,gpt_5_6_luna,POOLED,True,200,0.415,0.535,0.20512820512820523,False,False,4,1,250,0.616,200,0.415,0.605,0.3247863247863248,False,False,4,1,250,0.672,,,symmetry_pattern
domain,gpt_5_6_luna,MACRO,False,200,0.41500000000000004,0.5349999999999999,0.21413812033377252,False,False,4,1,250,0.616,200,0.41500000000000004,0.605,0.3201987263943786,False,False,4,1,250,0.672,,,symmetry_pattern
domain,gpt_5_6_luna,POOLED,False,200,0.415,0.535,0.20512820512820523,False,False,4,1,250,0.616,200,0.415,0.605,0.3247863247863248,False,False,4,1,250,0.672,,,symmetry_pattern
domain,gpt_5_6_sol,MACRO,True,250,0.268,0.5880000000000001,0.4475792847503374,False,False,5,0,250,0.588,250,0.268,0.644,0.5230178812415656,False,False,5,0,250,0.644,,,angle_estimation
domain,gpt_5_6_sol,POOLED,True,250,0.268,0.588,0.4371584699453551,False,False,5,0,250,0.588,250,0.268,0.644,0.5136612021857924,False,False,5,0,250,0.644,,,angle_estimation
domain,gpt_5_6_sol,MACRO,False,250,0.268,0.5880000000000001,0.4475792847503374,False,False,5,0,250,0.588,250,0.268,0.644,0.5230178812415656,False,False,5,0,250,0.644,,,angle_estimation
domain,gpt_5_6_sol,POOLED,False,250,0.268,0.588,0.4371584699453551,False,False,5,0,250,0.588,250,0.268,0.644,0.5136612021857924,False,False,5,0,250,0.644,,,angle_estimation
domain,gpt_5_6_sol,MACRO,True,250,0.16000000000000003,0.4680000000000001,0.3732142857142857,False,False,5,0,250,0.468,250,0.16000000000000003,0.4680000000000001,0.3732142857142857,False,False,5,0,250,0.468,,,clock_reading
domain,gpt_5_6_sol,POOLED,True,250,0.16,0.468,0.36666666666666675,False,False,5,0,250,0.468,250,0.16,0.468,0.36666666666666675,False,False,5,0,250,0.468,,,clock_reading
domain,gpt_5_6_sol,MACRO,False,250,0.16000000000000003,0.4680000000000001,0.3732142857142857,False,False,5,0,250,0.468,250,0.16000000000000003,0.4680000000000001,0.3732142857142857,False,False,5,0,250,0.468,,,clock_reading
domain,gpt_5_6_sol,POOLED,False,250,0.16,0.468,0.36666666666666675,False,False,5,0,250,0.468,250,0.16,0.468,0.36666666666666675,False,False,5,0,250,0.468,,,clock_reading
domain,gpt_5_6_sol,MACRO,True,250,0.42400000000000004,0.536,0.20679578038449006,False,False,5,0,250,0.536,250,0.42400000000000004,0.536,0.20679578038449006,False,False,5,0,250,0.536,,,combination
domain,gpt_5_6_sol,POOLED,True,250,0.424,0.536,0.1944444444444445,False,False,5,0,250,0.536,250,0.424,0.536,0.1944444444444445,False,False,5,0,250,0.536,,,combination
domain,gpt_5_6_sol,MACRO,False,250,0.42400000000000004,0.536,0.20679578038449006,False,False,5,0,250,0.536,250,0.42400000000000004,0.536,0.20679578038449006,False,False,5,0,250,0.536,,,combination
domain,gpt_5_6_sol,POOLED,False,250,0.424,0.536,0.1944444444444445,False,False,5,0,250,0.536,250,0.424,0.536,0.1944444444444445,False,False,5,0,250,0.536,,,combination
domain,gpt_5_6_sol,MACRO,True,250,0.32399999999999995,0.376,0.09738500174605651,False,False,5,0,250,0.376,250,0.32399999999999995,0.376,0.09738500174605651,False,False,5,0,250,0.376,,,combination3d
domain,gpt_5_6_sol,POOLED,True,250,0.324,0.376,0.07692307692307691,False,False,5,0,250,0.376,250,0.324,0.376,0.07692307692307691,False,False,5,0,250,0.376,,,combination3d
domain,gpt_5_6_sol,MACRO,False,250,0.32399999999999995,0.376,0.09738500174605651,False,False,5,0,250,0.376,250,0.32399999999999995,0.376,0.09738500174605651,False,False,5,0,250,0.376,,,combination3d
domain,gpt_5_6_sol,POOLED,False,250,0.324,0.376,0.07692307692307691,False,False,5,0,250,0.376,250,0.324,0.376,0.07692307692307691,False,False,5,0,250,0.376,,,combination3d
domain,gpt_5_6_sol,MACRO,True,250,0.24400000000000005,0.532,0.5120294784580499,False,False,5,0,250,0.532,250,0.24400000000000005,0.532,0.5120294784580499,False,False,5,0,250,0.532,,,compass_bearing
domain,gpt_5_6_sol,POOLED,True,250,0.244,0.532,0.380952380952381,False,False,5,0,250,0.532,250,0.244,0.532,0.380952380952381,False,False,5,0,250,0.532,,,compass_bearing
domain,gpt_5_6_sol,MACRO,False,250,0.24400000000000005,0.532,0.5120294784580499,False,False,5,0,250,0.532,250,0.24400000000000005,0.532,0.5120294784580499,False,False,5,0,250,0.532,,,compass_bearing
domain,gpt_5_6_sol,POOLED,False,250,0.244,0.532,0.380952380952381,False,False,5,0,250,0.532,250,0.244,0.532,0.380952380952381,False,False,5,0,250,0.532,,,compass_bearing
domain,gpt_5_6_sol,MACRO,True,250,0.18,0.6639999999999999,0.6098245614035088,False,False,5,0,250,0.664,250,0.18,0.6639999999999999,0.6098245614035088,False,False,5,0,250,0.664,,,coordinate_geometry
domain,gpt_5_6_sol,POOLED,True,250,0.18,0.664,0.5902439024390244,False,False,5,0,250,0.664,250,0.18,0.664,0.5902439024390244,False,False,5,0,250,0.664,,,coordinate_geometry
domain,gpt_5_6_sol,MACRO,False,250,0.18,0.6639999999999999,0.6098245614035088,False,False,5,0,250,0.664,250,0.18,0.6639999999999999,0.6098245614035088,False,False,5,0,250,0.664,,,coordinate_geometry
domain,gpt_5_6_sol,POOLED,False,250,0.18,0.664,0.5902439024390244,False,False,5,0,250,0.664,250,0.18,0.664,0.5902439024390244,False,False,5,0,250,0.664,,,coordinate_geometry
domain,gpt_5_6_sol,MACRO,True,200,0.5,0.84,0.5411878881987577,False,False,4,1,250,0.86,200,0.5,0.84,0.5411878881987577,False,False,4,1,250,0.86,,,cube_net
domain,gpt_5_6_sol,POOLED,True,200,0.5,0.84,0.6799999999999999,False,False,4,1,250,0.86,200,0.5,0.84,0.6799999999999999,False,False,4,1,250,0.86,,,cube_net
domain,gpt_5_6_sol,MACRO,False,200,0.5,0.84,0.5411878881987577,False,False,4,1,250,0.86,200,0.5,0.84,0.5411878881987577,False,False,4,1,250,0.86,,,cube_net
domain,gpt_5_6_sol,POOLED,False,200,0.5,0.84,0.6799999999999999,False,False,4,1,250,0.86,200,0.5,0.84,0.6799999999999999,False,False,4,1,250,0.86,,,cube_net
domain,gpt_5_6_sol,MACRO,True,250,0.348,0.25200000000000006,-0.11942339218334083,False,False,5,0,250,0.252,250,0.348,0.25200000000000006,-0.11942339218334083,False,False,5,0,250,0.252,,,cube_structure
domain,gpt_5_6_sol,POOLED,True,250,0.348,0.252,-0.14723926380368094,False,False,5,0,250,0.252,250,0.348,0.252,-0.14723926380368094,False,False,5,0,250,0.252,,,cube_structure
domain,gpt_5_6_sol,MACRO,False,250,0.348,0.25200000000000006,-0.11942339218334083,False,False,5,0,250,0.252,250,0.348,0.25200000000000006,-0.11942339218334083,False,False,5,0,250,0.252,,,cube_structure
domain,gpt_5_6_sol,POOLED,False,250,0.348,0.252,-0.14723926380368094,False,False,5,0,250,0.252,250,0.348,0.252,-0.14723926380368094,False,False,5,0,250,0.252,,,cube_structure
domain,gpt_5_6_sol,MACRO,True,250,0.22800000000000004,0.488,0.38760800033858744,False,False,5,0,250,0.488,250,0.22800000000000004,0.616,0.5496852950245779,False,False,5,0,250,0.616,,,depth_height
domain,gpt_5_6_sol,POOLED,True,250,0.228,0.488,0.33678756476683935,False,False,5,0,250,0.488,250,0.228,0.616,0.5025906735751295,False,False,5,0,250,0.616,,,depth_height
domain,gpt_5_6_sol,MACRO,False,250,0.22800000000000004,0.488,0.38760800033858744,False,False,5,0,250,0.488,250,0.22800000000000004,0.616,0.5496852950245779,False,False,5,0,250,0.616,,,depth_height
domain,gpt_5_6_sol,POOLED,False,250,0.228,0.488,0.33678756476683935,False,False,5,0,250,0.488,250,0.228,0.616,0.5025906735751295,False,False,5,0,250,0.616,,,depth_height
domain,gpt_5_6_sol,MACRO,True,250,0.376,0.328,-0.06263888888888888,False,False,5,0,250,0.328,250,0.376,0.40800000000000003,0.11917929292929293,False,False,5,0,250,0.408,,,embedded_figures
domain,gpt_5_6_sol,POOLED,True,250,0.376,0.328,-0.0769230769230769,False,False,5,0,250,0.328,250,0.376,0.408,0.05128205128205124,False,False,5,0,250,0.408,,,embedded_figures
domain,gpt_5_6_sol,MACRO,False,250,0.376,0.328,-0.06263888888888888,False,False,5,0,250,0.328,250,0.376,0.40800000000000003,0.11917929292929293,False,False,5,0,250,0.408,,,embedded_figures
domain,gpt_5_6_sol,POOLED,False,250,0.376,0.328,-0.0769230769230769,False,False,5,0,250,0.328,250,0.376,0.408,0.05128205128205124,False,False,5,0,250,0.408,,,embedded_figures
domain,gpt_5_6_sol,MACRO,True,250,0.23200000000000004,0.372,0.19735414116687064,False,False,5,0,250,0.372,250,0.23200000000000004,0.616,0.5421022031823746,False,False,5,0,250,0.616,,,fbd
domain,gpt_5_6_sol,POOLED,True,250,0.232,0.372,0.18229166666666666,False,False,5,0,250,0.372,250,0.232,0.616,0.5,False,False,5,0,250,0.616,,,fbd
domain,gpt_5_6_sol,MACRO,False,250,0.23200000000000004,0.372,0.19735414116687064,False,False,5,0,250,0.372,250,0.23200000000000004,0.616,0.5421022031823746,False,False,5,0,250,0.616,,,fbd
domain,gpt_5_6_sol,POOLED,False,250,0.232,0.372,0.18229166666666666,False,False,5,0,250,0.372,250,0.232,0.616,0.5,False,False,5,0,250,0.616,,,fbd
domain,gpt_5_6_sol,MACRO,True,250,0.45200000000000007,0.6439999999999999,0.399672523201935,False,False,5,0,250,0.644,250,0.45200000000000007,0.6439999999999999,0.399672523201935,False,False,5,0,250,0.644,,,fold_punch
domain,gpt_5_6_sol,POOLED,True,250,0.452,0.644,0.3503649635036496,False,False,5,0,250,0.644,250,0.452,0.644,0.3503649635036496,False,False,5,0,250,0.644,,,fold_punch
domain,gpt_5_6_sol,MACRO,False,250,0.45200000000000007,0.6439999999999999,0.399672523201935,False,False,5,0,250,0.644,250,0.45200000000000007,0.6439999999999999,0.399672523201935,False,False,5,0,250,0.644,,,fold_punch
domain,gpt_5_6_sol,POOLED,False,250,0.452,0.644,0.3503649635036496,False,False,5,0,250,0.644,250,0.452,0.644,0.3503649635036496,False,False,5,0,250,0.644,,,fold_punch
domain,gpt_5_6_sol,MACRO,True,250,0.40800000000000003,0.604,0.255289598108747,False,False,5,0,250,0.604,250,0.45200000000000007,0.86,0.7776832151300236,False,False,5,0,250,0.86,,,gauge_reading
domain,gpt_5_6_sol,POOLED,True,250,0.408,0.604,0.33108108108108103,False,False,5,0,250,0.604,250,0.452,0.86,0.7445255474452553,False,False,5,0,250,0.86,,,gauge_reading
domain,gpt_5_6_sol,MACRO,False,250,0.40800000000000003,0.604,0.255289598108747,False,False,5,0,250,0.604,250,0.45200000000000007,0.86,0.7776832151300236,False,False,5,0,250,0.86,,,gauge_reading
domain,gpt_5_6_sol,POOLED,False,250,0.408,0.604,0.33108108108108103,False,False,5,0,250,0.604,250,0.452,0.86,0.7445255474452553,False,False,5,0,250,0.86,,,gauge_reading
domain,gpt_5_6_sol,MACRO,True,200,0.29500000000000004,0.7799999999999999,0.6698540706605223,False,False,4,1,250,0.624,200,0.29500000000000004,0.7799999999999999,0.6698540706605223,False,False,4,1,250,0.824,,,gear_train
domain,gpt_5_6_sol,POOLED,True,200,0.295,0.78,0.6879432624113475,False,False,4,1,250,0.624,200,0.295,0.78,0.6879432624113475,False,False,4,1,250,0.824,,,gear_train
domain,gpt_5_6_sol,MACRO,False,200,0.29500000000000004,0.7799999999999999,0.6698540706605223,False,False,4,1,250,0.624,200,0.29500000000000004,0.7799999999999999,0.6698540706605223,False,False,4,1,250,0.824,,,gear_train
domain,gpt_5_6_sol,POOLED,False,200,0.295,0.78,0.6879432624113475,False,False,4,1,250,0.624,200,0.295,0.78,0.6879432624113475,False,False,4,1,250,0.824,,,gear_train
domain,gpt_5_6_sol,MACRO,True,250,0.316,0.32399999999999995,0.024352440352440375,False,False,5,0,250,0.324,250,0.316,0.364,0.09578101178101181,False,False,5,0,250,0.364,,,hex_pathfinding
domain,gpt_5_6_sol,POOLED,True,250,0.316,0.324,0.01169590643274855,False,False,5,0,250,0.324,250,0.316,0.364,0.07017543859649121,False,False,5,0,250,0.364,,,hex_pathfinding
domain,gpt_5_6_sol,MACRO,False,250,0.316,0.32399999999999995,0.024352440352440375,False,False,5,0,250,0.324,250,0.316,0.364,0.09578101178101181,False,False,5,0,250,0.364,,,hex_pathfinding
domain,gpt_5_6_sol,POOLED,False,250,0.316,0.324,0.01169590643274855,False,False,5,0,250,0.324,250,0.316,0.364,0.07017543859649121,False,False,5,0,250,0.364,,,hex_pathfinding
domain,gpt_5_6_sol,MACRO,True,250,0.4800000000000001,0.164,-0.804617041324539,False,False,5,0,250,0.164,250,0.4800000000000001,0.164,-0.804617041324539,False,False,5,0,250,0.164,,,impossible_object
domain,gpt_5_6_sol,POOLED,True,250,0.48,0.164,-0.6076923076923075,False,False,5,0,250,0.164,250,0.48,0.164,-0.6076923076923075,False,False,5,0,250,0.164,,,impossible_object
domain,gpt_5_6_sol,MACRO,False,250,0.4800000000000001,0.164,-0.804617041324539,False,False,5,0,250,0.164,250,0.4800000000000001,0.164,-0.804617041324539,False,False,5,0,250,0.164,,,impossible_object
domain,gpt_5_6_sol,POOLED,False,250,0.48,0.164,-0.6076923076923075,False,False,5,0,250,0.164,250,0.48,0.164,-0.6076923076923075,False,False,5,0,250,0.164,,,impossible_object
domain,gpt_5_6_sol,MACRO,True,250,0.35600000000000004,0.368,0.055012541806020075,False,False,5,0,250,0.368,250,0.384,0.396,0.051891025641025657,False,False,5,0,250,0.396,,,laser_mirror
domain,gpt_5_6_sol,POOLED,True,250,0.356,0.368,0.018633540372670822,False,False,5,0,250,0.368,250,0.384,0.396,0.019480519480519497,False,False,5,0,250,0.396,,,laser_mirror
domain,gpt_5_6_sol,MACRO,False,250,0.35600000000000004,0.368,0.055012541806020075,False,False,5,0,250,0.368,250,0.384,0.396,0.051891025641025657,False,False,5,0,250,0.396,,,laser_mirror
domain,gpt_5_6_sol,POOLED,False,250,0.356,0.368,0.018633540372670822,False,False,5,0,250,0.368,250,0.384,0.396,0.019480519480519497,False,False,5,0,250,0.396,,,laser_mirror
domain,gpt_5_6_sol,MACRO,True,250,0.32799999999999996,0.836,0.7355869471658945,False,False,5,0,250,0.836,250,0.32799999999999996,0.836,0.7355869471658945,False,False,5,0,250,0.836,,,line_intersection
domain,gpt_5_6_sol,POOLED,True,250,0.328,0.836,0.755952380952381,False,False,5,0,250,0.836,250,0.328,0.836,0.755952380952381,False,False,5,0,250,0.836,,,line_intersection
domain,gpt_5_6_sol,MACRO,False,250,0.32799999999999996,0.836,0.7355869471658945,False,False,5,0,250,0.836,250,0.32799999999999996,0.836,0.7355869471658945,False,False,5,0,250,0.836,,,line_intersection
domain,gpt_5_6_sol,POOLED,False,250,0.328,0.836,0.755952380952381,False,False,5,0,250,0.836,250,0.328,0.836,0.755952380952381,False,False,5,0,250,0.836,,,line_intersection
domain,gpt_5_6_sol,MACRO,True,250,0.296,0.4,0.20266516092603046,False,False,5,0,250,0.4,250,0.296,0.4,0.20266516092603046,False,False,5,0,250,0.4,,,nested_hexagons
domain,gpt_5_6_sol,POOLED,True,250,0.296,0.4,0.1477272727272728,False,False,5,0,250,0.4,250,0.296,0.4,0.1477272727272728,False,False,5,0,250,0.4,,,nested_hexagons
domain,gpt_5_6_sol,MACRO,False,250,0.296,0.4,0.20266516092603046,False,False,5,0,250,0.4,250,0.296,0.4,0.20266516092603046,False,False,5,0,250,0.4,,,nested_hexagons
domain,gpt_5_6_sol,POOLED,False,250,0.296,0.4,0.1477272727272728,False,False,5,0,250,0.4,250,0.296,0.4,0.1477272727272728,False,False,5,0,250,0.4,,,nested_hexagons
domain,gpt_5_6_sol,MACRO,True,250,0.292,0.376,0.14885370278739898,False,False,5,0,250,0.376,250,0.292,0.376,0.14885370278739898,False,False,5,0,250,0.376,,,nested_squares
domain,gpt_5_6_sol,POOLED,True,250,0.292,0.376,0.1186440677966102,False,False,5,0,250,0.376,250,0.292,0.376,0.1186440677966102,False,False,5,0,250,0.376,,,nested_squares
domain,gpt_5_6_sol,MACRO,False,250,0.292,0.376,0.14885370278739898,False,False,5,0,250,0.376,250,0.292,0.376,0.14885370278739898,False,False,5,0,250,0.376,,,nested_squares
domain,gpt_5_6_sol,POOLED,False,250,0.292,0.376,0.1186440677966102,False,False,5,0,250,0.376,250,0.292,0.376,0.1186440677966102,False,False,5,0,250,0.376,,,nested_squares
domain,gpt_5_6_sol,MACRO,True,250,0.304,0.332,0.039379935426148524,False,False,5,0,250,0.332,250,0.304,0.332,0.039379935426148524,False,False,5,0,250,0.332,,,nested_triangles
domain,gpt_5_6_sol,POOLED,True,250,0.304,0.332,0.040229885057471305,False,False,5,0,250,0.332,250,0.304,0.332,0.040229885057471305,False,False,5,0,250,0.332,,,nested_triangles
domain,gpt_5_6_sol,MACRO,False,250,0.304,0.332,0.039379935426148524,False,False,5,0,250,0.332,250,0.304,0.332,0.039379935426148524,False,False,5,0,250,0.332,,,nested_triangles
domain,gpt_5_6_sol,POOLED,False,250,0.304,0.332,0.040229885057471305,False,False,5,0,250,0.332,250,0.304,0.332,0.040229885057471305,False,False,5,0,250,0.332,,,nested_triangles
domain,gpt_5_6_sol,MACRO,True,250,0.256,0.48,0.29301921655580193,False,False,5,0,250,0.48,250,0.256,0.48,0.29301921655580193,False,False,5,0,250,0.48,,,occluded_pattern
domain,gpt_5_6_sol,POOLED,True,250,0.256,0.48,0.30107526881720426,False,False,5,0,250,0.48,250,0.256,0.48,0.30107526881720426,False,False,5,0,250,0.48,,,occluded_pattern
domain,gpt_5_6_sol,MACRO,False,250,0.256,0.48,0.29301921655580193,False,False,5,0,250,0.48,250,0.256,0.48,0.29301921655580193,False,False,5,0,250,0.48,,,occluded_pattern
domain,gpt_5_6_sol,POOLED,False,250,0.256,0.48,0.30107526881720426,False,False,5,0,250,0.48,250,0.256,0.48,0.30107526881720426,False,False,5,0,250,0.48,,,occluded_pattern
domain,gpt_5_6_sol,MACRO,True,200,0.505,0.5,-0.012896825396825407,False,False,4,1,250,0.6,200,0.505,0.53,0.049603174603174566,False,False,4,1,250,0.624,,,optical_illusion
domain,gpt_5_6_sol,POOLED,True,200,0.505,0.5,-0.01010101010101011,False,False,4,1,250,0.6,200,0.505,0.53,0.05050505050505055,False,False,4,1,250,0.624,,,optical_illusion
domain,gpt_5_6_sol,MACRO,False,200,0.505,0.5,-0.012896825396825407,False,False,4,1,250,0.6,200,0.505,0.53,0.049603174603174566,False,False,4,1,250,0.624,,,optical_illusion
domain,gpt_5_6_sol,POOLED,False,200,0.505,0.5,-0.01010101010101011,False,False,4,1,250,0.6,200,0.505,0.53,0.05050505050505055,False,False,4,1,250,0.624,,,optical_illusion
domain,gpt_5_6_sol,MACRO,True,200,0.315,0.6,0.41563175434312744,False,False,4,1,250,0.552,200,0.41000000000000003,0.705,0.4983903750327826,False,False,4,1,250,0.636,,,orthographic
domain,gpt_5_6_sol,POOLED,True,200,0.315,0.6,0.4160583941605839,False,False,4,1,250,0.552,200,0.41,0.705,0.4999999999999999,False,False,4,1,250,0.636,,,orthographic
domain,gpt_5_6_sol,MACRO,False,200,0.315,0.6,0.41563175434312744,False,False,4,1,250,0.552,200,0.41000000000000003,0.705,0.4983903750327826,False,False,4,1,250,0.636,,,orthographic
domain,gpt_5_6_sol,POOLED,False,200,0.315,0.6,0.4160583941605839,False,False,4,1,250,0.552,200,0.41,0.705,0.4999999999999999,False,False,4,1,250,0.636,,,orthographic
domain,gpt_5_6_sol,MACRO,True,250,0.24400000000000005,0.40800000000000003,0.21655280867643173,False,False,5,0,250,0.408,250,0.24400000000000005,0.40800000000000003,0.21655280867643173,False,False,5,0,250,0.408,,,overlap_circles
domain,gpt_5_6_sol,POOLED,True,250,0.244,0.408,0.2169312169312169,False,False,5,0,250,0.408,250,0.244,0.408,0.2169312169312169,False,False,5,0,250,0.408,,,overlap_circles
domain,gpt_5_6_sol,MACRO,False,250,0.24400000000000005,0.40800000000000003,0.21655280867643173,False,False,5,0,250,0.408,250,0.24400000000000005,0.40800000000000003,0.21655280867643173,False,False,5,0,250,0.408,,,overlap_circles
domain,gpt_5_6_sol,POOLED,False,250,0.244,0.408,0.2169312169312169,False,False,5,0,250,0.408,250,0.244,0.408,0.2169312169312169,False,False,5,0,250,0.408,,,overlap_circles
domain,gpt_5_6_sol,MACRO,True,250,0.384,0.604,0.45239587998208697,False,False,5,0,250,0.604,250,0.45600000000000007,0.708,0.490491118077325,False,False,5,0,250,0.708,,,physical_stability
domain,gpt_5_6_sol,POOLED,True,250,0.384,0.604,0.3571428571428571,False,False,5,0,250,0.604,250,0.456,0.708,0.4632352941176469,False,False,5,0,250,0.708,,,physical_stability
domain,gpt_5_6_sol,MACRO,False,250,0.384,0.604,0.45239587998208697,False,False,5,0,250,0.604,250,0.45600000000000007,0.708,0.490491118077325,False,False,5,0,250,0.708,,,physical_stability
domain,gpt_5_6_sol,POOLED,False,250,0.384,0.604,0.3571428571428571,False,False,5,0,250,0.604,250,0.456,0.708,0.4632352941176469,False,False,5,0,250,0.708,,,physical_stability
domain,gpt_5_6_sol,MACRO,True,200,0.44500000000000006,0.5700000000000001,0.18039622814665257,False,False,4,1,250,0.656,200,0.44500000000000006,0.5700000000000001,0.18039622814665257,False,False,4,1,250,0.656,,,polyhedron
domain,gpt_5_6_sol,POOLED,True,200,0.445,0.57,0.22522522522522515,False,False,4,1,250,0.656,200,0.445,0.57,0.22522522522522515,False,False,4,1,250,0.656,,,polyhedron
domain,gpt_5_6_sol,MACRO,False,200,0.44500000000000006,0.5700000000000001,0.18039622814665257,False,False,4,1,250,0.656,200,0.44500000000000006,0.5700000000000001,0.18039622814665257,False,False,4,1,250,0.656,,,polyhedron
domain,gpt_5_6_sol,POOLED,False,200,0.445,0.57,0.22522522522522515,False,False,4,1,250,0.656,200,0.445,0.57,0.22522522522522515,False,False,4,1,250,0.656,,,polyhedron
domain,gpt_5_6_sol,MACRO,True,250,0.304,0.528,0.3096335697399527,False,False,5,0,250,0.528,250,0.304,0.548,0.330466903073286,False,False,5,0,250,0.548,,,projectile_motion
domain,gpt_5_6_sol,POOLED,True,250,0.304,0.528,0.32183908045977017,False,False,5,0,250,0.528,250,0.304,0.548,0.35057471264367823,False,False,5,0,250,0.548,,,projectile_motion
domain,gpt_5_6_sol,MACRO,False,250,0.304,0.528,0.3096335697399527,False,False,5,0,250,0.528,250,0.304,0.548,0.330466903073286,False,False,5,0,250,0.548,,,projectile_motion
domain,gpt_5_6_sol,POOLED,False,250,0.304,0.528,0.32183908045977017,False,False,5,0,250,0.528,250,0.304,0.548,0.35057471264367823,False,False,5,0,250,0.548,,,projectile_motion
domain,gpt_5_6_sol,MACRO,True,250,0.28800000000000003,0.46799999999999997,0.2316742081447964,False,False,5,0,250,0.468,250,0.28800000000000003,0.46799999999999997,0.2316742081447964,False,False,5,0,250,0.468,,,rotation_matching
domain,gpt_5_6_sol,POOLED,True,250,0.288,0.468,0.252808988764045,False,False,5,0,250,0.468,250,0.288,0.468,0.252808988764045,False,False,5,0,250,0.468,,,rotation_matching
domain,gpt_5_6_sol,MACRO,False,250,0.28800000000000003,0.46799999999999997,0.2316742081447964,False,False,5,0,250,0.468,250,0.28800000000000003,0.46799999999999997,0.2316742081447964,False,False,5,0,250,0.468,,,rotation_matching
domain,gpt_5_6_sol,POOLED,False,250,0.288,0.468,0.252808988764045,False,False,5,0,250,0.468,250,0.288,0.468,0.252808988764045,False,False,5,0,250,0.468,,,rotation_matching
domain,gpt_5_6_sol,MACRO,True,250,0.25999999999999995,0.29999999999999993,-0.02970453212334511,False,False,5,0,250,0.3,250,0.25999999999999995,0.29999999999999993,-0.02970453212334511,False,False,5,0,250,0.3,,,route
domain,gpt_5_6_sol,POOLED,True,250,0.26,0.3,0.05405405405405403,False,False,5,0,250,0.3,250,0.26,0.3,0.05405405405405403,False,False,5,0,250,0.3,,,route
domain,gpt_5_6_sol,MACRO,False,250,0.25999999999999995,0.29999999999999993,-0.02970453212334511,False,False,5,0,250,0.3,250,0.25999999999999995,0.29999999999999993,-0.02970453212334511,False,False,5,0,250,0.3,,,route
domain,gpt_5_6_sol,POOLED,False,250,0.26,0.3,0.05405405405405403,False,False,5,0,250,0.3,250,0.26,0.3,0.05405405405405403,False,False,5,0,250,0.3,,,route
domain,gpt_5_6_sol,MACRO,True,250,0.36,0.6319999999999999,0.3213840137588533,False,False,5,0,250,0.632,250,0.36,0.6319999999999999,0.3213840137588533,False,False,5,0,250,0.632,,,rpm
domain,gpt_5_6_sol,POOLED,True,250,0.36,0.632,0.42500000000000004,False,False,5,0,250,0.632,250,0.36,0.632,0.42500000000000004,False,False,5,0,250,0.632,,,rpm
domain,gpt_5_6_sol,MACRO,False,250,0.36,0.6319999999999999,0.3213840137588533,False,False,5,0,250,0.632,250,0.36,0.6319999999999999,0.3213840137588533,False,False,5,0,250,0.632,,,rpm
domain,gpt_5_6_sol,POOLED,False,250,0.36,0.632,0.42500000000000004,False,False,5,0,250,0.632,250,0.36,0.632,0.42500000000000004,False,False,5,0,250,0.632,,,rpm
domain,gpt_5_6_sol,MACRO,True,250,0.44000000000000006,0.4760000000000001,-0.054189016602809705,False,False,5,0,250,0.476,250,0.44000000000000006,0.4760000000000001,-0.054189016602809705,False,False,5,0,250,0.476,,,shadow_inference
domain,gpt_5_6_sol,POOLED,True,250,0.44,0.476,0.06428571428571424,False,False,5,0,250,0.476,250,0.44,0.476,0.06428571428571424,False,False,5,0,250,0.476,,,shadow_inference
domain,gpt_5_6_sol,MACRO,False,250,0.44000000000000006,0.4760000000000001,-0.054189016602809705,False,False,5,0,250,0.476,250,0.44000000000000006,0.4760000000000001,-0.054189016602809705,False,False,5,0,250,0.476,,,shadow_inference
domain,gpt_5_6_sol,POOLED,False,250,0.44,0.476,0.06428571428571424,False,False,5,0,250,0.476,250,0.44,0.476,0.06428571428571424,False,False,5,0,250,0.476,,,shadow_inference
domain,gpt_5_6_sol,MACRO,True,250,0.42000000000000004,0.6639999999999999,0.40410353535353527,False,False,5,0,250,0.664,250,0.42000000000000004,0.6639999999999999,0.40410353535353527,False,False,5,0,250,0.664,,,surface_topology
domain,gpt_5_6_sol,POOLED,True,250,0.42,0.664,0.4206896551724138,False,False,5,0,250,0.664,250,0.42,0.664,0.4206896551724138,False,False,5,0,250,0.664,,,surface_topology
domain,gpt_5_6_sol,MACRO,False,250,0.42000000000000004,0.6639999999999999,0.40410353535353527,False,False,5,0,250,0.664,250,0.42000000000000004,0.6639999999999999,0.40410353535353527,False,False,5,0,250,0.664,,,surface_topology
domain,gpt_5_6_sol,POOLED,False,250,0.42,0.664,0.4206896551724138,False,False,5,0,250,0.664,250,0.42,0.664,0.4206896551724138,False,False,5,0,250,0.664,,,surface_topology
domain,gpt_5_6_sol,MACRO,True,200,0.41500000000000004,0.5849999999999999,0.2869532279314888,False,False,4,1,250,0.668,200,0.41500000000000004,0.6649999999999999,0.40816534914361,False,False,4,1,250,0.732,,,symmetry_pattern
domain,gpt_5_6_sol,POOLED,True,200,0.415,0.585,0.29059829059829057,False,False,4,1,250,0.668,200,0.415,0.665,0.4273504273504275,False,False,4,1,250,0.732,,,symmetry_pattern
domain,gpt_5_6_sol,MACRO,False,200,0.41500000000000004,0.5849999999999999,0.2869532279314888,False,False,4,1,250,0.668,200,0.41500000000000004,0.6649999999999999,0.40816534914361,False,False,4,1,250,0.732,,,symmetry_pattern
domain,gpt_5_6_sol,POOLED,False,200,0.415,0.585,0.29059829059829057,False,False,4,1,250,0.668,200,0.415,0.665,0.4273504273504275,False,False,4,1,250,0.732,,,symmetry_pattern
domain,grok_4_6,MACRO,True,250,0.268,0.6359999999999999,0.5112320062977959,False,False,5,0,250,0.636,250,0.268,0.692,0.5860858074673864,False,False,5,0,250,0.692,,,angle_estimation
domain,grok_4_6,POOLED,True,250,0.268,0.636,0.5027322404371585,False,False,5,0,250,0.636,250,0.268,0.692,0.5792349726775955,False,False,5,0,250,0.692,,,angle_estimation
domain,grok_4_6,MACRO,False,250,0.268,0.6359999999999999,0.5112320062977959,False,False,5,0,250,0.636,250,0.268,0.692,0.5860858074673864,False,False,5,0,250,0.692,,,angle_estimation
domain,grok_4_6,POOLED,False,250,0.268,0.636,0.5027322404371585,False,False,5,0,250,0.636,250,0.268,0.692,0.5792349726775955,False,False,5,0,250,0.692,,,angle_estimation
domain,grok_4_6,MACRO,True,250,0.16000000000000003,0.5,0.45476190476190476,False,False,5,0,250,0.5,250,0.16000000000000003,0.5,0.45476190476190476,False,False,5,0,250,0.5,,,clock_reading
domain,grok_4_6,POOLED,True,250,0.16,0.5,0.40476190476190477,False,False,5,0,250,0.5,250,0.16,0.5,0.40476190476190477,False,False,5,0,250,0.5,,,clock_reading
domain,grok_4_6,MACRO,False,250,0.16000000000000003,0.5,0.45476190476190476,False,False,5,0,250,0.5,250,0.16000000000000003,0.5,0.45476190476190476,False,False,5,0,250,0.5,,,clock_reading
domain,grok_4_6,POOLED,False,250,0.16,0.5,0.40476190476190477,False,False,5,0,250,0.5,250,0.16,0.5,0.40476190476190477,False,False,5,0,250,0.5,,,clock_reading
domain,grok_4_6,MACRO,True,250,0.42400000000000004,0.54,0.2948639622026719,False,False,5,0,250,0.54,250,0.42400000000000004,0.54,0.2948639622026719,False,False,5,0,250,0.54,,,combination
domain,grok_4_6,POOLED,True,250,0.424,0.54,0.20138888888888895,False,False,5,0,250,0.54,250,0.424,0.54,0.20138888888888895,False,False,5,0,250,0.54,,,combination
domain,grok_4_6,MACRO,False,250,0.42400000000000004,0.54,0.2948639622026719,False,False,5,0,250,0.54,250,0.42400000000000004,0.54,0.2948639622026719,False,False,5,0,250,0.54,,,combination
domain,grok_4_6,POOLED,False,250,0.424,0.54,0.20138888888888895,False,False,5,0,250,0.54,250,0.424,0.54,0.20138888888888895,False,False,5,0,250,0.54,,,combination
domain,grok_4_6,MACRO,True,250,0.32399999999999995,0.348,0.06223874165050636,False,False,5,0,250,0.348,250,0.32399999999999995,0.348,0.06223874165050636,False,False,5,0,250,0.348,,,combination3d
domain,grok_4_6,POOLED,True,250,0.324,0.348,0.03550295857988161,False,False,5,0,250,0.348,250,0.324,0.348,0.03550295857988161,False,False,5,0,250,0.348,,,combination3d
domain,grok_4_6,MACRO,False,250,0.32399999999999995,0.348,0.06223874165050636,False,False,5,0,250,0.348,250,0.32399999999999995,0.348,0.06223874165050636,False,False,5,0,250,0.348,,,combination3d
domain,grok_4_6,POOLED,False,250,0.324,0.348,0.03550295857988161,False,False,5,0,250,0.348,250,0.324,0.348,0.03550295857988161,False,False,5,0,250,0.348,,,combination3d
domain,grok_4_6,MACRO,True,250,0.24400000000000005,0.508,0.48211494854352005,False,False,5,0,250,0.508,250,0.24400000000000005,0.508,0.48211494854352005,False,False,5,0,250,0.508,,,compass_bearing
domain,grok_4_6,POOLED,True,250,0.244,0.508,0.34920634920634924,False,False,5,0,250,0.508,250,0.244,0.508,0.34920634920634924,False,False,5,0,250,0.508,,,compass_bearing
domain,grok_4_6,MACRO,False,250,0.24400000000000005,0.508,0.48211494854352005,False,False,5,0,250,0.508,250,0.24400000000000005,0.508,0.48211494854352005,False,False,5,0,250,0.508,,,compass_bearing
domain,grok_4_6,POOLED,False,250,0.244,0.508,0.34920634920634924,False,False,5,0,250,0.508,250,0.244,0.508,0.34920634920634924,False,False,5,0,250,0.508,,,compass_bearing
domain,grok_4_6,MACRO,True,250,0.18,0.78,0.6806942889137738,False,False,5,0,250,0.78,250,0.18,0.78,0.6806942889137738,False,False,5,0,250,0.78,,,coordinate_geometry
domain,grok_4_6,POOLED,True,250,0.18,0.78,0.7317073170731708,False,False,5,0,250,0.78,250,0.18,0.78,0.7317073170731708,False,False,5,0,250,0.78,,,coordinate_geometry
domain,grok_4_6,MACRO,False,250,0.18,0.78,0.6806942889137738,False,False,5,0,250,0.78,250,0.18,0.78,0.6806942889137738,False,False,5,0,250,0.78,,,coordinate_geometry
domain,grok_4_6,POOLED,False,250,0.18,0.78,0.7317073170731708,False,False,5,0,250,0.78,250,0.18,0.78,0.7317073170731708,False,False,5,0,250,0.78,,,coordinate_geometry
domain,grok_4_6,MACRO,True,200,0.5,0.995,0.99375,False,False,4,1,250,0.996,200,0.5,0.995,0.99375,False,False,4,1,250,0.996,,,cube_net
domain,grok_4_6,POOLED,True,200,0.5,0.995,0.99,False,False,4,1,250,0.996,200,0.5,0.995,0.99,False,False,4,1,250,0.996,,,cube_net
domain,grok_4_6,MACRO,False,200,0.5,0.995,0.99375,False,False,4,1,250,0.996,200,0.5,0.995,0.99375,False,False,4,1,250,0.996,,,cube_net
domain,grok_4_6,POOLED,False,200,0.5,0.995,0.99,False,False,4,1,250,0.996,200,0.5,0.995,0.99,False,False,4,1,250,0.996,,,cube_net
domain,grok_4_6,MACRO,True,250,0.348,0.33999999999999997,0.034901110870302135,False,False,5,0,250,0.34,250,0.348,0.33999999999999997,0.034901110870302135,False,False,5,0,250,0.34,,,cube_structure
domain,grok_4_6,POOLED,True,250,0.348,0.34,-0.012269938650306674,False,False,5,0,250,0.34,250,0.348,0.34,-0.012269938650306674,False,False,5,0,250,0.34,,,cube_structure
domain,grok_4_6,MACRO,False,250,0.348,0.33999999999999997,0.034901110870302135,False,False,5,0,250,0.34,250,0.348,0.33999999999999997,0.034901110870302135,False,False,5,0,250,0.34,,,cube_structure
domain,grok_4_6,POOLED,False,250,0.348,0.34,-0.012269938650306674,False,False,5,0,250,0.34,250,0.348,0.34,-0.012269938650306674,False,False,5,0,250,0.34,,,cube_structure
domain,grok_4_6,MACRO,True,250,0.22800000000000004,0.376,0.24212753865036613,False,False,5,0,250,0.376,250,0.22800000000000004,0.548,0.46652367391606653,False,False,5,0,250,0.548,,,depth_height
domain,grok_4_6,POOLED,True,250,0.228,0.376,0.19170984455958548,False,False,5,0,250,0.376,250,0.228,0.548,0.4145077720207255,False,False,5,0,250,0.548,,,depth_height
domain,grok_4_6,MACRO,False,250,0.22800000000000004,0.376,0.24212753865036613,False,False,5,0,250,0.376,250,0.22800000000000004,0.548,0.46652367391606653,False,False,5,0,250,0.548,,,depth_height
domain,grok_4_6,POOLED,False,250,0.228,0.376,0.19170984455958548,False,False,5,0,250,0.376,250,0.228,0.548,0.4145077720207255,False,False,5,0,250,0.548,,,depth_height
domain,grok_4_6,MACRO,True,250,0.376,0.40800000000000003,0.05708333333333333,False,False,5,0,250,0.408,250,0.376,0.496,0.25708333333333333,False,False,5,0,250,0.496,,,embedded_figures
domain,grok_4_6,POOLED,True,250,0.376,0.408,0.05128205128205124,False,False,5,0,250,0.408,250,0.376,0.496,0.1923076923076923,False,False,5,0,250,0.496,,,embedded_figures
domain,grok_4_6,MACRO,False,250,0.376,0.40800000000000003,0.05708333333333333,False,False,5,0,250,0.408,250,0.376,0.496,0.25708333333333333,False,False,5,0,250,0.496,,,embedded_figures
domain,grok_4_6,POOLED,False,250,0.376,0.408,0.05128205128205124,False,False,5,0,250,0.408,250,0.376,0.496,0.1923076923076923,False,False,5,0,250,0.496,,,embedded_figures
domain,grok_4_6,MACRO,True,250,0.23200000000000004,0.384,0.21515318422907156,False,False,5,0,250,0.384,250,0.23200000000000004,0.612,0.5574206260895368,False,False,5,0,250,0.612,,,fbd
domain,grok_4_6,POOLED,True,250,0.232,0.384,0.19791666666666666,False,False,5,0,250,0.384,250,0.232,0.612,0.4947916666666667,False,False,5,0,250,0.612,,,fbd
domain,grok_4_6,MACRO,False,250,0.23200000000000004,0.384,0.21515318422907156,False,False,5,0,250,0.384,250,0.23200000000000004,0.612,0.5574206260895368,False,False,5,0,250,0.612,,,fbd
domain,grok_4_6,POOLED,False,250,0.232,0.384,0.19791666666666666,False,False,5,0,250,0.384,250,0.232,0.612,0.4947916666666667,False,False,5,0,250,0.612,,,fbd
domain,grok_4_6,MACRO,True,250,0.45200000000000007,0.764,0.6621186797657386,False,False,5,0,250,0.764,250,0.45200000000000007,0.764,0.6621186797657386,False,False,5,0,250,0.764,,,fold_punch
domain,grok_4_6,POOLED,True,250,0.452,0.764,0.5693430656934306,False,False,5,0,250,0.764,250,0.452,0.764,0.5693430656934306,False,False,5,0,250,0.764,,,fold_punch
domain,grok_4_6,MACRO,False,250,0.45200000000000007,0.764,0.6621186797657386,False,False,5,0,250,0.764,250,0.45200000000000007,0.764,0.6621186797657386,False,False,5,0,250,0.764,,,fold_punch
domain,grok_4_6,POOLED,False,250,0.452,0.764,0.5693430656934306,False,False,5,0,250,0.764,250,0.452,0.764,0.5693430656934306,False,False,5,0,250,0.764,,,fold_punch
domain,grok_4_6,MACRO,True,250,0.40800000000000003,0.664,0.49112293144208036,False,False,5,0,250,0.664,250,0.45200000000000007,0.892,0.8463356973995273,False,False,5,0,250,0.892,,,gauge_reading
domain,grok_4_6,POOLED,True,250,0.408,0.664,0.43243243243243246,False,False,5,0,250,0.664,250,0.452,0.892,0.802919708029197,False,False,5,0,250,0.892,,,gauge_reading
domain,grok_4_6,MACRO,False,250,0.40800000000000003,0.664,0.49112293144208036,False,False,5,0,250,0.664,250,0.45200000000000007,0.892,0.8463356973995273,False,False,5,0,250,0.892,,,gauge_reading
domain,grok_4_6,POOLED,False,250,0.408,0.664,0.43243243243243246,False,False,5,0,250,0.664,250,0.452,0.892,0.802919708029197,False,False,5,0,250,0.892,,,gauge_reading
domain,grok_4_6,MACRO,True,200,0.29500000000000004,0.735,0.5897177419354839,False,False,4,1,250,0.588,200,0.29500000000000004,0.735,0.5897177419354839,False,False,4,1,250,0.748,,,gear_train
domain,grok_4_6,POOLED,True,200,0.295,0.735,0.6241134751773049,False,False,4,1,250,0.588,200,0.295,0.735,0.6241134751773049,False,False,4,1,250,0.748,,,gear_train
domain,grok_4_6,MACRO,False,200,0.29500000000000004,0.735,0.5897177419354839,False,False,4,1,250,0.588,200,0.29500000000000004,0.735,0.5897177419354839,False,False,4,1,250,0.748,,,gear_train
domain,grok_4_6,POOLED,False,200,0.295,0.735,0.6241134751773049,False,False,4,1,250,0.588,200,0.295,0.735,0.6241134751773049,False,False,4,1,250,0.748,,,gear_train
domain,grok_4_6,MACRO,True,250,0.316,0.196,-0.17027145827145826,False,False,5,0,250,0.196,250,0.316,0.244,-0.08455717255717257,False,False,5,0,250,0.244,,,hex_pathfinding
domain,grok_4_6,POOLED,True,250,0.316,0.196,-0.1754385964912281,False,False,5,0,250,0.196,250,0.316,0.244,-0.10526315789473686,False,False,5,0,250,0.244,,,hex_pathfinding
domain,grok_4_6,MACRO,False,250,0.316,0.196,-0.17027145827145826,False,False,5,0,250,0.196,250,0.316,0.244,-0.08455717255717257,False,False,5,0,250,0.244,,,hex_pathfinding
domain,grok_4_6,POOLED,False,250,0.316,0.196,-0.1754385964912281,False,False,5,0,250,0.196,250,0.316,0.244,-0.10526315789473686,False,False,5,0,250,0.244,,,hex_pathfinding
domain,grok_4_6,MACRO,True,250,0.4800000000000001,0.16,-0.7851275407188048,False,False,5,0,250,0.16,250,0.4800000000000001,0.16,-0.7851275407188048,False,False,5,0,250,0.16,,,impossible_object
domain,grok_4_6,POOLED,True,250,0.48,0.16,-0.6153846153846153,False,False,5,0,250,0.16,250,0.48,0.16,-0.6153846153846153,False,False,5,0,250,0.16,,,impossible_object
domain,grok_4_6,MACRO,False,250,0.4800000000000001,0.16,-0.7851275407188048,False,False,5,0,250,0.16,250,0.4800000000000001,0.16,-0.7851275407188048,False,False,5,0,250,0.16,,,impossible_object
domain,grok_4_6,POOLED,False,250,0.48,0.16,-0.6153846153846153,False,False,5,0,250,0.16,250,0.48,0.16,-0.6153846153846153,False,False,5,0,250,0.16,,,impossible_object
domain,grok_4_6,MACRO,True,250,0.35600000000000004,0.588,0.5373095503530286,False,False,5,0,250,0.588,250,0.384,0.724,0.6726495726495727,False,False,5,0,250,0.724,,,laser_mirror
domain,grok_4_6,POOLED,True,250,0.356,0.588,0.3602484472049689,False,False,5,0,250,0.588,250,0.384,0.724,0.5519480519480519,False,False,5,0,250,0.724,,,laser_mirror
domain,grok_4_6,MACRO,False,250,0.35600000000000004,0.588,0.5373095503530286,False,False,5,0,250,0.588,250,0.384,0.724,0.6726495726495727,False,False,5,0,250,0.724,,,laser_mirror
domain,grok_4_6,POOLED,False,250,0.356,0.588,0.3602484472049689,False,False,5,0,250,0.588,250,0.384,0.724,0.5519480519480519,False,False,5,0,250,0.724,,,laser_mirror
domain,grok_4_6,MACRO,True,250,0.32799999999999996,0.876,0.7973899394952026,False,False,5,0,250,0.876,250,0.32799999999999996,0.876,0.7973899394952026,False,False,5,0,250,0.876,,,line_intersection
domain,grok_4_6,POOLED,True,250,0.328,0.876,0.8154761904761906,False,False,5,0,250,0.876,250,0.328,0.876,0.8154761904761906,False,False,5,0,250,0.876,,,line_intersection
domain,grok_4_6,MACRO,False,250,0.32799999999999996,0.876,0.7973899394952026,False,False,5,0,250,0.876,250,0.32799999999999996,0.876,0.7973899394952026,False,False,5,0,250,0.876,,,line_intersection
domain,grok_4_6,POOLED,False,250,0.328,0.876,0.8154761904761906,False,False,5,0,250,0.876,250,0.328,0.876,0.8154761904761906,False,False,5,0,250,0.876,,,line_intersection
domain,grok_4_6,MACRO,True,250,0.296,0.35600000000000004,0.1121485036702428,False,False,5,0,250,0.356,250,0.296,0.35600000000000004,0.1121485036702428,False,False,5,0,250,0.356,,,nested_hexagons
domain,grok_4_6,POOLED,True,250,0.296,0.356,0.08522727272727273,False,False,5,0,250,0.356,250,0.296,0.356,0.08522727272727273,False,False,5,0,250,0.356,,,nested_hexagons
domain,grok_4_6,MACRO,False,250,0.296,0.35600000000000004,0.1121485036702428,False,False,5,0,250,0.356,250,0.296,0.35600000000000004,0.1121485036702428,False,False,5,0,250,0.356,,,nested_hexagons
domain,grok_4_6,POOLED,False,250,0.296,0.356,0.08522727272727273,False,False,5,0,250,0.356,250,0.296,0.356,0.08522727272727273,False,False,5,0,250,0.356,,,nested_hexagons
domain,grok_4_6,MACRO,True,250,0.292,0.324,0.0727340488968396,False,False,5,0,250,0.324,250,0.292,0.324,0.0727340488968396,False,False,5,0,250,0.324,,,nested_squares
domain,grok_4_6,POOLED,True,250,0.292,0.324,0.04519774011299439,False,False,5,0,250,0.324,250,0.292,0.324,0.04519774011299439,False,False,5,0,250,0.324,,,nested_squares
domain,grok_4_6,MACRO,False,250,0.292,0.324,0.0727340488968396,False,False,5,0,250,0.324,250,0.292,0.324,0.0727340488968396,False,False,5,0,250,0.324,,,nested_squares
domain,grok_4_6,POOLED,False,250,0.292,0.324,0.04519774011299439,False,False,5,0,250,0.324,250,0.292,0.324,0.04519774011299439,False,False,5,0,250,0.324,,,nested_squares
domain,grok_4_6,MACRO,True,250,0.304,0.35600000000000004,0.07663471080399495,False,False,5,0,250,0.356,250,0.304,0.35600000000000004,0.07663471080399495,False,False,5,0,250,0.356,,,nested_triangles
domain,grok_4_6,POOLED,True,250,0.304,0.356,0.07471264367816091,False,False,5,0,250,0.356,250,0.304,0.356,0.07471264367816091,False,False,5,0,250,0.356,,,nested_triangles
domain,grok_4_6,MACRO,False,250,0.304,0.35600000000000004,0.07663471080399495,False,False,5,0,250,0.356,250,0.304,0.35600000000000004,0.07663471080399495,False,False,5,0,250,0.356,,,nested_triangles
domain,grok_4_6,POOLED,False,250,0.304,0.356,0.07471264367816091,False,False,5,0,250,0.356,250,0.304,0.356,0.07471264367816091,False,False,5,0,250,0.356,,,nested_triangles
domain,grok_4_6,MACRO,True,250,0.256,0.44399999999999995,0.23751385809312642,False,False,5,0,250,0.444,250,0.256,0.44399999999999995,0.23751385809312642,False,False,5,0,250,0.444,,,occluded_pattern
domain,grok_4_6,POOLED,True,250,0.256,0.444,0.25268817204301075,False,False,5,0,250,0.444,250,0.256,0.444,0.25268817204301075,False,False,5,0,250,0.444,,,occluded_pattern
domain,grok_4_6,MACRO,False,250,0.256,0.44399999999999995,0.23751385809312642,False,False,5,0,250,0.444,250,0.256,0.44399999999999995,0.23751385809312642,False,False,5,0,250,0.444,,,occluded_pattern
domain,grok_4_6,POOLED,False,250,0.256,0.444,0.25268817204301075,False,False,5,0,250,0.444,250,0.256,0.444,0.25268817204301075,False,False,5,0,250,0.444,,,occluded_pattern
domain,grok_4_6,MACRO,True,200,0.505,0.48,-0.020833333333333315,False,False,4,1,250,0.584,200,0.505,0.535,0.09375,False,False,4,1,250,0.628,,,optical_illusion
domain,grok_4_6,POOLED,True,200,0.505,0.48,-0.05050505050505055,False,False,4,1,250,0.584,200,0.505,0.535,0.06060606060606066,False,False,4,1,250,0.628,,,optical_illusion
domain,grok_4_6,MACRO,False,200,0.505,0.48,-0.020833333333333315,False,False,4,1,250,0.584,200,0.505,0.535,0.09375,False,False,4,1,250,0.628,,,optical_illusion
domain,grok_4_6,POOLED,False,200,0.505,0.48,-0.05050505050505055,False,False,4,1,250,0.584,200,0.505,0.535,0.06060606060606066,False,False,4,1,250,0.628,,,optical_illusion
domain,grok_4_6,MACRO,True,200,0.315,0.45,0.21658116817541923,False,False,4,1,250,0.436,200,0.41000000000000003,0.52,0.2062363405892123,False,False,4,1,250,0.492,,,orthographic
domain,grok_4_6,POOLED,True,200,0.315,0.45,0.19708029197080293,False,False,4,1,250,0.436,200,0.41,0.52,0.18644067796610175,False,False,4,1,250,0.492,,,orthographic
domain,grok_4_6,MACRO,False,200,0.315,0.45,0.21658116817541923,False,False,4,1,250,0.436,200,0.41000000000000003,0.52,0.2062363405892123,False,False,4,1,250,0.492,,,orthographic
domain,grok_4_6,POOLED,False,200,0.315,0.45,0.19708029197080293,False,False,4,1,250,0.436,200,0.41,0.52,0.18644067796610175,False,False,4,1,250,0.492,,,orthographic
domain,grok_4_6,MACRO,True,250,0.24400000000000005,0.36400000000000005,0.17719264619509417,False,False,5,0,250,0.364,250,0.24400000000000005,0.36400000000000005,0.17719264619509417,False,False,5,0,250,0.364,,,overlap_circles
domain,grok_4_6,POOLED,True,250,0.244,0.364,0.15873015873015872,False,False,5,0,250,0.364,250,0.244,0.364,0.15873015873015872,False,False,5,0,250,0.364,,,overlap_circles
domain,grok_4_6,MACRO,False,250,0.24400000000000005,0.36400000000000005,0.17719264619509417,False,False,5,0,250,0.364,250,0.24400000000000005,0.36400000000000005,0.17719264619509417,False,False,5,0,250,0.364,,,overlap_circles
domain,grok_4_6,POOLED,False,250,0.244,0.364,0.15873015873015872,False,False,5,0,250,0.364,250,0.244,0.364,0.15873015873015872,False,False,5,0,250,0.364,,,overlap_circles
domain,grok_4_6,MACRO,True,250,0.384,0.556,0.32528296585091715,False,False,5,0,250,0.556,250,0.45600000000000007,0.672,0.386105476673428,False,False,5,0,250,0.672,,,physical_stability
domain,grok_4_6,POOLED,True,250,0.384,0.556,0.2792207792207793,False,False,5,0,250,0.556,250,0.456,0.672,0.3970588235294118,False,False,5,0,250,0.672,,,physical_stability
domain,grok_4_6,MACRO,False,250,0.384,0.556,0.32528296585091715,False,False,5,0,250,0.556,250,0.45600000000000007,0.672,0.386105476673428,False,False,5,0,250,0.672,,,physical_stability
domain,grok_4_6,POOLED,False,250,0.384,0.556,0.2792207792207793,False,False,5,0,250,0.556,250,0.456,0.672,0.3970588235294118,False,False,5,0,250,0.672,,,physical_stability
domain,grok_4_6,MACRO,True,200,0.44500000000000006,0.6100000000000001,0.28910774101775805,False,False,4,1,250,0.688,200,0.44500000000000006,0.6100000000000001,0.28910774101775805,False,False,4,1,250,0.688,,,polyhedron
domain,grok_4_6,POOLED,True,200,0.445,0.61,0.2972972972972973,False,False,4,1,250,0.688,200,0.445,0.61,0.2972972972972973,False,False,4,1,250,0.688,,,polyhedron
domain,grok_4_6,MACRO,False,200,0.44500000000000006,0.6100000000000001,0.28910774101775805,False,False,4,1,250,0.688,200,0.44500000000000006,0.6100000000000001,0.28910774101775805,False,False,4,1,250,0.688,,,polyhedron
domain,grok_4_6,POOLED,False,200,0.445,0.61,0.2972972972972973,False,False,4,1,250,0.688,200,0.445,0.61,0.2972972972972973,False,False,4,1,250,0.688,,,polyhedron
domain,grok_4_6,MACRO,True,250,0.304,0.752,0.5971335697399527,False,False,5,0,250,0.752,250,0.304,0.9480000000000001,0.819355791962175,False,False,5,0,250,0.948,,,projectile_motion
domain,grok_4_6,POOLED,True,250,0.304,0.752,0.6436781609195403,False,False,5,0,250,0.752,250,0.304,0.948,0.925287356321839,False,False,5,0,250,0.948,,,projectile_motion
domain,grok_4_6,MACRO,False,250,0.304,0.752,0.5971335697399527,False,False,5,0,250,0.752,250,0.304,0.9480000000000001,0.819355791962175,False,False,5,0,250,0.948,,,projectile_motion
domain,grok_4_6,POOLED,False,250,0.304,0.752,0.6436781609195403,False,False,5,0,250,0.752,250,0.304,0.948,0.925287356321839,False,False,5,0,250,0.948,,,projectile_motion
domain,grok_4_6,MACRO,True,250,0.28800000000000003,0.476,0.23391654097536452,False,False,5,0,250,0.476,250,0.28800000000000003,0.476,0.23391654097536452,False,False,5,0,250,0.476,,,rotation_matching
domain,grok_4_6,POOLED,True,250,0.288,0.476,0.26404494382022475,False,False,5,0,250,0.476,250,0.288,0.476,0.26404494382022475,False,False,5,0,250,0.476,,,rotation_matching
domain,grok_4_6,MACRO,False,250,0.28800000000000003,0.476,0.23391654097536452,False,False,5,0,250,0.476,250,0.28800000000000003,0.476,0.23391654097536452,False,False,5,0,250,0.476,,,rotation_matching
domain,grok_4_6,POOLED,False,250,0.288,0.476,0.26404494382022475,False,False,5,0,250,0.476,250,0.288,0.476,0.26404494382022475,False,False,5,0,250,0.476,,,rotation_matching
domain,grok_4_6,MACRO,True,250,0.25999999999999995,0.316,-0.008514467988152192,False,False,5,0,250,0.316,250,0.25999999999999995,0.316,-0.008514467988152192,False,False,5,0,250,0.316,,,route
domain,grok_4_6,POOLED,True,250,0.26,0.316,0.07567567567567567,False,False,5,0,250,0.316,250,0.26,0.316,0.07567567567567567,False,False,5,0,250,0.316,,,route
domain,grok_4_6,MACRO,False,250,0.25999999999999995,0.316,-0.008514467988152192,False,False,5,0,250,0.316,250,0.25999999999999995,0.316,-0.008514467988152192,False,False,5,0,250,0.316,,,route
domain,grok_4_6,POOLED,False,250,0.26,0.316,0.07567567567567567,False,False,5,0,250,0.316,250,0.26,0.316,0.07567567567567567,False,False,5,0,250,0.316,,,route
domain,grok_4_6,MACRO,True,250,0.36,0.6519999999999999,0.3701678718880259,False,False,5,0,250,0.652,250,0.36,0.6519999999999999,0.3701678718880259,False,False,5,0,250,0.652,,,rpm
domain,grok_4_6,POOLED,True,250,0.36,0.652,0.45625000000000004,False,False,5,0,250,0.652,250,0.36,0.652,0.45625000000000004,False,False,5,0,250,0.652,,,rpm
domain,grok_4_6,MACRO,False,250,0.36,0.6519999999999999,0.3701678718880259,False,False,5,0,250,0.652,250,0.36,0.6519999999999999,0.3701678718880259,False,False,5,0,250,0.652,,,rpm
domain,grok_4_6,POOLED,False,250,0.36,0.652,0.45625000000000004,False,False,5,0,250,0.652,250,0.36,0.652,0.45625000000000004,False,False,5,0,250,0.652,,,rpm
domain,grok_4_6,MACRO,True,250,0.44000000000000006,0.584,0.16858237547892718,False,False,5,0,250,0.584,250,0.44000000000000006,0.584,0.16858237547892718,False,False,5,0,250,0.584,,,shadow_inference
domain,grok_4_6,POOLED,True,250,0.44,0.584,0.25714285714285706,False,False,5,0,250,0.584,250,0.44,0.584,0.25714285714285706,False,False,5,0,250,0.584,,,shadow_inference
domain,grok_4_6,MACRO,False,250,0.44000000000000006,0.584,0.16858237547892718,False,False,5,0,250,0.584,250,0.44000000000000006,0.584,0.16858237547892718,False,False,5,0,250,0.584,,,shadow_inference
domain,grok_4_6,POOLED,False,250,0.44,0.584,0.25714285714285706,False,False,5,0,250,0.584,250,0.44,0.584,0.25714285714285706,False,False,5,0,250,0.584,,,shadow_inference
domain,grok_4_6,MACRO,True,250,0.42000000000000004,0.664,0.40508838383838386,False,False,5,0,250,0.664,250,0.42000000000000004,0.664,0.40508838383838386,False,False,5,0,250,0.664,,,surface_topology
domain,grok_4_6,POOLED,True,250,0.42,0.664,0.4206896551724138,False,False,5,0,250,0.664,250,0.42,0.664,0.4206896551724138,False,False,5,0,250,0.664,,,surface_topology
domain,grok_4_6,MACRO,False,250,0.42000000000000004,0.664,0.40508838383838386,False,False,5,0,250,0.664,250,0.42000000000000004,0.664,0.40508838383838386,False,False,5,0,250,0.664,,,surface_topology
domain,grok_4_6,POOLED,False,250,0.42,0.664,0.4206896551724138,False,False,5,0,250,0.664,250,0.42,0.664,0.4206896551724138,False,False,5,0,250,0.664,,,surface_topology
domain,grok_4_6,MACRO,True,200,0.41500000000000004,0.55,0.2451449275362319,False,False,4,1,250,0.624,200,0.41500000000000004,0.61,0.3360540184453228,False,False,4,1,250,0.672,,,symmetry_pattern
domain,grok_4_6,POOLED,True,200,0.415,0.55,0.2307692307692309,False,False,4,1,250,0.624,200,0.415,0.61,0.33333333333333337,False,False,4,1,250,0.672,,,symmetry_pattern
domain,grok_4_6,MACRO,False,200,0.41500000000000004,0.55,0.2451449275362319,False,False,4,1,250,0.624,200,0.41500000000000004,0.61,0.3360540184453228,False,False,4,1,250,0.672,,,symmetry_pattern
domain,grok_4_6,POOLED,False,200,0.415,0.55,0.2307692307692309,False,False,4,1,250,0.624,200,0.415,0.61,0.33333333333333337,False,False,4,1,250,0.672,,,symmetry_pattern
domain,inking,MACRO,True,250,0.268,0.4999999999999999,0.3334317363922627,False,False,5,0,250,0.5,250,0.268,0.5239999999999999,0.3653030814215025,False,False,5,0,250,0.524,,,angle_estimation
domain,inking,POOLED,True,250,0.268,0.5,0.3169398907103825,False,False,5,0,250,0.5,250,0.268,0.524,0.34972677595628415,False,False,5,0,250,0.524,,,angle_estimation
domain,inking,MACRO,False,250,0.268,0.4999999999999999,0.3334317363922627,False,False,5,0,250,0.5,250,0.268,0.5239999999999999,0.3653030814215025,False,False,5,0,250,0.524,,,angle_estimation
domain,inking,POOLED,False,250,0.268,0.5,0.3169398907103825,False,False,5,0,250,0.5,250,0.268,0.524,0.34972677595628415,False,False,5,0,250,0.524,,,angle_estimation
domain,inking,MACRO,True,250,0.16000000000000003,0.2,0.030952380952380953,False,False,5,0,250,0.2,250,0.16000000000000003,0.2,0.030952380952380953,False,False,5,0,250,0.2,,,clock_reading
domain,inking,POOLED,True,250,0.16,0.2,0.04761904761904763,False,False,5,0,250,0.2,250,0.16,0.2,0.04761904761904763,False,False,5,0,250,0.2,,,clock_reading
domain,inking,MACRO,False,250,0.16000000000000003,0.2,0.030952380952380953,False,False,5,0,250,0.2,250,0.16000000000000003,0.2,0.030952380952380953,False,False,5,0,250,0.2,,,clock_reading
domain,inking,POOLED,False,250,0.16,0.2,0.04761904761904763,False,False,5,0,250,0.2,250,0.16,0.2,0.04761904761904763,False,False,5,0,250,0.2,,,clock_reading
domain,inking,MACRO,True,250,0.42400000000000004,0.46399999999999997,0.1076001955034213,False,False,5,0,250,0.464,250,0.42400000000000004,0.46399999999999997,0.1076001955034213,False,False,5,0,250,0.464,,,combination
domain,inking,POOLED,True,250,0.424,0.464,0.0694444444444445,False,False,5,0,250,0.464,250,0.424,0.464,0.0694444444444445,False,False,5,0,250,0.464,,,combination
domain,inking,MACRO,False,250,0.42400000000000004,0.46399999999999997,0.1076001955034213,False,False,5,0,250,0.464,250,0.42400000000000004,0.46399999999999997,0.1076001955034213,False,False,5,0,250,0.464,,,combination
domain,inking,POOLED,False,250,0.424,0.464,0.0694444444444445,False,False,5,0,250,0.464,250,0.424,0.464,0.0694444444444445,False,False,5,0,250,0.464,,,combination
domain,inking,MACRO,True,250,0.32399999999999995,0.288,-0.0363391510450334,False,False,5,0,250,0.288,250,0.32399999999999995,0.288,-0.0363391510450334,False,False,5,0,250,0.288,,,combination3d
domain,inking,POOLED,True,250,0.324,0.288,-0.053254437869822535,False,False,5,0,250,0.288,250,0.324,0.288,-0.053254437869822535,False,False,5,0,250,0.288,,,combination3d
domain,inking,MACRO,False,250,0.32399999999999995,0.288,-0.0363391510450334,False,False,5,0,250,0.288,250,0.32399999999999995,0.288,-0.0363391510450334,False,False,5,0,250,0.288,,,combination3d
domain,inking,POOLED,False,250,0.324,0.288,-0.053254437869822535,False,False,5,0,250,0.288,250,0.324,0.288,-0.053254437869822535,False,False,5,0,250,0.288,,,combination3d
domain,inking,MACRO,True,250,0.24400000000000005,0.396,0.3363518227803942,False,False,5,0,250,0.396,250,0.24400000000000005,0.396,0.3363518227803942,False,False,5,0,250,0.396,,,compass_bearing
domain,inking,POOLED,True,250,0.244,0.396,0.20105820105820107,False,False,5,0,250,0.396,250,0.244,0.396,0.20105820105820107,False,False,5,0,250,0.396,,,compass_bearing
domain,inking,MACRO,False,250,0.24400000000000005,0.396,0.3363518227803942,False,False,5,0,250,0.396,250,0.24400000000000005,0.396,0.3363518227803942,False,False,5,0,250,0.396,,,compass_bearing
domain,inking,POOLED,False,250,0.244,0.396,0.20105820105820107,False,False,5,0,250,0.396,250,0.244,0.396,0.20105820105820107,False,False,5,0,250,0.396,,,compass_bearing
domain,inking,MACRO,True,250,0.18,0.332,0.2028319024511634,False,False,5,0,250,0.332,250,0.18,0.332,0.2028319024511634,False,False,5,0,250,0.332,,,coordinate_geometry
domain,inking,POOLED,True,250,0.18,0.332,0.1853658536585366,False,False,5,0,250,0.332,250,0.18,0.332,0.1853658536585366,False,False,5,0,250,0.332,,,coordinate_geometry
domain,inking,MACRO,False,250,0.18,0.332,0.2028319024511634,False,False,5,0,250,0.332,250,0.18,0.332,0.2028319024511634,False,False,5,0,250,0.332,,,coordinate_geometry
domain,inking,POOLED,False,250,0.18,0.332,0.1853658536585366,False,False,5,0,250,0.332,250,0.18,0.332,0.1853658536585366,False,False,5,0,250,0.332,,,coordinate_geometry
domain,inking,MACRO,True,200,0.5,0.47,-0.9565605590062112,False,False,4,1,250,0.576,200,0.5,0.47,-0.9565605590062112,False,False,4,1,250,0.576,,,cube_net
domain,inking,POOLED,True,200,0.5,0.47,-0.06000000000000005,False,False,4,1,250,0.576,200,0.5,0.47,-0.06000000000000005,False,False,4,1,250,0.576,,,cube_net
domain,inking,MACRO,False,200,0.5,0.47,-0.9565605590062112,False,False,4,1,250,0.576,200,0.5,0.47,-0.9565605590062112,False,False,4,1,250,0.576,,,cube_net
domain,inking,POOLED,False,200,0.5,0.47,-0.06000000000000005,False,False,4,1,250,0.576,200,0.5,0.47,-0.06000000000000005,False,False,4,1,250,0.576,,,cube_net
domain,inking,MACRO,True,250,0.348,0.28,-0.08034832091314761,False,False,5,0,250,0.28,250,0.348,0.28,-0.08034832091314761,False,False,5,0,250,0.28,,,cube_structure
domain,inking,POOLED,True,250,0.348,0.28,-0.10429447852760729,False,False,5,0,250,0.28,250,0.348,0.28,-0.10429447852760729,False,False,5,0,250,0.28,,,cube_structure
domain,inking,MACRO,False,250,0.348,0.28,-0.08034832091314761,False,False,5,0,250,0.28,250,0.348,0.28,-0.08034832091314761,False,False,5,0,250,0.28,,,cube_structure
domain,inking,POOLED,False,250,0.348,0.28,-0.10429447852760729,False,False,5,0,250,0.28,250,0.348,0.28,-0.10429447852760729,False,False,5,0,250,0.28,,,cube_structure
domain,inking,MACRO,True,250,0.22800000000000004,0.364,0.22044209851686586,False,False,5,0,250,0.364,250,0.22800000000000004,0.528,0.4421812289516486,False,False,5,0,250,0.528,,,depth_height
domain,inking,POOLED,True,250,0.228,0.364,0.17616580310880825,False,False,5,0,250,0.364,250,0.228,0.528,0.3886010362694301,False,False,5,0,250,0.528,,,depth_height
domain,inking,MACRO,False,250,0.22800000000000004,0.364,0.22044209851686586,False,False,5,0,250,0.364,250,0.22800000000000004,0.528,0.4421812289516486,False,False,5,0,250,0.528,,,depth_height
domain,inking,POOLED,False,250,0.228,0.364,0.17616580310880825,False,False,5,0,250,0.364,250,0.228,0.528,0.3886010362694301,False,False,5,0,250,0.528,,,depth_height
domain,inking,MACRO,True,250,0.376,0.24000000000000005,-0.2013888888888889,False,False,5,0,250,0.24,250,0.376,0.316,-0.028661616161616155,False,False,5,0,250,0.316,,,embedded_figures
domain,inking,POOLED,True,250,0.376,0.24,-0.21794871794871795,False,False,5,0,250,0.24,250,0.376,0.316,-0.09615384615384615,False,False,5,0,250,0.316,,,embedded_figures
domain,inking,MACRO,False,250,0.376,0.24000000000000005,-0.2013888888888889,False,False,5,0,250,0.24,250,0.376,0.316,-0.028661616161616155,False,False,5,0,250,0.316,,,embedded_figures
domain,inking,POOLED,False,250,0.376,0.24,-0.21794871794871795,False,False,5,0,250,0.24,250,0.376,0.316,-0.09615384615384615,False,False,5,0,250,0.316,,,embedded_figures
domain,inking,MACRO,True,250,0.23200000000000004,0.292,0.08092670894996475,False,False,5,0,250,0.292,250,0.23200000000000004,0.364,0.18891120507399575,False,False,5,0,250,0.364,,,fbd
domain,inking,POOLED,True,250,0.232,0.292,0.07812499999999996,False,False,5,0,250,0.292,250,0.232,0.364,0.17187499999999997,False,False,5,0,250,0.364,,,fbd
domain,inking,MACRO,False,250,0.23200000000000004,0.292,0.08092670894996475,False,False,5,0,250,0.292,250,0.23200000000000004,0.364,0.18891120507399575,False,False,5,0,250,0.364,,,fbd
domain,inking,POOLED,False,250,0.232,0.292,0.07812499999999996,False,False,5,0,250,0.292,250,0.232,0.364,0.17187499999999997,False,False,5,0,250,0.364,,,fbd
domain,inking,MACRO,True,250,0.45200000000000007,0.596,0.31220595338242396,False,False,5,0,250,0.596,250,0.45200000000000007,0.596,0.31220595338242396,False,False,5,0,250,0.596,,,fold_punch
domain,inking,POOLED,True,250,0.452,0.596,0.2627737226277371,False,False,5,0,250,0.596,250,0.452,0.596,0.2627737226277371,False,False,5,0,250,0.596,,,fold_punch
domain,inking,MACRO,False,250,0.45200000000000007,0.596,0.31220595338242396,False,False,5,0,250,0.596,250,0.45200000000000007,0.596,0.31220595338242396,False,False,5,0,250,0.596,,,fold_punch
domain,inking,POOLED,False,250,0.452,0.596,0.2627737226277371,False,False,5,0,250,0.596,250,0.452,0.596,0.2627737226277371,False,False,5,0,250,0.596,,,fold_punch
domain,inking,MACRO,True,250,0.40800000000000003,0.4840000000000001,0.07217848699763593,False,False,5,0,250,0.484,250,0.45200000000000007,0.628,0.29669976359338057,False,False,5,0,250,0.628,,,gauge_reading
domain,inking,POOLED,True,250,0.408,0.484,0.12837837837837837,False,False,5,0,250,0.484,250,0.452,0.628,0.3211678832116788,False,False,5,0,250,0.628,,,gauge_reading
domain,inking,MACRO,False,250,0.40800000000000003,0.4840000000000001,0.07217848699763593,False,False,5,0,250,0.484,250,0.45200000000000007,0.628,0.29669976359338057,False,False,5,0,250,0.628,,,gauge_reading
domain,inking,POOLED,False,250,0.408,0.484,0.12837837837837837,False,False,5,0,250,0.484,250,0.452,0.628,0.3211678832116788,False,False,5,0,250,0.628,,,gauge_reading
domain,inking,MACRO,True,200,0.29500000000000004,0.4,0.19350038402457756,False,False,4,1,250,0.32,200,0.29500000000000004,0.4,0.19350038402457756,False,False,4,1,250,0.52,,,gear_train
domain,inking,POOLED,True,200,0.295,0.4,0.148936170212766,False,False,4,1,250,0.32,200,0.295,0.4,0.148936170212766,False,False,4,1,250,0.52,,,gear_train
domain,inking,MACRO,False,200,0.29500000000000004,0.4,0.19350038402457756,False,False,4,1,250,0.32,200,0.29500000000000004,0.4,0.19350038402457756,False,False,4,1,250,0.52,,,gear_train
domain,inking,POOLED,False,200,0.295,0.4,0.148936170212766,False,False,4,1,250,0.32,200,0.295,0.4,0.148936170212766,False,False,4,1,250,0.52,,,gear_train
domain,inking,MACRO,True,250,0.316,0.152,-0.26033224433224433,False,False,5,0,250,0.152,250,0.316,0.2,-0.17461795861795865,False,False,5,0,250,0.2,,,hex_pathfinding
domain,inking,POOLED,True,250,0.316,0.152,-0.23976608187134507,False,False,5,0,250,0.152,250,0.316,0.2,-0.1695906432748538,False,False,5,0,250,0.2,,,hex_pathfinding
domain,inking,MACRO,False,250,0.316,0.152,-0.26033224433224433,False,False,5,0,250,0.152,250,0.316,0.2,-0.17461795861795865,False,False,5,0,250,0.2,,,hex_pathfinding
domain,inking,POOLED,False,250,0.316,0.152,-0.23976608187134507,False,False,5,0,250,0.152,250,0.316,0.2,-0.1695906432748538,False,False,5,0,250,0.2,,,hex_pathfinding
domain,inking,MACRO,True,250,0.4800000000000001,0.2,-0.7067892717727824,False,False,5,0,250,0.2,250,0.4800000000000001,0.2,-0.7067892717727824,False,False,5,0,250,0.2,,,impossible_object
domain,inking,POOLED,True,250,0.48,0.2,-0.5384615384615384,False,False,5,0,250,0.2,250,0.48,0.2,-0.5384615384615384,False,False,5,0,250,0.2,,,impossible_object
domain,inking,MACRO,False,250,0.4800000000000001,0.2,-0.7067892717727824,False,False,5,0,250,0.2,250,0.4800000000000001,0.2,-0.7067892717727824,False,False,5,0,250,0.2,,,impossible_object
domain,inking,POOLED,False,250,0.48,0.2,-0.5384615384615384,False,False,5,0,250,0.2,250,0.48,0.2,-0.5384615384615384,False,False,5,0,250,0.2,,,impossible_object
domain,inking,MACRO,True,250,0.35600000000000004,0.336,-0.043459680416202164,False,False,5,0,250,0.336,250,0.384,0.35200000000000004,-0.06196581196581197,False,False,5,0,250,0.352,,,laser_mirror
domain,inking,POOLED,True,250,0.356,0.336,-0.031055900621117953,False,False,5,0,250,0.336,250,0.384,0.352,-0.05194805194805199,False,False,5,0,250,0.352,,,laser_mirror
domain,inking,MACRO,False,250,0.35600000000000004,0.336,-0.043459680416202164,False,False,5,0,250,0.336,250,0.384,0.35200000000000004,-0.06196581196581197,False,False,5,0,250,0.352,,,laser_mirror
domain,inking,POOLED,False,250,0.356,0.336,-0.031055900621117953,False,False,5,0,250,0.336,250,0.384,0.352,-0.05194805194805199,False,False,5,0,250,0.352,,,laser_mirror
domain,inking,MACRO,True,250,0.32799999999999996,0.5,0.21969013442697655,False,False,5,0,250,0.5,250,0.32799999999999996,0.5,0.21969013442697655,False,False,5,0,250,0.5,,,line_intersection
domain,inking,POOLED,True,250,0.328,0.5,0.25595238095238093,False,False,5,0,250,0.5,250,0.328,0.5,0.25595238095238093,False,False,5,0,250,0.5,,,line_intersection
domain,inking,MACRO,False,250,0.32799999999999996,0.5,0.21969013442697655,False,False,5,0,250,0.5,250,0.32799999999999996,0.5,0.21969013442697655,False,False,5,0,250,0.5,,,line_intersection
domain,inking,POOLED,False,250,0.328,0.5,0.25595238095238093,False,False,5,0,250,0.5,250,0.328,0.5,0.25595238095238093,False,False,5,0,250,0.5,,,line_intersection
domain,inking,MACRO,True,250,0.296,0.292,-0.0034820252211556573,False,False,5,0,250,0.292,250,0.296,0.292,-0.0034820252211556573,False,False,5,0,250,0.292,,,nested_hexagons
domain,inking,POOLED,True,250,0.296,0.292,-0.005681818181818187,False,False,5,0,250,0.292,250,0.296,0.292,-0.005681818181818187,False,False,5,0,250,0.292,,,nested_hexagons
domain,inking,MACRO,False,250,0.296,0.292,-0.0034820252211556573,False,False,5,0,250,0.292,250,0.296,0.292,-0.0034820252211556573,False,False,5,0,250,0.292,,,nested_hexagons
domain,inking,POOLED,False,250,0.296,0.292,-0.005681818181818187,False,False,5,0,250,0.292,250,0.296,0.292,-0.005681818181818187,False,False,5,0,250,0.292,,,nested_hexagons
domain,inking,MACRO,True,250,0.292,0.296,0.031218043872670298,False,False,5,0,250,0.296,250,0.292,0.296,0.031218043872670298,False,False,5,0,250,0.296,,,nested_squares
domain,inking,POOLED,True,250,0.292,0.296,0.005649717514124299,False,False,5,0,250,0.296,250,0.292,0.296,0.005649717514124299,False,False,5,0,250,0.296,,,nested_squares
domain,inking,MACRO,False,250,0.292,0.296,0.031218043872670298,False,False,5,0,250,0.296,250,0.292,0.296,0.031218043872670298,False,False,5,0,250,0.296,,,nested_squares
domain,inking,POOLED,False,250,0.292,0.296,0.005649717514124299,False,False,5,0,250,0.296,250,0.292,0.296,0.005649717514124299,False,False,5,0,250,0.296,,,nested_squares
domain,inking,MACRO,True,250,0.304,0.256,-0.07303087963181373,False,False,5,0,250,0.256,250,0.304,0.256,-0.07303087963181373,False,False,5,0,250,0.256,,,nested_triangles
domain,inking,POOLED,True,250,0.304,0.256,-0.0689655172413793,False,False,5,0,250,0.256,250,0.304,0.256,-0.0689655172413793,False,False,5,0,250,0.256,,,nested_triangles
domain,inking,MACRO,False,250,0.304,0.256,-0.07303087963181373,False,False,5,0,250,0.256,250,0.304,0.256,-0.07303087963181373,False,False,5,0,250,0.256,,,nested_triangles
domain,inking,POOLED,False,250,0.304,0.256,-0.0689655172413793,False,False,5,0,250,0.256,250,0.304,0.256,-0.0689655172413793,False,False,5,0,250,0.256,,,nested_triangles
domain,inking,MACRO,True,250,0.256,0.34,0.11336751662971176,False,False,5,0,250,0.34,250,0.256,0.34,0.11336751662971176,False,False,5,0,250,0.34,,,occluded_pattern
domain,inking,POOLED,True,250,0.256,0.34,0.11290322580645164,False,False,5,0,250,0.34,250,0.256,0.34,0.11290322580645164,False,False,5,0,250,0.34,,,occluded_pattern
domain,inking,MACRO,False,250,0.256,0.34,0.11336751662971176,False,False,5,0,250,0.34,250,0.256,0.34,0.11336751662971176,False,False,5,0,250,0.34,,,occluded_pattern
domain,inking,POOLED,False,250,0.256,0.34,0.11290322580645164,False,False,5,0,250,0.34,250,0.256,0.34,0.11290322580645164,False,False,5,0,250,0.34,,,occluded_pattern
domain,inking,MACRO,True,200,0.505,0.35,-0.33300264550264547,False,False,4,1,250,0.48,200,0.505,0.38,-0.2705026455026455,False,False,4,1,250,0.504,,,optical_illusion
domain,inking,POOLED,True,200,0.505,0.35,-0.3131313131313132,False,False,4,1,250,0.48,200,0.505,0.38,-0.25252525252525254,False,False,4,1,250,0.504,,,optical_illusion
domain,inking,MACRO,False,200,0.505,0.35,-0.33300264550264547,False,False,4,1,250,0.48,200,0.505,0.38,-0.2705026455026455,False,False,4,1,250,0.504,,,optical_illusion
domain,inking,POOLED,False,200,0.505,0.35,-0.3131313131313132,False,False,4,1,250,0.48,200,0.505,0.38,-0.25252525252525254,False,False,4,1,250,0.504,,,optical_illusion
domain,inking,MACRO,True,200,0.315,0.495,0.27125818811024593,False,False,4,1,250,0.42,200,0.41000000000000003,0.56,0.21953405017921146,False,False,4,1,250,0.472,,,orthographic
domain,inking,POOLED,True,200,0.315,0.495,0.2627737226277372,False,False,4,1,250,0.42,200,0.41,0.56,0.2542372881355933,False,False,4,1,250,0.472,,,orthographic
domain,inking,MACRO,False,200,0.315,0.495,0.27125818811024593,False,False,4,1,250,0.42,200,0.41000000000000003,0.56,0.21953405017921146,False,False,4,1,250,0.472,,,orthographic
domain,inking,POOLED,False,200,0.315,0.495,0.2627737226277372,False,False,4,1,250,0.42,200,0.41,0.56,0.2542372881355933,False,False,4,1,250,0.472,,,orthographic
domain,inking,MACRO,True,250,0.24400000000000005,0.324,0.11927851829932612,False,False,5,0,250,0.324,250,0.24400000000000005,0.324,0.11927851829932612,False,False,5,0,250,0.324,,,overlap_circles
domain,inking,POOLED,True,250,0.244,0.324,0.10582010582010584,False,False,5,0,250,0.324,250,0.244,0.324,0.10582010582010584,False,False,5,0,250,0.324,,,overlap_circles
domain,inking,MACRO,False,250,0.24400000000000005,0.324,0.11927851829932612,False,False,5,0,250,0.324,250,0.24400000000000005,0.324,0.11927851829932612,False,False,5,0,250,0.324,,,overlap_circles
domain,inking,POOLED,False,250,0.244,0.324,0.10582010582010584,False,False,5,0,250,0.324,250,0.244,0.324,0.10582010582010584,False,False,5,0,250,0.324,,,overlap_circles
domain,inking,MACRO,True,250,0.384,0.5360000000000001,0.25406777130915065,False,False,5,0,250,0.536,250,0.45600000000000007,0.6360000000000001,0.28382967607105536,False,False,5,0,250,0.636,,,physical_stability
domain,inking,POOLED,True,250,0.384,0.536,0.2467532467532468,False,False,5,0,250,0.536,250,0.456,0.636,0.33088235294117646,False,False,5,0,250,0.636,,,physical_stability
domain,inking,MACRO,False,250,0.384,0.5360000000000001,0.25406777130915065,False,False,5,0,250,0.536,250,0.45600000000000007,0.6360000000000001,0.28382967607105536,False,False,5,0,250,0.636,,,physical_stability
domain,inking,POOLED,False,250,0.384,0.536,0.2467532467532468,False,False,5,0,250,0.536,250,0.456,0.636,0.33088235294117646,False,False,5,0,250,0.636,,,physical_stability
domain,inking,MACRO,True,200,0.44500000000000006,0.575,0.10999862341118706,False,False,4,1,250,0.66,200,0.44500000000000006,0.575,0.10999862341118706,False,False,4,1,250,0.66,,,polyhedron
domain,inking,POOLED,True,200,0.445,0.575,0.23423423423423417,False,False,4,1,250,0.66,200,0.445,0.575,0.23423423423423417,False,False,4,1,250,0.66,,,polyhedron
domain,inking,MACRO,False,200,0.44500000000000006,0.575,0.10999862341118706,False,False,4,1,250,0.66,200,0.44500000000000006,0.575,0.10999862341118706,False,False,4,1,250,0.66,,,polyhedron
domain,inking,POOLED,False,200,0.445,0.575,0.23423423423423417,False,False,4,1,250,0.66,200,0.445,0.575,0.23423423423423417,False,False,4,1,250,0.66,,,polyhedron
domain,inking,MACRO,True,250,0.304,0.472,0.17907801418439717,False,False,5,0,250,0.472,250,0.304,0.476,0.18324468085106382,False,False,5,0,250,0.476,,,projectile_motion
domain,inking,POOLED,True,250,0.304,0.472,0.24137931034482757,False,False,5,0,250,0.472,250,0.304,0.476,0.2471264367816092,False,False,5,0,250,0.476,,,projectile_motion
domain,inking,MACRO,False,250,0.304,0.472,0.17907801418439717,False,False,5,0,250,0.472,250,0.304,0.476,0.18324468085106382,False,False,5,0,250,0.476,,,projectile_motion
domain,inking,POOLED,False,250,0.304,0.472,0.24137931034482757,False,False,5,0,250,0.472,250,0.304,0.476,0.2471264367816092,False,False,5,0,250,0.476,,,projectile_motion
domain,inking,MACRO,True,250,0.28800000000000003,0.42000000000000004,0.1632780291603821,False,False,5,0,250,0.42,250,0.28800000000000003,0.42000000000000004,0.1632780291603821,False,False,5,0,250,0.42,,,rotation_matching
domain,inking,POOLED,True,250,0.288,0.42,0.1853932584269663,False,False,5,0,250,0.42,250,0.288,0.42,0.1853932584269663,False,False,5,0,250,0.42,,,rotation_matching
domain,inking,MACRO,False,250,0.28800000000000003,0.42000000000000004,0.1632780291603821,False,False,5,0,250,0.42,250,0.28800000000000003,0.42000000000000004,0.1632780291603821,False,False,5,0,250,0.42,,,rotation_matching
domain,inking,POOLED,False,250,0.288,0.42,0.1853932584269663,False,False,5,0,250,0.42,250,0.288,0.42,0.1853932584269663,False,False,5,0,250,0.42,,,rotation_matching
domain,inking,MACRO,True,250,0.25999999999999995,0.23199999999999998,-0.14366671029604958,False,False,5,0,250,0.232,250,0.25999999999999995,0.23199999999999998,-0.14366671029604958,False,False,5,0,250,0.232,,,route
domain,inking,POOLED,True,250,0.26,0.232,-0.03783783783783783,False,False,5,0,250,0.232,250,0.26,0.232,-0.03783783783783783,False,False,5,0,250,0.232,,,route
domain,inking,MACRO,False,250,0.25999999999999995,0.23199999999999998,-0.14366671029604958,False,False,5,0,250,0.232,250,0.25999999999999995,0.23199999999999998,-0.14366671029604958,False,False,5,0,250,0.232,,,route
domain,inking,POOLED,False,250,0.26,0.232,-0.03783783783783783,False,False,5,0,250,0.232,250,0.26,0.232,-0.03783783783783783,False,False,5,0,250,0.232,,,route
domain,inking,MACRO,True,250,0.36,0.36800000000000005,-0.06838249215656149,False,False,5,0,250,0.368,250,0.36,0.36800000000000005,-0.06838249215656149,False,False,5,0,250,0.368,,,rpm
domain,inking,POOLED,True,250,0.36,0.368,0.012500000000000011,False,False,5,0,250,0.368,250,0.36,0.368,0.012500000000000011,False,False,5,0,250,0.368,,,rpm
domain,inking,MACRO,False,250,0.36,0.36800000000000005,-0.06838249215656149,False,False,5,0,250,0.368,250,0.36,0.36800000000000005,-0.06838249215656149,False,False,5,0,250,0.368,,,rpm
domain,inking,POOLED,False,250,0.36,0.368,0.012500000000000011,False,False,5,0,250,0.368,250,0.36,0.368,0.012500000000000011,False,False,5,0,250,0.368,,,rpm
domain,inking,MACRO,True,250,0.44000000000000006,0.536,0.09228607918263092,False,False,5,0,250,0.536,250,0.44000000000000006,0.536,0.09228607918263092,False,False,5,0,250,0.536,,,shadow_inference
domain,inking,POOLED,True,250,0.44,0.536,0.17142857142857146,False,False,5,0,250,0.536,250,0.44,0.536,0.17142857142857146,False,False,5,0,250,0.536,,,shadow_inference
domain,inking,MACRO,False,250,0.44000000000000006,0.536,0.09228607918263092,False,False,5,0,250,0.536,250,0.44000000000000006,0.536,0.09228607918263092,False,False,5,0,250,0.536,,,shadow_inference
domain,inking,POOLED,False,250,0.44,0.536,0.17142857142857146,False,False,5,0,250,0.536,250,0.44,0.536,0.17142857142857146,False,False,5,0,250,0.536,,,shadow_inference
domain,inking,MACRO,True,250,0.42000000000000004,0.484,0.13535353535353534,False,False,5,0,250,0.484,250,0.42000000000000004,0.484,0.13535353535353534,False,False,5,0,250,0.484,,,surface_topology
domain,inking,POOLED,True,250,0.42,0.484,0.11034482758620688,False,False,5,0,250,0.484,250,0.42,0.484,0.11034482758620688,False,False,5,0,250,0.484,,,surface_topology
domain,inking,MACRO,False,250,0.42000000000000004,0.484,0.13535353535353534,False,False,5,0,250,0.484,250,0.42000000000000004,0.484,0.13535353535353534,False,False,5,0,250,0.484,,,surface_topology
domain,inking,POOLED,False,250,0.42,0.484,0.11034482758620688,False,False,5,0,250,0.484,250,0.42,0.484,0.11034482758620688,False,False,5,0,250,0.484,,,surface_topology
domain,inking,MACRO,True,200,0.41500000000000004,0.30000000000000004,-0.22385265700483092,False,False,4,1,250,0.44,200,0.41500000000000004,0.35500000000000004,-0.1405193236714976,False,False,4,1,250,0.484,,,symmetry_pattern
domain,inking,POOLED,True,200,0.415,0.3,-0.19658119658119658,False,False,4,1,250,0.44,200,0.415,0.355,-0.10256410256410256,False,False,4,1,250,0.484,,,symmetry_pattern
domain,inking,MACRO,False,200,0.41500000000000004,0.30000000000000004,-0.22385265700483092,False,False,4,1,250,0.44,200,0.41500000000000004,0.35500000000000004,-0.1405193236714976,False,False,4,1,250,0.484,,,symmetry_pattern
domain,inking,POOLED,False,200,0.415,0.3,-0.19658119658119658,False,False,4,1,250,0.44,200,0.415,0.355,-0.10256410256410256,False,False,4,1,250,0.484,,,symmetry_pattern
domain,muse_glimmer_30b,MACRO,True,250,0.268,0.5720000000000001,0.4255398110661269,False,False,5,0,250,0.572,250,0.268,0.632,0.5062415654520918,False,False,5,0,250,0.632,,,angle_estimation
domain,muse_glimmer_30b,POOLED,True,250,0.268,0.572,0.41530054644808734,False,False,5,0,250,0.572,250,0.268,0.632,0.4972677595628415,False,False,5,0,250,0.632,,,angle_estimation
domain,muse_glimmer_30b,MACRO,False,250,0.268,0.5720000000000001,0.4255398110661269,False,False,5,0,250,0.572,250,0.268,0.632,0.5062415654520918,False,False,5,0,250,0.632,,,angle_estimation
domain,muse_glimmer_30b,POOLED,False,250,0.268,0.572,0.41530054644808734,False,False,5,0,250,0.572,250,0.268,0.632,0.4972677595628415,False,False,5,0,250,0.632,,,angle_estimation
domain,muse_glimmer_30b,MACRO,True,250,0.16000000000000003,0.268,0.1583333333333333,False,False,5,0,250,0.268,250,0.16000000000000003,0.268,0.1583333333333333,False,False,5,0,250,0.268,,,clock_reading
domain,muse_glimmer_30b,POOLED,True,250,0.16,0.268,0.1285714285714286,False,False,5,0,250,0.268,250,0.16,0.268,0.1285714285714286,False,False,5,0,250,0.268,,,clock_reading
domain,muse_glimmer_30b,MACRO,False,250,0.16000000000000003,0.268,0.1583333333333333,False,False,5,0,250,0.268,250,0.16000000000000003,0.268,0.1583333333333333,False,False,5,0,250,0.268,,,clock_reading
domain,muse_glimmer_30b,POOLED,False,250,0.16,0.268,0.1285714285714286,False,False,5,0,250,0.268,250,0.16,0.268,0.1285714285714286,False,False,5,0,250,0.268,,,clock_reading
domain,muse_glimmer_30b,MACRO,True,250,0.42400000000000004,0.45999999999999996,0.058137829912023466,False,False,5,0,250,0.46,250,0.42400000000000004,0.45999999999999996,0.058137829912023466,False,False,5,0,250,0.46,,,combination
domain,muse_glimmer_30b,POOLED,True,250,0.424,0.46,0.06250000000000004,False,False,5,0,250,0.46,250,0.424,0.46,0.06250000000000004,False,False,5,0,250,0.46,,,combination
domain,muse_glimmer_30b,MACRO,False,250,0.42400000000000004,0.45999999999999996,0.058137829912023466,False,False,5,0,250,0.46,250,0.42400000000000004,0.45999999999999996,0.058137829912023466,False,False,5,0,250,0.46,,,combination
domain,muse_glimmer_30b,POOLED,False,250,0.424,0.46,0.06250000000000004,False,False,5,0,250,0.46,250,0.424,0.46,0.06250000000000004,False,False,5,0,250,0.46,,,combination
domain,muse_glimmer_30b,MACRO,True,250,0.32399999999999995,0.308,-0.020757639925996923,False,False,5,0,250,0.308,250,0.32399999999999995,0.308,-0.020757639925996923,False,False,5,0,250,0.308,,,combination3d
domain,muse_glimmer_30b,POOLED,True,250,0.324,0.308,-0.02366863905325446,False,False,5,0,250,0.308,250,0.324,0.308,-0.02366863905325446,False,False,5,0,250,0.308,,,combination3d
domain,muse_glimmer_30b,MACRO,False,250,0.32399999999999995,0.308,-0.020757639925996923,False,False,5,0,250,0.308,250,0.32399999999999995,0.308,-0.020757639925996923,False,False,5,0,250,0.308,,,combination3d
domain,muse_glimmer_30b,POOLED,False,250,0.324,0.308,-0.02366863905325446,False,False,5,0,250,0.308,250,0.324,0.308,-0.02366863905325446,False,False,5,0,250,0.308,,,combination3d
domain,muse_glimmer_30b,MACRO,True,250,0.24400000000000005,0.43200000000000005,0.38284754927612064,False,False,5,0,250,0.432,250,0.24400000000000005,0.43200000000000005,0.38284754927612064,False,False,5,0,250,0.432,,,compass_bearing
domain,muse_glimmer_30b,POOLED,True,250,0.244,0.432,0.24867724867724866,False,False,5,0,250,0.432,250,0.244,0.432,0.24867724867724866,False,False,5,0,250,0.432,,,compass_bearing
domain,muse_glimmer_30b,MACRO,False,250,0.24400000000000005,0.43200000000000005,0.38284754927612064,False,False,5,0,250,0.432,250,0.24400000000000005,0.43200000000000005,0.38284754927612064,False,False,5,0,250,0.432,,,compass_bearing
domain,muse_glimmer_30b,POOLED,False,250,0.244,0.432,0.24867724867724866,False,False,5,0,250,0.432,250,0.244,0.432,0.24867724867724866,False,False,5,0,250,0.432,,,compass_bearing
domain,muse_glimmer_30b,MACRO,True,250,0.18,0.54,0.39119571979594375,False,False,5,0,250,0.54,250,0.18,0.54,0.39119571979594375,False,False,5,0,250,0.54,,,coordinate_geometry
domain,muse_glimmer_30b,POOLED,True,250,0.18,0.54,0.43902439024390244,False,False,5,0,250,0.54,250,0.18,0.54,0.43902439024390244,False,False,5,0,250,0.54,,,coordinate_geometry
domain,muse_glimmer_30b,MACRO,False,250,0.18,0.54,0.39119571979594375,False,False,5,0,250,0.54,250,0.18,0.54,0.39119571979594375,False,False,5,0,250,0.54,,,coordinate_geometry
domain,muse_glimmer_30b,POOLED,False,250,0.18,0.54,0.43902439024390244,False,False,5,0,250,0.54,250,0.18,0.54,0.43902439024390244,False,False,5,0,250,0.54,,,coordinate_geometry
domain,muse_glimmer_30b,MACRO,True,200,0.5,0.46499999999999997,-1.0493918219461698,False,False,4,1,250,0.572,200,0.5,0.46499999999999997,-1.0493918219461698,False,False,4,1,250,0.572,,,cube_net
domain,muse_glimmer_30b,POOLED,True,200,0.5,0.465,-0.06999999999999995,False,False,4,1,250,0.572,200,0.5,0.465,-0.06999999999999995,False,False,4,1,250,0.572,,,cube_net
domain,muse_glimmer_30b,MACRO,False,200,0.5,0.46499999999999997,-1.0493918219461698,False,False,4,1,250,0.572,200,0.5,0.46499999999999997,-1.0493918219461698,False,False,4,1,250,0.572,,,cube_net
domain,muse_glimmer_30b,POOLED,False,200,0.5,0.465,-0.06999999999999995,False,False,4,1,250,0.572,200,0.5,0.465,-0.06999999999999995,False,False,4,1,250,0.572,,,cube_net
domain,muse_glimmer_30b,MACRO,True,250,0.348,0.124,-0.3649961933658981,False,False,5,0,250,0.124,250,0.348,0.124,-0.3649961933658981,False,False,5,0,250,0.124,,,cube_structure
domain,muse_glimmer_30b,POOLED,True,250,0.348,0.124,-0.3435582822085889,False,False,5,0,250,0.124,250,0.348,0.124,-0.3435582822085889,False,False,5,0,250,0.124,,,cube_structure
domain,muse_glimmer_30b,MACRO,False,250,0.348,0.124,-0.3649961933658981,False,False,5,0,250,0.124,250,0.348,0.124,-0.3649961933658981,False,False,5,0,250,0.124,,,cube_structure
domain,muse_glimmer_30b,POOLED,False,250,0.348,0.124,-0.3435582822085889,False,False,5,0,250,0.124,250,0.348,0.124,-0.3435582822085889,False,False,5,0,250,0.124,,,cube_structure
domain,muse_glimmer_30b,MACRO,True,250,0.22800000000000004,0.45199999999999996,0.33826854824569363,False,False,5,0,250,0.452,250,0.22800000000000004,0.6359999999999999,0.5793313501780607,False,False,5,0,250,0.636,,,depth_height
domain,muse_glimmer_30b,POOLED,True,250,0.228,0.452,0.29015544041450775,False,False,5,0,250,0.452,250,0.228,0.636,0.5284974093264249,False,False,5,0,250,0.636,,,depth_height
domain,muse_glimmer_30b,MACRO,False,250,0.22800000000000004,0.45199999999999996,0.33826854824569363,False,False,5,0,250,0.452,250,0.22800000000000004,0.6359999999999999,0.5793313501780607,False,False,5,0,250,0.636,,,depth_height
domain,muse_glimmer_30b,POOLED,False,250,0.228,0.452,0.29015544041450775,False,False,5,0,250,0.452,250,0.228,0.636,0.5284974093264249,False,False,5,0,250,0.636,,,depth_height
domain,muse_glimmer_30b,MACRO,True,250,0.376,0.356,-0.027916666666666666,False,False,5,0,250,0.356,250,0.376,0.42800000000000005,0.135719696969697,False,False,5,0,250,0.428,,,embedded_figures
domain,muse_glimmer_30b,POOLED,True,250,0.376,0.356,-0.03205128205128208,False,False,5,0,250,0.356,250,0.376,0.428,0.08333333333333331,False,False,5,0,250,0.428,,,embedded_figures
domain,muse_glimmer_30b,MACRO,False,250,0.376,0.356,-0.027916666666666666,False,False,5,0,250,0.356,250,0.376,0.42800000000000005,0.135719696969697,False,False,5,0,250,0.428,,,embedded_figures
domain,muse_glimmer_30b,POOLED,False,250,0.376,0.356,-0.03205128205128208,False,False,5,0,250,0.356,250,0.376,0.428,0.08333333333333331,False,False,5,0,250,0.428,,,embedded_figures
domain,muse_glimmer_30b,MACRO,True,250,0.23200000000000004,0.36,0.18076721931679088,False,False,5,0,250,0.36,250,0.23200000000000004,0.508,0.4159028782315196,False,False,5,0,250,0.508,,,fbd
domain,muse_glimmer_30b,POOLED,True,250,0.232,0.36,0.16666666666666663,False,False,5,0,250,0.36,250,0.232,0.508,0.359375,False,False,5,0,250,0.508,,,fbd
domain,muse_glimmer_30b,MACRO,False,250,0.23200000000000004,0.36,0.18076721931679088,False,False,5,0,250,0.36,250,0.23200000000000004,0.508,0.4159028782315196,False,False,5,0,250,0.508,,,fbd
domain,muse_glimmer_30b,POOLED,False,250,0.232,0.36,0.16666666666666663,False,False,5,0,250,0.36,250,0.232,0.508,0.359375,False,False,5,0,250,0.508,,,fbd
domain,muse_glimmer_30b,MACRO,True,250,0.45200000000000007,0.24000000000000005,-0.43306564483035065,False,False,5,0,250,0.24,250,0.45200000000000007,0.24000000000000005,-0.43306564483035065,False,False,5,0,250,0.24,,,fold_punch
domain,muse_glimmer_30b,POOLED,True,250,0.452,0.24,-0.38686131386861317,False,False,5,0,250,0.24,250,0.452,0.24,-0.38686131386861317,False,False,5,0,250,0.24,,,fold_punch
domain,muse_glimmer_30b,MACRO,False,250,0.45200000000000007,0.24000000000000005,-0.43306564483035065,False,False,5,0,250,0.24,250,0.45200000000000007,0.24000000000000005,-0.43306564483035065,False,False,5,0,250,0.24,,,fold_punch
domain,muse_glimmer_30b,POOLED,False,250,0.452,0.24,-0.38686131386861317,False,False,5,0,250,0.24,250,0.452,0.24,-0.38686131386861317,False,False,5,0,250,0.24,,,fold_punch
domain,muse_glimmer_30b,MACRO,True,250,0.40800000000000003,0.592,0.2008451536643026,False,False,5,0,250,0.592,250,0.45200000000000007,0.9359999999999999,0.921323877068558,False,False,5,0,250,0.936,,,gauge_reading
domain,muse_glimmer_30b,POOLED,True,250,0.408,0.592,0.31081081081081074,False,False,5,0,250,0.592,250,0.452,0.936,0.8832116788321168,False,False,5,0,250,0.936,,,gauge_reading
domain,muse_glimmer_30b,MACRO,False,250,0.40800000000000003,0.592,0.2008451536643026,False,False,5,0,250,0.592,250,0.45200000000000007,0.9359999999999999,0.921323877068558,False,False,5,0,250,0.936,,,gauge_reading
domain,muse_glimmer_30b,POOLED,False,250,0.408,0.592,0.31081081081081074,False,False,5,0,250,0.592,250,0.452,0.936,0.8832116788321168,False,False,5,0,250,0.936,,,gauge_reading
domain,muse_glimmer_30b,MACRO,True,200,0.29500000000000004,0.64,0.47058371735791094,False,False,4,1,250,0.512,200,0.29500000000000004,0.64,0.47058371735791094,False,False,4,1,250,0.712,,,gear_train
domain,muse_glimmer_30b,POOLED,True,200,0.295,0.64,0.48936170212765956,False,False,4,1,250,0.512,200,0.295,0.64,0.48936170212765956,False,False,4,1,250,0.712,,,gear_train
domain,muse_glimmer_30b,MACRO,False,200,0.29500000000000004,0.64,0.47058371735791094,False,False,4,1,250,0.512,200,0.29500000000000004,0.64,0.47058371735791094,False,False,4,1,250,0.712,,,gear_train
domain,muse_glimmer_30b,POOLED,False,200,0.295,0.64,0.48936170212765956,False,False,4,1,250,0.512,200,0.295,0.64,0.48936170212765956,False,False,4,1,250,0.712,,,gear_train
domain,muse_glimmer_30b,MACRO,True,250,0.316,0.256,-0.06174873774873775,False,False,5,0,250,0.256,250,0.316,0.332,0.07396554796554797,False,False,5,0,250,0.332,,,hex_pathfinding
domain,muse_glimmer_30b,POOLED,True,250,0.316,0.256,-0.08771929824561404,False,False,5,0,250,0.256,250,0.316,0.332,0.0233918128654971,False,False,5,0,250,0.332,,,hex_pathfinding
domain,muse_glimmer_30b,MACRO,False,250,0.316,0.256,-0.06174873774873775,False,False,5,0,250,0.256,250,0.316,0.332,0.07396554796554797,False,False,5,0,250,0.332,,,hex_pathfinding
domain,muse_glimmer_30b,POOLED,False,250,0.316,0.256,-0.08771929824561404,False,False,5,0,250,0.256,250,0.316,0.332,0.0233918128654971,False,False,5,0,250,0.332,,,hex_pathfinding
domain,muse_glimmer_30b,MACRO,True,250,0.4800000000000001,0.144,-0.81978731996231,False,False,5,0,250,0.144,250,0.4800000000000001,0.144,-0.81978731996231,False,False,5,0,250,0.144,,,impossible_object
domain,muse_glimmer_30b,POOLED,True,250,0.48,0.144,-0.6461538461538461,False,False,5,0,250,0.144,250,0.48,0.144,-0.6461538461538461,False,False,5,0,250,0.144,,,impossible_object
domain,muse_glimmer_30b,MACRO,False,250,0.4800000000000001,0.144,-0.81978731996231,False,False,5,0,250,0.144,250,0.4800000000000001,0.144,-0.81978731996231,False,False,5,0,250,0.144,,,impossible_object
domain,muse_glimmer_30b,POOLED,False,250,0.48,0.144,-0.6461538461538461,False,False,5,0,250,0.144,250,0.48,0.144,-0.6461538461538461,False,False,5,0,250,0.144,,,impossible_object
domain,muse_glimmer_30b,MACRO,True,250,0.35600000000000004,0.256,-0.4242289111854329,False,False,5,0,250,0.256,250,0.384,0.256,-0.4632478632478632,False,False,5,0,250,0.256,,,laser_mirror
domain,muse_glimmer_30b,POOLED,True,250,0.356,0.256,-0.15527950310559002,False,False,5,0,250,0.256,250,0.384,0.256,-0.2077922077922078,False,False,5,0,250,0.256,,,laser_mirror
domain,muse_glimmer_30b,MACRO,False,250,0.35600000000000004,0.256,-0.4242289111854329,False,False,5,0,250,0.256,250,0.384,0.256,-0.4632478632478632,False,False,5,0,250,0.256,,,laser_mirror
domain,muse_glimmer_30b,POOLED,False,250,0.356,0.256,-0.15527950310559002,False,False,5,0,250,0.256,250,0.384,0.256,-0.2077922077922078,False,False,5,0,250,0.256,,,laser_mirror
domain,muse_glimmer_30b,MACRO,True,250,0.32799999999999996,0.836,0.7253553074605706,False,False,5,0,250,0.836,250,0.32799999999999996,0.836,0.7253553074605706,False,False,5,0,250,0.836,,,line_intersection
domain,muse_glimmer_30b,POOLED,True,250,0.328,0.836,0.755952380952381,False,False,5,0,250,0.836,250,0.328,0.836,0.755952380952381,False,False,5,0,250,0.836,,,line_intersection
domain,muse_glimmer_30b,MACRO,False,250,0.32799999999999996,0.836,0.7253553074605706,False,False,5,0,250,0.836,250,0.32799999999999996,0.836,0.7253553074605706,False,False,5,0,250,0.836,,,line_intersection
domain,muse_glimmer_30b,POOLED,False,250,0.328,0.836,0.755952380952381,False,False,5,0,250,0.836,250,0.328,0.836,0.755952380952381,False,False,5,0,250,0.836,,,line_intersection
domain,muse_glimmer_30b,MACRO,True,250,0.296,0.34400000000000003,0.06806041784302654,False,False,5,0,250,0.344,250,0.296,0.34400000000000003,0.06806041784302654,False,False,5,0,250,0.344,,,nested_hexagons
domain,muse_glimmer_30b,POOLED,True,250,0.296,0.344,0.06818181818181816,False,False,5,0,250,0.344,250,0.296,0.344,0.06818181818181816,False,False,5,0,250,0.344,,,nested_hexagons
domain,muse_glimmer_30b,MACRO,False,250,0.296,0.34400000000000003,0.06806041784302654,False,False,5,0,250,0.344,250,0.296,0.34400000000000003,0.06806041784302654,False,False,5,0,250,0.344,,,nested_hexagons
domain,muse_glimmer_30b,POOLED,False,250,0.296,0.344,0.06818181818181816,False,False,5,0,250,0.344,250,0.296,0.344,0.06818181818181816,False,False,5,0,250,0.344,,,nested_hexagons
domain,muse_glimmer_30b,MACRO,True,250,0.292,0.34,0.0712068156155242,False,False,5,0,250,0.34,250,0.292,0.34,0.0712068156155242,False,False,5,0,250,0.34,,,nested_squares
domain,muse_glimmer_30b,POOLED,True,250,0.292,0.34,0.0677966101694916,False,False,5,0,250,0.34,250,0.292,0.34,0.0677966101694916,False,False,5,0,250,0.34,,,nested_squares
domain,muse_glimmer_30b,MACRO,False,250,0.292,0.34,0.0712068156155242,False,False,5,0,250,0.34,250,0.292,0.34,0.0712068156155242,False,False,5,0,250,0.34,,,nested_squares
domain,muse_glimmer_30b,POOLED,False,250,0.292,0.34,0.0677966101694916,False,False,5,0,250,0.34,250,0.292,0.34,0.0677966101694916,False,False,5,0,250,0.34,,,nested_squares
domain,muse_glimmer_30b,MACRO,True,250,0.304,0.36,0.056290129327028794,False,False,5,0,250,0.36,250,0.304,0.36,0.056290129327028794,False,False,5,0,250,0.36,,,nested_triangles
domain,muse_glimmer_30b,POOLED,True,250,0.304,0.36,0.08045977011494253,False,False,5,0,250,0.36,250,0.304,0.36,0.08045977011494253,False,False,5,0,250,0.36,,,nested_triangles
domain,muse_glimmer_30b,MACRO,False,250,0.304,0.36,0.056290129327028794,False,False,5,0,250,0.36,250,0.304,0.36,0.056290129327028794,False,False,5,0,250,0.36,,,nested_triangles
domain,muse_glimmer_30b,POOLED,False,250,0.304,0.36,0.08045977011494253,False,False,5,0,250,0.36,250,0.304,0.36,0.08045977011494253,False,False,5,0,250,0.36,,,nested_triangles
domain,muse_glimmer_30b,MACRO,True,250,0.256,0.404,0.18805155210643015,False,False,5,0,250,0.404,250,0.256,0.404,0.18805155210643015,False,False,5,0,250,0.404,,,occluded_pattern
domain,muse_glimmer_30b,POOLED,True,250,0.256,0.404,0.19892473118279572,False,False,5,0,250,0.404,250,0.256,0.404,0.19892473118279572,False,False,5,0,250,0.404,,,occluded_pattern
domain,muse_glimmer_30b,MACRO,False,250,0.256,0.404,0.18805155210643015,False,False,5,0,250,0.404,250,0.256,0.404,0.18805155210643015,False,False,5,0,250,0.404,,,occluded_pattern
domain,muse_glimmer_30b,POOLED,False,250,0.256,0.404,0.19892473118279572,False,False,5,0,250,0.404,250,0.256,0.404,0.19892473118279572,False,False,5,0,250,0.404,,,occluded_pattern
domain,muse_glimmer_30b,MACRO,True,200,0.505,0.37,-0.269510582010582,False,False,4,1,250,0.496,200,0.505,0.38,-0.24867724867724866,False,False,4,1,250,0.504,,,optical_illusion
domain,muse_glimmer_30b,POOLED,True,200,0.505,0.37,-0.27272727272727276,False,False,4,1,250,0.496,200,0.505,0.38,-0.25252525252525254,False,False,4,1,250,0.504,,,optical_illusion
domain,muse_glimmer_30b,MACRO,False,200,0.505,0.37,-0.269510582010582,False,False,4,1,250,0.496,200,0.505,0.38,-0.24867724867724866,False,False,4,1,250,0.504,,,optical_illusion
domain,muse_glimmer_30b,POOLED,False,200,0.505,0.37,-0.27272727272727276,False,False,4,1,250,0.496,200,0.505,0.38,-0.25252525252525254,False,False,4,1,250,0.504,,,optical_illusion
domain,muse_glimmer_30b,MACRO,True,200,0.315,0.37500000000000006,0.07529745486553865,False,False,4,1,250,0.308,200,0.41000000000000003,0.41000000000000003,-0.32297840720342685,False,False,4,1,250,0.336,,,orthographic
domain,muse_glimmer_30b,POOLED,True,200,0.315,0.375,0.0875912408759124,False,False,4,1,250,0.308,200,0.41,0.41,0.0,False,False,4,1,250,0.336,,,orthographic
domain,muse_glimmer_30b,MACRO,False,200,0.315,0.37500000000000006,0.07529745486553865,False,False,4,1,250,0.308,200,0.41000000000000003,0.41000000000000003,-0.32297840720342685,False,False,4,1,250,0.336,,,orthographic
domain,muse_glimmer_30b,POOLED,False,200,0.315,0.375,0.0875912408759124,False,False,4,1,250,0.308,200,0.41,0.41,0.0,False,False,4,1,250,0.336,,,orthographic
domain,muse_glimmer_30b,MACRO,True,250,0.24400000000000005,0.38,0.18070231482104188,False,False,5,0,250,0.38,250,0.24400000000000005,0.38,0.18070231482104188,False,False,5,0,250,0.38,,,overlap_circles
domain,muse_glimmer_30b,POOLED,True,250,0.244,0.38,0.1798941798941799,False,False,5,0,250,0.38,250,0.244,0.38,0.1798941798941799,False,False,5,0,250,0.38,,,overlap_circles
domain,muse_glimmer_30b,MACRO,False,250,0.24400000000000005,0.38,0.18070231482104188,False,False,5,0,250,0.38,250,0.24400000000000005,0.38,0.18070231482104188,False,False,5,0,250,0.38,,,overlap_circles
domain,muse_glimmer_30b,POOLED,False,250,0.244,0.38,0.1798941798941799,False,False,5,0,250,0.38,250,0.244,0.38,0.1798941798941799,False,False,5,0,250,0.38,,,overlap_circles
domain,muse_glimmer_30b,MACRO,True,250,0.384,0.54,0.2627837341833285,False,False,5,0,250,0.54,250,0.45600000000000007,0.652,0.31754563894523324,False,False,5,0,250,0.652,,,physical_stability
domain,muse_glimmer_30b,POOLED,True,250,0.384,0.54,0.2532467532467533,False,False,5,0,250,0.54,250,0.456,0.652,0.3602941176470588,False,False,5,0,250,0.652,,,physical_stability
domain,muse_glimmer_30b,MACRO,False,250,0.384,0.54,0.2627837341833285,False,False,5,0,250,0.54,250,0.45600000000000007,0.652,0.31754563894523324,False,False,5,0,250,0.652,,,physical_stability
domain,muse_glimmer_30b,POOLED,False,250,0.384,0.54,0.2532467532467533,False,False,5,0,250,0.54,250,0.456,0.652,0.3602941176470588,False,False,5,0,250,0.652,,,physical_stability
domain,muse_glimmer_30b,MACRO,True,200,0.44500000000000006,0.615,0.2500057357867205,False,False,4,1,250,0.692,200,0.44500000000000006,0.615,0.2500057357867205,False,False,4,1,250,0.692,,,polyhedron
domain,muse_glimmer_30b,POOLED,True,200,0.445,0.615,0.3063063063063063,False,False,4,1,250,0.692,200,0.445,0.615,0.3063063063063063,False,False,4,1,250,0.692,,,polyhedron
domain,muse_glimmer_30b,MACRO,False,200,0.44500000000000006,0.615,0.2500057357867205,False,False,4,1,250,0.692,200,0.44500000000000006,0.615,0.2500057357867205,False,False,4,1,250,0.692,,,polyhedron
domain,muse_glimmer_30b,POOLED,False,200,0.445,0.615,0.3063063063063063,False,False,4,1,250,0.692,200,0.445,0.615,0.3063063063063063,False,False,4,1,250,0.692,,,polyhedron
domain,muse_glimmer_30b,MACRO,True,250,0.304,0.6679999999999999,0.5097222222222222,False,False,5,0,250,0.668,250,0.304,0.752,0.5972222222222222,False,False,5,0,250,0.752,,,projectile_motion
domain,muse_glimmer_30b,POOLED,True,250,0.304,0.668,0.5229885057471265,False,False,5,0,250,0.668,250,0.304,0.752,0.6436781609195403,False,False,5,0,250,0.752,,,projectile_motion
domain,muse_glimmer_30b,MACRO,False,250,0.304,0.6679999999999999,0.5097222222222222,False,False,5,0,250,0.668,250,0.304,0.752,0.5972222222222222,False,False,5,0,250,0.752,,,projectile_motion
domain,muse_glimmer_30b,POOLED,False,250,0.304,0.668,0.5229885057471265,False,False,5,0,250,0.668,250,0.304,0.752,0.6436781609195403,False,False,5,0,250,0.752,,,projectile_motion
domain,muse_glimmer_30b,MACRO,True,250,0.28800000000000003,0.44000000000000006,0.18873303167420813,False,False,5,0,250,0.44,250,0.28800000000000003,0.44000000000000006,0.18873303167420813,False,False,5,0,250,0.44,,,rotation_matching
domain,muse_glimmer_30b,POOLED,True,250,0.288,0.44,0.21348314606741578,False,False,5,0,250,0.44,250,0.288,0.44,0.21348314606741578,False,False,5,0,250,0.44,,,rotation_matching
domain,muse_glimmer_30b,MACRO,False,250,0.28800000000000003,0.44000000000000006,0.18873303167420813,False,False,5,0,250,0.44,250,0.28800000000000003,0.44000000000000006,0.18873303167420813,False,False,5,0,250,0.44,,,rotation_matching
domain,muse_glimmer_30b,POOLED,False,250,0.288,0.44,0.21348314606741578,False,False,5,0,250,0.44,250,0.288,0.44,0.21348314606741578,False,False,5,0,250,0.44,,,rotation_matching
domain,muse_glimmer_30b,MACRO,True,250,0.25999999999999995,0.252,-0.08379885884925078,False,False,5,0,250,0.252,250,0.25999999999999995,0.252,-0.08379885884925078,False,False,5,0,250,0.252,,,route
domain,muse_glimmer_30b,POOLED,True,250,0.26,0.252,-0.01081081081081082,False,False,5,0,250,0.252,250,0.26,0.252,-0.01081081081081082,False,False,5,0,250,0.252,,,route
domain,muse_glimmer_30b,MACRO,False,250,0.25999999999999995,0.252,-0.08379885884925078,False,False,5,0,250,0.252,250,0.25999999999999995,0.252,-0.08379885884925078,False,False,5,0,250,0.252,,,route
domain,muse_glimmer_30b,POOLED,False,250,0.26,0.252,-0.01081081081081082,False,False,5,0,250,0.252,250,0.26,0.252,-0.01081081081081082,False,False,5,0,250,0.252,,,route
domain,muse_glimmer_30b,MACRO,True,250,0.36,0.532,0.18384008802494042,False,False,5,0,250,0.532,250,0.36,0.532,0.18384008802494042,False,False,5,0,250,0.532,,,rpm
domain,muse_glimmer_30b,POOLED,True,250,0.36,0.532,0.26875000000000004,False,False,5,0,250,0.532,250,0.36,0.532,0.26875000000000004,False,False,5,0,250,0.532,,,rpm
domain,muse_glimmer_30b,MACRO,False,250,0.36,0.532,0.18384008802494042,False,False,5,0,250,0.532,250,0.36,0.532,0.18384008802494042,False,False,5,0,250,0.532,,,rpm
domain,muse_glimmer_30b,POOLED,False,250,0.36,0.532,0.26875000000000004,False,False,5,0,250,0.532,250,0.36,0.532,0.26875000000000004,False,False,5,0,250,0.532,,,rpm
domain,muse_glimmer_30b,MACRO,True,250,0.44000000000000006,0.5999999999999999,0.19904214559386968,False,False,5,0,250,0.6,250,0.44000000000000006,0.5999999999999999,0.19904214559386968,False,False,5,0,250,0.6,,,shadow_inference
domain,muse_glimmer_30b,POOLED,True,250,0.44,0.6,0.28571428571428564,False,False,5,0,250,0.6,250,0.44,0.6,0.28571428571428564,False,False,5,0,250,0.6,,,shadow_inference
domain,muse_glimmer_30b,MACRO,False,250,0.44000000000000006,0.5999999999999999,0.19904214559386968,False,False,5,0,250,0.6,250,0.44000000000000006,0.5999999999999999,0.19904214559386968,False,False,5,0,250,0.6,,,shadow_inference
domain,muse_glimmer_30b,POOLED,False,250,0.44,0.6,0.28571428571428564,False,False,5,0,250,0.6,250,0.44,0.6,0.28571428571428564,False,False,5,0,250,0.6,,,shadow_inference
domain,muse_glimmer_30b,MACRO,True,250,0.42000000000000004,0.6639999999999999,0.44712121212121214,False,False,5,0,250,0.664,250,0.42000000000000004,0.6639999999999999,0.44712121212121214,False,False,5,0,250,0.664,,,surface_topology
domain,muse_glimmer_30b,POOLED,True,250,0.42,0.664,0.4206896551724138,False,False,5,0,250,0.664,250,0.42,0.664,0.4206896551724138,False,False,5,0,250,0.664,,,surface_topology
domain,muse_glimmer_30b,MACRO,False,250,0.42000000000000004,0.6639999999999999,0.44712121212121214,False,False,5,0,250,0.664,250,0.42000000000000004,0.6639999999999999,0.44712121212121214,False,False,5,0,250,0.664,,,surface_topology
domain,muse_glimmer_30b,POOLED,False,250,0.42,0.664,0.4206896551724138,False,False,5,0,250,0.664,250,0.42,0.664,0.4206896551724138,False,False,5,0,250,0.664,,,surface_topology
domain,muse_glimmer_30b,MACRO,True,200,0.41500000000000004,0.545,0.2595893719806764,False,False,4,1,250,0.564,200,0.41500000000000004,0.61,0.35807422046552484,False,False,4,1,250,0.616,,,symmetry_pattern
domain,muse_glimmer_30b,POOLED,True,200,0.415,0.545,0.22222222222222235,False,False,4,1,250,0.564,200,0.415,0.61,0.33333333333333337,False,False,4,1,250,0.616,,,symmetry_pattern
domain,muse_glimmer_30b,MACRO,False,200,0.41500000000000004,0.545,0.2595893719806764,False,False,4,1,250,0.564,200,0.41500000000000004,0.61,0.35807422046552484,False,False,4,1,250,0.616,,,symmetry_pattern
domain,muse_glimmer_30b,POOLED,False,200,0.415,0.545,0.22222222222222235,False,False,4,1,250,0.564,200,0.415,0.61,0.33333333333333337,False,False,4,1,250,0.616,,,symmetry_pattern
domain,perplexity_sonar_pro,MACRO,True,250,0.268,0.44000000000000006,0.24775641025641026,False,False,5,0,250,0.44,250,0.268,0.46799999999999997,0.28489091318038684,False,False,5,0,250,0.468,,,angle_estimation
domain,perplexity_sonar_pro,POOLED,True,250,0.268,0.44,0.2349726775956284,False,False,5,0,250,0.44,250,0.268,0.468,0.273224043715847,False,False,5,0,250,0.468,,,angle_estimation
domain,perplexity_sonar_pro,MACRO,False,250,0.268,0.44000000000000006,0.24775641025641026,False,False,5,0,250,0.44,250,0.268,0.46799999999999997,0.28489091318038684,False,False,5,0,250,0.468,,,angle_estimation
domain,perplexity_sonar_pro,POOLED,False,250,0.268,0.44,0.2349726775956284,False,False,5,0,250,0.44,250,0.268,0.468,0.273224043715847,False,False,5,0,250,0.468,,,angle_estimation
domain,perplexity_sonar_pro,MACRO,True,250,0.16000000000000003,0.30000000000000004,0.15892857142857145,False,False,5,0,250,0.3,250,0.16000000000000003,0.30000000000000004,0.15892857142857145,False,False,5,0,250,0.3,,,clock_reading
domain,perplexity_sonar_pro,POOLED,True,250,0.16,0.3,0.16666666666666666,False,False,5,0,250,0.3,250,0.16,0.3,0.16666666666666666,False,False,5,0,250,0.3,,,clock_reading
domain,perplexity_sonar_pro,MACRO,False,250,0.16000000000000003,0.30000000000000004,0.15892857142857145,False,False,5,0,250,0.3,250,0.16000000000000003,0.30000000000000004,0.15892857142857145,False,False,5,0,250,0.3,,,clock_reading
domain,perplexity_sonar_pro,POOLED,False,250,0.16,0.3,0.16666666666666666,False,False,5,0,250,0.3,250,0.16,0.3,0.16666666666666666,False,False,5,0,250,0.3,,,clock_reading
domain,perplexity_sonar_pro,MACRO,True,250,0.42400000000000004,0.45999999999999996,0.022531769305962856,False,False,5,0,250,0.46,250,0.42400000000000004,0.45999999999999996,0.022531769305962856,False,False,5,0,250,0.46,,,combination
domain,perplexity_sonar_pro,POOLED,True,250,0.424,0.46,0.06250000000000004,False,False,5,0,250,0.46,250,0.424,0.46,0.06250000000000004,False,False,5,0,250,0.46,,,combination
domain,perplexity_sonar_pro,MACRO,False,250,0.42400000000000004,0.45999999999999996,0.022531769305962856,False,False,5,0,250,0.46,250,0.42400000000000004,0.45999999999999996,0.022531769305962856,False,False,5,0,250,0.46,,,combination
domain,perplexity_sonar_pro,POOLED,False,250,0.424,0.46,0.06250000000000004,False,False,5,0,250,0.46,250,0.424,0.46,0.06250000000000004,False,False,5,0,250,0.46,,,combination
domain,perplexity_sonar_pro,MACRO,True,250,0.32399999999999995,0.324,0.024452592708170805,False,False,5,0,250,0.324,250,0.32399999999999995,0.324,0.024452592708170805,False,False,5,0,250,0.324,,,combination3d
domain,perplexity_sonar_pro,POOLED,True,250,0.324,0.324,0.0,False,False,5,0,250,0.324,250,0.324,0.324,0.0,False,False,5,0,250,0.324,,,combination3d
domain,perplexity_sonar_pro,MACRO,False,250,0.32399999999999995,0.324,0.024452592708170805,False,False,5,0,250,0.324,250,0.32399999999999995,0.324,0.024452592708170805,False,False,5,0,250,0.324,,,combination3d
domain,perplexity_sonar_pro,POOLED,False,250,0.324,0.324,0.0,False,False,5,0,250,0.324,250,0.324,0.324,0.0,False,False,5,0,250,0.324,,,combination3d
domain,perplexity_sonar_pro,MACRO,True,250,0.24400000000000005,0.42799999999999994,0.37515524158381297,False,False,5,0,250,0.428,250,0.24400000000000005,0.42799999999999994,0.37515524158381297,False,False,5,0,250,0.428,,,compass_bearing
domain,perplexity_sonar_pro,POOLED,True,250,0.244,0.428,0.24338624338624337,False,False,5,0,250,0.428,250,0.244,0.428,0.24338624338624337,False,False,5,0,250,0.428,,,compass_bearing
domain,perplexity_sonar_pro,MACRO,False,250,0.24400000000000005,0.42799999999999994,0.37515524158381297,False,False,5,0,250,0.428,250,0.24400000000000005,0.42799999999999994,0.37515524158381297,False,False,5,0,250,0.428,,,compass_bearing
domain,perplexity_sonar_pro,POOLED,False,250,0.244,0.428,0.24338624338624337,False,False,5,0,250,0.428,250,0.244,0.428,0.24338624338624337,False,False,5,0,250,0.428,,,compass_bearing
domain,perplexity_sonar_pro,MACRO,True,250,0.18,0.348,0.2124300111982083,False,False,5,0,250,0.348,250,0.18,0.348,0.2124300111982083,False,False,5,0,250,0.348,,,coordinate_geometry
domain,perplexity_sonar_pro,POOLED,True,250,0.18,0.348,0.20487804878048776,False,False,5,0,250,0.348,250,0.18,0.348,0.20487804878048776,False,False,5,0,250,0.348,,,coordinate_geometry
domain,perplexity_sonar_pro,MACRO,False,250,0.18,0.348,0.2124300111982083,False,False,5,0,250,0.348,250,0.18,0.348,0.2124300111982083,False,False,5,0,250,0.348,,,coordinate_geometry
domain,perplexity_sonar_pro,POOLED,False,250,0.18,0.348,0.20487804878048776,False,False,5,0,250,0.348,250,0.18,0.348,0.20487804878048776,False,False,5,0,250,0.348,,,coordinate_geometry
domain,perplexity_sonar_pro,MACRO,True,200,0.5,0.6699999999999999,0.1575957556935818,False,False,4,1,250,0.736,200,0.5,0.6699999999999999,0.1575957556935818,False,False,4,1,250,0.736,,,cube_net
domain,perplexity_sonar_pro,POOLED,True,200,0.5,0.67,0.3400000000000001,False,False,4,1,250,0.736,200,0.5,0.67,0.3400000000000001,False,False,4,1,250,0.736,,,cube_net
domain,perplexity_sonar_pro,MACRO,False,200,0.5,0.6699999999999999,0.1575957556935818,False,False,4,1,250,0.736,200,0.5,0.6699999999999999,0.1575957556935818,False,False,4,1,250,0.736,,,cube_net
domain,perplexity_sonar_pro,POOLED,False,200,0.5,0.67,0.3400000000000001,False,False,4,1,250,0.736,200,0.5,0.67,0.3400000000000001,False,False,4,1,250,0.736,,,cube_net
domain,perplexity_sonar_pro,MACRO,True,250,0.348,0.24800000000000005,-0.1438550922761449,False,False,5,0,250,0.248,250,0.348,0.24800000000000005,-0.1438550922761449,False,False,5,0,250,0.248,,,cube_structure
domain,perplexity_sonar_pro,POOLED,True,250,0.348,0.248,-0.1533742331288343,False,False,5,0,250,0.248,250,0.348,0.248,-0.1533742331288343,False,False,5,0,250,0.248,,,cube_structure
domain,perplexity_sonar_pro,MACRO,False,250,0.348,0.24800000000000005,-0.1438550922761449,False,False,5,0,250,0.248,250,0.348,0.24800000000000005,-0.1438550922761449,False,False,5,0,250,0.248,,,cube_structure
domain,perplexity_sonar_pro,POOLED,False,250,0.348,0.248,-0.1533742331288343,False,False,5,0,250,0.248,250,0.348,0.248,-0.1533742331288343,False,False,5,0,250,0.248,,,cube_structure
domain,perplexity_sonar_pro,MACRO,True,250,0.22800000000000004,0.36,0.2145597455756894,False,False,5,0,250,0.36,250,0.22800000000000004,0.41600000000000004,0.2814679581360759,False,False,5,0,250,0.416,,,depth_height
domain,perplexity_sonar_pro,POOLED,True,250,0.228,0.36,0.1709844559585492,False,False,5,0,250,0.36,250,0.228,0.416,0.24352331606217612,False,False,5,0,250,0.416,,,depth_height
domain,perplexity_sonar_pro,MACRO,False,250,0.22800000000000004,0.36,0.2145597455756894,False,False,5,0,250,0.36,250,0.22800000000000004,0.41600000000000004,0.2814679581360759,False,False,5,0,250,0.416,,,depth_height
domain,perplexity_sonar_pro,POOLED,False,250,0.228,0.36,0.1709844559585492,False,False,5,0,250,0.36,250,0.228,0.416,0.24352331606217612,False,False,5,0,250,0.416,,,depth_height
domain,perplexity_sonar_pro,MACRO,True,250,0.376,0.328,-0.06819444444444445,False,False,5,0,250,0.328,250,0.376,0.41200000000000003,0.12271464646464647,False,False,5,0,250,0.412,,,embedded_figures
domain,perplexity_sonar_pro,POOLED,True,250,0.376,0.328,-0.0769230769230769,False,False,5,0,250,0.328,250,0.376,0.412,0.057692307692307654,False,False,5,0,250,0.412,,,embedded_figures
domain,perplexity_sonar_pro,MACRO,False,250,0.376,0.328,-0.06819444444444445,False,False,5,0,250,0.328,250,0.376,0.41200000000000003,0.12271464646464647,False,False,5,0,250,0.412,,,embedded_figures
domain,perplexity_sonar_pro,POOLED,False,250,0.376,0.328,-0.0769230769230769,False,False,5,0,250,0.328,250,0.376,0.412,0.057692307692307654,False,False,5,0,250,0.412,,,embedded_figures
domain,perplexity_sonar_pro,MACRO,True,250,0.23200000000000004,0.368,0.19209098327213378,False,False,5,0,250,0.368,250,0.23200000000000004,0.56,0.4642809057527539,False,False,5,0,250,0.56,,,fbd
domain,perplexity_sonar_pro,POOLED,True,250,0.232,0.368,0.17708333333333331,False,False,5,0,250,0.368,250,0.232,0.56,0.4270833333333334,False,False,5,0,250,0.56,,,fbd
domain,perplexity_sonar_pro,MACRO,False,250,0.23200000000000004,0.368,0.19209098327213378,False,False,5,0,250,0.368,250,0.23200000000000004,0.56,0.4642809057527539,False,False,5,0,250,0.56,,,fbd
domain,perplexity_sonar_pro,POOLED,False,250,0.232,0.368,0.17708333333333331,False,False,5,0,250,0.368,250,0.232,0.56,0.4270833333333334,False,False,5,0,250,0.56,,,fbd
domain,perplexity_sonar_pro,MACRO,True,250,0.45200000000000007,0.42400000000000004,-0.02616824969766146,False,False,5,0,250,0.424,250,0.45200000000000007,0.42400000000000004,-0.02616824969766146,False,False,5,0,250,0.424,,,fold_punch
domain,perplexity_sonar_pro,POOLED,True,250,0.452,0.424,-0.05109489051094895,False,False,5,0,250,0.424,250,0.452,0.424,-0.05109489051094895,False,False,5,0,250,0.424,,,fold_punch
domain,perplexity_sonar_pro,MACRO,False,250,0.45200000000000007,0.42400000000000004,-0.02616824969766146,False,False,5,0,250,0.424,250,0.45200000000000007,0.42400000000000004,-0.02616824969766146,False,False,5,0,250,0.424,,,fold_punch
domain,perplexity_sonar_pro,POOLED,False,250,0.452,0.424,-0.05109489051094895,False,False,5,0,250,0.424,250,0.452,0.424,-0.05109489051094895,False,False,5,0,250,0.424,,,fold_punch
domain,perplexity_sonar_pro,MACRO,True,250,0.40800000000000003,0.54,0.08845626477541373,False,False,5,0,250,0.54,250,0.45200000000000007,0.7120000000000001,-0.03122458628841606,False,False,5,0,250,0.712,,,gauge_reading
domain,perplexity_sonar_pro,POOLED,True,250,0.408,0.54,0.22297297297297305,False,False,5,0,250,0.54,250,0.452,0.712,0.4744525547445254,False,False,5,0,250,0.712,,,gauge_reading
domain,perplexity_sonar_pro,MACRO,False,250,0.40800000000000003,0.54,0.08845626477541373,False,False,5,0,250,0.54,250,0.45200000000000007,0.7120000000000001,-0.03122458628841606,False,False,5,0,250,0.712,,,gauge_reading
domain,perplexity_sonar_pro,POOLED,False,250,0.408,0.54,0.22297297297297305,False,False,5,0,250,0.54,250,0.452,0.712,0.4744525547445254,False,False,5,0,250,0.712,,,gauge_reading
domain,perplexity_sonar_pro,MACRO,True,200,0.29500000000000004,0.5,0.3324884792626728,False,False,4,1,250,0.4,200,0.29500000000000004,0.5,0.3324884792626728,False,False,4,1,250,0.592,,,gear_train
domain,perplexity_sonar_pro,POOLED,True,200,0.295,0.5,0.2907801418439716,False,False,4,1,250,0.4,200,0.295,0.5,0.2907801418439716,False,False,4,1,250,0.592,,,gear_train
domain,perplexity_sonar_pro,MACRO,False,200,0.29500000000000004,0.5,0.3324884792626728,False,False,4,1,250,0.4,200,0.29500000000000004,0.5,0.3324884792626728,False,False,4,1,250,0.592,,,gear_train
domain,perplexity_sonar_pro,POOLED,False,200,0.295,0.5,0.2907801418439716,False,False,4,1,250,0.4,200,0.295,0.5,0.2907801418439716,False,False,4,1,250,0.592,,,gear_train
domain,perplexity_sonar_pro,MACRO,True,250,0.316,0.14400000000000002,-0.24326660726660726,False,False,5,0,250,0.144,250,0.316,0.17600000000000002,-0.18612375012375013,False,False,5,0,250,0.176,,,hex_pathfinding
domain,perplexity_sonar_pro,POOLED,True,250,0.316,0.144,-0.2514619883040936,False,False,5,0,250,0.144,250,0.316,0.176,-0.20467836257309946,False,False,5,0,250,0.176,,,hex_pathfinding
domain,perplexity_sonar_pro,MACRO,False,250,0.316,0.14400000000000002,-0.24326660726660726,False,False,5,0,250,0.144,250,0.316,0.17600000000000002,-0.18612375012375013,False,False,5,0,250,0.176,,,hex_pathfinding
domain,perplexity_sonar_pro,POOLED,False,250,0.316,0.144,-0.2514619883040936,False,False,5,0,250,0.144,250,0.316,0.176,-0.20467836257309946,False,False,5,0,250,0.176,,,hex_pathfinding
domain,perplexity_sonar_pro,MACRO,True,250,0.4800000000000001,0.24000000000000005,-0.6204654058419706,False,False,5,0,250,0.24,250,0.4800000000000001,0.24000000000000005,-0.6204654058419706,False,False,5,0,250,0.24,,,impossible_object
domain,perplexity_sonar_pro,POOLED,True,250,0.48,0.24,-0.4615384615384615,False,False,5,0,250,0.24,250,0.48,0.24,-0.4615384615384615,False,False,5,0,250,0.24,,,impossible_object
domain,perplexity_sonar_pro,MACRO,False,250,0.4800000000000001,0.24000000000000005,-0.6204654058419706,False,False,5,0,250,0.24,250,0.4800000000000001,0.24000000000000005,-0.6204654058419706,False,False,5,0,250,0.24,,,impossible_object
domain,perplexity_sonar_pro,POOLED,False,250,0.48,0.24,-0.4615384615384615,False,False,5,0,250,0.24,250,0.48,0.24,-0.4615384615384615,False,False,5,0,250,0.24,,,impossible_object
domain,perplexity_sonar_pro,MACRO,True,250,0.35600000000000004,0.36,0.0044569862504645116,False,False,5,0,250,0.36,250,0.384,0.368,-0.02430555555555556,False,False,5,0,250,0.368,,,laser_mirror
domain,perplexity_sonar_pro,POOLED,True,250,0.356,0.36,0.006211180124223608,False,False,5,0,250,0.36,250,0.384,0.368,-0.025974025974025997,False,False,5,0,250,0.368,,,laser_mirror
domain,perplexity_sonar_pro,MACRO,False,250,0.35600000000000004,0.36,0.0044569862504645116,False,False,5,0,250,0.36,250,0.384,0.368,-0.02430555555555556,False,False,5,0,250,0.368,,,laser_mirror
domain,perplexity_sonar_pro,POOLED,False,250,0.356,0.36,0.006211180124223608,False,False,5,0,250,0.36,250,0.384,0.368,-0.025974025974025997,False,False,5,0,250,0.368,,,laser_mirror
domain,perplexity_sonar_pro,MACRO,True,250,0.32799999999999996,0.6359999999999999,0.44645553277132227,False,False,5,0,250,0.636,250,0.32799999999999996,0.6359999999999999,0.44645553277132227,False,False,5,0,250,0.636,,,line_intersection
domain,perplexity_sonar_pro,POOLED,True,250,0.328,0.636,0.45833333333333337,False,False,5,0,250,0.636,250,0.328,0.636,0.45833333333333337,False,False,5,0,250,0.636,,,line_intersection
domain,perplexity_sonar_pro,MACRO,False,250,0.32799999999999996,0.6359999999999999,0.44645553277132227,False,False,5,0,250,0.636,250,0.32799999999999996,0.6359999999999999,0.44645553277132227,False,False,5,0,250,0.636,,,line_intersection
domain,perplexity_sonar_pro,POOLED,False,250,0.328,0.636,0.45833333333333337,False,False,5,0,250,0.636,250,0.328,0.636,0.45833333333333337,False,False,5,0,250,0.636,,,line_intersection
domain,perplexity_sonar_pro,MACRO,True,250,0.296,0.288,-0.06713721061547148,False,False,5,0,250,0.288,250,0.296,0.288,-0.06713721061547148,False,False,5,0,250,0.288,,,nested_hexagons
domain,perplexity_sonar_pro,POOLED,True,250,0.296,0.288,-0.011363636363636374,False,False,5,0,250,0.288,250,0.296,0.288,-0.011363636363636374,False,False,5,0,250,0.288,,,nested_hexagons
domain,perplexity_sonar_pro,MACRO,False,250,0.296,0.288,-0.06713721061547148,False,False,5,0,250,0.288,250,0.296,0.288,-0.06713721061547148,False,False,5,0,250,0.288,,,nested_hexagons
domain,perplexity_sonar_pro,POOLED,False,250,0.296,0.288,-0.011363636363636374,False,False,5,0,250,0.288,250,0.296,0.288,-0.011363636363636374,False,False,5,0,250,0.288,,,nested_hexagons
domain,perplexity_sonar_pro,MACRO,True,250,0.292,0.336,0.07696272472373414,False,False,5,0,250,0.336,250,0.292,0.336,0.07696272472373414,False,False,5,0,250,0.336,,,nested_squares
domain,perplexity_sonar_pro,POOLED,True,250,0.292,0.336,0.06214689265536729,False,False,5,0,250,0.336,250,0.292,0.336,0.06214689265536729,False,False,5,0,250,0.336,,,nested_squares
domain,perplexity_sonar_pro,MACRO,False,250,0.292,0.336,0.07696272472373414,False,False,5,0,250,0.336,250,0.292,0.336,0.07696272472373414,False,False,5,0,250,0.336,,,nested_squares
domain,perplexity_sonar_pro,POOLED,False,250,0.292,0.336,0.06214689265536729,False,False,5,0,250,0.336,250,0.292,0.336,0.06214689265536729,False,False,5,0,250,0.336,,,nested_squares
domain,perplexity_sonar_pro,MACRO,True,250,0.304,0.36000000000000004,0.0662890782017868,False,False,5,0,250,0.36,250,0.304,0.36000000000000004,0.0662890782017868,False,False,5,0,250,0.36,,,nested_triangles
domain,perplexity_sonar_pro,POOLED,True,250,0.304,0.36,0.08045977011494253,False,False,5,0,250,0.36,250,0.304,0.36,0.08045977011494253,False,False,5,0,250,0.36,,,nested_triangles
domain,perplexity_sonar_pro,MACRO,False,250,0.304,0.36000000000000004,0.0662890782017868,False,False,5,0,250,0.36,250,0.304,0.36000000000000004,0.0662890782017868,False,False,5,0,250,0.36,,,nested_triangles
domain,perplexity_sonar_pro,POOLED,False,250,0.304,0.36,0.08045977011494253,False,False,5,0,250,0.36,250,0.304,0.36,0.08045977011494253,False,False,5,0,250,0.36,,,nested_triangles
domain,perplexity_sonar_pro,MACRO,True,250,0.256,0.32399999999999995,0.08804323725055432,False,False,5,0,250,0.324,250,0.256,0.32399999999999995,0.08804323725055432,False,False,5,0,250,0.324,,,occluded_pattern
domain,perplexity_sonar_pro,POOLED,True,250,0.256,0.324,0.0913978494623656,False,False,5,0,250,0.324,250,0.256,0.324,0.0913978494623656,False,False,5,0,250,0.324,,,occluded_pattern
domain,perplexity_sonar_pro,MACRO,False,250,0.256,0.32399999999999995,0.08804323725055432,False,False,5,0,250,0.324,250,0.256,0.32399999999999995,0.08804323725055432,False,False,5,0,250,0.324,,,occluded_pattern
domain,perplexity_sonar_pro,POOLED,False,250,0.256,0.324,0.0913978494623656,False,False,5,0,250,0.324,250,0.256,0.324,0.0913978494623656,False,False,5,0,250,0.324,,,occluded_pattern
domain,perplexity_sonar_pro,MACRO,True,200,0.505,0.43,-0.13988095238095236,False,False,4,1,250,0.544,200,0.505,0.435,-0.12946428571428573,False,False,4,1,250,0.548,,,optical_illusion
domain,perplexity_sonar_pro,POOLED,True,200,0.505,0.43,-0.15151515151515155,False,False,4,1,250,0.544,200,0.505,0.435,-0.14141414141414144,False,False,4,1,250,0.548,,,optical_illusion
domain,perplexity_sonar_pro,MACRO,False,200,0.505,0.43,-0.13988095238095236,False,False,4,1,250,0.544,200,0.505,0.435,-0.12946428571428573,False,False,4,1,250,0.548,,,optical_illusion
domain,perplexity_sonar_pro,POOLED,False,200,0.505,0.43,-0.15151515151515155,False,False,4,1,250,0.544,200,0.505,0.435,-0.14141414141414144,False,False,4,1,250,0.548,,,optical_illusion
domain,perplexity_sonar_pro,MACRO,True,200,0.315,0.32999999999999996,0.009023877780490804,False,False,4,1,250,0.316,200,0.41000000000000003,0.375,-0.20821750152985402,False,False,4,1,250,0.352,,,orthographic
domain,perplexity_sonar_pro,POOLED,True,200,0.315,0.33,0.02189781021897812,False,False,4,1,250,0.316,200,0.41,0.375,-0.05932203389830504,False,False,4,1,250,0.352,,,orthographic
domain,perplexity_sonar_pro,MACRO,False,200,0.315,0.32999999999999996,0.009023877780490804,False,False,4,1,250,0.316,200,0.41000000000000003,0.375,-0.20821750152985402,False,False,4,1,250,0.352,,,orthographic
domain,perplexity_sonar_pro,POOLED,False,200,0.315,0.33,0.02189781021897812,False,False,4,1,250,0.316,200,0.41,0.375,-0.05932203389830504,False,False,4,1,250,0.352,,,orthographic
domain,perplexity_sonar_pro,MACRO,True,250,0.24400000000000005,0.33599999999999997,0.13243437305248812,False,False,5,0,250,0.336,250,0.24400000000000005,0.33599999999999997,0.13243437305248812,False,False,5,0,250,0.336,,,overlap_circles
domain,perplexity_sonar_pro,POOLED,True,250,0.244,0.336,0.12169312169312173,False,False,5,0,250,0.336,250,0.244,0.336,0.12169312169312173,False,False,5,0,250,0.336,,,overlap_circles
domain,perplexity_sonar_pro,MACRO,False,250,0.24400000000000005,0.33599999999999997,0.13243437305248812,False,False,5,0,250,0.336,250,0.24400000000000005,0.33599999999999997,0.13243437305248812,False,False,5,0,250,0.336,,,overlap_circles
domain,perplexity_sonar_pro,POOLED,False,250,0.244,0.336,0.12169312169312173,False,False,5,0,250,0.336,250,0.244,0.336,0.12169312169312173,False,False,5,0,250,0.336,,,overlap_circles
domain,perplexity_sonar_pro,MACRO,True,250,0.384,0.42800000000000005,0.010426490345354445,False,False,5,0,250,0.428,250,0.45600000000000007,0.548,0.09558055197000431,False,False,5,0,250,0.548,,,physical_stability
domain,perplexity_sonar_pro,POOLED,True,250,0.384,0.428,0.0714285714285714,False,False,5,0,250,0.428,250,0.456,0.548,0.16911764705882357,False,False,5,0,250,0.548,,,physical_stability
domain,perplexity_sonar_pro,MACRO,False,250,0.384,0.42800000000000005,0.010426490345354445,False,False,5,0,250,0.428,250,0.45600000000000007,0.548,0.09558055197000431,False,False,5,0,250,0.548,,,physical_stability
domain,perplexity_sonar_pro,POOLED,False,250,0.384,0.428,0.0714285714285714,False,False,5,0,250,0.428,250,0.456,0.548,0.16911764705882357,False,False,5,0,250,0.548,,,physical_stability
domain,perplexity_sonar_pro,MACRO,True,200,0.44500000000000006,0.47500000000000003,-0.7584304593218005,False,False,4,1,250,0.58,200,0.44500000000000006,0.47500000000000003,-0.7584304593218005,False,False,4,1,250,0.58,,,polyhedron
domain,perplexity_sonar_pro,POOLED,True,200,0.445,0.475,0.05405405405405401,False,False,4,1,250,0.58,200,0.445,0.475,0.05405405405405401,False,False,4,1,250,0.58,,,polyhedron
domain,perplexity_sonar_pro,MACRO,False,200,0.44500000000000006,0.47500000000000003,-0.7584304593218005,False,False,4,1,250,0.58,200,0.44500000000000006,0.47500000000000003,-0.7584304593218005,False,False,4,1,250,0.58,,,polyhedron
domain,perplexity_sonar_pro,POOLED,False,200,0.445,0.475,0.05405405405405401,False,False,4,1,250,0.58,200,0.445,0.475,0.05405405405405401,False,False,4,1,250,0.58,,,polyhedron
domain,perplexity_sonar_pro,MACRO,True,250,0.304,0.488,0.10546690307328603,False,False,5,0,250,0.488,250,0.304,0.488,0.10546690307328603,False,False,5,0,250,0.488,,,projectile_motion
domain,perplexity_sonar_pro,POOLED,True,250,0.304,0.488,0.26436781609195403,False,False,5,0,250,0.488,250,0.304,0.488,0.26436781609195403,False,False,5,0,250,0.488,,,projectile_motion
domain,perplexity_sonar_pro,MACRO,False,250,0.304,0.488,0.10546690307328603,False,False,5,0,250,0.488,250,0.304,0.488,0.10546690307328603,False,False,5,0,250,0.488,,,projectile_motion
domain,perplexity_sonar_pro,POOLED,False,250,0.304,0.488,0.26436781609195403,False,False,5,0,250,0.488,250,0.304,0.488,0.26436781609195403,False,False,5,0,250,0.488,,,projectile_motion
domain,perplexity_sonar_pro,MACRO,True,250,0.28800000000000003,0.41600000000000004,0.152166918049271,False,False,5,0,250,0.416,250,0.28800000000000003,0.41600000000000004,0.152166918049271,False,False,5,0,250,0.416,,,rotation_matching
domain,perplexity_sonar_pro,POOLED,True,250,0.288,0.416,0.17977528089887643,False,False,5,0,250,0.416,250,0.288,0.416,0.17977528089887643,False,False,5,0,250,0.416,,,rotation_matching
domain,perplexity_sonar_pro,MACRO,False,250,0.28800000000000003,0.41600000000000004,0.152166918049271,False,False,5,0,250,0.416,250,0.28800000000000003,0.41600000000000004,0.152166918049271,False,False,5,0,250,0.416,,,rotation_matching
domain,perplexity_sonar_pro,POOLED,False,250,0.288,0.416,0.17977528089887643,False,False,5,0,250,0.416,250,0.288,0.416,0.17977528089887643,False,False,5,0,250,0.416,,,rotation_matching
domain,perplexity_sonar_pro,MACRO,True,250,0.25999999999999995,0.22399999999999998,-0.1419442222577721,False,False,5,0,250,0.224,250,0.25999999999999995,0.22399999999999998,-0.1419442222577721,False,False,5,0,250,0.224,,,route
domain,perplexity_sonar_pro,POOLED,True,250,0.26,0.224,-0.04864864864864866,False,False,5,0,250,0.224,250,0.26,0.224,-0.04864864864864866,False,False,5,0,250,0.224,,,route
domain,perplexity_sonar_pro,MACRO,False,250,0.25999999999999995,0.22399999999999998,-0.1419442222577721,False,False,5,0,250,0.224,250,0.25999999999999995,0.22399999999999998,-0.1419442222577721,False,False,5,0,250,0.224,,,route
domain,perplexity_sonar_pro,POOLED,False,250,0.26,0.224,-0.04864864864864866,False,False,5,0,250,0.224,250,0.26,0.224,-0.04864864864864866,False,False,5,0,250,0.224,,,route
domain,perplexity_sonar_pro,MACRO,True,250,0.36,0.42000000000000004,-0.0043794886028518665,False,False,5,0,250,0.42,250,0.36,0.42000000000000004,-0.0043794886028518665,False,False,5,0,250,0.42,,,rpm
domain,perplexity_sonar_pro,POOLED,True,250,0.36,0.42,0.09375,False,False,5,0,250,0.42,250,0.36,0.42,0.09375,False,False,5,0,250,0.42,,,rpm
domain,perplexity_sonar_pro,MACRO,False,250,0.36,0.42000000000000004,-0.0043794886028518665,False,False,5,0,250,0.42,250,0.36,0.42000000000000004,-0.0043794886028518665,False,False,5,0,250,0.42,,,rpm
domain,perplexity_sonar_pro,POOLED,False,250,0.36,0.42,0.09375,False,False,5,0,250,0.42,250,0.36,0.42,0.09375,False,False,5,0,250,0.42,,,rpm
domain,perplexity_sonar_pro,MACRO,True,250,0.44000000000000006,0.48,-0.0005747126436781436,False,False,5,0,250,0.48,250,0.44000000000000006,0.48,-0.0005747126436781436,False,False,5,0,250,0.48,,,shadow_inference
domain,perplexity_sonar_pro,POOLED,True,250,0.44,0.48,0.07142857142857138,False,False,5,0,250,0.48,250,0.44,0.48,0.07142857142857138,False,False,5,0,250,0.48,,,shadow_inference
domain,perplexity_sonar_pro,MACRO,False,250,0.44000000000000006,0.48,-0.0005747126436781436,False,False,5,0,250,0.48,250,0.44000000000000006,0.48,-0.0005747126436781436,False,False,5,0,250,0.48,,,shadow_inference
domain,perplexity_sonar_pro,POOLED,False,250,0.44,0.48,0.07142857142857138,False,False,5,0,250,0.48,250,0.44,0.48,0.07142857142857138,False,False,5,0,250,0.48,,,shadow_inference
domain,perplexity_sonar_pro,MACRO,True,250,0.42000000000000004,0.5120000000000001,0.17771464646464646,False,False,5,0,250,0.512,250,0.42000000000000004,0.5120000000000001,0.17771464646464646,False,False,5,0,250,0.512,,,surface_topology
domain,perplexity_sonar_pro,POOLED,True,250,0.42,0.512,0.15862068965517245,False,False,5,0,250,0.512,250,0.42,0.512,0.15862068965517245,False,False,5,0,250,0.512,,,surface_topology
domain,perplexity_sonar_pro,MACRO,False,250,0.42000000000000004,0.5120000000000001,0.17771464646464646,False,False,5,0,250,0.512,250,0.42000000000000004,0.5120000000000001,0.17771464646464646,False,False,5,0,250,0.512,,,surface_topology
domain,perplexity_sonar_pro,POOLED,False,250,0.42,0.512,0.15862068965517245,False,False,5,0,250,0.512,250,0.42,0.512,0.15862068965517245,False,False,5,0,250,0.512,,,surface_topology
domain,perplexity_sonar_pro,MACRO,True,200,0.41500000000000004,0.545,0.248129117259552,False,False,4,1,250,0.564,200,0.41500000000000004,0.625,0.3693412384716732,False,False,4,1,250,0.628,,,symmetry_pattern
domain,perplexity_sonar_pro,POOLED,True,200,0.415,0.545,0.22222222222222235,False,False,4,1,250,0.564,200,0.415,0.625,0.35897435897435903,False,False,4,1,250,0.628,,,symmetry_pattern
domain,perplexity_sonar_pro,MACRO,False,200,0.41500000000000004,0.545,0.248129117259552,False,False,4,1,250,0.564,200,0.41500000000000004,0.625,0.3693412384716732,False,False,4,1,250,0.628,,,symmetry_pattern
domain,perplexity_sonar_pro,POOLED,False,200,0.415,0.545,0.22222222222222235,False,False,4,1,250,0.564,200,0.415,0.625,0.35897435897435903,False,False,4,1,250,0.628,,,symmetry_pattern
