question_id,image,acceptance_set,targets,target,target_coordinates,nearest_labels,nearest_distance,farthest_labels,farthest_distance
coordinate_geometry_0001_open_q1,coordinate_geometry_0001.png,"[""target=B; target_coordinates=[-5, 7]; nearest_labels=['A']; nearest_distance=7.07; farthest_labels=['A']; farthest_distance=7.07""]","[""B""]",B,"[-5,7]","[""A""]",7.07,"[""A""]",7.07
coordinate_geometry_0002_open_q1,coordinate_geometry_0002.png,"[""target=C; target_coordinates=[4, 6]; nearest_labels=['B']; nearest_distance=2.24; farthest_labels=['A']; farthest_distance=8.94""]","[""C""]",C,"[4,6]","[""B""]",2.24,"[""A""]",8.94
coordinate_geometry_0003_open_q1,coordinate_geometry_0003.png,"[""target=D; target_coordinates=[7, 4]; nearest_labels=['C']; nearest_distance=7.28; farthest_labels=['A']; farthest_distance=15.26""]","[""D""]",D,"[7,4]","[""C""]",7.28,"[""A""]",15.26
coordinate_geometry_0004_open_q1,coordinate_geometry_0004.png,"[""target=B; target_coordinates=[7, -4]; nearest_labels=['A']; nearest_distance=14.42; farthest_labels=['A']; farthest_distance=14.42""]","[""B""]",B,"[7,-4]","[""A""]",14.42,"[""A""]",14.42
coordinate_geometry_0005_open_q1,coordinate_geometry_0005.png,"[""target=B; target_coordinates=[-1, -2]; nearest_labels=['A']; nearest_distance=6.71; farthest_labels=['C']; farthest_distance=8.94""]","[""B""]",B,"[-1,-2]","[""A""]",6.71,"[""C""]",8.94
coordinate_geometry_0006_open_q1,coordinate_geometry_0006.png,"[""target=C; target_coordinates=[-2, 2]; nearest_labels=['B']; nearest_distance=3; farthest_labels=['D']; farthest_distance=9.06""]","[""C""]",C,"[-2,2]","[""B""]",3,"[""D""]",9.06
coordinate_geometry_0007_open_q1,coordinate_geometry_0007.png,"[""target=A; target_coordinates=[4, -7]; nearest_labels=['B']; nearest_distance=10.2; farthest_labels=['B']; farthest_distance=10.2""]","[""A""]",A,"[4,-7]","[""B""]",10.2,"[""B""]",10.2
coordinate_geometry_0008_open_q1,coordinate_geometry_0008.png,"[""target=B; target_coordinates=[-4, -1]; nearest_labels=['A']; nearest_distance=2.24; farthest_labels=['C']; farthest_distance=4.47""]","[""B""]",B,"[-4,-1]","[""A""]",2.24,"[""C""]",4.47
coordinate_geometry_0009_open_q1,coordinate_geometry_0009.png,"[""target=C; target_coordinates=[-2, 0]; nearest_labels=['B']; nearest_distance=4.47; farthest_labels=['D']; farthest_distance=11.66""]","[""C""]",C,"[-2,0]","[""B""]",4.47,"[""D""]",11.66
coordinate_geometry_0010_open_q1,coordinate_geometry_0010.png,"[""target=B; target_coordinates=[-8, -2]; nearest_labels=['A']; nearest_distance=15.81; farthest_labels=['A']; farthest_distance=15.81""]","[""B""]",B,"[-8,-2]","[""A""]",15.81,"[""A""]",15.81
coordinate_geometry_0011_open_q1,coordinate_geometry_0011.png,"[""target=B; target_coordinates=[1, 3]; nearest_labels=['A']; nearest_distance=4.47; farthest_labels=['C']; farthest_distance=8.94""]","[""B""]",B,"[1,3]","[""A""]",4.47,"[""C""]",8.94
coordinate_geometry_0012_open_q1,coordinate_geometry_0012.png,"[""target=B; target_coordinates=[-2, -3]; nearest_labels=['A']; nearest_distance=4.47; farthest_labels=['D']; farthest_distance=9.22""]","[""B""]",B,"[-2,-3]","[""A""]",4.47,"[""D""]",9.22
coordinate_geometry_0013_open_q1,coordinate_geometry_0013.png,"[""target=A; target_coordinates=[-3, -4]; nearest_labels=['B']; nearest_distance=3.61; farthest_labels=['B']; farthest_distance=3.61""]","[""A""]",A,"[-3,-4]","[""B""]",3.61,"[""B""]",3.61
coordinate_geometry_0014_open_q1,coordinate_geometry_0014.png,"[""target=A; target_coordinates=[-4, 3]; nearest_labels=['B']; nearest_distance=2.83; farthest_labels=['C']; farthest_distance=8.49""]","[""A""]",A,"[-4,3]","[""B""]",2.83,"[""C""]",8.49
coordinate_geometry_0015_open_q1,coordinate_geometry_0015.png,"[""target=D; target_coordinates=[-1, 1]; nearest_labels=['A']; nearest_distance=3; farthest_labels=['C']; farthest_distance=8.6""]","[""D""]",D,"[-1,1]","[""A""]",3,"[""C""]",8.6
coordinate_geometry_0016_open_q1,coordinate_geometry_0016.png,"[""target=A; target_coordinates=[7, 1]; nearest_labels=['B']; nearest_distance=2.83; farthest_labels=['B']; farthest_distance=2.83""]","[""A""]",A,"[7,1]","[""B""]",2.83,"[""B""]",2.83
coordinate_geometry_0017_open_q1,coordinate_geometry_0017.png,"[""target=C; target_coordinates=[4, 1]; nearest_labels=['B']; nearest_distance=2.24; farthest_labels=['A']; farthest_distance=8.94""]","[""C""]",C,"[4,1]","[""B""]",2.24,"[""A""]",8.94
coordinate_geometry_0018_open_q1,coordinate_geometry_0018.png,"[""target=B; target_coordinates=[-1, 4]; nearest_labels=['C']; nearest_distance=2.24; farthest_labels=['A']; farthest_distance=4.47""]","[""B""]",B,"[-1,4]","[""C""]",2.24,"[""A""]",4.47
coordinate_geometry_0019_open_q1,coordinate_geometry_0019.png,"[""target=B; target_coordinates=[8, -2]; nearest_labels=['A']; nearest_distance=3; farthest_labels=['A']; farthest_distance=3""]","[""B""]",B,"[8,-2]","[""A""]",3,"[""A""]",3
coordinate_geometry_0020_open_q1,coordinate_geometry_0020.png,"[""target=C; target_coordinates=[2, 4]; nearest_labels=['B']; nearest_distance=2.83; farthest_labels=['A']; farthest_distance=7.07""]","[""C""]",C,"[2,4]","[""B""]",2.83,"[""A""]",7.07
coordinate_geometry_0021_open_q1,coordinate_geometry_0021.png,"[""target=B; target_coordinates=[3, -1]; nearest_labels=['C']; nearest_distance=2.24; farthest_labels=['D']; farthest_distance=5.39""]","[""B""]",B,"[3,-1]","[""C""]",2.24,"[""D""]",5.39
coordinate_geometry_0022_open_q1,coordinate_geometry_0022.png,"[""target=B; target_coordinates=[-3, -5]; nearest_labels=['A']; nearest_distance=12.08; farthest_labels=['A']; farthest_distance=12.08""]","[""B""]",B,"[-3,-5]","[""A""]",12.08,"[""A""]",12.08
coordinate_geometry_0023_open_q1,coordinate_geometry_0023.png,"[""target=A; target_coordinates=[-1, -6]; nearest_labels=['B']; nearest_distance=2.24; farthest_labels=['C']; farthest_distance=13.42""]","[""A""]",A,"[-1,-6]","[""B""]",2.24,"[""C""]",13.42
coordinate_geometry_0024_open_q1,coordinate_geometry_0024.png,"[""target=A; target_coordinates=[-8, -1]; nearest_labels=['B']; nearest_distance=6.71; farthest_labels=['C']; farthest_distance=15.65""]","[""A""]",A,"[-8,-1]","[""B""]",6.71,"[""C""]",15.65
coordinate_geometry_0025_open_q1,coordinate_geometry_0025.png,"[""target=A; target_coordinates=[-8, -2]; nearest_labels=['B']; nearest_distance=12.73; farthest_labels=['B']; farthest_distance=12.73""]","[""A""]",A,"[-8,-2]","[""B""]",12.73,"[""B""]",12.73
coordinate_geometry_0026_open_q1,coordinate_geometry_0026.png,"[""target=C; target_coordinates=[4, -6]; nearest_labels=['B']; nearest_distance=2.24; farthest_labels=['A']; farthest_distance=11.18""]","[""C""]",C,"[4,-6]","[""B""]",2.24,"[""A""]",11.18
coordinate_geometry_0027_open_q1,coordinate_geometry_0027.png,"[""target=D; target_coordinates=[-8, 7]; nearest_labels=['A']; nearest_distance=3.16; farthest_labels=['C']; farthest_distance=15.81""]","[""D""]",D,"[-8,7]","[""A""]",3.16,"[""C""]",15.81
coordinate_geometry_0028_open_q1,coordinate_geometry_0028.png,"[""target=A; target_coordinates=[-4, -3]; nearest_labels=['B']; nearest_distance=3.16; farthest_labels=['B']; farthest_distance=3.16""]","[""A""]",A,"[-4,-3]","[""B""]",3.16,"[""B""]",3.16
coordinate_geometry_0029_open_q1,coordinate_geometry_0029.png,"[""target=C; target_coordinates=[3, 4]; nearest_labels=['A']; nearest_distance=3; farthest_labels=['B']; farthest_distance=9.85""]","[""C""]",C,"[3,4]","[""A""]",3,"[""B""]",9.85
coordinate_geometry_0030_open_q1,coordinate_geometry_0030.png,"[""target=B; target_coordinates=[0, -7]; nearest_labels=['D']; nearest_distance=4.12; farthest_labels=['C']; farthest_distance=11.7""]","[""B""]",B,"[0,-7]","[""D""]",4.12,"[""C""]",11.7
coordinate_geometry_0031_open_q1,coordinate_geometry_0031.png,"[""target=A; target_coordinates=[-5, 4]; nearest_labels=['B']; nearest_distance=11.05; farthest_labels=['B']; farthest_distance=11.05""]","[""A""]",A,"[-5,4]","[""B""]",11.05,"[""B""]",11.05
coordinate_geometry_0032_open_q1,coordinate_geometry_0032.png,"[""target=B; target_coordinates=[8, 2]; nearest_labels=['A']; nearest_distance=13; farthest_labels=['C']; farthest_distance=16.16""]","[""B""]",B,"[8,2]","[""A""]",13,"[""C""]",16.16
coordinate_geometry_0033_open_q1,coordinate_geometry_0033.png,"[""target=A; target_coordinates=[7, -7]; nearest_labels=['B']; nearest_distance=7.28; farthest_labels=['D']; farthest_distance=12""]","[""A""]",A,"[7,-7]","[""B""]",7.28,"[""D""]",12
coordinate_geometry_0034_open_q1,coordinate_geometry_0034.png,"[""target=B; target_coordinates=[-8, 4]; nearest_labels=['A']; nearest_distance=5; farthest_labels=['A']; farthest_distance=5""]","[""B""]",B,"[-8,4]","[""A""]",5,"[""A""]",5
coordinate_geometry_0035_open_q1,coordinate_geometry_0035.png,"[""target=C; target_coordinates=[-5, 3]; nearest_labels=['B']; nearest_distance=5; farthest_labels=['A']; farthest_distance=5.39""]","[""C""]",C,"[-5,3]","[""B""]",5,"[""A""]",5.39
coordinate_geometry_0036_open_q1,coordinate_geometry_0036.png,"[""target=B; target_coordinates=[-6, -8]; nearest_labels=['A']; nearest_distance=9.22; farthest_labels=['C']; farthest_distance=14.87""]","[""B""]",B,"[-6,-8]","[""A""]",9.22,"[""C""]",14.87
coordinate_geometry_0037_open_q1,coordinate_geometry_0037.png,"[""target=A; target_coordinates=[-6, 8]; nearest_labels=['B']; nearest_distance=5.1; farthest_labels=['B']; farthest_distance=5.1""]","[""A""]",A,"[-6,8]","[""B""]",5.1,"[""B""]",5.1
coordinate_geometry_0038_open_q1,coordinate_geometry_0038.png,"[""target=C; target_coordinates=[6, 3]; nearest_labels=['A']; nearest_distance=8.06; farthest_labels=['B']; farthest_distance=12""]","[""C""]",C,"[6,3]","[""A""]",8.06,"[""B""]",12
coordinate_geometry_0039_open_q1,coordinate_geometry_0039.png,"[""target=A; target_coordinates=[-3, -8]; nearest_labels=['B']; nearest_distance=4.47; farthest_labels=['D']; farthest_distance=13.15""]","[""A""]",A,"[-3,-8]","[""B""]",4.47,"[""D""]",13.15
coordinate_geometry_0040_open_q1,coordinate_geometry_0040.png,"[""target=A; target_coordinates=[8, -7]; nearest_labels=['B']; nearest_distance=12.04; farthest_labels=['B']; farthest_distance=12.04""]","[""A""]",A,"[8,-7]","[""B""]",12.04,"[""B""]",12.04
coordinate_geometry_0041_open_q1,coordinate_geometry_0041.png,"[""target=B; target_coordinates=[4, 1]; nearest_labels=['C']; nearest_distance=5; farthest_labels=['A']; farthest_distance=6.4""]","[""B""]",B,"[4,1]","[""C""]",5,"[""A""]",6.4
coordinate_geometry_0042_open_q1,coordinate_geometry_0042.png,"[""target=A; target_coordinates=[-8, 0]; nearest_labels=['D']; nearest_distance=5.39; farthest_labels=['B']; farthest_distance=7.07""]","[""A""]",A,"[-8,0]","[""D""]",5.39,"[""B""]",7.07
coordinate_geometry_0043_open_q1,coordinate_geometry_0043.png,"[""target=B; target_coordinates=[3, -5]; nearest_labels=['A']; nearest_distance=13.04; farthest_labels=['A']; farthest_distance=13.04""]","[""B""]",B,"[3,-5]","[""A""]",13.04,"[""A""]",13.04
coordinate_geometry_0044_open_q1,coordinate_geometry_0044.png,"[""target=A; target_coordinates=[-5, -3]; nearest_labels=['C']; nearest_distance=7.81; farthest_labels=['B']; farthest_distance=9.22""]","[""A""]",A,"[-5,-3]","[""C""]",7.81,"[""B""]",9.22
coordinate_geometry_0045_open_q1,coordinate_geometry_0045.png,"[""target=C; target_coordinates=[2, -8]; nearest_labels=['A']; nearest_distance=9.43; farthest_labels=['D']; farthest_distance=17""]","[""C""]",C,"[2,-8]","[""A""]",9.43,"[""D""]",17
coordinate_geometry_0046_open_q1,coordinate_geometry_0046.png,"[""target=B; target_coordinates=[8, -4]; nearest_labels=['A']; nearest_distance=15.3; farthest_labels=['A']; farthest_distance=15.3""]","[""B""]",B,"[8,-4]","[""A""]",15.3,"[""A""]",15.3
coordinate_geometry_0047_open_q1,coordinate_geometry_0047.png,"[""target=C; target_coordinates=[8, 4]; nearest_labels=['A']; nearest_distance=3.61; farthest_labels=['B']; farthest_distance=7.21""]","[""C""]",C,"[8,4]","[""A""]",3.61,"[""B""]",7.21
coordinate_geometry_0048_open_q1,coordinate_geometry_0048.png,"[""target=D; target_coordinates=[-3, -4]; nearest_labels=['A']; nearest_distance=5.39; farthest_labels=['C']; farthest_distance=11.05""]","[""D""]",D,"[-3,-4]","[""A""]",5.39,"[""C""]",11.05
coordinate_geometry_0049_open_q1,coordinate_geometry_0049.png,"[""target=A; target_coordinates=[5, -5]; nearest_labels=['B']; nearest_distance=13.34; farthest_labels=['B']; farthest_distance=13.34""]","[""A""]",A,"[5,-5]","[""B""]",13.34,"[""B""]",13.34
coordinate_geometry_0050_open_q1,coordinate_geometry_0050.png,"[""target=C; target_coordinates=[-6, 2]; nearest_labels=['A']; nearest_distance=9.49; farthest_labels=['B']; farthest_distance=13""]","[""C""]",C,"[-6,2]","[""A""]",9.49,"[""B""]",13
coordinate_geometry_0051_open_q1,coordinate_geometry_0051.png,"[""target=B; target_coordinates=[-1, 0]; nearest_labels=['A']; nearest_distance=2.24; farthest_labels=['D']; farthest_distance=9.22""]","[""B""]",B,"[-1,0]","[""A""]",2.24,"[""D""]",9.22
coordinate_geometry_0052_open_q1,coordinate_geometry_0052.png,"[""target=B; target_coordinates=[3, 5]; nearest_labels=['A']; nearest_distance=5.39; farthest_labels=['A']; farthest_distance=5.39""]","[""B""]",B,"[3,5]","[""A""]",5.39,"[""A""]",5.39
coordinate_geometry_0053_open_q1,coordinate_geometry_0053.png,"[""target=C; target_coordinates=[-4, 0]; nearest_labels=['B']; nearest_distance=3.16; farthest_labels=['A']; farthest_distance=8.06""]","[""C""]",C,"[-4,0]","[""B""]",3.16,"[""A""]",8.06
coordinate_geometry_0054_open_q1,coordinate_geometry_0054.png,"[""target=C; target_coordinates=[-1, 6]; nearest_labels=['A']; nearest_distance=2.24; farthest_labels=['B']; farthest_distance=8.25""]","[""C""]",C,"[-1,6]","[""A""]",2.24,"[""B""]",8.25
coordinate_geometry_0055_open_q1,coordinate_geometry_0055.png,"[""target=A; target_coordinates=[-4, 1]; nearest_labels=['B']; nearest_distance=4.47; farthest_labels=['B']; farthest_distance=4.47""]","[""A""]",A,"[-4,1]","[""B""]",4.47,"[""B""]",4.47
coordinate_geometry_0056_open_q1,coordinate_geometry_0056.png,"[""target=A; target_coordinates=[7, 8]; nearest_labels=['B']; nearest_distance=6.71; farthest_labels=['C']; farthest_distance=15.26""]","[""A""]",A,"[7,8]","[""B""]",6.71,"[""C""]",15.26
coordinate_geometry_0057_open_q1,coordinate_geometry_0057.png,"[""target=D; target_coordinates=[-5, 7]; nearest_labels=['C']; nearest_distance=9.49; farthest_labels=['B']; farthest_distance=13.6""]","[""D""]",D,"[-5,7]","[""C""]",9.49,"[""B""]",13.6
coordinate_geometry_0058_open_q1,coordinate_geometry_0058.png,"[""target=A; target_coordinates=[-2, -2]; nearest_labels=['B']; nearest_distance=5; farthest_labels=['B']; farthest_distance=5""]","[""A""]",A,"[-2,-2]","[""B""]",5,"[""B""]",5
coordinate_geometry_0059_open_q1,coordinate_geometry_0059.png,"[""target=A; target_coordinates=[6, -8]; nearest_labels=['B']; nearest_distance=13.45; farthest_labels=['C']; farthest_distance=14""]","[""A""]",A,"[6,-8]","[""B""]",13.45,"[""C""]",14
coordinate_geometry_0060_open_q1,coordinate_geometry_0060.png,"[""target=C; target_coordinates=[6, 2]; nearest_labels=['B']; nearest_distance=8.6; farthest_labels=['D']; farthest_distance=15.26""]","[""C""]",C,"[6,2]","[""B""]",8.6,"[""D""]",15.26
coordinate_geometry_0061_open_q1,coordinate_geometry_0061.png,"[""target=A; target_coordinates=[-2, 2]; nearest_labels=['B']; nearest_distance=3; farthest_labels=['B']; farthest_distance=3""]","[""A""]",A,"[-2,2]","[""B""]",3,"[""B""]",3
coordinate_geometry_0062_open_q1,coordinate_geometry_0062.png,"[""target=C; target_coordinates=[3, 2]; nearest_labels=['B']; nearest_distance=8.49; farthest_labels=['A']; farthest_distance=11.31""]","[""C""]",C,"[3,2]","[""B""]",8.49,"[""A""]",11.31
coordinate_geometry_0063_open_q1,coordinate_geometry_0063.png,"[""target=A; target_coordinates=[-2, 1]; nearest_labels=['B']; nearest_distance=2.24; farthest_labels=['D']; farthest_distance=8.06""]","[""A""]",A,"[-2,1]","[""B""]",2.24,"[""D""]",8.06
coordinate_geometry_0064_open_q1,coordinate_geometry_0064.png,"[""target=A; target_coordinates=[4, -8]; nearest_labels=['B']; nearest_distance=10; farthest_labels=['B']; farthest_distance=10""]","[""A""]",A,"[4,-8]","[""B""]",10,"[""B""]",10
coordinate_geometry_0065_open_q1,coordinate_geometry_0065.png,"[""target=C; target_coordinates=[5, -6]; nearest_labels=['B']; nearest_distance=2.83; farthest_labels=['A']; farthest_distance=7.07""]","[""C""]",C,"[5,-6]","[""B""]",2.83,"[""A""]",7.07
coordinate_geometry_0066_open_q1,coordinate_geometry_0066.png,"[""target=B; target_coordinates=[-2, 3]; nearest_labels=['A']; nearest_distance=2.24; farthest_labels=['C']; farthest_distance=8.94""]","[""B""]",B,"[-2,3]","[""A""]",2.24,"[""C""]",8.94
coordinate_geometry_0067_open_q1,coordinate_geometry_0067.png,"[""target=B; target_coordinates=[5, 0]; nearest_labels=['A']; nearest_distance=6; farthest_labels=['A']; farthest_distance=6""]","[""B""]",B,"[5,0]","[""A""]",6,"[""A""]",6
coordinate_geometry_0068_open_q1,coordinate_geometry_0068.png,"[""target=A; target_coordinates=[-1, 2]; nearest_labels=['B']; nearest_distance=4.47; farthest_labels=['C']; farthest_distance=6.71""]","[""A""]",A,"[-1,2]","[""B""]",4.47,"[""C""]",6.71
coordinate_geometry_0069_open_q1,coordinate_geometry_0069.png,"[""target=A; target_coordinates=[2, 1]; nearest_labels=['B']; nearest_distance=2.24; farthest_labels=['D']; farthest_distance=7.21""]","[""A""]",A,"[2,1]","[""B""]",2.24,"[""D""]",7.21
coordinate_geometry_0070_open_q1,coordinate_geometry_0070.png,"[""target=A; target_coordinates=[6, 6]; nearest_labels=['B']; nearest_distance=10.77; farthest_labels=['B']; farthest_distance=10.77""]","[""A""]",A,"[6,6]","[""B""]",10.77,"[""B""]",10.77
coordinate_geometry_0071_open_q1,coordinate_geometry_0071.png,"[""target=A; target_coordinates=[-3, 3]; nearest_labels=['B']; nearest_distance=2.24; farthest_labels=['C']; farthest_distance=11.18""]","[""A""]",A,"[-3,3]","[""B""]",2.24,"[""C""]",11.18
coordinate_geometry_0072_open_q1,coordinate_geometry_0072.png,"[""target=D; target_coordinates=[-1, 3]; nearest_labels=['B']; nearest_distance=3.16; farthest_labels=['C']; farthest_distance=9.22""]","[""D""]",D,"[-1,3]","[""B""]",3.16,"[""C""]",9.22
coordinate_geometry_0073_open_q1,coordinate_geometry_0073.png,"[""target=B; target_coordinates=[-3, 6]; nearest_labels=['A']; nearest_distance=11.05; farthest_labels=['A']; farthest_distance=11.05""]","[""B""]",B,"[-3,6]","[""A""]",11.05,"[""A""]",11.05
coordinate_geometry_0074_open_q1,coordinate_geometry_0074.png,"[""target=C; target_coordinates=[8, 6]; nearest_labels=['B']; nearest_distance=2.24; farthest_labels=['A']; farthest_distance=13.42""]","[""C""]",C,"[8,6]","[""B""]",2.24,"[""A""]",13.42
coordinate_geometry_0075_open_q1,coordinate_geometry_0075.png,"[""target=D; target_coordinates=[3, -5]; nearest_labels=['B']; nearest_distance=5.1; farthest_labels=['A']; farthest_distance=13.45""]","[""D""]",D,"[3,-5]","[""B""]",5.1,"[""A""]",13.45
coordinate_geometry_0076_open_q1,coordinate_geometry_0076.png,"[""target=B; target_coordinates=[1, -7]; nearest_labels=['A']; nearest_distance=5.83; farthest_labels=['A']; farthest_distance=5.83""]","[""B""]",B,"[1,-7]","[""A""]",5.83,"[""A""]",5.83
coordinate_geometry_0077_open_q1,coordinate_geometry_0077.png,"[""target=A; target_coordinates=[-3, 1]; nearest_labels=['B']; nearest_distance=4.24; farthest_labels=['C']; farthest_distance=7.07""]","[""A""]",A,"[-3,1]","[""B""]",4.24,"[""C""]",7.07
coordinate_geometry_0078_open_q1,coordinate_geometry_0078.png,"[""target=B; target_coordinates=[-2, -4]; nearest_labels=['A']; nearest_distance=2.24; farthest_labels=['C']; farthest_distance=8.94""]","[""B""]",B,"[-2,-4]","[""A""]",2.24,"[""C""]",8.94
coordinate_geometry_0079_open_q1,coordinate_geometry_0079.png,"[""target=B; target_coordinates=[-1, -1]; nearest_labels=['A']; nearest_distance=4.47; farthest_labels=['A']; farthest_distance=4.47""]","[""B""]",B,"[-1,-1]","[""A""]",4.47,"[""A""]",4.47
coordinate_geometry_0080_open_q1,coordinate_geometry_0080.png,"[""target=A; target_coordinates=[-2, -6]; nearest_labels=['B']; nearest_distance=2.24; farthest_labels=['C']; farthest_distance=13.42""]","[""A""]",A,"[-2,-6]","[""B""]",2.24,"[""C""]",13.42
coordinate_geometry_0081_open_q1,coordinate_geometry_0081.png,"[""target=A; target_coordinates=[-3, -3]; nearest_labels=['B']; nearest_distance=6.71; farthest_labels=['C']; farthest_distance=11.18""]","[""A""]",A,"[-3,-3]","[""B""]",6.71,"[""C""]",11.18
coordinate_geometry_0082_open_q1,coordinate_geometry_0082.png,"[""target=B; target_coordinates=[1, -3]; nearest_labels=['A']; nearest_distance=12.53; farthest_labels=['A']; farthest_distance=12.53""]","[""B""]",B,"[1,-3]","[""A""]",12.53,"[""A""]",12.53
coordinate_geometry_0083_open_q1,coordinate_geometry_0083.png,"[""target=A; target_coordinates=[-6, 2]; nearest_labels=['B']; nearest_distance=2.83; farthest_labels=['C']; farthest_distance=9.9""]","[""A""]",A,"[-6,2]","[""B""]",2.83,"[""C""]",9.9
coordinate_geometry_0084_open_q1,coordinate_geometry_0084.png,"[""target=D; target_coordinates=[6, 7]; nearest_labels=['C']; nearest_distance=8.54; farthest_labels=['A']; farthest_distance=12.81""]","[""D""]",D,"[6,7]","[""C""]",8.54,"[""A""]",12.81
coordinate_geometry_0085_open_q1,coordinate_geometry_0085.png,"[""target=A; target_coordinates=[-5, 2]; nearest_labels=['B']; nearest_distance=4.24; farthest_labels=['B']; farthest_distance=4.24""]","[""A""]",A,"[-5,2]","[""B""]",4.24,"[""B""]",4.24
coordinate_geometry_0086_open_q1,coordinate_geometry_0086.png,"[""target=A; target_coordinates=[-2, 5]; nearest_labels=['B']; nearest_distance=2.24; farthest_labels=['C']; farthest_distance=11.18""]","[""A""]",A,"[-2,5]","[""B""]",2.24,"[""C""]",11.18
coordinate_geometry_0087_open_q1,coordinate_geometry_0087.png,"[""target=C; target_coordinates=[-2, 1]; nearest_labels=['B']; nearest_distance=2.24; farthest_labels=['D']; farthest_distance=12.21""]","[""C""]",C,"[-2,1]","[""B""]",2.24,"[""D""]",12.21
coordinate_geometry_0088_open_q1,coordinate_geometry_0088.png,"[""target=B; target_coordinates=[-8, 8]; nearest_labels=['A']; nearest_distance=14.87; farthest_labels=['A']; farthest_distance=14.87""]","[""B""]",B,"[-8,8]","[""A""]",14.87,"[""A""]",14.87
coordinate_geometry_0089_open_q1,coordinate_geometry_0089.png,"[""target=B; target_coordinates=[3, -6]; nearest_labels=['A']; nearest_distance=3.61; farthest_labels=['C']; farthest_distance=13.04""]","[""B""]",B,"[3,-6]","[""A""]",3.61,"[""C""]",13.04
coordinate_geometry_0090_open_q1,coordinate_geometry_0090.png,"[""target=C; target_coordinates=[6, 1]; nearest_labels=['B']; nearest_distance=5.39; farthest_labels=['A']; farthest_distance=13.42""]","[""C""]",C,"[6,1]","[""B""]",5.39,"[""A""]",13.42
coordinate_geometry_0091_open_q1,coordinate_geometry_0091.png,"[""target=A; target_coordinates=[-3, -3]; nearest_labels=['B']; nearest_distance=11.4; farthest_labels=['B']; farthest_distance=11.4""]","[""A""]",A,"[-3,-3]","[""B""]",11.4,"[""B""]",11.4
coordinate_geometry_0092_open_q1,coordinate_geometry_0092.png,"[""target=B; target_coordinates=[8, 7]; nearest_labels=['A']; nearest_distance=14.42; farthest_labels=['C']; farthest_distance=17.03""]","[""B""]",B,"[8,7]","[""A""]",14.42,"[""C""]",17.03
coordinate_geometry_0093_open_q1,coordinate_geometry_0093.png,"[""target=B; target_coordinates=[-5, 3]; nearest_labels=['D']; nearest_distance=5.1; farthest_labels=['C']; farthest_distance=12.04""]","[""B""]",B,"[-5,3]","[""D""]",5.1,"[""C""]",12.04
coordinate_geometry_0094_open_q1,coordinate_geometry_0094.png,"[""target=A; target_coordinates=[-5, 0]; nearest_labels=['B']; nearest_distance=7.81; farthest_labels=['B']; farthest_distance=7.81""]","[""A""]",A,"[-5,0]","[""B""]",7.81,"[""B""]",7.81
coordinate_geometry_0095_open_q1,coordinate_geometry_0095.png,"[""target=B; target_coordinates=[7, -8]; nearest_labels=['A']; nearest_distance=4.12; farthest_labels=['C']; farthest_distance=11""]","[""B""]",B,"[7,-8]","[""A""]",4.12,"[""C""]",11
coordinate_geometry_0096_open_q1,coordinate_geometry_0096.png,"[""target=D; target_coordinates=[-3, 5]; nearest_labels=['B']; nearest_distance=3.61; farthest_labels=['C']; farthest_distance=13.6""]","[""D""]",D,"[-3,5]","[""B""]",3.61,"[""C""]",13.6
coordinate_geometry_0097_open_q1,coordinate_geometry_0097.png,"[""target=A; target_coordinates=[3, -7]; nearest_labels=['B']; nearest_distance=11; farthest_labels=['B']; farthest_distance=11""]","[""A""]",A,"[3,-7]","[""B""]",11,"[""B""]",11
coordinate_geometry_0098_open_q1,coordinate_geometry_0098.png,"[""target=C; target_coordinates=[7, 1]; nearest_labels=['B']; nearest_distance=8.25; farthest_labels=['A']; farthest_distance=14.14""]","[""C""]",C,"[7,1]","[""B""]",8.25,"[""A""]",14.14
coordinate_geometry_0099_open_q1,coordinate_geometry_0099.png,"[""target=D; target_coordinates=[0, 4]; nearest_labels=['B']; nearest_distance=5.1; farthest_labels=['C']; farthest_distance=10.77""]","[""D""]",D,"[0,4]","[""B""]",5.1,"[""C""]",10.77
coordinate_geometry_0100_open_q1,coordinate_geometry_0100.png,"[""target=B; target_coordinates=[4, 3]; nearest_labels=['A']; nearest_distance=6.32; farthest_labels=['A']; farthest_distance=6.32""]","[""B""]",B,"[4,3]","[""A""]",6.32,"[""A""]",6.32
coordinate_geometry_0101_open_q1,coordinate_geometry_0101.png,"[""target=A; target_coordinates=[3, 6]; nearest_labels=['C']; nearest_distance=8.6; farthest_labels=['B']; farthest_distance=10.2""]","[""A""]",A,"[3,6]","[""C""]",8.6,"[""B""]",10.2
coordinate_geometry_0102_open_q1,coordinate_geometry_0102.png,"[""target=C; target_coordinates=[1, 5]; nearest_labels=['B']; nearest_distance=4.12; farthest_labels=['D']; farthest_distance=8.54""]","[""C""]",C,"[1,5]","[""B""]",4.12,"[""D""]",8.54
coordinate_geometry_0103_open_q1,coordinate_geometry_0103.png,"[""target=B; target_coordinates=[-5, 4]; nearest_labels=['A']; nearest_distance=10.44; farthest_labels=['A']; farthest_distance=10.44""]","[""B""]",B,"[-5,4]","[""A""]",10.44,"[""A""]",10.44
coordinate_geometry_0104_open_q1,coordinate_geometry_0104.png,"[""target=C; target_coordinates=[4, 2]; nearest_labels=['B']; nearest_distance=6.32; farthest_labels=['A']; farthest_distance=9.06""]","[""C""]",C,"[4,2]","[""B""]",6.32,"[""A""]",9.06
coordinate_geometry_0105_open_q1,coordinate_geometry_0105.png,"[""target=B; target_coordinates=[1, 8]; nearest_labels=['D']; nearest_distance=6.4; farthest_labels=['A']; farthest_distance=17.09""]","[""B""]",B,"[1,8]","[""D""]",6.4,"[""A""]",17.09
coordinate_geometry_0106_open_q1,coordinate_geometry_0106.png,"[""target=B; target_coordinates=[7, -7]; nearest_labels=['A']; nearest_distance=21.21; farthest_labels=['A']; farthest_distance=21.21""]","[""B""]",B,"[7,-7]","[""A""]",21.21,"[""A""]",21.21
coordinate_geometry_0107_open_q1,coordinate_geometry_0107.png,"[""target=B; target_coordinates=[1, -4]; nearest_labels=['C']; nearest_distance=4.12; farthest_labels=['A']; farthest_distance=11.7""]","[""B""]",B,"[1,-4]","[""C""]",4.12,"[""A""]",11.7
coordinate_geometry_0108_open_q1,coordinate_geometry_0108.png,"[""target=C; target_coordinates=[-2, -6]; nearest_labels=['D']; nearest_distance=5; farthest_labels=['A']; farthest_distance=10.77""]","[""C""]",C,"[-2,-6]","[""D""]",5,"[""A""]",10.77
coordinate_geometry_0109_open_q1,coordinate_geometry_0109.png,"[""target=A; target_coordinates=[6, 6]; nearest_labels=['B']; nearest_distance=17.03; farthest_labels=['B']; farthest_distance=17.03""]","[""A""]",A,"[6,6]","[""B""]",17.03,"[""B""]",17.03
coordinate_geometry_0110_open_q1,coordinate_geometry_0110.png,"[""target=B; target_coordinates=[7, 0]; nearest_labels=['A']; nearest_distance=9.43; farthest_labels=['C']; farthest_distance=13.93""]","[""B""]",B,"[7,0]","[""A""]",9.43,"[""C""]",13.93
coordinate_geometry_0111_open_q1,coordinate_geometry_0111.png,"[""target=A; target_coordinates=[7, -2]; nearest_labels=['D']; nearest_distance=2.24; farthest_labels=['C']; farthest_distance=10""]","[""A""]",A,"[7,-2]","[""D""]",2.24,"[""C""]",10
coordinate_geometry_0112_open_q1,coordinate_geometry_0112.png,"[""target=A; target_coordinates=[1, 6]; nearest_labels=['B']; nearest_distance=9.85; farthest_labels=['B']; farthest_distance=9.85""]","[""A""]",A,"[1,6]","[""B""]",9.85,"[""B""]",9.85
coordinate_geometry_0113_open_q1,coordinate_geometry_0113.png,"[""target=C; target_coordinates=[1, 7]; nearest_labels=['B']; nearest_distance=11; farthest_labels=['A']; farthest_distance=15.81""]","[""C""]",C,"[1,7]","[""B""]",11,"[""A""]",15.81
coordinate_geometry_0114_open_q1,coordinate_geometry_0114.png,"[""target=D; target_coordinates=[8, 8]; nearest_labels=['C']; nearest_distance=12; farthest_labels=['B']; farthest_distance=17.49""]","[""D""]",D,"[8,8]","[""C""]",12,"[""B""]",17.49
coordinate_geometry_0115_open_q1,coordinate_geometry_0115.png,"[""target=A; target_coordinates=[-5, -5]; nearest_labels=['B']; nearest_distance=9.22; farthest_labels=['B']; farthest_distance=9.22""]","[""A""]",A,"[-5,-5]","[""B""]",9.22,"[""B""]",9.22
coordinate_geometry_0116_open_q1,coordinate_geometry_0116.png,"[""target=C; target_coordinates=[7, 7]; nearest_labels=['A']; nearest_distance=16.16; farthest_labels=['B']; farthest_distance=16.28""]","[""C""]",C,"[7,7]","[""A""]",16.16,"[""B""]",16.28
coordinate_geometry_0117_open_q1,coordinate_geometry_0117.png,"[""target=D; target_coordinates=[8, 2]; nearest_labels=['B']; nearest_distance=6.4; farthest_labels=['A']; farthest_distance=11.7""]","[""D""]",D,"[8,2]","[""B""]",6.4,"[""A""]",11.7
coordinate_geometry_0118_open_q1,coordinate_geometry_0118.png,"[""target=A; target_coordinates=[-3, 1]; nearest_labels=['B']; nearest_distance=2.83; farthest_labels=['B']; farthest_distance=2.83""]","[""A""]",A,"[-3,1]","[""B""]",2.83,"[""B""]",2.83
coordinate_geometry_0119_open_q1,coordinate_geometry_0119.png,"[""target=A; target_coordinates=[5, -5]; nearest_labels=['C']; nearest_distance=6.32; farthest_labels=['B']; farthest_distance=14.87""]","[""A""]",A,"[5,-5]","[""C""]",6.32,"[""B""]",14.87
coordinate_geometry_0120_open_q1,coordinate_geometry_0120.png,"[""target=D; target_coordinates=[0, 2]; nearest_labels=['C']; nearest_distance=3.61; farthest_labels=['B']; farthest_distance=6""]","[""D""]",D,"[0,2]","[""C""]",3.61,"[""B""]",6
coordinate_geometry_0121_open_q1,coordinate_geometry_0121.png,"[""target=A; target_coordinates=[4, -3]; nearest_labels=['B']; nearest_distance=4; farthest_labels=['B']; farthest_distance=4""]","[""A""]",A,"[4,-3]","[""B""]",4,"[""B""]",4
coordinate_geometry_0122_open_q1,coordinate_geometry_0122.png,"[""target=C; target_coordinates=[3, 3]; nearest_labels=['B']; nearest_distance=2.24; farthest_labels=['A']; farthest_distance=11.18""]","[""C""]",C,"[3,3]","[""B""]",2.24,"[""A""]",11.18
coordinate_geometry_0123_open_q1,coordinate_geometry_0123.png,"[""target=D; target_coordinates=[-8, 1]; nearest_labels=['B']; nearest_distance=5.66; farthest_labels=['C']; farthest_distance=12.81""]","[""D""]",D,"[-8,1]","[""B""]",5.66,"[""C""]",12.81
coordinate_geometry_0124_open_q1,coordinate_geometry_0124.png,"[""target=B; target_coordinates=[-7, 5]; nearest_labels=['A']; nearest_distance=8.06; farthest_labels=['A']; farthest_distance=8.06""]","[""B""]",B,"[-7,5]","[""A""]",8.06,"[""A""]",8.06
coordinate_geometry_0125_open_q1,coordinate_geometry_0125.png,"[""target=C; target_coordinates=[4, 1]; nearest_labels=['B']; nearest_distance=6.71; farthest_labels=['A']; farthest_distance=8.94""]","[""C""]",C,"[4,1]","[""B""]",6.71,"[""A""]",8.94
coordinate_geometry_0126_open_q1,coordinate_geometry_0126.png,"[""target=B; target_coordinates=[-1, -1]; nearest_labels=['A']; nearest_distance=3; farthest_labels=['D']; farthest_distance=7.07""]","[""B""]",B,"[-1,-1]","[""A""]",3,"[""D""]",7.07
coordinate_geometry_0127_open_q1,coordinate_geometry_0127.png,"[""target=A; target_coordinates=[-5, -8]; nearest_labels=['B']; nearest_distance=8.54; farthest_labels=['B']; farthest_distance=8.54""]","[""A""]",A,"[-5,-8]","[""B""]",8.54,"[""B""]",8.54
coordinate_geometry_0128_open_q1,coordinate_geometry_0128.png,"[""target=C; target_coordinates=[2, 6]; nearest_labels=['B']; nearest_distance=11.18; farthest_labels=['A']; farthest_distance=15.65""]","[""C""]",C,"[2,6]","[""B""]",11.18,"[""A""]",15.65
coordinate_geometry_0129_open_q1,coordinate_geometry_0129.png,"[""target=B; target_coordinates=[-1, -1]; nearest_labels=['A']; nearest_distance=2.83; farthest_labels=['D']; farthest_distance=10.63""]","[""B""]",B,"[-1,-1]","[""A""]",2.83,"[""D""]",10.63
coordinate_geometry_0130_open_q1,coordinate_geometry_0130.png,"[""target=A; target_coordinates=[0, 6]; nearest_labels=['B']; nearest_distance=15.23; farthest_labels=['B']; farthest_distance=15.23""]","[""A""]",A,"[0,6]","[""B""]",15.23,"[""B""]",15.23
coordinate_geometry_0131_open_q1,coordinate_geometry_0131.png,"[""target=A; target_coordinates=[-3, 0]; nearest_labels=['B']; nearest_distance=6.71; farthest_labels=['C']; farthest_distance=8.94""]","[""A""]",A,"[-3,0]","[""B""]",6.71,"[""C""]",8.94
coordinate_geometry_0132_open_q1,coordinate_geometry_0132.png,"[""target=D; target_coordinates=[-8, -1]; nearest_labels=['A']; nearest_distance=3; farthest_labels=['C']; farthest_distance=16.76""]","[""D""]",D,"[-8,-1]","[""A""]",3,"[""C""]",16.76
coordinate_geometry_0133_open_q1,coordinate_geometry_0133.png,"[""target=A; target_coordinates=[7, 2]; nearest_labels=['B']; nearest_distance=10.3; farthest_labels=['B']; farthest_distance=10.3""]","[""A""]",A,"[7,2]","[""B""]",10.3,"[""B""]",10.3
coordinate_geometry_0134_open_q1,coordinate_geometry_0134.png,"[""target=A; target_coordinates=[-3, 2]; nearest_labels=['B']; nearest_distance=2.83; farthest_labels=['C']; farthest_distance=11.31""]","[""A""]",A,"[-3,2]","[""B""]",2.83,"[""C""]",11.31
coordinate_geometry_0135_open_q1,coordinate_geometry_0135.png,"[""target=A; target_coordinates=[-2, 1]; nearest_labels=['B']; nearest_distance=4.47; farthest_labels=['D']; farthest_distance=9.49""]","[""A""]",A,"[-2,1]","[""B""]",4.47,"[""D""]",9.49
coordinate_geometry_0136_open_q1,coordinate_geometry_0136.png,"[""target=A; target_coordinates=[8, -7]; nearest_labels=['B']; nearest_distance=14.32; farthest_labels=['B']; farthest_distance=14.32""]","[""A""]",A,"[8,-7]","[""B""]",14.32,"[""B""]",14.32
coordinate_geometry_0137_open_q1,coordinate_geometry_0137.png,"[""target=B; target_coordinates=[1, 0]; nearest_labels=['C']; nearest_distance=2.83; farthest_labels=['A']; farthest_distance=5.66""]","[""B""]",B,"[1,0]","[""C""]",2.83,"[""A""]",5.66
coordinate_geometry_0138_open_q1,coordinate_geometry_0138.png,"[""target=A; target_coordinates=[-3, 2]; nearest_labels=['B']; nearest_distance=6.71; farthest_labels=['D']; farthest_distance=12.81""]","[""A""]",A,"[-3,2]","[""B""]",6.71,"[""D""]",12.81
coordinate_geometry_0139_open_q1,coordinate_geometry_0139.png,"[""target=B; target_coordinates=[8, 2]; nearest_labels=['A']; nearest_distance=12.21; farthest_labels=['A']; farthest_distance=12.21""]","[""B""]",B,"[8,2]","[""A""]",12.21,"[""A""]",12.21
coordinate_geometry_0140_open_q1,coordinate_geometry_0140.png,"[""target=C; target_coordinates=[8, -1]; nearest_labels=['B']; nearest_distance=6.71; farthest_labels=['A']; farthest_distance=15.65""]","[""C""]",C,"[8,-1]","[""B""]",6.71,"[""A""]",15.65
coordinate_geometry_0141_open_q1,coordinate_geometry_0141.png,"[""target=A; target_coordinates=[0, -4]; nearest_labels=['B']; nearest_distance=2.24; farthest_labels=['C']; farthest_distance=8.94""]","[""A""]",A,"[0,-4]","[""B""]",2.24,"[""C""]",8.94
coordinate_geometry_0142_open_q1,coordinate_geometry_0142.png,"[""target=A; target_coordinates=[7, -3]; nearest_labels=['B']; nearest_distance=4; farthest_labels=['B']; farthest_distance=4""]","[""A""]",A,"[7,-3]","[""B""]",4,"[""B""]",4
coordinate_geometry_0143_open_q1,coordinate_geometry_0143.png,"[""target=B; target_coordinates=[0, -2]; nearest_labels=['C']; nearest_distance=4.47; farthest_labels=['A']; farthest_distance=8.94""]","[""B""]",B,"[0,-2]","[""C""]",4.47,"[""A""]",8.94
coordinate_geometry_0144_open_q1,coordinate_geometry_0144.png,"[""target=A; target_coordinates=[-2, 4]; nearest_labels=['B']; nearest_distance=2.24; farthest_labels=['C']; farthest_distance=11.18""]","[""A""]",A,"[-2,4]","[""B""]",2.24,"[""C""]",11.18
coordinate_geometry_0145_open_q1,coordinate_geometry_0145.png,"[""target=B; target_coordinates=[8, 0]; nearest_labels=['A']; nearest_distance=9.22; farthest_labels=['A']; farthest_distance=9.22""]","[""B""]",B,"[8,0]","[""A""]",9.22,"[""A""]",9.22
coordinate_geometry_0146_open_q1,coordinate_geometry_0146.png,"[""target=C; target_coordinates=[0, -2]; nearest_labels=['B']; nearest_distance=4.47; farthest_labels=['A']; farthest_distance=6.71""]","[""C""]",C,"[0,-2]","[""B""]",4.47,"[""A""]",6.71
coordinate_geometry_0147_open_q1,coordinate_geometry_0147.png,"[""target=B; target_coordinates=[-4, 5]; nearest_labels=['A']; nearest_distance=2.24; farthest_labels=['C']; farthest_distance=11.18""]","[""B""]",B,"[-4,5]","[""A""]",2.24,"[""C""]",11.18
coordinate_geometry_0148_open_q1,coordinate_geometry_0148.png,"[""target=B; target_coordinates=[3, 1]; nearest_labels=['A']; nearest_distance=10.44; farthest_labels=['A']; farthest_distance=10.44""]","[""B""]",B,"[3,1]","[""A""]",10.44,"[""A""]",10.44
coordinate_geometry_0149_open_q1,coordinate_geometry_0149.png,"[""target=B; target_coordinates=[-4, -4]; nearest_labels=['C']; nearest_distance=5; farthest_labels=['A']; farthest_distance=8.94""]","[""B""]",B,"[-4,-4]","[""C""]",5,"[""A""]",8.94
coordinate_geometry_0150_open_q1,coordinate_geometry_0150.png,"[""target=B; target_coordinates=[1, 7]; nearest_labels=['A']; nearest_distance=8.54; farthest_labels=['D']; farthest_distance=13.6""]","[""B""]",B,"[1,7]","[""A""]",8.54,"[""D""]",13.6
coordinate_geometry_0151_open_q1,coordinate_geometry_0151.png,"[""target=B; target_coordinates=[1, 3]; nearest_labels=['A']; nearest_distance=3; farthest_labels=['A']; farthest_distance=3""]","[""B""]",B,"[1,3]","[""A""]",3,"[""A""]",3
coordinate_geometry_0152_open_q1,coordinate_geometry_0152.png,"[""target=C; target_coordinates=[-8, -5]; nearest_labels=['B']; nearest_distance=6.08; farthest_labels=['A']; farthest_distance=9.85""]","[""C""]",C,"[-8,-5]","[""B""]",6.08,"[""A""]",9.85
coordinate_geometry_0153_open_q1,coordinate_geometry_0153.png,"[""target=C; target_coordinates=[5, -1]; nearest_labels=['B']; nearest_distance=3; farthest_labels=['A']; farthest_distance=12.04""]","[""C""]",C,"[5,-1]","[""B""]",3,"[""A""]",12.04
coordinate_geometry_0154_open_q1,coordinate_geometry_0154.png,"[""target=A; target_coordinates=[4, 7]; nearest_labels=['B']; nearest_distance=6.08; farthest_labels=['B']; farthest_distance=6.08""]","[""A""]",A,"[4,7]","[""B""]",6.08,"[""B""]",6.08
coordinate_geometry_0155_open_q1,coordinate_geometry_0155.png,"[""target=B; target_coordinates=[5, 0]; nearest_labels=['A']; nearest_distance=6.4; farthest_labels=['C']; farthest_distance=9.9""]","[""B""]",B,"[5,0]","[""A""]",6.4,"[""C""]",9.9
coordinate_geometry_0156_open_q1,coordinate_geometry_0156.png,"[""target=A; target_coordinates=[-1, 3]; nearest_labels=['B']; nearest_distance=5; farthest_labels=['C']; farthest_distance=7.28""]","[""A""]",A,"[-1,3]","[""B""]",5,"[""C""]",7.28
coordinate_geometry_0157_open_q1,coordinate_geometry_0157.png,"[""target=B; target_coordinates=[-8, -8]; nearest_labels=['A']; nearest_distance=8.6; farthest_labels=['A']; farthest_distance=8.6""]","[""B""]",B,"[-8,-8]","[""A""]",8.6,"[""A""]",8.6
coordinate_geometry_0158_open_q1,coordinate_geometry_0158.png,"[""target=A; target_coordinates=[-5, -7]; nearest_labels=['C']; nearest_distance=11; farthest_labels=['B']; farthest_distance=13.45""]","[""A""]",A,"[-5,-7]","[""C""]",11,"[""B""]",13.45
coordinate_geometry_0159_open_q1,coordinate_geometry_0159.png,"[""target=D; target_coordinates=[7, 4]; nearest_labels=['A']; nearest_distance=5.1; farthest_labels=['C']; farthest_distance=15""]","[""D""]",D,"[7,4]","[""A""]",5.1,"[""C""]",15
coordinate_geometry_0160_open_q1,coordinate_geometry_0160.png,"[""target=A; target_coordinates=[2, 4]; nearest_labels=['B']; nearest_distance=5.1; farthest_labels=['B']; farthest_distance=5.1""]","[""A""]",A,"[2,4]","[""B""]",5.1,"[""B""]",5.1
coordinate_geometry_0161_open_q1,coordinate_geometry_0161.png,"[""target=B; target_coordinates=[7, -7]; nearest_labels=['A']; nearest_distance=11.66; farthest_labels=['C']; farthest_distance=14""]","[""B""]",B,"[7,-7]","[""A""]",11.66,"[""C""]",14
coordinate_geometry_0162_open_q1,coordinate_geometry_0162.png,"[""target=A; target_coordinates=[-2, 8]; nearest_labels=['B']; nearest_distance=3; farthest_labels=['C']; farthest_distance=11.4""]","[""A""]",A,"[-2,8]","[""B""]",3,"[""C""]",11.4
coordinate_geometry_0163_open_q1,coordinate_geometry_0163.png,"[""target=A; target_coordinates=[6, -3]; nearest_labels=['B']; nearest_distance=4.12; farthest_labels=['B']; farthest_distance=4.12""]","[""A""]",A,"[6,-3]","[""B""]",4.12,"[""B""]",4.12
coordinate_geometry_0164_open_q1,coordinate_geometry_0164.png,"[""target=C; target_coordinates=[4, -5]; nearest_labels=['A']; nearest_distance=5.83; farthest_labels=['B']; farthest_distance=12.17""]","[""C""]",C,"[4,-5]","[""A""]",5.83,"[""B""]",12.17
coordinate_geometry_0165_open_q1,coordinate_geometry_0165.png,"[""target=B; target_coordinates=[-1, -5]; nearest_labels=['D']; nearest_distance=7.81; farthest_labels=['C']; farthest_distance=14.42""]","[""B""]",B,"[-1,-5]","[""D""]",7.81,"[""C""]",14.42
coordinate_geometry_0166_open_q1,coordinate_geometry_0166.png,"[""target=B; target_coordinates=[-8, 2]; nearest_labels=['A']; nearest_distance=13.34; farthest_labels=['A']; farthest_distance=13.34""]","[""B""]",B,"[-8,2]","[""A""]",13.34,"[""A""]",13.34
coordinate_geometry_0167_open_q1,coordinate_geometry_0167.png,"[""target=A; target_coordinates=[2, 5]; nearest_labels=['B']; nearest_distance=11; farthest_labels=['C']; farthest_distance=14.32""]","[""A""]",A,"[2,5]","[""B""]",11,"[""C""]",14.32
coordinate_geometry_0168_open_q1,coordinate_geometry_0168.png,"[""target=A; target_coordinates=[8, 3]; nearest_labels=['B']; nearest_distance=7.21; farthest_labels=['D']; farthest_distance=11.18""]","[""A""]",A,"[8,3]","[""B""]",7.21,"[""D""]",11.18
coordinate_geometry_0169_open_q1,coordinate_geometry_0169.png,"[""target=B; target_coordinates=[7, -2]; nearest_labels=['A']; nearest_distance=4.47; farthest_labels=['A']; farthest_distance=4.47""]","[""B""]",B,"[7,-2]","[""A""]",4.47,"[""A""]",4.47
coordinate_geometry_0170_open_q1,coordinate_geometry_0170.png,"[""target=C; target_coordinates=[8, 1]; nearest_labels=['A']; nearest_distance=13.34; farthest_labels=['B']; farthest_distance=16.28""]","[""C""]",C,"[8,1]","[""A""]",13.34,"[""B""]",16.28
coordinate_geometry_0171_open_q1,coordinate_geometry_0171.png,"[""target=C; target_coordinates=[-3, 4]; nearest_labels=['B']; nearest_distance=2.83; farthest_labels=['A']; farthest_distance=7.07""]","[""C""]",C,"[-3,4]","[""B""]",2.83,"[""A""]",7.07
coordinate_geometry_0172_open_q1,coordinate_geometry_0172.png,"[""target=B; target_coordinates=[3, -7]; nearest_labels=['A']; nearest_distance=9.43; farthest_labels=['A']; farthest_distance=9.43""]","[""B""]",B,"[3,-7]","[""A""]",9.43,"[""A""]",9.43
coordinate_geometry_0173_open_q1,coordinate_geometry_0173.png,"[""target=B; target_coordinates=[-1, 5]; nearest_labels=['C']; nearest_distance=7.28; farthest_labels=['A']; farthest_distance=9.22""]","[""B""]",B,"[-1,5]","[""C""]",7.28,"[""A""]",9.22
coordinate_geometry_0174_open_q1,coordinate_geometry_0174.png,"[""target=B; target_coordinates=[3, -6]; nearest_labels=['C']; nearest_distance=6.4; farthest_labels=['A']; farthest_distance=17.03""]","[""B""]",B,"[3,-6]","[""C""]",6.4,"[""A""]",17.03
coordinate_geometry_0175_open_q1,coordinate_geometry_0175.png,"[""target=A; target_coordinates=[-7, 8]; nearest_labels=['B']; nearest_distance=9.43; farthest_labels=['B']; farthest_distance=9.43""]","[""A""]",A,"[-7,8]","[""B""]",9.43,"[""B""]",9.43
coordinate_geometry_0176_open_q1,coordinate_geometry_0176.png,"[""target=A; target_coordinates=[-1, -5]; nearest_labels=['C']; nearest_distance=8; farthest_labels=['B']; farthest_distance=8.6""]","[""A""]",A,"[-1,-5]","[""C""]",8,"[""B""]",8.6
coordinate_geometry_0177_open_q1,coordinate_geometry_0177.png,"[""target=A; target_coordinates=[5, -2]; nearest_labels=['C']; nearest_distance=3; farthest_labels=['D']; farthest_distance=6.4""]","[""A""]",A,"[5,-2]","[""C""]",3,"[""D""]",6.4
coordinate_geometry_0178_open_q1,coordinate_geometry_0178.png,"[""target=B; target_coordinates=[2, 7]; nearest_labels=['A']; nearest_distance=8.94; farthest_labels=['A']; farthest_distance=8.94""]","[""B""]",B,"[2,7]","[""A""]",8.94,"[""A""]",8.94
coordinate_geometry_0179_open_q1,coordinate_geometry_0179.png,"[""target=C; target_coordinates=[6, -7]; nearest_labels=['B']; nearest_distance=8.25; farthest_labels=['A']; farthest_distance=12""]","[""C""]",C,"[6,-7]","[""B""]",8.25,"[""A""]",12
coordinate_geometry_0180_open_q1,coordinate_geometry_0180.png,"[""target=A; target_coordinates=[-8, 0]; nearest_labels=['D']; nearest_distance=4.12; farthest_labels=['C']; farthest_distance=14.04""]","[""A""]",A,"[-8,0]","[""D""]",4.12,"[""C""]",14.04
coordinate_geometry_0181_open_q1,coordinate_geometry_0181.png,"[""target=B; target_coordinates=[2, 2]; nearest_labels=['A']; nearest_distance=11.4; farthest_labels=['A']; farthest_distance=11.4""]","[""B""]",B,"[2,2]","[""A""]",11.4,"[""A""]",11.4
coordinate_geometry_0182_open_q1,coordinate_geometry_0182.png,"[""target=C; target_coordinates=[6, 1]; nearest_labels=['B']; nearest_distance=4.47; farthest_labels=['A']; farthest_distance=15.65""]","[""C""]",C,"[6,1]","[""B""]",4.47,"[""A""]",15.65
coordinate_geometry_0183_open_q1,coordinate_geometry_0183.png,"[""target=C; target_coordinates=[5, 3]; nearest_labels=['D']; nearest_distance=4.12; farthest_labels=['A']; farthest_distance=11.18""]","[""C""]",C,"[5,3]","[""D""]",4.12,"[""A""]",11.18
coordinate_geometry_0184_open_q1,coordinate_geometry_0184.png,"[""target=A; target_coordinates=[-1, 2]; nearest_labels=['B']; nearest_distance=3; farthest_labels=['B']; farthest_distance=3""]","[""A""]",A,"[-1,2]","[""B""]",3,"[""B""]",3
coordinate_geometry_0185_open_q1,coordinate_geometry_0185.png,"[""target=A; target_coordinates=[-6, 0]; nearest_labels=['B']; nearest_distance=4.47; farthest_labels=['C']; farthest_distance=11.18""]","[""A""]",A,"[-6,0]","[""B""]",4.47,"[""C""]",11.18
coordinate_geometry_0186_open_q1,coordinate_geometry_0186.png,"[""target=A; target_coordinates=[-3, -8]; nearest_labels=['B']; nearest_distance=4.47; farthest_labels=['C']; farthest_distance=15.65""]","[""A""]",A,"[-3,-8]","[""B""]",4.47,"[""C""]",15.65
coordinate_geometry_0187_open_q1,coordinate_geometry_0187.png,"[""target=B; target_coordinates=[-1, 7]; nearest_labels=['A']; nearest_distance=15.3; farthest_labels=['A']; farthest_distance=15.3""]","[""B""]",B,"[-1,7]","[""A""]",15.3,"[""A""]",15.3
coordinate_geometry_0188_open_q1,coordinate_geometry_0188.png,"[""target=C; target_coordinates=[2, -3]; nearest_labels=['B']; nearest_distance=2.24; farthest_labels=['A']; farthest_distance=6.71""]","[""C""]",C,"[2,-3]","[""B""]",2.24,"[""A""]",6.71
coordinate_geometry_0189_open_q1,coordinate_geometry_0189.png,"[""target=B; target_coordinates=[0, 4]; nearest_labels=['C']; nearest_distance=4.47; farthest_labels=['A']; farthest_distance=11.18""]","[""B""]",B,"[0,4]","[""C""]",4.47,"[""A""]",11.18
coordinate_geometry_0190_open_q1,coordinate_geometry_0190.png,"[""target=B; target_coordinates=[-2, -1]; nearest_labels=['A']; nearest_distance=5.66; farthest_labels=['A']; farthest_distance=5.66""]","[""B""]",B,"[-2,-1]","[""A""]",5.66,"[""A""]",5.66
coordinate_geometry_0191_open_q1,coordinate_geometry_0191.png,"[""target=C; target_coordinates=[5, -7]; nearest_labels=['B']; nearest_distance=2.24; farthest_labels=['A']; farthest_distance=11.18""]","[""C""]",C,"[5,-7]","[""B""]",2.24,"[""A""]",11.18
coordinate_geometry_0192_open_q1,coordinate_geometry_0192.png,"[""target=B; target_coordinates=[-2, -3]; nearest_labels=['A']; nearest_distance=2.24; farthest_labels=['C']; farthest_distance=11.18""]","[""B""]",B,"[-2,-3]","[""A""]",2.24,"[""C""]",11.18
coordinate_geometry_0193_open_q1,coordinate_geometry_0193.png,"[""target=B; target_coordinates=[0, 8]; nearest_labels=['A']; nearest_distance=7.62; farthest_labels=['A']; farthest_distance=7.62""]","[""B""]",B,"[0,8]","[""A""]",7.62,"[""A""]",7.62
coordinate_geometry_0194_open_q1,coordinate_geometry_0194.png,"[""target=A; target_coordinates=[-6, 3]; nearest_labels=['B']; nearest_distance=6.71; farthest_labels=['C']; farthest_distance=15.65""]","[""A""]",A,"[-6,3]","[""B""]",6.71,"[""C""]",15.65
coordinate_geometry_0195_open_q1,coordinate_geometry_0195.png,"[""target=A; target_coordinates=[-1, -5]; nearest_labels=['D']; nearest_distance=3; farthest_labels=['C']; farthest_distance=6.71""]","[""A""]",A,"[-1,-5]","[""D""]",3,"[""C""]",6.71
coordinate_geometry_0196_open_q1,coordinate_geometry_0196.png,"[""target=A; target_coordinates=[-8, -2]; nearest_labels=['B']; nearest_distance=13.6; farthest_labels=['B']; farthest_distance=13.6""]","[""A""]",A,"[-8,-2]","[""B""]",13.6,"[""B""]",13.6
coordinate_geometry_0197_open_q1,coordinate_geometry_0197.png,"[""target=B; target_coordinates=[-3, 0]; nearest_labels=['A']; nearest_distance=2.83; farthest_labels=['C']; farthest_distance=4.24""]","[""B""]",B,"[-3,0]","[""A""]",2.83,"[""C""]",4.24
coordinate_geometry_0198_open_q1,coordinate_geometry_0198.png,"[""target=B; target_coordinates=[2, 0]; nearest_labels=['C']; nearest_distance=2.24; farthest_labels=['A']; farthest_distance=8.94""]","[""B""]",B,"[2,0]","[""C""]",2.24,"[""A""]",8.94
coordinate_geometry_0199_open_q1,coordinate_geometry_0199.png,"[""target=A; target_coordinates=[4, 0]; nearest_labels=['B']; nearest_distance=8.54; farthest_labels=['B']; farthest_distance=8.54""]","[""A""]",A,"[4,0]","[""B""]",8.54,"[""B""]",8.54
coordinate_geometry_0200_open_q1,coordinate_geometry_0200.png,"[""target=C; target_coordinates=[1, 4]; nearest_labels=['B']; nearest_distance=2.24; farthest_labels=['A']; farthest_distance=11.18""]","[""C""]",C,"[1,4]","[""B""]",2.24,"[""A""]",11.18
coordinate_geometry_0201_open_q1,coordinate_geometry_0201.png,"[""target=A; target_coordinates=[-4, -8]; nearest_labels=['B']; nearest_distance=13.42; farthest_labels=['C']; farthest_distance=17.89""]","[""A""]",A,"[-4,-8]","[""B""]",13.42,"[""C""]",17.89
coordinate_geometry_0202_open_q1,coordinate_geometry_0202.png,"[""target=B; target_coordinates=[-2, -2]; nearest_labels=['A']; nearest_distance=11.4; farthest_labels=['A']; farthest_distance=11.4""]","[""B""]",B,"[-2,-2]","[""A""]",11.4,"[""A""]",11.4
coordinate_geometry_0203_open_q1,coordinate_geometry_0203.png,"[""target=C; target_coordinates=[6, -4]; nearest_labels=['B']; nearest_distance=2.24; farthest_labels=['A']; farthest_distance=11.18""]","[""C""]",C,"[6,-4]","[""B""]",2.24,"[""A""]",11.18
coordinate_geometry_0204_open_q1,coordinate_geometry_0204.png,"[""target=B; target_coordinates=[-5, 5]; nearest_labels=['A']; nearest_distance=2.24; farthest_labels=['C']; farthest_distance=13.42""]","[""B""]",B,"[-5,5]","[""A""]",2.24,"[""C""]",13.42
coordinate_geometry_0205_open_q1,coordinate_geometry_0205.png,"[""target=B; target_coordinates=[6, -1]; nearest_labels=['A']; nearest_distance=13.6; farthest_labels=['A']; farthest_distance=13.6""]","[""B""]",B,"[6,-1]","[""A""]",13.6,"[""A""]",13.6
coordinate_geometry_0206_open_q1,coordinate_geometry_0206.png,"[""target=C; target_coordinates=[3, 1]; nearest_labels=['B']; nearest_distance=2.24; farthest_labels=['A']; farthest_distance=6.71""]","[""C""]",C,"[3,1]","[""B""]",2.24,"[""A""]",6.71
coordinate_geometry_0207_open_q1,coordinate_geometry_0207.png,"[""target=A; target_coordinates=[-4, 3]; nearest_labels=['B']; nearest_distance=2.83; farthest_labels=['D']; farthest_distance=14.21""]","[""A""]",A,"[-4,3]","[""B""]",2.83,"[""D""]",14.21
coordinate_geometry_0208_open_q1,coordinate_geometry_0208.png,"[""target=A; target_coordinates=[-2, -7]; nearest_labels=['B']; nearest_distance=13.15; farthest_labels=['B']; farthest_distance=13.15""]","[""A""]",A,"[-2,-7]","[""B""]",13.15,"[""B""]",13.15
coordinate_geometry_0209_open_q1,coordinate_geometry_0209.png,"[""target=B; target_coordinates=[1, -6]; nearest_labels=['C']; nearest_distance=4; farthest_labels=['A']; farthest_distance=9.49""]","[""B""]",B,"[1,-6]","[""C""]",4,"[""A""]",9.49
coordinate_geometry_0210_open_q1,coordinate_geometry_0210.png,"[""target=C; target_coordinates=[-1, -7]; nearest_labels=['D']; nearest_distance=3.61; farthest_labels=['B']; farthest_distance=10.63""]","[""C""]",C,"[-1,-7]","[""D""]",3.61,"[""B""]",10.63
coordinate_geometry_0211_open_q1,coordinate_geometry_0211.png,"[""target=A; target_coordinates=[-1, -8]; nearest_labels=['B']; nearest_distance=10.44; farthest_labels=['B']; farthest_distance=10.44""]","[""A""]",A,"[-1,-8]","[""B""]",10.44,"[""B""]",10.44
coordinate_geometry_0212_open_q1,coordinate_geometry_0212.png,"[""target=C; target_coordinates=[-4, -7]; nearest_labels=['A']; nearest_distance=3; farthest_labels=['B']; farthest_distance=5.83""]","[""C""]",C,"[-4,-7]","[""A""]",3,"[""B""]",5.83
coordinate_geometry_0213_open_q1,coordinate_geometry_0213.png,"[""target=A; target_coordinates=[-1, 1]; nearest_labels=['D']; nearest_distance=4.47; farthest_labels=['C']; farthest_distance=9.22""]","[""A""]",A,"[-1,1]","[""D""]",4.47,"[""C""]",9.22
coordinate_geometry_0214_open_q1,coordinate_geometry_0214.png,"[""target=B; target_coordinates=[1, 6]; nearest_labels=['A']; nearest_distance=2.24; farthest_labels=['A']; farthest_distance=2.24""]","[""B""]",B,"[1,6]","[""A""]",2.24,"[""A""]",2.24
coordinate_geometry_0215_open_q1,coordinate_geometry_0215.png,"[""target=A; target_coordinates=[2, -5]; nearest_labels=['B']; nearest_distance=4.12; farthest_labels=['C']; farthest_distance=8.25""]","[""A""]",A,"[2,-5]","[""B""]",4.12,"[""C""]",8.25
coordinate_geometry_0216_open_q1,coordinate_geometry_0216.png,"[""target=B; target_coordinates=[7, -8]; nearest_labels=['C']; nearest_distance=4.24; farthest_labels=['A']; farthest_distance=18.03""]","[""B""]",B,"[7,-8]","[""C""]",4.24,"[""A""]",18.03
coordinate_geometry_0217_open_q1,coordinate_geometry_0217.png,"[""target=B; target_coordinates=[-1, -5]; nearest_labels=['A']; nearest_distance=5.39; farthest_labels=['A']; farthest_distance=5.39""]","[""B""]",B,"[-1,-5]","[""A""]",5.39,"[""A""]",5.39
coordinate_geometry_0218_open_q1,coordinate_geometry_0218.png,"[""target=C; target_coordinates=[-7, 8]; nearest_labels=['A']; nearest_distance=5.39; farthest_labels=['B']; farthest_distance=13.45""]","[""C""]",C,"[-7,8]","[""A""]",5.39,"[""B""]",13.45
coordinate_geometry_0219_open_q1,coordinate_geometry_0219.png,"[""target=B; target_coordinates=[-7, 2]; nearest_labels=['C']; nearest_distance=2.24; farthest_labels=['D']; farthest_distance=12""]","[""B""]",B,"[-7,2]","[""C""]",2.24,"[""D""]",12
coordinate_geometry_0220_open_q1,coordinate_geometry_0220.png,"[""target=A; target_coordinates=[-1, -1]; nearest_labels=['B']; nearest_distance=7.07; farthest_labels=['B']; farthest_distance=7.07""]","[""A""]",A,"[-1,-1]","[""B""]",7.07,"[""B""]",7.07
coordinate_geometry_0221_open_q1,coordinate_geometry_0221.png,"[""target=C; target_coordinates=[3, 6]; nearest_labels=['B']; nearest_distance=7.62; farthest_labels=['A']; farthest_distance=9.06""]","[""C""]",C,"[3,6]","[""B""]",7.62,"[""A""]",9.06
coordinate_geometry_0222_open_q1,coordinate_geometry_0222.png,"[""target=B; target_coordinates=[1, -7]; nearest_labels=['A']; nearest_distance=8.25; farthest_labels=['C']; farthest_distance=16.64""]","[""B""]",B,"[1,-7]","[""A""]",8.25,"[""C""]",16.64
coordinate_geometry_0223_open_q1,coordinate_geometry_0223.png,"[""target=B; target_coordinates=[4, 8]; nearest_labels=['A']; nearest_distance=10.2; farthest_labels=['A']; farthest_distance=10.2""]","[""B""]",B,"[4,8]","[""A""]",10.2,"[""A""]",10.2
coordinate_geometry_0224_open_q1,coordinate_geometry_0224.png,"[""target=A; target_coordinates=[6, -6]; nearest_labels=['B']; nearest_distance=7.07; farthest_labels=['C']; farthest_distance=14.04""]","[""A""]",A,"[6,-6]","[""B""]",7.07,"[""C""]",14.04
coordinate_geometry_0225_open_q1,coordinate_geometry_0225.png,"[""target=D; target_coordinates=[1, -5]; nearest_labels=['B']; nearest_distance=3.61; farthest_labels=['A']; farthest_distance=13.04""]","[""D""]",D,"[1,-5]","[""B""]",3.61,"[""A""]",13.04
coordinate_geometry_0226_open_q1,coordinate_geometry_0226.png,"[""target=A; target_coordinates=[-7, -3]; nearest_labels=['B']; nearest_distance=11.18; farthest_labels=['B']; farthest_distance=11.18""]","[""A""]",A,"[-7,-3]","[""B""]",11.18,"[""B""]",11.18
coordinate_geometry_0227_open_q1,coordinate_geometry_0227.png,"[""target=C; target_coordinates=[5, 5]; nearest_labels=['B']; nearest_distance=6.08; farthest_labels=['A']; farthest_distance=11.18""]","[""C""]",C,"[5,5]","[""B""]",6.08,"[""A""]",11.18
coordinate_geometry_0228_open_q1,coordinate_geometry_0228.png,"[""target=B; target_coordinates=[-1, 6]; nearest_labels=['A']; nearest_distance=7; farthest_labels=['C']; farthest_distance=12.21""]","[""B""]",B,"[-1,6]","[""A""]",7,"[""C""]",12.21
coordinate_geometry_0229_open_q1,coordinate_geometry_0229.png,"[""target=A; target_coordinates=[-1, 5]; nearest_labels=['B']; nearest_distance=7.07; farthest_labels=['B']; farthest_distance=7.07""]","[""A""]",A,"[-1,5]","[""B""]",7.07,"[""B""]",7.07
coordinate_geometry_0230_open_q1,coordinate_geometry_0230.png,"[""target=A; target_coordinates=[1, -8]; nearest_labels=['B']; nearest_distance=4; farthest_labels=['C']; farthest_distance=16.16""]","[""A""]",A,"[1,-8]","[""B""]",4,"[""C""]",16.16
coordinate_geometry_0231_open_q1,coordinate_geometry_0231.png,"[""target=B; target_coordinates=[-5, -5]; nearest_labels=['C']; nearest_distance=3.61; farthest_labels=['A']; farthest_distance=11.66""]","[""B""]",B,"[-5,-5]","[""C""]",3.61,"[""A""]",11.66
coordinate_geometry_0232_open_q1,coordinate_geometry_0232.png,"[""target=B; target_coordinates=[-6, 0]; nearest_labels=['A']; nearest_distance=7.81; farthest_labels=['A']; farthest_distance=7.81""]","[""B""]",B,"[-6,0]","[""A""]",7.81,"[""A""]",7.81
coordinate_geometry_0233_open_q1,coordinate_geometry_0233.png,"[""target=A; target_coordinates=[-3, 8]; nearest_labels=['B']; nearest_distance=2.24; farthest_labels=['C']; farthest_distance=14.04""]","[""A""]",A,"[-3,8]","[""B""]",2.24,"[""C""]",14.04
coordinate_geometry_0234_open_q1,coordinate_geometry_0234.png,"[""target=C; target_coordinates=[-1, 0]; nearest_labels=['D']; nearest_distance=5; farthest_labels=['B']; farthest_distance=11.4""]","[""C""]",C,"[-1,0]","[""D""]",5,"[""B""]",11.4
coordinate_geometry_0235_open_q1,coordinate_geometry_0235.png,"[""target=B; target_coordinates=[-1, -6]; nearest_labels=['A']; nearest_distance=9.06; farthest_labels=['A']; farthest_distance=9.06""]","[""B""]",B,"[-1,-6]","[""A""]",9.06,"[""A""]",9.06
coordinate_geometry_0236_open_q1,coordinate_geometry_0236.png,"[""target=B; target_coordinates=[-6, 4]; nearest_labels=['C']; nearest_distance=3.61; farthest_labels=['A']; farthest_distance=13.04""]","[""B""]",B,"[-6,4]","[""C""]",3.61,"[""A""]",13.04
coordinate_geometry_0237_open_q1,coordinate_geometry_0237.png,"[""target=B; target_coordinates=[3, 3]; nearest_labels=['C']; nearest_distance=5; farthest_labels=['A']; farthest_distance=9.85""]","[""B""]",B,"[3,3]","[""C""]",5,"[""A""]",9.85
coordinate_geometry_0238_open_q1,coordinate_geometry_0238.png,"[""target=A; target_coordinates=[-6, 5]; nearest_labels=['B']; nearest_distance=11; farthest_labels=['B']; farthest_distance=11""]","[""A""]",A,"[-6,5]","[""B""]",11,"[""B""]",11
coordinate_geometry_0239_open_q1,coordinate_geometry_0239.png,"[""target=C; target_coordinates=[1, -4]; nearest_labels=['B']; nearest_distance=4; farthest_labels=['A']; farthest_distance=5.66""]","[""C""]",C,"[1,-4]","[""B""]",4,"[""A""]",5.66
coordinate_geometry_0240_open_q1,coordinate_geometry_0240.png,"[""target=C; target_coordinates=[2, -7]; nearest_labels=['D']; nearest_distance=2.24; farthest_labels=['B']; farthest_distance=16.16""]","[""C""]",C,"[2,-7]","[""D""]",2.24,"[""B""]",16.16
coordinate_geometry_0241_open_q1,coordinate_geometry_0241.png,"[""target=A; target_coordinates=[-5, 3]; nearest_labels=['B']; nearest_distance=4.12; farthest_labels=['B']; farthest_distance=4.12""]","[""A""]",A,"[-5,3]","[""B""]",4.12,"[""B""]",4.12
coordinate_geometry_0242_open_q1,coordinate_geometry_0242.png,"[""target=C; target_coordinates=[-1, -2]; nearest_labels=['B']; nearest_distance=4.47; farthest_labels=['A']; farthest_distance=6.71""]","[""C""]",C,"[-1,-2]","[""B""]",4.47,"[""A""]",6.71
coordinate_geometry_0243_open_q1,coordinate_geometry_0243.png,"[""target=C; target_coordinates=[6, -4]; nearest_labels=['D']; nearest_distance=6.08; farthest_labels=['A']; farthest_distance=15.65""]","[""C""]",C,"[6,-4]","[""D""]",6.08,"[""A""]",15.65
coordinate_geometry_0244_open_q1,coordinate_geometry_0244.png,"[""target=B; target_coordinates=[6, -6]; nearest_labels=['A']; nearest_distance=10.05; farthest_labels=['A']; farthest_distance=10.05""]","[""B""]",B,"[6,-6]","[""A""]",10.05,"[""A""]",10.05
coordinate_geometry_0245_open_q1,coordinate_geometry_0245.png,"[""target=A; target_coordinates=[-1, 7]; nearest_labels=['B']; nearest_distance=2.24; farthest_labels=['C']; farthest_distance=13.42""]","[""A""]",A,"[-1,7]","[""B""]",2.24,"[""C""]",13.42
coordinate_geometry_0246_open_q1,coordinate_geometry_0246.png,"[""target=D; target_coordinates=[8, 5]; nearest_labels=['B']; nearest_distance=10.63; farthest_labels=['C']; farthest_distance=13""]","[""D""]",D,"[8,5]","[""B""]",10.63,"[""C""]",13
coordinate_geometry_0247_open_q1,coordinate_geometry_0247.png,"[""target=B; target_coordinates=[7, -7]; nearest_labels=['A']; nearest_distance=18.03; farthest_labels=['A']; farthest_distance=18.03""]","[""B""]",B,"[7,-7]","[""A""]",18.03,"[""A""]",18.03
coordinate_geometry_0248_open_q1,coordinate_geometry_0248.png,"[""target=C; target_coordinates=[6, 5]; nearest_labels=['B']; nearest_distance=2.24; farthest_labels=['A']; farthest_distance=13.42""]","[""C""]",C,"[6,5]","[""B""]",2.24,"[""A""]",13.42
coordinate_geometry_0249_open_q1,coordinate_geometry_0249.png,"[""target=B; target_coordinates=[0, 1]; nearest_labels=['D']; nearest_distance=3.61; farthest_labels=['C']; farthest_distance=8.94""]","[""B""]",B,"[0,1]","[""D""]",3.61,"[""C""]",8.94
coordinate_geometry_0250_open_q1,coordinate_geometry_0250.png,"[""target=B; target_coordinates=[-7, -1]; nearest_labels=['A']; nearest_distance=6.4; farthest_labels=['A']; farthest_distance=6.4""]","[""B""]",B,"[-7,-1]","[""A""]",6.4,"[""A""]",6.4
coordinate_geometry_0251_open_q1,coordinate_geometry_0251.png,"[""target=B; target_coordinates=[5, 5]; nearest_labels=['C']; nearest_distance=2.24; farthest_labels=['A']; farthest_distance=8.94""]","[""B""]",B,"[5,5]","[""C""]",2.24,"[""A""]",8.94
coordinate_geometry_0252_open_q1,coordinate_geometry_0252.png,"[""target=B; target_coordinates=[-6, -4]; nearest_labels=['A']; nearest_distance=2.24; farthest_labels=['D']; farthest_distance=13.15""]","[""B""]",B,"[-6,-4]","[""A""]",2.24,"[""D""]",13.15
coordinate_geometry_0253_open_q1,coordinate_geometry_0253.png,"[""target=B; target_coordinates=[-4, -1]; nearest_labels=['A']; nearest_distance=10; farthest_labels=['A']; farthest_distance=10""]","[""B""]",B,"[-4,-1]","[""A""]",10,"[""A""]",10
coordinate_geometry_0254_open_q1,coordinate_geometry_0254.png,"[""target=B; target_coordinates=[0, 3]; nearest_labels=['C']; nearest_distance=2.24; farthest_labels=['A']; farthest_distance=8.94""]","[""B""]",B,"[0,3]","[""C""]",2.24,"[""A""]",8.94
coordinate_geometry_0255_open_q1,coordinate_geometry_0255.png,"[""target=B; target_coordinates=[1, 0]; nearest_labels=['A']; nearest_distance=4.47; farthest_labels=['D']; farthest_distance=7.21""]","[""B""]",B,"[1,0]","[""A""]",4.47,"[""D""]",7.21
coordinate_geometry_0256_open_q1,coordinate_geometry_0256.png,"[""target=B; target_coordinates=[4, -7]; nearest_labels=['A']; nearest_distance=10.05; farthest_labels=['A']; farthest_distance=10.05""]","[""B""]",B,"[4,-7]","[""A""]",10.05,"[""A""]",10.05
coordinate_geometry_0257_open_q1,coordinate_geometry_0257.png,"[""target=B; target_coordinates=[1, 3]; nearest_labels=['A']; nearest_distance=2.24; farthest_labels=['C']; farthest_distance=11.18""]","[""B""]",B,"[1,3]","[""A""]",2.24,"[""C""]",11.18
coordinate_geometry_0258_open_q1,coordinate_geometry_0258.png,"[""target=A; target_coordinates=[-4, -4]; nearest_labels=['B']; nearest_distance=7.07; farthest_labels=['C']; farthest_distance=9.9""]","[""A""]",A,"[-4,-4]","[""B""]",7.07,"[""C""]",9.9
coordinate_geometry_0259_open_q1,coordinate_geometry_0259.png,"[""target=B; target_coordinates=[7, -1]; nearest_labels=['A']; nearest_distance=14.32; farthest_labels=['A']; farthest_distance=14.32""]","[""B""]",B,"[7,-1]","[""A""]",14.32,"[""A""]",14.32
coordinate_geometry_0260_open_q1,coordinate_geometry_0260.png,"[""target=B; target_coordinates=[-2, -4]; nearest_labels=['A']; nearest_distance=2.24; farthest_labels=['C']; farthest_distance=8.94""]","[""B""]",B,"[-2,-4]","[""A""]",2.24,"[""C""]",8.94
coordinate_geometry_0261_open_q1,coordinate_geometry_0261.png,"[""target=D; target_coordinates=[4, 6]; nearest_labels=['C']; nearest_distance=5; farthest_labels=['A']; farthest_distance=13.45""]","[""D""]",D,"[4,6]","[""C""]",5,"[""A""]",13.45
coordinate_geometry_0262_open_q1,coordinate_geometry_0262.png,"[""target=A; target_coordinates=[5, 6]; nearest_labels=['B']; nearest_distance=4.24; farthest_labels=['B']; farthest_distance=4.24""]","[""A""]",A,"[5,6]","[""B""]",4.24,"[""B""]",4.24
coordinate_geometry_0263_open_q1,coordinate_geometry_0263.png,"[""target=B; target_coordinates=[4, -3]; nearest_labels=['A']; nearest_distance=2.24; farthest_labels=['C']; farthest_distance=4.47""]","[""B""]",B,"[4,-3]","[""A""]",2.24,"[""C""]",4.47
coordinate_geometry_0264_open_q1,coordinate_geometry_0264.png,"[""target=A; target_coordinates=[-3, -1]; nearest_labels=['B']; nearest_distance=2.24; farthest_labels=['C']; farthest_distance=11.18""]","[""A""]",A,"[-3,-1]","[""B""]",2.24,"[""C""]",11.18
coordinate_geometry_0265_open_q1,coordinate_geometry_0265.png,"[""target=B; target_coordinates=[8, 2]; nearest_labels=['A']; nearest_distance=7.81; farthest_labels=['A']; farthest_distance=7.81""]","[""B""]",B,"[8,2]","[""A""]",7.81,"[""A""]",7.81
coordinate_geometry_0266_open_q1,coordinate_geometry_0266.png,"[""target=A; target_coordinates=[-6, -8]; nearest_labels=['B']; nearest_distance=4.47; farthest_labels=['C']; farthest_distance=6.71""]","[""A""]",A,"[-6,-8]","[""B""]",4.47,"[""C""]",6.71
coordinate_geometry_0267_open_q1,coordinate_geometry_0267.png,"[""target=C; target_coordinates=[4, 4]; nearest_labels=['B']; nearest_distance=2.24; farthest_labels=['A']; farthest_distance=11.18""]","[""C""]",C,"[4,4]","[""B""]",2.24,"[""A""]",11.18
coordinate_geometry_0268_open_q1,coordinate_geometry_0268.png,"[""target=A; target_coordinates=[2, -7]; nearest_labels=['B']; nearest_distance=3.61; farthest_labels=['B']; farthest_distance=3.61""]","[""A""]",A,"[2,-7]","[""B""]",3.61,"[""B""]",3.61
coordinate_geometry_0269_open_q1,coordinate_geometry_0269.png,"[""target=A; target_coordinates=[-6, 1]; nearest_labels=['B']; nearest_distance=4.12; farthest_labels=['C']; farthest_distance=9.9""]","[""A""]",A,"[-6,1]","[""B""]",4.12,"[""C""]",9.9
coordinate_geometry_0270_open_q1,coordinate_geometry_0270.png,"[""target=A; target_coordinates=[-6, 1]; nearest_labels=['B']; nearest_distance=5.39; farthest_labels=['D']; farthest_distance=7.07""]","[""A""]",A,"[-6,1]","[""B""]",5.39,"[""D""]",7.07
coordinate_geometry_0271_open_q1,coordinate_geometry_0271.png,"[""target=B; target_coordinates=[-3, 3]; nearest_labels=['A']; nearest_distance=6.08; farthest_labels=['A']; farthest_distance=6.08""]","[""B""]",B,"[-3,3]","[""A""]",6.08,"[""A""]",6.08
coordinate_geometry_0272_open_q1,coordinate_geometry_0272.png,"[""target=A; target_coordinates=[-6, 7]; nearest_labels=['B']; nearest_distance=8.94; farthest_labels=['C']; farthest_distance=11.66""]","[""A""]",A,"[-6,7]","[""B""]",8.94,"[""C""]",11.66
coordinate_geometry_0273_open_q1,coordinate_geometry_0273.png,"[""target=A; target_coordinates=[-1, 1]; nearest_labels=['B']; nearest_distance=5.39; farthest_labels=['D']; farthest_distance=9.49""]","[""A""]",A,"[-1,1]","[""B""]",5.39,"[""D""]",9.49
coordinate_geometry_0274_open_q1,coordinate_geometry_0274.png,"[""target=B; target_coordinates=[-7, -2]; nearest_labels=['A']; nearest_distance=12.21; farthest_labels=['A']; farthest_distance=12.21""]","[""B""]",B,"[-7,-2]","[""A""]",12.21,"[""A""]",12.21
coordinate_geometry_0275_open_q1,coordinate_geometry_0275.png,"[""target=A; target_coordinates=[-1, -2]; nearest_labels=['C']; nearest_distance=4; farthest_labels=['B']; farthest_distance=11.66""]","[""A""]",A,"[-1,-2]","[""C""]",4,"[""B""]",11.66
coordinate_geometry_0276_open_q1,coordinate_geometry_0276.png,"[""target=C; target_coordinates=[-8, 4]; nearest_labels=['D']; nearest_distance=5; farthest_labels=['B']; farthest_distance=8.94""]","[""C""]",C,"[-8,4]","[""D""]",5,"[""B""]",8.94
coordinate_geometry_0277_open_q1,coordinate_geometry_0277.png,"[""target=A; target_coordinates=[-2, -7]; nearest_labels=['B']; nearest_distance=14.04; farthest_labels=['B']; farthest_distance=14.04""]","[""A""]",A,"[-2,-7]","[""B""]",14.04,"[""B""]",14.04
coordinate_geometry_0278_open_q1,coordinate_geometry_0278.png,"[""target=B; target_coordinates=[0, 3]; nearest_labels=['A']; nearest_distance=7.21; farthest_labels=['C']; farthest_distance=11.4""]","[""B""]",B,"[0,3]","[""A""]",7.21,"[""C""]",11.4
coordinate_geometry_0279_open_q1,coordinate_geometry_0279.png,"[""target=C; target_coordinates=[2, -6]; nearest_labels=['D']; nearest_distance=2.24; farthest_labels=['A']; farthest_distance=15.81""]","[""C""]",C,"[2,-6]","[""D""]",2.24,"[""A""]",15.81
coordinate_geometry_0280_open_q1,coordinate_geometry_0280.png,"[""target=B; target_coordinates=[6, 2]; nearest_labels=['A']; nearest_distance=12.17; farthest_labels=['A']; farthest_distance=12.17""]","[""B""]",B,"[6,2]","[""A""]",12.17,"[""A""]",12.17
coordinate_geometry_0281_open_q1,coordinate_geometry_0281.png,"[""target=B; target_coordinates=[6, 6]; nearest_labels=['C']; nearest_distance=7.28; farthest_labels=['A']; farthest_distance=12.53""]","[""B""]",B,"[6,6]","[""C""]",7.28,"[""A""]",12.53
coordinate_geometry_0282_open_q1,coordinate_geometry_0282.png,"[""target=C; target_coordinates=[-5, -7]; nearest_labels=['B']; nearest_distance=7.62; farthest_labels=['A']; farthest_distance=16.28""]","[""C""]",C,"[-5,-7]","[""B""]",7.62,"[""A""]",16.28
coordinate_geometry_0283_open_q1,coordinate_geometry_0283.png,"[""target=B; target_coordinates=[0, 6]; nearest_labels=['A']; nearest_distance=4.47; farthest_labels=['A']; farthest_distance=4.47""]","[""B""]",B,"[0,6]","[""A""]",4.47,"[""A""]",4.47
coordinate_geometry_0284_open_q1,coordinate_geometry_0284.png,"[""target=B; target_coordinates=[6, 1]; nearest_labels=['C']; nearest_distance=5.39; farthest_labels=['A']; farthest_distance=6.71""]","[""B""]",B,"[6,1]","[""C""]",5.39,"[""A""]",6.71
coordinate_geometry_0285_open_q1,coordinate_geometry_0285.png,"[""target=C; target_coordinates=[3, 4]; nearest_labels=['A']; nearest_distance=2.24; farthest_labels=['D']; farthest_distance=11.4""]","[""C""]",C,"[3,4]","[""A""]",2.24,"[""D""]",11.4
coordinate_geometry_0286_open_q1,coordinate_geometry_0286.png,"[""target=A; target_coordinates=[2, -6]; nearest_labels=['B']; nearest_distance=13.6; farthest_labels=['B']; farthest_distance=13.6""]","[""A""]",A,"[2,-6]","[""B""]",13.6,"[""B""]",13.6
coordinate_geometry_0287_open_q1,coordinate_geometry_0287.png,"[""target=C; target_coordinates=[5, 8]; nearest_labels=['A']; nearest_distance=8.54; farthest_labels=['B']; farthest_distance=14.87""]","[""C""]",C,"[5,8]","[""A""]",8.54,"[""B""]",14.87
coordinate_geometry_0288_open_q1,coordinate_geometry_0288.png,"[""target=A; target_coordinates=[-4, 4]; nearest_labels=['B']; nearest_distance=9.9; farthest_labels=['D']; farthest_distance=12.04""]","[""A""]",A,"[-4,4]","[""B""]",9.9,"[""D""]",12.04
coordinate_geometry_0289_open_q1,coordinate_geometry_0289.png,"[""target=A; target_coordinates=[-3, -6]; nearest_labels=['B']; nearest_distance=9.22; farthest_labels=['B']; farthest_distance=9.22""]","[""A""]",A,"[-3,-6]","[""B""]",9.22,"[""B""]",9.22
coordinate_geometry_0290_open_q1,coordinate_geometry_0290.png,"[""target=A; target_coordinates=[7, -8]; nearest_labels=['B']; nearest_distance=13.04; farthest_labels=['C']; farthest_distance=20.52""]","[""A""]",A,"[7,-8]","[""B""]",13.04,"[""C""]",20.52
coordinate_geometry_0291_open_q1,coordinate_geometry_0291.png,"[""target=C; target_coordinates=[-5, 0]; nearest_labels=['D']; nearest_distance=3; farthest_labels=['A']; farthest_distance=14.32""]","[""C""]",C,"[-5,0]","[""D""]",3,"[""A""]",14.32
coordinate_geometry_0292_open_q1,coordinate_geometry_0292.png,"[""target=B; target_coordinates=[2, -2]; nearest_labels=['A']; nearest_distance=2.24; farthest_labels=['A']; farthest_distance=2.24""]","[""B""]",B,"[2,-2]","[""A""]",2.24,"[""A""]",2.24
coordinate_geometry_0293_open_q1,coordinate_geometry_0293.png,"[""target=B; target_coordinates=[8, 8]; nearest_labels=['C']; nearest_distance=13.34; farthest_labels=['A']; farthest_distance=15.81""]","[""B""]",B,"[8,8]","[""C""]",13.34,"[""A""]",15.81
coordinate_geometry_0294_open_q1,coordinate_geometry_0294.png,"[""target=D; target_coordinates=[6, 1]; nearest_labels=['A']; nearest_distance=3.16; farthest_labels=['B']; farthest_distance=12.65""]","[""D""]",D,"[6,1]","[""A""]",3.16,"[""B""]",12.65
coordinate_geometry_0295_open_q1,coordinate_geometry_0295.png,"[""target=A; target_coordinates=[7, 2]; nearest_labels=['B']; nearest_distance=8; farthest_labels=['B']; farthest_distance=8""]","[""A""]",A,"[7,2]","[""B""]",8,"[""B""]",8
coordinate_geometry_0296_open_q1,coordinate_geometry_0296.png,"[""target=B; target_coordinates=[-7, 5]; nearest_labels=['A']; nearest_distance=10.44; farthest_labels=['C']; farthest_distance=10.77""]","[""B""]",B,"[-7,5]","[""A""]",10.44,"[""C""]",10.77
coordinate_geometry_0297_open_q1,coordinate_geometry_0297.png,"[""target=D; target_coordinates=[-8, -3]; nearest_labels=['C']; nearest_distance=3; farthest_labels=['A']; farthest_distance=12.65""]","[""D""]",D,"[-8,-3]","[""C""]",3,"[""A""]",12.65
coordinate_geometry_0298_open_q1,coordinate_geometry_0298.png,"[""target=A; target_coordinates=[8, -3]; nearest_labels=['B']; nearest_distance=12.08; farthest_labels=['B']; farthest_distance=12.08""]","[""A""]",A,"[8,-3]","[""B""]",12.08,"[""B""]",12.08
coordinate_geometry_0299_open_q1,coordinate_geometry_0299.png,"[""target=B; target_coordinates=[6, 8]; nearest_labels=['C']; nearest_distance=7.81; farthest_labels=['A']; farthest_distance=17.89""]","[""B""]",B,"[6,8]","[""C""]",7.81,"[""A""]",17.89
coordinate_geometry_0300_open_q1,coordinate_geometry_0300.png,"[""target=D; target_coordinates=[-3, -3]; nearest_labels=['A']; nearest_distance=7.81; farthest_labels=['C']; farthest_distance=13.6""]","[""D""]",D,"[-3,-3]","[""A""]",7.81,"[""C""]",13.6
coordinate_geometry_0301_open_q1,coordinate_geometry_0301.png,"[""target=B; target_coordinates=[-1, 0]; nearest_labels=['A']; nearest_distance=10; farthest_labels=['A']; farthest_distance=10""]","[""B""]",B,"[-1,0]","[""A""]",10,"[""A""]",10
coordinate_geometry_0302_open_q1,coordinate_geometry_0302.png,"[""target=C; target_coordinates=[4, -2]; nearest_labels=['B']; nearest_distance=2.24; farthest_labels=['A']; farthest_distance=8.94""]","[""C""]",C,"[4,-2]","[""B""]",2.24,"[""A""]",8.94
coordinate_geometry_0303_open_q1,coordinate_geometry_0303.png,"[""target=A; target_coordinates=[-2, -3]; nearest_labels=['D']; nearest_distance=4.47; farthest_labels=['C']; farthest_distance=9.9""]","[""A""]",A,"[-2,-3]","[""D""]",4.47,"[""C""]",9.9
coordinate_geometry_0304_open_q1,coordinate_geometry_0304.png,"[""target=B; target_coordinates=[6, -7]; nearest_labels=['A']; nearest_distance=15.03; farthest_labels=['A']; farthest_distance=15.03""]","[""B""]",B,"[6,-7]","[""A""]",15.03,"[""A""]",15.03
coordinate_geometry_0305_open_q1,coordinate_geometry_0305.png,"[""target=A; target_coordinates=[-2, 1]; nearest_labels=['B']; nearest_distance=4.47; farthest_labels=['C']; farthest_distance=6.71""]","[""A""]",A,"[-2,1]","[""B""]",4.47,"[""C""]",6.71
coordinate_geometry_0306_open_q1,coordinate_geometry_0306.png,"[""target=C; target_coordinates=[1, -1]; nearest_labels=['B']; nearest_distance=4.47; farthest_labels=['D']; farthest_distance=7.21""]","[""C""]",C,"[1,-1]","[""B""]",4.47,"[""D""]",7.21
coordinate_geometry_0307_open_q1,coordinate_geometry_0307.png,"[""target=A; target_coordinates=[1, 1]; nearest_labels=['B']; nearest_distance=9.22; farthest_labels=['B']; farthest_distance=9.22""]","[""A""]",A,"[1,1]","[""B""]",9.22,"[""B""]",9.22
coordinate_geometry_0308_open_q1,coordinate_geometry_0308.png,"[""target=C; target_coordinates=[4, -3]; nearest_labels=['B']; nearest_distance=6.71; farthest_labels=['A']; farthest_distance=8.94""]","[""C""]",C,"[4,-3]","[""B""]",6.71,"[""A""]",8.94
coordinate_geometry_0309_open_q1,coordinate_geometry_0309.png,"[""target=B; target_coordinates=[2, -3]; nearest_labels=['C']; nearest_distance=4.47; farthest_labels=['A']; farthest_distance=11.18""]","[""B""]",B,"[2,-3]","[""C""]",4.47,"[""A""]",11.18
coordinate_geometry_0310_open_q1,coordinate_geometry_0310.png,"[""target=A; target_coordinates=[8, 3]; nearest_labels=['B']; nearest_distance=7.21; farthest_labels=['B']; farthest_distance=7.21""]","[""A""]",A,"[8,3]","[""B""]",7.21,"[""B""]",7.21
coordinate_geometry_0311_open_q1,coordinate_geometry_0311.png,"[""target=B; target_coordinates=[4, -1]; nearest_labels=['C']; nearest_distance=2.24; farthest_labels=['A']; farthest_distance=8.94""]","[""B""]",B,"[4,-1]","[""C""]",2.24,"[""A""]",8.94
coordinate_geometry_0312_open_q1,coordinate_geometry_0312.png,"[""target=C; target_coordinates=[3, 5]; nearest_labels=['B']; nearest_distance=4.24; farthest_labels=['D']; farthest_distance=10.63""]","[""C""]",C,"[3,5]","[""B""]",4.24,"[""D""]",10.63
coordinate_geometry_0313_open_q1,coordinate_geometry_0313.png,"[""target=B; target_coordinates=[-8, -2]; nearest_labels=['A']; nearest_distance=15.81; farthest_labels=['A']; farthest_distance=15.81""]","[""B""]",B,"[-8,-2]","[""A""]",15.81,"[""A""]",15.81
coordinate_geometry_0314_open_q1,coordinate_geometry_0314.png,"[""target=B; target_coordinates=[1, -2]; nearest_labels=['A']; nearest_distance=2.24; farthest_labels=['C']; farthest_distance=4.47""]","[""B""]",B,"[1,-2]","[""A""]",2.24,"[""C""]",4.47
coordinate_geometry_0315_open_q1,coordinate_geometry_0315.png,"[""target=A; target_coordinates=[-6, 2]; nearest_labels=['B']; nearest_distance=4.47; farthest_labels=['C']; farthest_distance=11.18""]","[""A""]",A,"[-6,2]","[""B""]",4.47,"[""C""]",11.18
coordinate_geometry_0316_open_q1,coordinate_geometry_0316.png,"[""target=B; target_coordinates=[-1, -1]; nearest_labels=['A']; nearest_distance=7.62; farthest_labels=['A']; farthest_distance=7.62""]","[""B""]",B,"[-1,-1]","[""A""]",7.62,"[""A""]",7.62
coordinate_geometry_0317_open_q1,coordinate_geometry_0317.png,"[""target=C; target_coordinates=[0, 2]; nearest_labels=['B']; nearest_distance=4.47; farthest_labels=['A']; farthest_distance=6.71""]","[""C""]",C,"[0,2]","[""B""]",4.47,"[""A""]",6.71
coordinate_geometry_0318_open_q1,coordinate_geometry_0318.png,"[""target=A; target_coordinates=[-1, 0]; nearest_labels=['B']; nearest_distance=4.47; farthest_labels=['D']; farthest_distance=9.22""]","[""A""]",A,"[-1,0]","[""B""]",4.47,"[""D""]",9.22
coordinate_geometry_0319_open_q1,coordinate_geometry_0319.png,"[""target=A; target_coordinates=[4, -6]; nearest_labels=['B']; nearest_distance=9.22; farthest_labels=['B']; farthest_distance=9.22""]","[""A""]",A,"[4,-6]","[""B""]",9.22,"[""B""]",9.22
coordinate_geometry_0320_open_q1,coordinate_geometry_0320.png,"[""target=B; target_coordinates=[-2, 3]; nearest_labels=['A']; nearest_distance=2.24; farthest_labels=['C']; farthest_distance=8.94""]","[""B""]",B,"[-2,3]","[""A""]",2.24,"[""C""]",8.94
coordinate_geometry_0321_open_q1,coordinate_geometry_0321.png,"[""target=D; target_coordinates=[6, 5]; nearest_labels=['C']; nearest_distance=4; farthest_labels=['A']; farthest_distance=10.3""]","[""D""]",D,"[6,5]","[""C""]",4,"[""A""]",10.3
coordinate_geometry_0322_open_q1,coordinate_geometry_0322.png,"[""target=A; target_coordinates=[5, -4]; nearest_labels=['B']; nearest_distance=11.4; farthest_labels=['B']; farthest_distance=11.4""]","[""A""]",A,"[5,-4]","[""B""]",11.4,"[""B""]",11.4
coordinate_geometry_0323_open_q1,coordinate_geometry_0323.png,"[""target=C; target_coordinates=[3, 4]; nearest_labels=['B']; nearest_distance=2.24; farthest_labels=['A']; farthest_distance=13.42""]","[""C""]",C,"[3,4]","[""B""]",2.24,"[""A""]",13.42
coordinate_geometry_0324_open_q1,coordinate_geometry_0324.png,"[""target=B; target_coordinates=[2, -6]; nearest_labels=['C']; nearest_distance=2.24; farthest_labels=['D']; farthest_distance=11.66""]","[""B""]",B,"[2,-6]","[""C""]",2.24,"[""D""]",11.66
coordinate_geometry_0325_open_q1,coordinate_geometry_0325.png,"[""target=B; target_coordinates=[-3, 3]; nearest_labels=['A']; nearest_distance=9.22; farthest_labels=['A']; farthest_distance=9.22""]","[""B""]",B,"[-3,3]","[""A""]",9.22,"[""A""]",9.22
coordinate_geometry_0326_open_q1,coordinate_geometry_0326.png,"[""target=A; target_coordinates=[-8, -6]; nearest_labels=['B']; nearest_distance=4.47; farthest_labels=['C']; farthest_distance=11.18""]","[""A""]",A,"[-8,-6]","[""B""]",4.47,"[""C""]",11.18
coordinate_geometry_0327_open_q1,coordinate_geometry_0327.png,"[""target=B; target_coordinates=[-3, 5]; nearest_labels=['A']; nearest_distance=2.24; farthest_labels=['D']; farthest_distance=10.05""]","[""B""]",B,"[-3,5]","[""A""]",2.24,"[""D""]",10.05
coordinate_geometry_0328_open_q1,coordinate_geometry_0328.png,"[""target=B; target_coordinates=[7, -6]; nearest_labels=['A']; nearest_distance=13; farthest_labels=['A']; farthest_distance=13""]","[""B""]",B,"[7,-6]","[""A""]",13,"[""A""]",13
coordinate_geometry_0329_open_q1,coordinate_geometry_0329.png,"[""target=B; target_coordinates=[-1, 4]; nearest_labels=['C']; nearest_distance=6.08; farthest_labels=['A']; farthest_distance=9.22""]","[""B""]",B,"[-1,4]","[""C""]",6.08,"[""A""]",9.22
coordinate_geometry_0330_open_q1,coordinate_geometry_0330.png,"[""target=A; target_coordinates=[-7, 4]; nearest_labels=['B']; nearest_distance=2.24; farthest_labels=['C']; farthest_distance=15.13""]","[""A""]",A,"[-7,4]","[""B""]",2.24,"[""C""]",15.13
coordinate_geometry_0331_open_q1,coordinate_geometry_0331.png,"[""target=A; target_coordinates=[-3, -1]; nearest_labels=['B']; nearest_distance=8.25; farthest_labels=['B']; farthest_distance=8.25""]","[""A""]",A,"[-3,-1]","[""B""]",8.25,"[""B""]",8.25
coordinate_geometry_0332_open_q1,coordinate_geometry_0332.png,"[""target=B; target_coordinates=[4, -3]; nearest_labels=['A']; nearest_distance=8.94; farthest_labels=['C']; farthest_distance=12.17""]","[""B""]",B,"[4,-3]","[""A""]",8.94,"[""C""]",12.17
coordinate_geometry_0333_open_q1,coordinate_geometry_0333.png,"[""target=B; target_coordinates=[-1, 5]; nearest_labels=['A']; nearest_distance=3; farthest_labels=['D']; farthest_distance=7.81""]","[""B""]",B,"[-1,5]","[""A""]",3,"[""D""]",7.81
coordinate_geometry_0334_open_q1,coordinate_geometry_0334.png,"[""target=A; target_coordinates=[4, 5]; nearest_labels=['B']; nearest_distance=8.25; farthest_labels=['B']; farthest_distance=8.25""]","[""A""]",A,"[4,5]","[""B""]",8.25,"[""B""]",8.25
coordinate_geometry_0335_open_q1,coordinate_geometry_0335.png,"[""target=A; target_coordinates=[6, 5]; nearest_labels=['C']; nearest_distance=9.22; farthest_labels=['B']; farthest_distance=18.38""]","[""A""]",A,"[6,5]","[""C""]",9.22,"[""B""]",18.38
coordinate_geometry_0336_open_q1,coordinate_geometry_0336.png,"[""target=B; target_coordinates=[3, -3]; nearest_labels=['A']; nearest_distance=5.1; farthest_labels=['D']; farthest_distance=6.4""]","[""B""]",B,"[3,-3]","[""A""]",5.1,"[""D""]",6.4
coordinate_geometry_0337_open_q1,coordinate_geometry_0337.png,"[""target=A; target_coordinates=[8, 3]; nearest_labels=['B']; nearest_distance=16.76; farthest_labels=['B']; farthest_distance=16.76""]","[""A""]",A,"[8,3]","[""B""]",16.76,"[""B""]",16.76
coordinate_geometry_0338_open_q1,coordinate_geometry_0338.png,"[""target=B; target_coordinates=[7, -2]; nearest_labels=['A']; nearest_distance=10.63; farthest_labels=['C']; farthest_distance=14.32""]","[""B""]",B,"[7,-2]","[""A""]",10.63,"[""C""]",14.32
coordinate_geometry_0339_open_q1,coordinate_geometry_0339.png,"[""target=B; target_coordinates=[7, 3]; nearest_labels=['C']; nearest_distance=5.1; farthest_labels=['A']; farthest_distance=11.4""]","[""B""]",B,"[7,3]","[""C""]",5.1,"[""A""]",11.4
coordinate_geometry_0340_open_q1,coordinate_geometry_0340.png,"[""target=B; target_coordinates=[-5, 0]; nearest_labels=['A']; nearest_distance=8; farthest_labels=['A']; farthest_distance=8""]","[""B""]",B,"[-5,0]","[""A""]",8,"[""A""]",8
coordinate_geometry_0341_open_q1,coordinate_geometry_0341.png,"[""target=B; target_coordinates=[-1, -6]; nearest_labels=['C']; nearest_distance=10.44; farthest_labels=['A']; farthest_distance=10.63""]","[""B""]",B,"[-1,-6]","[""C""]",10.44,"[""A""]",10.63
coordinate_geometry_0342_open_q1,coordinate_geometry_0342.png,"[""target=C; target_coordinates=[-4, -5]; nearest_labels=['D']; nearest_distance=3.16; farthest_labels=['A']; farthest_distance=13.89""]","[""C""]",C,"[-4,-5]","[""D""]",3.16,"[""A""]",13.89
coordinate_geometry_0343_open_q1,coordinate_geometry_0343.png,"[""target=B; target_coordinates=[-6, 8]; nearest_labels=['A']; nearest_distance=3.61; farthest_labels=['A']; farthest_distance=3.61""]","[""B""]",B,"[-6,8]","[""A""]",3.61,"[""A""]",3.61
coordinate_geometry_0344_open_q1,coordinate_geometry_0344.png,"[""target=C; target_coordinates=[1, 4]; nearest_labels=['A']; nearest_distance=6.71; farthest_labels=['B']; farthest_distance=7.28""]","[""C""]",C,"[1,4]","[""A""]",6.71,"[""B""]",7.28
coordinate_geometry_0345_open_q1,coordinate_geometry_0345.png,"[""target=C; target_coordinates=[-4, -6]; nearest_labels=['D']; nearest_distance=6.32; farthest_labels=['A']; farthest_distance=10.63""]","[""C""]",C,"[-4,-6]","[""D""]",6.32,"[""A""]",10.63
coordinate_geometry_0346_open_q1,coordinate_geometry_0346.png,"[""target=A; target_coordinates=[8, -5]; nearest_labels=['B']; nearest_distance=14.32; farthest_labels=['B']; farthest_distance=14.32""]","[""A""]",A,"[8,-5]","[""B""]",14.32,"[""B""]",14.32
coordinate_geometry_0347_open_q1,coordinate_geometry_0347.png,"[""target=B; target_coordinates=[5, -7]; nearest_labels=['A']; nearest_distance=6.4; farthest_labels=['C']; farthest_distance=12.04""]","[""B""]",B,"[5,-7]","[""A""]",6.4,"[""C""]",12.04
coordinate_geometry_0348_open_q1,coordinate_geometry_0348.png,"[""target=A; target_coordinates=[6, -2]; nearest_labels=['D']; nearest_distance=3.16; farthest_labels=['B']; farthest_distance=9.06""]","[""A""]",A,"[6,-2]","[""D""]",3.16,"[""B""]",9.06
coordinate_geometry_0349_open_q1,coordinate_geometry_0349.png,"[""target=B; target_coordinates=[8, 8]; nearest_labels=['A']; nearest_distance=9.22; farthest_labels=['A']; farthest_distance=9.22""]","[""B""]",B,"[8,8]","[""A""]",9.22,"[""A""]",9.22
coordinate_geometry_0350_open_q1,coordinate_geometry_0350.png,"[""target=C; target_coordinates=[-3, 7]; nearest_labels=['A']; nearest_distance=8.6; farthest_labels=['B']; farthest_distance=9.22""]","[""C""]",C,"[-3,7]","[""A""]",8.6,"[""B""]",9.22
coordinate_geometry_0351_open_q1,coordinate_geometry_0351.png,"[""target=D; target_coordinates=[4, -1]; nearest_labels=['A']; nearest_distance=3.16; farthest_labels=['C']; farthest_distance=7.62""]","[""D""]",D,"[4,-1]","[""A""]",3.16,"[""C""]",7.62
coordinate_geometry_0352_open_q1,coordinate_geometry_0352.png,"[""target=A; target_coordinates=[-6, 0]; nearest_labels=['B']; nearest_distance=2.83; farthest_labels=['B']; farthest_distance=2.83""]","[""A""]",A,"[-6,0]","[""B""]",2.83,"[""B""]",2.83
coordinate_geometry_0353_open_q1,coordinate_geometry_0353.png,"[""target=B; target_coordinates=[7, 4]; nearest_labels=['A']; nearest_distance=10.44; farthest_labels=['C']; farthest_distance=12.37""]","[""B""]",B,"[7,4]","[""A""]",10.44,"[""C""]",12.37
coordinate_geometry_0354_open_q1,coordinate_geometry_0354.png,"[""target=A; target_coordinates=[-6, -5]; nearest_labels=['B']; nearest_distance=3.61; farthest_labels=['D']; farthest_distance=11.18""]","[""A""]",A,"[-6,-5]","[""B""]",3.61,"[""D""]",11.18
coordinate_geometry_0355_open_q1,coordinate_geometry_0355.png,"[""target=B; target_coordinates=[-7, -4]; nearest_labels=['A']; nearest_distance=12.53; farthest_labels=['A']; farthest_distance=12.53""]","[""B""]",B,"[-7,-4]","[""A""]",12.53,"[""A""]",12.53
coordinate_geometry_0356_open_q1,coordinate_geometry_0356.png,"[""target=A; target_coordinates=[7, 0]; nearest_labels=['B']; nearest_distance=5.39; farthest_labels=['C']; farthest_distance=8.06""]","[""A""]",A,"[7,0]","[""B""]",5.39,"[""C""]",8.06
coordinate_geometry_0357_open_q1,coordinate_geometry_0357.png,"[""target=A; target_coordinates=[-6, -3]; nearest_labels=['C']; nearest_distance=2.83; farthest_labels=['D']; farthest_distance=12.81""]","[""A""]",A,"[-6,-3]","[""C""]",2.83,"[""D""]",12.81
coordinate_geometry_0358_open_q1,coordinate_geometry_0358.png,"[""target=A; target_coordinates=[-2, 4]; nearest_labels=['B']; nearest_distance=6.71; farthest_labels=['B']; farthest_distance=6.71""]","[""A""]",A,"[-2,4]","[""B""]",6.71,"[""B""]",6.71
coordinate_geometry_0359_open_q1,coordinate_geometry_0359.png,"[""target=C; target_coordinates=[-8, 8]; nearest_labels=['B']; nearest_distance=9.49; farthest_labels=['A']; farthest_distance=12.04""]","[""C""]",C,"[-8,8]","[""B""]",9.49,"[""A""]",12.04
coordinate_geometry_0360_open_q1,coordinate_geometry_0360.png,"[""target=C; target_coordinates=[4, 7]; nearest_labels=['A']; nearest_distance=10.3; farthest_labels=['D']; farthest_distance=11.7""]","[""C""]",C,"[4,7]","[""A""]",10.3,"[""D""]",11.7
coordinate_geometry_0361_open_q1,coordinate_geometry_0361.png,"[""target=A; target_coordinates=[4, 4]; nearest_labels=['B']; nearest_distance=12.17; farthest_labels=['B']; farthest_distance=12.17""]","[""A""]",A,"[4,4]","[""B""]",12.17,"[""B""]",12.17
coordinate_geometry_0362_open_q1,coordinate_geometry_0362.png,"[""target=C; target_coordinates=[5, 8]; nearest_labels=['B']; nearest_distance=6.71; farthest_labels=['A']; farthest_distance=11.18""]","[""C""]",C,"[5,8]","[""B""]",6.71,"[""A""]",11.18
coordinate_geometry_0363_open_q1,coordinate_geometry_0363.png,"[""target=D; target_coordinates=[0, 6]; nearest_labels=['C']; nearest_distance=6.71; farthest_labels=['A']; farthest_distance=11.18""]","[""D""]",D,"[0,6]","[""C""]",6.71,"[""A""]",11.18
coordinate_geometry_0364_open_q1,coordinate_geometry_0364.png,"[""target=B; target_coordinates=[-8, -8]; nearest_labels=['A']; nearest_distance=15.13; farthest_labels=['A']; farthest_distance=15.13""]","[""B""]",B,"[-8,-8]","[""A""]",15.13,"[""A""]",15.13
coordinate_geometry_0365_open_q1,coordinate_geometry_0365.png,"[""target=A; target_coordinates=[-5, -4]; nearest_labels=['B']; nearest_distance=2.24; farthest_labels=['C']; farthest_distance=6.71""]","[""A""]",A,"[-5,-4]","[""B""]",2.24,"[""C""]",6.71
coordinate_geometry_0366_open_q1,coordinate_geometry_0366.png,"[""target=A; target_coordinates=[-4, -3]; nearest_labels=['B']; nearest_distance=2.83; farthest_labels=['D']; farthest_distance=11.18""]","[""A""]",A,"[-4,-3]","[""B""]",2.83,"[""D""]",11.18
coordinate_geometry_0367_open_q1,coordinate_geometry_0367.png,"[""target=B; target_coordinates=[3, -1]; nearest_labels=['A']; nearest_distance=8.06; farthest_labels=['A']; farthest_distance=8.06""]","[""B""]",B,"[3,-1]","[""A""]",8.06,"[""A""]",8.06
coordinate_geometry_0368_open_q1,coordinate_geometry_0368.png,"[""target=A; target_coordinates=[-3, -4]; nearest_labels=['B']; nearest_distance=2.24; farthest_labels=['C']; farthest_distance=6.71""]","[""A""]",A,"[-3,-4]","[""B""]",2.24,"[""C""]",6.71
coordinate_geometry_0369_open_q1,coordinate_geometry_0369.png,"[""target=B; target_coordinates=[-1, -2]; nearest_labels=['A']; nearest_distance=6.71; farthest_labels=['D']; farthest_distance=9.49""]","[""B""]",B,"[-1,-2]","[""A""]",6.71,"[""D""]",9.49
coordinate_geometry_0370_open_q1,coordinate_geometry_0370.png,"[""target=B; target_coordinates=[0, -6]; nearest_labels=['A']; nearest_distance=14.04; farthest_labels=['A']; farthest_distance=14.04""]","[""B""]",B,"[0,-6]","[""A""]",14.04,"[""A""]",14.04
coordinate_geometry_0371_open_q1,coordinate_geometry_0371.png,"[""target=C; target_coordinates=[6, -5]; nearest_labels=['B']; nearest_distance=2.24; farthest_labels=['A']; farthest_distance=13.42""]","[""C""]",C,"[6,-5]","[""B""]",2.24,"[""A""]",13.42
coordinate_geometry_0372_open_q1,coordinate_geometry_0372.png,"[""target=C; target_coordinates=[-1, 1]; nearest_labels=['B']; nearest_distance=2.24; farthest_labels=['D']; farthest_distance=9.22""]","[""C""]",C,"[-1,1]","[""B""]",2.24,"[""D""]",9.22
coordinate_geometry_0373_open_q1,coordinate_geometry_0373.png,"[""target=A; target_coordinates=[-5, -2]; nearest_labels=['B']; nearest_distance=5.66; farthest_labels=['B']; farthest_distance=5.66""]","[""A""]",A,"[-5,-2]","[""B""]",5.66,"[""B""]",5.66
coordinate_geometry_0374_open_q1,coordinate_geometry_0374.png,"[""target=B; target_coordinates=[4, 0]; nearest_labels=['A']; nearest_distance=2.24; farthest_labels=['C']; farthest_distance=4.47""]","[""B""]",B,"[4,0]","[""A""]",2.24,"[""C""]",4.47
coordinate_geometry_0375_open_q1,coordinate_geometry_0375.png,"[""target=A; target_coordinates=[-2, 1]; nearest_labels=['B']; nearest_distance=5.66; farthest_labels=['D']; farthest_distance=10.05""]","[""A""]",A,"[-2,1]","[""B""]",5.66,"[""D""]",10.05
coordinate_geometry_0376_open_q1,coordinate_geometry_0376.png,"[""target=B; target_coordinates=[1, -3]; nearest_labels=['A']; nearest_distance=10.44; farthest_labels=['A']; farthest_distance=10.44""]","[""B""]",B,"[1,-3]","[""A""]",10.44,"[""A""]",10.44
coordinate_geometry_0377_open_q1,coordinate_geometry_0377.png,"[""target=A; target_coordinates=[-3, -5]; nearest_labels=['B']; nearest_distance=4.47; farthest_labels=['C']; farthest_distance=13.42""]","[""A""]",A,"[-3,-5]","[""B""]",4.47,"[""C""]",13.42
coordinate_geometry_0378_open_q1,coordinate_geometry_0378.png,"[""target=A; target_coordinates=[-3, 3]; nearest_labels=['B']; nearest_distance=6.71; farthest_labels=['C']; farthest_distance=11.18""]","[""A""]",A,"[-3,3]","[""B""]",6.71,"[""C""]",11.18
coordinate_geometry_0379_open_q1,coordinate_geometry_0379.png,"[""target=B; target_coordinates=[2, 6]; nearest_labels=['A']; nearest_distance=7.21; farthest_labels=['A']; farthest_distance=7.21""]","[""B""]",B,"[2,6]","[""A""]",7.21,"[""A""]",7.21
coordinate_geometry_0380_open_q1,coordinate_geometry_0380.png,"[""target=C; target_coordinates=[6, 5]; nearest_labels=['B']; nearest_distance=6.71; farthest_labels=['A']; farthest_distance=8.94""]","[""C""]",C,"[6,5]","[""B""]",6.71,"[""A""]",8.94
coordinate_geometry_0381_open_q1,coordinate_geometry_0381.png,"[""target=C; target_coordinates=[4, -5]; nearest_labels=['D']; nearest_distance=2.24; farthest_labels=['A']; farthest_distance=13.42""]","[""C""]",C,"[4,-5]","[""D""]",2.24,"[""A""]",13.42
coordinate_geometry_0382_open_q1,coordinate_geometry_0382.png,"[""target=B; target_coordinates=[-1, 8]; nearest_labels=['A']; nearest_distance=6.71; farthest_labels=['A']; farthest_distance=6.71""]","[""B""]",B,"[-1,8]","[""A""]",6.71,"[""A""]",6.71
coordinate_geometry_0383_open_q1,coordinate_geometry_0383.png,"[""target=A; target_coordinates=[-6, 2]; nearest_labels=['B']; nearest_distance=2.24; farthest_labels=['C']; farthest_distance=11.18""]","[""A""]",A,"[-6,2]","[""B""]",2.24,"[""C""]",11.18
coordinate_geometry_0384_open_q1,coordinate_geometry_0384.png,"[""target=A; target_coordinates=[-4, -8]; nearest_labels=['D']; nearest_distance=6.71; farthest_labels=['C']; farthest_distance=11.18""]","[""A""]",A,"[-4,-8]","[""D""]",6.71,"[""C""]",11.18
coordinate_geometry_0385_open_q1,coordinate_geometry_0385.png,"[""target=A; target_coordinates=[4, 8]; nearest_labels=['B']; nearest_distance=16.28; farthest_labels=['B']; farthest_distance=16.28""]","[""A""]",A,"[4,8]","[""B""]",16.28,"[""B""]",16.28
coordinate_geometry_0386_open_q1,coordinate_geometry_0386.png,"[""target=B; target_coordinates=[4, -1]; nearest_labels=['C']; nearest_distance=2.24; farthest_labels=['A']; farthest_distance=8.94""]","[""B""]",B,"[4,-1]","[""C""]",2.24,"[""A""]",8.94
coordinate_geometry_0387_open_q1,coordinate_geometry_0387.png,"[""target=B; target_coordinates=[6, 1]; nearest_labels=['C']; nearest_distance=2.24; farthest_labels=['D']; farthest_distance=11.4""]","[""B""]",B,"[6,1]","[""C""]",2.24,"[""D""]",11.4
coordinate_geometry_0388_open_q1,coordinate_geometry_0388.png,"[""target=A; target_coordinates=[3, -3]; nearest_labels=['B']; nearest_distance=12.73; farthest_labels=['B']; farthest_distance=12.73""]","[""A""]",A,"[3,-3]","[""B""]",12.73,"[""B""]",12.73
coordinate_geometry_0389_open_q1,coordinate_geometry_0389.png,"[""target=A; target_coordinates=[3, 5]; nearest_labels=['C']; nearest_distance=4.12; farthest_labels=['B']; farthest_distance=7.21""]","[""A""]",A,"[3,5]","[""C""]",4.12,"[""B""]",7.21
coordinate_geometry_0390_open_q1,coordinate_geometry_0390.png,"[""target=C; target_coordinates=[7, -6]; nearest_labels=['A']; nearest_distance=7; farthest_labels=['D']; farthest_distance=15.03""]","[""C""]",C,"[7,-6]","[""A""]",7,"[""D""]",15.03
coordinate_geometry_0391_open_q1,coordinate_geometry_0391.png,"[""target=A; target_coordinates=[-1, -4]; nearest_labels=['B']; nearest_distance=11.18; farthest_labels=['B']; farthest_distance=11.18""]","[""A""]",A,"[-1,-4]","[""B""]",11.18,"[""B""]",11.18
coordinate_geometry_0392_open_q1,coordinate_geometry_0392.png,"[""target=B; target_coordinates=[4, -2]; nearest_labels=['C']; nearest_distance=6; farthest_labels=['A']; farthest_distance=8.06""]","[""B""]",B,"[4,-2]","[""C""]",6,"[""A""]",8.06
coordinate_geometry_0393_open_q1,coordinate_geometry_0393.png,"[""target=B; target_coordinates=[-7, -1]; nearest_labels=['A']; nearest_distance=7.07; farthest_labels=['C']; farthest_distance=13.04""]","[""B""]",B,"[-7,-1]","[""A""]",7.07,"[""C""]",13.04
coordinate_geometry_0394_open_q1,coordinate_geometry_0394.png,"[""target=B; target_coordinates=[7, -6]; nearest_labels=['A']; nearest_distance=5.66; farthest_labels=['A']; farthest_distance=5.66""]","[""B""]",B,"[7,-6]","[""A""]",5.66,"[""A""]",5.66
coordinate_geometry_0395_open_q1,coordinate_geometry_0395.png,"[""target=B; target_coordinates=[-4, 1]; nearest_labels=['A']; nearest_distance=4.12; farthest_labels=['C']; farthest_distance=5.39""]","[""B""]",B,"[-4,1]","[""A""]",4.12,"[""C""]",5.39
coordinate_geometry_0396_open_q1,coordinate_geometry_0396.png,"[""target=B; target_coordinates=[5, 3]; nearest_labels=['D']; nearest_distance=2.83; farthest_labels=['A']; farthest_distance=9.06""]","[""B""]",B,"[5,3]","[""D""]",2.83,"[""A""]",9.06
coordinate_geometry_0397_open_q1,coordinate_geometry_0397.png,"[""target=A; target_coordinates=[4, 6]; nearest_labels=['B']; nearest_distance=13.42; farthest_labels=['B']; farthest_distance=13.42""]","[""A""]",A,"[4,6]","[""B""]",13.42,"[""B""]",13.42
coordinate_geometry_0398_open_q1,coordinate_geometry_0398.png,"[""target=C; target_coordinates=[-3, -6]; nearest_labels=['A']; nearest_distance=12.17; farthest_labels=['B']; farthest_distance=13.42""]","[""C""]",C,"[-3,-6]","[""A""]",12.17,"[""B""]",13.42
coordinate_geometry_0399_open_q1,coordinate_geometry_0399.png,"[""target=C; target_coordinates=[5, 2]; nearest_labels=['D']; nearest_distance=7.07; farthest_labels=['A']; farthest_distance=13.6""]","[""C""]",C,"[5,2]","[""D""]",7.07,"[""A""]",13.6
coordinate_geometry_0400_open_q1,coordinate_geometry_0400.png,"[""target=A; target_coordinates=[0, -6]; nearest_labels=['B']; nearest_distance=13.89; farthest_labels=['B']; farthest_distance=13.89""]","[""A""]",A,"[0,-6]","[""B""]",13.89,"[""B""]",13.89
coordinate_geometry_0401_open_q1,coordinate_geometry_0401.png,"[""target=B; target_coordinates=[4, 7]; nearest_labels=['A']; nearest_distance=7.07; farthest_labels=['C']; farthest_distance=10.2""]","[""B""]",B,"[4,7]","[""A""]",7.07,"[""C""]",10.2
coordinate_geometry_0402_open_q1,coordinate_geometry_0402.png,"[""target=A; target_coordinates=[7, 7]; nearest_labels=['C']; nearest_distance=7; farthest_labels=['D']; farthest_distance=16.28""]","[""A""]",A,"[7,7]","[""C""]",7,"[""D""]",16.28
coordinate_geometry_0403_open_q1,coordinate_geometry_0403.png,"[""target=A; target_coordinates=[2, -7]; nearest_labels=['B']; nearest_distance=8.6; farthest_labels=['B']; farthest_distance=8.6""]","[""A""]",A,"[2,-7]","[""B""]",8.6,"[""B""]",8.6
coordinate_geometry_0404_open_q1,coordinate_geometry_0404.png,"[""target=A; target_coordinates=[-8, 8]; nearest_labels=['B']; nearest_distance=13.15; farthest_labels=['C']; farthest_distance=15.62""]","[""A""]",A,"[-8,8]","[""B""]",13.15,"[""C""]",15.62
coordinate_geometry_0405_open_q1,coordinate_geometry_0405.png,"[""target=A; target_coordinates=[6, -5]; nearest_labels=['D']; nearest_distance=3.61; farthest_labels=['B']; farthest_distance=14.21""]","[""A""]",A,"[6,-5]","[""D""]",3.61,"[""B""]",14.21
coordinate_geometry_0406_open_q1,coordinate_geometry_0406.png,"[""target=A; target_coordinates=[4, 1]; nearest_labels=['B']; nearest_distance=10.3; farthest_labels=['B']; farthest_distance=10.3""]","[""A""]",A,"[4,1]","[""B""]",10.3,"[""B""]",10.3
coordinate_geometry_0407_open_q1,coordinate_geometry_0407.png,"[""target=A; target_coordinates=[1, 4]; nearest_labels=['B']; nearest_distance=2.83; farthest_labels=['C']; farthest_distance=8.06""]","[""A""]",A,"[1,4]","[""B""]",2.83,"[""C""]",8.06
coordinate_geometry_0408_open_q1,coordinate_geometry_0408.png,"[""target=B; target_coordinates=[0, 0]; nearest_labels=['C']; nearest_distance=5.66; farthest_labels=['A']; farthest_distance=9.43""]","[""B""]",B,"[0,0]","[""C""]",5.66,"[""A""]",9.43
coordinate_geometry_0409_open_q1,coordinate_geometry_0409.png,"[""target=B; target_coordinates=[5, -5]; nearest_labels=['A']; nearest_distance=2.24; farthest_labels=['A']; farthest_distance=2.24""]","[""B""]",B,"[5,-5]","[""A""]",2.24,"[""A""]",2.24
coordinate_geometry_0410_open_q1,coordinate_geometry_0410.png,"[""target=B; target_coordinates=[2, -6]; nearest_labels=['A']; nearest_distance=2.24; farthest_labels=['C']; farthest_distance=12.04""]","[""B""]",B,"[2,-6]","[""A""]",2.24,"[""C""]",12.04
coordinate_geometry_0411_open_q1,coordinate_geometry_0411.png,"[""target=C; target_coordinates=[7, 4]; nearest_labels=['A']; nearest_distance=7.81; farthest_labels=['D']; farthest_distance=15""]","[""C""]",C,"[7,4]","[""A""]",7.81,"[""D""]",15
coordinate_geometry_0412_open_q1,coordinate_geometry_0412.png,"[""target=A; target_coordinates=[-7, -5]; nearest_labels=['B']; nearest_distance=5; farthest_labels=['B']; farthest_distance=5""]","[""A""]",A,"[-7,-5]","[""B""]",5,"[""B""]",5
coordinate_geometry_0413_open_q1,coordinate_geometry_0413.png,"[""target=B; target_coordinates=[-6, 1]; nearest_labels=['C']; nearest_distance=5.83; farthest_labels=['A']; farthest_distance=12.65""]","[""B""]",B,"[-6,1]","[""C""]",5.83,"[""A""]",12.65
coordinate_geometry_0414_open_q1,coordinate_geometry_0414.png,"[""target=B; target_coordinates=[1, -6]; nearest_labels=['C']; nearest_distance=2.24; farthest_labels=['D']; farthest_distance=10.2""]","[""B""]",B,"[1,-6]","[""C""]",2.24,"[""D""]",10.2
coordinate_geometry_0415_open_q1,coordinate_geometry_0415.png,"[""target=B; target_coordinates=[-2, -2]; nearest_labels=['A']; nearest_distance=2.24; farthest_labels=['A']; farthest_distance=2.24""]","[""B""]",B,"[-2,-2]","[""A""]",2.24,"[""A""]",2.24
coordinate_geometry_0416_open_q1,coordinate_geometry_0416.png,"[""target=A; target_coordinates=[2, -7]; nearest_labels=['C']; nearest_distance=14.32; farthest_labels=['B']; farthest_distance=14.56""]","[""A""]",A,"[2,-7]","[""C""]",14.32,"[""B""]",14.56
coordinate_geometry_0417_open_q1,coordinate_geometry_0417.png,"[""target=A; target_coordinates=[-6, -7]; nearest_labels=['C']; nearest_distance=10.05; farthest_labels=['D']; farthest_distance=13.15""]","[""A""]",A,"[-6,-7]","[""C""]",10.05,"[""D""]",13.15
coordinate_geometry_0418_open_q1,coordinate_geometry_0418.png,"[""target=A; target_coordinates=[8, -1]; nearest_labels=['B']; nearest_distance=10; farthest_labels=['B']; farthest_distance=10""]","[""A""]",A,"[8,-1]","[""B""]",10,"[""B""]",10
coordinate_geometry_0419_open_q1,coordinate_geometry_0419.png,"[""target=B; target_coordinates=[1, 3]; nearest_labels=['A']; nearest_distance=8.6; farthest_labels=['C']; farthest_distance=11.4""]","[""B""]",B,"[1,3]","[""A""]",8.6,"[""C""]",11.4
coordinate_geometry_0420_open_q1,coordinate_geometry_0420.png,"[""target=A; target_coordinates=[3, 0]; nearest_labels=['B']; nearest_distance=5.1; farthest_labels=['C']; farthest_distance=11.31""]","[""A""]",A,"[3,0]","[""B""]",5.1,"[""C""]",11.31
coordinate_geometry_0421_open_q1,coordinate_geometry_0421.png,"[""target=A; target_coordinates=[0, 7]; nearest_labels=['B']; nearest_distance=9.9; farthest_labels=['B']; farthest_distance=9.9""]","[""A""]",A,"[0,7]","[""B""]",9.9,"[""B""]",9.9
coordinate_geometry_0422_open_q1,coordinate_geometry_0422.png,"[""target=C; target_coordinates=[5, 8]; nearest_labels=['B']; nearest_distance=2.24; farthest_labels=['A']; farthest_distance=15.65""]","[""C""]",C,"[5,8]","[""B""]",2.24,"[""A""]",15.65
coordinate_geometry_0423_open_q1,coordinate_geometry_0423.png,"[""target=C; target_coordinates=[2, 6]; nearest_labels=['D']; nearest_distance=9.22; farthest_labels=['A']; farthest_distance=13.42""]","[""C""]",C,"[2,6]","[""D""]",9.22,"[""A""]",13.42
coordinate_geometry_0424_open_q1,coordinate_geometry_0424.png,"[""target=A; target_coordinates=[-4, -7]; nearest_labels=['B']; nearest_distance=9.06; farthest_labels=['B']; farthest_distance=9.06""]","[""A""]",A,"[-4,-7]","[""B""]",9.06,"[""B""]",9.06
coordinate_geometry_0425_open_q1,coordinate_geometry_0425.png,"[""target=B; target_coordinates=[3, 1]; nearest_labels=['A']; nearest_distance=2.83; farthest_labels=['C']; farthest_distance=4.24""]","[""B""]",B,"[3,1]","[""A""]",2.83,"[""C""]",4.24
coordinate_geometry_0426_open_q1,coordinate_geometry_0426.png,"[""target=A; target_coordinates=[-4, -7]; nearest_labels=['B']; nearest_distance=2.24; farthest_labels=['D']; farthest_distance=15""]","[""A""]",A,"[-4,-7]","[""B""]",2.24,"[""D""]",15
coordinate_geometry_0427_open_q1,coordinate_geometry_0427.png,"[""target=A; target_coordinates=[7, 3]; nearest_labels=['B']; nearest_distance=15.23; farthest_labels=['B']; farthest_distance=15.23""]","[""A""]",A,"[7,3]","[""B""]",15.23,"[""B""]",15.23
coordinate_geometry_0428_open_q1,coordinate_geometry_0428.png,"[""target=C; target_coordinates=[2, -2]; nearest_labels=['B']; nearest_distance=4.47; farthest_labels=['A']; farthest_distance=6.71""]","[""C""]",C,"[2,-2]","[""B""]",4.47,"[""A""]",6.71
coordinate_geometry_0429_open_q1,coordinate_geometry_0429.png,"[""target=B; target_coordinates=[1, 0]; nearest_labels=['C']; nearest_distance=4.47; farthest_labels=['D']; farthest_distance=8.06""]","[""B""]",B,"[1,0]","[""C""]",4.47,"[""D""]",8.06
coordinate_geometry_0430_open_q1,coordinate_geometry_0430.png,"[""target=A; target_coordinates=[-4, -8]; nearest_labels=['B']; nearest_distance=6; farthest_labels=['B']; farthest_distance=6""]","[""A""]",A,"[-4,-8]","[""B""]",6,"[""B""]",6
coordinate_geometry_0431_open_q1,coordinate_geometry_0431.png,"[""target=A; target_coordinates=[-3, -1]; nearest_labels=['B']; nearest_distance=5; farthest_labels=['C']; farthest_distance=8""]","[""A""]",A,"[-3,-1]","[""B""]",5,"[""C""]",8
coordinate_geometry_0432_open_q1,coordinate_geometry_0432.png,"[""target=B; target_coordinates=[-2, 1]; nearest_labels=['A']; nearest_distance=4.47; farthest_labels=['D']; farthest_distance=10.77""]","[""B""]",B,"[-2,1]","[""A""]",4.47,"[""D""]",10.77
coordinate_geometry_0433_open_q1,coordinate_geometry_0433.png,"[""target=B; target_coordinates=[-7, 7]; nearest_labels=['A']; nearest_distance=19.1; farthest_labels=['A']; farthest_distance=19.1""]","[""B""]",B,"[-7,7]","[""A""]",19.1,"[""A""]",19.1
coordinate_geometry_0434_open_q1,coordinate_geometry_0434.png,"[""target=A; target_coordinates=[-5, 5]; nearest_labels=['B']; nearest_distance=5.66; farthest_labels=['C']; farthest_distance=8.49""]","[""A""]",A,"[-5,5]","[""B""]",5.66,"[""C""]",8.49
coordinate_geometry_0435_open_q1,coordinate_geometry_0435.png,"[""target=B; target_coordinates=[-2, 1]; nearest_labels=['A']; nearest_distance=3; farthest_labels=['D']; farthest_distance=4.24""]","[""B""]",B,"[-2,1]","[""A""]",3,"[""D""]",4.24
coordinate_geometry_0436_open_q1,coordinate_geometry_0436.png,"[""target=B; target_coordinates=[-3, 3]; nearest_labels=['A']; nearest_distance=8.06; farthest_labels=['A']; farthest_distance=8.06""]","[""B""]",B,"[-3,3]","[""A""]",8.06,"[""A""]",8.06
coordinate_geometry_0437_open_q1,coordinate_geometry_0437.png,"[""target=C; target_coordinates=[4, -8]; nearest_labels=['B']; nearest_distance=2.24; farthest_labels=['A']; farthest_distance=6.71""]","[""C""]",C,"[4,-8]","[""B""]",2.24,"[""A""]",6.71
coordinate_geometry_0438_open_q1,coordinate_geometry_0438.png,"[""target=C; target_coordinates=[3, -5]; nearest_labels=['D']; nearest_distance=4.47; farthest_labels=['A']; farthest_distance=11.31""]","[""C""]",C,"[3,-5]","[""D""]",4.47,"[""A""]",11.31
coordinate_geometry_0439_open_q1,coordinate_geometry_0439.png,"[""target=A; target_coordinates=[1, 5]; nearest_labels=['B']; nearest_distance=3.16; farthest_labels=['B']; farthest_distance=3.16""]","[""A""]",A,"[1,5]","[""B""]",3.16,"[""B""]",3.16
coordinate_geometry_0440_open_q1,coordinate_geometry_0440.png,"[""target=A; target_coordinates=[-1, -4]; nearest_labels=['B']; nearest_distance=3; farthest_labels=['C']; farthest_distance=7""]","[""A""]",A,"[-1,-4]","[""B""]",3,"[""C""]",7
coordinate_geometry_0441_open_q1,coordinate_geometry_0441.png,"[""target=D; target_coordinates=[-4, -7]; nearest_labels=['A']; nearest_distance=2.24; farthest_labels=['C']; farthest_distance=12.04""]","[""D""]",D,"[-4,-7]","[""A""]",2.24,"[""C""]",12.04
coordinate_geometry_0442_open_q1,coordinate_geometry_0442.png,"[""target=B; target_coordinates=[-4, -1]; nearest_labels=['A']; nearest_distance=12.08; farthest_labels=['A']; farthest_distance=12.08""]","[""B""]",B,"[-4,-1]","[""A""]",12.08,"[""A""]",12.08
coordinate_geometry_0443_open_q1,coordinate_geometry_0443.png,"[""target=C; target_coordinates=[5, -1]; nearest_labels=['B']; nearest_distance=2.83; farthest_labels=['A']; farthest_distance=9.9""]","[""C""]",C,"[5,-1]","[""B""]",2.83,"[""A""]",9.9
coordinate_geometry_0444_open_q1,coordinate_geometry_0444.png,"[""target=D; target_coordinates=[7, -8]; nearest_labels=['C']; nearest_distance=8.49; farthest_labels=['A']; farthest_distance=19.42""]","[""D""]",D,"[7,-8]","[""C""]",8.49,"[""A""]",19.42
coordinate_geometry_0445_open_q1,coordinate_geometry_0445.png,"[""target=A; target_coordinates=[-1, -6]; nearest_labels=['B']; nearest_distance=7.81; farthest_labels=['B']; farthest_distance=7.81""]","[""A""]",A,"[-1,-6]","[""B""]",7.81,"[""B""]",7.81
coordinate_geometry_0446_open_q1,coordinate_geometry_0446.png,"[""target=C; target_coordinates=[5, -2]; nearest_labels=['B']; nearest_distance=2.83; farthest_labels=['A']; farthest_distance=8.49""]","[""C""]",C,"[5,-2]","[""B""]",2.83,"[""A""]",8.49
coordinate_geometry_0447_open_q1,coordinate_geometry_0447.png,"[""target=C; target_coordinates=[8, 2]; nearest_labels=['B']; nearest_distance=8.94; farthest_labels=['D']; farthest_distance=15.81""]","[""C""]",C,"[8,2]","[""B""]",8.94,"[""D""]",15.81
coordinate_geometry_0448_open_q1,coordinate_geometry_0448.png,"[""target=A; target_coordinates=[-5, 1]; nearest_labels=['B']; nearest_distance=9.22; farthest_labels=['B']; farthest_distance=9.22""]","[""A""]",A,"[-5,1]","[""B""]",9.22,"[""B""]",9.22
coordinate_geometry_0449_open_q1,coordinate_geometry_0449.png,"[""target=C; target_coordinates=[7, -5]; nearest_labels=['B']; nearest_distance=12.37; farthest_labels=['A']; farthest_distance=12.73""]","[""C""]",C,"[7,-5]","[""B""]",12.37,"[""A""]",12.73
coordinate_geometry_0450_open_q1,coordinate_geometry_0450.png,"[""target=C; target_coordinates=[7, -7]; nearest_labels=['B']; nearest_distance=14.14; farthest_labels=['D']; farthest_distance=16.16""]","[""C""]",C,"[7,-7]","[""B""]",14.14,"[""D""]",16.16
coordinate_geometry_0451_open_q1,coordinate_geometry_0451.png,"[""target=B; target_coordinates=[3, -7]; nearest_labels=['A']; nearest_distance=15.65; farthest_labels=['A']; farthest_distance=15.65""]","[""B""]",B,"[3,-7]","[""A""]",15.65,"[""A""]",15.65
coordinate_geometry_0452_open_q1,coordinate_geometry_0452.png,"[""target=B; target_coordinates=[-6, 1]; nearest_labels=['C']; nearest_distance=3; farthest_labels=['A']; farthest_distance=7.07""]","[""B""]",B,"[-6,1]","[""C""]",3,"[""A""]",7.07
coordinate_geometry_0453_open_q1,coordinate_geometry_0453.png,"[""target=D; target_coordinates=[-6, -6]; nearest_labels=['C']; nearest_distance=5.39; farthest_labels=['A']; farthest_distance=13""]","[""D""]",D,"[-6,-6]","[""C""]",5.39,"[""A""]",13
coordinate_geometry_0454_open_q1,coordinate_geometry_0454.png,"[""target=A; target_coordinates=[2, 0]; nearest_labels=['B']; nearest_distance=3.61; farthest_labels=['B']; farthest_distance=3.61""]","[""A""]",A,"[2,0]","[""B""]",3.61,"[""B""]",3.61
coordinate_geometry_0455_open_q1,coordinate_geometry_0455.png,"[""target=A; target_coordinates=[4, -1]; nearest_labels=['B']; nearest_distance=7; farthest_labels=['C']; farthest_distance=10.63""]","[""A""]",A,"[4,-1]","[""B""]",7,"[""C""]",10.63
coordinate_geometry_0456_open_q1,coordinate_geometry_0456.png,"[""target=D; target_coordinates=[-4, -4]; nearest_labels=['A']; nearest_distance=2.24; farthest_labels=['B']; farthest_distance=14.87""]","[""D""]",D,"[-4,-4]","[""A""]",2.24,"[""B""]",14.87
coordinate_geometry_0457_open_q1,coordinate_geometry_0457.png,"[""target=A; target_coordinates=[2, 0]; nearest_labels=['B']; nearest_distance=4.47; farthest_labels=['B']; farthest_distance=4.47""]","[""A""]",A,"[2,0]","[""B""]",4.47,"[""B""]",4.47
coordinate_geometry_0458_open_q1,coordinate_geometry_0458.png,"[""target=C; target_coordinates=[1, 8]; nearest_labels=['A']; nearest_distance=7.28; farthest_labels=['B']; farthest_distance=15.65""]","[""C""]",C,"[1,8]","[""A""]",7.28,"[""B""]",15.65
coordinate_geometry_0459_open_q1,coordinate_geometry_0459.png,"[""target=C; target_coordinates=[6, 4]; nearest_labels=['D']; nearest_distance=5; farthest_labels=['B']; farthest_distance=15.65""]","[""C""]",C,"[6,4]","[""D""]",5,"[""B""]",15.65
coordinate_geometry_0460_open_q1,coordinate_geometry_0460.png,"[""target=B; target_coordinates=[4, 2]; nearest_labels=['A']; nearest_distance=10.44; farthest_labels=['A']; farthest_distance=10.44""]","[""B""]",B,"[4,2]","[""A""]",10.44,"[""A""]",10.44
coordinate_geometry_0461_open_q1,coordinate_geometry_0461.png,"[""target=A; target_coordinates=[-6, 5]; nearest_labels=['B']; nearest_distance=11.4; farthest_labels=['C']; farthest_distance=12.08""]","[""A""]",A,"[-6,5]","[""B""]",11.4,"[""C""]",12.08
coordinate_geometry_0462_open_q1,coordinate_geometry_0462.png,"[""target=B; target_coordinates=[8, -6]; nearest_labels=['A']; nearest_distance=3.16; farthest_labels=['D']; farthest_distance=16.16""]","[""B""]",B,"[8,-6]","[""A""]",3.16,"[""D""]",16.16
coordinate_geometry_0463_open_q1,coordinate_geometry_0463.png,"[""target=A; target_coordinates=[7, -6]; nearest_labels=['B']; nearest_distance=16.64; farthest_labels=['B']; farthest_distance=16.64""]","[""A""]",A,"[7,-6]","[""B""]",16.64,"[""B""]",16.64
coordinate_geometry_0464_open_q1,coordinate_geometry_0464.png,"[""target=B; target_coordinates=[0, -3]; nearest_labels=['A']; nearest_distance=2.24; farthest_labels=['C']; farthest_distance=11.18""]","[""B""]",B,"[0,-3]","[""A""]",2.24,"[""C""]",11.18
coordinate_geometry_0465_open_q1,coordinate_geometry_0465.png,"[""target=B; target_coordinates=[-3, -1]; nearest_labels=['D']; nearest_distance=4.24; farthest_labels=['A']; farthest_distance=8.06""]","[""B""]",B,"[-3,-1]","[""D""]",4.24,"[""A""]",8.06
coordinate_geometry_0466_open_q1,coordinate_geometry_0466.png,"[""target=B; target_coordinates=[-4, -4]; nearest_labels=['A']; nearest_distance=5.39; farthest_labels=['A']; farthest_distance=5.39""]","[""B""]",B,"[-4,-4]","[""A""]",5.39,"[""A""]",5.39
coordinate_geometry_0467_open_q1,coordinate_geometry_0467.png,"[""target=A; target_coordinates=[4, -6]; nearest_labels=['C']; nearest_distance=11.4; farthest_labels=['B']; farthest_distance=16.28""]","[""A""]",A,"[4,-6]","[""C""]",11.4,"[""B""]",16.28
coordinate_geometry_0468_open_q1,coordinate_geometry_0468.png,"[""target=A; target_coordinates=[-7, -6]; nearest_labels=['B']; nearest_distance=10.77; farthest_labels=['D']; farthest_distance=13.89""]","[""A""]",A,"[-7,-6]","[""B""]",10.77,"[""D""]",13.89
coordinate_geometry_0469_open_q1,coordinate_geometry_0469.png,"[""target=A; target_coordinates=[1, 0]; nearest_labels=['B']; nearest_distance=5.66; farthest_labels=['B']; farthest_distance=5.66""]","[""A""]",A,"[1,0]","[""B""]",5.66,"[""B""]",5.66
coordinate_geometry_0470_open_q1,coordinate_geometry_0470.png,"[""target=C; target_coordinates=[7, -5]; nearest_labels=['A']; nearest_distance=4.47; farthest_labels=['B']; farthest_distance=17.03""]","[""C""]",C,"[7,-5]","[""A""]",4.47,"[""B""]",17.03
coordinate_geometry_0471_open_q1,coordinate_geometry_0471.png,"[""target=C; target_coordinates=[-1, 3]; nearest_labels=['B']; nearest_distance=3; farthest_labels=['D']; farthest_distance=6.4""]","[""C""]",C,"[-1,3]","[""B""]",3,"[""D""]",6.4
coordinate_geometry_0472_open_q1,coordinate_geometry_0472.png,"[""target=B; target_coordinates=[-3, -5]; nearest_labels=['A']; nearest_distance=9.22; farthest_labels=['A']; farthest_distance=9.22""]","[""B""]",B,"[-3,-5]","[""A""]",9.22,"[""A""]",9.22
coordinate_geometry_0473_open_q1,coordinate_geometry_0473.png,"[""target=A; target_coordinates=[-7, -8]; nearest_labels=['B']; nearest_distance=10.44; farthest_labels=['C']; farthest_distance=12.04""]","[""A""]",A,"[-7,-8]","[""B""]",10.44,"[""C""]",12.04
coordinate_geometry_0474_open_q1,coordinate_geometry_0474.png,"[""target=A; target_coordinates=[5, -4]; nearest_labels=['C']; nearest_distance=2.83; farthest_labels=['D']; farthest_distance=8.25""]","[""A""]",A,"[5,-4]","[""C""]",2.83,"[""D""]",8.25
coordinate_geometry_0475_open_q1,coordinate_geometry_0475.png,"[""target=B; target_coordinates=[-5, -5]; nearest_labels=['A']; nearest_distance=13.04; farthest_labels=['A']; farthest_distance=13.04""]","[""B""]",B,"[-5,-5]","[""A""]",13.04,"[""A""]",13.04
coordinate_geometry_0476_open_q1,coordinate_geometry_0476.png,"[""target=C; target_coordinates=[5, -1]; nearest_labels=['A']; nearest_distance=6.4; farthest_labels=['B']; farthest_distance=7.28""]","[""C""]",C,"[5,-1]","[""A""]",6.4,"[""B""]",7.28
coordinate_geometry_0477_open_q1,coordinate_geometry_0477.png,"[""target=B; target_coordinates=[-5, 1]; nearest_labels=['D']; nearest_distance=6.71; farthest_labels=['A']; farthest_distance=9.06""]","[""B""]",B,"[-5,1]","[""D""]",6.71,"[""A""]",9.06
coordinate_geometry_0478_open_q1,coordinate_geometry_0478.png,"[""target=B; target_coordinates=[-8, 1]; nearest_labels=['A']; nearest_distance=7.62; farthest_labels=['A']; farthest_distance=7.62""]","[""B""]",B,"[-8,1]","[""A""]",7.62,"[""A""]",7.62
coordinate_geometry_0479_open_q1,coordinate_geometry_0479.png,"[""target=A; target_coordinates=[-3, -6]; nearest_labels=['B']; nearest_distance=3.16; farthest_labels=['C']; farthest_distance=5.1""]","[""A""]",A,"[-3,-6]","[""B""]",3.16,"[""C""]",5.1
coordinate_geometry_0480_open_q1,coordinate_geometry_0480.png,"[""target=A; target_coordinates=[1, 8]; nearest_labels=['D']; nearest_distance=9.49; farthest_labels=['C']; farthest_distance=14""]","[""A""]",A,"[1,8]","[""D""]",9.49,"[""C""]",14
coordinate_geometry_0481_open_q1,coordinate_geometry_0481.png,"[""target=A; target_coordinates=[7, 5]; nearest_labels=['B']; nearest_distance=11.05; farthest_labels=['B']; farthest_distance=11.05""]","[""A""]",A,"[7,5]","[""B""]",11.05,"[""B""]",11.05
coordinate_geometry_0482_open_q1,coordinate_geometry_0482.png,"[""target=A; target_coordinates=[-4, -3]; nearest_labels=['B']; nearest_distance=8.94; farthest_labels=['C']; farthest_distance=11.18""]","[""A""]",A,"[-4,-3]","[""B""]",8.94,"[""C""]",11.18
coordinate_geometry_0483_open_q1,coordinate_geometry_0483.png,"[""target=B; target_coordinates=[-3, 4]; nearest_labels=['A']; nearest_distance=2.24; farthest_labels=['D']; farthest_distance=14.21""]","[""B""]",B,"[-3,4]","[""A""]",2.24,"[""D""]",14.21
coordinate_geometry_0484_open_q1,coordinate_geometry_0484.png,"[""target=B; target_coordinates=[-7, -5]; nearest_labels=['A']; nearest_distance=14.76; farthest_labels=['A']; farthest_distance=14.76""]","[""B""]",B,"[-7,-5]","[""A""]",14.76,"[""A""]",14.76
coordinate_geometry_0485_open_q1,coordinate_geometry_0485.png,"[""target=A; target_coordinates=[-1, -1]; nearest_labels=['B']; nearest_distance=4.24; farthest_labels=['C']; farthest_distance=7.07""]","[""A""]",A,"[-1,-1]","[""B""]",4.24,"[""C""]",7.07
coordinate_geometry_0486_open_q1,coordinate_geometry_0486.png,"[""target=C; target_coordinates=[1, 0]; nearest_labels=['B']; nearest_distance=4.47; farthest_labels=['D']; farthest_distance=7.21""]","[""C""]",C,"[1,0]","[""B""]",4.47,"[""D""]",7.21
coordinate_geometry_0487_open_q1,coordinate_geometry_0487.png,"[""target=B; target_coordinates=[-3, 0]; nearest_labels=['A']; nearest_distance=8.6; farthest_labels=['A']; farthest_distance=8.6""]","[""B""]",B,"[-3,0]","[""A""]",8.6,"[""A""]",8.6
coordinate_geometry_0488_open_q1,coordinate_geometry_0488.png,"[""target=A; target_coordinates=[-3, -6]; nearest_labels=['B']; nearest_distance=4.47; farthest_labels=['C']; farthest_distance=15.65""]","[""A""]",A,"[-3,-6]","[""B""]",4.47,"[""C""]",15.65
coordinate_geometry_0489_open_q1,coordinate_geometry_0489.png,"[""target=D; target_coordinates=[7, 8]; nearest_labels=['C']; nearest_distance=6.71; farthest_labels=['A']; farthest_distance=13.6""]","[""D""]",D,"[7,8]","[""C""]",6.71,"[""A""]",13.6
coordinate_geometry_0490_open_q1,coordinate_geometry_0490.png,"[""target=B; target_coordinates=[1, 7]; nearest_labels=['A']; nearest_distance=14.32; farthest_labels=['A']; farthest_distance=14.32""]","[""B""]",B,"[1,7]","[""A""]",14.32,"[""A""]",14.32
coordinate_geometry_0491_open_q1,coordinate_geometry_0491.png,"[""target=B; target_coordinates=[3, -1]; nearest_labels=['C']; nearest_distance=6.71; farthest_labels=['A']; farthest_distance=8.94""]","[""B""]",B,"[3,-1]","[""C""]",6.71,"[""A""]",8.94
coordinate_geometry_0492_open_q1,coordinate_geometry_0492.png,"[""target=C; target_coordinates=[3, -6]; nearest_labels=['B']; nearest_distance=4.24; farthest_labels=['D']; farthest_distance=13.6""]","[""C""]",C,"[3,-6]","[""B""]",4.24,"[""D""]",13.6
coordinate_geometry_0493_open_q1,coordinate_geometry_0493.png,"[""target=B; target_coordinates=[3, 8]; nearest_labels=['A']; nearest_distance=8.25; farthest_labels=['A']; farthest_distance=8.25""]","[""B""]",B,"[3,8]","[""A""]",8.25,"[""A""]",8.25
coordinate_geometry_0494_open_q1,coordinate_geometry_0494.png,"[""target=C; target_coordinates=[5, 4]; nearest_labels=['B']; nearest_distance=4.24; farthest_labels=['A']; farthest_distance=11.31""]","[""C""]",C,"[5,4]","[""B""]",4.24,"[""A""]",11.31
coordinate_geometry_0495_open_q1,coordinate_geometry_0495.png,"[""target=A; target_coordinates=[-5, -2]; nearest_labels=['B']; nearest_distance=2.83; farthest_labels=['C']; farthest_distance=9.9""]","[""A""]",A,"[-5,-2]","[""B""]",2.83,"[""C""]",9.9
coordinate_geometry_0496_open_q1,coordinate_geometry_0496.png,"[""target=B; target_coordinates=[2, -1]; nearest_labels=['A']; nearest_distance=4.47; farthest_labels=['A']; farthest_distance=4.47""]","[""B""]",B,"[2,-1]","[""A""]",4.47,"[""A""]",4.47
coordinate_geometry_0497_open_q1,coordinate_geometry_0497.png,"[""target=B; target_coordinates=[-3, 0]; nearest_labels=['A']; nearest_distance=2.83; farthest_labels=['C']; farthest_distance=7.07""]","[""B""]",B,"[-3,0]","[""A""]",2.83,"[""C""]",7.07
coordinate_geometry_0498_open_q1,coordinate_geometry_0498.png,"[""target=A; target_coordinates=[-4, -3]; nearest_labels=['B']; nearest_distance=6.71; farthest_labels=['D']; farthest_distance=10.05""]","[""A""]",A,"[-4,-3]","[""B""]",6.71,"[""D""]",10.05
coordinate_geometry_0499_open_q1,coordinate_geometry_0499.png,"[""target=B; target_coordinates=[4, -3]; nearest_labels=['A']; nearest_distance=4.12; farthest_labels=['A']; farthest_distance=4.12""]","[""B""]",B,"[4,-3]","[""A""]",4.12,"[""A""]",4.12
coordinate_geometry_0500_open_q1,coordinate_geometry_0500.png,"[""target=B; target_coordinates=[-2, 0]; nearest_labels=['C']; nearest_distance=4.47; farthest_labels=['A']; farthest_distance=6.71""]","[""B""]",B,"[-2,0]","[""C""]",4.47,"[""A""]",6.71
coordinate_geometry_0501_open_q1,coordinate_geometry_0501.png,"[""target=D; target_coordinates=[-5, -5]; nearest_labels=['A']; nearest_distance=3.16; farthest_labels=['C']; farthest_distance=9.9""]","[""D""]",D,"[-5,-5]","[""A""]",3.16,"[""C""]",9.9
coordinate_geometry_0502_open_q1,coordinate_geometry_0502.png,"[""target=A; target_coordinates=[-7, 4]; nearest_labels=['B']; nearest_distance=18.03; farthest_labels=['B']; farthest_distance=18.03""]","[""A""]",A,"[-7,4]","[""B""]",18.03,"[""B""]",18.03
coordinate_geometry_0503_open_q1,coordinate_geometry_0503.png,"[""target=B; target_coordinates=[-2, -4]; nearest_labels=['A']; nearest_distance=2.24; farthest_labels=['C']; farthest_distance=6.71""]","[""B""]",B,"[-2,-4]","[""A""]",2.24,"[""C""]",6.71
coordinate_geometry_0504_open_q1,coordinate_geometry_0504.png,"[""target=C; target_coordinates=[4, 5]; nearest_labels=['B']; nearest_distance=2.24; farthest_labels=['A']; farthest_distance=8.94""]","[""C""]",C,"[4,5]","[""B""]",2.24,"[""A""]",8.94
coordinate_geometry_0505_open_q1,coordinate_geometry_0505.png,"[""target=B; target_coordinates=[2, 7]; nearest_labels=['A']; nearest_distance=7.07; farthest_labels=['A']; farthest_distance=7.07""]","[""B""]",B,"[2,7]","[""A""]",7.07,"[""A""]",7.07
coordinate_geometry_0506_open_q1,coordinate_geometry_0506.png,"[""target=A; target_coordinates=[-1, 2]; nearest_labels=['B']; nearest_distance=5.66; farthest_labels=['C']; farthest_distance=8.49""]","[""A""]",A,"[-1,2]","[""B""]",5.66,"[""C""]",8.49
coordinate_geometry_0507_open_q1,coordinate_geometry_0507.png,"[""target=A; target_coordinates=[-4, -1]; nearest_labels=['D']; nearest_distance=2.83; farthest_labels=['C']; farthest_distance=11.18""]","[""A""]",A,"[-4,-1]","[""D""]",2.83,"[""C""]",11.18
coordinate_geometry_0508_open_q1,coordinate_geometry_0508.png,"[""target=A; target_coordinates=[5, 7]; nearest_labels=['B']; nearest_distance=16.28; farthest_labels=['B']; farthest_distance=16.28""]","[""A""]",A,"[5,7]","[""B""]",16.28,"[""B""]",16.28
coordinate_geometry_0509_open_q1,coordinate_geometry_0509.png,"[""target=A; target_coordinates=[5, -2]; nearest_labels=['B']; nearest_distance=8.25; farthest_labels=['C']; farthest_distance=10.2""]","[""A""]",A,"[5,-2]","[""B""]",8.25,"[""C""]",10.2
coordinate_geometry_0510_open_q1,coordinate_geometry_0510.png,"[""target=A; target_coordinates=[4, 5]; nearest_labels=['D']; nearest_distance=9; farthest_labels=['C']; farthest_distance=14.87""]","[""A""]",A,"[4,5]","[""D""]",9,"[""C""]",14.87
coordinate_geometry_0511_open_q1,coordinate_geometry_0511.png,"[""target=B; target_coordinates=[-1, 7]; nearest_labels=['A']; nearest_distance=11.7; farthest_labels=['A']; farthest_distance=11.7""]","[""B""]",B,"[-1,7]","[""A""]",11.7,"[""A""]",11.7
coordinate_geometry_0512_open_q1,coordinate_geometry_0512.png,"[""target=B; target_coordinates=[5, 3]; nearest_labels=['C']; nearest_distance=6.08; farthest_labels=['A']; farthest_distance=9.06""]","[""B""]",B,"[5,3]","[""C""]",6.08,"[""A""]",9.06
coordinate_geometry_0513_open_q1,coordinate_geometry_0513.png,"[""target=D; target_coordinates=[-8, -3]; nearest_labels=['A']; nearest_distance=4; farthest_labels=['B']; farthest_distance=13.6""]","[""D""]",D,"[-8,-3]","[""A""]",4,"[""B""]",13.6
coordinate_geometry_0514_open_q1,coordinate_geometry_0514.png,"[""target=A; target_coordinates=[-2, -4]; nearest_labels=['B']; nearest_distance=11.4; farthest_labels=['B']; farthest_distance=11.4""]","[""A""]",A,"[-2,-4]","[""B""]",11.4,"[""B""]",11.4
coordinate_geometry_0515_open_q1,coordinate_geometry_0515.png,"[""target=B; target_coordinates=[-5, -8]; nearest_labels=['A']; nearest_distance=7.21; farthest_labels=['C']; farthest_distance=13.6""]","[""B""]",B,"[-5,-8]","[""A""]",7.21,"[""C""]",13.6
coordinate_geometry_0516_open_q1,coordinate_geometry_0516.png,"[""target=C; target_coordinates=[-7, 0]; nearest_labels=['D']; nearest_distance=4.12; farthest_labels=['A']; farthest_distance=17""]","[""C""]",C,"[-7,0]","[""D""]",4.12,"[""A""]",17
coordinate_geometry_0517_open_q1,coordinate_geometry_0517.png,"[""target=A; target_coordinates=[7, 1]; nearest_labels=['B']; nearest_distance=5.1; farthest_labels=['B']; farthest_distance=5.1""]","[""A""]",A,"[7,1]","[""B""]",5.1,"[""B""]",5.1
coordinate_geometry_0518_open_q1,coordinate_geometry_0518.png,"[""target=C; target_coordinates=[7, -1]; nearest_labels=['A']; nearest_distance=4.12; farthest_labels=['B']; farthest_distance=11.4""]","[""C""]",C,"[7,-1]","[""A""]",4.12,"[""B""]",11.4
coordinate_geometry_0519_open_q1,coordinate_geometry_0519.png,"[""target=A; target_coordinates=[-8, 2]; nearest_labels=['D']; nearest_distance=2.24; farthest_labels=['C']; farthest_distance=9.49""]","[""A""]",A,"[-8,2]","[""D""]",2.24,"[""C""]",9.49
coordinate_geometry_0520_open_q1,coordinate_geometry_0520.png,"[""target=A; target_coordinates=[4, 4]; nearest_labels=['B']; nearest_distance=8.25; farthest_labels=['B']; farthest_distance=8.25""]","[""A""]",A,"[4,4]","[""B""]",8.25,"[""B""]",8.25
coordinate_geometry_0521_open_q1,coordinate_geometry_0521.png,"[""target=C; target_coordinates=[3, 3]; nearest_labels=['A']; nearest_distance=3.61; farthest_labels=['B']; farthest_distance=6.32""]","[""C""]",C,"[3,3]","[""A""]",3.61,"[""B""]",6.32
coordinate_geometry_0522_open_q1,coordinate_geometry_0522.png,"[""target=A; target_coordinates=[-8, 2]; nearest_labels=['D']; nearest_distance=12.53; farthest_labels=['C']; farthest_distance=15.52""]","[""A""]",A,"[-8,2]","[""D""]",12.53,"[""C""]",15.52
coordinate_geometry_0523_open_q1,coordinate_geometry_0523.png,"[""target=B; target_coordinates=[4, -3]; nearest_labels=['A']; nearest_distance=11.4; farthest_labels=['A']; farthest_distance=11.4""]","[""B""]",B,"[4,-3]","[""A""]",11.4,"[""A""]",11.4
coordinate_geometry_0524_open_q1,coordinate_geometry_0524.png,"[""target=A; target_coordinates=[0, 7]; nearest_labels=['C']; nearest_distance=8.06; farthest_labels=['B']; farthest_distance=13.15""]","[""A""]",A,"[0,7]","[""C""]",8.06,"[""B""]",13.15
coordinate_geometry_0525_open_q1,coordinate_geometry_0525.png,"[""target=B; target_coordinates=[-3, -5]; nearest_labels=['C']; nearest_distance=5.1; farthest_labels=['A']; farthest_distance=10.2""]","[""B""]",B,"[-3,-5]","[""C""]",5.1,"[""A""]",10.2
coordinate_geometry_0526_open_q1,coordinate_geometry_0526.png,"[""target=A; target_coordinates=[-3, -7]; nearest_labels=['B']; nearest_distance=11.7; farthest_labels=['B']; farthest_distance=11.7""]","[""A""]",A,"[-3,-7]","[""B""]",11.7,"[""B""]",11.7
coordinate_geometry_0527_open_q1,coordinate_geometry_0527.png,"[""target=C; target_coordinates=[3, -6]; nearest_labels=['A']; nearest_distance=11.4; farthest_labels=['B']; farthest_distance=13.15""]","[""C""]",C,"[3,-6]","[""A""]",11.4,"[""B""]",13.15
coordinate_geometry_0528_open_q1,coordinate_geometry_0528.png,"[""target=A; target_coordinates=[1, -5]; nearest_labels=['C']; nearest_distance=5.66; farthest_labels=['B']; farthest_distance=13.42""]","[""A""]",A,"[1,-5]","[""C""]",5.66,"[""B""]",13.42
coordinate_geometry_0529_open_q1,coordinate_geometry_0529.png,"[""target=A; target_coordinates=[-1, 5]; nearest_labels=['B']; nearest_distance=11.18; farthest_labels=['B']; farthest_distance=11.18""]","[""A""]",A,"[-1,5]","[""B""]",11.18,"[""B""]",11.18
coordinate_geometry_0530_open_q1,coordinate_geometry_0530.png,"[""target=C; target_coordinates=[4, -3]; nearest_labels=['A']; nearest_distance=11.18; farthest_labels=['B']; farthest_distance=12.21""]","[""C""]",C,"[4,-3]","[""A""]",11.18,"[""B""]",12.21
coordinate_geometry_0531_open_q1,coordinate_geometry_0531.png,"[""target=C; target_coordinates=[-6, -7]; nearest_labels=['D']; nearest_distance=12.17; farthest_labels=['B']; farthest_distance=15""]","[""C""]",C,"[-6,-7]","[""D""]",12.17,"[""B""]",15
coordinate_geometry_0532_open_q1,coordinate_geometry_0532.png,"[""target=B; target_coordinates=[7, 2]; nearest_labels=['A']; nearest_distance=13.6; farthest_labels=['A']; farthest_distance=13.6""]","[""B""]",B,"[7,2]","[""A""]",13.6,"[""A""]",13.6
coordinate_geometry_0533_open_q1,coordinate_geometry_0533.png,"[""target=A; target_coordinates=[3, 0]; nearest_labels=['C']; nearest_distance=5; farthest_labels=['B']; farthest_distance=7.28""]","[""A""]",A,"[3,0]","[""C""]",5,"[""B""]",7.28
coordinate_geometry_0534_open_q1,coordinate_geometry_0534.png,"[""target=A; target_coordinates=[-2, 6]; nearest_labels=['C']; nearest_distance=3.61; farthest_labels=['D']; farthest_distance=15.65""]","[""A""]",A,"[-2,6]","[""C""]",3.61,"[""D""]",15.65
coordinate_geometry_0535_open_q1,coordinate_geometry_0535.png,"[""target=A; target_coordinates=[4, 4]; nearest_labels=['B']; nearest_distance=12.04; farthest_labels=['B']; farthest_distance=12.04""]","[""A""]",A,"[4,4]","[""B""]",12.04,"[""B""]",12.04
coordinate_geometry_0536_open_q1,coordinate_geometry_0536.png,"[""target=C; target_coordinates=[7, -3]; nearest_labels=['B']; nearest_distance=8.25; farthest_labels=['A']; farthest_distance=16.55""]","[""C""]",C,"[7,-3]","[""B""]",8.25,"[""A""]",16.55
coordinate_geometry_0537_open_q1,coordinate_geometry_0537.png,"[""target=C; target_coordinates=[8, 5]; nearest_labels=['A']; nearest_distance=10.82; farthest_labels=['B']; farthest_distance=15.03""]","[""C""]",C,"[8,5]","[""A""]",10.82,"[""B""]",15.03
coordinate_geometry_0538_open_q1,coordinate_geometry_0538.png,"[""target=A; target_coordinates=[-7, 4]; nearest_labels=['B']; nearest_distance=7; farthest_labels=['B']; farthest_distance=7""]","[""A""]",A,"[-7,4]","[""B""]",7,"[""B""]",7
coordinate_geometry_0539_open_q1,coordinate_geometry_0539.png,"[""target=C; target_coordinates=[-6, -6]; nearest_labels=['A']; nearest_distance=2.24; farthest_labels=['B']; farthest_distance=10.3""]","[""C""]",C,"[-6,-6]","[""A""]",2.24,"[""B""]",10.3
coordinate_geometry_0540_open_q1,coordinate_geometry_0540.png,"[""target=B; target_coordinates=[-7, 4]; nearest_labels=['D']; nearest_distance=6.71; farthest_labels=['C']; farthest_distance=19.21""]","[""B""]",B,"[-7,4]","[""D""]",6.71,"[""C""]",19.21
coordinate_geometry_0541_open_q1,coordinate_geometry_0541.png,"[""target=B; target_coordinates=[-4, -3]; nearest_labels=['A']; nearest_distance=12.21; farthest_labels=['A']; farthest_distance=12.21""]","[""B""]",B,"[-4,-3]","[""A""]",12.21,"[""A""]",12.21
coordinate_geometry_0542_open_q1,coordinate_geometry_0542.png,"[""target=A; target_coordinates=[-2, -1]; nearest_labels=['B']; nearest_distance=2.83; farthest_labels=['C']; farthest_distance=7.07""]","[""A""]",A,"[-2,-1]","[""B""]",2.83,"[""C""]",7.07
coordinate_geometry_0543_open_q1,coordinate_geometry_0543.png,"[""target=D; target_coordinates=[7, 7]; nearest_labels=['C']; nearest_distance=10.63; farthest_labels=['A']; farthest_distance=17.69""]","[""D""]",D,"[7,7]","[""C""]",10.63,"[""A""]",17.69
coordinate_geometry_0544_open_q1,coordinate_geometry_0544.png,"[""target=A; target_coordinates=[0, -5]; nearest_labels=['B']; nearest_distance=5.1; farthest_labels=['B']; farthest_distance=5.1""]","[""A""]",A,"[0,-5]","[""B""]",5.1,"[""B""]",5.1
coordinate_geometry_0545_open_q1,coordinate_geometry_0545.png,"[""target=B; target_coordinates=[0, 0]; nearest_labels=['A']; nearest_distance=3; farthest_labels=['C']; farthest_distance=4""]","[""B""]",B,"[0,0]","[""A""]",3,"[""C""]",4
coordinate_geometry_0546_open_q1,coordinate_geometry_0546.png,"[""target=A; target_coordinates=[-8, 5]; nearest_labels=['D']; nearest_distance=5; farthest_labels=['C']; farthest_distance=13.42""]","[""A""]",A,"[-8,5]","[""D""]",5,"[""C""]",13.42
coordinate_geometry_0547_open_q1,coordinate_geometry_0547.png,"[""target=B; target_coordinates=[7, -2]; nearest_labels=['A']; nearest_distance=8.06; farthest_labels=['A']; farthest_distance=8.06""]","[""B""]",B,"[7,-2]","[""A""]",8.06,"[""A""]",8.06
coordinate_geometry_0548_open_q1,coordinate_geometry_0548.png,"[""target=C; target_coordinates=[4, 1]; nearest_labels=['B']; nearest_distance=2.83; farthest_labels=['A']; farthest_distance=7.07""]","[""C""]",C,"[4,1]","[""B""]",2.83,"[""A""]",7.07
coordinate_geometry_0549_open_q1,coordinate_geometry_0549.png,"[""target=A; target_coordinates=[-3, 7]; nearest_labels=['B']; nearest_distance=2.24; farthest_labels=['C']; farthest_distance=13.42""]","[""A""]",A,"[-3,7]","[""B""]",2.24,"[""C""]",13.42
coordinate_geometry_0550_open_q1,coordinate_geometry_0550.png,"[""target=A; target_coordinates=[-2, 3]; nearest_labels=['B']; nearest_distance=6.4; farthest_labels=['B']; farthest_distance=6.4""]","[""A""]",A,"[-2,3]","[""B""]",6.4,"[""B""]",6.4
coordinate_geometry_0551_open_q1,coordinate_geometry_0551.png,"[""target=A; target_coordinates=[-3, -6]; nearest_labels=['B']; nearest_distance=2.24; farthest_labels=['C']; farthest_distance=13.42""]","[""A""]",A,"[-3,-6]","[""B""]",2.24,"[""C""]",13.42
coordinate_geometry_0552_open_q1,coordinate_geometry_0552.png,"[""target=C; target_coordinates=[1, -1]; nearest_labels=['B']; nearest_distance=2.24; farthest_labels=['D']; farthest_distance=9.22""]","[""C""]",C,"[1,-1]","[""B""]",2.24,"[""D""]",9.22
coordinate_geometry_0553_open_q1,coordinate_geometry_0553.png,"[""target=A; target_coordinates=[6, -4]; nearest_labels=['B']; nearest_distance=4; farthest_labels=['B']; farthest_distance=4""]","[""A""]",A,"[6,-4]","[""B""]",4,"[""B""]",4
coordinate_geometry_0554_open_q1,coordinate_geometry_0554.png,"[""target=B; target_coordinates=[-1, -3]; nearest_labels=['C']; nearest_distance=2.24; farthest_labels=['A']; farthest_distance=6.71""]","[""B""]",B,"[-1,-3]","[""C""]",2.24,"[""A""]",6.71
coordinate_geometry_0555_open_q1,coordinate_geometry_0555.png,"[""target=B; target_coordinates=[0, -6]; nearest_labels=['A']; nearest_distance=2.24; farthest_labels=['C']; farthest_distance=8.94""]","[""B""]",B,"[0,-6]","[""A""]",2.24,"[""C""]",8.94
coordinate_geometry_0556_open_q1,coordinate_geometry_0556.png,"[""target=A; target_coordinates=[-2, 6]; nearest_labels=['B']; nearest_distance=11.18; farthest_labels=['B']; farthest_distance=11.18""]","[""A""]",A,"[-2,6]","[""B""]",11.18,"[""B""]",11.18
coordinate_geometry_0557_open_q1,coordinate_geometry_0557.png,"[""target=C; target_coordinates=[5, 5]; nearest_labels=['B']; nearest_distance=2.83; farthest_labels=['A']; farthest_distance=9.9""]","[""C""]",C,"[5,5]","[""B""]",2.83,"[""A""]",9.9
coordinate_geometry_0558_open_q1,coordinate_geometry_0558.png,"[""target=C; target_coordinates=[-1, 3]; nearest_labels=['D']; nearest_distance=5.83; farthest_labels=['A']; farthest_distance=8.94""]","[""C""]",C,"[-1,3]","[""D""]",5.83,"[""A""]",8.94
coordinate_geometry_0559_open_q1,coordinate_geometry_0559.png,"[""target=A; target_coordinates=[5, 2]; nearest_labels=['B']; nearest_distance=6.32; farthest_labels=['B']; farthest_distance=6.32""]","[""A""]",A,"[5,2]","[""B""]",6.32,"[""B""]",6.32
coordinate_geometry_0560_open_q1,coordinate_geometry_0560.png,"[""target=A; target_coordinates=[-5, 3]; nearest_labels=['B']; nearest_distance=2.24; farthest_labels=['C']; farthest_distance=13.42""]","[""A""]",A,"[-5,3]","[""B""]",2.24,"[""C""]",13.42
coordinate_geometry_0561_open_q1,coordinate_geometry_0561.png,"[""target=A; target_coordinates=[-6, 6]; nearest_labels=['B']; nearest_distance=4.47; farthest_labels=['C']; farthest_distance=15.65""]","[""A""]",A,"[-6,6]","[""B""]",4.47,"[""C""]",15.65
coordinate_geometry_0562_open_q1,coordinate_geometry_0562.png,"[""target=B; target_coordinates=[-2, -5]; nearest_labels=['A']; nearest_distance=3.61; farthest_labels=['A']; farthest_distance=3.61""]","[""B""]",B,"[-2,-5]","[""A""]",3.61,"[""A""]",3.61
coordinate_geometry_0563_open_q1,coordinate_geometry_0563.png,"[""target=B; target_coordinates=[1, 0]; nearest_labels=['A']; nearest_distance=4.47; farthest_labels=['C']; farthest_distance=8.94""]","[""B""]",B,"[1,0]","[""A""]",4.47,"[""C""]",8.94
coordinate_geometry_0564_open_q1,coordinate_geometry_0564.png,"[""target=D; target_coordinates=[8, 6]; nearest_labels=['B']; nearest_distance=8.6; farthest_labels=['C']; farthest_distance=13.34""]","[""D""]",D,"[8,6]","[""B""]",8.6,"[""C""]",13.34
coordinate_geometry_0565_open_q1,coordinate_geometry_0565.png,"[""target=B; target_coordinates=[4, 5]; nearest_labels=['A']; nearest_distance=4.24; farthest_labels=['A']; farthest_distance=4.24""]","[""B""]",B,"[4,5]","[""A""]",4.24,"[""A""]",4.24
coordinate_geometry_0566_open_q1,coordinate_geometry_0566.png,"[""target=A; target_coordinates=[-7, -6]; nearest_labels=['B']; nearest_distance=4.47; farthest_labels=['C']; farthest_distance=13.42""]","[""A""]",A,"[-7,-6]","[""B""]",4.47,"[""C""]",13.42
coordinate_geometry_0567_open_q1,coordinate_geometry_0567.png,"[""target=B; target_coordinates=[0, -3]; nearest_labels=['D']; nearest_distance=5.39; farthest_labels=['A']; farthest_distance=8.94""]","[""B""]",B,"[0,-3]","[""D""]",5.39,"[""A""]",8.94
coordinate_geometry_0568_open_q1,coordinate_geometry_0568.png,"[""target=B; target_coordinates=[4, -2]; nearest_labels=['A']; nearest_distance=3.61; farthest_labels=['A']; farthest_distance=3.61""]","[""B""]",B,"[4,-2]","[""A""]",3.61,"[""A""]",3.61
coordinate_geometry_0569_open_q1,coordinate_geometry_0569.png,"[""target=A; target_coordinates=[1, -8]; nearest_labels=['B']; nearest_distance=4.12; farthest_labels=['C']; farthest_distance=6.32""]","[""A""]",A,"[1,-8]","[""B""]",4.12,"[""C""]",6.32
coordinate_geometry_0570_open_q1,coordinate_geometry_0570.png,"[""target=B; target_coordinates=[-7, -8]; nearest_labels=['D']; nearest_distance=9.22; farthest_labels=['C']; farthest_distance=12.21""]","[""B""]",B,"[-7,-8]","[""D""]",9.22,"[""C""]",12.21
coordinate_geometry_0571_open_q1,coordinate_geometry_0571.png,"[""target=A; target_coordinates=[-5, 5]; nearest_labels=['B']; nearest_distance=9.22; farthest_labels=['B']; farthest_distance=9.22""]","[""A""]",A,"[-5,5]","[""B""]",9.22,"[""B""]",9.22
coordinate_geometry_0572_open_q1,coordinate_geometry_0572.png,"[""target=A; target_coordinates=[0, 0]; nearest_labels=['B']; nearest_distance=7; farthest_labels=['C']; farthest_distance=7.21""]","[""A""]",A,"[0,0]","[""B""]",7,"[""C""]",7.21
coordinate_geometry_0573_open_q1,coordinate_geometry_0573.png,"[""target=A; target_coordinates=[0, -1]; nearest_labels=['D']; nearest_distance=5; farthest_labels=['C']; farthest_distance=10.63""]","[""A""]",A,"[0,-1]","[""D""]",5,"[""C""]",10.63
coordinate_geometry_0574_open_q1,coordinate_geometry_0574.png,"[""target=B; target_coordinates=[-1, 5]; nearest_labels=['A']; nearest_distance=5.66; farthest_labels=['A']; farthest_distance=5.66""]","[""B""]",B,"[-1,5]","[""A""]",5.66,"[""A""]",5.66
coordinate_geometry_0575_open_q1,coordinate_geometry_0575.png,"[""target=B; target_coordinates=[-5, 5]; nearest_labels=['A']; nearest_distance=2.24; farthest_labels=['C']; farthest_distance=12""]","[""B""]",B,"[-5,5]","[""A""]",2.24,"[""C""]",12
coordinate_geometry_0576_open_q1,coordinate_geometry_0576.png,"[""target=A; target_coordinates=[7, -2]; nearest_labels=['C']; nearest_distance=10.44; farthest_labels=['B']; farthest_distance=15.52""]","[""A""]",A,"[7,-2]","[""C""]",10.44,"[""B""]",15.52
coordinate_geometry_0577_open_q1,coordinate_geometry_0577.png,"[""target=B; target_coordinates=[6, 5]; nearest_labels=['A']; nearest_distance=12.37; farthest_labels=['A']; farthest_distance=12.37""]","[""B""]",B,"[6,5]","[""A""]",12.37,"[""A""]",12.37
coordinate_geometry_0578_open_q1,coordinate_geometry_0578.png,"[""target=A; target_coordinates=[-3, 4]; nearest_labels=['B']; nearest_distance=6.08; farthest_labels=['C']; farthest_distance=7.62""]","[""A""]",A,"[-3,4]","[""B""]",6.08,"[""C""]",7.62
coordinate_geometry_0579_open_q1,coordinate_geometry_0579.png,"[""target=D; target_coordinates=[5, 5]; nearest_labels=['B']; nearest_distance=5.1; farthest_labels=['A']; farthest_distance=11.4""]","[""D""]",D,"[5,5]","[""B""]",5.1,"[""A""]",11.4
coordinate_geometry_0580_open_q1,coordinate_geometry_0580.png,"[""target=A; target_coordinates=[5, 1]; nearest_labels=['B']; nearest_distance=5; farthest_labels=['B']; farthest_distance=5""]","[""A""]",A,"[5,1]","[""B""]",5,"[""B""]",5
coordinate_geometry_0581_open_q1,coordinate_geometry_0581.png,"[""target=B; target_coordinates=[1, 4]; nearest_labels=['A']; nearest_distance=5; farthest_labels=['C']; farthest_distance=9.06""]","[""B""]",B,"[1,4]","[""A""]",5,"[""C""]",9.06
coordinate_geometry_0582_open_q1,coordinate_geometry_0582.png,"[""target=C; target_coordinates=[-4, -8]; nearest_labels=['D']; nearest_distance=3; farthest_labels=['B']; farthest_distance=16.03""]","[""C""]",C,"[-4,-8]","[""D""]",3,"[""B""]",16.03
coordinate_geometry_0583_open_q1,coordinate_geometry_0583.png,"[""target=B; target_coordinates=[8, 1]; nearest_labels=['A']; nearest_distance=10; farthest_labels=['A']; farthest_distance=10""]","[""B""]",B,"[8,1]","[""A""]",10,"[""A""]",10
coordinate_geometry_0584_open_q1,coordinate_geometry_0584.png,"[""target=B; target_coordinates=[-1, 6]; nearest_labels=['C']; nearest_distance=6; farthest_labels=['A']; farthest_distance=12.08""]","[""B""]",B,"[-1,6]","[""C""]",6,"[""A""]",12.08
coordinate_geometry_0585_open_q1,coordinate_geometry_0585.png,"[""target=A; target_coordinates=[-2, 6]; nearest_labels=['B']; nearest_distance=5.83; farthest_labels=['D']; farthest_distance=10.63""]","[""A""]",A,"[-2,6]","[""B""]",5.83,"[""D""]",10.63
coordinate_geometry_0586_open_q1,coordinate_geometry_0586.png,"[""target=A; target_coordinates=[-5, 3]; nearest_labels=['B']; nearest_distance=4.12; farthest_labels=['B']; farthest_distance=4.12""]","[""A""]",A,"[-5,3]","[""B""]",4.12,"[""B""]",4.12
coordinate_geometry_0587_open_q1,coordinate_geometry_0587.png,"[""target=C; target_coordinates=[6, -1]; nearest_labels=['B']; nearest_distance=4.47; farthest_labels=['A']; farthest_distance=7.21""]","[""C""]",C,"[6,-1]","[""B""]",4.47,"[""A""]",7.21
coordinate_geometry_0588_open_q1,coordinate_geometry_0588.png,"[""target=D; target_coordinates=[-5, -5]; nearest_labels=['A']; nearest_distance=2.24; farthest_labels=['B']; farthest_distance=10.44""]","[""D""]",D,"[-5,-5]","[""A""]",2.24,"[""B""]",10.44
coordinate_geometry_0589_open_q1,coordinate_geometry_0589.png,"[""target=B; target_coordinates=[4, -1]; nearest_labels=['A']; nearest_distance=5.39; farthest_labels=['A']; farthest_distance=5.39""]","[""B""]",B,"[4,-1]","[""A""]",5.39,"[""A""]",5.39
coordinate_geometry_0590_open_q1,coordinate_geometry_0590.png,"[""target=B; target_coordinates=[5, 3]; nearest_labels=['A']; nearest_distance=2.24; farthest_labels=['C']; farthest_distance=10.3""]","[""B""]",B,"[5,3]","[""A""]",2.24,"[""C""]",10.3
coordinate_geometry_0591_open_q1,coordinate_geometry_0591.png,"[""target=B; target_coordinates=[6, -4]; nearest_labels=['A']; nearest_distance=2.24; farthest_labels=['C']; farthest_distance=12.04""]","[""B""]",B,"[6,-4]","[""A""]",2.24,"[""C""]",12.04
coordinate_geometry_0592_open_q1,coordinate_geometry_0592.png,"[""target=B; target_coordinates=[-6, -4]; nearest_labels=['A']; nearest_distance=14.04; farthest_labels=['A']; farthest_distance=14.04""]","[""B""]",B,"[-6,-4]","[""A""]",14.04,"[""A""]",14.04
coordinate_geometry_0593_open_q1,coordinate_geometry_0593.png,"[""target=A; target_coordinates=[3, -6]; nearest_labels=['C']; nearest_distance=2.83; farthest_labels=['B']; farthest_distance=10.77""]","[""A""]",A,"[3,-6]","[""C""]",2.83,"[""B""]",10.77
coordinate_geometry_0594_open_q1,coordinate_geometry_0594.png,"[""target=D; target_coordinates=[3, -8]; nearest_labels=['C']; nearest_distance=10; farthest_labels=['A']; farthest_distance=18.36""]","[""D""]",D,"[3,-8]","[""C""]",10,"[""A""]",18.36
coordinate_geometry_0595_open_q1,coordinate_geometry_0595.png,"[""target=A; target_coordinates=[8, 5]; nearest_labels=['B']; nearest_distance=17.09; farthest_labels=['B']; farthest_distance=17.09""]","[""A""]",A,"[8,5]","[""B""]",17.09,"[""B""]",17.09
coordinate_geometry_0596_open_q1,coordinate_geometry_0596.png,"[""target=A; target_coordinates=[-1, -7]; nearest_labels=['B']; nearest_distance=10; farthest_labels=['C']; farthest_distance=13.34""]","[""A""]",A,"[-1,-7]","[""B""]",10,"[""C""]",13.34
coordinate_geometry_0597_open_q1,coordinate_geometry_0597.png,"[""target=A; target_coordinates=[0, 5]; nearest_labels=['D']; nearest_distance=4.47; farthest_labels=['B']; farthest_distance=5.1""]","[""A""]",A,"[0,5]","[""D""]",4.47,"[""B""]",5.1
coordinate_geometry_0598_open_q1,coordinate_geometry_0598.png,"[""target=B; target_coordinates=[-5, 6]; nearest_labels=['A']; nearest_distance=11.18; farthest_labels=['A']; farthest_distance=11.18""]","[""B""]",B,"[-5,6]","[""A""]",11.18,"[""A""]",11.18
coordinate_geometry_0599_open_q1,coordinate_geometry_0599.png,"[""target=A; target_coordinates=[0, -5]; nearest_labels=['B']; nearest_distance=7.28; farthest_labels=['C']; farthest_distance=7.81""]","[""A""]",A,"[0,-5]","[""B""]",7.28,"[""C""]",7.81
coordinate_geometry_0600_open_q1,coordinate_geometry_0600.png,"[""target=A; target_coordinates=[6, -4]; nearest_labels=['D']; nearest_distance=3.16; farthest_labels=['B']; farthest_distance=13.6""]","[""A""]",A,"[6,-4]","[""D""]",3.16,"[""B""]",13.6
coordinate_geometry_0601_open_q1,coordinate_geometry_0601.png,"[""target=A; target_coordinates=[-7, -5]; nearest_labels=['B']; nearest_distance=15.81; farthest_labels=['B']; farthest_distance=15.81""]","[""A""]",A,"[-7,-5]","[""B""]",15.81,"[""B""]",15.81
coordinate_geometry_0602_open_q1,coordinate_geometry_0602.png,"[""target=C; target_coordinates=[1, 4]; nearest_labels=['B']; nearest_distance=2.24; farthest_labels=['A']; farthest_distance=13.42""]","[""C""]",C,"[1,4]","[""B""]",2.24,"[""A""]",13.42
coordinate_geometry_0603_open_q1,coordinate_geometry_0603.png,"[""target=D; target_coordinates=[8, -4]; nearest_labels=['C']; nearest_distance=4.12; farthest_labels=['A']; farthest_distance=13.89""]","[""D""]",D,"[8,-4]","[""C""]",4.12,"[""A""]",13.89
coordinate_geometry_0604_open_q1,coordinate_geometry_0604.png,"[""target=B; target_coordinates=[8, -2]; nearest_labels=['A']; nearest_distance=3.61; farthest_labels=['A']; farthest_distance=3.61""]","[""B""]",B,"[8,-2]","[""A""]",3.61,"[""A""]",3.61
coordinate_geometry_0605_open_q1,coordinate_geometry_0605.png,"[""target=C; target_coordinates=[4, -5]; nearest_labels=['B']; nearest_distance=4.24; farthest_labels=['A']; farthest_distance=7.07""]","[""C""]",C,"[4,-5]","[""B""]",4.24,"[""A""]",7.07
coordinate_geometry_0606_open_q1,coordinate_geometry_0606.png,"[""target=A; target_coordinates=[-2, -5]; nearest_labels=['D']; nearest_distance=8.25; farthest_labels=['C']; farthest_distance=11.18""]","[""A""]",A,"[-2,-5]","[""D""]",8.25,"[""C""]",11.18
coordinate_geometry_0607_open_q1,coordinate_geometry_0607.png,"[""target=A; target_coordinates=[-5, -4]; nearest_labels=['B']; nearest_distance=7.62; farthest_labels=['B']; farthest_distance=7.62""]","[""A""]",A,"[-5,-4]","[""B""]",7.62,"[""B""]",7.62
coordinate_geometry_0608_open_q1,coordinate_geometry_0608.png,"[""target=B; target_coordinates=[-3, -2]; nearest_labels=['A']; nearest_distance=6.71; farthest_labels=['C']; farthest_distance=8.94""]","[""B""]",B,"[-3,-2]","[""A""]",6.71,"[""C""]",8.94
coordinate_geometry_0609_open_q1,coordinate_geometry_0609.png,"[""target=B; target_coordinates=[-3, 1]; nearest_labels=['A']; nearest_distance=2.83; farthest_labels=['C']; farthest_distance=5.66""]","[""B""]",B,"[-3,1]","[""A""]",2.83,"[""C""]",5.66
coordinate_geometry_0610_open_q1,coordinate_geometry_0610.png,"[""target=B; target_coordinates=[3, 2]; nearest_labels=['A']; nearest_distance=2.24; farthest_labels=['A']; farthest_distance=2.24""]","[""B""]",B,"[3,2]","[""A""]",2.24,"[""A""]",2.24
coordinate_geometry_0611_open_q1,coordinate_geometry_0611.png,"[""target=B; target_coordinates=[5, -5]; nearest_labels=['C']; nearest_distance=2.24; farthest_labels=['A']; farthest_distance=4.47""]","[""B""]",B,"[5,-5]","[""C""]",2.24,"[""A""]",4.47
coordinate_geometry_0612_open_q1,coordinate_geometry_0612.png,"[""target=D; target_coordinates=[-6, -6]; nearest_labels=['A']; nearest_distance=10.05; farthest_labels=['C']; farthest_distance=13.6""]","[""D""]",D,"[-6,-6]","[""A""]",10.05,"[""C""]",13.6
coordinate_geometry_0613_open_q1,coordinate_geometry_0613.png,"[""target=B; target_coordinates=[6, 6]; nearest_labels=['A']; nearest_distance=11.18; farthest_labels=['A']; farthest_distance=11.18""]","[""B""]",B,"[6,6]","[""A""]",11.18,"[""A""]",11.18
coordinate_geometry_0614_open_q1,coordinate_geometry_0614.png,"[""target=C; target_coordinates=[2, -6]; nearest_labels=['B']; nearest_distance=5.66; farthest_labels=['A']; farthest_distance=9.9""]","[""C""]",C,"[2,-6]","[""B""]",5.66,"[""A""]",9.9
coordinate_geometry_0615_open_q1,coordinate_geometry_0615.png,"[""target=A; target_coordinates=[-2, -1]; nearest_labels=['B']; nearest_distance=2.24; farthest_labels=['D']; farthest_distance=8""]","[""A""]",A,"[-2,-1]","[""B""]",2.24,"[""D""]",8
coordinate_geometry_0616_open_q1,coordinate_geometry_0616.png,"[""target=B; target_coordinates=[-3, 2]; nearest_labels=['A']; nearest_distance=10.82; farthest_labels=['A']; farthest_distance=10.82""]","[""B""]",B,"[-3,2]","[""A""]",10.82,"[""A""]",10.82
coordinate_geometry_0617_open_q1,coordinate_geometry_0617.png,"[""target=B; target_coordinates=[1, 0]; nearest_labels=['A']; nearest_distance=2.83; farthest_labels=['C']; farthest_distance=4.24""]","[""B""]",B,"[1,0]","[""A""]",2.83,"[""C""]",4.24
coordinate_geometry_0618_open_q1,coordinate_geometry_0618.png,"[""target=A; target_coordinates=[-4, -5]; nearest_labels=['B']; nearest_distance=4.47; farthest_labels=['C']; farthest_distance=13.42""]","[""A""]",A,"[-4,-5]","[""B""]",4.47,"[""C""]",13.42
coordinate_geometry_0619_open_q1,coordinate_geometry_0619.png,"[""target=B; target_coordinates=[-3, -8]; nearest_labels=['A']; nearest_distance=15.03; farthest_labels=['A']; farthest_distance=15.03""]","[""B""]",B,"[-3,-8]","[""A""]",15.03,"[""A""]",15.03
coordinate_geometry_0620_open_q1,coordinate_geometry_0620.png,"[""target=B; target_coordinates=[0, -2]; nearest_labels=['A']; nearest_distance=4.24; farthest_labels=['C']; farthest_distance=5.66""]","[""B""]",B,"[0,-2]","[""A""]",4.24,"[""C""]",5.66
coordinate_geometry_0621_open_q1,coordinate_geometry_0621.png,"[""target=D; target_coordinates=[-8, 8]; nearest_labels=['A']; nearest_distance=12.04; farthest_labels=['C']; farthest_distance=18.44""]","[""D""]",D,"[-8,8]","[""A""]",12.04,"[""C""]",18.44
coordinate_geometry_0622_open_q1,coordinate_geometry_0622.png,"[""target=B; target_coordinates=[-8, 5]; nearest_labels=['A']; nearest_distance=15.52; farthest_labels=['A']; farthest_distance=15.52""]","[""B""]",B,"[-8,5]","[""A""]",15.52,"[""A""]",15.52
coordinate_geometry_0623_open_q1,coordinate_geometry_0623.png,"[""target=B; target_coordinates=[-2, -2]; nearest_labels=['C']; nearest_distance=2.83; farthest_labels=['A']; farthest_distance=4.24""]","[""B""]",B,"[-2,-2]","[""C""]",2.83,"[""A""]",4.24
coordinate_geometry_0624_open_q1,coordinate_geometry_0624.png,"[""target=D; target_coordinates=[3, 5]; nearest_labels=['B']; nearest_distance=4.24; farthest_labels=['C']; farthest_distance=7.07""]","[""D""]",D,"[3,5]","[""B""]",4.24,"[""C""]",7.07
coordinate_geometry_0625_open_q1,coordinate_geometry_0625.png,"[""target=B; target_coordinates=[4, 2]; nearest_labels=['A']; nearest_distance=10.2; farthest_labels=['A']; farthest_distance=10.2""]","[""B""]",B,"[4,2]","[""A""]",10.2,"[""A""]",10.2
coordinate_geometry_0626_open_q1,coordinate_geometry_0626.png,"[""target=A; target_coordinates=[-7, 3]; nearest_labels=['B']; nearest_distance=6.71; farthest_labels=['C']; farthest_distance=11.18""]","[""A""]",A,"[-7,3]","[""B""]",6.71,"[""C""]",11.18
coordinate_geometry_0627_open_q1,coordinate_geometry_0627.png,"[""target=A; target_coordinates=[1, 2]; nearest_labels=['D']; nearest_distance=3.61; farthest_labels=['C']; farthest_distance=8.94""]","[""A""]",A,"[1,2]","[""D""]",3.61,"[""C""]",8.94
coordinate_geometry_0628_open_q1,coordinate_geometry_0628.png,"[""target=B; target_coordinates=[-4, -4]; nearest_labels=['A']; nearest_distance=10.05; farthest_labels=['A']; farthest_distance=10.05""]","[""B""]",B,"[-4,-4]","[""A""]",10.05,"[""A""]",10.05
coordinate_geometry_0629_open_q1,coordinate_geometry_0629.png,"[""target=B; target_coordinates=[1, -8]; nearest_labels=['A']; nearest_distance=6; farthest_labels=['C']; farthest_distance=15.65""]","[""B""]",B,"[1,-8]","[""A""]",6,"[""C""]",15.65
coordinate_geometry_0630_open_q1,coordinate_geometry_0630.png,"[""target=D; target_coordinates=[4, 4]; nearest_labels=['B']; nearest_distance=6.08; farthest_labels=['A']; farthest_distance=10.77""]","[""D""]",D,"[4,4]","[""B""]",6.08,"[""A""]",10.77
coordinate_geometry_0631_open_q1,coordinate_geometry_0631.png,"[""target=A; target_coordinates=[2, -2]; nearest_labels=['B']; nearest_distance=5.39; farthest_labels=['B']; farthest_distance=5.39""]","[""A""]",A,"[2,-2]","[""B""]",5.39,"[""B""]",5.39
coordinate_geometry_0632_open_q1,coordinate_geometry_0632.png,"[""target=C; target_coordinates=[-2, 0]; nearest_labels=['B']; nearest_distance=6.71; farthest_labels=['A']; farthest_distance=9.43""]","[""C""]",C,"[-2,0]","[""B""]",6.71,"[""A""]",9.43
coordinate_geometry_0633_open_q1,coordinate_geometry_0633.png,"[""target=A; target_coordinates=[8, 6]; nearest_labels=['B']; nearest_distance=3.61; farthest_labels=['C']; farthest_distance=15.23""]","[""A""]",A,"[8,6]","[""B""]",3.61,"[""C""]",15.23
coordinate_geometry_0634_open_q1,coordinate_geometry_0634.png,"[""target=B; target_coordinates=[8, 8]; nearest_labels=['A']; nearest_distance=16.12; farthest_labels=['A']; farthest_distance=16.12""]","[""B""]",B,"[8,8]","[""A""]",16.12,"[""A""]",16.12
coordinate_geometry_0635_open_q1,coordinate_geometry_0635.png,"[""target=B; target_coordinates=[6, -6]; nearest_labels=['A']; nearest_distance=6; farthest_labels=['C']; farthest_distance=11.18""]","[""B""]",B,"[6,-6]","[""A""]",6,"[""C""]",11.18
coordinate_geometry_0636_open_q1,coordinate_geometry_0636.png,"[""target=C; target_coordinates=[-7, 8]; nearest_labels=['A']; nearest_distance=5.83; farthest_labels=['D']; farthest_distance=19.21""]","[""C""]",C,"[-7,8]","[""A""]",5.83,"[""D""]",19.21
coordinate_geometry_0637_open_q1,coordinate_geometry_0637.png,"[""target=B; target_coordinates=[-7, 6]; nearest_labels=['A']; nearest_distance=12.21; farthest_labels=['A']; farthest_distance=12.21""]","[""B""]",B,"[-7,6]","[""A""]",12.21,"[""A""]",12.21
coordinate_geometry_0638_open_q1,coordinate_geometry_0638.png,"[""target=A; target_coordinates=[7, 3]; nearest_labels=['B']; nearest_distance=9.49; farthest_labels=['C']; farthest_distance=11.05""]","[""A""]",A,"[7,3]","[""B""]",9.49,"[""C""]",11.05
coordinate_geometry_0639_open_q1,coordinate_geometry_0639.png,"[""target=D; target_coordinates=[-4, -2]; nearest_labels=['A']; nearest_distance=8.25; farthest_labels=['C']; farthest_distance=13""]","[""D""]",D,"[-4,-2]","[""A""]",8.25,"[""C""]",13
coordinate_geometry_0640_open_q1,coordinate_geometry_0640.png,"[""target=A; target_coordinates=[6, -3]; nearest_labels=['B']; nearest_distance=14.32; farthest_labels=['B']; farthest_distance=14.32""]","[""A""]",A,"[6,-3]","[""B""]",14.32,"[""B""]",14.32
coordinate_geometry_0641_open_q1,coordinate_geometry_0641.png,"[""target=B; target_coordinates=[3, 8]; nearest_labels=['A']; nearest_distance=9.49; farthest_labels=['C']; farthest_distance=15.03""]","[""B""]",B,"[3,8]","[""A""]",9.49,"[""C""]",15.03
coordinate_geometry_0642_open_q1,coordinate_geometry_0642.png,"[""target=A; target_coordinates=[5, 8]; nearest_labels=['C']; nearest_distance=4.24; farthest_labels=['B']; farthest_distance=14.14""]","[""A""]",A,"[5,8]","[""C""]",4.24,"[""B""]",14.14
coordinate_geometry_0643_open_q1,coordinate_geometry_0643.png,"[""target=A; target_coordinates=[8, 2]; nearest_labels=['B']; nearest_distance=4; farthest_labels=['B']; farthest_distance=4""]","[""A""]",A,"[8,2]","[""B""]",4,"[""B""]",4
coordinate_geometry_0644_open_q1,coordinate_geometry_0644.png,"[""target=C; target_coordinates=[-2, -7]; nearest_labels=['A']; nearest_distance=7.28; farthest_labels=['B']; farthest_distance=8.94""]","[""C""]",C,"[-2,-7]","[""A""]",7.28,"[""B""]",8.94
coordinate_geometry_0645_open_q1,coordinate_geometry_0645.png,"[""target=C; target_coordinates=[-7, 3]; nearest_labels=['A']; nearest_distance=5; farthest_labels=['D']; farthest_distance=9.85""]","[""C""]",C,"[-7,3]","[""A""]",5,"[""D""]",9.85
coordinate_geometry_0646_open_q1,coordinate_geometry_0646.png,"[""target=A; target_coordinates=[2, 8]; nearest_labels=['B']; nearest_distance=5.66; farthest_labels=['B']; farthest_distance=5.66""]","[""A""]",A,"[2,8]","[""B""]",5.66,"[""B""]",5.66
coordinate_geometry_0647_open_q1,coordinate_geometry_0647.png,"[""target=A; target_coordinates=[0, -7]; nearest_labels=['B']; nearest_distance=3.16; farthest_labels=['C']; farthest_distance=13.6""]","[""A""]",A,"[0,-7]","[""B""]",3.16,"[""C""]",13.6
coordinate_geometry_0648_open_q1,coordinate_geometry_0648.png,"[""target=C; target_coordinates=[2, 7]; nearest_labels=['B']; nearest_distance=7.28; farthest_labels=['D']; farthest_distance=13""]","[""C""]",C,"[2,7]","[""B""]",7.28,"[""D""]",13
coordinate_geometry_0649_open_q1,coordinate_geometry_0649.png,"[""target=A; target_coordinates=[3, 6]; nearest_labels=['B']; nearest_distance=10.3; farthest_labels=['B']; farthest_distance=10.3""]","[""A""]",A,"[3,6]","[""B""]",10.3,"[""B""]",10.3
coordinate_geometry_0650_open_q1,coordinate_geometry_0650.png,"[""target=C; target_coordinates=[7, -2]; nearest_labels=['B']; nearest_distance=8.06; farthest_labels=['A']; farthest_distance=11.66""]","[""C""]",C,"[7,-2]","[""B""]",8.06,"[""A""]",11.66
coordinate_geometry_0651_open_q1,coordinate_geometry_0651.png,"[""target=D; target_coordinates=[1, -2]; nearest_labels=['B']; nearest_distance=6; farthest_labels=['C']; farthest_distance=8.06""]","[""D""]",D,"[1,-2]","[""B""]",6,"[""C""]",8.06
coordinate_geometry_0652_open_q1,coordinate_geometry_0652.png,"[""target=B; target_coordinates=[3, -6]; nearest_labels=['A']; nearest_distance=13.93; farthest_labels=['A']; farthest_distance=13.93""]","[""B""]",B,"[3,-6]","[""A""]",13.93,"[""A""]",13.93
coordinate_geometry_0653_open_q1,coordinate_geometry_0653.png,"[""target=C; target_coordinates=[4, 6]; nearest_labels=['B']; nearest_distance=4; farthest_labels=['A']; farthest_distance=7.07""]","[""C""]",C,"[4,6]","[""B""]",4,"[""A""]",7.07
coordinate_geometry_0654_open_q1,coordinate_geometry_0654.png,"[""target=B; target_coordinates=[-6, -2]; nearest_labels=['C']; nearest_distance=6.32; farthest_labels=['D']; farthest_distance=8.49""]","[""B""]",B,"[-6,-2]","[""C""]",6.32,"[""D""]",8.49
coordinate_geometry_0655_open_q1,coordinate_geometry_0655.png,"[""target=B; target_coordinates=[-8, -2]; nearest_labels=['A']; nearest_distance=10.82; farthest_labels=['A']; farthest_distance=10.82""]","[""B""]",B,"[-8,-2]","[""A""]",10.82,"[""A""]",10.82
coordinate_geometry_0656_open_q1,coordinate_geometry_0656.png,"[""target=C; target_coordinates=[-4, -4]; nearest_labels=['B']; nearest_distance=2.83; farthest_labels=['A']; farthest_distance=3.61""]","[""C""]",C,"[-4,-4]","[""B""]",2.83,"[""A""]",3.61
coordinate_geometry_0657_open_q1,coordinate_geometry_0657.png,"[""target=D; target_coordinates=[1, -1]; nearest_labels=['B']; nearest_distance=2.24; farthest_labels=['A']; farthest_distance=10.63""]","[""D""]",D,"[1,-1]","[""B""]",2.24,"[""A""]",10.63
coordinate_geometry_0658_open_q1,coordinate_geometry_0658.png,"[""target=B; target_coordinates=[5, -8]; nearest_labels=['A']; nearest_distance=19.42; farthest_labels=['A']; farthest_distance=19.42""]","[""B""]",B,"[5,-8]","[""A""]",19.42,"[""A""]",19.42
coordinate_geometry_0659_open_q1,coordinate_geometry_0659.png,"[""target=A; target_coordinates=[7, -2]; nearest_labels=['C']; nearest_distance=11.18; farthest_labels=['B']; farthest_distance=15.03""]","[""A""]",A,"[7,-2]","[""C""]",11.18,"[""B""]",15.03
coordinate_geometry_0660_open_q1,coordinate_geometry_0660.png,"[""target=D; target_coordinates=[0, 4]; nearest_labels=['A']; nearest_distance=5.66; farthest_labels=['C']; farthest_distance=9.85""]","[""D""]",D,"[0,4]","[""A""]",5.66,"[""C""]",9.85
coordinate_geometry_0661_open_q1,coordinate_geometry_0661.png,"[""target=B; target_coordinates=[-3, 2]; nearest_labels=['A']; nearest_distance=8.94; farthest_labels=['A']; farthest_distance=8.94""]","[""B""]",B,"[-3,2]","[""A""]",8.94,"[""A""]",8.94
coordinate_geometry_0662_open_q1,coordinate_geometry_0662.png,"[""target=C; target_coordinates=[0, 6]; nearest_labels=['B']; nearest_distance=4.47; farthest_labels=['A']; farthest_distance=6.71""]","[""C""]",C,"[0,6]","[""B""]",4.47,"[""A""]",6.71
coordinate_geometry_0663_open_q1,coordinate_geometry_0663.png,"[""target=B; target_coordinates=[-1, 1]; nearest_labels=['C']; nearest_distance=4.24; farthest_labels=['D']; farthest_distance=9.22""]","[""B""]",B,"[-1,1]","[""C""]",4.24,"[""D""]",9.22
coordinate_geometry_0664_open_q1,coordinate_geometry_0664.png,"[""target=B; target_coordinates=[-4, 5]; nearest_labels=['A']; nearest_distance=12.17; farthest_labels=['A']; farthest_distance=12.17""]","[""B""]",B,"[-4,5]","[""A""]",12.17,"[""A""]",12.17
coordinate_geometry_0665_open_q1,coordinate_geometry_0665.png,"[""target=B; target_coordinates=[2, 0]; nearest_labels=['C']; nearest_distance=2.24; farthest_labels=['A']; farthest_distance=8.94""]","[""B""]",B,"[2,0]","[""C""]",2.24,"[""A""]",8.94
coordinate_geometry_0666_open_q1,coordinate_geometry_0666.png,"[""target=C; target_coordinates=[6, 0]; nearest_labels=['B']; nearest_distance=4.47; farthest_labels=['A']; farthest_distance=13.42""]","[""C""]",C,"[6,0]","[""B""]",4.47,"[""A""]",13.42
coordinate_geometry_0667_open_q1,coordinate_geometry_0667.png,"[""target=A; target_coordinates=[5, 5]; nearest_labels=['B']; nearest_distance=4.47; farthest_labels=['B']; farthest_distance=4.47""]","[""A""]",A,"[5,5]","[""B""]",4.47,"[""B""]",4.47
coordinate_geometry_0668_open_q1,coordinate_geometry_0668.png,"[""target=A; target_coordinates=[-6, 4]; nearest_labels=['B']; nearest_distance=8.94; farthest_labels=['C']; farthest_distance=11.18""]","[""A""]",A,"[-6,4]","[""B""]",8.94,"[""C""]",11.18
coordinate_geometry_0669_open_q1,coordinate_geometry_0669.png,"[""target=B; target_coordinates=[1, 2]; nearest_labels=['C']; nearest_distance=2.24; farthest_labels=['D']; farthest_distance=8.94""]","[""B""]",B,"[1,2]","[""C""]",2.24,"[""D""]",8.94
coordinate_geometry_0670_open_q1,coordinate_geometry_0670.png,"[""target=A; target_coordinates=[-2, 5]; nearest_labels=['B']; nearest_distance=2.24; farthest_labels=['B']; farthest_distance=2.24""]","[""A""]",A,"[-2,5]","[""B""]",2.24,"[""B""]",2.24
coordinate_geometry_0671_open_q1,coordinate_geometry_0671.png,"[""target=A; target_coordinates=[-6, 3]; nearest_labels=['B']; nearest_distance=8.94; farthest_labels=['C']; farthest_distance=11.18""]","[""A""]",A,"[-6,3]","[""B""]",8.94,"[""C""]",11.18
coordinate_geometry_0672_open_q1,coordinate_geometry_0672.png,"[""target=B; target_coordinates=[4, 6]; nearest_labels=['C']; nearest_distance=2.24; farthest_labels=['A']; farthest_distance=13.42""]","[""B""]",B,"[4,6]","[""C""]",2.24,"[""A""]",13.42
coordinate_geometry_0673_open_q1,coordinate_geometry_0673.png,"[""target=A; target_coordinates=[6, 4]; nearest_labels=['B']; nearest_distance=15; farthest_labels=['B']; farthest_distance=15""]","[""A""]",A,"[6,4]","[""B""]",15,"[""B""]",15
coordinate_geometry_0674_open_q1,coordinate_geometry_0674.png,"[""target=A; target_coordinates=[-3, -5]; nearest_labels=['B']; nearest_distance=6.71; farthest_labels=['C']; farthest_distance=11.18""]","[""A""]",A,"[-3,-5]","[""B""]",6.71,"[""C""]",11.18
coordinate_geometry_0675_open_q1,coordinate_geometry_0675.png,"[""target=A; target_coordinates=[-3, 3]; nearest_labels=['B']; nearest_distance=4.47; farthest_labels=['C']; farthest_distance=11.18""]","[""A""]",A,"[-3,3]","[""B""]",4.47,"[""C""]",11.18
coordinate_geometry_0676_open_q1,coordinate_geometry_0676.png,"[""target=A; target_coordinates=[7, 5]; nearest_labels=['B']; nearest_distance=5.1; farthest_labels=['B']; farthest_distance=5.1""]","[""A""]",A,"[7,5]","[""B""]",5.1,"[""B""]",5.1
coordinate_geometry_0677_open_q1,coordinate_geometry_0677.png,"[""target=B; target_coordinates=[1, 2]; nearest_labels=['A']; nearest_distance=4.47; farthest_labels=['C']; farthest_distance=11.18""]","[""B""]",B,"[1,2]","[""A""]",4.47,"[""C""]",11.18
coordinate_geometry_0678_open_q1,coordinate_geometry_0678.png,"[""target=C; target_coordinates=[1, 2]; nearest_labels=['B']; nearest_distance=3; farthest_labels=['D']; farthest_distance=7.21""]","[""C""]",C,"[1,2]","[""B""]",3,"[""D""]",7.21
coordinate_geometry_0679_open_q1,coordinate_geometry_0679.png,"[""target=B; target_coordinates=[-6, 8]; nearest_labels=['A']; nearest_distance=11.18; farthest_labels=['A']; farthest_distance=11.18""]","[""B""]",B,"[-6,8]","[""A""]",11.18,"[""A""]",11.18
coordinate_geometry_0680_open_q1,coordinate_geometry_0680.png,"[""target=B; target_coordinates=[3, 5]; nearest_labels=['C']; nearest_distance=2.24; farthest_labels=['A']; farthest_distance=8.94""]","[""B""]",B,"[3,5]","[""C""]",2.24,"[""A""]",8.94
coordinate_geometry_0681_open_q1,coordinate_geometry_0681.png,"[""target=C; target_coordinates=[4, 4]; nearest_labels=['B']; nearest_distance=2.24; farthest_labels=['A']; farthest_distance=13.42""]","[""C""]",C,"[4,4]","[""B""]",2.24,"[""A""]",13.42
coordinate_geometry_0682_open_q1,coordinate_geometry_0682.png,"[""target=B; target_coordinates=[4, 6]; nearest_labels=['A']; nearest_distance=14.32; farthest_labels=['A']; farthest_distance=14.32""]","[""B""]",B,"[4,6]","[""A""]",14.32,"[""A""]",14.32
coordinate_geometry_0683_open_q1,coordinate_geometry_0683.png,"[""target=A; target_coordinates=[-3, -5]; nearest_labels=['B']; nearest_distance=4.24; farthest_labels=['C']; farthest_distance=11.31""]","[""A""]",A,"[-3,-5]","[""B""]",4.24,"[""C""]",11.31
coordinate_geometry_0684_open_q1,coordinate_geometry_0684.png,"[""target=C; target_coordinates=[0, 3]; nearest_labels=['B']; nearest_distance=2.24; farthest_labels=['A']; farthest_distance=8.94""]","[""C""]",C,"[0,3]","[""B""]",2.24,"[""A""]",8.94
coordinate_geometry_0685_open_q1,coordinate_geometry_0685.png,"[""target=A; target_coordinates=[-4, -3]; nearest_labels=['B']; nearest_distance=12.08; farthest_labels=['B']; farthest_distance=12.08""]","[""A""]",A,"[-4,-3]","[""B""]",12.08,"[""B""]",12.08
coordinate_geometry_0686_open_q1,coordinate_geometry_0686.png,"[""target=C; target_coordinates=[1, 1]; nearest_labels=['B']; nearest_distance=2.24; farthest_labels=['A']; farthest_distance=6.71""]","[""C""]",C,"[1,1]","[""B""]",2.24,"[""A""]",6.71
coordinate_geometry_0687_open_q1,coordinate_geometry_0687.png,"[""target=C; target_coordinates=[-1, -2]; nearest_labels=['B']; nearest_distance=6.71; farthest_labels=['D']; farthest_distance=10.82""]","[""C""]",C,"[-1,-2]","[""B""]",6.71,"[""D""]",10.82
coordinate_geometry_0688_open_q1,coordinate_geometry_0688.png,"[""target=B; target_coordinates=[-1, 8]; nearest_labels=['A']; nearest_distance=5; farthest_labels=['A']; farthest_distance=5""]","[""B""]",B,"[-1,8]","[""A""]",5,"[""A""]",5
coordinate_geometry_0689_open_q1,coordinate_geometry_0689.png,"[""target=B; target_coordinates=[7, 2]; nearest_labels=['A']; nearest_distance=11.18; farthest_labels=['C']; farthest_distance=12.04""]","[""B""]",B,"[7,2]","[""A""]",11.18,"[""C""]",12.04
coordinate_geometry_0690_open_q1,coordinate_geometry_0690.png,"[""target=B; target_coordinates=[7, -6]; nearest_labels=['A']; nearest_distance=3.16; farthest_labels=['D']; farthest_distance=19.1""]","[""B""]",B,"[7,-6]","[""A""]",3.16,"[""D""]",19.1
coordinate_geometry_0691_open_q1,coordinate_geometry_0691.png,"[""target=B; target_coordinates=[6, 1]; nearest_labels=['A']; nearest_distance=11.66; farthest_labels=['A']; farthest_distance=11.66""]","[""B""]",B,"[6,1]","[""A""]",11.66,"[""A""]",11.66
coordinate_geometry_0692_open_q1,coordinate_geometry_0692.png,"[""target=B; target_coordinates=[8, -3]; nearest_labels=['C']; nearest_distance=4.47; farthest_labels=['A']; farthest_distance=15""]","[""B""]",B,"[8,-3]","[""C""]",4.47,"[""A""]",15
coordinate_geometry_0693_open_q1,coordinate_geometry_0693.png,"[""target=D; target_coordinates=[-6, -8]; nearest_labels=['C']; nearest_distance=5.1; farthest_labels=['A']; farthest_distance=9.85""]","[""D""]",D,"[-6,-8]","[""C""]",5.1,"[""A""]",9.85
coordinate_geometry_0694_open_q1,coordinate_geometry_0694.png,"[""target=B; target_coordinates=[6, 5]; nearest_labels=['A']; nearest_distance=11.66; farthest_labels=['A']; farthest_distance=11.66""]","[""B""]",B,"[6,5]","[""A""]",11.66,"[""A""]",11.66
coordinate_geometry_0695_open_q1,coordinate_geometry_0695.png,"[""target=B; target_coordinates=[5, 0]; nearest_labels=['C']; nearest_distance=5.66; farthest_labels=['A']; farthest_distance=6.71""]","[""B""]",B,"[5,0]","[""C""]",5.66,"[""A""]",6.71
coordinate_geometry_0696_open_q1,coordinate_geometry_0696.png,"[""target=D; target_coordinates=[-2, -7]; nearest_labels=['B']; nearest_distance=6.32; farthest_labels=['A']; farthest_distance=15.52""]","[""D""]",D,"[-2,-7]","[""B""]",6.32,"[""A""]",15.52
coordinate_geometry_0697_open_q1,coordinate_geometry_0697.png,"[""target=A; target_coordinates=[-7, 0]; nearest_labels=['B']; nearest_distance=2.24; farthest_labels=['B']; farthest_distance=2.24""]","[""A""]",A,"[-7,0]","[""B""]",2.24,"[""B""]",2.24
coordinate_geometry_0698_open_q1,coordinate_geometry_0698.png,"[""target=A; target_coordinates=[7, 5]; nearest_labels=['B']; nearest_distance=9.06; farthest_labels=['C']; farthest_distance=11.4""]","[""A""]",A,"[7,5]","[""B""]",9.06,"[""C""]",11.4
coordinate_geometry_0699_open_q1,coordinate_geometry_0699.png,"[""target=C; target_coordinates=[-8, 5]; nearest_labels=['D']; nearest_distance=8.06; farthest_labels=['B']; farthest_distance=13.6""]","[""C""]",C,"[-8,5]","[""D""]",8.06,"[""B""]",13.6
coordinate_geometry_0700_open_q1,coordinate_geometry_0700.png,"[""target=A; target_coordinates=[6, -2]; nearest_labels=['B']; nearest_distance=4.47; farthest_labels=['B']; farthest_distance=4.47""]","[""A""]",A,"[6,-2]","[""B""]",4.47,"[""B""]",4.47
coordinate_geometry_0701_open_q1,coordinate_geometry_0701.png,"[""target=C; target_coordinates=[-1, 7]; nearest_labels=['B']; nearest_distance=8.94; farthest_labels=['A']; farthest_distance=14.42""]","[""C""]",C,"[-1,7]","[""B""]",8.94,"[""A""]",14.42
coordinate_geometry_0702_open_q1,coordinate_geometry_0702.png,"[""target=C; target_coordinates=[-2, 1]; nearest_labels=['A']; nearest_distance=5.83; farthest_labels=['D']; farthest_distance=8.94""]","[""C""]",C,"[-2,1]","[""A""]",5.83,"[""D""]",8.94
coordinate_geometry_0703_open_q1,coordinate_geometry_0703.png,"[""target=A; target_coordinates=[-4, 7]; nearest_labels=['B']; nearest_distance=3.61; farthest_labels=['B']; farthest_distance=3.61""]","[""A""]",A,"[-4,7]","[""B""]",3.61,"[""B""]",3.61
coordinate_geometry_0704_open_q1,coordinate_geometry_0704.png,"[""target=B; target_coordinates=[5, -3]; nearest_labels=['A']; nearest_distance=8.06; farthest_labels=['C']; farthest_distance=9.49""]","[""B""]",B,"[5,-3]","[""A""]",8.06,"[""C""]",9.49
coordinate_geometry_0705_open_q1,coordinate_geometry_0705.png,"[""target=A; target_coordinates=[-8, 1]; nearest_labels=['B']; nearest_distance=9.85; farthest_labels=['C']; farthest_distance=15""]","[""A""]",A,"[-8,1]","[""B""]",9.85,"[""C""]",15
coordinate_geometry_0706_open_q1,coordinate_geometry_0706.png,"[""target=B; target_coordinates=[-5, 5]; nearest_labels=['A']; nearest_distance=13.15; farthest_labels=['A']; farthest_distance=13.15""]","[""B""]",B,"[-5,5]","[""A""]",13.15,"[""A""]",13.15
coordinate_geometry_0707_open_q1,coordinate_geometry_0707.png,"[""target=A; target_coordinates=[2, 8]; nearest_labels=['C']; nearest_distance=6; farthest_labels=['B']; farthest_distance=16.49""]","[""A""]",A,"[2,8]","[""C""]",6,"[""B""]",16.49
coordinate_geometry_0708_open_q1,coordinate_geometry_0708.png,"[""target=C; target_coordinates=[4, -5]; nearest_labels=['B']; nearest_distance=9.06; farthest_labels=['D']; farthest_distance=12.08""]","[""C""]",C,"[4,-5]","[""B""]",9.06,"[""D""]",12.08
coordinate_geometry_0709_open_q1,coordinate_geometry_0709.png,"[""target=B; target_coordinates=[-1, -5]; nearest_labels=['A']; nearest_distance=2.24; farthest_labels=['A']; farthest_distance=2.24""]","[""B""]",B,"[-1,-5]","[""A""]",2.24,"[""A""]",2.24
coordinate_geometry_0710_open_q1,coordinate_geometry_0710.png,"[""target=B; target_coordinates=[6, 1]; nearest_labels=['A']; nearest_distance=3; farthest_labels=['C']; farthest_distance=13.04""]","[""B""]",B,"[6,1]","[""A""]",3,"[""C""]",13.04
coordinate_geometry_0711_open_q1,coordinate_geometry_0711.png,"[""target=D; target_coordinates=[-8, 6]; nearest_labels=['C']; nearest_distance=2.24; farthest_labels=['A']; farthest_distance=15.52""]","[""D""]",D,"[-8,6]","[""C""]",2.24,"[""A""]",15.52
coordinate_geometry_0712_open_q1,coordinate_geometry_0712.png,"[""target=A; target_coordinates=[7, 7]; nearest_labels=['B']; nearest_distance=13.15; farthest_labels=['B']; farthest_distance=13.15""]","[""A""]",A,"[7,7]","[""B""]",13.15,"[""B""]",13.15
coordinate_geometry_0713_open_q1,coordinate_geometry_0713.png,"[""target=B; target_coordinates=[7, 4]; nearest_labels=['A']; nearest_distance=6.08; farthest_labels=['C']; farthest_distance=13.6""]","[""B""]",B,"[7,4]","[""A""]",6.08,"[""C""]",13.6
coordinate_geometry_0714_open_q1,coordinate_geometry_0714.png,"[""target=B; target_coordinates=[5, -2]; nearest_labels=['A']; nearest_distance=8.25; farthest_labels=['D']; farthest_distance=11.66""]","[""B""]",B,"[5,-2]","[""A""]",8.25,"[""D""]",11.66
coordinate_geometry_0715_open_q1,coordinate_geometry_0715.png,"[""target=A; target_coordinates=[-4, -1]; nearest_labels=['B']; nearest_distance=6.32; farthest_labels=['B']; farthest_distance=6.32""]","[""A""]",A,"[-4,-1]","[""B""]",6.32,"[""B""]",6.32
coordinate_geometry_0716_open_q1,coordinate_geometry_0716.png,"[""target=B; target_coordinates=[-5, 7]; nearest_labels=['C']; nearest_distance=2.24; farthest_labels=['A']; farthest_distance=11.7""]","[""B""]",B,"[-5,7]","[""C""]",2.24,"[""A""]",11.7
coordinate_geometry_0717_open_q1,coordinate_geometry_0717.png,"[""target=D; target_coordinates=[3, -7]; nearest_labels=['B']; nearest_distance=7.21; farthest_labels=['A']; farthest_distance=9.22""]","[""D""]",D,"[3,-7]","[""B""]",7.21,"[""A""]",9.22
coordinate_geometry_0718_open_q1,coordinate_geometry_0718.png,"[""target=B; target_coordinates=[5, -4]; nearest_labels=['A']; nearest_distance=12.53; farthest_labels=['A']; farthest_distance=12.53""]","[""B""]",B,"[5,-4]","[""A""]",12.53,"[""A""]",12.53
coordinate_geometry_0719_open_q1,coordinate_geometry_0719.png,"[""target=C; target_coordinates=[5, 2]; nearest_labels=['B']; nearest_distance=3.61; farthest_labels=['A']; farthest_distance=11.18""]","[""C""]",C,"[5,2]","[""B""]",3.61,"[""A""]",11.18
coordinate_geometry_0720_open_q1,coordinate_geometry_0720.png,"[""target=B; target_coordinates=[7, 6]; nearest_labels=['C']; nearest_distance=6.08; farthest_labels=['D']; farthest_distance=14.04""]","[""B""]",B,"[7,6]","[""C""]",6.08,"[""D""]",14.04
coordinate_geometry_0721_open_q1,coordinate_geometry_0721.png,"[""target=B; target_coordinates=[3, 7]; nearest_labels=['A']; nearest_distance=10.2; farthest_labels=['A']; farthest_distance=10.2""]","[""B""]",B,"[3,7]","[""A""]",10.2,"[""A""]",10.2
coordinate_geometry_0722_open_q1,coordinate_geometry_0722.png,"[""target=C; target_coordinates=[4, 3]; nearest_labels=['B']; nearest_distance=4.24; farthest_labels=['A']; farthest_distance=7.07""]","[""C""]",C,"[4,3]","[""B""]",4.24,"[""A""]",7.07
coordinate_geometry_0723_open_q1,coordinate_geometry_0723.png,"[""target=D; target_coordinates=[4, 5]; nearest_labels=['A']; nearest_distance=7.07; farthest_labels=['C']; farthest_distance=13""]","[""D""]",D,"[4,5]","[""A""]",7.07,"[""C""]",13
coordinate_geometry_0724_open_q1,coordinate_geometry_0724.png,"[""target=A; target_coordinates=[-7, -5]; nearest_labels=['B']; nearest_distance=8.54; farthest_labels=['B']; farthest_distance=8.54""]","[""A""]",A,"[-7,-5]","[""B""]",8.54,"[""B""]",8.54
coordinate_geometry_0725_open_q1,coordinate_geometry_0725.png,"[""target=C; target_coordinates=[2, 7]; nearest_labels=['B']; nearest_distance=4.47; farthest_labels=['A']; farthest_distance=11.18""]","[""C""]",C,"[2,7]","[""B""]",4.47,"[""A""]",11.18
coordinate_geometry_0726_open_q1,coordinate_geometry_0726.png,"[""target=A; target_coordinates=[-4, -8]; nearest_labels=['B']; nearest_distance=4.47; farthest_labels=['C']; farthest_distance=11.18""]","[""A""]",A,"[-4,-8]","[""B""]",4.47,"[""C""]",11.18
coordinate_geometry_0727_open_q1,coordinate_geometry_0727.png,"[""target=B; target_coordinates=[7, -3]; nearest_labels=['A']; nearest_distance=4.12; farthest_labels=['A']; farthest_distance=4.12""]","[""B""]",B,"[7,-3]","[""A""]",4.12,"[""A""]",4.12
coordinate_geometry_0728_open_q1,coordinate_geometry_0728.png,"[""target=A; target_coordinates=[-2, -6]; nearest_labels=['B']; nearest_distance=2.24; farthest_labels=['C']; farthest_distance=11.18""]","[""A""]",A,"[-2,-6]","[""B""]",2.24,"[""C""]",11.18
coordinate_geometry_0729_open_q1,coordinate_geometry_0729.png,"[""target=D; target_coordinates=[6, 1]; nearest_labels=['C']; nearest_distance=7.28; farthest_labels=['A']; farthest_distance=13.93""]","[""D""]",D,"[6,1]","[""C""]",7.28,"[""A""]",13.93
coordinate_geometry_0730_open_q1,coordinate_geometry_0730.png,"[""target=B; target_coordinates=[-3, -3]; nearest_labels=['A']; nearest_distance=10.77; farthest_labels=['A']; farthest_distance=10.77""]","[""B""]",B,"[-3,-3]","[""A""]",10.77,"[""A""]",10.77
coordinate_geometry_0731_open_q1,coordinate_geometry_0731.png,"[""target=A; target_coordinates=[-6, 3]; nearest_labels=['B']; nearest_distance=4.47; farthest_labels=['C']; farthest_distance=13.42""]","[""A""]",A,"[-6,3]","[""B""]",4.47,"[""C""]",13.42
coordinate_geometry_0732_open_q1,coordinate_geometry_0732.png,"[""target=C; target_coordinates=[3, 5]; nearest_labels=['D']; nearest_distance=3.61; farthest_labels=['A']; farthest_distance=11.18""]","[""C""]",C,"[3,5]","[""D""]",3.61,"[""A""]",11.18
coordinate_geometry_0733_open_q1,coordinate_geometry_0733.png,"[""target=A; target_coordinates=[6, -4]; nearest_labels=['B']; nearest_distance=14.14; farthest_labels=['B']; farthest_distance=14.14""]","[""A""]",A,"[6,-4]","[""B""]",14.14,"[""B""]",14.14
coordinate_geometry_0734_open_q1,coordinate_geometry_0734.png,"[""target=C; target_coordinates=[4, 1]; nearest_labels=['B']; nearest_distance=6.71; farthest_labels=['A']; farthest_distance=11.18""]","[""C""]",C,"[4,1]","[""B""]",6.71,"[""A""]",11.18
coordinate_geometry_0735_open_q1,coordinate_geometry_0735.png,"[""target=C; target_coordinates=[4, 5]; nearest_labels=['B']; nearest_distance=8.94; farthest_labels=['A']; farthest_distance=11.18""]","[""C""]",C,"[4,5]","[""B""]",8.94,"[""A""]",11.18
coordinate_geometry_0736_open_q1,coordinate_geometry_0736.png,"[""target=A; target_coordinates=[-6, -7]; nearest_labels=['B']; nearest_distance=13.15; farthest_labels=['B']; farthest_distance=13.15""]","[""A""]",A,"[-6,-7]","[""B""]",13.15,"[""B""]",13.15
coordinate_geometry_0737_open_q1,coordinate_geometry_0737.png,"[""target=C; target_coordinates=[1, -3]; nearest_labels=['B']; nearest_distance=4.24; farthest_labels=['A']; farthest_distance=7.07""]","[""C""]",C,"[1,-3]","[""B""]",4.24,"[""A""]",7.07
coordinate_geometry_0738_open_q1,coordinate_geometry_0738.png,"[""target=D; target_coordinates=[-6, 4]; nearest_labels=['A']; nearest_distance=6.32; farthest_labels=['C']; farthest_distance=14""]","[""D""]",D,"[-6,4]","[""A""]",6.32,"[""C""]",14
coordinate_geometry_0739_open_q1,coordinate_geometry_0739.png,"[""target=A; target_coordinates=[3, 7]; nearest_labels=['B']; nearest_distance=12.53; farthest_labels=['B']; farthest_distance=12.53""]","[""A""]",A,"[3,7]","[""B""]",12.53,"[""B""]",12.53
coordinate_geometry_0740_open_q1,coordinate_geometry_0740.png,"[""target=C; target_coordinates=[4, -1]; nearest_labels=['B']; nearest_distance=6.71; farthest_labels=['A']; farthest_distance=11.18""]","[""C""]",C,"[4,-1]","[""B""]",6.71,"[""A""]",11.18
coordinate_geometry_0741_open_q1,coordinate_geometry_0741.png,"[""target=C; target_coordinates=[2, 7]; nearest_labels=['D']; nearest_distance=12.37; farthest_labels=['A']; farthest_distance=15.65""]","[""C""]",C,"[2,7]","[""D""]",12.37,"[""A""]",15.65
coordinate_geometry_0742_open_q1,coordinate_geometry_0742.png,"[""target=A; target_coordinates=[-4, -5]; nearest_labels=['B']; nearest_distance=10.44; farthest_labels=['B']; farthest_distance=10.44""]","[""A""]",A,"[-4,-5]","[""B""]",10.44,"[""B""]",10.44
coordinate_geometry_0743_open_q1,coordinate_geometry_0743.png,"[""target=A; target_coordinates=[0, 2]; nearest_labels=['B']; nearest_distance=2.24; farthest_labels=['C']; farthest_distance=8.94""]","[""A""]",A,"[0,2]","[""B""]",2.24,"[""C""]",8.94
coordinate_geometry_0744_open_q1,coordinate_geometry_0744.png,"[""target=C; target_coordinates=[2, 8]; nearest_labels=['B']; nearest_distance=4.47; farthest_labels=['A']; farthest_distance=15.65""]","[""C""]",C,"[2,8]","[""B""]",4.47,"[""A""]",15.65
coordinate_geometry_0745_open_q1,coordinate_geometry_0745.png,"[""target=B; target_coordinates=[-8, 5]; nearest_labels=['A']; nearest_distance=13.6; farthest_labels=['A']; farthest_distance=13.6""]","[""B""]",B,"[-8,5]","[""A""]",13.6,"[""A""]",13.6
coordinate_geometry_0746_open_q1,coordinate_geometry_0746.png,"[""target=B; target_coordinates=[0, 0]; nearest_labels=['A']; nearest_distance=2.24; farthest_labels=['C']; farthest_distance=4.47""]","[""B""]",B,"[0,0]","[""A""]",2.24,"[""C""]",4.47
coordinate_geometry_0747_open_q1,coordinate_geometry_0747.png,"[""target=D; target_coordinates=[6, 7]; nearest_labels=['C']; nearest_distance=7.28; farthest_labels=['A']; farthest_distance=16.97""]","[""D""]",D,"[6,7]","[""C""]",7.28,"[""A""]",16.97
coordinate_geometry_0748_open_q1,coordinate_geometry_0748.png,"[""target=A; target_coordinates=[2, 1]; nearest_labels=['B']; nearest_distance=8.25; farthest_labels=['B']; farthest_distance=8.25""]","[""A""]",A,"[2,1]","[""B""]",8.25,"[""B""]",8.25
coordinate_geometry_0749_open_q1,coordinate_geometry_0749.png,"[""target=A; target_coordinates=[6, -3]; nearest_labels=['B']; nearest_distance=5.1; farthest_labels=['C']; farthest_distance=17.8""]","[""A""]",A,"[6,-3]","[""B""]",5.1,"[""C""]",17.8
coordinate_geometry_0750_open_q1,coordinate_geometry_0750.png,"[""target=B; target_coordinates=[6, -5]; nearest_labels=['D']; nearest_distance=9.43; farthest_labels=['C']; farthest_distance=13""]","[""B""]",B,"[6,-5]","[""D""]",9.43,"[""C""]",13
coordinate_geometry_0751_open_q1,coordinate_geometry_0751.png,"[""target=B; target_coordinates=[2, 5]; nearest_labels=['A']; nearest_distance=11.66; farthest_labels=['A']; farthest_distance=11.66""]","[""B""]",B,"[2,5]","[""A""]",11.66,"[""A""]",11.66
coordinate_geometry_0752_open_q1,coordinate_geometry_0752.png,"[""target=A; target_coordinates=[-7, 2]; nearest_labels=['C']; nearest_distance=9.22; farthest_labels=['B']; farthest_distance=13.6""]","[""A""]",A,"[-7,2]","[""C""]",9.22,"[""B""]",13.6
coordinate_geometry_0753_open_q1,coordinate_geometry_0753.png,"[""target=C; target_coordinates=[-7, 7]; nearest_labels=['A']; nearest_distance=5.1; farthest_labels=['B']; farthest_distance=14.56""]","[""C""]",C,"[-7,7]","[""A""]",5.1,"[""B""]",14.56
coordinate_geometry_0754_open_q1,coordinate_geometry_0754.png,"[""target=B; target_coordinates=[-3, -5]; nearest_labels=['A']; nearest_distance=10.05; farthest_labels=['A']; farthest_distance=10.05""]","[""B""]",B,"[-3,-5]","[""A""]",10.05,"[""A""]",10.05
coordinate_geometry_0755_open_q1,coordinate_geometry_0755.png,"[""target=A; target_coordinates=[2, 1]; nearest_labels=['C']; nearest_distance=3.16; farthest_labels=['B']; farthest_distance=8""]","[""A""]",A,"[2,1]","[""C""]",3.16,"[""B""]",8
coordinate_geometry_0756_open_q1,coordinate_geometry_0756.png,"[""target=C; target_coordinates=[-3, 2]; nearest_labels=['B']; nearest_distance=3.61; farthest_labels=['A']; farthest_distance=9.22""]","[""C""]",C,"[-3,2]","[""B""]",3.61,"[""A""]",9.22
coordinate_geometry_0757_open_q1,coordinate_geometry_0757.png,"[""target=A; target_coordinates=[1, 5]; nearest_labels=['B']; nearest_distance=6.4; farthest_labels=['B']; farthest_distance=6.4""]","[""A""]",A,"[1,5]","[""B""]",6.4,"[""B""]",6.4
coordinate_geometry_0758_open_q1,coordinate_geometry_0758.png,"[""target=C; target_coordinates=[5, -8]; nearest_labels=['A']; nearest_distance=8.54; farthest_labels=['B']; farthest_distance=15.3""]","[""C""]",C,"[5,-8]","[""A""]",8.54,"[""B""]",15.3
coordinate_geometry_0759_open_q1,coordinate_geometry_0759.png,"[""target=B; target_coordinates=[-6, -8]; nearest_labels=['C']; nearest_distance=3; farthest_labels=['D']; farthest_distance=13.6""]","[""B""]",B,"[-6,-8]","[""C""]",3,"[""D""]",13.6
coordinate_geometry_0760_open_q1,coordinate_geometry_0760.png,"[""target=A; target_coordinates=[2, -5]; nearest_labels=['B']; nearest_distance=5; farthest_labels=['B']; farthest_distance=5""]","[""A""]",A,"[2,-5]","[""B""]",5,"[""B""]",5
coordinate_geometry_0761_open_q1,coordinate_geometry_0761.png,"[""target=C; target_coordinates=[2, -2]; nearest_labels=['B']; nearest_distance=3; farthest_labels=['A']; farthest_distance=3.61""]","[""C""]",C,"[2,-2]","[""B""]",3,"[""A""]",3.61
coordinate_geometry_0762_open_q1,coordinate_geometry_0762.png,"[""target=B; target_coordinates=[-1, -6]; nearest_labels=['D']; nearest_distance=2.24; farthest_labels=['A']; farthest_distance=10.2""]","[""B""]",B,"[-1,-6]","[""D""]",2.24,"[""A""]",10.2
coordinate_geometry_0763_open_q1,coordinate_geometry_0763.png,"[""target=B; target_coordinates=[-7, 8]; nearest_labels=['A']; nearest_distance=19.1; farthest_labels=['A']; farthest_distance=19.1""]","[""B""]",B,"[-7,8]","[""A""]",19.1,"[""A""]",19.1
coordinate_geometry_0764_open_q1,coordinate_geometry_0764.png,"[""target=A; target_coordinates=[-6, 5]; nearest_labels=['B']; nearest_distance=14.04; farthest_labels=['C']; farthest_distance=15.23""]","[""A""]",A,"[-6,5]","[""B""]",14.04,"[""C""]",15.23
coordinate_geometry_0765_open_q1,coordinate_geometry_0765.png,"[""target=B; target_coordinates=[0, -3]; nearest_labels=['C']; nearest_distance=3.61; farthest_labels=['D']; farthest_distance=8.94""]","[""B""]",B,"[0,-3]","[""C""]",3.61,"[""D""]",8.94
coordinate_geometry_0766_open_q1,coordinate_geometry_0766.png,"[""target=B; target_coordinates=[2, -4]; nearest_labels=['A']; nearest_distance=4.12; farthest_labels=['A']; farthest_distance=4.12""]","[""B""]",B,"[2,-4]","[""A""]",4.12,"[""A""]",4.12
coordinate_geometry_0767_open_q1,coordinate_geometry_0767.png,"[""target=C; target_coordinates=[1, -4]; nearest_labels=['B']; nearest_distance=10.44; farthest_labels=['A']; farthest_distance=12.53""]","[""C""]",C,"[1,-4]","[""B""]",10.44,"[""A""]",12.53
coordinate_geometry_0768_open_q1,coordinate_geometry_0768.png,"[""target=D; target_coordinates=[-2, -7]; nearest_labels=['C']; nearest_distance=2.24; farthest_labels=['B']; farthest_distance=14.04""]","[""D""]",D,"[-2,-7]","[""C""]",2.24,"[""B""]",14.04
coordinate_geometry_0769_open_q1,coordinate_geometry_0769.png,"[""target=B; target_coordinates=[-8, 8]; nearest_labels=['A']; nearest_distance=5.83; farthest_labels=['A']; farthest_distance=5.83""]","[""B""]",B,"[-8,8]","[""A""]",5.83,"[""A""]",5.83
coordinate_geometry_0770_open_q1,coordinate_geometry_0770.png,"[""target=C; target_coordinates=[-7, 8]; nearest_labels=['B']; nearest_distance=6; farthest_labels=['A']; farthest_distance=17.69""]","[""C""]",C,"[-7,8]","[""B""]",6,"[""A""]",17.69
coordinate_geometry_0771_open_q1,coordinate_geometry_0771.png,"[""target=A; target_coordinates=[-3, 6]; nearest_labels=['D']; nearest_distance=3.16; farthest_labels=['B']; farthest_distance=13.89""]","[""A""]",A,"[-3,6]","[""D""]",3.16,"[""B""]",13.89
coordinate_geometry_0772_open_q1,coordinate_geometry_0772.png,"[""target=A; target_coordinates=[2, -7]; nearest_labels=['B']; nearest_distance=5; farthest_labels=['B']; farthest_distance=5""]","[""A""]",A,"[2,-7]","[""B""]",5,"[""B""]",5
coordinate_geometry_0773_open_q1,coordinate_geometry_0773.png,"[""target=B; target_coordinates=[7, 6]; nearest_labels=['A']; nearest_distance=5.66; farthest_labels=['C']; farthest_distance=15.62""]","[""B""]",B,"[7,6]","[""A""]",5.66,"[""C""]",15.62
coordinate_geometry_0774_open_q1,coordinate_geometry_0774.png,"[""target=A; target_coordinates=[-5, 7]; nearest_labels=['C']; nearest_distance=8.06; farthest_labels=['B']; farthest_distance=14.87""]","[""A""]",A,"[-5,7]","[""C""]",8.06,"[""B""]",14.87
coordinate_geometry_0775_open_q1,coordinate_geometry_0775.png,"[""target=B; target_coordinates=[5, -8]; nearest_labels=['A']; nearest_distance=15.26; farthest_labels=['A']; farthest_distance=15.26""]","[""B""]",B,"[5,-8]","[""A""]",15.26,"[""A""]",15.26
coordinate_geometry_0776_open_q1,coordinate_geometry_0776.png,"[""target=C; target_coordinates=[6, 5]; nearest_labels=['A']; nearest_distance=10.05; farthest_labels=['B']; farthest_distance=13.04""]","[""C""]",C,"[6,5]","[""A""]",10.05,"[""B""]",13.04
coordinate_geometry_0777_open_q1,coordinate_geometry_0777.png,"[""target=D; target_coordinates=[4, 1]; nearest_labels=['A']; nearest_distance=2.83; farthest_labels=['C']; farthest_distance=12.08""]","[""D""]",D,"[4,1]","[""A""]",2.83,"[""C""]",12.08
coordinate_geometry_0778_open_q1,coordinate_geometry_0778.png,"[""target=B; target_coordinates=[-2, 5]; nearest_labels=['A']; nearest_distance=2.83; farthest_labels=['A']; farthest_distance=2.83""]","[""B""]",B,"[-2,5]","[""A""]",2.83,"[""A""]",2.83
coordinate_geometry_0779_open_q1,coordinate_geometry_0779.png,"[""target=A; target_coordinates=[-3, 4]; nearest_labels=['C']; nearest_distance=3.61; farthest_labels=['B']; farthest_distance=12.53""]","[""A""]",A,"[-3,4]","[""C""]",3.61,"[""B""]",12.53
coordinate_geometry_0780_open_q1,coordinate_geometry_0780.png,"[""target=D; target_coordinates=[-5, -6]; nearest_labels=['A']; nearest_distance=7.62; farthest_labels=['C']; farthest_distance=14.87""]","[""D""]",D,"[-5,-6]","[""A""]",7.62,"[""C""]",14.87
coordinate_geometry_0781_open_q1,coordinate_geometry_0781.png,"[""target=B; target_coordinates=[2, 7]; nearest_labels=['A']; nearest_distance=11.18; farthest_labels=['A']; farthest_distance=11.18""]","[""B""]",B,"[2,7]","[""A""]",11.18,"[""A""]",11.18
coordinate_geometry_0782_open_q1,coordinate_geometry_0782.png,"[""target=B; target_coordinates=[2, 1]; nearest_labels=['A']; nearest_distance=4.47; farthest_labels=['C']; farthest_distance=6.71""]","[""B""]",B,"[2,1]","[""A""]",4.47,"[""C""]",6.71
coordinate_geometry_0783_open_q1,coordinate_geometry_0783.png,"[""target=D; target_coordinates=[4, 8]; nearest_labels=['C']; nearest_distance=7.21; farthest_labels=['A']; farthest_distance=12.53""]","[""D""]",D,"[4,8]","[""C""]",7.21,"[""A""]",12.53
coordinate_geometry_0784_open_q1,coordinate_geometry_0784.png,"[""target=B; target_coordinates=[-1, 1]; nearest_labels=['A']; nearest_distance=6; farthest_labels=['A']; farthest_distance=6""]","[""B""]",B,"[-1,1]","[""A""]",6,"[""A""]",6
coordinate_geometry_0785_open_q1,coordinate_geometry_0785.png,"[""target=B; target_coordinates=[5, 3]; nearest_labels=['C']; nearest_distance=2.24; farthest_labels=['A']; farthest_distance=6.71""]","[""B""]",B,"[5,3]","[""C""]",2.24,"[""A""]",6.71
coordinate_geometry_0786_open_q1,coordinate_geometry_0786.png,"[""target=A; target_coordinates=[-2, 4]; nearest_labels=['B']; nearest_distance=4.24; farthest_labels=['C']; farthest_distance=9.9""]","[""A""]",A,"[-2,4]","[""B""]",4.24,"[""C""]",9.9
coordinate_geometry_0787_open_q1,coordinate_geometry_0787.png,"[""target=B; target_coordinates=[3, -6]; nearest_labels=['A']; nearest_distance=4.47; farthest_labels=['A']; farthest_distance=4.47""]","[""B""]",B,"[3,-6]","[""A""]",4.47,"[""A""]",4.47
coordinate_geometry_0788_open_q1,coordinate_geometry_0788.png,"[""target=A; target_coordinates=[-4, 1]; nearest_labels=['B']; nearest_distance=7.07; farthest_labels=['C']; farthest_distance=9.9""]","[""A""]",A,"[-4,1]","[""B""]",7.07,"[""C""]",9.9
coordinate_geometry_0789_open_q1,coordinate_geometry_0789.png,"[""target=D; target_coordinates=[6, -6]; nearest_labels=['A']; nearest_distance=8.6; farthest_labels=['C']; farthest_distance=12""]","[""D""]",D,"[6,-6]","[""A""]",8.6,"[""C""]",12
coordinate_geometry_0790_open_q1,coordinate_geometry_0790.png,"[""target=A; target_coordinates=[1, 6]; nearest_labels=['B']; nearest_distance=7.07; farthest_labels=['B']; farthest_distance=7.07""]","[""A""]",A,"[1,6]","[""B""]",7.07,"[""B""]",7.07
coordinate_geometry_0791_open_q1,coordinate_geometry_0791.png,"[""target=C; target_coordinates=[1, 0]; nearest_labels=['B']; nearest_distance=6.71; farthest_labels=['A']; farthest_distance=8.94""]","[""C""]",C,"[1,0]","[""B""]",6.71,"[""A""]",8.94
coordinate_geometry_0792_open_q1,coordinate_geometry_0792.png,"[""target=B; target_coordinates=[1, -2]; nearest_labels=['A']; nearest_distance=4.24; farthest_labels=['D']; farthest_distance=6.71""]","[""B""]",B,"[1,-2]","[""A""]",4.24,"[""D""]",6.71
coordinate_geometry_0793_open_q1,coordinate_geometry_0793.png,"[""target=A; target_coordinates=[0, -5]; nearest_labels=['B']; nearest_distance=13.6; farthest_labels=['B']; farthest_distance=13.6""]","[""A""]",A,"[0,-5]","[""B""]",13.6,"[""B""]",13.6
coordinate_geometry_0794_open_q1,coordinate_geometry_0794.png,"[""target=A; target_coordinates=[-2, -6]; nearest_labels=['B']; nearest_distance=2.24; farthest_labels=['C']; farthest_distance=15.65""]","[""A""]",A,"[-2,-6]","[""B""]",2.24,"[""C""]",15.65
coordinate_geometry_0795_open_q1,coordinate_geometry_0795.png,"[""target=B; target_coordinates=[1, -2]; nearest_labels=['A']; nearest_distance=2.24; farthest_labels=['D']; farthest_distance=8.94""]","[""B""]",B,"[1,-2]","[""A""]",2.24,"[""D""]",8.94
coordinate_geometry_0796_open_q1,coordinate_geometry_0796.png,"[""target=B; target_coordinates=[5, 5]; nearest_labels=['A']; nearest_distance=2.24; farthest_labels=['A']; farthest_distance=2.24""]","[""B""]",B,"[5,5]","[""A""]",2.24,"[""A""]",2.24
coordinate_geometry_0797_open_q1,coordinate_geometry_0797.png,"[""target=B; target_coordinates=[-2, -3]; nearest_labels=['A']; nearest_distance=4.47; farthest_labels=['C']; farthest_distance=8.94""]","[""B""]",B,"[-2,-3]","[""A""]",4.47,"[""C""]",8.94
coordinate_geometry_0798_open_q1,coordinate_geometry_0798.png,"[""target=B; target_coordinates=[-6, 4]; nearest_labels=['A']; nearest_distance=2.24; farthest_labels=['C']; farthest_distance=11.18""]","[""B""]",B,"[-6,4]","[""A""]",2.24,"[""C""]",11.18
coordinate_geometry_0799_open_q1,coordinate_geometry_0799.png,"[""target=A; target_coordinates=[4, 7]; nearest_labels=['B']; nearest_distance=15.62; farthest_labels=['B']; farthest_distance=15.62""]","[""A""]",A,"[4,7]","[""B""]",15.62,"[""B""]",15.62
coordinate_geometry_0800_open_q1,coordinate_geometry_0800.png,"[""target=A; target_coordinates=[-2, -1]; nearest_labels=['B']; nearest_distance=2.83; farthest_labels=['C']; farthest_distance=7.07""]","[""A""]",A,"[-2,-1]","[""B""]",2.83,"[""C""]",7.07
coordinate_geometry_0801_open_q1,coordinate_geometry_0801.png,"[""target=D; target_coordinates=[-6, -4]; nearest_labels=['A']; nearest_distance=3.61; farthest_labels=['C']; farthest_distance=15.62""]","[""D""]",D,"[-6,-4]","[""A""]",3.61,"[""C""]",15.62
coordinate_geometry_0802_open_q1,coordinate_geometry_0802.png,"[""target=B; target_coordinates=[1, -3]; nearest_labels=['A']; nearest_distance=5.39; farthest_labels=['A']; farthest_distance=5.39""]","[""B""]",B,"[1,-3]","[""A""]",5.39,"[""A""]",5.39
coordinate_geometry_0803_open_q1,coordinate_geometry_0803.png,"[""target=A; target_coordinates=[-2, 2]; nearest_labels=['B']; nearest_distance=6.71; farthest_labels=['C']; farthest_distance=11.18""]","[""A""]",A,"[-2,2]","[""B""]",6.71,"[""C""]",11.18
coordinate_geometry_0804_open_q1,coordinate_geometry_0804.png,"[""target=C; target_coordinates=[-1, 4]; nearest_labels=['D']; nearest_distance=4.12; farthest_labels=['A']; farthest_distance=11.18""]","[""C""]",C,"[-1,4]","[""D""]",4.12,"[""A""]",11.18
coordinate_geometry_0805_open_q1,coordinate_geometry_0805.png,"[""target=B; target_coordinates=[-7, 6]; nearest_labels=['A']; nearest_distance=6.08; farthest_labels=['A']; farthest_distance=6.08""]","[""B""]",B,"[-7,6]","[""A""]",6.08,"[""A""]",6.08
coordinate_geometry_0806_open_q1,coordinate_geometry_0806.png,"[""target=C; target_coordinates=[8, 3]; nearest_labels=['B']; nearest_distance=6.71; farthest_labels=['A']; farthest_distance=8.94""]","[""C""]",C,"[8,3]","[""B""]",6.71,"[""A""]",8.94
coordinate_geometry_0807_open_q1,coordinate_geometry_0807.png,"[""target=D; target_coordinates=[-8, 7]; nearest_labels=['C']; nearest_distance=10.77; farthest_labels=['A']; farthest_distance=12.21""]","[""D""]",D,"[-8,7]","[""C""]",10.77,"[""A""]",12.21
coordinate_geometry_0808_open_q1,coordinate_geometry_0808.png,"[""target=B; target_coordinates=[6, -1]; nearest_labels=['A']; nearest_distance=5.83; farthest_labels=['A']; farthest_distance=5.83""]","[""B""]",B,"[6,-1]","[""A""]",5.83,"[""A""]",5.83
coordinate_geometry_0809_open_q1,coordinate_geometry_0809.png,"[""target=A; target_coordinates=[-3, 1]; nearest_labels=['B']; nearest_distance=9.22; farthest_labels=['C']; farthest_distance=12.04""]","[""A""]",A,"[-3,1]","[""B""]",9.22,"[""C""]",12.04
coordinate_geometry_0810_open_q1,coordinate_geometry_0810.png,"[""target=D; target_coordinates=[-6, -1]; nearest_labels=['B']; nearest_distance=3.16; farthest_labels=['A']; farthest_distance=13.42""]","[""D""]",D,"[-6,-1]","[""B""]",3.16,"[""A""]",13.42
coordinate_geometry_0811_open_q1,coordinate_geometry_0811.png,"[""target=B; target_coordinates=[5, -7]; nearest_labels=['A']; nearest_distance=15.3; farthest_labels=['A']; farthest_distance=15.3""]","[""B""]",B,"[5,-7]","[""A""]",15.3,"[""A""]",15.3
coordinate_geometry_0812_open_q1,coordinate_geometry_0812.png,"[""target=A; target_coordinates=[5, -2]; nearest_labels=['C']; nearest_distance=10.2; farthest_labels=['B']; farthest_distance=12.53""]","[""A""]",A,"[5,-2]","[""C""]",10.2,"[""B""]",12.53
coordinate_geometry_0813_open_q1,coordinate_geometry_0813.png,"[""target=A; target_coordinates=[-3, -8]; nearest_labels=['C']; nearest_distance=5; farthest_labels=['B']; farthest_distance=13.34""]","[""A""]",A,"[-3,-8]","[""C""]",5,"[""B""]",13.34
coordinate_geometry_0814_open_q1,coordinate_geometry_0814.png,"[""target=A; target_coordinates=[-4, -1]; nearest_labels=['B']; nearest_distance=5; farthest_labels=['B']; farthest_distance=5""]","[""A""]",A,"[-4,-1]","[""B""]",5,"[""B""]",5
coordinate_geometry_0815_open_q1,coordinate_geometry_0815.png,"[""target=A; target_coordinates=[-7, 1]; nearest_labels=['C']; nearest_distance=7.28; farthest_labels=['B']; farthest_distance=10.82""]","[""A""]",A,"[-7,1]","[""C""]",7.28,"[""B""]",10.82
coordinate_geometry_0816_open_q1,coordinate_geometry_0816.png,"[""target=A; target_coordinates=[-5, 5]; nearest_labels=['C']; nearest_distance=4.47; farthest_labels=['B']; farthest_distance=16.28""]","[""A""]",A,"[-5,5]","[""C""]",4.47,"[""B""]",16.28
coordinate_geometry_0817_open_q1,coordinate_geometry_0817.png,"[""target=B; target_coordinates=[-2, 0]; nearest_labels=['A']; nearest_distance=5; farthest_labels=['A']; farthest_distance=5""]","[""B""]",B,"[-2,0]","[""A""]",5,"[""A""]",5
coordinate_geometry_0818_open_q1,coordinate_geometry_0818.png,"[""target=B; target_coordinates=[-6, 6]; nearest_labels=['C']; nearest_distance=2.24; farthest_labels=['A']; farthest_distance=8.06""]","[""B""]",B,"[-6,6]","[""C""]",2.24,"[""A""]",8.06
coordinate_geometry_0819_open_q1,coordinate_geometry_0819.png,"[""target=B; target_coordinates=[0, 6]; nearest_labels=['A']; nearest_distance=2.83; farthest_labels=['D']; farthest_distance=10.63""]","[""B""]",B,"[0,6]","[""A""]",2.83,"[""D""]",10.63
coordinate_geometry_0820_open_q1,coordinate_geometry_0820.png,"[""target=A; target_coordinates=[8, 7]; nearest_labels=['B']; nearest_distance=15.81; farthest_labels=['B']; farthest_distance=15.81""]","[""A""]",A,"[8,7]","[""B""]",15.81,"[""B""]",15.81
coordinate_geometry_0821_open_q1,coordinate_geometry_0821.png,"[""target=C; target_coordinates=[6, 2]; nearest_labels=['A']; nearest_distance=2.83; farthest_labels=['B']; farthest_distance=6.08""]","[""C""]",C,"[6,2]","[""A""]",2.83,"[""B""]",6.08
coordinate_geometry_0822_open_q1,coordinate_geometry_0822.png,"[""target=C; target_coordinates=[-7, -2]; nearest_labels=['A']; nearest_distance=7.28; farthest_labels=['B']; farthest_distance=14.32""]","[""C""]",C,"[-7,-2]","[""A""]",7.28,"[""B""]",14.32
coordinate_geometry_0823_open_q1,coordinate_geometry_0823.png,"[""target=B; target_coordinates=[-6, 3]; nearest_labels=['A']; nearest_distance=7.81; farthest_labels=['A']; farthest_distance=7.81""]","[""B""]",B,"[-6,3]","[""A""]",7.81,"[""A""]",7.81
coordinate_geometry_0824_open_q1,coordinate_geometry_0824.png,"[""target=C; target_coordinates=[-7, -8]; nearest_labels=['B']; nearest_distance=4; farthest_labels=['A']; farthest_distance=11.4""]","[""C""]",C,"[-7,-8]","[""B""]",4,"[""A""]",11.4
coordinate_geometry_0825_open_q1,coordinate_geometry_0825.png,"[""target=D; target_coordinates=[2, 3]; nearest_labels=['B']; nearest_distance=6.4; farthest_labels=['C']; farthest_distance=12.04""]","[""D""]",D,"[2,3]","[""B""]",6.4,"[""C""]",12.04
coordinate_geometry_0826_open_q1,coordinate_geometry_0826.png,"[""target=A; target_coordinates=[0, 7]; nearest_labels=['B']; nearest_distance=11.4; farthest_labels=['B']; farthest_distance=11.4""]","[""A""]",A,"[0,7]","[""B""]",11.4,"[""B""]",11.4
coordinate_geometry_0827_open_q1,coordinate_geometry_0827.png,"[""target=A; target_coordinates=[4, 4]; nearest_labels=['B']; nearest_distance=10.05; farthest_labels=['C']; farthest_distance=11.7""]","[""A""]",A,"[4,4]","[""B""]",10.05,"[""C""]",11.7
coordinate_geometry_0828_open_q1,coordinate_geometry_0828.png,"[""target=D; target_coordinates=[5, 6]; nearest_labels=['C']; nearest_distance=4.24; farthest_labels=['A']; farthest_distance=13.04""]","[""D""]",D,"[5,6]","[""C""]",4.24,"[""A""]",13.04
coordinate_geometry_0829_open_q1,coordinate_geometry_0829.png,"[""target=B; target_coordinates=[-8, 1]; nearest_labels=['A']; nearest_distance=15.3; farthest_labels=['A']; farthest_distance=15.3""]","[""B""]",B,"[-8,1]","[""A""]",15.3,"[""A""]",15.3
coordinate_geometry_0830_open_q1,coordinate_geometry_0830.png,"[""target=B; target_coordinates=[0, 6]; nearest_labels=['A']; nearest_distance=6.08; farthest_labels=['C']; farthest_distance=10.63""]","[""B""]",B,"[0,6]","[""A""]",6.08,"[""C""]",10.63
coordinate_geometry_0831_open_q1,coordinate_geometry_0831.png,"[""target=A; target_coordinates=[4, -4]; nearest_labels=['D']; nearest_distance=8.54; farthest_labels=['C']; farthest_distance=13""]","[""A""]",A,"[4,-4]","[""D""]",8.54,"[""C""]",13
coordinate_geometry_0832_open_q1,coordinate_geometry_0832.png,"[""target=B; target_coordinates=[-1, 4]; nearest_labels=['A']; nearest_distance=5; farthest_labels=['A']; farthest_distance=5""]","[""B""]",B,"[-1,4]","[""A""]",5,"[""A""]",5
coordinate_geometry_0833_open_q1,coordinate_geometry_0833.png,"[""target=A; target_coordinates=[1, 3]; nearest_labels=['C']; nearest_distance=7.21; farthest_labels=['B']; farthest_distance=8.94""]","[""A""]",A,"[1,3]","[""C""]",7.21,"[""B""]",8.94
coordinate_geometry_0834_open_q1,coordinate_geometry_0834.png,"[""target=A; target_coordinates=[-1, -3]; nearest_labels=['B']; nearest_distance=5.66; farthest_labels=['D']; farthest_distance=11.31""]","[""A""]",A,"[-1,-3]","[""B""]",5.66,"[""D""]",11.31
coordinate_geometry_0835_open_q1,coordinate_geometry_0835.png,"[""target=A; target_coordinates=[-2, 3]; nearest_labels=['B']; nearest_distance=3.16; farthest_labels=['B']; farthest_distance=3.16""]","[""A""]",A,"[-2,3]","[""B""]",3.16,"[""B""]",3.16
coordinate_geometry_0836_open_q1,coordinate_geometry_0836.png,"[""target=A; target_coordinates=[-5, -8]; nearest_labels=['B']; nearest_distance=3.16; farthest_labels=['C']; farthest_distance=17.03""]","[""A""]",A,"[-5,-8]","[""B""]",3.16,"[""C""]",17.03
coordinate_geometry_0837_open_q1,coordinate_geometry_0837.png,"[""target=C; target_coordinates=[7, -2]; nearest_labels=['B']; nearest_distance=12.04; farthest_labels=['A']; farthest_distance=17""]","[""C""]",C,"[7,-2]","[""B""]",12.04,"[""A""]",17
coordinate_geometry_0838_open_q1,coordinate_geometry_0838.png,"[""target=B; target_coordinates=[-6, 8]; nearest_labels=['A']; nearest_distance=10.63; farthest_labels=['A']; farthest_distance=10.63""]","[""B""]",B,"[-6,8]","[""A""]",10.63,"[""A""]",10.63
coordinate_geometry_0839_open_q1,coordinate_geometry_0839.png,"[""target=A; target_coordinates=[-5, 0]; nearest_labels=['B']; nearest_distance=3.16; farthest_labels=['C']; farthest_distance=9.06""]","[""A""]",A,"[-5,0]","[""B""]",3.16,"[""C""]",9.06
coordinate_geometry_0840_open_q1,coordinate_geometry_0840.png,"[""target=A; target_coordinates=[6, 6]; nearest_labels=['D']; nearest_distance=2.83; farthest_labels=['C']; farthest_distance=13.04""]","[""A""]",A,"[6,6]","[""D""]",2.83,"[""C""]",13.04
coordinate_geometry_0841_open_q1,coordinate_geometry_0841.png,"[""target=A; target_coordinates=[4, -2]; nearest_labels=['B']; nearest_distance=11.66; farthest_labels=['B']; farthest_distance=11.66""]","[""A""]",A,"[4,-2]","[""B""]",11.66,"[""B""]",11.66
coordinate_geometry_0842_open_q1,coordinate_geometry_0842.png,"[""target=B; target_coordinates=[3, -1]; nearest_labels=['C']; nearest_distance=2.83; farthest_labels=['A']; farthest_distance=5.66""]","[""B""]",B,"[3,-1]","[""C""]",2.83,"[""A""]",5.66
coordinate_geometry_0843_open_q1,coordinate_geometry_0843.png,"[""target=B; target_coordinates=[3, 0]; nearest_labels=['C']; nearest_distance=2.24; farthest_labels=['D']; farthest_distance=10.82""]","[""B""]",B,"[3,0]","[""C""]",2.24,"[""D""]",10.82
coordinate_geometry_0844_open_q1,coordinate_geometry_0844.png,"[""target=A; target_coordinates=[8, -1]; nearest_labels=['B']; nearest_distance=13.04; farthest_labels=['B']; farthest_distance=13.04""]","[""A""]",A,"[8,-1]","[""B""]",13.04,"[""B""]",13.04
coordinate_geometry_0845_open_q1,coordinate_geometry_0845.png,"[""target=C; target_coordinates=[4, 5]; nearest_labels=['B']; nearest_distance=2.83; farthest_labels=['A']; farthest_distance=8.49""]","[""C""]",C,"[4,5]","[""B""]",2.83,"[""A""]",8.49
coordinate_geometry_0846_open_q1,coordinate_geometry_0846.png,"[""target=D; target_coordinates=[3, 8]; nearest_labels=['C']; nearest_distance=8.06; farthest_labels=['A']; farthest_distance=12.08""]","[""D""]",D,"[3,8]","[""C""]",8.06,"[""A""]",12.08
coordinate_geometry_0847_open_q1,coordinate_geometry_0847.png,"[""target=B; target_coordinates=[-5, -5]; nearest_labels=['A']; nearest_distance=6.32; farthest_labels=['A']; farthest_distance=6.32""]","[""B""]",B,"[-5,-5]","[""A""]",6.32,"[""A""]",6.32
coordinate_geometry_0848_open_q1,coordinate_geometry_0848.png,"[""target=C; target_coordinates=[2, -5]; nearest_labels=['B']; nearest_distance=4.24; farthest_labels=['A']; farthest_distance=11.31""]","[""C""]",C,"[2,-5]","[""B""]",4.24,"[""A""]",11.31
coordinate_geometry_0849_open_q1,coordinate_geometry_0849.png,"[""target=A; target_coordinates=[-1, 0]; nearest_labels=['D']; nearest_distance=3; farthest_labels=['C']; farthest_distance=6.71""]","[""A""]",A,"[-1,0]","[""D""]",3,"[""C""]",6.71
coordinate_geometry_0850_open_q1,coordinate_geometry_0850.png,"[""target=A; target_coordinates=[-6, 8]; nearest_labels=['B']; nearest_distance=17.69; farthest_labels=['B']; farthest_distance=17.69""]","[""A""]",A,"[-6,8]","[""B""]",17.69,"[""B""]",17.69
coordinate_geometry_0851_open_q1,coordinate_geometry_0851.png,"[""target=B; target_coordinates=[3, 1]; nearest_labels=['C']; nearest_distance=2.24; farthest_labels=['A']; farthest_distance=6.71""]","[""B""]",B,"[3,1]","[""C""]",2.24,"[""A""]",6.71
coordinate_geometry_0852_open_q1,coordinate_geometry_0852.png,"[""target=B; target_coordinates=[-2, -5]; nearest_labels=['A']; nearest_distance=2.24; farthest_labels=['D']; farthest_distance=11.31""]","[""B""]",B,"[-2,-5]","[""A""]",2.24,"[""D""]",11.31
coordinate_geometry_0853_open_q1,coordinate_geometry_0853.png,"[""target=B; target_coordinates=[2, -5]; nearest_labels=['A']; nearest_distance=8.06; farthest_labels=['A']; farthest_distance=8.06""]","[""B""]",B,"[2,-5]","[""A""]",8.06,"[""A""]",8.06
coordinate_geometry_0854_open_q1,coordinate_geometry_0854.png,"[""target=C; target_coordinates=[2, 0]; nearest_labels=['B']; nearest_distance=4; farthest_labels=['A']; farthest_distance=7""]","[""C""]",C,"[2,0]","[""B""]",4,"[""A""]",7
coordinate_geometry_0855_open_q1,coordinate_geometry_0855.png,"[""target=C; target_coordinates=[2, 3]; nearest_labels=['B']; nearest_distance=2.24; farthest_labels=['A']; farthest_distance=11.18""]","[""C""]",C,"[2,3]","[""B""]",2.24,"[""A""]",11.18
coordinate_geometry_0856_open_q1,coordinate_geometry_0856.png,"[""target=A; target_coordinates=[-1, -7]; nearest_labels=['B']; nearest_distance=7.62; farthest_labels=['B']; farthest_distance=7.62""]","[""A""]",A,"[-1,-7]","[""B""]",7.62,"[""B""]",7.62
coordinate_geometry_0857_open_q1,coordinate_geometry_0857.png,"[""target=A; target_coordinates=[-3, 2]; nearest_labels=['B']; nearest_distance=8.94; farthest_labels=['C']; farthest_distance=11.18""]","[""A""]",A,"[-3,2]","[""B""]",8.94,"[""C""]",11.18
coordinate_geometry_0858_open_q1,coordinate_geometry_0858.png,"[""target=D; target_coordinates=[4, -3]; nearest_labels=['C']; nearest_distance=3.16; farthest_labels=['A']; farthest_distance=13.6""]","[""D""]",D,"[4,-3]","[""C""]",3.16,"[""A""]",13.6
coordinate_geometry_0859_open_q1,coordinate_geometry_0859.png,"[""target=A; target_coordinates=[-5, -6]; nearest_labels=['B']; nearest_distance=13.15; farthest_labels=['B']; farthest_distance=13.15""]","[""A""]",A,"[-5,-6]","[""B""]",13.15,"[""B""]",13.15
coordinate_geometry_0860_open_q1,coordinate_geometry_0860.png,"[""target=B; target_coordinates=[-2, 2]; nearest_labels=['A']; nearest_distance=2.24; farthest_labels=['C']; farthest_distance=6.71""]","[""B""]",B,"[-2,2]","[""A""]",2.24,"[""C""]",6.71
coordinate_geometry_0861_open_q1,coordinate_geometry_0861.png,"[""target=A; target_coordinates=[2, 0]; nearest_labels=['B']; nearest_distance=2.24; farthest_labels=['C']; farthest_distance=6.71""]","[""A""]",A,"[2,0]","[""B""]",2.24,"[""C""]",6.71
coordinate_geometry_0862_open_q1,coordinate_geometry_0862.png,"[""target=A; target_coordinates=[-2, 8]; nearest_labels=['B']; nearest_distance=12.65; farthest_labels=['B']; farthest_distance=12.65""]","[""A""]",A,"[-2,8]","[""B""]",12.65,"[""B""]",12.65
coordinate_geometry_0863_open_q1,coordinate_geometry_0863.png,"[""target=C; target_coordinates=[2, -2]; nearest_labels=['B']; nearest_distance=2.24; farthest_labels=['A']; farthest_distance=8.94""]","[""C""]",C,"[2,-2]","[""B""]",2.24,"[""A""]",8.94
coordinate_geometry_0864_open_q1,coordinate_geometry_0864.png,"[""target=C; target_coordinates=[7, 3]; nearest_labels=['B']; nearest_distance=6.71; farthest_labels=['D']; farthest_distance=14.21""]","[""C""]",C,"[7,3]","[""B""]",6.71,"[""D""]",14.21
coordinate_geometry_0865_open_q1,coordinate_geometry_0865.png,"[""target=A; target_coordinates=[-8, 6]; nearest_labels=['B']; nearest_distance=6; farthest_labels=['B']; farthest_distance=6""]","[""A""]",A,"[-8,6]","[""B""]",6,"[""B""]",6
coordinate_geometry_0866_open_q1,coordinate_geometry_0866.png,"[""target=C; target_coordinates=[1, 6]; nearest_labels=['B']; nearest_distance=6.71; farthest_labels=['A']; farthest_distance=11.18""]","[""C""]",C,"[1,6]","[""B""]",6.71,"[""A""]",11.18
coordinate_geometry_0867_open_q1,coordinate_geometry_0867.png,"[""target=B; target_coordinates=[6, 1]; nearest_labels=['C']; nearest_distance=2.24; farthest_labels=['A']; farthest_distance=13.42""]","[""B""]",B,"[6,1]","[""C""]",2.24,"[""A""]",13.42
coordinate_geometry_0868_open_q1,coordinate_geometry_0868.png,"[""target=B; target_coordinates=[-8, -6]; nearest_labels=['A']; nearest_distance=17.2; farthest_labels=['A']; farthest_distance=17.2""]","[""B""]",B,"[-8,-6]","[""A""]",17.2,"[""A""]",17.2
coordinate_geometry_0869_open_q1,coordinate_geometry_0869.png,"[""target=B; target_coordinates=[-1, 6]; nearest_labels=['A']; nearest_distance=8.6; farthest_labels=['C']; farthest_distance=11.4""]","[""B""]",B,"[-1,6]","[""A""]",8.6,"[""C""]",11.4
coordinate_geometry_0870_open_q1,coordinate_geometry_0870.png,"[""target=D; target_coordinates=[-1, 6]; nearest_labels=['C']; nearest_distance=3.61; farthest_labels=['A']; farthest_distance=14.76""]","[""D""]",D,"[-1,6]","[""C""]",3.61,"[""A""]",14.76
coordinate_geometry_0871_open_q1,coordinate_geometry_0871.png,"[""target=A; target_coordinates=[-5, 6]; nearest_labels=['B']; nearest_distance=4; farthest_labels=['B']; farthest_distance=4""]","[""A""]",A,"[-5,6]","[""B""]",4,"[""B""]",4
coordinate_geometry_0872_open_q1,coordinate_geometry_0872.png,"[""target=A; target_coordinates=[-4, 4]; nearest_labels=['B']; nearest_distance=9.49; farthest_labels=['C']; farthest_distance=12.37""]","[""A""]",A,"[-4,4]","[""B""]",9.49,"[""C""]",12.37
coordinate_geometry_0873_open_q1,coordinate_geometry_0873.png,"[""target=C; target_coordinates=[0, -7]; nearest_labels=['B']; nearest_distance=3.16; farthest_labels=['A']; farthest_distance=12.53""]","[""C""]",C,"[0,-7]","[""B""]",3.16,"[""A""]",12.53
coordinate_geometry_0874_open_q1,coordinate_geometry_0874.png,"[""target=B; target_coordinates=[-8, -6]; nearest_labels=['A']; nearest_distance=14.21; farthest_labels=['A']; farthest_distance=14.21""]","[""B""]",B,"[-8,-6]","[""A""]",14.21,"[""A""]",14.21
coordinate_geometry_0875_open_q1,coordinate_geometry_0875.png,"[""target=B; target_coordinates=[-1, 7]; nearest_labels=['A']; nearest_distance=3.61; farthest_labels=['C']; farthest_distance=6.4""]","[""B""]",B,"[-1,7]","[""A""]",3.61,"[""C""]",6.4
coordinate_geometry_0876_open_q1,coordinate_geometry_0876.png,"[""target=B; target_coordinates=[-4, 8]; nearest_labels=['C']; nearest_distance=2.24; farthest_labels=['D']; farthest_distance=8.06""]","[""B""]",B,"[-4,8]","[""C""]",2.24,"[""D""]",8.06
coordinate_geometry_0877_open_q1,coordinate_geometry_0877.png,"[""target=A; target_coordinates=[5, -3]; nearest_labels=['B']; nearest_distance=3.61; farthest_labels=['B']; farthest_distance=3.61""]","[""A""]",A,"[5,-3]","[""B""]",3.61,"[""B""]",3.61
coordinate_geometry_0878_open_q1,coordinate_geometry_0878.png,"[""target=B; target_coordinates=[4, 5]; nearest_labels=['A']; nearest_distance=4.24; farthest_labels=['C']; farthest_distance=12.81""]","[""B""]",B,"[4,5]","[""A""]",4.24,"[""C""]",12.81
coordinate_geometry_0879_open_q1,coordinate_geometry_0879.png,"[""target=A; target_coordinates=[3, -4]; nearest_labels=['D']; nearest_distance=8.94; farthest_labels=['B']; farthest_distance=11.18""]","[""A""]",A,"[3,-4]","[""D""]",8.94,"[""B""]",11.18
coordinate_geometry_0880_open_q1,coordinate_geometry_0880.png,"[""target=B; target_coordinates=[-4, 4]; nearest_labels=['A']; nearest_distance=7.21; farthest_labels=['A']; farthest_distance=7.21""]","[""B""]",B,"[-4,4]","[""A""]",7.21,"[""A""]",7.21
coordinate_geometry_0881_open_q1,coordinate_geometry_0881.png,"[""target=C; target_coordinates=[1, -8]; nearest_labels=['B']; nearest_distance=13; farthest_labels=['A']; farthest_distance=14.56""]","[""C""]",C,"[1,-8]","[""B""]",13,"[""A""]",14.56
coordinate_geometry_0882_open_q1,coordinate_geometry_0882.png,"[""target=D; target_coordinates=[-4, 4]; nearest_labels=['C']; nearest_distance=9; farthest_labels=['B']; farthest_distance=11.7""]","[""D""]",D,"[-4,4]","[""C""]",9,"[""B""]",11.7
coordinate_geometry_0883_open_q1,coordinate_geometry_0883.png,"[""target=A; target_coordinates=[-3, 2]; nearest_labels=['B']; nearest_distance=13.6; farthest_labels=['B']; farthest_distance=13.6""]","[""A""]",A,"[-3,2]","[""B""]",13.6,"[""B""]",13.6
coordinate_geometry_0884_open_q1,coordinate_geometry_0884.png,"[""target=A; target_coordinates=[-6, 7]; nearest_labels=['C']; nearest_distance=2.24; farthest_labels=['B']; farthest_distance=6.71""]","[""A""]",A,"[-6,7]","[""C""]",2.24,"[""B""]",6.71
coordinate_geometry_0885_open_q1,coordinate_geometry_0885.png,"[""target=D; target_coordinates=[-6, -7]; nearest_labels=['A']; nearest_distance=2.24; farthest_labels=['B']; farthest_distance=15.03""]","[""D""]",D,"[-6,-7]","[""A""]",2.24,"[""B""]",15.03
coordinate_geometry_0886_open_q1,coordinate_geometry_0886.png,"[""target=A; target_coordinates=[5, -5]; nearest_labels=['B']; nearest_distance=8.49; farthest_labels=['B']; farthest_distance=8.49""]","[""A""]",A,"[5,-5]","[""B""]",8.49,"[""B""]",8.49
coordinate_geometry_0887_open_q1,coordinate_geometry_0887.png,"[""target=B; target_coordinates=[-2, 3]; nearest_labels=['C']; nearest_distance=5; farthest_labels=['A']; farthest_distance=10.3""]","[""B""]",B,"[-2,3]","[""C""]",5,"[""A""]",10.3
coordinate_geometry_0888_open_q1,coordinate_geometry_0888.png,"[""target=D; target_coordinates=[7, -8]; nearest_labels=['B']; nearest_distance=8.06; farthest_labels=['C']; farthest_distance=18.36""]","[""D""]",D,"[7,-8]","[""B""]",8.06,"[""C""]",18.36
coordinate_geometry_0889_open_q1,coordinate_geometry_0889.png,"[""target=A; target_coordinates=[-1, -6]; nearest_labels=['B']; nearest_distance=3.61; farthest_labels=['B']; farthest_distance=3.61""]","[""A""]",A,"[-1,-6]","[""B""]",3.61,"[""B""]",3.61
coordinate_geometry_0890_open_q1,coordinate_geometry_0890.png,"[""target=C; target_coordinates=[5, -6]; nearest_labels=['B']; nearest_distance=3.61; farthest_labels=['A']; farthest_distance=7.21""]","[""C""]",C,"[5,-6]","[""B""]",3.61,"[""A""]",7.21
coordinate_geometry_0891_open_q1,coordinate_geometry_0891.png,"[""target=B; target_coordinates=[-1, -1]; nearest_labels=['D']; nearest_distance=4.12; farthest_labels=['C']; farthest_distance=9.22""]","[""B""]",B,"[-1,-1]","[""D""]",4.12,"[""C""]",9.22
coordinate_geometry_0892_open_q1,coordinate_geometry_0892.png,"[""target=A; target_coordinates=[1, -1]; nearest_labels=['B']; nearest_distance=7.81; farthest_labels=['B']; farthest_distance=7.81""]","[""A""]",A,"[1,-1]","[""B""]",7.81,"[""B""]",7.81
coordinate_geometry_0893_open_q1,coordinate_geometry_0893.png,"[""target=A; target_coordinates=[0, -2]; nearest_labels=['B']; nearest_distance=8.54; farthest_labels=['C']; farthest_distance=10""]","[""A""]",A,"[0,-2]","[""B""]",8.54,"[""C""]",10
coordinate_geometry_0894_open_q1,coordinate_geometry_0894.png,"[""target=A; target_coordinates=[1, 3]; nearest_labels=['C']; nearest_distance=7; farthest_labels=['D']; farthest_distance=12.81""]","[""A""]",A,"[1,3]","[""C""]",7,"[""D""]",12.81
coordinate_geometry_0895_open_q1,coordinate_geometry_0895.png,"[""target=B; target_coordinates=[-1, -1]; nearest_labels=['A']; nearest_distance=6; farthest_labels=['A']; farthest_distance=6""]","[""B""]",B,"[-1,-1]","[""A""]",6,"[""A""]",6
coordinate_geometry_0896_open_q1,coordinate_geometry_0896.png,"[""target=C; target_coordinates=[-5, 0]; nearest_labels=['A']; nearest_distance=3; farthest_labels=['B']; farthest_distance=9.22""]","[""C""]",C,"[-5,0]","[""A""]",3,"[""B""]",9.22
coordinate_geometry_0897_open_q1,coordinate_geometry_0897.png,"[""target=B; target_coordinates=[4, 0]; nearest_labels=['D']; nearest_distance=4.47; farthest_labels=['A']; farthest_distance=11""]","[""B""]",B,"[4,0]","[""D""]",4.47,"[""A""]",11
coordinate_geometry_0898_open_q1,coordinate_geometry_0898.png,"[""target=A; target_coordinates=[-6, 2]; nearest_labels=['B']; nearest_distance=5.39; farthest_labels=['B']; farthest_distance=5.39""]","[""A""]",A,"[-6,2]","[""B""]",5.39,"[""B""]",5.39
coordinate_geometry_0899_open_q1,coordinate_geometry_0899.png,"[""target=B; target_coordinates=[-6, 1]; nearest_labels=['A']; nearest_distance=5.1; farthest_labels=['C']; farthest_distance=10.05""]","[""B""]",B,"[-6,1]","[""A""]",5.1,"[""C""]",10.05
coordinate_geometry_0900_open_q1,coordinate_geometry_0900.png,"[""target=D; target_coordinates=[-3, 6]; nearest_labels=['B']; nearest_distance=7.62; farthest_labels=['C']; farthest_distance=13.93""]","[""D""]",D,"[-3,6]","[""B""]",7.62,"[""C""]",13.93
coordinate_geometry_0901_open_q1,coordinate_geometry_0901.png,"[""target=A; target_coordinates=[1, -5]; nearest_labels=['B']; nearest_distance=10.3; farthest_labels=['B']; farthest_distance=10.3""]","[""A""]",A,"[1,-5]","[""B""]",10.3,"[""B""]",10.3
coordinate_geometry_0902_open_q1,coordinate_geometry_0902.png,"[""target=A; target_coordinates=[-2, 2]; nearest_labels=['B']; nearest_distance=2.83; farthest_labels=['C']; farthest_distance=8.49""]","[""A""]",A,"[-2,2]","[""B""]",2.83,"[""C""]",8.49
coordinate_geometry_0903_open_q1,coordinate_geometry_0903.png,"[""target=D; target_coordinates=[-6, 4]; nearest_labels=['B']; nearest_distance=5.66; farthest_labels=['A']; farthest_distance=8.25""]","[""D""]",D,"[-6,4]","[""B""]",5.66,"[""A""]",8.25
coordinate_geometry_0904_open_q1,coordinate_geometry_0904.png,"[""target=B; target_coordinates=[4, -7]; nearest_labels=['A']; nearest_distance=15.3; farthest_labels=['A']; farthest_distance=15.3""]","[""B""]",B,"[4,-7]","[""A""]",15.3,"[""A""]",15.3
coordinate_geometry_0905_open_q1,coordinate_geometry_0905.png,"[""target=A; target_coordinates=[-2, -1]; nearest_labels=['B']; nearest_distance=6.71; farthest_labels=['C']; farthest_distance=8.94""]","[""A""]",A,"[-2,-1]","[""B""]",6.71,"[""C""]",8.94
coordinate_geometry_0906_open_q1,coordinate_geometry_0906.png,"[""target=A; target_coordinates=[-2, -6]; nearest_labels=['B']; nearest_distance=2.24; farthest_labels=['D']; farthest_distance=12.04""]","[""A""]",A,"[-2,-6]","[""B""]",2.24,"[""D""]",12.04
coordinate_geometry_0907_open_q1,coordinate_geometry_0907.png,"[""target=A; target_coordinates=[-7, -4]; nearest_labels=['B']; nearest_distance=9.43; farthest_labels=['B']; farthest_distance=9.43""]","[""A""]",A,"[-7,-4]","[""B""]",9.43,"[""B""]",9.43
coordinate_geometry_0908_open_q1,coordinate_geometry_0908.png,"[""target=A; target_coordinates=[-8, 5]; nearest_labels=['B']; nearest_distance=4.47; farthest_labels=['C']; farthest_distance=17.89""]","[""A""]",A,"[-8,5]","[""B""]",4.47,"[""C""]",17.89
coordinate_geometry_0909_open_q1,coordinate_geometry_0909.png,"[""target=D; target_coordinates=[-6, 4]; nearest_labels=['A']; nearest_distance=6; farthest_labels=['C']; farthest_distance=12.81""]","[""D""]",D,"[-6,4]","[""A""]",6,"[""C""]",12.81
coordinate_geometry_0910_open_q1,coordinate_geometry_0910.png,"[""target=A; target_coordinates=[6, -6]; nearest_labels=['B']; nearest_distance=9.22; farthest_labels=['B']; farthest_distance=9.22""]","[""A""]",A,"[6,-6]","[""B""]",9.22,"[""B""]",9.22
coordinate_geometry_0911_open_q1,coordinate_geometry_0911.png,"[""target=C; target_coordinates=[7, -3]; nearest_labels=['B']; nearest_distance=8.94; farthest_labels=['A']; farthest_distance=13.42""]","[""C""]",C,"[7,-3]","[""B""]",8.94,"[""A""]",13.42
coordinate_geometry_0912_open_q1,coordinate_geometry_0912.png,"[""target=C; target_coordinates=[3, 4]; nearest_labels=['B']; nearest_distance=2.24; farthest_labels=['D']; farthest_distance=12""]","[""C""]",C,"[3,4]","[""B""]",2.24,"[""D""]",12
coordinate_geometry_0913_open_q1,coordinate_geometry_0913.png,"[""target=A; target_coordinates=[7, 2]; nearest_labels=['B']; nearest_distance=5.39; farthest_labels=['B']; farthest_distance=5.39""]","[""A""]",A,"[7,2]","[""B""]",5.39,"[""B""]",5.39
coordinate_geometry_0914_open_q1,coordinate_geometry_0914.png,"[""target=A; target_coordinates=[0, 2]; nearest_labels=['B']; nearest_distance=4.47; farthest_labels=['C']; farthest_distance=6.71""]","[""A""]",A,"[0,2]","[""B""]",4.47,"[""C""]",6.71
coordinate_geometry_0915_open_q1,coordinate_geometry_0915.png,"[""target=D; target_coordinates=[7, 8]; nearest_labels=['C']; nearest_distance=4.12; farthest_labels=['A']; farthest_distance=18.6""]","[""D""]",D,"[7,8]","[""C""]",4.12,"[""A""]",18.6
coordinate_geometry_0916_open_q1,coordinate_geometry_0916.png,"[""target=B; target_coordinates=[-5, 8]; nearest_labels=['A']; nearest_distance=3; farthest_labels=['A']; farthest_distance=3""]","[""B""]",B,"[-5,8]","[""A""]",3,"[""A""]",3
coordinate_geometry_0917_open_q1,coordinate_geometry_0917.png,"[""target=B; target_coordinates=[0, 0]; nearest_labels=['A']; nearest_distance=2.24; farthest_labels=['C']; farthest_distance=4.47""]","[""B""]",B,"[0,0]","[""A""]",2.24,"[""C""]",4.47
coordinate_geometry_0918_open_q1,coordinate_geometry_0918.png,"[""target=D; target_coordinates=[-7, 4]; nearest_labels=['B']; nearest_distance=3.16; farthest_labels=['C']; farthest_distance=12.04""]","[""D""]",D,"[-7,4]","[""B""]",3.16,"[""C""]",12.04
coordinate_geometry_0919_open_q1,coordinate_geometry_0919.png,"[""target=B; target_coordinates=[-1, -1]; nearest_labels=['A']; nearest_distance=2.24; farthest_labels=['A']; farthest_distance=2.24""]","[""B""]",B,"[-1,-1]","[""A""]",2.24,"[""A""]",2.24
coordinate_geometry_0920_open_q1,coordinate_geometry_0920.png,"[""target=B; target_coordinates=[-6, 4]; nearest_labels=['A']; nearest_distance=2.24; farthest_labels=['C']; farthest_distance=6.71""]","[""B""]",B,"[-6,4]","[""A""]",2.24,"[""C""]",6.71
coordinate_geometry_0921_open_q1,coordinate_geometry_0921.png,"[""target=D; target_coordinates=[-5, -8]; nearest_labels=['A']; nearest_distance=7; farthest_labels=['C']; farthest_distance=15.62""]","[""D""]",D,"[-5,-8]","[""A""]",7,"[""C""]",15.62
coordinate_geometry_0922_open_q1,coordinate_geometry_0922.png,"[""target=B; target_coordinates=[-2, -6]; nearest_labels=['A']; nearest_distance=9.85; farthest_labels=['A']; farthest_distance=9.85""]","[""B""]",B,"[-2,-6]","[""A""]",9.85,"[""A""]",9.85
coordinate_geometry_0923_open_q1,coordinate_geometry_0923.png,"[""target=C; target_coordinates=[1, -1]; nearest_labels=['B']; nearest_distance=2.83; farthest_labels=['A']; farthest_distance=8.49""]","[""C""]",C,"[1,-1]","[""B""]",2.83,"[""A""]",8.49
coordinate_geometry_0924_open_q1,coordinate_geometry_0924.png,"[""target=A; target_coordinates=[-2, -6]; nearest_labels=['D']; nearest_distance=4.12; farthest_labels=['C']; farthest_distance=13.42""]","[""A""]",A,"[-2,-6]","[""D""]",4.12,"[""C""]",13.42
coordinate_geometry_0925_open_q1,coordinate_geometry_0925.png,"[""target=A; target_coordinates=[0, 4]; nearest_labels=['B']; nearest_distance=7.62; farthest_labels=['B']; farthest_distance=7.62""]","[""A""]",A,"[0,4]","[""B""]",7.62,"[""B""]",7.62
coordinate_geometry_0926_open_q1,coordinate_geometry_0926.png,"[""target=A; target_coordinates=[-3, 4]; nearest_labels=['B']; nearest_distance=2.83; farthest_labels=['C']; farthest_distance=11.31""]","[""A""]",A,"[-3,4]","[""B""]",2.83,"[""C""]",11.31
coordinate_geometry_0927_open_q1,coordinate_geometry_0927.png,"[""target=D; target_coordinates=[-1, 4]; nearest_labels=['A']; nearest_distance=3.61; farthest_labels=['C']; farthest_distance=7.62""]","[""D""]",D,"[-1,4]","[""A""]",3.61,"[""C""]",7.62
coordinate_geometry_0928_open_q1,coordinate_geometry_0928.png,"[""target=B; target_coordinates=[7, -1]; nearest_labels=['A']; nearest_distance=11.4; farthest_labels=['A']; farthest_distance=11.4""]","[""B""]",B,"[7,-1]","[""A""]",11.4,"[""A""]",11.4
coordinate_geometry_0929_open_q1,coordinate_geometry_0929.png,"[""target=C; target_coordinates=[3, 1]; nearest_labels=['A']; nearest_distance=9; farthest_labels=['B']; farthest_distance=10.3""]","[""C""]",C,"[3,1]","[""A""]",9,"[""B""]",10.3
coordinate_geometry_0930_open_q1,coordinate_geometry_0930.png,"[""target=A; target_coordinates=[-3, 5]; nearest_labels=['D']; nearest_distance=5; farthest_labels=['B']; farthest_distance=10.77""]","[""A""]",A,"[-3,5]","[""D""]",5,"[""B""]",10.77
coordinate_geometry_0931_open_q1,coordinate_geometry_0931.png,"[""target=A; target_coordinates=[6, -1]; nearest_labels=['B']; nearest_distance=7.07; farthest_labels=['B']; farthest_distance=7.07""]","[""A""]",A,"[6,-1]","[""B""]",7.07,"[""B""]",7.07
coordinate_geometry_0932_open_q1,coordinate_geometry_0932.png,"[""target=C; target_coordinates=[-5, -8]; nearest_labels=['B']; nearest_distance=10.77; farthest_labels=['A']; farthest_distance=20.62""]","[""C""]",C,"[-5,-8]","[""B""]",10.77,"[""A""]",20.62
coordinate_geometry_0933_open_q1,coordinate_geometry_0933.png,"[""target=D; target_coordinates=[2, 3]; nearest_labels=['A']; nearest_distance=7.07; farthest_labels=['B']; farthest_distance=13.45""]","[""D""]",D,"[2,3]","[""A""]",7.07,"[""B""]",13.45
coordinate_geometry_0934_open_q1,coordinate_geometry_0934.png,"[""target=B; target_coordinates=[-6, 0]; nearest_labels=['A']; nearest_distance=8.25; farthest_labels=['A']; farthest_distance=8.25""]","[""B""]",B,"[-6,0]","[""A""]",8.25,"[""A""]",8.25
coordinate_geometry_0935_open_q1,coordinate_geometry_0935.png,"[""target=B; target_coordinates=[-7, 2]; nearest_labels=['C']; nearest_distance=7.21; farthest_labels=['A']; farthest_distance=13.15""]","[""B""]",B,"[-7,2]","[""C""]",7.21,"[""A""]",13.15
coordinate_geometry_0936_open_q1,coordinate_geometry_0936.png,"[""target=B; target_coordinates=[-2, -5]; nearest_labels=['A']; nearest_distance=2.24; farthest_labels=['D']; farthest_distance=12.53""]","[""B""]",B,"[-2,-5]","[""A""]",2.24,"[""D""]",12.53
coordinate_geometry_0937_open_q1,coordinate_geometry_0937.png,"[""target=A; target_coordinates=[-6, 5]; nearest_labels=['B']; nearest_distance=5; farthest_labels=['B']; farthest_distance=5""]","[""A""]",A,"[-6,5]","[""B""]",5,"[""B""]",5
coordinate_geometry_0938_open_q1,coordinate_geometry_0938.png,"[""target=A; target_coordinates=[3, -3]; nearest_labels=['C']; nearest_distance=3.61; farthest_labels=['B']; farthest_distance=5.1""]","[""A""]",A,"[3,-3]","[""C""]",3.61,"[""B""]",5.1
coordinate_geometry_0939_open_q1,coordinate_geometry_0939.png,"[""target=C; target_coordinates=[-8, 2]; nearest_labels=['D']; nearest_distance=2.83; farthest_labels=['B']; farthest_distance=12.21""]","[""C""]",C,"[-8,2]","[""D""]",2.83,"[""B""]",12.21
coordinate_geometry_0940_open_q1,coordinate_geometry_0940.png,"[""target=B; target_coordinates=[1, -7]; nearest_labels=['A']; nearest_distance=9.22; farthest_labels=['A']; farthest_distance=9.22""]","[""B""]",B,"[1,-7]","[""A""]",9.22,"[""A""]",9.22
coordinate_geometry_0941_open_q1,coordinate_geometry_0941.png,"[""target=B; target_coordinates=[2, -7]; nearest_labels=['C']; nearest_distance=9; farthest_labels=['A']; farthest_distance=12.17""]","[""B""]",B,"[2,-7]","[""C""]",9,"[""A""]",12.17
coordinate_geometry_0942_open_q1,coordinate_geometry_0942.png,"[""target=B; target_coordinates=[7, -7]; nearest_labels=['A']; nearest_distance=11.4; farthest_labels=['C']; farthest_distance=15""]","[""B""]",B,"[7,-7]","[""A""]",11.4,"[""C""]",15
coordinate_geometry_0943_open_q1,coordinate_geometry_0943.png,"[""target=B; target_coordinates=[6, 6]; nearest_labels=['A']; nearest_distance=13.45; farthest_labels=['A']; farthest_distance=13.45""]","[""B""]",B,"[6,6]","[""A""]",13.45,"[""A""]",13.45
coordinate_geometry_0944_open_q1,coordinate_geometry_0944.png,"[""target=A; target_coordinates=[8, 3]; nearest_labels=['C']; nearest_distance=10.77; farthest_labels=['B']; farthest_distance=15""]","[""A""]",A,"[8,3]","[""C""]",10.77,"[""B""]",15
coordinate_geometry_0945_open_q1,coordinate_geometry_0945.png,"[""target=A; target_coordinates=[-2, -1]; nearest_labels=['B']; nearest_distance=3; farthest_labels=['C']; farthest_distance=11.4""]","[""A""]",A,"[-2,-1]","[""B""]",3,"[""C""]",11.4
coordinate_geometry_0946_open_q1,coordinate_geometry_0946.png,"[""target=B; target_coordinates=[1, 2]; nearest_labels=['A']; nearest_distance=5.1; farthest_labels=['A']; farthest_distance=5.1""]","[""B""]",B,"[1,2]","[""A""]",5.1,"[""A""]",5.1
coordinate_geometry_0947_open_q1,coordinate_geometry_0947.png,"[""target=B; target_coordinates=[8, -5]; nearest_labels=['A']; nearest_distance=11.31; farthest_labels=['C']; farthest_distance=16.28""]","[""B""]",B,"[8,-5]","[""A""]",11.31,"[""C""]",16.28
coordinate_geometry_0948_open_q1,coordinate_geometry_0948.png,"[""target=A; target_coordinates=[-8, -6]; nearest_labels=['D']; nearest_distance=9.85; farthest_labels=['B']; farthest_distance=11.18""]","[""A""]",A,"[-8,-6]","[""D""]",9.85,"[""B""]",11.18
coordinate_geometry_0949_open_q1,coordinate_geometry_0949.png,"[""target=B; target_coordinates=[0, 0]; nearest_labels=['A']; nearest_distance=3.61; farthest_labels=['A']; farthest_distance=3.61""]","[""B""]",B,"[0,0]","[""A""]",3.61,"[""A""]",3.61
coordinate_geometry_0950_open_q1,coordinate_geometry_0950.png,"[""target=B; target_coordinates=[6, -7]; nearest_labels=['C']; nearest_distance=3.16; farthest_labels=['A']; farthest_distance=5.1""]","[""B""]",B,"[6,-7]","[""C""]",3.16,"[""A""]",5.1
coordinate_geometry_0951_open_q1,coordinate_geometry_0951.png,"[""target=C; target_coordinates=[-5, 5]; nearest_labels=['A']; nearest_distance=5.39; farthest_labels=['D']; farthest_distance=13.34""]","[""C""]",C,"[-5,5]","[""A""]",5.39,"[""D""]",13.34
coordinate_geometry_0952_open_q1,coordinate_geometry_0952.png,"[""target=A; target_coordinates=[-7, 6]; nearest_labels=['B']; nearest_distance=13.93; farthest_labels=['B']; farthest_distance=13.93""]","[""A""]",A,"[-7,6]","[""B""]",13.93,"[""B""]",13.93
coordinate_geometry_0953_open_q1,coordinate_geometry_0953.png,"[""target=A; target_coordinates=[4, -6]; nearest_labels=['C']; nearest_distance=2.24; farthest_labels=['B']; farthest_distance=4.24""]","[""A""]",A,"[4,-6]","[""C""]",2.24,"[""B""]",4.24
coordinate_geometry_0954_open_q1,coordinate_geometry_0954.png,"[""target=A; target_coordinates=[-7, -3]; nearest_labels=['C']; nearest_distance=6.08; farthest_labels=['D']; farthest_distance=15.03""]","[""A""]",A,"[-7,-3]","[""C""]",6.08,"[""D""]",15.03
coordinate_geometry_0955_open_q1,coordinate_geometry_0955.png,"[""target=A; target_coordinates=[6, 0]; nearest_labels=['B']; nearest_distance=4.47; farthest_labels=['B']; farthest_distance=4.47""]","[""A""]",A,"[6,0]","[""B""]",4.47,"[""B""]",4.47
coordinate_geometry_0956_open_q1,coordinate_geometry_0956.png,"[""target=B; target_coordinates=[6, -6]; nearest_labels=['C']; nearest_distance=8.49; farthest_labels=['A']; farthest_distance=14.87""]","[""B""]",B,"[6,-6]","[""C""]",8.49,"[""A""]",14.87
coordinate_geometry_0957_open_q1,coordinate_geometry_0957.png,"[""target=C; target_coordinates=[-7, 4]; nearest_labels=['B']; nearest_distance=8.49; farthest_labels=['A']; farthest_distance=13.6""]","[""C""]",C,"[-7,4]","[""B""]",8.49,"[""A""]",13.6
coordinate_geometry_0958_open_q1,coordinate_geometry_0958.png,"[""target=B; target_coordinates=[5, 4]; nearest_labels=['A']; nearest_distance=5.39; farthest_labels=['A']; farthest_distance=5.39""]","[""B""]",B,"[5,4]","[""A""]",5.39,"[""A""]",5.39
coordinate_geometry_0959_open_q1,coordinate_geometry_0959.png,"[""target=C; target_coordinates=[-6, -6]; nearest_labels=['A']; nearest_distance=11.05; farthest_labels=['B']; farthest_distance=11.18""]","[""C""]",C,"[-6,-6]","[""A""]",11.05,"[""B""]",11.18
coordinate_geometry_0960_open_q1,coordinate_geometry_0960.png,"[""target=B; target_coordinates=[1, 8]; nearest_labels=['D']; nearest_distance=6.08; farthest_labels=['A']; farthest_distance=15.52""]","[""B""]",B,"[1,8]","[""D""]",6.08,"[""A""]",15.52
coordinate_geometry_0961_open_q1,coordinate_geometry_0961.png,"[""target=A; target_coordinates=[8, -7]; nearest_labels=['B']; nearest_distance=17.69; farthest_labels=['B']; farthest_distance=17.69""]","[""A""]",A,"[8,-7]","[""B""]",17.69,"[""B""]",17.69
coordinate_geometry_0962_open_q1,coordinate_geometry_0962.png,"[""target=A; target_coordinates=[-3, 4]; nearest_labels=['B']; nearest_distance=2.24; farthest_labels=['C']; farthest_distance=6.71""]","[""A""]",A,"[-3,4]","[""B""]",2.24,"[""C""]",6.71
coordinate_geometry_0963_open_q1,coordinate_geometry_0963.png,"[""target=D; target_coordinates=[-4, 1]; nearest_labels=['B']; nearest_distance=3.61; farthest_labels=['C']; farthest_distance=8.54""]","[""D""]",D,"[-4,1]","[""B""]",3.61,"[""C""]",8.54
coordinate_geometry_0964_open_q1,coordinate_geometry_0964.png,"[""target=B; target_coordinates=[-1, -2]; nearest_labels=['A']; nearest_distance=7.21; farthest_labels=['A']; farthest_distance=7.21""]","[""B""]",B,"[-1,-2]","[""A""]",7.21,"[""A""]",7.21
coordinate_geometry_0965_open_q1,coordinate_geometry_0965.png,"[""target=A; target_coordinates=[0, 1]; nearest_labels=['B']; nearest_distance=2.24; farthest_labels=['C']; farthest_distance=6.71""]","[""A""]",A,"[0,1]","[""B""]",2.24,"[""C""]",6.71
coordinate_geometry_0966_open_q1,coordinate_geometry_0966.png,"[""target=A; target_coordinates=[-4, -1]; nearest_labels=['B']; nearest_distance=2.83; farthest_labels=['C']; farthest_distance=7.07""]","[""A""]",A,"[-4,-1]","[""B""]",2.83,"[""C""]",7.07
coordinate_geometry_0967_open_q1,coordinate_geometry_0967.png,"[""target=B; target_coordinates=[-6, 8]; nearest_labels=['A']; nearest_distance=5; farthest_labels=['A']; farthest_distance=5""]","[""B""]",B,"[-6,8]","[""A""]",5,"[""A""]",5
coordinate_geometry_0968_open_q1,coordinate_geometry_0968.png,"[""target=C; target_coordinates=[4, -1]; nearest_labels=['B']; nearest_distance=4.47; farthest_labels=['A']; farthest_distance=11.18""]","[""C""]",C,"[4,-1]","[""B""]",4.47,"[""A""]",11.18
coordinate_geometry_0969_open_q1,coordinate_geometry_0969.png,"[""target=C; target_coordinates=[-1, 1]; nearest_labels=['B']; nearest_distance=4.47; farthest_labels=['A']; farthest_distance=6.71""]","[""C""]",C,"[-1,1]","[""B""]",4.47,"[""A""]",6.71
coordinate_geometry_0970_open_q1,coordinate_geometry_0970.png,"[""target=B; target_coordinates=[-4, -2]; nearest_labels=['A']; nearest_distance=3.16; farthest_labels=['A']; farthest_distance=3.16""]","[""B""]",B,"[-4,-2]","[""A""]",3.16,"[""A""]",3.16
coordinate_geometry_0971_open_q1,coordinate_geometry_0971.png,"[""target=B; target_coordinates=[1, -1]; nearest_labels=['C']; nearest_distance=2.24; farthest_labels=['A']; farthest_distance=6.71""]","[""B""]",B,"[1,-1]","[""C""]",2.24,"[""A""]",6.71
coordinate_geometry_0972_open_q1,coordinate_geometry_0972.png,"[""target=A; target_coordinates=[-6, -7]; nearest_labels=['B']; nearest_distance=6.71; farthest_labels=['D']; farthest_distance=16.4""]","[""A""]",A,"[-6,-7]","[""B""]",6.71,"[""D""]",16.4
coordinate_geometry_0973_open_q1,coordinate_geometry_0973.png,"[""target=A; target_coordinates=[-7, 5]; nearest_labels=['B']; nearest_distance=8.6; farthest_labels=['B']; farthest_distance=8.6""]","[""A""]",A,"[-7,5]","[""B""]",8.6,"[""B""]",8.6
coordinate_geometry_0974_open_q1,coordinate_geometry_0974.png,"[""target=C; target_coordinates=[4, 4]; nearest_labels=['B']; nearest_distance=4.47; farthest_labels=['A']; farthest_distance=11.18""]","[""C""]",C,"[4,4]","[""B""]",4.47,"[""A""]",11.18
coordinate_geometry_0975_open_q1,coordinate_geometry_0975.png,"[""target=C; target_coordinates=[1, 3]; nearest_labels=['B']; nearest_distance=5.66; farthest_labels=['A']; farthest_distance=9.9""]","[""C""]",C,"[1,3]","[""B""]",5.66,"[""A""]",9.9
coordinate_geometry_0976_open_q1,coordinate_geometry_0976.png,"[""target=A; target_coordinates=[-2, -7]; nearest_labels=['B']; nearest_distance=14.32; farthest_labels=['B']; farthest_distance=14.32""]","[""A""]",A,"[-2,-7]","[""B""]",14.32,"[""B""]",14.32
coordinate_geometry_0977_open_q1,coordinate_geometry_0977.png,"[""target=C; target_coordinates=[3, 1]; nearest_labels=['B']; nearest_distance=4.47; farthest_labels=['A']; farthest_distance=6.71""]","[""C""]",C,"[3,1]","[""B""]",4.47,"[""A""]",6.71
coordinate_geometry_0978_open_q1,coordinate_geometry_0978.png,"[""target=A; target_coordinates=[-2, -1]; nearest_labels=['B']; nearest_distance=2.24; farthest_labels=['D']; farthest_distance=11.4""]","[""A""]",A,"[-2,-1]","[""B""]",2.24,"[""D""]",11.4
coordinate_geometry_0979_open_q1,coordinate_geometry_0979.png,"[""target=B; target_coordinates=[3, -3]; nearest_labels=['A']; nearest_distance=5.39; farthest_labels=['A']; farthest_distance=5.39""]","[""B""]",B,"[3,-3]","[""A""]",5.39,"[""A""]",5.39
coordinate_geometry_0980_open_q1,coordinate_geometry_0980.png,"[""target=A; target_coordinates=[-5, -8]; nearest_labels=['B']; nearest_distance=2.24; farthest_labels=['C']; farthest_distance=11.18""]","[""A""]",A,"[-5,-8]","[""B""]",2.24,"[""C""]",11.18
coordinate_geometry_0981_open_q1,coordinate_geometry_0981.png,"[""target=C; target_coordinates=[3, -8]; nearest_labels=['B']; nearest_distance=2.24; farthest_labels=['D']; farthest_distance=18.03""]","[""C""]",C,"[3,-8]","[""B""]",2.24,"[""D""]",18.03
coordinate_geometry_0982_open_q1,coordinate_geometry_0982.png,"[""target=B; target_coordinates=[7, 0]; nearest_labels=['A']; nearest_distance=7.21; farthest_labels=['A']; farthest_distance=7.21""]","[""B""]",B,"[7,0]","[""A""]",7.21,"[""A""]",7.21
coordinate_geometry_0983_open_q1,coordinate_geometry_0983.png,"[""target=B; target_coordinates=[-3, -1]; nearest_labels=['A']; nearest_distance=4.47; farthest_labels=['C']; farthest_distance=11.18""]","[""B""]",B,"[-3,-1]","[""A""]",4.47,"[""C""]",11.18
coordinate_geometry_0984_open_q1,coordinate_geometry_0984.png,"[""target=D; target_coordinates=[1, -4]; nearest_labels=['B']; nearest_distance=4.47; farthest_labels=['C']; farthest_distance=8.25""]","[""D""]",D,"[1,-4]","[""B""]",4.47,"[""C""]",8.25
coordinate_geometry_0985_open_q1,coordinate_geometry_0985.png,"[""target=A; target_coordinates=[3, -8]; nearest_labels=['B']; nearest_distance=13.6; farthest_labels=['B']; farthest_distance=13.6""]","[""A""]",A,"[3,-8]","[""B""]",13.6,"[""B""]",13.6
coordinate_geometry_0986_open_q1,coordinate_geometry_0986.png,"[""target=A; target_coordinates=[-2, -5]; nearest_labels=['B']; nearest_distance=2.24; farthest_labels=['C']; farthest_distance=6.71""]","[""A""]",A,"[-2,-5]","[""B""]",2.24,"[""C""]",6.71
coordinate_geometry_0987_open_q1,coordinate_geometry_0987.png,"[""target=D; target_coordinates=[-7, 6]; nearest_labels=['A']; nearest_distance=9.22; farthest_labels=['C']; farthest_distance=17.8""]","[""D""]",D,"[-7,6]","[""A""]",9.22,"[""C""]",17.8
coordinate_geometry_0988_open_q1,coordinate_geometry_0988.png,"[""target=B; target_coordinates=[-1, -6]; nearest_labels=['A']; nearest_distance=4.12; farthest_labels=['A']; farthest_distance=4.12""]","[""B""]",B,"[-1,-6]","[""A""]",4.12,"[""A""]",4.12
coordinate_geometry_0989_open_q1,coordinate_geometry_0989.png,"[""target=A; target_coordinates=[-4, 1]; nearest_labels=['B']; nearest_distance=5.66; farthest_labels=['C']; farthest_distance=6.71""]","[""A""]",A,"[-4,1]","[""B""]",5.66,"[""C""]",6.71
coordinate_geometry_0990_open_q1,coordinate_geometry_0990.png,"[""target=A; target_coordinates=[0, 7]; nearest_labels=['C']; nearest_distance=8.06; farthest_labels=['D']; farthest_distance=17""]","[""A""]",A,"[0,7]","[""C""]",8.06,"[""D""]",17
coordinate_geometry_0991_open_q1,coordinate_geometry_0991.png,"[""target=B; target_coordinates=[0, -3]; nearest_labels=['A']; nearest_distance=5; farthest_labels=['A']; farthest_distance=5""]","[""B""]",B,"[0,-3]","[""A""]",5,"[""A""]",5
coordinate_geometry_0992_open_q1,coordinate_geometry_0992.png,"[""target=C; target_coordinates=[-5, 2]; nearest_labels=['A']; nearest_distance=3; farthest_labels=['B']; farthest_distance=6.08""]","[""C""]",C,"[-5,2]","[""A""]",3,"[""B""]",6.08
coordinate_geometry_0993_open_q1,coordinate_geometry_0993.png,"[""target=B; target_coordinates=[-1, 3]; nearest_labels=['D']; nearest_distance=2.83; farthest_labels=['C']; farthest_distance=6.71""]","[""B""]",B,"[-1,3]","[""D""]",2.83,"[""C""]",6.71
coordinate_geometry_0994_open_q1,coordinate_geometry_0994.png,"[""target=B; target_coordinates=[-7, 8]; nearest_labels=['A']; nearest_distance=12.08; farthest_labels=['A']; farthest_distance=12.08""]","[""B""]",B,"[-7,8]","[""A""]",12.08,"[""A""]",12.08
coordinate_geometry_0995_open_q1,coordinate_geometry_0995.png,"[""target=B; target_coordinates=[1, -5]; nearest_labels=['C']; nearest_distance=9.9; farthest_labels=['A']; farthest_distance=10.2""]","[""B""]",B,"[1,-5]","[""C""]",9.9,"[""A""]",10.2
coordinate_geometry_0996_open_q1,coordinate_geometry_0996.png,"[""target=B; target_coordinates=[-5, 3]; nearest_labels=['A']; nearest_distance=8.94; farthest_labels=['C']; farthest_distance=17.03""]","[""B""]",B,"[-5,3]","[""A""]",8.94,"[""C""]",17.03
coordinate_geometry_0997_open_q1,coordinate_geometry_0997.png,"[""target=A; target_coordinates=[1, 0]; nearest_labels=['B']; nearest_distance=5; farthest_labels=['B']; farthest_distance=5""]","[""A""]",A,"[1,0]","[""B""]",5,"[""B""]",5
coordinate_geometry_0998_open_q1,coordinate_geometry_0998.png,"[""target=A; target_coordinates=[7, -3]; nearest_labels=['C']; nearest_distance=11.18; farthest_labels=['B']; farthest_distance=12.73""]","[""A""]",A,"[7,-3]","[""C""]",11.18,"[""B""]",12.73
coordinate_geometry_0999_open_q1,coordinate_geometry_0999.png,"[""target=B; target_coordinates=[7, -4]; nearest_labels=['C']; nearest_distance=5.1; farthest_labels=['A']; farthest_distance=17.03""]","[""B""]",B,"[7,-4]","[""C""]",5.1,"[""A""]",17.03
coordinate_geometry_1000_open_q1,coordinate_geometry_1000.png,"[""target=A; target_coordinates=[-5, 4]; nearest_labels=['B']; nearest_distance=12.81; farthest_labels=['B']; farthest_distance=12.81""]","[""A""]",A,"[-5,4]","[""B""]",12.81,"[""B""]",12.81
coordinate_geometry_1001_open_q1,coordinate_geometry_1001.png,"[""target=B; target_coordinates=[4, -3]; nearest_labels=['C']; nearest_distance=6.08; farthest_labels=['A']; farthest_distance=6.71""]","[""B""]",B,"[4,-3]","[""C""]",6.08,"[""A""]",6.71
coordinate_geometry_1002_open_q1,coordinate_geometry_1002.png,"[""target=A; target_coordinates=[5, 8]; nearest_labels=['B']; nearest_distance=15; farthest_labels=['C']; farthest_distance=16.16""]","[""A""]",A,"[5,8]","[""B""]",15,"[""C""]",16.16
coordinate_geometry_1003_open_q1,coordinate_geometry_1003.png,"[""target=B; target_coordinates=[6, 6]; nearest_labels=['A']; nearest_distance=7.62; farthest_labels=['A']; farthest_distance=7.62""]","[""B""]",B,"[6,6]","[""A""]",7.62,"[""A""]",7.62
coordinate_geometry_1004_open_q1,coordinate_geometry_1004.png,"[""target=C; target_coordinates=[-7, -4]; nearest_labels=['B']; nearest_distance=7.81; farthest_labels=['A']; farthest_distance=15.13""]","[""C""]",C,"[-7,-4]","[""B""]",7.81,"[""A""]",15.13
coordinate_geometry_1005_open_q1,coordinate_geometry_1005.png,"[""target=A; target_coordinates=[4, 5]; nearest_labels=['B']; nearest_distance=3.61; farthest_labels=['D']; farthest_distance=9.49""]","[""A""]",A,"[4,5]","[""B""]",3.61,"[""D""]",9.49
coordinate_geometry_1006_open_q1,coordinate_geometry_1006.png,"[""target=B; target_coordinates=[-8, -2]; nearest_labels=['A']; nearest_distance=10.63; farthest_labels=['A']; farthest_distance=10.63""]","[""B""]",B,"[-8,-2]","[""A""]",10.63,"[""A""]",10.63
coordinate_geometry_1007_open_q1,coordinate_geometry_1007.png,"[""target=C; target_coordinates=[-7, -7]; nearest_labels=['A']; nearest_distance=5; farthest_labels=['B']; farthest_distance=15.26""]","[""C""]",C,"[-7,-7]","[""A""]",5,"[""B""]",15.26
coordinate_geometry_1008_open_q1,coordinate_geometry_1008.png,"[""target=D; target_coordinates=[-2, -4]; nearest_labels=['C']; nearest_distance=3.61; farthest_labels=['B']; farthest_distance=11.05""]","[""D""]",D,"[-2,-4]","[""C""]",3.61,"[""B""]",11.05
coordinate_geometry_1009_open_q1,coordinate_geometry_1009.png,"[""target=B; target_coordinates=[8, 7]; nearest_labels=['A']; nearest_distance=13.04; farthest_labels=['A']; farthest_distance=13.04""]","[""B""]",B,"[8,7]","[""A""]",13.04,"[""A""]",13.04
coordinate_geometry_1010_open_q1,coordinate_geometry_1010.png,"[""target=A; target_coordinates=[-1, -6]; nearest_labels=['C']; nearest_distance=6.71; farthest_labels=['B']; farthest_distance=12.53""]","[""A""]",A,"[-1,-6]","[""C""]",6.71,"[""B""]",12.53
coordinate_geometry_1011_open_q1,coordinate_geometry_1011.png,"[""target=A; target_coordinates=[-8, 5]; nearest_labels=['B']; nearest_distance=5.1; farthest_labels=['D']; farthest_distance=16.76""]","[""A""]",A,"[-8,5]","[""B""]",5.1,"[""D""]",16.76
coordinate_geometry_1012_open_q1,coordinate_geometry_1012.png,"[""target=B; target_coordinates=[-2, -8]; nearest_labels=['A']; nearest_distance=12.17; farthest_labels=['A']; farthest_distance=12.17""]","[""B""]",B,"[-2,-8]","[""A""]",12.17,"[""A""]",12.17
coordinate_geometry_1013_open_q1,coordinate_geometry_1013.png,"[""target=B; target_coordinates=[-8, 2]; nearest_labels=['C']; nearest_distance=4.47; farthest_labels=['A']; farthest_distance=7.28""]","[""B""]",B,"[-8,2]","[""C""]",4.47,"[""A""]",7.28
coordinate_geometry_1014_open_q1,coordinate_geometry_1014.png,"[""target=D; target_coordinates=[6, 8]; nearest_labels=['A']; nearest_distance=10.63; farthest_labels=['B']; farthest_distance=13.34""]","[""D""]",D,"[6,8]","[""A""]",10.63,"[""B""]",13.34
coordinate_geometry_1015_open_q1,coordinate_geometry_1015.png,"[""target=B; target_coordinates=[8, 4]; nearest_labels=['A']; nearest_distance=7.62; farthest_labels=['A']; farthest_distance=7.62""]","[""B""]",B,"[8,4]","[""A""]",7.62,"[""A""]",7.62
coordinate_geometry_1016_open_q1,coordinate_geometry_1016.png,"[""target=B; target_coordinates=[-3, -6]; nearest_labels=['A']; nearest_distance=11.4; farthest_labels=['C']; farthest_distance=14.32""]","[""B""]",B,"[-3,-6]","[""A""]",11.4,"[""C""]",14.32
coordinate_geometry_1017_open_q1,coordinate_geometry_1017.png,"[""target=D; target_coordinates=[2, 0]; nearest_labels=['C']; nearest_distance=7.62; farthest_labels=['A']; farthest_distance=10.05""]","[""D""]",D,"[2,0]","[""C""]",7.62,"[""A""]",10.05
coordinate_geometry_1018_open_q1,coordinate_geometry_1018.png,"[""target=B; target_coordinates=[-1, 2]; nearest_labels=['A']; nearest_distance=8.6; farthest_labels=['A']; farthest_distance=8.6""]","[""B""]",B,"[-1,2]","[""A""]",8.6,"[""A""]",8.6
coordinate_geometry_1019_open_q1,coordinate_geometry_1019.png,"[""target=C; target_coordinates=[-1, 1]; nearest_labels=['B']; nearest_distance=5; farthest_labels=['A']; farthest_distance=6.08""]","[""C""]",C,"[-1,1]","[""B""]",5,"[""A""]",6.08
coordinate_geometry_1020_open_q1,coordinate_geometry_1020.png,"[""target=A; target_coordinates=[8, 8]; nearest_labels=['B']; nearest_distance=10.63; farthest_labels=['C']; farthest_distance=15.3""]","[""A""]",A,"[8,8]","[""B""]",10.63,"[""C""]",15.3
coordinate_geometry_1021_open_q1,coordinate_geometry_1021.png,"[""target=A; target_coordinates=[-3, -1]; nearest_labels=['B']; nearest_distance=6.71; farthest_labels=['B']; farthest_distance=6.71""]","[""A""]",A,"[-3,-1]","[""B""]",6.71,"[""B""]",6.71
coordinate_geometry_1022_open_q1,coordinate_geometry_1022.png,"[""target=B; target_coordinates=[-2, 0]; nearest_labels=['C']; nearest_distance=4.47; farthest_labels=['A']; farthest_distance=6.71""]","[""B""]",B,"[-2,0]","[""C""]",4.47,"[""A""]",6.71
coordinate_geometry_1023_open_q1,coordinate_geometry_1023.png,"[""target=D; target_coordinates=[8, 7]; nearest_labels=['B']; nearest_distance=9.22; farthest_labels=['C']; farthest_distance=10.44""]","[""D""]",D,"[8,7]","[""B""]",9.22,"[""C""]",10.44
coordinate_geometry_1024_open_q1,coordinate_geometry_1024.png,"[""target=B; target_coordinates=[8, -5]; nearest_labels=['A']; nearest_distance=8.06; farthest_labels=['A']; farthest_distance=8.06""]","[""B""]",B,"[8,-5]","[""A""]",8.06,"[""A""]",8.06
coordinate_geometry_1025_open_q1,coordinate_geometry_1025.png,"[""target=A; target_coordinates=[-3, -8]; nearest_labels=['B']; nearest_distance=8.94; farthest_labels=['C']; farthest_distance=13.42""]","[""A""]",A,"[-3,-8]","[""B""]",8.94,"[""C""]",13.42
coordinate_geometry_1026_open_q1,coordinate_geometry_1026.png,"[""target=D; target_coordinates=[-3, 7]; nearest_labels=['C']; nearest_distance=4.47; farthest_labels=['A']; farthest_distance=10""]","[""D""]",D,"[-3,7]","[""C""]",4.47,"[""A""]",10
coordinate_geometry_1027_open_q1,coordinate_geometry_1027.png,"[""target=B; target_coordinates=[-1, -8]; nearest_labels=['A']; nearest_distance=15.81; farthest_labels=['A']; farthest_distance=15.81""]","[""B""]",B,"[-1,-8]","[""A""]",15.81,"[""A""]",15.81
coordinate_geometry_1028_open_q1,coordinate_geometry_1028.png,"[""target=B; target_coordinates=[0, 2]; nearest_labels=['A']; nearest_distance=2.24; farthest_labels=['C']; farthest_distance=6.71""]","[""B""]",B,"[0,2]","[""A""]",2.24,"[""C""]",6.71
coordinate_geometry_1029_open_q1,coordinate_geometry_1029.png,"[""target=B; target_coordinates=[3, 2]; nearest_labels=['C']; nearest_distance=2.83; farthest_labels=['D']; farthest_distance=8.25""]","[""B""]",B,"[3,2]","[""C""]",2.83,"[""D""]",8.25
coordinate_geometry_1030_open_q1,coordinate_geometry_1030.png,"[""target=A; target_coordinates=[-3, -2]; nearest_labels=['B']; nearest_distance=13.45; farthest_labels=['B']; farthest_distance=13.45""]","[""A""]",A,"[-3,-2]","[""B""]",13.45,"[""B""]",13.45
coordinate_geometry_1031_open_q1,coordinate_geometry_1031.png,"[""target=B; target_coordinates=[4, 0]; nearest_labels=['C']; nearest_distance=2.24; farthest_labels=['A']; farthest_distance=6.71""]","[""B""]",B,"[4,0]","[""C""]",2.24,"[""A""]",6.71
coordinate_geometry_1032_open_q1,coordinate_geometry_1032.png,"[""target=B; target_coordinates=[-3, 2]; nearest_labels=['A']; nearest_distance=2.24; farthest_labels=['D']; farthest_distance=9.06""]","[""B""]",B,"[-3,2]","[""A""]",2.24,"[""D""]",9.06
coordinate_geometry_1033_open_q1,coordinate_geometry_1033.png,"[""target=A; target_coordinates=[0, 6]; nearest_labels=['B']; nearest_distance=13.42; farthest_labels=['B']; farthest_distance=13.42""]","[""A""]",A,"[0,6]","[""B""]",13.42,"[""B""]",13.42
coordinate_geometry_1034_open_q1,coordinate_geometry_1034.png,"[""target=C; target_coordinates=[6, -5]; nearest_labels=['B']; nearest_distance=8.94; farthest_labels=['A']; farthest_distance=11.18""]","[""C""]",C,"[6,-5]","[""B""]",8.94,"[""A""]",11.18
coordinate_geometry_1035_open_q1,coordinate_geometry_1035.png,"[""target=A; target_coordinates=[-5, 4]; nearest_labels=['B']; nearest_distance=2.24; farthest_labels=['D']; farthest_distance=15""]","[""A""]",A,"[-5,4]","[""B""]",2.24,"[""D""]",15
coordinate_geometry_1036_open_q1,coordinate_geometry_1036.png,"[""target=A; target_coordinates=[3, 6]; nearest_labels=['B']; nearest_distance=15.65; farthest_labels=['B']; farthest_distance=15.65""]","[""A""]",A,"[3,6]","[""B""]",15.65,"[""B""]",15.65
coordinate_geometry_1037_open_q1,coordinate_geometry_1037.png,"[""target=B; target_coordinates=[-3, 6]; nearest_labels=['A']; nearest_distance=2.24; farthest_labels=['C']; farthest_distance=13.42""]","[""B""]",B,"[-3,6]","[""A""]",2.24,"[""C""]",13.42
coordinate_geometry_1038_open_q1,coordinate_geometry_1038.png,"[""target=B; target_coordinates=[-2, -2]; nearest_labels=['A']; nearest_distance=2.83; farthest_labels=['D']; farthest_distance=8.94""]","[""B""]",B,"[-2,-2]","[""A""]",2.83,"[""D""]",8.94
coordinate_geometry_1039_open_q1,coordinate_geometry_1039.png,"[""target=A; target_coordinates=[-3, -2]; nearest_labels=['B']; nearest_distance=5.39; farthest_labels=['B']; farthest_distance=5.39""]","[""A""]",A,"[-3,-2]","[""B""]",5.39,"[""B""]",5.39
coordinate_geometry_1040_open_q1,coordinate_geometry_1040.png,"[""target=A; target_coordinates=[-1, -5]; nearest_labels=['B']; nearest_distance=4.47; farthest_labels=['C']; farthest_distance=13.42""]","[""A""]",A,"[-1,-5]","[""B""]",4.47,"[""C""]",13.42
coordinate_geometry_1041_open_q1,coordinate_geometry_1041.png,"[""target=B; target_coordinates=[-4, 4]; nearest_labels=['A']; nearest_distance=4.47; farthest_labels=['D']; farthest_distance=14.21""]","[""B""]",B,"[-4,4]","[""A""]",4.47,"[""D""]",14.21
coordinate_geometry_1042_open_q1,coordinate_geometry_1042.png,"[""target=B; target_coordinates=[2, 1]; nearest_labels=['A']; nearest_distance=8.06; farthest_labels=['A']; farthest_distance=8.06""]","[""B""]",B,"[2,1]","[""A""]",8.06,"[""A""]",8.06
coordinate_geometry_1043_open_q1,coordinate_geometry_1043.png,"[""target=A; target_coordinates=[-5, -3]; nearest_labels=['B']; nearest_distance=4.47; farthest_labels=['C']; farthest_distance=6.71""]","[""A""]",A,"[-5,-3]","[""B""]",4.47,"[""C""]",6.71
coordinate_geometry_1044_open_q1,coordinate_geometry_1044.png,"[""target=D; target_coordinates=[-4, -2]; nearest_labels=['B']; nearest_distance=5.83; farthest_labels=['A']; farthest_distance=9.06""]","[""D""]",D,"[-4,-2]","[""B""]",5.83,"[""A""]",9.06
coordinate_geometry_1045_open_q1,coordinate_geometry_1045.png,"[""target=A; target_coordinates=[5, 6]; nearest_labels=['B']; nearest_distance=11.18; farthest_labels=['B']; farthest_distance=11.18""]","[""A""]",A,"[5,6]","[""B""]",11.18,"[""B""]",11.18
coordinate_geometry_1046_open_q1,coordinate_geometry_1046.png,"[""target=B; target_coordinates=[-3, 3]; nearest_labels=['A']; nearest_distance=2.24; farthest_labels=['C']; farthest_distance=6.71""]","[""B""]",B,"[-3,3]","[""A""]",2.24,"[""C""]",6.71
coordinate_geometry_1047_open_q1,coordinate_geometry_1047.png,"[""target=B; target_coordinates=[0, 0]; nearest_labels=['C']; nearest_distance=4.47; farthest_labels=['A']; farthest_distance=8.94""]","[""B""]",B,"[0,0]","[""C""]",4.47,"[""A""]",8.94
coordinate_geometry_1048_open_q1,coordinate_geometry_1048.png,"[""target=A; target_coordinates=[-3, -2]; nearest_labels=['B']; nearest_distance=5.66; farthest_labels=['B']; farthest_distance=5.66""]","[""A""]",A,"[-3,-2]","[""B""]",5.66,"[""B""]",5.66
coordinate_geometry_1049_open_q1,coordinate_geometry_1049.png,"[""target=A; target_coordinates=[6, -7]; nearest_labels=['C']; nearest_distance=8.06; farthest_labels=['B']; farthest_distance=15.65""]","[""A""]",A,"[6,-7]","[""C""]",8.06,"[""B""]",15.65
coordinate_geometry_1050_open_q1,coordinate_geometry_1050.png,"[""target=A; target_coordinates=[5, 6]; nearest_labels=['B']; nearest_distance=12.17; farthest_labels=['C']; farthest_distance=15""]","[""A""]",A,"[5,6]","[""B""]",12.17,"[""C""]",15
coordinate_geometry_1051_open_q1,coordinate_geometry_1051.png,"[""target=A; target_coordinates=[-5, 0]; nearest_labels=['B']; nearest_distance=12.65; farthest_labels=['B']; farthest_distance=12.65""]","[""A""]",A,"[-5,0]","[""B""]",12.65,"[""B""]",12.65
coordinate_geometry_1052_open_q1,coordinate_geometry_1052.png,"[""target=C; target_coordinates=[6, -2]; nearest_labels=['A']; nearest_distance=11.7; farthest_labels=['B']; farthest_distance=13.45""]","[""C""]",C,"[6,-2]","[""A""]",11.7,"[""B""]",13.45
coordinate_geometry_1053_open_q1,coordinate_geometry_1053.png,"[""target=C; target_coordinates=[5, 2]; nearest_labels=['A']; nearest_distance=2.24; farthest_labels=['D']; farthest_distance=12.53""]","[""C""]",C,"[5,2]","[""A""]",2.24,"[""D""]",12.53
coordinate_geometry_1054_open_q1,coordinate_geometry_1054.png,"[""target=B; target_coordinates=[-3, 2]; nearest_labels=['A']; nearest_distance=5.83; farthest_labels=['A']; farthest_distance=5.83""]","[""B""]",B,"[-3,2]","[""A""]",5.83,"[""A""]",5.83
coordinate_geometry_1055_open_q1,coordinate_geometry_1055.png,"[""target=B; target_coordinates=[0, 8]; nearest_labels=['C']; nearest_distance=4; farthest_labels=['A']; farthest_distance=8.6""]","[""B""]",B,"[0,8]","[""C""]",4,"[""A""]",8.6
coordinate_geometry_1056_open_q1,coordinate_geometry_1056.png,"[""target=A; target_coordinates=[7, -5]; nearest_labels=['D']; nearest_distance=2.24; farthest_labels=['B']; farthest_distance=12.81""]","[""A""]",A,"[7,-5]","[""D""]",2.24,"[""B""]",12.81
coordinate_geometry_1057_open_q1,coordinate_geometry_1057.png,"[""target=B; target_coordinates=[3, -1]; nearest_labels=['A']; nearest_distance=8.49; farthest_labels=['A']; farthest_distance=8.49""]","[""B""]",B,"[3,-1]","[""A""]",8.49,"[""A""]",8.49
coordinate_geometry_1058_open_q1,coordinate_geometry_1058.png,"[""target=A; target_coordinates=[-7, -6]; nearest_labels=['B']; nearest_distance=2.24; farthest_labels=['C']; farthest_distance=14""]","[""A""]",A,"[-7,-6]","[""B""]",2.24,"[""C""]",14
coordinate_geometry_1059_open_q1,coordinate_geometry_1059.png,"[""target=B; target_coordinates=[-8, 5]; nearest_labels=['A']; nearest_distance=6.71; farthest_labels=['D']; farthest_distance=13.04""]","[""B""]",B,"[-8,5]","[""A""]",6.71,"[""D""]",13.04
coordinate_geometry_1060_open_q1,coordinate_geometry_1060.png,"[""target=B; target_coordinates=[-4, -4]; nearest_labels=['A']; nearest_distance=5; farthest_labels=['A']; farthest_distance=5""]","[""B""]",B,"[-4,-4]","[""A""]",5,"[""A""]",5
coordinate_geometry_1061_open_q1,coordinate_geometry_1061.png,"[""target=C; target_coordinates=[-5, -8]; nearest_labels=['A']; nearest_distance=8.06; farthest_labels=['B']; farthest_distance=14.21""]","[""C""]",C,"[-5,-8]","[""A""]",8.06,"[""B""]",14.21
coordinate_geometry_1062_open_q1,coordinate_geometry_1062.png,"[""target=C; target_coordinates=[6, -6]; nearest_labels=['B']; nearest_distance=12.04; farthest_labels=['D']; farthest_distance=19.1""]","[""C""]",C,"[6,-6]","[""B""]",12.04,"[""D""]",19.1
coordinate_geometry_1063_open_q1,coordinate_geometry_1063.png,"[""target=B; target_coordinates=[3, 4]; nearest_labels=['A']; nearest_distance=5.1; farthest_labels=['A']; farthest_distance=5.1""]","[""B""]",B,"[3,4]","[""A""]",5.1,"[""A""]",5.1
coordinate_geometry_1064_open_q1,coordinate_geometry_1064.png,"[""target=A; target_coordinates=[-7, 3]; nearest_labels=['B']; nearest_distance=6.4; farthest_labels=['C']; farthest_distance=7.07""]","[""A""]",A,"[-7,3]","[""B""]",6.4,"[""C""]",7.07
coordinate_geometry_1065_open_q1,coordinate_geometry_1065.png,"[""target=A; target_coordinates=[-4, 0]; nearest_labels=['C']; nearest_distance=4.47; farthest_labels=['D']; farthest_distance=10.05""]","[""A""]",A,"[-4,0]","[""C""]",4.47,"[""D""]",10.05
coordinate_geometry_1066_open_q1,coordinate_geometry_1066.png,"[""target=B; target_coordinates=[8, 1]; nearest_labels=['A']; nearest_distance=3.61; farthest_labels=['A']; farthest_distance=3.61""]","[""B""]",B,"[8,1]","[""A""]",3.61,"[""A""]",3.61
coordinate_geometry_1067_open_q1,coordinate_geometry_1067.png,"[""target=B; target_coordinates=[1, 2]; nearest_labels=['A']; nearest_distance=5.83; farthest_labels=['C']; farthest_distance=7.81""]","[""B""]",B,"[1,2]","[""A""]",5.83,"[""C""]",7.81
coordinate_geometry_1068_open_q1,coordinate_geometry_1068.png,"[""target=B; target_coordinates=[8, 3]; nearest_labels=['C']; nearest_distance=10.05; farthest_labels=['D']; farthest_distance=10.44""]","[""B""]",B,"[8,3]","[""C""]",10.05,"[""D""]",10.44
coordinate_geometry_1069_open_q1,coordinate_geometry_1069.png,"[""target=B; target_coordinates=[7, -6]; nearest_labels=['A']; nearest_distance=17.8; farthest_labels=['A']; farthest_distance=17.8""]","[""B""]",B,"[7,-6]","[""A""]",17.8,"[""A""]",17.8
coordinate_geometry_1070_open_q1,coordinate_geometry_1070.png,"[""target=A; target_coordinates=[-6, 7]; nearest_labels=['B']; nearest_distance=5.39; farthest_labels=['C']; farthest_distance=9.22""]","[""A""]",A,"[-6,7]","[""B""]",5.39,"[""C""]",9.22
coordinate_geometry_1071_open_q1,coordinate_geometry_1071.png,"[""target=A; target_coordinates=[6, 8]; nearest_labels=['D']; nearest_distance=8.6; farthest_labels=['B']; farthest_distance=19.85""]","[""A""]",A,"[6,8]","[""D""]",8.6,"[""B""]",19.85
coordinate_geometry_1072_open_q1,coordinate_geometry_1072.png,"[""target=A; target_coordinates=[-8, 4]; nearest_labels=['B']; nearest_distance=10; farthest_labels=['B']; farthest_distance=10""]","[""A""]",A,"[-8,4]","[""B""]",10,"[""B""]",10
coordinate_geometry_1073_open_q1,coordinate_geometry_1073.png,"[""target=A; target_coordinates=[-8, 3]; nearest_labels=['B']; nearest_distance=10.2; farthest_labels=['C']; farthest_distance=15.13""]","[""A""]",A,"[-8,3]","[""B""]",10.2,"[""C""]",15.13
coordinate_geometry_1074_open_q1,coordinate_geometry_1074.png,"[""target=A; target_coordinates=[7, 2]; nearest_labels=['D']; nearest_distance=9; farthest_labels=['B']; farthest_distance=13""]","[""A""]",A,"[7,2]","[""D""]",9,"[""B""]",13
coordinate_geometry_1075_open_q1,coordinate_geometry_1075.png,"[""target=B; target_coordinates=[8, 1]; nearest_labels=['A']; nearest_distance=12.81; farthest_labels=['A']; farthest_distance=12.81""]","[""B""]",B,"[8,1]","[""A""]",12.81,"[""A""]",12.81
coordinate_geometry_1076_open_q1,coordinate_geometry_1076.png,"[""target=B; target_coordinates=[0, -7]; nearest_labels=['C']; nearest_distance=6.71; farthest_labels=['A']; farthest_distance=15.65""]","[""B""]",B,"[0,-7]","[""C""]",6.71,"[""A""]",15.65
coordinate_geometry_1077_open_q1,coordinate_geometry_1077.png,"[""target=A; target_coordinates=[0, 8]; nearest_labels=['B']; nearest_distance=4.47; farthest_labels=['C']; farthest_distance=10.63""]","[""A""]",A,"[0,8]","[""B""]",4.47,"[""C""]",10.63
coordinate_geometry_1078_open_q1,coordinate_geometry_1078.png,"[""target=B; target_coordinates=[0, -7]; nearest_labels=['A']; nearest_distance=12.53; farthest_labels=['A']; farthest_distance=12.53""]","[""B""]",B,"[0,-7]","[""A""]",12.53,"[""A""]",12.53
coordinate_geometry_1079_open_q1,coordinate_geometry_1079.png,"[""target=B; target_coordinates=[-3, -3]; nearest_labels=['A']; nearest_distance=10.77; farthest_labels=['C']; farthest_distance=12.81""]","[""B""]",B,"[-3,-3]","[""A""]",10.77,"[""C""]",12.81
coordinate_geometry_1080_open_q1,coordinate_geometry_1080.png,"[""target=C; target_coordinates=[8, -1]; nearest_labels=['A']; nearest_distance=7.62; farthest_labels=['B']; farthest_distance=15.13""]","[""C""]",C,"[8,-1]","[""A""]",7.62,"[""B""]",15.13
coordinate_geometry_1081_open_q1,coordinate_geometry_1081.png,"[""target=A; target_coordinates=[8, -6]; nearest_labels=['B']; nearest_distance=16.4; farthest_labels=['B']; farthest_distance=16.4""]","[""A""]",A,"[8,-6]","[""B""]",16.4,"[""B""]",16.4
coordinate_geometry_1082_open_q1,coordinate_geometry_1082.png,"[""target=A; target_coordinates=[-5, -4]; nearest_labels=['B']; nearest_distance=2.24; farthest_labels=['C']; farthest_distance=11.18""]","[""A""]",A,"[-5,-4]","[""B""]",2.24,"[""C""]",11.18
coordinate_geometry_1083_open_q1,coordinate_geometry_1083.png,"[""target=A; target_coordinates=[-5, -5]; nearest_labels=['B']; nearest_distance=2.83; farthest_labels=['D']; farthest_distance=12.37""]","[""A""]",A,"[-5,-5]","[""B""]",2.83,"[""D""]",12.37
coordinate_geometry_1084_open_q1,coordinate_geometry_1084.png,"[""target=A; target_coordinates=[5, 5]; nearest_labels=['B']; nearest_distance=6.32; farthest_labels=['B']; farthest_distance=6.32""]","[""A""]",A,"[5,5]","[""B""]",6.32,"[""B""]",6.32
coordinate_geometry_1085_open_q1,coordinate_geometry_1085.png,"[""target=A; target_coordinates=[-7, -5]; nearest_labels=['B']; nearest_distance=2.24; farthest_labels=['C']; farthest_distance=15.65""]","[""A""]",A,"[-7,-5]","[""B""]",2.24,"[""C""]",15.65
coordinate_geometry_1086_open_q1,coordinate_geometry_1086.png,"[""target=D; target_coordinates=[-2, 1]; nearest_labels=['B']; nearest_distance=4; farthest_labels=['C']; farthest_distance=8.25""]","[""D""]",D,"[-2,1]","[""B""]",4,"[""C""]",8.25
coordinate_geometry_1087_open_q1,coordinate_geometry_1087.png,"[""target=B; target_coordinates=[4, -2]; nearest_labels=['A']; nearest_distance=12.37; farthest_labels=['A']; farthest_distance=12.37""]","[""B""]",B,"[4,-2]","[""A""]",12.37,"[""A""]",12.37
coordinate_geometry_1088_open_q1,coordinate_geometry_1088.png,"[""target=C; target_coordinates=[8, 2]; nearest_labels=['B']; nearest_distance=6.71; farthest_labels=['A']; farthest_distance=8.94""]","[""C""]",C,"[8,2]","[""B""]",6.71,"[""A""]",8.94
coordinate_geometry_1089_open_q1,coordinate_geometry_1089.png,"[""target=C; target_coordinates=[4, -5]; nearest_labels=['B']; nearest_distance=4.47; farthest_labels=['A']; farthest_distance=13.42""]","[""C""]",C,"[4,-5]","[""B""]",4.47,"[""A""]",13.42
coordinate_geometry_1090_open_q1,coordinate_geometry_1090.png,"[""target=B; target_coordinates=[-1, -6]; nearest_labels=['A']; nearest_distance=10.3; farthest_labels=['A']; farthest_distance=10.3""]","[""B""]",B,"[-1,-6]","[""A""]",10.3,"[""A""]",10.3
coordinate_geometry_1091_open_q1,coordinate_geometry_1091.png,"[""target=B; target_coordinates=[4, 1]; nearest_labels=['C']; nearest_distance=2.24; farthest_labels=['A']; farthest_distance=11.18""]","[""B""]",B,"[4,1]","[""C""]",2.24,"[""A""]",11.18
coordinate_geometry_1092_open_q1,coordinate_geometry_1092.png,"[""target=B; target_coordinates=[-1, 4]; nearest_labels=['C']; nearest_distance=2.24; farthest_labels=['D']; farthest_distance=10.2""]","[""B""]",B,"[-1,4]","[""C""]",2.24,"[""D""]",10.2
coordinate_geometry_1093_open_q1,coordinate_geometry_1093.png,"[""target=A; target_coordinates=[4, 3]; nearest_labels=['B']; nearest_distance=7.62; farthest_labels=['B']; farthest_distance=7.62""]","[""A""]",A,"[4,3]","[""B""]",7.62,"[""B""]",7.62
coordinate_geometry_1094_open_q1,coordinate_geometry_1094.png,"[""target=A; target_coordinates=[-4, -6]; nearest_labels=['B']; nearest_distance=6.71; farthest_labels=['C']; farthest_distance=15.65""]","[""A""]",A,"[-4,-6]","[""B""]",6.71,"[""C""]",15.65
coordinate_geometry_1095_open_q1,coordinate_geometry_1095.png,"[""target=A; target_coordinates=[-3, 4]; nearest_labels=['B']; nearest_distance=4.24; farthest_labels=['D']; farthest_distance=12.81""]","[""A""]",A,"[-3,4]","[""B""]",4.24,"[""D""]",12.81
coordinate_geometry_1096_open_q1,coordinate_geometry_1096.png,"[""target=B; target_coordinates=[7, -6]; nearest_labels=['A']; nearest_distance=16.28; farthest_labels=['A']; farthest_distance=16.28""]","[""B""]",B,"[7,-6]","[""A""]",16.28,"[""A""]",16.28
coordinate_geometry_1097_open_q1,coordinate_geometry_1097.png,"[""target=C; target_coordinates=[6, 8]; nearest_labels=['B']; nearest_distance=2.24; farthest_labels=['A']; farthest_distance=11.18""]","[""C""]",C,"[6,8]","[""B""]",2.24,"[""A""]",11.18
coordinate_geometry_1098_open_q1,coordinate_geometry_1098.png,"[""target=C; target_coordinates=[6, 5]; nearest_labels=['B']; nearest_distance=4.47; farthest_labels=['A']; farthest_distance=15.65""]","[""C""]",C,"[6,5]","[""B""]",4.47,"[""A""]",15.65
coordinate_geometry_1099_open_q1,coordinate_geometry_1099.png,"[""target=B; target_coordinates=[7, 6]; nearest_labels=['A']; nearest_distance=12.04; farthest_labels=['A']; farthest_distance=12.04""]","[""B""]",B,"[7,6]","[""A""]",12.04,"[""A""]",12.04
coordinate_geometry_1100_open_q1,coordinate_geometry_1100.png,"[""target=A; target_coordinates=[-3, 3]; nearest_labels=['B']; nearest_distance=2.83; farthest_labels=['C']; farthest_distance=11.31""]","[""A""]",A,"[-3,3]","[""B""]",2.83,"[""C""]",11.31
coordinate_geometry_1101_open_q1,coordinate_geometry_1101.png,"[""target=C; target_coordinates=[6, 4]; nearest_labels=['D']; nearest_distance=5; farthest_labels=['A']; farthest_distance=13.42""]","[""C""]",C,"[6,4]","[""D""]",5,"[""A""]",13.42
coordinate_geometry_1102_open_q1,coordinate_geometry_1102.png,"[""target=A; target_coordinates=[-4, 8]; nearest_labels=['B']; nearest_distance=9.49; farthest_labels=['B']; farthest_distance=9.49""]","[""A""]",A,"[-4,8]","[""B""]",9.49,"[""B""]",9.49
coordinate_geometry_1103_open_q1,coordinate_geometry_1103.png,"[""target=B; target_coordinates=[0, -4]; nearest_labels=['C']; nearest_distance=4.47; farthest_labels=['A']; farthest_distance=6.71""]","[""B""]",B,"[0,-4]","[""C""]",4.47,"[""A""]",6.71
coordinate_geometry_1104_open_q1,coordinate_geometry_1104.png,"[""target=B; target_coordinates=[-1, -2]; nearest_labels=['D']; nearest_distance=4.24; farthest_labels=['C']; farthest_distance=6.71""]","[""B""]",B,"[-1,-2]","[""D""]",4.24,"[""C""]",6.71
coordinate_geometry_1105_open_q1,coordinate_geometry_1105.png,"[""target=A; target_coordinates=[-6, 0]; nearest_labels=['B']; nearest_distance=14.87; farthest_labels=['B']; farthest_distance=14.87""]","[""A""]",A,"[-6,0]","[""B""]",14.87,"[""B""]",14.87
coordinate_geometry_1106_open_q1,coordinate_geometry_1106.png,"[""target=B; target_coordinates=[-5, -2]; nearest_labels=['A']; nearest_distance=2.24; farthest_labels=['C']; farthest_distance=6.71""]","[""B""]",B,"[-5,-2]","[""A""]",2.24,"[""C""]",6.71
coordinate_geometry_1107_open_q1,coordinate_geometry_1107.png,"[""target=A; target_coordinates=[-5, -4]; nearest_labels=['D']; nearest_distance=4.47; farthest_labels=['C']; farthest_distance=11.18""]","[""A""]",A,"[-5,-4]","[""D""]",4.47,"[""C""]",11.18
coordinate_geometry_1108_open_q1,coordinate_geometry_1108.png,"[""target=A; target_coordinates=[1, 6]; nearest_labels=['B']; nearest_distance=5; farthest_labels=['B']; farthest_distance=5""]","[""A""]",A,"[1,6]","[""B""]",5,"[""B""]",5
coordinate_geometry_1109_open_q1,coordinate_geometry_1109.png,"[""target=C; target_coordinates=[-2, 3]; nearest_labels=['B']; nearest_distance=10.82; farthest_labels=['A']; farthest_distance=12.73""]","[""C""]",C,"[-2,3]","[""B""]",10.82,"[""A""]",12.73
coordinate_geometry_1110_open_q1,coordinate_geometry_1110.png,"[""target=C; target_coordinates=[5, -6]; nearest_labels=['D']; nearest_distance=6.08; farthest_labels=['A']; farthest_distance=11.18""]","[""C""]",C,"[5,-6]","[""D""]",6.08,"[""A""]",11.18
coordinate_geometry_1111_open_q1,coordinate_geometry_1111.png,"[""target=B; target_coordinates=[3, 6]; nearest_labels=['A']; nearest_distance=10; farthest_labels=['A']; farthest_distance=10""]","[""B""]",B,"[3,6]","[""A""]",10,"[""A""]",10
coordinate_geometry_1112_open_q1,coordinate_geometry_1112.png,"[""target=B; target_coordinates=[-7, 5]; nearest_labels=['C']; nearest_distance=3.16; farthest_labels=['A']; farthest_distance=7.62""]","[""B""]",B,"[-7,5]","[""C""]",3.16,"[""A""]",7.62
coordinate_geometry_1113_open_q1,coordinate_geometry_1113.png,"[""target=D; target_coordinates=[-1, 3]; nearest_labels=['B']; nearest_distance=2.83; farthest_labels=['A']; farthest_distance=6.08""]","[""D""]",D,"[-1,3]","[""B""]",2.83,"[""A""]",6.08
coordinate_geometry_1114_open_q1,coordinate_geometry_1114.png,"[""target=B; target_coordinates=[8, 5]; nearest_labels=['A']; nearest_distance=2.24; farthest_labels=['A']; farthest_distance=2.24""]","[""B""]",B,"[8,5]","[""A""]",2.24,"[""A""]",2.24
coordinate_geometry_1115_open_q1,coordinate_geometry_1115.png,"[""target=B; target_coordinates=[-2, 4]; nearest_labels=['A']; nearest_distance=12.08; farthest_labels=['C']; farthest_distance=12.17""]","[""B""]",B,"[-2,4]","[""A""]",12.08,"[""C""]",12.17
coordinate_geometry_1116_open_q1,coordinate_geometry_1116.png,"[""target=B; target_coordinates=[1, 8]; nearest_labels=['D']; nearest_distance=6.08; farthest_labels=['A']; farthest_distance=11.4""]","[""B""]",B,"[1,8]","[""D""]",6.08,"[""A""]",11.4
coordinate_geometry_1117_open_q1,coordinate_geometry_1117.png,"[""target=A; target_coordinates=[-7, 1]; nearest_labels=['B']; nearest_distance=9.49; farthest_labels=['B']; farthest_distance=9.49""]","[""A""]",A,"[-7,1]","[""B""]",9.49,"[""B""]",9.49
coordinate_geometry_1118_open_q1,coordinate_geometry_1118.png,"[""target=B; target_coordinates=[8, -5]; nearest_labels=['C']; nearest_distance=11.4; farthest_labels=['A']; farthest_distance=15.13""]","[""B""]",B,"[8,-5]","[""C""]",11.4,"[""A""]",15.13
coordinate_geometry_1119_open_q1,coordinate_geometry_1119.png,"[""target=B; target_coordinates=[-7, -6]; nearest_labels=['D']; nearest_distance=4; farthest_labels=['C']; farthest_distance=16.64""]","[""B""]",B,"[-7,-6]","[""D""]",4,"[""C""]",16.64
coordinate_geometry_1120_open_q1,coordinate_geometry_1120.png,"[""target=A; target_coordinates=[-5, 6]; nearest_labels=['B']; nearest_distance=14.32; farthest_labels=['B']; farthest_distance=14.32""]","[""A""]",A,"[-5,6]","[""B""]",14.32,"[""B""]",14.32
coordinate_geometry_1121_open_q1,coordinate_geometry_1121.png,"[""target=B; target_coordinates=[3, 5]; nearest_labels=['A']; nearest_distance=10.2; farthest_labels=['C']; farthest_distance=13.45""]","[""B""]",B,"[3,5]","[""A""]",10.2,"[""C""]",13.45
coordinate_geometry_1122_open_q1,coordinate_geometry_1122.png,"[""target=A; target_coordinates=[5, 6]; nearest_labels=['C']; nearest_distance=5.39; farthest_labels=['D']; farthest_distance=16.64""]","[""A""]",A,"[5,6]","[""C""]",5.39,"[""D""]",16.64
coordinate_geometry_1123_open_q1,coordinate_geometry_1123.png,"[""target=B; target_coordinates=[-7, -6]; nearest_labels=['A']; nearest_distance=14.76; farthest_labels=['A']; farthest_distance=14.76""]","[""B""]",B,"[-7,-6]","[""A""]",14.76,"[""A""]",14.76
coordinate_geometry_1124_open_q1,coordinate_geometry_1124.png,"[""target=C; target_coordinates=[1, -4]; nearest_labels=['B']; nearest_distance=5.66; farthest_labels=['A']; farthest_distance=12.21""]","[""C""]",C,"[1,-4]","[""B""]",5.66,"[""A""]",12.21
coordinate_geometry_1125_open_q1,coordinate_geometry_1125.png,"[""target=D; target_coordinates=[8, 7]; nearest_labels=['A']; nearest_distance=5; farthest_labels=['C']; farthest_distance=14.21""]","[""D""]",D,"[8,7]","[""A""]",5,"[""C""]",14.21
coordinate_geometry_1126_open_q1,coordinate_geometry_1126.png,"[""target=B; target_coordinates=[0, 0]; nearest_labels=['A']; nearest_distance=8.06; farthest_labels=['A']; farthest_distance=8.06""]","[""B""]",B,"[0,0]","[""A""]",8.06,"[""A""]",8.06
coordinate_geometry_1127_open_q1,coordinate_geometry_1127.png,"[""target=A; target_coordinates=[-3, 8]; nearest_labels=['C']; nearest_distance=7.07; farthest_labels=['B']; farthest_distance=10.82""]","[""A""]",A,"[-3,8]","[""C""]",7.07,"[""B""]",10.82
coordinate_geometry_1128_open_q1,coordinate_geometry_1128.png,"[""target=C; target_coordinates=[-8, 1]; nearest_labels=['B']; nearest_distance=7; farthest_labels=['A']; farthest_distance=11.7""]","[""C""]",C,"[-8,1]","[""B""]",7,"[""A""]",11.7
coordinate_geometry_1129_open_q1,coordinate_geometry_1129.png,"[""target=B; target_coordinates=[-7, -1]; nearest_labels=['A']; nearest_distance=8.06; farthest_labels=['A']; farthest_distance=8.06""]","[""B""]",B,"[-7,-1]","[""A""]",8.06,"[""A""]",8.06
coordinate_geometry_1130_open_q1,coordinate_geometry_1130.png,"[""target=B; target_coordinates=[1, 4]; nearest_labels=['C']; nearest_distance=4.12; farthest_labels=['A']; farthest_distance=6.71""]","[""B""]",B,"[1,4]","[""C""]",4.12,"[""A""]",6.71
coordinate_geometry_1131_open_q1,coordinate_geometry_1131.png,"[""target=A; target_coordinates=[8, -2]; nearest_labels=['B']; nearest_distance=2.24; farthest_labels=['C']; farthest_distance=8.06""]","[""A""]",A,"[8,-2]","[""B""]",2.24,"[""C""]",8.06
coordinate_geometry_1132_open_q1,coordinate_geometry_1132.png,"[""target=A; target_coordinates=[-3, -5]; nearest_labels=['B']; nearest_distance=9.43; farthest_labels=['B']; farthest_distance=9.43""]","[""A""]",A,"[-3,-5]","[""B""]",9.43,"[""B""]",9.43
coordinate_geometry_1133_open_q1,coordinate_geometry_1133.png,"[""target=A; target_coordinates=[0, -2]; nearest_labels=['C']; nearest_distance=7.07; farthest_labels=['B']; farthest_distance=9.85""]","[""A""]",A,"[0,-2]","[""C""]",7.07,"[""B""]",9.85
coordinate_geometry_1134_open_q1,coordinate_geometry_1134.png,"[""target=C; target_coordinates=[3, -6]; nearest_labels=['B']; nearest_distance=6.71; farthest_labels=['D']; farthest_distance=13""]","[""C""]",C,"[3,-6]","[""B""]",6.71,"[""D""]",13
coordinate_geometry_1135_open_q1,coordinate_geometry_1135.png,"[""target=A; target_coordinates=[-4, -2]; nearest_labels=['B']; nearest_distance=2.83; farthest_labels=['B']; farthest_distance=2.83""]","[""A""]",A,"[-4,-2]","[""B""]",2.83,"[""B""]",2.83
coordinate_geometry_1136_open_q1,coordinate_geometry_1136.png,"[""target=B; target_coordinates=[7, 8]; nearest_labels=['C']; nearest_distance=14.87; farthest_labels=['A']; farthest_distance=16.28""]","[""B""]",B,"[7,8]","[""C""]",14.87,"[""A""]",16.28
coordinate_geometry_1137_open_q1,coordinate_geometry_1137.png,"[""target=A; target_coordinates=[-2, 0]; nearest_labels=['D']; nearest_distance=8.06; farthest_labels=['C']; farthest_distance=10""]","[""A""]",A,"[-2,0]","[""D""]",8.06,"[""C""]",10
coordinate_geometry_1138_open_q1,coordinate_geometry_1138.png,"[""target=A; target_coordinates=[1, 5]; nearest_labels=['B']; nearest_distance=5.1; farthest_labels=['B']; farthest_distance=5.1""]","[""A""]",A,"[1,5]","[""B""]",5.1,"[""B""]",5.1
coordinate_geometry_1139_open_q1,coordinate_geometry_1139.png,"[""target=A; target_coordinates=[-4, -1]; nearest_labels=['B']; nearest_distance=2.24; farthest_labels=['C']; farthest_distance=10.77""]","[""A""]",A,"[-4,-1]","[""B""]",2.24,"[""C""]",10.77
coordinate_geometry_1140_open_q1,coordinate_geometry_1140.png,"[""target=A; target_coordinates=[1, -3]; nearest_labels=['C']; nearest_distance=4.12; farthest_labels=['B']; farthest_distance=7.28""]","[""A""]",A,"[1,-3]","[""C""]",4.12,"[""B""]",7.28
coordinate_geometry_1141_open_q1,coordinate_geometry_1141.png,"[""target=B; target_coordinates=[-5, 5]; nearest_labels=['A']; nearest_distance=2.83; farthest_labels=['A']; farthest_distance=2.83""]","[""B""]",B,"[-5,5]","[""A""]",2.83,"[""A""]",2.83
coordinate_geometry_1142_open_q1,coordinate_geometry_1142.png,"[""target=B; target_coordinates=[2, -1]; nearest_labels=['C']; nearest_distance=4.47; farthest_labels=['A']; farthest_distance=6.71""]","[""B""]",B,"[2,-1]","[""C""]",4.47,"[""A""]",6.71
coordinate_geometry_1143_open_q1,coordinate_geometry_1143.png,"[""target=A; target_coordinates=[-5, 1]; nearest_labels=['B']; nearest_distance=6.71; farthest_labels=['C']; farthest_distance=11.18""]","[""A""]",A,"[-5,1]","[""B""]",6.71,"[""C""]",11.18
coordinate_geometry_1144_open_q1,coordinate_geometry_1144.png,"[""target=A; target_coordinates=[7, 7]; nearest_labels=['B']; nearest_distance=14.87; farthest_labels=['B']; farthest_distance=14.87""]","[""A""]",A,"[7,7]","[""B""]",14.87,"[""B""]",14.87
coordinate_geometry_1145_open_q1,coordinate_geometry_1145.png,"[""target=B; target_coordinates=[4, 0]; nearest_labels=['C']; nearest_distance=2.83; farthest_labels=['A']; farthest_distance=8.49""]","[""B""]",B,"[4,0]","[""C""]",2.83,"[""A""]",8.49
coordinate_geometry_1146_open_q1,coordinate_geometry_1146.png,"[""target=D; target_coordinates=[0, 7]; nearest_labels=['B']; nearest_distance=6.71; farthest_labels=['A']; farthest_distance=13.04""]","[""D""]",D,"[0,7]","[""B""]",6.71,"[""A""]",13.04
coordinate_geometry_1147_open_q1,coordinate_geometry_1147.png,"[""target=A; target_coordinates=[0, 8]; nearest_labels=['B']; nearest_distance=15.3; farthest_labels=['B']; farthest_distance=15.3""]","[""A""]",A,"[0,8]","[""B""]",15.3,"[""B""]",15.3
coordinate_geometry_1148_open_q1,coordinate_geometry_1148.png,"[""target=B; target_coordinates=[-2, -6]; nearest_labels=['A']; nearest_distance=2.24; farthest_labels=['C']; farthest_distance=13.42""]","[""B""]",B,"[-2,-6]","[""A""]",2.24,"[""C""]",13.42
coordinate_geometry_1149_open_q1,coordinate_geometry_1149.png,"[""target=C; target_coordinates=[3, 7]; nearest_labels=['B']; nearest_distance=4.47; farthest_labels=['D']; farthest_distance=16.4""]","[""C""]",C,"[3,7]","[""B""]",4.47,"[""D""]",16.4
coordinate_geometry_1150_open_q1,coordinate_geometry_1150.png,"[""target=A; target_coordinates=[-5, -1]; nearest_labels=['B']; nearest_distance=3; farthest_labels=['B']; farthest_distance=3""]","[""A""]",A,"[-5,-1]","[""B""]",3,"[""B""]",3
coordinate_geometry_1151_open_q1,coordinate_geometry_1151.png,"[""target=A; target_coordinates=[-6, 0]; nearest_labels=['B']; nearest_distance=6.71; farthest_labels=['C']; farthest_distance=8.94""]","[""A""]",A,"[-6,0]","[""B""]",6.71,"[""C""]",8.94
coordinate_geometry_1152_open_q1,coordinate_geometry_1152.png,"[""target=C; target_coordinates=[-2, 0]; nearest_labels=['B']; nearest_distance=2.24; farthest_labels=['D']; farthest_distance=7.28""]","[""C""]",C,"[-2,0]","[""B""]",2.24,"[""D""]",7.28
coordinate_geometry_1153_open_q1,coordinate_geometry_1153.png,"[""target=B; target_coordinates=[7, -6]; nearest_labels=['A']; nearest_distance=5.39; farthest_labels=['A']; farthest_distance=5.39""]","[""B""]",B,"[7,-6]","[""A""]",5.39,"[""A""]",5.39
coordinate_geometry_1154_open_q1,coordinate_geometry_1154.png,"[""target=C; target_coordinates=[8, 2]; nearest_labels=['B']; nearest_distance=2.24; farthest_labels=['A']; farthest_distance=15.65""]","[""C""]",C,"[8,2]","[""B""]",2.24,"[""A""]",15.65
coordinate_geometry_1155_open_q1,coordinate_geometry_1155.png,"[""target=A; target_coordinates=[-5, 2]; nearest_labels=['D']; nearest_distance=4.47; farthest_labels=['C']; farthest_distance=9.9""]","[""A""]",A,"[-5,2]","[""D""]",4.47,"[""C""]",9.9
coordinate_geometry_1156_open_q1,coordinate_geometry_1156.png,"[""target=A; target_coordinates=[4, 3]; nearest_labels=['B']; nearest_distance=3.16; farthest_labels=['B']; farthest_distance=3.16""]","[""A""]",A,"[4,3]","[""B""]",3.16,"[""B""]",3.16
coordinate_geometry_1157_open_q1,coordinate_geometry_1157.png,"[""target=C; target_coordinates=[5, 0]; nearest_labels=['B']; nearest_distance=6.71; farthest_labels=['A']; farthest_distance=11.18""]","[""C""]",C,"[5,0]","[""B""]",6.71,"[""A""]",11.18
coordinate_geometry_1158_open_q1,coordinate_geometry_1158.png,"[""target=D; target_coordinates=[5, -1]; nearest_labels=['B']; nearest_distance=3.61; farthest_labels=['A']; farthest_distance=9.9""]","[""D""]",D,"[5,-1]","[""B""]",3.61,"[""A""]",9.9
coordinate_geometry_1159_open_q1,coordinate_geometry_1159.png,"[""target=B; target_coordinates=[2, -8]; nearest_labels=['A']; nearest_distance=7.81; farthest_labels=['A']; farthest_distance=7.81""]","[""B""]",B,"[2,-8]","[""A""]",7.81,"[""A""]",7.81
coordinate_geometry_1160_open_q1,coordinate_geometry_1160.png,"[""target=A; target_coordinates=[0, -2]; nearest_labels=['B']; nearest_distance=4.47; farthest_labels=['C']; farthest_distance=6.71""]","[""A""]",A,"[0,-2]","[""B""]",4.47,"[""C""]",6.71
coordinate_geometry_1161_open_q1,coordinate_geometry_1161.png,"[""target=C; target_coordinates=[5, -4]; nearest_labels=['D']; nearest_distance=3.16; farthest_labels=['A']; farthest_distance=9.9""]","[""C""]",C,"[5,-4]","[""D""]",3.16,"[""A""]",9.9
coordinate_geometry_1162_open_q1,coordinate_geometry_1162.png,"[""target=A; target_coordinates=[-8, 1]; nearest_labels=['B']; nearest_distance=3.61; farthest_labels=['B']; farthest_distance=3.61""]","[""A""]",A,"[-8,1]","[""B""]",3.61,"[""B""]",3.61
coordinate_geometry_1163_open_q1,coordinate_geometry_1163.png,"[""target=B; target_coordinates=[-4, 2]; nearest_labels=['A']; nearest_distance=2.24; farthest_labels=['C']; farthest_distance=8.94""]","[""B""]",B,"[-4,2]","[""A""]",2.24,"[""C""]",8.94
coordinate_geometry_1164_open_q1,coordinate_geometry_1164.png,"[""target=B; target_coordinates=[4, -3]; nearest_labels=['C']; nearest_distance=2.24; farthest_labels=['A']; farthest_distance=6.71""]","[""B""]",B,"[4,-3]","[""C""]",2.24,"[""A""]",6.71
coordinate_geometry_1165_open_q1,coordinate_geometry_1165.png,"[""target=A; target_coordinates=[0, -4]; nearest_labels=['B']; nearest_distance=3.61; farthest_labels=['B']; farthest_distance=3.61""]","[""A""]",A,"[0,-4]","[""B""]",3.61,"[""B""]",3.61
coordinate_geometry_1166_open_q1,coordinate_geometry_1166.png,"[""target=A; target_coordinates=[-3, 0]; nearest_labels=['B']; nearest_distance=2.24; farthest_labels=['C']; farthest_distance=8.94""]","[""A""]",A,"[-3,0]","[""B""]",2.24,"[""C""]",8.94
coordinate_geometry_1167_open_q1,coordinate_geometry_1167.png,"[""target=C; target_coordinates=[0, -1]; nearest_labels=['B']; nearest_distance=4.47; farthest_labels=['D']; farthest_distance=7.07""]","[""C""]",C,"[0,-1]","[""B""]",4.47,"[""D""]",7.07
coordinate_geometry_1168_open_q1,coordinate_geometry_1168.png,"[""target=B; target_coordinates=[-8, 0]; nearest_labels=['A']; nearest_distance=3.16; farthest_labels=['A']; farthest_distance=3.16""]","[""B""]",B,"[-8,0]","[""A""]",3.16,"[""A""]",3.16
coordinate_geometry_1169_open_q1,coordinate_geometry_1169.png,"[""target=C; target_coordinates=[3, -7]; nearest_labels=['B']; nearest_distance=11.18; farthest_labels=['A']; farthest_distance=12.81""]","[""C""]",C,"[3,-7]","[""B""]",11.18,"[""A""]",12.81
coordinate_geometry_1170_open_q1,coordinate_geometry_1170.png,"[""target=C; target_coordinates=[-2, 5]; nearest_labels=['B']; nearest_distance=11.4; farthest_labels=['D']; farthest_distance=14.21""]","[""C""]",C,"[-2,5]","[""B""]",11.4,"[""D""]",14.21
coordinate_geometry_1171_open_q1,coordinate_geometry_1171.png,"[""target=B; target_coordinates=[-8, -2]; nearest_labels=['A']; nearest_distance=13.15; farthest_labels=['A']; farthest_distance=13.15""]","[""B""]",B,"[-8,-2]","[""A""]",13.15,"[""A""]",13.15
coordinate_geometry_1172_open_q1,coordinate_geometry_1172.png,"[""target=C; target_coordinates=[-6, -1]; nearest_labels=['A']; nearest_distance=5.83; farthest_labels=['B']; farthest_distance=8.6""]","[""C""]",C,"[-6,-1]","[""A""]",5.83,"[""B""]",8.6
coordinate_geometry_1173_open_q1,coordinate_geometry_1173.png,"[""target=B; target_coordinates=[3, 8]; nearest_labels=['D']; nearest_distance=9.9; farthest_labels=['C']; farthest_distance=12.08""]","[""B""]",B,"[3,8]","[""D""]",9.9,"[""C""]",12.08
coordinate_geometry_1174_open_q1,coordinate_geometry_1174.png,"[""target=B; target_coordinates=[1, 0]; nearest_labels=['A']; nearest_distance=8; farthest_labels=['A']; farthest_distance=8""]","[""B""]",B,"[1,0]","[""A""]",8,"[""A""]",8
coordinate_geometry_1175_open_q1,coordinate_geometry_1175.png,"[""target=A; target_coordinates=[3, 1]; nearest_labels=['C']; nearest_distance=4; farthest_labels=['B']; farthest_distance=9.49""]","[""A""]",A,"[3,1]","[""C""]",4,"[""B""]",9.49
coordinate_geometry_1176_open_q1,coordinate_geometry_1176.png,"[""target=A; target_coordinates=[-1, -4]; nearest_labels=['D']; nearest_distance=5.1; farthest_labels=['C']; farthest_distance=7.62""]","[""A""]",A,"[-1,-4]","[""D""]",5.1,"[""C""]",7.62
coordinate_geometry_1177_open_q1,coordinate_geometry_1177.png,"[""target=B; target_coordinates=[-1, 5]; nearest_labels=['A']; nearest_distance=15.26; farthest_labels=['A']; farthest_distance=15.26""]","[""B""]",B,"[-1,5]","[""A""]",15.26,"[""A""]",15.26
coordinate_geometry_1178_open_q1,coordinate_geometry_1178.png,"[""target=A; target_coordinates=[2, 0]; nearest_labels=['B']; nearest_distance=6.32; farthest_labels=['C']; farthest_distance=7.21""]","[""A""]",A,"[2,0]","[""B""]",6.32,"[""C""]",7.21
coordinate_geometry_1179_open_q1,coordinate_geometry_1179.png,"[""target=A; target_coordinates=[-5, -1]; nearest_labels=['D']; nearest_distance=6.4; farthest_labels=['B']; farthest_distance=12.37""]","[""A""]",A,"[-5,-1]","[""D""]",6.4,"[""B""]",12.37
coordinate_geometry_1180_open_q1,coordinate_geometry_1180.png,"[""target=A; target_coordinates=[4, 4]; nearest_labels=['B']; nearest_distance=4.12; farthest_labels=['B']; farthest_distance=4.12""]","[""A""]",A,"[4,4]","[""B""]",4.12,"[""B""]",4.12
coordinate_geometry_1181_open_q1,coordinate_geometry_1181.png,"[""target=C; target_coordinates=[8, -7]; nearest_labels=['B']; nearest_distance=6; farthest_labels=['A']; farthest_distance=7.81""]","[""C""]",C,"[8,-7]","[""B""]",6,"[""A""]",7.81
coordinate_geometry_1182_open_q1,coordinate_geometry_1182.png,"[""target=A; target_coordinates=[-7, -5]; nearest_labels=['D']; nearest_distance=8.94; farthest_labels=['B']; farthest_distance=14.76""]","[""A""]",A,"[-7,-5]","[""D""]",8.94,"[""B""]",14.76
coordinate_geometry_1183_open_q1,coordinate_geometry_1183.png,"[""target=B; target_coordinates=[3, -6]; nearest_labels=['A']; nearest_distance=15.62; farthest_labels=['A']; farthest_distance=15.62""]","[""B""]",B,"[3,-6]","[""A""]",15.62,"[""A""]",15.62
coordinate_geometry_1184_open_q1,coordinate_geometry_1184.png,"[""target=B; target_coordinates=[-7, 0]; nearest_labels=['A']; nearest_distance=9.9; farthest_labels=['C']; farthest_distance=15.26""]","[""B""]",B,"[-7,0]","[""A""]",9.9,"[""C""]",15.26
coordinate_geometry_1185_open_q1,coordinate_geometry_1185.png,"[""target=C; target_coordinates=[6, 6]; nearest_labels=['A']; nearest_distance=9.85; farthest_labels=['D']; farthest_distance=13.89""]","[""C""]",C,"[6,6]","[""A""]",9.85,"[""D""]",13.89
coordinate_geometry_1186_open_q1,coordinate_geometry_1186.png,"[""target=B; target_coordinates=[8, 5]; nearest_labels=['A']; nearest_distance=17.2; farthest_labels=['A']; farthest_distance=17.2""]","[""B""]",B,"[8,5]","[""A""]",17.2,"[""A""]",17.2
coordinate_geometry_1187_open_q1,coordinate_geometry_1187.png,"[""target=C; target_coordinates=[3, 1]; nearest_labels=['A']; nearest_distance=5.1; farthest_labels=['B']; farthest_distance=8.54""]","[""C""]",C,"[3,1]","[""A""]",5.1,"[""B""]",8.54
coordinate_geometry_1188_open_q1,coordinate_geometry_1188.png,"[""target=C; target_coordinates=[-8, 8]; nearest_labels=['A']; nearest_distance=7.07; farthest_labels=['B']; farthest_distance=17.49""]","[""C""]",C,"[-8,8]","[""A""]",7.07,"[""B""]",17.49
coordinate_geometry_1189_open_q1,coordinate_geometry_1189.png,"[""target=B; target_coordinates=[4, 8]; nearest_labels=['A']; nearest_distance=7.21; farthest_labels=['A']; farthest_distance=7.21""]","[""B""]",B,"[4,8]","[""A""]",7.21,"[""A""]",7.21
coordinate_geometry_1190_open_q1,coordinate_geometry_1190.png,"[""target=B; target_coordinates=[-7, 2]; nearest_labels=['C']; nearest_distance=15.13; farthest_labels=['A']; farthest_distance=17.49""]","[""B""]",B,"[-7,2]","[""C""]",15.13,"[""A""]",17.49
coordinate_geometry_1191_open_q1,coordinate_geometry_1191.png,"[""target=D; target_coordinates=[6, 7]; nearest_labels=['C']; nearest_distance=7.62; farthest_labels=['B']; farthest_distance=18.6""]","[""D""]",D,"[6,7]","[""C""]",7.62,"[""B""]",18.6
coordinate_geometry_1192_open_q1,coordinate_geometry_1192.png,"[""target=A; target_coordinates=[1, 2]; nearest_labels=['B']; nearest_distance=3.16; farthest_labels=['B']; farthest_distance=3.16""]","[""A""]",A,"[1,2]","[""B""]",3.16,"[""B""]",3.16
coordinate_geometry_1193_open_q1,coordinate_geometry_1193.png,"[""target=A; target_coordinates=[4, 4]; nearest_labels=['C']; nearest_distance=5.1; farthest_labels=['B']; farthest_distance=5.66""]","[""A""]",A,"[4,4]","[""C""]",5.1,"[""B""]",5.66
coordinate_geometry_1194_open_q1,coordinate_geometry_1194.png,"[""target=C; target_coordinates=[8, 5]; nearest_labels=['A']; nearest_distance=5.83; farthest_labels=['B']; farthest_distance=12.04""]","[""C""]",C,"[8,5]","[""A""]",5.83,"[""B""]",12.04
coordinate_geometry_1195_open_q1,coordinate_geometry_1195.png,"[""target=B; target_coordinates=[8, -6]; nearest_labels=['A']; nearest_distance=7.28; farthest_labels=['A']; farthest_distance=7.28""]","[""B""]",B,"[8,-6]","[""A""]",7.28,"[""A""]",7.28
coordinate_geometry_1196_open_q1,coordinate_geometry_1196.png,"[""target=B; target_coordinates=[3, -1]; nearest_labels=['A']; nearest_distance=9.85; farthest_labels=['C']; farthest_distance=12.81""]","[""B""]",B,"[3,-1]","[""A""]",9.85,"[""C""]",12.81
coordinate_geometry_1197_open_q1,coordinate_geometry_1197.png,"[""target=B; target_coordinates=[-2, 5]; nearest_labels=['D']; nearest_distance=5.39; farthest_labels=['A']; farthest_distance=13.04""]","[""B""]",B,"[-2,5]","[""D""]",5.39,"[""A""]",13.04
coordinate_geometry_1198_open_q1,coordinate_geometry_1198.png,"[""target=A; target_coordinates=[5, 7]; nearest_labels=['B']; nearest_distance=12.17; farthest_labels=['B']; farthest_distance=12.17""]","[""A""]",A,"[5,7]","[""B""]",12.17,"[""B""]",12.17
coordinate_geometry_1199_open_q1,coordinate_geometry_1199.png,"[""target=A; target_coordinates=[8, -1]; nearest_labels=['C']; nearest_distance=4.47; farthest_labels=['B']; farthest_distance=5.83""]","[""A""]",A,"[8,-1]","[""C""]",4.47,"[""B""]",5.83
coordinate_geometry_1200_open_q1,coordinate_geometry_1200.png,"[""target=B; target_coordinates=[-6, -2]; nearest_labels=['C']; nearest_distance=7.81; farthest_labels=['D']; farthest_distance=15.26""]","[""B""]",B,"[-6,-2]","[""C""]",7.81,"[""D""]",15.26
coordinate_geometry_1201_open_q1,coordinate_geometry_1201.png,"[""target=A; target_coordinates=[3, -4]; nearest_labels=['B']; nearest_distance=10.05; farthest_labels=['B']; farthest_distance=10.05""]","[""A""]",A,"[3,-4]","[""B""]",10.05,"[""B""]",10.05
coordinate_geometry_1202_open_q1,coordinate_geometry_1202.png,"[""target=A; target_coordinates=[-8, 4]; nearest_labels=['B']; nearest_distance=6.71; farthest_labels=['C']; farthest_distance=17.89""]","[""A""]",A,"[-8,4]","[""B""]",6.71,"[""C""]",17.89
coordinate_geometry_1203_open_q1,coordinate_geometry_1203.png,"[""target=C; target_coordinates=[-1, 1]; nearest_labels=['B']; nearest_distance=2.24; farthest_labels=['D']; farthest_distance=12.04""]","[""C""]",C,"[-1,1]","[""B""]",2.24,"[""D""]",12.04
coordinate_geometry_1204_open_q1,coordinate_geometry_1204.png,"[""target=B; target_coordinates=[-1, 5]; nearest_labels=['A']; nearest_distance=6.4; farthest_labels=['A']; farthest_distance=6.4""]","[""B""]",B,"[-1,5]","[""A""]",6.4,"[""A""]",6.4
coordinate_geometry_1205_open_q1,coordinate_geometry_1205.png,"[""target=A; target_coordinates=[-7, 6]; nearest_labels=['B']; nearest_distance=11.18; farthest_labels=['C']; farthest_distance=15.65""]","[""A""]",A,"[-7,6]","[""B""]",11.18,"[""C""]",15.65
coordinate_geometry_1206_open_q1,coordinate_geometry_1206.png,"[""target=B; target_coordinates=[4, 3]; nearest_labels=['C']; nearest_distance=4.47; farthest_labels=['D']; farthest_distance=9.22""]","[""B""]",B,"[4,3]","[""C""]",4.47,"[""D""]",9.22
coordinate_geometry_1207_open_q1,coordinate_geometry_1207.png,"[""target=B; target_coordinates=[1, -1]; nearest_labels=['A']; nearest_distance=10.82; farthest_labels=['A']; farthest_distance=10.82""]","[""B""]",B,"[1,-1]","[""A""]",10.82,"[""A""]",10.82
coordinate_geometry_1208_open_q1,coordinate_geometry_1208.png,"[""target=B; target_coordinates=[5, -1]; nearest_labels=['C']; nearest_distance=2.24; farthest_labels=['A']; farthest_distance=8.94""]","[""B""]",B,"[5,-1]","[""C""]",2.24,"[""A""]",8.94
coordinate_geometry_1209_open_q1,coordinate_geometry_1209.png,"[""target=B; target_coordinates=[1, 3]; nearest_labels=['C']; nearest_distance=4.47; farthest_labels=['D']; farthest_distance=8""]","[""B""]",B,"[1,3]","[""C""]",4.47,"[""D""]",8
coordinate_geometry_1210_open_q1,coordinate_geometry_1210.png,"[""target=B; target_coordinates=[-8, 5]; nearest_labels=['A']; nearest_distance=19.21; farthest_labels=['A']; farthest_distance=19.21""]","[""B""]",B,"[-8,5]","[""A""]",19.21,"[""A""]",19.21
coordinate_geometry_1211_open_q1,coordinate_geometry_1211.png,"[""target=C; target_coordinates=[1, -8]; nearest_labels=['B']; nearest_distance=6.71; farthest_labels=['A']; farthest_distance=11.18""]","[""C""]",C,"[1,-8]","[""B""]",6.71,"[""A""]",11.18
coordinate_geometry_1212_open_q1,coordinate_geometry_1212.png,"[""target=B; target_coordinates=[2, 2]; nearest_labels=['C']; nearest_distance=4.47; farthest_labels=['A']; farthest_distance=6.71""]","[""B""]",B,"[2,2]","[""C""]",4.47,"[""A""]",6.71
coordinate_geometry_1213_open_q1,coordinate_geometry_1213.png,"[""target=A; target_coordinates=[-4, 2]; nearest_labels=['B']; nearest_distance=8.94; farthest_labels=['B']; farthest_distance=8.94""]","[""A""]",A,"[-4,2]","[""B""]",8.94,"[""B""]",8.94
coordinate_geometry_1214_open_q1,coordinate_geometry_1214.png,"[""target=A; target_coordinates=[-3, 0]; nearest_labels=['B']; nearest_distance=4.47; farthest_labels=['C']; farthest_distance=11.18""]","[""A""]",A,"[-3,0]","[""B""]",4.47,"[""C""]",11.18
coordinate_geometry_1215_open_q1,coordinate_geometry_1215.png,"[""target=B; target_coordinates=[0, 1]; nearest_labels=['C']; nearest_distance=2.24; farthest_labels=['A']; farthest_distance=8.94""]","[""B""]",B,"[0,1]","[""C""]",2.24,"[""A""]",8.94
coordinate_geometry_1216_open_q1,coordinate_geometry_1216.png,"[""target=B; target_coordinates=[-6, 5]; nearest_labels=['A']; nearest_distance=7.07; farthest_labels=['A']; farthest_distance=7.07""]","[""B""]",B,"[-6,5]","[""A""]",7.07,"[""A""]",7.07
coordinate_geometry_1217_open_q1,coordinate_geometry_1217.png,"[""target=C; target_coordinates=[3, 2]; nearest_labels=['B']; nearest_distance=3; farthest_labels=['A']; farthest_distance=8""]","[""C""]",C,"[3,2]","[""B""]",3,"[""A""]",8
coordinate_geometry_1218_open_q1,coordinate_geometry_1218.png,"[""target=A; target_coordinates=[-7, 3]; nearest_labels=['D']; nearest_distance=6.4; farthest_labels=['C']; farthest_distance=8.94""]","[""A""]",A,"[-7,3]","[""D""]",6.4,"[""C""]",8.94
coordinate_geometry_1219_open_q1,coordinate_geometry_1219.png,"[""target=A; target_coordinates=[-2, 3]; nearest_labels=['B']; nearest_distance=5.66; farthest_labels=['B']; farthest_distance=5.66""]","[""A""]",A,"[-2,3]","[""B""]",5.66,"[""B""]",5.66
coordinate_geometry_1220_open_q1,coordinate_geometry_1220.png,"[""target=B; target_coordinates=[0, 1]; nearest_labels=['A']; nearest_distance=6.71; farthest_labels=['C']; farthest_distance=8.94""]","[""B""]",B,"[0,1]","[""A""]",6.71,"[""C""]",8.94
coordinate_geometry_1221_open_q1,coordinate_geometry_1221.png,"[""target=A; target_coordinates=[-4, -2]; nearest_labels=['B']; nearest_distance=6.71; farthest_labels=['D']; farthest_distance=12.17""]","[""A""]",A,"[-4,-2]","[""B""]",6.71,"[""D""]",12.17
coordinate_geometry_1222_open_q1,coordinate_geometry_1222.png,"[""target=B; target_coordinates=[2, 7]; nearest_labels=['A']; nearest_distance=15.3; farthest_labels=['A']; farthest_distance=15.3""]","[""B""]",B,"[2,7]","[""A""]",15.3,"[""A""]",15.3
coordinate_geometry_1223_open_q1,coordinate_geometry_1223.png,"[""target=B; target_coordinates=[3, -4]; nearest_labels=['C']; nearest_distance=2.24; farthest_labels=['A']; farthest_distance=13.42""]","[""B""]",B,"[3,-4]","[""C""]",2.24,"[""A""]",13.42
coordinate_geometry_1224_open_q1,coordinate_geometry_1224.png,"[""target=A; target_coordinates=[-2, -2]; nearest_labels=['B']; nearest_distance=2.24; farthest_labels=['D']; farthest_distance=8.6""]","[""A""]",A,"[-2,-2]","[""B""]",2.24,"[""D""]",8.6
coordinate_geometry_1225_open_q1,coordinate_geometry_1225.png,"[""target=A; target_coordinates=[2, 7]; nearest_labels=['B']; nearest_distance=14; farthest_labels=['B']; farthest_distance=14""]","[""A""]",A,"[2,7]","[""B""]",14,"[""B""]",14
coordinate_geometry_1226_open_q1,coordinate_geometry_1226.png,"[""target=A; target_coordinates=[-1, 0]; nearest_labels=['B']; nearest_distance=6.71; farthest_labels=['C']; farthest_distance=8.94""]","[""A""]",A,"[-1,0]","[""B""]",6.71,"[""C""]",8.94
coordinate_geometry_1227_open_q1,coordinate_geometry_1227.png,"[""target=D; target_coordinates=[-4, 6]; nearest_labels=['A']; nearest_distance=8.49; farthest_labels=['C']; farthest_distance=15""]","[""D""]",D,"[-4,6]","[""A""]",8.49,"[""C""]",15
coordinate_geometry_1228_open_q1,coordinate_geometry_1228.png,"[""target=A; target_coordinates=[-3, 3]; nearest_labels=['B']; nearest_distance=8; farthest_labels=['B']; farthest_distance=8""]","[""A""]",A,"[-3,3]","[""B""]",8,"[""B""]",8
coordinate_geometry_1229_open_q1,coordinate_geometry_1229.png,"[""target=C; target_coordinates=[-3, 3]; nearest_labels=['A']; nearest_distance=3.61; farthest_labels=['B']; farthest_distance=7.81""]","[""C""]",C,"[-3,3]","[""A""]",3.61,"[""B""]",7.81
coordinate_geometry_1230_open_q1,coordinate_geometry_1230.png,"[""target=B; target_coordinates=[0, 5]; nearest_labels=['D']; nearest_distance=10.2; farthest_labels=['A']; farthest_distance=11.66""]","[""B""]",B,"[0,5]","[""D""]",10.2,"[""A""]",11.66
coordinate_geometry_1231_open_q1,coordinate_geometry_1231.png,"[""target=B; target_coordinates=[5, 4]; nearest_labels=['A']; nearest_distance=12.08; farthest_labels=['A']; farthest_distance=12.08""]","[""B""]",B,"[5,4]","[""A""]",12.08,"[""A""]",12.08
coordinate_geometry_1232_open_q1,coordinate_geometry_1232.png,"[""target=A; target_coordinates=[1, 4]; nearest_labels=['C']; nearest_distance=4; farthest_labels=['B']; farthest_distance=12.08""]","[""A""]",A,"[1,4]","[""C""]",4,"[""B""]",12.08
coordinate_geometry_1233_open_q1,coordinate_geometry_1233.png,"[""target=A; target_coordinates=[8, 1]; nearest_labels=['B']; nearest_distance=11; farthest_labels=['C']; farthest_distance=16.49""]","[""A""]",A,"[8,1]","[""B""]",11,"[""C""]",16.49
coordinate_geometry_1234_open_q1,coordinate_geometry_1234.png,"[""target=B; target_coordinates=[3, -1]; nearest_labels=['A']; nearest_distance=9.85; farthest_labels=['A']; farthest_distance=9.85""]","[""B""]",B,"[3,-1]","[""A""]",9.85,"[""A""]",9.85
coordinate_geometry_1235_open_q1,coordinate_geometry_1235.png,"[""target=B; target_coordinates=[-4, 3]; nearest_labels=['C']; nearest_distance=10.3; farthest_labels=['A']; farthest_distance=11.05""]","[""B""]",B,"[-4,3]","[""C""]",10.3,"[""A""]",11.05
coordinate_geometry_1236_open_q1,coordinate_geometry_1236.png,"[""target=D; target_coordinates=[1, -8]; nearest_labels=['A']; nearest_distance=10; farthest_labels=['C']; farthest_distance=13.42""]","[""D""]",D,"[1,-8]","[""A""]",10,"[""C""]",13.42
coordinate_geometry_1237_open_q1,coordinate_geometry_1237.png,"[""target=A; target_coordinates=[1, -1]; nearest_labels=['B']; nearest_distance=4.47; farthest_labels=['B']; farthest_distance=4.47""]","[""A""]",A,"[1,-1]","[""B""]",4.47,"[""B""]",4.47
coordinate_geometry_1238_open_q1,coordinate_geometry_1238.png,"[""target=A; target_coordinates=[-2, 3]; nearest_labels=['C']; nearest_distance=5.39; farthest_labels=['B']; farthest_distance=9.43""]","[""A""]",A,"[-2,3]","[""C""]",5.39,"[""B""]",9.43
coordinate_geometry_1239_open_q1,coordinate_geometry_1239.png,"[""target=C; target_coordinates=[7, 7]; nearest_labels=['D']; nearest_distance=11.18; farthest_labels=['B']; farthest_distance=18.44""]","[""C""]",C,"[7,7]","[""D""]",11.18,"[""B""]",18.44
coordinate_geometry_1240_open_q1,coordinate_geometry_1240.png,"[""target=B; target_coordinates=[8, -7]; nearest_labels=['A']; nearest_distance=15.81; farthest_labels=['A']; farthest_distance=15.81""]","[""B""]",B,"[8,-7]","[""A""]",15.81,"[""A""]",15.81
coordinate_geometry_1241_open_q1,coordinate_geometry_1241.png,"[""target=C; target_coordinates=[-2, 7]; nearest_labels=['B']; nearest_distance=7.62; farthest_labels=['A']; farthest_distance=12.73""]","[""C""]",C,"[-2,7]","[""B""]",7.62,"[""A""]",12.73
coordinate_geometry_1242_open_q1,coordinate_geometry_1242.png,"[""target=C; target_coordinates=[-8, 7]; nearest_labels=['B']; nearest_distance=3.61; farthest_labels=['D']; farthest_distance=11.18""]","[""C""]",C,"[-8,7]","[""B""]",3.61,"[""D""]",11.18
coordinate_geometry_1243_open_q1,coordinate_geometry_1243.png,"[""target=A; target_coordinates=[3, -8]; nearest_labels=['B']; nearest_distance=16.12; farthest_labels=['B']; farthest_distance=16.12""]","[""A""]",A,"[3,-8]","[""B""]",16.12,"[""B""]",16.12
coordinate_geometry_1244_open_q1,coordinate_geometry_1244.png,"[""target=A; target_coordinates=[-5, 7]; nearest_labels=['B']; nearest_distance=9.85; farthest_labels=['C']; farthest_distance=14.76""]","[""A""]",A,"[-5,7]","[""B""]",9.85,"[""C""]",14.76
coordinate_geometry_1245_open_q1,coordinate_geometry_1245.png,"[""target=D; target_coordinates=[8, 4]; nearest_labels=['C']; nearest_distance=5; farthest_labels=['A']; farthest_distance=12""]","[""D""]",D,"[8,4]","[""C""]",5,"[""A""]",12
coordinate_geometry_1246_open_q1,coordinate_geometry_1246.png,"[""target=B; target_coordinates=[1, -7]; nearest_labels=['A']; nearest_distance=7.62; farthest_labels=['A']; farthest_distance=7.62""]","[""B""]",B,"[1,-7]","[""A""]",7.62,"[""A""]",7.62
coordinate_geometry_1247_open_q1,coordinate_geometry_1247.png,"[""target=A; target_coordinates=[-6, 2]; nearest_labels=['C']; nearest_distance=3.16; farthest_labels=['B']; farthest_distance=12.17""]","[""A""]",A,"[-6,2]","[""C""]",3.16,"[""B""]",12.17
coordinate_geometry_1248_open_q1,coordinate_geometry_1248.png,"[""target=C; target_coordinates=[4, 3]; nearest_labels=['B']; nearest_distance=5.1; farthest_labels=['D']; farthest_distance=9.06""]","[""C""]",C,"[4,3]","[""B""]",5.1,"[""D""]",9.06
coordinate_geometry_1249_open_q1,coordinate_geometry_1249.png,"[""target=B; target_coordinates=[4, 5]; nearest_labels=['A']; nearest_distance=10.63; farthest_labels=['A']; farthest_distance=10.63""]","[""B""]",B,"[4,5]","[""A""]",10.63,"[""A""]",10.63
coordinate_geometry_1250_open_q1,coordinate_geometry_1250.png,"[""target=A; target_coordinates=[-3, 0]; nearest_labels=['B']; nearest_distance=5.1; farthest_labels=['C']; farthest_distance=7.62""]","[""A""]",A,"[-3,0]","[""B""]",5.1,"[""C""]",7.62
coordinate_geometry_1251_open_q1,coordinate_geometry_1251.png,"[""target=A; target_coordinates=[-8, 2]; nearest_labels=['B']; nearest_distance=11.4; farthest_labels=['C']; farthest_distance=13.6""]","[""A""]",A,"[-8,2]","[""B""]",11.4,"[""C""]",13.6
coordinate_geometry_1252_open_q1,coordinate_geometry_1252.png,"[""target=B; target_coordinates=[-7, 3]; nearest_labels=['A']; nearest_distance=8.94; farthest_labels=['A']; farthest_distance=8.94""]","[""B""]",B,"[-7,3]","[""A""]",8.94,"[""A""]",8.94
coordinate_geometry_1253_open_q1,coordinate_geometry_1253.png,"[""target=B; target_coordinates=[-3, -8]; nearest_labels=['A']; nearest_distance=13; farthest_labels=['C']; farthest_distance=14.87""]","[""B""]",B,"[-3,-8]","[""A""]",13,"[""C""]",14.87
coordinate_geometry_1254_open_q1,coordinate_geometry_1254.png,"[""target=C; target_coordinates=[-3, -7]; nearest_labels=['D']; nearest_distance=14.21; farthest_labels=['A']; farthest_distance=15.3""]","[""C""]",C,"[-3,-7]","[""D""]",14.21,"[""A""]",15.3
coordinate_geometry_1255_open_q1,coordinate_geometry_1255.png,"[""target=B; target_coordinates=[-5, 6]; nearest_labels=['A']; nearest_distance=14.14; farthest_labels=['A']; farthest_distance=14.14""]","[""B""]",B,"[-5,6]","[""A""]",14.14,"[""A""]",14.14
coordinate_geometry_1256_open_q1,coordinate_geometry_1256.png,"[""target=C; target_coordinates=[3, -6]; nearest_labels=['B']; nearest_distance=6.32; farthest_labels=['A']; farthest_distance=14.42""]","[""C""]",C,"[3,-6]","[""B""]",6.32,"[""A""]",14.42
coordinate_geometry_1257_open_q1,coordinate_geometry_1257.png,"[""target=B; target_coordinates=[-1, 7]; nearest_labels=['A']; nearest_distance=4.12; farthest_labels=['D']; farthest_distance=15.26""]","[""B""]",B,"[-1,7]","[""A""]",4.12,"[""D""]",15.26
coordinate_geometry_1258_open_q1,coordinate_geometry_1258.png,"[""target=B; target_coordinates=[-3, 8]; nearest_labels=['A']; nearest_distance=10.82; farthest_labels=['A']; farthest_distance=10.82""]","[""B""]",B,"[-3,8]","[""A""]",10.82,"[""A""]",10.82
coordinate_geometry_1259_open_q1,coordinate_geometry_1259.png,"[""target=C; target_coordinates=[6, -2]; nearest_labels=['A']; nearest_distance=12.04; farthest_labels=['B']; farthest_distance=14.87""]","[""C""]",C,"[6,-2]","[""A""]",12.04,"[""B""]",14.87
coordinate_geometry_1260_open_q1,coordinate_geometry_1260.png,"[""target=D; target_coordinates=[-4, -7]; nearest_labels=['C']; nearest_distance=4.12; farthest_labels=['B']; farthest_distance=16.28""]","[""D""]",D,"[-4,-7]","[""C""]",4.12,"[""B""]",16.28
coordinate_geometry_1261_open_q1,coordinate_geometry_1261.png,"[""target=B; target_coordinates=[-8, -1]; nearest_labels=['A']; nearest_distance=6.71; farthest_labels=['A']; farthest_distance=6.71""]","[""B""]",B,"[-8,-1]","[""A""]",6.71,"[""A""]",6.71
coordinate_geometry_1262_open_q1,coordinate_geometry_1262.png,"[""target=A; target_coordinates=[-3, -8]; nearest_labels=['B']; nearest_distance=8.94; farthest_labels=['C']; farthest_distance=11.18""]","[""A""]",A,"[-3,-8]","[""B""]",8.94,"[""C""]",11.18
coordinate_geometry_1263_open_q1,coordinate_geometry_1263.png,"[""target=A; target_coordinates=[-4, -2]; nearest_labels=['B']; nearest_distance=2.24; farthest_labels=['C']; farthest_distance=6.71""]","[""A""]",A,"[-4,-2]","[""B""]",2.24,"[""C""]",6.71
coordinate_geometry_1264_open_q1,coordinate_geometry_1264.png,"[""target=B; target_coordinates=[6, 5]; nearest_labels=['A']; nearest_distance=2.83; farthest_labels=['A']; farthest_distance=2.83""]","[""B""]",B,"[6,5]","[""A""]",2.83,"[""A""]",2.83
coordinate_geometry_1265_open_q1,coordinate_geometry_1265.png,"[""target=C; target_coordinates=[7, 4]; nearest_labels=['B']; nearest_distance=4.47; farthest_labels=['A']; farthest_distance=15.65""]","[""C""]",C,"[7,4]","[""B""]",4.47,"[""A""]",15.65
coordinate_geometry_1266_open_q1,coordinate_geometry_1266.png,"[""target=A; target_coordinates=[-6, -1]; nearest_labels=['B']; nearest_distance=2.24; farthest_labels=['D']; farthest_distance=11.18""]","[""A""]",A,"[-6,-1]","[""B""]",2.24,"[""D""]",11.18
coordinate_geometry_1267_open_q1,coordinate_geometry_1267.png,"[""target=B; target_coordinates=[5, 1]; nearest_labels=['A']; nearest_distance=5; farthest_labels=['A']; farthest_distance=5""]","[""B""]",B,"[5,1]","[""A""]",5,"[""A""]",5
coordinate_geometry_1268_open_q1,coordinate_geometry_1268.png,"[""target=A; target_coordinates=[-2, 8]; nearest_labels=['B']; nearest_distance=6.71; farthest_labels=['C']; farthest_distance=15.65""]","[""A""]",A,"[-2,8]","[""B""]",6.71,"[""C""]",15.65
coordinate_geometry_1269_open_q1,coordinate_geometry_1269.png,"[""target=A; target_coordinates=[-1, 4]; nearest_labels=['B']; nearest_distance=7.07; farthest_labels=['C']; farthest_distance=9.9""]","[""A""]",A,"[-1,4]","[""B""]",7.07,"[""C""]",9.9
coordinate_geometry_1270_open_q1,coordinate_geometry_1270.png,"[""target=B; target_coordinates=[3, 7]; nearest_labels=['A']; nearest_distance=15.13; farthest_labels=['A']; farthest_distance=15.13""]","[""B""]",B,"[3,7]","[""A""]",15.13,"[""A""]",15.13
coordinate_geometry_1271_open_q1,coordinate_geometry_1271.png,"[""target=B; target_coordinates=[-4, 2]; nearest_labels=['A']; nearest_distance=4.47; farthest_labels=['C']; farthest_distance=11.18""]","[""B""]",B,"[-4,2]","[""A""]",4.47,"[""C""]",11.18
coordinate_geometry_1272_open_q1,coordinate_geometry_1272.png,"[""target=B; target_coordinates=[-1, 3]; nearest_labels=['A']; nearest_distance=2.24; farthest_labels=['D']; farthest_distance=10.82""]","[""B""]",B,"[-1,3]","[""A""]",2.24,"[""D""]",10.82
coordinate_geometry_1273_open_q1,coordinate_geometry_1273.png,"[""target=A; target_coordinates=[-8, 6]; nearest_labels=['B']; nearest_distance=16.12; farthest_labels=['B']; farthest_distance=16.12""]","[""A""]",A,"[-8,6]","[""B""]",16.12,"[""B""]",16.12
coordinate_geometry_1274_open_q1,coordinate_geometry_1274.png,"[""target=C; target_coordinates=[1, 6]; nearest_labels=['B']; nearest_distance=6.71; farthest_labels=['A']; farthest_distance=11.18""]","[""C""]",C,"[1,6]","[""B""]",6.71,"[""A""]",11.18
coordinate_geometry_1275_open_q1,coordinate_geometry_1275.png,"[""target=A; target_coordinates=[-6, -2]; nearest_labels=['D']; nearest_distance=8.49; farthest_labels=['C']; farthest_distance=11.18""]","[""A""]",A,"[-6,-2]","[""D""]",8.49,"[""C""]",11.18
coordinate_geometry_1276_open_q1,coordinate_geometry_1276.png,"[""target=A; target_coordinates=[3, -4]; nearest_labels=['B']; nearest_distance=10; farthest_labels=['B']; farthest_distance=10""]","[""A""]",A,"[3,-4]","[""B""]",10,"[""B""]",10
coordinate_geometry_1277_open_q1,coordinate_geometry_1277.png,"[""target=A; target_coordinates=[-8, 6]; nearest_labels=['B']; nearest_distance=11.18; farthest_labels=['C']; farthest_distance=13.42""]","[""A""]",A,"[-8,6]","[""B""]",11.18,"[""C""]",13.42
coordinate_geometry_1278_open_q1,coordinate_geometry_1278.png,"[""target=C; target_coordinates=[4, 4]; nearest_labels=['D']; nearest_distance=9.22; farthest_labels=['A']; farthest_distance=13.42""]","[""C""]",C,"[4,4]","[""D""]",9.22,"[""A""]",13.42
coordinate_geometry_1279_open_q1,coordinate_geometry_1279.png,"[""target=B; target_coordinates=[2, -5]; nearest_labels=['A']; nearest_distance=8.06; farthest_labels=['A']; farthest_distance=8.06""]","[""B""]",B,"[2,-5]","[""A""]",8.06,"[""A""]",8.06
coordinate_geometry_1280_open_q1,coordinate_geometry_1280.png,"[""target=B; target_coordinates=[-1, 0]; nearest_labels=['A']; nearest_distance=6.71; farthest_labels=['C']; farthest_distance=8.94""]","[""B""]",B,"[-1,0]","[""A""]",6.71,"[""C""]",8.94
coordinate_geometry_1281_open_q1,coordinate_geometry_1281.png,"[""target=C; target_coordinates=[4, -7]; nearest_labels=['D']; nearest_distance=5.39; farthest_labels=['A']; farthest_distance=13.42""]","[""C""]",C,"[4,-7]","[""D""]",5.39,"[""A""]",13.42
coordinate_geometry_1282_open_q1,coordinate_geometry_1282.png,"[""target=B; target_coordinates=[6, -4]; nearest_labels=['A']; nearest_distance=8.25; farthest_labels=['A']; farthest_distance=8.25""]","[""B""]",B,"[6,-4]","[""A""]",8.25,"[""A""]",8.25
coordinate_geometry_1283_open_q1,coordinate_geometry_1283.png,"[""target=A; target_coordinates=[-3, 0]; nearest_labels=['B']; nearest_distance=2.24; farthest_labels=['C']; farthest_distance=8.94""]","[""A""]",A,"[-3,0]","[""B""]",2.24,"[""C""]",8.94
coordinate_geometry_1284_open_q1,coordinate_geometry_1284.png,"[""target=D; target_coordinates=[1, 7]; nearest_labels=['C']; nearest_distance=4.12; farthest_labels=['A']; farthest_distance=13""]","[""D""]",D,"[1,7]","[""C""]",4.12,"[""A""]",13
coordinate_geometry_1285_open_q1,coordinate_geometry_1285.png,"[""target=A; target_coordinates=[4, -1]; nearest_labels=['B']; nearest_distance=7.07; farthest_labels=['B']; farthest_distance=7.07""]","[""A""]",A,"[4,-1]","[""B""]",7.07,"[""B""]",7.07
coordinate_geometry_1286_open_q1,coordinate_geometry_1286.png,"[""target=C; target_coordinates=[3, -8]; nearest_labels=['B']; nearest_distance=4.47; farthest_labels=['A']; farthest_distance=15.65""]","[""C""]",C,"[3,-8]","[""B""]",4.47,"[""A""]",15.65
coordinate_geometry_1287_open_q1,coordinate_geometry_1287.png,"[""target=C; target_coordinates=[5, 7]; nearest_labels=['B']; nearest_distance=2.24; farthest_labels=['A']; farthest_distance=15.65""]","[""C""]",C,"[5,7]","[""B""]",2.24,"[""A""]",15.65
coordinate_geometry_1288_open_q1,coordinate_geometry_1288.png,"[""target=A; target_coordinates=[-7, 7]; nearest_labels=['B']; nearest_distance=10.77; farthest_labels=['B']; farthest_distance=10.77""]","[""A""]",A,"[-7,7]","[""B""]",10.77,"[""B""]",10.77
coordinate_geometry_1289_open_q1,coordinate_geometry_1289.png,"[""target=A; target_coordinates=[-4, -4]; nearest_labels=['C']; nearest_distance=11.7; farthest_labels=['B']; farthest_distance=13.04""]","[""A""]",A,"[-4,-4]","[""C""]",11.7,"[""B""]",13.04
coordinate_geometry_1290_open_q1,coordinate_geometry_1290.png,"[""target=A; target_coordinates=[4, 4]; nearest_labels=['C']; nearest_distance=5.83; farthest_labels=['D']; farthest_distance=12.08""]","[""A""]",A,"[4,4]","[""C""]",5.83,"[""D""]",12.08
coordinate_geometry_1291_open_q1,coordinate_geometry_1291.png,"[""target=A; target_coordinates=[6, -7]; nearest_labels=['B']; nearest_distance=2.24; farthest_labels=['B']; farthest_distance=2.24""]","[""A""]",A,"[6,-7]","[""B""]",2.24,"[""B""]",2.24
coordinate_geometry_1292_open_q1,coordinate_geometry_1292.png,"[""target=A; target_coordinates=[-4, 8]; nearest_labels=['B']; nearest_distance=11; farthest_labels=['C']; farthest_distance=16.49""]","[""A""]",A,"[-4,8]","[""B""]",11,"[""C""]",16.49
coordinate_geometry_1293_open_q1,coordinate_geometry_1293.png,"[""target=D; target_coordinates=[-2, 0]; nearest_labels=['C']; nearest_distance=5; farthest_labels=['B']; farthest_distance=9""]","[""D""]",D,"[-2,0]","[""C""]",5,"[""B""]",9
coordinate_geometry_1294_open_q1,coordinate_geometry_1294.png,"[""target=A; target_coordinates=[-1, -7]; nearest_labels=['B']; nearest_distance=8.06; farthest_labels=['B']; farthest_distance=8.06""]","[""A""]",A,"[-1,-7]","[""B""]",8.06,"[""B""]",8.06
coordinate_geometry_1295_open_q1,coordinate_geometry_1295.png,"[""target=B; target_coordinates=[-2, -6]; nearest_labels=['A']; nearest_distance=10.2; farthest_labels=['C']; farthest_distance=12.21""]","[""B""]",B,"[-2,-6]","[""A""]",10.2,"[""C""]",12.21
coordinate_geometry_1296_open_q1,coordinate_geometry_1296.png,"[""target=B; target_coordinates=[6, 4]; nearest_labels=['C']; nearest_distance=12.65; farthest_labels=['A']; farthest_distance=17.03""]","[""B""]",B,"[6,4]","[""C""]",12.65,"[""A""]",17.03
coordinate_geometry_1297_open_q1,coordinate_geometry_1297.png,"[""target=B; target_coordinates=[7, 6]; nearest_labels=['A']; nearest_distance=12; farthest_labels=['A']; farthest_distance=12""]","[""B""]",B,"[7,6]","[""A""]",12,"[""A""]",12
coordinate_geometry_1298_open_q1,coordinate_geometry_1298.png,"[""target=A; target_coordinates=[4, -1]; nearest_labels=['B']; nearest_distance=2.83; farthest_labels=['C']; farthest_distance=11.05""]","[""A""]",A,"[4,-1]","[""B""]",2.83,"[""C""]",11.05
coordinate_geometry_1299_open_q1,coordinate_geometry_1299.png,"[""target=B; target_coordinates=[-6, 6]; nearest_labels=['C']; nearest_distance=14.04; farthest_labels=['A']; farthest_distance=18.44""]","[""B""]",B,"[-6,6]","[""C""]",14.04,"[""A""]",18.44
coordinate_geometry_1300_open_q1,coordinate_geometry_1300.png,"[""target=A; target_coordinates=[4, -8]; nearest_labels=['B']; nearest_distance=16.28; farthest_labels=['B']; farthest_distance=16.28""]","[""A""]",A,"[4,-8]","[""B""]",16.28,"[""B""]",16.28
coordinate_geometry_1301_open_q1,coordinate_geometry_1301.png,"[""target=B; target_coordinates=[-8, 0]; nearest_labels=['A']; nearest_distance=11.18; farthest_labels=['C']; farthest_distance=15.81""]","[""B""]",B,"[-8,0]","[""A""]",11.18,"[""C""]",15.81
coordinate_geometry_1302_open_q1,coordinate_geometry_1302.png,"[""target=A; target_coordinates=[8, 6]; nearest_labels=['B']; nearest_distance=2.83; farthest_labels=['C']; farthest_distance=14.21""]","[""A""]",A,"[8,6]","[""B""]",2.83,"[""C""]",14.21
coordinate_geometry_1303_open_q1,coordinate_geometry_1303.png,"[""target=A; target_coordinates=[0, -8]; nearest_labels=['B']; nearest_distance=6.4; farthest_labels=['B']; farthest_distance=6.4""]","[""A""]",A,"[0,-8]","[""B""]",6.4,"[""B""]",6.4
coordinate_geometry_1304_open_q1,coordinate_geometry_1304.png,"[""target=C; target_coordinates=[-7, 1]; nearest_labels=['A']; nearest_distance=5.1; farthest_labels=['B']; farthest_distance=8.06""]","[""C""]",C,"[-7,1]","[""A""]",5.1,"[""B""]",8.06
coordinate_geometry_1305_open_q1,coordinate_geometry_1305.png,"[""target=A; target_coordinates=[4, 0]; nearest_labels=['C']; nearest_distance=3; farthest_labels=['D']; farthest_distance=10.82""]","[""A""]",A,"[4,0]","[""C""]",3,"[""D""]",10.82
coordinate_geometry_1306_open_q1,coordinate_geometry_1306.png,"[""target=A; target_coordinates=[7, -5]; nearest_labels=['B']; nearest_distance=11.66; farthest_labels=['B']; farthest_distance=11.66""]","[""A""]",A,"[7,-5]","[""B""]",11.66,"[""B""]",11.66
coordinate_geometry_1307_open_q1,coordinate_geometry_1307.png,"[""target=A; target_coordinates=[8, 4]; nearest_labels=['C']; nearest_distance=3.61; farthest_labels=['B']; farthest_distance=5.39""]","[""A""]",A,"[8,4]","[""C""]",3.61,"[""B""]",5.39
coordinate_geometry_1308_open_q1,coordinate_geometry_1308.png,"[""target=D; target_coordinates=[2, 7]; nearest_labels=['C']; nearest_distance=11.18; farthest_labels=['B']; farthest_distance=12.37""]","[""D""]",D,"[2,7]","[""C""]",11.18,"[""B""]",12.37
coordinate_geometry_1309_open_q1,coordinate_geometry_1309.png,"[""target=A; target_coordinates=[2, -1]; nearest_labels=['B']; nearest_distance=9.22; farthest_labels=['B']; farthest_distance=9.22""]","[""A""]",A,"[2,-1]","[""B""]",9.22,"[""B""]",9.22
coordinate_geometry_1310_open_q1,coordinate_geometry_1310.png,"[""target=B; target_coordinates=[5, 1]; nearest_labels=['C']; nearest_distance=3.61; farthest_labels=['A']; farthest_distance=10.3""]","[""B""]",B,"[5,1]","[""C""]",3.61,"[""A""]",10.3
coordinate_geometry_1311_open_q1,coordinate_geometry_1311.png,"[""target=B; target_coordinates=[6, -6]; nearest_labels=['A']; nearest_distance=4; farthest_labels=['C']; farthest_distance=8.25""]","[""B""]",B,"[6,-6]","[""A""]",4,"[""C""]",8.25
coordinate_geometry_1312_open_q1,coordinate_geometry_1312.png,"[""target=B; target_coordinates=[8, -3]; nearest_labels=['A']; nearest_distance=8.25; farthest_labels=['A']; farthest_distance=8.25""]","[""B""]",B,"[8,-3]","[""A""]",8.25,"[""A""]",8.25
coordinate_geometry_1313_open_q1,coordinate_geometry_1313.png,"[""target=A; target_coordinates=[-2, 3]; nearest_labels=['B']; nearest_distance=2.83; farthest_labels=['C']; farthest_distance=10""]","[""A""]",A,"[-2,3]","[""B""]",2.83,"[""C""]",10
coordinate_geometry_1314_open_q1,coordinate_geometry_1314.png,"[""target=D; target_coordinates=[-2, 8]; nearest_labels=['B']; nearest_distance=4.47; farthest_labels=['C']; farthest_distance=13.34""]","[""D""]",D,"[-2,8]","[""B""]",4.47,"[""C""]",13.34
coordinate_geometry_1315_open_q1,coordinate_geometry_1315.png,"[""target=B; target_coordinates=[0, 5]; nearest_labels=['A']; nearest_distance=8.06; farthest_labels=['A']; farthest_distance=8.06""]","[""B""]",B,"[0,5]","[""A""]",8.06,"[""A""]",8.06
coordinate_geometry_1316_open_q1,coordinate_geometry_1316.png,"[""target=A; target_coordinates=[-8, 0]; nearest_labels=['B']; nearest_distance=7.81; farthest_labels=['C']; farthest_distance=8.94""]","[""A""]",A,"[-8,0]","[""B""]",7.81,"[""C""]",8.94
coordinate_geometry_1317_open_q1,coordinate_geometry_1317.png,"[""target=D; target_coordinates=[8, -2]; nearest_labels=['A']; nearest_distance=6.71; farthest_labels=['B']; farthest_distance=14.21""]","[""D""]",D,"[8,-2]","[""A""]",6.71,"[""B""]",14.21
coordinate_geometry_1318_open_q1,coordinate_geometry_1318.png,"[""target=A; target_coordinates=[6, 2]; nearest_labels=['B']; nearest_distance=4.24; farthest_labels=['B']; farthest_distance=4.24""]","[""A""]",A,"[6,2]","[""B""]",4.24,"[""B""]",4.24
coordinate_geometry_1319_open_q1,coordinate_geometry_1319.png,"[""target=B; target_coordinates=[6, -8]; nearest_labels=['A']; nearest_distance=2.24; farthest_labels=['C']; farthest_distance=11.66""]","[""B""]",B,"[6,-8]","[""A""]",2.24,"[""C""]",11.66
coordinate_geometry_1320_open_q1,coordinate_geometry_1320.png,"[""target=C; target_coordinates=[-8, -7]; nearest_labels=['B']; nearest_distance=5; farthest_labels=['A']; farthest_distance=12.65""]","[""C""]",C,"[-8,-7]","[""B""]",5,"[""A""]",12.65
coordinate_geometry_1321_open_q1,coordinate_geometry_1321.png,"[""target=B; target_coordinates=[1, -4]; nearest_labels=['A']; nearest_distance=3.61; farthest_labels=['A']; farthest_distance=3.61""]","[""B""]",B,"[1,-4]","[""A""]",3.61,"[""A""]",3.61
coordinate_geometry_1322_open_q1,coordinate_geometry_1322.png,"[""target=B; target_coordinates=[-6, -5]; nearest_labels=['A']; nearest_distance=2.24; farthest_labels=['C']; farthest_distance=15.65""]","[""B""]",B,"[-6,-5]","[""A""]",2.24,"[""C""]",15.65
coordinate_geometry_1323_open_q1,coordinate_geometry_1323.png,"[""target=B; target_coordinates=[0, -2]; nearest_labels=['A']; nearest_distance=2.24; farthest_labels=['C']; farthest_distance=6.71""]","[""B""]",B,"[0,-2]","[""A""]",2.24,"[""C""]",6.71
coordinate_geometry_1324_open_q1,coordinate_geometry_1324.png,"[""target=A; target_coordinates=[4, 2]; nearest_labels=['B']; nearest_distance=7.28; farthest_labels=['B']; farthest_distance=7.28""]","[""A""]",A,"[4,2]","[""B""]",7.28,"[""B""]",7.28
coordinate_geometry_1325_open_q1,coordinate_geometry_1325.png,"[""target=A; target_coordinates=[-3, -6]; nearest_labels=['B']; nearest_distance=5.66; farthest_labels=['C']; farthest_distance=9.9""]","[""A""]",A,"[-3,-6]","[""B""]",5.66,"[""C""]",9.9
coordinate_geometry_1326_open_q1,coordinate_geometry_1326.png,"[""target=B; target_coordinates=[1, -2]; nearest_labels=['A']; nearest_distance=2.83; farthest_labels=['D']; farthest_distance=10.77""]","[""B""]",B,"[1,-2]","[""A""]",2.83,"[""D""]",10.77
coordinate_geometry_1327_open_q1,coordinate_geometry_1327.png,"[""target=B; target_coordinates=[-5, -7]; nearest_labels=['A']; nearest_distance=15.81; farthest_labels=['A']; farthest_distance=15.81""]","[""B""]",B,"[-5,-7]","[""A""]",15.81,"[""A""]",15.81
coordinate_geometry_1328_open_q1,coordinate_geometry_1328.png,"[""target=A; target_coordinates=[0, 1]; nearest_labels=['B']; nearest_distance=2.24; farthest_labels=['C']; farthest_distance=6.71""]","[""A""]",A,"[0,1]","[""B""]",2.24,"[""C""]",6.71
coordinate_geometry_1329_open_q1,coordinate_geometry_1329.png,"[""target=B; target_coordinates=[3, 2]; nearest_labels=['C']; nearest_distance=2.83; farthest_labels=['D']; farthest_distance=11.4""]","[""B""]",B,"[3,2]","[""C""]",2.83,"[""D""]",11.4
coordinate_geometry_1330_open_q1,coordinate_geometry_1330.png,"[""target=B; target_coordinates=[7, 5]; nearest_labels=['A']; nearest_distance=14.14; farthest_labels=['A']; farthest_distance=14.14""]","[""B""]",B,"[7,5]","[""A""]",14.14,"[""A""]",14.14
coordinate_geometry_1331_open_q1,coordinate_geometry_1331.png,"[""target=A; target_coordinates=[-1, 3]; nearest_labels=['B']; nearest_distance=2.24; farthest_labels=['C']; farthest_distance=6.71""]","[""A""]",A,"[-1,3]","[""B""]",2.24,"[""C""]",6.71
coordinate_geometry_1332_open_q1,coordinate_geometry_1332.png,"[""target=B; target_coordinates=[-2, -4]; nearest_labels=['A']; nearest_distance=2.24; farthest_labels=['C']; farthest_distance=6.71""]","[""B""]",B,"[-2,-4]","[""A""]",2.24,"[""C""]",6.71
coordinate_geometry_1333_open_q1,coordinate_geometry_1333.png,"[""target=B; target_coordinates=[7, 0]; nearest_labels=['A']; nearest_distance=13.04; farthest_labels=['A']; farthest_distance=13.04""]","[""B""]",B,"[7,0]","[""A""]",13.04,"[""A""]",13.04
coordinate_geometry_1334_open_q1,coordinate_geometry_1334.png,"[""target=B; target_coordinates=[-4, 0]; nearest_labels=['A']; nearest_distance=2.24; farthest_labels=['C']; farthest_distance=6.71""]","[""B""]",B,"[-4,0]","[""A""]",2.24,"[""C""]",6.71
coordinate_geometry_1335_open_q1,coordinate_geometry_1335.png,"[""target=A; target_coordinates=[-5, 1]; nearest_labels=['B']; nearest_distance=2.24; farthest_labels=['C']; farthest_distance=6.71""]","[""A""]",A,"[-5,1]","[""B""]",2.24,"[""C""]",6.71
coordinate_geometry_1336_open_q1,coordinate_geometry_1336.png,"[""target=B; target_coordinates=[8, -5]; nearest_labels=['A']; nearest_distance=8.25; farthest_labels=['A']; farthest_distance=8.25""]","[""B""]",B,"[8,-5]","[""A""]",8.25,"[""A""]",8.25
coordinate_geometry_1337_open_q1,coordinate_geometry_1337.png,"[""target=B; target_coordinates=[-1, -2]; nearest_labels=['A']; nearest_distance=2.24; farthest_labels=['C']; farthest_distance=4.47""]","[""B""]",B,"[-1,-2]","[""A""]",2.24,"[""C""]",4.47
coordinate_geometry_1338_open_q1,coordinate_geometry_1338.png,"[""target=A; target_coordinates=[1, 0]; nearest_labels=['B']; nearest_distance=2.24; farthest_labels=['C']; farthest_distance=8.94""]","[""A""]",A,"[1,0]","[""B""]",2.24,"[""C""]",8.94
coordinate_geometry_1339_open_q1,coordinate_geometry_1339.png,"[""target=A; target_coordinates=[0, -7]; nearest_labels=['B']; nearest_distance=12.21; farthest_labels=['B']; farthest_distance=12.21""]","[""A""]",A,"[0,-7]","[""B""]",12.21,"[""B""]",12.21
coordinate_geometry_1340_open_q1,coordinate_geometry_1340.png,"[""target=C; target_coordinates=[0, 4]; nearest_labels=['B']; nearest_distance=2.83; farthest_labels=['A']; farthest_distance=8.49""]","[""C""]",C,"[0,4]","[""B""]",2.83,"[""A""]",8.49
coordinate_geometry_1341_open_q1,coordinate_geometry_1341.png,"[""target=C; target_coordinates=[6, -6]; nearest_labels=['B']; nearest_distance=8.94; farthest_labels=['A']; farthest_distance=15.65""]","[""C""]",C,"[6,-6]","[""B""]",8.94,"[""A""]",15.65
coordinate_geometry_1342_open_q1,coordinate_geometry_1342.png,"[""target=B; target_coordinates=[-1, -2]; nearest_labels=['A']; nearest_distance=11.4; farthest_labels=['A']; farthest_distance=11.4""]","[""B""]",B,"[-1,-2]","[""A""]",11.4,"[""A""]",11.4
coordinate_geometry_1343_open_q1,coordinate_geometry_1343.png,"[""target=C; target_coordinates=[8, 3]; nearest_labels=['B']; nearest_distance=8.94; farthest_labels=['A']; farthest_distance=13.42""]","[""C""]",C,"[8,3]","[""B""]",8.94,"[""A""]",13.42
coordinate_geometry_1344_open_q1,coordinate_geometry_1344.png,"[""target=D; target_coordinates=[-5, -1]; nearest_labels=['A']; nearest_distance=4.47; farthest_labels=['C']; farthest_distance=10.77""]","[""D""]",D,"[-5,-1]","[""A""]",4.47,"[""C""]",10.77
coordinate_geometry_1345_open_q1,coordinate_geometry_1345.png,"[""target=B; target_coordinates=[-2, 2]; nearest_labels=['A']; nearest_distance=10; farthest_labels=['A']; farthest_distance=10""]","[""B""]",B,"[-2,2]","[""A""]",10,"[""A""]",10
coordinate_geometry_1346_open_q1,coordinate_geometry_1346.png,"[""target=C; target_coordinates=[2, 6]; nearest_labels=['B']; nearest_distance=4.24; farthest_labels=['A']; farthest_distance=11.31""]","[""C""]",C,"[2,6]","[""B""]",4.24,"[""A""]",11.31
coordinate_geometry_1347_open_q1,coordinate_geometry_1347.png,"[""target=A; target_coordinates=[-1, -4]; nearest_labels=['B']; nearest_distance=2.83; farthest_labels=['C']; farthest_distance=9.9""]","[""A""]",A,"[-1,-4]","[""B""]",2.83,"[""C""]",9.9
coordinate_geometry_1348_open_q1,coordinate_geometry_1348.png,"[""target=A; target_coordinates=[-2, 6]; nearest_labels=['B']; nearest_distance=11.05; farthest_labels=['B']; farthest_distance=11.05""]","[""A""]",A,"[-2,6]","[""B""]",11.05,"[""B""]",11.05
coordinate_geometry_1349_open_q1,coordinate_geometry_1349.png,"[""target=A; target_coordinates=[-5, -5]; nearest_labels=['C']; nearest_distance=10.2; farthest_labels=['B']; farthest_distance=13.6""]","[""A""]",A,"[-5,-5]","[""C""]",10.2,"[""B""]",13.6
coordinate_geometry_1350_open_q1,coordinate_geometry_1350.png,"[""target=A; target_coordinates=[-8, -1]; nearest_labels=['C']; nearest_distance=8.06; farthest_labels=['B']; farthest_distance=16.12""]","[""A""]",A,"[-8,-1]","[""C""]",8.06,"[""B""]",16.12
coordinate_geometry_1351_open_q1,coordinate_geometry_1351.png,"[""target=B; target_coordinates=[0, 0]; nearest_labels=['A']; nearest_distance=8.49; farthest_labels=['A']; farthest_distance=8.49""]","[""B""]",B,"[0,0]","[""A""]",8.49,"[""A""]",8.49
coordinate_geometry_1352_open_q1,coordinate_geometry_1352.png,"[""target=A; target_coordinates=[-7, -5]; nearest_labels=['C']; nearest_distance=3; farthest_labels=['B']; farthest_distance=15.13""]","[""A""]",A,"[-7,-5]","[""C""]",3,"[""B""]",15.13
coordinate_geometry_1353_open_q1,coordinate_geometry_1353.png,"[""target=D; target_coordinates=[1, -1]; nearest_labels=['C']; nearest_distance=5.83; farthest_labels=['A']; farthest_distance=10.82""]","[""D""]",D,"[1,-1]","[""C""]",5.83,"[""A""]",10.82
coordinate_geometry_1354_open_q1,coordinate_geometry_1354.png,"[""target=A; target_coordinates=[-2, -2]; nearest_labels=['B']; nearest_distance=4; farthest_labels=['B']; farthest_distance=4""]","[""A""]",A,"[-2,-2]","[""B""]",4,"[""B""]",4
coordinate_geometry_1355_open_q1,coordinate_geometry_1355.png,"[""target=B; target_coordinates=[-5, -7]; nearest_labels=['A']; nearest_distance=6.08; farthest_labels=['C']; farthest_distance=8.54""]","[""B""]",B,"[-5,-7]","[""A""]",6.08,"[""C""]",8.54
coordinate_geometry_1356_open_q1,coordinate_geometry_1356.png,"[""target=B; target_coordinates=[2, 8]; nearest_labels=['D']; nearest_distance=6; farthest_labels=['C']; farthest_distance=13.04""]","[""B""]",B,"[2,8]","[""D""]",6,"[""C""]",13.04
coordinate_geometry_1357_open_q1,coordinate_geometry_1357.png,"[""target=B; target_coordinates=[-2, 3]; nearest_labels=['A']; nearest_distance=9.22; farthest_labels=['A']; farthest_distance=9.22""]","[""B""]",B,"[-2,3]","[""A""]",9.22,"[""A""]",9.22
coordinate_geometry_1358_open_q1,coordinate_geometry_1358.png,"[""target=C; target_coordinates=[-1, 0]; nearest_labels=['B']; nearest_distance=6.71; farthest_labels=['A']; farthest_distance=7.81""]","[""C""]",C,"[-1,0]","[""B""]",6.71,"[""A""]",7.81
coordinate_geometry_1359_open_q1,coordinate_geometry_1359.png,"[""target=A; target_coordinates=[-5, -5]; nearest_labels=['D']; nearest_distance=6.4; farthest_labels=['C']; farthest_distance=13.42""]","[""A""]",A,"[-5,-5]","[""D""]",6.4,"[""C""]",13.42
coordinate_geometry_1360_open_q1,coordinate_geometry_1360.png,"[""target=B; target_coordinates=[0, -6]; nearest_labels=['A']; nearest_distance=7.81; farthest_labels=['A']; farthest_distance=7.81""]","[""B""]",B,"[0,-6]","[""A""]",7.81,"[""A""]",7.81
coordinate_geometry_1361_open_q1,coordinate_geometry_1361.png,"[""target=A; target_coordinates=[2, 6]; nearest_labels=['B']; nearest_distance=2.24; farthest_labels=['C']; farthest_distance=7.28""]","[""A""]",A,"[2,6]","[""B""]",2.24,"[""C""]",7.28
coordinate_geometry_1362_open_q1,coordinate_geometry_1362.png,"[""target=A; target_coordinates=[-3, -6]; nearest_labels=['C']; nearest_distance=5.1; farthest_labels=['D']; farthest_distance=14.32""]","[""A""]",A,"[-3,-6]","[""C""]",5.1,"[""D""]",14.32
coordinate_geometry_1363_open_q1,coordinate_geometry_1363.png,"[""target=A; target_coordinates=[-6, 4]; nearest_labels=['B']; nearest_distance=12.53; farthest_labels=['B']; farthest_distance=12.53""]","[""A""]",A,"[-6,4]","[""B""]",12.53,"[""B""]",12.53
coordinate_geometry_1364_open_q1,coordinate_geometry_1364.png,"[""target=A; target_coordinates=[7, 7]; nearest_labels=['C']; nearest_distance=13; farthest_labels=['B']; farthest_distance=15.62""]","[""A""]",A,"[7,7]","[""C""]",13,"[""B""]",15.62
coordinate_geometry_1365_open_q1,coordinate_geometry_1365.png,"[""target=C; target_coordinates=[8, 1]; nearest_labels=['D']; nearest_distance=8.94; farthest_labels=['B']; farthest_distance=13.04""]","[""C""]",C,"[8,1]","[""D""]",8.94,"[""B""]",13.04
coordinate_geometry_1366_open_q1,coordinate_geometry_1366.png,"[""target=B; target_coordinates=[0, -5]; nearest_labels=['A']; nearest_distance=12.81; farthest_labels=['A']; farthest_distance=12.81""]","[""B""]",B,"[0,-5]","[""A""]",12.81,"[""A""]",12.81
coordinate_geometry_1367_open_q1,coordinate_geometry_1367.png,"[""target=B; target_coordinates=[3, 6]; nearest_labels=['C']; nearest_distance=10.05; farthest_labels=['A']; farthest_distance=14.42""]","[""B""]",B,"[3,6]","[""C""]",10.05,"[""A""]",14.42
coordinate_geometry_1368_open_q1,coordinate_geometry_1368.png,"[""target=C; target_coordinates=[0, -6]; nearest_labels=['A']; nearest_distance=4.12; farthest_labels=['B']; farthest_distance=11.66""]","[""C""]",C,"[0,-6]","[""A""]",4.12,"[""B""]",11.66
coordinate_geometry_1369_open_q1,coordinate_geometry_1369.png,"[""target=B; target_coordinates=[-5, 0]; nearest_labels=['A']; nearest_distance=6.08; farthest_labels=['A']; farthest_distance=6.08""]","[""B""]",B,"[-5,0]","[""A""]",6.08,"[""A""]",6.08
coordinate_geometry_1370_open_q1,coordinate_geometry_1370.png,"[""target=B; target_coordinates=[4, 2]; nearest_labels=['A']; nearest_distance=8.06; farthest_labels=['C']; farthest_distance=10.3""]","[""B""]",B,"[4,2]","[""A""]",8.06,"[""C""]",10.3
coordinate_geometry_1371_open_q1,coordinate_geometry_1371.png,"[""target=C; target_coordinates=[2, 3]; nearest_labels=['B']; nearest_distance=7.62; farthest_labels=['D']; farthest_distance=9.22""]","[""C""]",C,"[2,3]","[""B""]",7.62,"[""D""]",9.22
coordinate_geometry_1372_open_q1,coordinate_geometry_1372.png,"[""target=A; target_coordinates=[0, 3]; nearest_labels=['B']; nearest_distance=8.54; farthest_labels=['B']; farthest_distance=8.54""]","[""A""]",A,"[0,3]","[""B""]",8.54,"[""B""]",8.54
coordinate_geometry_1373_open_q1,coordinate_geometry_1373.png,"[""target=B; target_coordinates=[-2, -3]; nearest_labels=['C']; nearest_distance=5.39; farthest_labels=['A']; farthest_distance=6.08""]","[""B""]",B,"[-2,-3]","[""C""]",5.39,"[""A""]",6.08
coordinate_geometry_1374_open_q1,coordinate_geometry_1374.png,"[""target=D; target_coordinates=[-5, 6]; nearest_labels=['B']; nearest_distance=6.32; farthest_labels=['A']; farthest_distance=10.2""]","[""D""]",D,"[-5,6]","[""B""]",6.32,"[""A""]",10.2
coordinate_geometry_1375_open_q1,coordinate_geometry_1375.png,"[""target=B; target_coordinates=[3, 6]; nearest_labels=['A']; nearest_distance=10; farthest_labels=['A']; farthest_distance=10""]","[""B""]",B,"[3,6]","[""A""]",10,"[""A""]",10
coordinate_geometry_1376_open_q1,coordinate_geometry_1376.png,"[""target=C; target_coordinates=[7, -2]; nearest_labels=['B']; nearest_distance=5.66; farthest_labels=['A']; farthest_distance=11.4""]","[""C""]",C,"[7,-2]","[""B""]",5.66,"[""A""]",11.4
coordinate_geometry_1377_open_q1,coordinate_geometry_1377.png,"[""target=D; target_coordinates=[-4, 5]; nearest_labels=['B']; nearest_distance=2.24; farthest_labels=['C']; farthest_distance=11.4""]","[""D""]",D,"[-4,5]","[""B""]",2.24,"[""C""]",11.4
coordinate_geometry_1378_open_q1,coordinate_geometry_1378.png,"[""target=B; target_coordinates=[-4, -2]; nearest_labels=['A']; nearest_distance=11.66; farthest_labels=['A']; farthest_distance=11.66""]","[""B""]",B,"[-4,-2]","[""A""]",11.66,"[""A""]",11.66
coordinate_geometry_1379_open_q1,coordinate_geometry_1379.png,"[""target=B; target_coordinates=[6, -3]; nearest_labels=['A']; nearest_distance=6.32; farthest_labels=['C']; farthest_distance=6.4""]","[""B""]",B,"[6,-3]","[""A""]",6.32,"[""C""]",6.4
coordinate_geometry_1380_open_q1,coordinate_geometry_1380.png,"[""target=A; target_coordinates=[0, -1]; nearest_labels=['D']; nearest_distance=3; farthest_labels=['C']; farthest_distance=8.06""]","[""A""]",A,"[0,-1]","[""D""]",3,"[""C""]",8.06
coordinate_geometry_1381_open_q1,coordinate_geometry_1381.png,"[""target=A; target_coordinates=[-6, 5]; nearest_labels=['B']; nearest_distance=5.39; farthest_labels=['B']; farthest_distance=5.39""]","[""A""]",A,"[-6,5]","[""B""]",5.39,"[""B""]",5.39
coordinate_geometry_1382_open_q1,coordinate_geometry_1382.png,"[""target=A; target_coordinates=[-3, -6]; nearest_labels=['B']; nearest_distance=11.18; farthest_labels=['C']; farthest_distance=13.42""]","[""A""]",A,"[-3,-6]","[""B""]",11.18,"[""C""]",13.42
coordinate_geometry_1383_open_q1,coordinate_geometry_1383.png,"[""target=B; target_coordinates=[1, 0]; nearest_labels=['C']; nearest_distance=2.24; farthest_labels=['D']; farthest_distance=8.6""]","[""B""]",B,"[1,0]","[""C""]",2.24,"[""D""]",8.6
coordinate_geometry_1384_open_q1,coordinate_geometry_1384.png,"[""target=A; target_coordinates=[7, -5]; nearest_labels=['B']; nearest_distance=11; farthest_labels=['B']; farthest_distance=11""]","[""A""]",A,"[7,-5]","[""B""]",11,"[""B""]",11
coordinate_geometry_1385_open_q1,coordinate_geometry_1385.png,"[""target=A; target_coordinates=[-2, 3]; nearest_labels=['B']; nearest_distance=2.83; farthest_labels=['C']; farthest_distance=8.49""]","[""A""]",A,"[-2,3]","[""B""]",2.83,"[""C""]",8.49
coordinate_geometry_1386_open_q1,coordinate_geometry_1386.png,"[""target=D; target_coordinates=[3, 4]; nearest_labels=['B']; nearest_distance=7.28; farthest_labels=['C']; farthest_distance=10.44""]","[""D""]",D,"[3,4]","[""B""]",7.28,"[""C""]",10.44
coordinate_geometry_1387_open_q1,coordinate_geometry_1387.png,"[""target=B; target_coordinates=[-7, 6]; nearest_labels=['A']; nearest_distance=16.16; farthest_labels=['A']; farthest_distance=16.16""]","[""B""]",B,"[-7,6]","[""A""]",16.16,"[""A""]",16.16
coordinate_geometry_1388_open_q1,coordinate_geometry_1388.png,"[""target=A; target_coordinates=[0, 0]; nearest_labels=['B']; nearest_distance=2.83; farthest_labels=['C']; farthest_distance=8.49""]","[""A""]",A,"[0,0]","[""B""]",2.83,"[""C""]",8.49
coordinate_geometry_1389_open_q1,coordinate_geometry_1389.png,"[""target=D; target_coordinates=[7, 5]; nearest_labels=['C']; nearest_distance=11.4; farthest_labels=['A']; farthest_distance=13.34""]","[""D""]",D,"[7,5]","[""C""]",11.4,"[""A""]",13.34
coordinate_geometry_1390_open_q1,coordinate_geometry_1390.png,"[""target=B; target_coordinates=[-1, 6]; nearest_labels=['A']; nearest_distance=7.21; farthest_labels=['A']; farthest_distance=7.21""]","[""B""]",B,"[-1,6]","[""A""]",7.21,"[""A""]",7.21
coordinate_geometry_1391_open_q1,coordinate_geometry_1391.png,"[""target=B; target_coordinates=[-3, -2]; nearest_labels=['A']; nearest_distance=2.24; farthest_labels=['C']; farthest_distance=11.18""]","[""B""]",B,"[-3,-2]","[""A""]",2.24,"[""C""]",11.18
coordinate_geometry_1392_open_q1,coordinate_geometry_1392.png,"[""target=C; target_coordinates=[5, 3]; nearest_labels=['B']; nearest_distance=5.66; farthest_labels=['D']; farthest_distance=12.08""]","[""C""]",C,"[5,3]","[""B""]",5.66,"[""D""]",12.08
coordinate_geometry_1393_open_q1,coordinate_geometry_1393.png,"[""target=B; target_coordinates=[-4, -6]; nearest_labels=['A']; nearest_distance=9.9; farthest_labels=['A']; farthest_distance=9.9""]","[""B""]",B,"[-4,-6]","[""A""]",9.9,"[""A""]",9.9
coordinate_geometry_1394_open_q1,coordinate_geometry_1394.png,"[""target=B; target_coordinates=[-2, 0]; nearest_labels=['C']; nearest_distance=2.24; farthest_labels=['A']; farthest_distance=8.94""]","[""B""]",B,"[-2,0]","[""C""]",2.24,"[""A""]",8.94
coordinate_geometry_1395_open_q1,coordinate_geometry_1395.png,"[""target=D; target_coordinates=[5, 1]; nearest_labels=['B']; nearest_distance=3; farthest_labels=['C']; farthest_distance=8.06""]","[""D""]",D,"[5,1]","[""B""]",3,"[""C""]",8.06
coordinate_geometry_1396_open_q1,coordinate_geometry_1396.png,"[""target=A; target_coordinates=[-2, -7]; nearest_labels=['B']; nearest_distance=13.15; farthest_labels=['B']; farthest_distance=13.15""]","[""A""]",A,"[-2,-7]","[""B""]",13.15,"[""B""]",13.15
coordinate_geometry_1397_open_q1,coordinate_geometry_1397.png,"[""target=A; target_coordinates=[-1, 4]; nearest_labels=['B']; nearest_distance=7.07; farthest_labels=['C']; farthest_distance=9.9""]","[""A""]",A,"[-1,4]","[""B""]",7.07,"[""C""]",9.9
coordinate_geometry_1398_open_q1,coordinate_geometry_1398.png,"[""target=B; target_coordinates=[-1, 3]; nearest_labels=['C']; nearest_distance=4.47; farthest_labels=['D']; farthest_distance=8.25""]","[""B""]",B,"[-1,3]","[""C""]",4.47,"[""D""]",8.25
coordinate_geometry_1399_open_q1,coordinate_geometry_1399.png,"[""target=B; target_coordinates=[-3, 7]; nearest_labels=['A']; nearest_distance=16.64; farthest_labels=['A']; farthest_distance=16.64""]","[""B""]",B,"[-3,7]","[""A""]",16.64,"[""A""]",16.64
coordinate_geometry_1400_open_q1,coordinate_geometry_1400.png,"[""target=C; target_coordinates=[7, -2]; nearest_labels=['B']; nearest_distance=11.18; farthest_labels=['A']; farthest_distance=15.65""]","[""C""]",C,"[7,-2]","[""B""]",11.18,"[""A""]",15.65
coordinate_geometry_1401_open_q1,coordinate_geometry_1401.png,"[""target=C; target_coordinates=[5, -7]; nearest_labels=['B']; nearest_distance=4.47; farthest_labels=['A']; farthest_distance=15.65""]","[""C""]",C,"[5,-7]","[""B""]",4.47,"[""A""]",15.65
coordinate_geometry_1402_open_q1,coordinate_geometry_1402.png,"[""target=B; target_coordinates=[-7, 3]; nearest_labels=['A']; nearest_distance=5.1; farthest_labels=['A']; farthest_distance=5.1""]","[""B""]",B,"[-7,3]","[""A""]",5.1,"[""A""]",5.1
coordinate_geometry_1403_open_q1,coordinate_geometry_1403.png,"[""target=A; target_coordinates=[1, -1]; nearest_labels=['B']; nearest_distance=4.47; farthest_labels=['C']; farthest_distance=6.71""]","[""A""]",A,"[1,-1]","[""B""]",4.47,"[""C""]",6.71
coordinate_geometry_1404_open_q1,coordinate_geometry_1404.png,"[""target=B; target_coordinates=[-4, -1]; nearest_labels=['D']; nearest_distance=3; farthest_labels=['C']; farthest_distance=8.94""]","[""B""]",B,"[-4,-1]","[""D""]",3,"[""C""]",8.94
coordinate_geometry_1405_open_q1,coordinate_geometry_1405.png,"[""target=A; target_coordinates=[8, -1]; nearest_labels=['B']; nearest_distance=12.04; farthest_labels=['B']; farthest_distance=12.04""]","[""A""]",A,"[8,-1]","[""B""]",12.04,"[""B""]",12.04
coordinate_geometry_1406_open_q1,coordinate_geometry_1406.png,"[""target=C; target_coordinates=[3, -8]; nearest_labels=['B']; nearest_distance=2.24; farthest_labels=['A']; farthest_distance=15.65""]","[""C""]",C,"[3,-8]","[""B""]",2.24,"[""A""]",15.65
coordinate_geometry_1407_open_q1,coordinate_geometry_1407.png,"[""target=B; target_coordinates=[5, 2]; nearest_labels=['C']; nearest_distance=2.24; farthest_labels=['A']; farthest_distance=8.94""]","[""B""]",B,"[5,2]","[""C""]",2.24,"[""A""]",8.94
coordinate_geometry_1408_open_q1,coordinate_geometry_1408.png,"[""target=B; target_coordinates=[2, 8]; nearest_labels=['A']; nearest_distance=14.76; farthest_labels=['A']; farthest_distance=14.76""]","[""B""]",B,"[2,8]","[""A""]",14.76,"[""A""]",14.76
coordinate_geometry_1409_open_q1,coordinate_geometry_1409.png,"[""target=B; target_coordinates=[7, 8]; nearest_labels=['C']; nearest_distance=6.71; farthest_labels=['A']; farthest_distance=14.04""]","[""B""]",B,"[7,8]","[""C""]",6.71,"[""A""]",14.04
coordinate_geometry_1410_open_q1,coordinate_geometry_1410.png,"[""target=C; target_coordinates=[0, -3]; nearest_labels=['B']; nearest_distance=3.16; farthest_labels=['D']; farthest_distance=5.39""]","[""C""]",C,"[0,-3]","[""B""]",3.16,"[""D""]",5.39
coordinate_geometry_1411_open_q1,coordinate_geometry_1411.png,"[""target=A; target_coordinates=[-8, 6]; nearest_labels=['B']; nearest_distance=9.06; farthest_labels=['B']; farthest_distance=9.06""]","[""A""]",A,"[-8,6]","[""B""]",9.06,"[""B""]",9.06
coordinate_geometry_1412_open_q1,coordinate_geometry_1412.png,"[""target=B; target_coordinates=[4, -4]; nearest_labels=['A']; nearest_distance=3; farthest_labels=['C']; farthest_distance=8.06""]","[""B""]",B,"[4,-4]","[""A""]",3,"[""C""]",8.06
coordinate_geometry_1413_open_q1,coordinate_geometry_1413.png,"[""target=B; target_coordinates=[6, 1]; nearest_labels=['D']; nearest_distance=6.32; farthest_labels=['C']; farthest_distance=13.6""]","[""B""]",B,"[6,1]","[""D""]",6.32,"[""C""]",13.6
coordinate_geometry_1414_open_q1,coordinate_geometry_1414.png,"[""target=B; target_coordinates=[7, -6]; nearest_labels=['A']; nearest_distance=9; farthest_labels=['A']; farthest_distance=9""]","[""B""]",B,"[7,-6]","[""A""]",9,"[""A""]",9
coordinate_geometry_1415_open_q1,coordinate_geometry_1415.png,"[""target=A; target_coordinates=[5, 2]; nearest_labels=['B']; nearest_distance=6.08; farthest_labels=['C']; farthest_distance=8.54""]","[""A""]",A,"[5,2]","[""B""]",6.08,"[""C""]",8.54
coordinate_geometry_1416_open_q1,coordinate_geometry_1416.png,"[""target=C; target_coordinates=[4, 8]; nearest_labels=['B']; nearest_distance=5; farthest_labels=['A']; farthest_distance=13.15""]","[""C""]",C,"[4,8]","[""B""]",5,"[""A""]",13.15
coordinate_geometry_1417_open_q1,coordinate_geometry_1417.png,"[""target=A; target_coordinates=[-6, 5]; nearest_labels=['B']; nearest_distance=16.64; farthest_labels=['B']; farthest_distance=16.64""]","[""A""]",A,"[-6,5]","[""B""]",16.64,"[""B""]",16.64
coordinate_geometry_1418_open_q1,coordinate_geometry_1418.png,"[""target=C; target_coordinates=[5, -3]; nearest_labels=['B']; nearest_distance=6.32; farthest_labels=['A']; farthest_distance=11.18""]","[""C""]",C,"[5,-3]","[""B""]",6.32,"[""A""]",11.18
coordinate_geometry_1419_open_q1,coordinate_geometry_1419.png,"[""target=D; target_coordinates=[0, -4]; nearest_labels=['C']; nearest_distance=7.07; farthest_labels=['B']; farthest_distance=7.28""]","[""D""]",D,"[0,-4]","[""C""]",7.07,"[""B""]",7.28
coordinate_geometry_1420_open_q1,coordinate_geometry_1420.png,"[""target=B; target_coordinates=[8, -6]; nearest_labels=['A']; nearest_distance=5.39; farthest_labels=['A']; farthest_distance=5.39""]","[""B""]",B,"[8,-6]","[""A""]",5.39,"[""A""]",5.39
coordinate_geometry_1421_open_q1,coordinate_geometry_1421.png,"[""target=C; target_coordinates=[-5, 0]; nearest_labels=['A']; nearest_distance=2.83; farthest_labels=['B']; farthest_distance=5.39""]","[""C""]",C,"[-5,0]","[""A""]",2.83,"[""B""]",5.39
coordinate_geometry_1422_open_q1,coordinate_geometry_1422.png,"[""target=C; target_coordinates=[4, -8]; nearest_labels=['D']; nearest_distance=4.12; farthest_labels=['A']; farthest_distance=14.14""]","[""C""]",C,"[4,-8]","[""D""]",4.12,"[""A""]",14.14
coordinate_geometry_1423_open_q1,coordinate_geometry_1423.png,"[""target=A; target_coordinates=[-7, -3]; nearest_labels=['B']; nearest_distance=13.45; farthest_labels=['B']; farthest_distance=13.45""]","[""A""]",A,"[-7,-3]","[""B""]",13.45,"[""B""]",13.45
coordinate_geometry_1424_open_q1,coordinate_geometry_1424.png,"[""target=A; target_coordinates=[8, 0]; nearest_labels=['C']; nearest_distance=5.39; farthest_labels=['B']; farthest_distance=15.26""]","[""A""]",A,"[8,0]","[""C""]",5.39,"[""B""]",15.26
coordinate_geometry_1425_open_q1,coordinate_geometry_1425.png,"[""target=B; target_coordinates=[6, 2]; nearest_labels=['A']; nearest_distance=10; farthest_labels=['C']; farthest_distance=15.23""]","[""B""]",B,"[6,2]","[""A""]",10,"[""C""]",15.23
coordinate_geometry_1426_open_q1,coordinate_geometry_1426.png,"[""target=A; target_coordinates=[8, -2]; nearest_labels=['B']; nearest_distance=14.32; farthest_labels=['B']; farthest_distance=14.32""]","[""A""]",A,"[8,-2]","[""B""]",14.32,"[""B""]",14.32
coordinate_geometry_1427_open_q1,coordinate_geometry_1427.png,"[""target=C; target_coordinates=[-6, 1]; nearest_labels=['A']; nearest_distance=5.83; farthest_labels=['B']; farthest_distance=10.77""]","[""C""]",C,"[-6,1]","[""A""]",5.83,"[""B""]",10.77
coordinate_geometry_1428_open_q1,coordinate_geometry_1428.png,"[""target=C; target_coordinates=[-8, 4]; nearest_labels=['B']; nearest_distance=8; farthest_labels=['D']; farthest_distance=12.17""]","[""C""]",C,"[-8,4]","[""B""]",8,"[""D""]",12.17
coordinate_geometry_1429_open_q1,coordinate_geometry_1429.png,"[""target=A; target_coordinates=[-1, -5]; nearest_labels=['B']; nearest_distance=8.06; farthest_labels=['B']; farthest_distance=8.06""]","[""A""]",A,"[-1,-5]","[""B""]",8.06,"[""B""]",8.06
coordinate_geometry_1430_open_q1,coordinate_geometry_1430.png,"[""target=A; target_coordinates=[-3, 1]; nearest_labels=['B']; nearest_distance=4.24; farthest_labels=['C']; farthest_distance=12.08""]","[""A""]",A,"[-3,1]","[""B""]",4.24,"[""C""]",12.08
coordinate_geometry_1431_open_q1,coordinate_geometry_1431.png,"[""target=C; target_coordinates=[-8, -4]; nearest_labels=['D']; nearest_distance=12.17; farthest_labels=['A']; farthest_distance=14.87""]","[""C""]",C,"[-8,-4]","[""D""]",12.17,"[""A""]",14.87
coordinate_geometry_1432_open_q1,coordinate_geometry_1432.png,"[""target=A; target_coordinates=[1, -4]; nearest_labels=['B']; nearest_distance=6; farthest_labels=['B']; farthest_distance=6""]","[""A""]",A,"[1,-4]","[""B""]",6,"[""B""]",6
coordinate_geometry_1433_open_q1,coordinate_geometry_1433.png,"[""target=C; target_coordinates=[-6, 6]; nearest_labels=['A']; nearest_distance=12; farthest_labels=['B']; farthest_distance=12.21""]","[""C""]",C,"[-6,6]","[""A""]",12,"[""B""]",12.21
coordinate_geometry_1434_open_q1,coordinate_geometry_1434.png,"[""target=B; target_coordinates=[-3, -8]; nearest_labels=['A']; nearest_distance=14.04; farthest_labels=['C']; farthest_distance=14.87""]","[""B""]",B,"[-3,-8]","[""A""]",14.04,"[""C""]",14.87
coordinate_geometry_1435_open_q1,coordinate_geometry_1435.png,"[""target=A; target_coordinates=[2, -6]; nearest_labels=['B']; nearest_distance=8.6; farthest_labels=['B']; farthest_distance=8.6""]","[""A""]",A,"[2,-6]","[""B""]",8.6,"[""B""]",8.6
coordinate_geometry_1436_open_q1,coordinate_geometry_1436.png,"[""target=B; target_coordinates=[-7, 8]; nearest_labels=['A']; nearest_distance=3.16; farthest_labels=['C']; farthest_distance=12.17""]","[""B""]",B,"[-7,8]","[""A""]",3.16,"[""C""]",12.17
coordinate_geometry_1437_open_q1,coordinate_geometry_1437.png,"[""target=C; target_coordinates=[2, 6]; nearest_labels=['D']; nearest_distance=2.24; farthest_labels=['B']; farthest_distance=4.12""]","[""C""]",C,"[2,6]","[""D""]",2.24,"[""B""]",4.12
coordinate_geometry_1438_open_q1,coordinate_geometry_1438.png,"[""target=B; target_coordinates=[5, -8]; nearest_labels=['A']; nearest_distance=3.61; farthest_labels=['A']; farthest_distance=3.61""]","[""B""]",B,"[5,-8]","[""A""]",3.61,"[""A""]",3.61
coordinate_geometry_1439_open_q1,coordinate_geometry_1439.png,"[""target=A; target_coordinates=[-1, 3]; nearest_labels=['C']; nearest_distance=8.06; farthest_labels=['B']; farthest_distance=10.3""]","[""A""]",A,"[-1,3]","[""C""]",8.06,"[""B""]",10.3
coordinate_geometry_1440_open_q1,coordinate_geometry_1440.png,"[""target=D; target_coordinates=[4, -3]; nearest_labels=['C']; nearest_distance=5.1; farthest_labels=['A']; farthest_distance=8.6""]","[""D""]",D,"[4,-3]","[""C""]",5.1,"[""A""]",8.6
coordinate_geometry_1441_open_q1,coordinate_geometry_1441.png,"[""target=A; target_coordinates=[6, -4]; nearest_labels=['B']; nearest_distance=5.83; farthest_labels=['B']; farthest_distance=5.83""]","[""A""]",A,"[6,-4]","[""B""]",5.83,"[""B""]",5.83
coordinate_geometry_1442_open_q1,coordinate_geometry_1442.png,"[""target=B; target_coordinates=[3, 3]; nearest_labels=['C']; nearest_distance=4.47; farthest_labels=['A']; farthest_distance=6.71""]","[""B""]",B,"[3,3]","[""C""]",4.47,"[""A""]",6.71
coordinate_geometry_1443_open_q1,coordinate_geometry_1443.png,"[""target=A; target_coordinates=[-7, 1]; nearest_labels=['B']; nearest_distance=8.94; farthest_labels=['C']; farthest_distance=15.65""]","[""A""]",A,"[-7,1]","[""B""]",8.94,"[""C""]",15.65
coordinate_geometry_1444_open_q1,coordinate_geometry_1444.png,"[""target=A; target_coordinates=[4, 7]; nearest_labels=['B']; nearest_distance=12.04; farthest_labels=['B']; farthest_distance=12.04""]","[""A""]",A,"[4,7]","[""B""]",12.04,"[""B""]",12.04
coordinate_geometry_1445_open_q1,coordinate_geometry_1445.png,"[""target=C; target_coordinates=[5, 8]; nearest_labels=['B']; nearest_distance=2.24; farthest_labels=['A']; farthest_distance=15.65""]","[""C""]",C,"[5,8]","[""B""]",2.24,"[""A""]",15.65
coordinate_geometry_1446_open_q1,coordinate_geometry_1446.png,"[""target=D; target_coordinates=[-6, 1]; nearest_labels=['A']; nearest_distance=3.61; farthest_labels=['C']; farthest_distance=7.28""]","[""D""]",D,"[-6,1]","[""A""]",3.61,"[""C""]",7.28
coordinate_geometry_1447_open_q1,coordinate_geometry_1447.png,"[""target=A; target_coordinates=[5, -6]; nearest_labels=['B']; nearest_distance=14.21; farthest_labels=['B']; farthest_distance=14.21""]","[""A""]",A,"[5,-6]","[""B""]",14.21,"[""B""]",14.21
coordinate_geometry_1448_open_q1,coordinate_geometry_1448.png,"[""target=B; target_coordinates=[1, -2]; nearest_labels=['C']; nearest_distance=4.24; farthest_labels=['A']; farthest_distance=5.66""]","[""B""]",B,"[1,-2]","[""C""]",4.24,"[""A""]",5.66
coordinate_geometry_1449_open_q1,coordinate_geometry_1449.png,"[""target=B; target_coordinates=[0, 3]; nearest_labels=['A']; nearest_distance=2.83; farthest_labels=['D']; farthest_distance=8.06""]","[""B""]",B,"[0,3]","[""A""]",2.83,"[""D""]",8.06
coordinate_geometry_1450_open_q1,coordinate_geometry_1450.png,"[""target=B; target_coordinates=[7, 7]; nearest_labels=['A']; nearest_distance=13.6; farthest_labels=['A']; farthest_distance=13.6""]","[""B""]",B,"[7,7]","[""A""]",13.6,"[""A""]",13.6
coordinate_geometry_1451_open_q1,coordinate_geometry_1451.png,"[""target=A; target_coordinates=[-4, 4]; nearest_labels=['B']; nearest_distance=6.71; farthest_labels=['C']; farthest_distance=8.94""]","[""A""]",A,"[-4,4]","[""B""]",6.71,"[""C""]",8.94
coordinate_geometry_1452_open_q1,coordinate_geometry_1452.png,"[""target=C; target_coordinates=[0, -4]; nearest_labels=['B']; nearest_distance=2.24; farthest_labels=['A']; farthest_distance=13.42""]","[""C""]",C,"[0,-4]","[""B""]",2.24,"[""A""]",13.42
coordinate_geometry_1453_open_q1,coordinate_geometry_1453.png,"[""target=B; target_coordinates=[3, -7]; nearest_labels=['A']; nearest_distance=6.4; farthest_labels=['A']; farthest_distance=6.4""]","[""B""]",B,"[3,-7]","[""A""]",6.4,"[""A""]",6.4
coordinate_geometry_1454_open_q1,coordinate_geometry_1454.png,"[""target=A; target_coordinates=[-2, -4]; nearest_labels=['B']; nearest_distance=8.49; farthest_labels=['C']; farthest_distance=11.31""]","[""A""]",A,"[-2,-4]","[""B""]",8.49,"[""C""]",11.31
coordinate_geometry_1455_open_q1,coordinate_geometry_1455.png,"[""target=B; target_coordinates=[-3, 0]; nearest_labels=['A']; nearest_distance=4.47; farthest_labels=['C']; farthest_distance=8.94""]","[""B""]",B,"[-3,0]","[""A""]",4.47,"[""C""]",8.94
coordinate_geometry_1456_open_q1,coordinate_geometry_1456.png,"[""target=A; target_coordinates=[-8, 5]; nearest_labels=['B']; nearest_distance=11.18; farthest_labels=['B']; farthest_distance=11.18""]","[""A""]",A,"[-8,5]","[""B""]",11.18,"[""B""]",11.18
coordinate_geometry_1457_open_q1,coordinate_geometry_1457.png,"[""target=C; target_coordinates=[8, -5]; nearest_labels=['B']; nearest_distance=6.71; farthest_labels=['A']; farthest_distance=15.65""]","[""C""]",C,"[8,-5]","[""B""]",6.71,"[""A""]",15.65
coordinate_geometry_1458_open_q1,coordinate_geometry_1458.png,"[""target=B; target_coordinates=[-2, 1]; nearest_labels=['A']; nearest_distance=4.47; farthest_labels=['C']; farthest_distance=11.18""]","[""B""]",B,"[-2,1]","[""A""]",4.47,"[""C""]",11.18
coordinate_geometry_1459_open_q1,coordinate_geometry_1459.png,"[""target=A; target_coordinates=[7, 5]; nearest_labels=['B']; nearest_distance=14.42; farthest_labels=['B']; farthest_distance=14.42""]","[""A""]",A,"[7,5]","[""B""]",14.42,"[""B""]",14.42
coordinate_geometry_1460_open_q1,coordinate_geometry_1460.png,"[""target=B; target_coordinates=[2, 0]; nearest_labels=['A']; nearest_distance=2.24; farthest_labels=['C']; farthest_distance=6.71""]","[""B""]",B,"[2,0]","[""A""]",2.24,"[""C""]",6.71
coordinate_geometry_1461_open_q1,coordinate_geometry_1461.png,"[""target=D; target_coordinates=[0, 8]; nearest_labels=['B']; nearest_distance=6.4; farthest_labels=['C']; farthest_distance=11.66""]","[""D""]",D,"[0,8]","[""B""]",6.4,"[""C""]",11.66
coordinate_geometry_1462_open_q1,coordinate_geometry_1462.png,"[""target=A; target_coordinates=[-5, -2]; nearest_labels=['B']; nearest_distance=12.04; farthest_labels=['B']; farthest_distance=12.04""]","[""A""]",A,"[-5,-2]","[""B""]",12.04,"[""B""]",12.04
coordinate_geometry_1463_open_q1,coordinate_geometry_1463.png,"[""target=C; target_coordinates=[2, 0]; nearest_labels=['B']; nearest_distance=2.24; farthest_labels=['A']; farthest_distance=8.94""]","[""C""]",C,"[2,0]","[""B""]",2.24,"[""A""]",8.94
coordinate_geometry_1464_open_q1,coordinate_geometry_1464.png,"[""target=B; target_coordinates=[-5, -3]; nearest_labels=['A']; nearest_distance=2.24; farthest_labels=['D']; farthest_distance=12.04""]","[""B""]",B,"[-5,-3]","[""A""]",2.24,"[""D""]",12.04
coordinate_geometry_1465_open_q1,coordinate_geometry_1465.png,"[""target=A; target_coordinates=[-2, 8]; nearest_labels=['B']; nearest_distance=5; farthest_labels=['B']; farthest_distance=5""]","[""A""]",A,"[-2,8]","[""B""]",5,"[""B""]",5
coordinate_geometry_1466_open_q1,coordinate_geometry_1466.png,"[""target=A; target_coordinates=[-2, -6]; nearest_labels=['B']; nearest_distance=2.24; farthest_labels=['C']; farthest_distance=6.71""]","[""A""]",A,"[-2,-6]","[""B""]",2.24,"[""C""]",6.71
coordinate_geometry_1467_open_q1,coordinate_geometry_1467.png,"[""target=A; target_coordinates=[-4, -8]; nearest_labels=['D']; nearest_distance=6; farthest_labels=['C']; farthest_distance=17.89""]","[""A""]",A,"[-4,-8]","[""D""]",6,"[""C""]",17.89
coordinate_geometry_1468_open_q1,coordinate_geometry_1468.png,"[""target=A; target_coordinates=[1, -2]; nearest_labels=['B']; nearest_distance=10.77; farthest_labels=['B']; farthest_distance=10.77""]","[""A""]",A,"[1,-2]","[""B""]",10.77,"[""B""]",10.77
coordinate_geometry_1469_open_q1,coordinate_geometry_1469.png,"[""target=B; target_coordinates=[0, 0]; nearest_labels=['C']; nearest_distance=7.81; farthest_labels=['A']; farthest_distance=9.9""]","[""B""]",B,"[0,0]","[""C""]",7.81,"[""A""]",9.9
coordinate_geometry_1470_open_q1,coordinate_geometry_1470.png,"[""target=B; target_coordinates=[-3, 8]; nearest_labels=['D']; nearest_distance=8; farthest_labels=['C']; farthest_distance=18.87""]","[""B""]",B,"[-3,8]","[""D""]",8,"[""C""]",18.87
coordinate_geometry_1471_open_q1,coordinate_geometry_1471.png,"[""target=B; target_coordinates=[2, -5]; nearest_labels=['A']; nearest_distance=7.21; farthest_labels=['A']; farthest_distance=7.21""]","[""B""]",B,"[2,-5]","[""A""]",7.21,"[""A""]",7.21
coordinate_geometry_1472_open_q1,coordinate_geometry_1472.png,"[""target=A; target_coordinates=[8, -5]; nearest_labels=['B']; nearest_distance=5.39; farthest_labels=['C']; farthest_distance=18.87""]","[""A""]",A,"[8,-5]","[""B""]",5.39,"[""C""]",18.87
coordinate_geometry_1473_open_q1,coordinate_geometry_1473.png,"[""target=C; target_coordinates=[5, -1]; nearest_labels=['D']; nearest_distance=3.16; farthest_labels=['A']; farthest_distance=11.7""]","[""C""]",C,"[5,-1]","[""D""]",3.16,"[""A""]",11.7
coordinate_geometry_1474_open_q1,coordinate_geometry_1474.png,"[""target=A; target_coordinates=[8, 5]; nearest_labels=['B']; nearest_distance=8.6; farthest_labels=['B']; farthest_distance=8.6""]","[""A""]",A,"[8,5]","[""B""]",8.6,"[""B""]",8.6
coordinate_geometry_1475_open_q1,coordinate_geometry_1475.png,"[""target=B; target_coordinates=[4, -2]; nearest_labels=['C']; nearest_distance=5; farthest_labels=['A']; farthest_distance=9.22""]","[""B""]",B,"[4,-2]","[""C""]",5,"[""A""]",9.22
coordinate_geometry_1476_open_q1,coordinate_geometry_1476.png,"[""target=C; target_coordinates=[-4, -5]; nearest_labels=['A']; nearest_distance=8.25; farthest_labels=['D']; farthest_distance=12.08""]","[""C""]",C,"[-4,-5]","[""A""]",8.25,"[""D""]",12.08
coordinate_geometry_1477_open_q1,coordinate_geometry_1477.png,"[""target=A; target_coordinates=[5, -2]; nearest_labels=['B']; nearest_distance=8.06; farthest_labels=['B']; farthest_distance=8.06""]","[""A""]",A,"[5,-2]","[""B""]",8.06,"[""B""]",8.06
coordinate_geometry_1478_open_q1,coordinate_geometry_1478.png,"[""target=C; target_coordinates=[7, 4]; nearest_labels=['A']; nearest_distance=12.21; farthest_labels=['B']; farthest_distance=15.23""]","[""C""]",C,"[7,4]","[""A""]",12.21,"[""B""]",15.23
coordinate_geometry_1479_open_q1,coordinate_geometry_1479.png,"[""target=D; target_coordinates=[-2, -8]; nearest_labels=['A']; nearest_distance=2.24; farthest_labels=['B']; farthest_distance=13.6""]","[""D""]",D,"[-2,-8]","[""A""]",2.24,"[""B""]",13.6
coordinate_geometry_1480_open_q1,coordinate_geometry_1480.png,"[""target=B; target_coordinates=[8, 5]; nearest_labels=['A']; nearest_distance=13.93; farthest_labels=['A']; farthest_distance=13.93""]","[""B""]",B,"[8,5]","[""A""]",13.93,"[""A""]",13.93
coordinate_geometry_1481_open_q1,coordinate_geometry_1481.png,"[""target=A; target_coordinates=[-4, 0]; nearest_labels=['B']; nearest_distance=3.61; farthest_labels=['C']; farthest_distance=7""]","[""A""]",A,"[-4,0]","[""B""]",3.61,"[""C""]",7
coordinate_geometry_1482_open_q1,coordinate_geometry_1482.png,"[""target=A; target_coordinates=[3, -8]; nearest_labels=['C']; nearest_distance=9.22; farthest_labels=['D']; farthest_distance=15.81""]","[""A""]",A,"[3,-8]","[""C""]",9.22,"[""D""]",15.81
coordinate_geometry_1483_open_q1,coordinate_geometry_1483.png,"[""target=B; target_coordinates=[4, 1]; nearest_labels=['A']; nearest_distance=6.32; farthest_labels=['A']; farthest_distance=6.32""]","[""B""]",B,"[4,1]","[""A""]",6.32,"[""A""]",6.32
coordinate_geometry_1484_open_q1,coordinate_geometry_1484.png,"[""target=C; target_coordinates=[0, 3]; nearest_labels=['A']; nearest_distance=2.24; farthest_labels=['B']; farthest_distance=5.39""]","[""C""]",C,"[0,3]","[""A""]",2.24,"[""B""]",5.39
coordinate_geometry_1485_open_q1,coordinate_geometry_1485.png,"[""target=B; target_coordinates=[-6, -1]; nearest_labels=['A']; nearest_distance=3; farthest_labels=['C']; farthest_distance=13.45""]","[""B""]",B,"[-6,-1]","[""A""]",3,"[""C""]",13.45
coordinate_geometry_1486_open_q1,coordinate_geometry_1486.png,"[""target=B; target_coordinates=[-8, -1]; nearest_labels=['A']; nearest_distance=15.23; farthest_labels=['A']; farthest_distance=15.23""]","[""B""]",B,"[-8,-1]","[""A""]",15.23,"[""A""]",15.23
coordinate_geometry_1487_open_q1,coordinate_geometry_1487.png,"[""target=B; target_coordinates=[-5, -2]; nearest_labels=['C']; nearest_distance=5; farthest_labels=['A']; farthest_distance=13.6""]","[""B""]",B,"[-5,-2]","[""C""]",5,"[""A""]",13.6
coordinate_geometry_1488_open_q1,coordinate_geometry_1488.png,"[""target=C; target_coordinates=[1, 1]; nearest_labels=['D']; nearest_distance=6.08; farthest_labels=['A']; farthest_distance=7.07""]","[""C""]",C,"[1,1]","[""D""]",6.08,"[""A""]",7.07
coordinate_geometry_1489_open_q1,coordinate_geometry_1489.png,"[""target=B; target_coordinates=[-6, -3]; nearest_labels=['A']; nearest_distance=5.39; farthest_labels=['A']; farthest_distance=5.39""]","[""B""]",B,"[-6,-3]","[""A""]",5.39,"[""A""]",5.39
coordinate_geometry_1490_open_q1,coordinate_geometry_1490.png,"[""target=B; target_coordinates=[7, -1]; nearest_labels=['C']; nearest_distance=5; farthest_labels=['A']; farthest_distance=12.21""]","[""B""]",B,"[7,-1]","[""C""]",5,"[""A""]",12.21
coordinate_geometry_1491_open_q1,coordinate_geometry_1491.png,"[""target=C; target_coordinates=[5, -4]; nearest_labels=['A']; nearest_distance=6.71; farthest_labels=['D']; farthest_distance=8.54""]","[""C""]",C,"[5,-4]","[""A""]",6.71,"[""D""]",8.54
coordinate_geometry_1492_open_q1,coordinate_geometry_1492.png,"[""target=A; target_coordinates=[4, 0]; nearest_labels=['B']; nearest_distance=13.6; farthest_labels=['B']; farthest_distance=13.6""]","[""A""]",A,"[4,0]","[""B""]",13.6,"[""B""]",13.6
coordinate_geometry_1493_open_q1,coordinate_geometry_1493.png,"[""target=C; target_coordinates=[7, -7]; nearest_labels=['A']; nearest_distance=12.81; farthest_labels=['B']; farthest_distance=14.14""]","[""C""]",C,"[7,-7]","[""A""]",12.81,"[""B""]",14.14
coordinate_geometry_1494_open_q1,coordinate_geometry_1494.png,"[""target=D; target_coordinates=[4, 2]; nearest_labels=['C']; nearest_distance=2.83; farthest_labels=['B']; farthest_distance=11.4""]","[""D""]",D,"[4,2]","[""C""]",2.83,"[""B""]",11.4
coordinate_geometry_1495_open_q1,coordinate_geometry_1495.png,"[""target=B; target_coordinates=[-3, -7]; nearest_labels=['A']; nearest_distance=12.53; farthest_labels=['A']; farthest_distance=12.53""]","[""B""]",B,"[-3,-7]","[""A""]",12.53,"[""A""]",12.53
coordinate_geometry_1496_open_q1,coordinate_geometry_1496.png,"[""target=C; target_coordinates=[8, -8]; nearest_labels=['A']; nearest_distance=8.25; farthest_labels=['B']; farthest_distance=16.97""]","[""C""]",C,"[8,-8]","[""A""]",8.25,"[""B""]",16.97
coordinate_geometry_1497_open_q1,coordinate_geometry_1497.png,"[""target=C; target_coordinates=[-8, 6]; nearest_labels=['B']; nearest_distance=10.05; farthest_labels=['A']; farthest_distance=11.4""]","[""C""]",C,"[-8,6]","[""B""]",10.05,"[""A""]",11.4
coordinate_geometry_1498_open_q1,coordinate_geometry_1498.png,"[""target=B; target_coordinates=[2, 6]; nearest_labels=['A']; nearest_distance=9.22; farthest_labels=['A']; farthest_distance=9.22""]","[""B""]",B,"[2,6]","[""A""]",9.22,"[""A""]",9.22
coordinate_geometry_1499_open_q1,coordinate_geometry_1499.png,"[""target=A; target_coordinates=[-3, 3]; nearest_labels=['B']; nearest_distance=7.81; farthest_labels=['C']; farthest_distance=8.25""]","[""A""]",A,"[-3,3]","[""B""]",7.81,"[""C""]",8.25
coordinate_geometry_1500_open_q1,coordinate_geometry_1500.png,"[""target=A; target_coordinates=[-6, 3]; nearest_labels=['D']; nearest_distance=4; farthest_labels=['C']; farthest_distance=12.53""]","[""A""]",A,"[-6,3]","[""D""]",4,"[""C""]",12.53
coordinate_geometry_1501_open_q1,coordinate_geometry_1501.png,"[""target=A; target_coordinates=[5, -3]; nearest_labels=['B']; nearest_distance=12.65; farthest_labels=['B']; farthest_distance=12.65""]","[""A""]",A,"[5,-3]","[""B""]",12.65,"[""B""]",12.65
coordinate_geometry_1502_open_q1,coordinate_geometry_1502.png,"[""target=C; target_coordinates=[4, 0]; nearest_labels=['B']; nearest_distance=3; farthest_labels=['A']; farthest_distance=7""]","[""C""]",C,"[4,0]","[""B""]",3,"[""A""]",7
coordinate_geometry_1503_open_q1,coordinate_geometry_1503.png,"[""target=C; target_coordinates=[2, 2]; nearest_labels=['B']; nearest_distance=4.47; farthest_labels=['D']; farthest_distance=12.04""]","[""C""]",C,"[2,2]","[""B""]",4.47,"[""D""]",12.04
coordinate_geometry_1504_open_q1,coordinate_geometry_1504.png,"[""target=B; target_coordinates=[2, 5]; nearest_labels=['A']; nearest_distance=6.08; farthest_labels=['A']; farthest_distance=6.08""]","[""B""]",B,"[2,5]","[""A""]",6.08,"[""A""]",6.08
coordinate_geometry_1505_open_q1,coordinate_geometry_1505.png,"[""target=B; target_coordinates=[0, -3]; nearest_labels=['A']; nearest_distance=4.47; farthest_labels=['C']; farthest_distance=8.94""]","[""B""]",B,"[0,-3]","[""A""]",4.47,"[""C""]",8.94
coordinate_geometry_1506_open_q1,coordinate_geometry_1506.png,"[""target=C; target_coordinates=[2, -4]; nearest_labels=['D']; nearest_distance=3.16; farthest_labels=['A']; farthest_distance=11.18""]","[""C""]",C,"[2,-4]","[""D""]",3.16,"[""A""]",11.18
coordinate_geometry_1507_open_q1,coordinate_geometry_1507.png,"[""target=B; target_coordinates=[-3, 4]; nearest_labels=['A']; nearest_distance=8.06; farthest_labels=['A']; farthest_distance=8.06""]","[""B""]",B,"[-3,4]","[""A""]",8.06,"[""A""]",8.06
coordinate_geometry_1508_open_q1,coordinate_geometry_1508.png,"[""target=A; target_coordinates=[-5, 3]; nearest_labels=['B']; nearest_distance=2.83; farthest_labels=['C']; farthest_distance=7.07""]","[""A""]",A,"[-5,3]","[""B""]",2.83,"[""C""]",7.07
coordinate_geometry_1509_open_q1,coordinate_geometry_1509.png,"[""target=D; target_coordinates=[-7, -5]; nearest_labels=['A']; nearest_distance=4.12; farthest_labels=['C']; farthest_distance=9.85""]","[""D""]",D,"[-7,-5]","[""A""]",4.12,"[""C""]",9.85
coordinate_geometry_1510_open_q1,coordinate_geometry_1510.png,"[""target=B; target_coordinates=[-4, 6]; nearest_labels=['A']; nearest_distance=9.43; farthest_labels=['A']; farthest_distance=9.43""]","[""B""]",B,"[-4,6]","[""A""]",9.43,"[""A""]",9.43
coordinate_geometry_1511_open_q1,coordinate_geometry_1511.png,"[""target=A; target_coordinates=[0, 0]; nearest_labels=['B']; nearest_distance=6.71; farthest_labels=['C']; farthest_distance=8.94""]","[""A""]",A,"[0,0]","[""B""]",6.71,"[""C""]",8.94
coordinate_geometry_1512_open_q1,coordinate_geometry_1512.png,"[""target=D; target_coordinates=[-4, 0]; nearest_labels=['B']; nearest_distance=4.24; farthest_labels=['C']; farthest_distance=7.07""]","[""D""]",D,"[-4,0]","[""B""]",4.24,"[""C""]",7.07
coordinate_geometry_1513_open_q1,coordinate_geometry_1513.png,"[""target=B; target_coordinates=[-2, 2]; nearest_labels=['A']; nearest_distance=7.62; farthest_labels=['A']; farthest_distance=7.62""]","[""B""]",B,"[-2,2]","[""A""]",7.62,"[""A""]",7.62
coordinate_geometry_1514_open_q1,coordinate_geometry_1514.png,"[""target=B; target_coordinates=[5, -1]; nearest_labels=['C']; nearest_distance=2.24; farthest_labels=['A']; farthest_distance=6.71""]","[""B""]",B,"[5,-1]","[""C""]",2.24,"[""A""]",6.71
coordinate_geometry_1515_open_q1,coordinate_geometry_1515.png,"[""target=C; target_coordinates=[7, -2]; nearest_labels=['B']; nearest_distance=6.71; farthest_labels=['A']; farthest_distance=15.65""]","[""C""]",C,"[7,-2]","[""B""]",6.71,"[""A""]",15.65
coordinate_geometry_1516_open_q1,coordinate_geometry_1516.png,"[""target=B; target_coordinates=[6, 7]; nearest_labels=['A']; nearest_distance=10.3; farthest_labels=['A']; farthest_distance=10.3""]","[""B""]",B,"[6,7]","[""A""]",10.3,"[""A""]",10.3
coordinate_geometry_1517_open_q1,coordinate_geometry_1517.png,"[""target=C; target_coordinates=[6, 6]; nearest_labels=['B']; nearest_distance=2.24; farthest_labels=['A']; farthest_distance=11.18""]","[""C""]",C,"[6,6]","[""B""]",2.24,"[""A""]",11.18
coordinate_geometry_1518_open_q1,coordinate_geometry_1518.png,"[""target=C; target_coordinates=[5, 7]; nearest_labels=['B']; nearest_distance=4.47; farthest_labels=['A']; farthest_distance=11.18""]","[""C""]",C,"[5,7]","[""B""]",4.47,"[""A""]",11.18
coordinate_geometry_1519_open_q1,coordinate_geometry_1519.png,"[""target=B; target_coordinates=[-7, -7]; nearest_labels=['A']; nearest_distance=17.03; farthest_labels=['A']; farthest_distance=17.03""]","[""B""]",B,"[-7,-7]","[""A""]",17.03,"[""A""]",17.03
coordinate_geometry_1520_open_q1,coordinate_geometry_1520.png,"[""target=A; target_coordinates=[-6, 4]; nearest_labels=['B']; nearest_distance=5.66; farthest_labels=['C']; farthest_distance=8.49""]","[""A""]",A,"[-6,4]","[""B""]",5.66,"[""C""]",8.49
coordinate_geometry_1521_open_q1,coordinate_geometry_1521.png,"[""target=A; target_coordinates=[-6, -1]; nearest_labels=['B']; nearest_distance=2.24; farthest_labels=['C']; farthest_distance=13.42""]","[""A""]",A,"[-6,-1]","[""B""]",2.24,"[""C""]",13.42
coordinate_geometry_1522_open_q1,coordinate_geometry_1522.png,"[""target=A; target_coordinates=[-3, 4]; nearest_labels=['B']; nearest_distance=10.3; farthest_labels=['B']; farthest_distance=10.3""]","[""A""]",A,"[-3,4]","[""B""]",10.3,"[""B""]",10.3
coordinate_geometry_1523_open_q1,coordinate_geometry_1523.png,"[""target=B; target_coordinates=[-6, -4]; nearest_labels=['A']; nearest_distance=2.24; farthest_labels=['C']; farthest_distance=6.71""]","[""B""]",B,"[-6,-4]","[""A""]",2.24,"[""C""]",6.71
coordinate_geometry_1524_open_q1,coordinate_geometry_1524.png,"[""target=B; target_coordinates=[-4, 0]; nearest_labels=['A']; nearest_distance=2.24; farthest_labels=['D']; farthest_distance=8.06""]","[""B""]",B,"[-4,0]","[""A""]",2.24,"[""D""]",8.06
coordinate_geometry_1525_open_q1,coordinate_geometry_1525.png,"[""target=B; target_coordinates=[-6, -2]; nearest_labels=['A']; nearest_distance=7.21; farthest_labels=['A']; farthest_distance=7.21""]","[""B""]",B,"[-6,-2]","[""A""]",7.21,"[""A""]",7.21
coordinate_geometry_1526_open_q1,coordinate_geometry_1526.png,"[""target=C; target_coordinates=[7, 3]; nearest_labels=['B']; nearest_distance=13.42; farthest_labels=['A']; farthest_distance=15.65""]","[""C""]",C,"[7,3]","[""B""]",13.42,"[""A""]",15.65
coordinate_geometry_1527_open_q1,coordinate_geometry_1527.png,"[""target=C; target_coordinates=[0, -2]; nearest_labels=['B']; nearest_distance=2.24; farthest_labels=['A']; farthest_distance=6.71""]","[""C""]",C,"[0,-2]","[""B""]",2.24,"[""A""]",6.71
coordinate_geometry_1528_open_q1,coordinate_geometry_1528.png,"[""target=B; target_coordinates=[1, -4]; nearest_labels=['A']; nearest_distance=9.22; farthest_labels=['A']; farthest_distance=9.22""]","[""B""]",B,"[1,-4]","[""A""]",9.22,"[""A""]",9.22
coordinate_geometry_1529_open_q1,coordinate_geometry_1529.png,"[""target=B; target_coordinates=[6, 5]; nearest_labels=['C']; nearest_distance=6.71; farthest_labels=['A']; farthest_distance=10.2""]","[""B""]",B,"[6,5]","[""C""]",6.71,"[""A""]",10.2
coordinate_geometry_1530_open_q1,coordinate_geometry_1530.png,"[""target=A; target_coordinates=[0, -7]; nearest_labels=['B']; nearest_distance=7.07; farthest_labels=['C']; farthest_distance=13.93""]","[""A""]",A,"[0,-7]","[""B""]",7.07,"[""C""]",13.93
coordinate_geometry_1531_open_q1,coordinate_geometry_1531.png,"[""target=A; target_coordinates=[-2, 6]; nearest_labels=['B']; nearest_distance=5.1; farthest_labels=['B']; farthest_distance=5.1""]","[""A""]",A,"[-2,6]","[""B""]",5.1,"[""B""]",5.1
coordinate_geometry_1532_open_q1,coordinate_geometry_1532.png,"[""target=B; target_coordinates=[4, 5]; nearest_labels=['C']; nearest_distance=10; farthest_labels=['A']; farthest_distance=11.4""]","[""B""]",B,"[4,5]","[""C""]",10,"[""A""]",11.4
coordinate_geometry_1533_open_q1,coordinate_geometry_1533.png,"[""target=B; target_coordinates=[-1, 3]; nearest_labels=['A']; nearest_distance=5; farthest_labels=['D']; farthest_distance=8.54""]","[""B""]",B,"[-1,3]","[""A""]",5,"[""D""]",8.54
coordinate_geometry_1534_open_q1,coordinate_geometry_1534.png,"[""target=A; target_coordinates=[-4, 3]; nearest_labels=['B']; nearest_distance=8.54; farthest_labels=['B']; farthest_distance=8.54""]","[""A""]",A,"[-4,3]","[""B""]",8.54,"[""B""]",8.54
coordinate_geometry_1535_open_q1,coordinate_geometry_1535.png,"[""target=A; target_coordinates=[-7, -1]; nearest_labels=['B']; nearest_distance=5.66; farthest_labels=['C']; farthest_distance=12.21""]","[""A""]",A,"[-7,-1]","[""B""]",5.66,"[""C""]",12.21
coordinate_geometry_1536_open_q1,coordinate_geometry_1536.png,"[""target=D; target_coordinates=[-3, 2]; nearest_labels=['A']; nearest_distance=3.16; farthest_labels=['B']; farthest_distance=9.43""]","[""D""]",D,"[-3,2]","[""A""]",3.16,"[""B""]",9.43
coordinate_geometry_1537_open_q1,coordinate_geometry_1537.png,"[""target=A; target_coordinates=[6, 4]; nearest_labels=['B']; nearest_distance=14.32; farthest_labels=['B']; farthest_distance=14.32""]","[""A""]",A,"[6,4]","[""B""]",14.32,"[""B""]",14.32
coordinate_geometry_1538_open_q1,coordinate_geometry_1538.png,"[""target=C; target_coordinates=[4, -2]; nearest_labels=['A']; nearest_distance=9.06; farthest_labels=['B']; farthest_distance=13.42""]","[""C""]",C,"[4,-2]","[""A""]",9.06,"[""B""]",13.42
coordinate_geometry_1539_open_q1,coordinate_geometry_1539.png,"[""target=D; target_coordinates=[7, -6]; nearest_labels=['A']; nearest_distance=4.12; farthest_labels=['C']; farthest_distance=13.89""]","[""D""]",D,"[7,-6]","[""A""]",4.12,"[""C""]",13.89
coordinate_geometry_1540_open_q1,coordinate_geometry_1540.png,"[""target=B; target_coordinates=[-4, -6]; nearest_labels=['A']; nearest_distance=12; farthest_labels=['A']; farthest_distance=12""]","[""B""]",B,"[-4,-6]","[""A""]",12,"[""A""]",12
coordinate_geometry_1541_open_q1,coordinate_geometry_1541.png,"[""target=A; target_coordinates=[-3, -1]; nearest_labels=['B']; nearest_distance=2.83; farthest_labels=['C']; farthest_distance=4.24""]","[""A""]",A,"[-3,-1]","[""B""]",2.83,"[""C""]",4.24
coordinate_geometry_1542_open_q1,coordinate_geometry_1542.png,"[""target=D; target_coordinates=[1, -6]; nearest_labels=['B']; nearest_distance=5.1; farthest_labels=['C']; farthest_distance=13.6""]","[""D""]",D,"[1,-6]","[""B""]",5.1,"[""C""]",13.6
coordinate_geometry_1543_open_q1,coordinate_geometry_1543.png,"[""target=A; target_coordinates=[-7, 7]; nearest_labels=['B']; nearest_distance=12; farthest_labels=['B']; farthest_distance=12""]","[""A""]",A,"[-7,7]","[""B""]",12,"[""B""]",12
coordinate_geometry_1544_open_q1,coordinate_geometry_1544.png,"[""target=B; target_coordinates=[-5, 6]; nearest_labels=['C']; nearest_distance=8.06; farthest_labels=['A']; farthest_distance=14.14""]","[""B""]",B,"[-5,6]","[""C""]",8.06,"[""A""]",14.14
coordinate_geometry_1545_open_q1,coordinate_geometry_1545.png,"[""target=D; target_coordinates=[2, -1]; nearest_labels=['A']; nearest_distance=4.24; farthest_labels=['B']; farthest_distance=8.6""]","[""D""]",D,"[2,-1]","[""A""]",4.24,"[""B""]",8.6
coordinate_geometry_1546_open_q1,coordinate_geometry_1546.png,"[""target=A; target_coordinates=[3, 5]; nearest_labels=['B']; nearest_distance=3.61; farthest_labels=['B']; farthest_distance=3.61""]","[""A""]",A,"[3,5]","[""B""]",3.61,"[""B""]",3.61
coordinate_geometry_1547_open_q1,coordinate_geometry_1547.png,"[""target=A; target_coordinates=[6, -1]; nearest_labels=['C']; nearest_distance=6.08; farthest_labels=['B']; farthest_distance=10.63""]","[""A""]",A,"[6,-1]","[""C""]",6.08,"[""B""]",10.63
coordinate_geometry_1548_open_q1,coordinate_geometry_1548.png,"[""target=C; target_coordinates=[-2, -6]; nearest_labels=['B']; nearest_distance=9.06; farthest_labels=['D']; farthest_distance=12.65""]","[""C""]",C,"[-2,-6]","[""B""]",9.06,"[""D""]",12.65
coordinate_geometry_1549_open_q1,coordinate_geometry_1549.png,"[""target=B; target_coordinates=[-5, -8]; nearest_labels=['A']; nearest_distance=13.93; farthest_labels=['A']; farthest_distance=13.93""]","[""B""]",B,"[-5,-8]","[""A""]",13.93,"[""A""]",13.93
coordinate_geometry_1550_open_q1,coordinate_geometry_1550.png,"[""target=A; target_coordinates=[-7, 1]; nearest_labels=['C']; nearest_distance=6.4; farthest_labels=['B']; farthest_distance=10.05""]","[""A""]",A,"[-7,1]","[""C""]",6.4,"[""B""]",10.05
coordinate_geometry_1551_open_q1,coordinate_geometry_1551.png,"[""target=C; target_coordinates=[-6, -4]; nearest_labels=['B']; nearest_distance=10.05; farthest_labels=['A']; farthest_distance=12.17""]","[""C""]",C,"[-6,-4]","[""B""]",10.05,"[""A""]",12.17
coordinate_geometry_1552_open_q1,coordinate_geometry_1552.png,"[""target=B; target_coordinates=[-5, -3]; nearest_labels=['A']; nearest_distance=4.24; farthest_labels=['A']; farthest_distance=4.24""]","[""B""]",B,"[-5,-3]","[""A""]",4.24,"[""A""]",4.24
coordinate_geometry_1553_open_q1,coordinate_geometry_1553.png,"[""target=C; target_coordinates=[0, -8]; nearest_labels=['A']; nearest_distance=8.49; farthest_labels=['B']; farthest_distance=16.28""]","[""C""]",C,"[0,-8]","[""A""]",8.49,"[""B""]",16.28
coordinate_geometry_1554_open_q1,coordinate_geometry_1554.png,"[""target=A; target_coordinates=[-6, -6]; nearest_labels=['B']; nearest_distance=2.83; farthest_labels=['C']; farthest_distance=13.04""]","[""A""]",A,"[-6,-6]","[""B""]",2.83,"[""C""]",13.04
coordinate_geometry_1555_open_q1,coordinate_geometry_1555.png,"[""target=B; target_coordinates=[-1, -4]; nearest_labels=['A']; nearest_distance=3.61; farthest_labels=['A']; farthest_distance=3.61""]","[""B""]",B,"[-1,-4]","[""A""]",3.61,"[""A""]",3.61
coordinate_geometry_1556_open_q1,coordinate_geometry_1556.png,"[""target=A; target_coordinates=[0, 6]; nearest_labels=['C']; nearest_distance=2.24; farthest_labels=['B']; farthest_distance=8.54""]","[""A""]",A,"[0,6]","[""C""]",2.24,"[""B""]",8.54
coordinate_geometry_1557_open_q1,coordinate_geometry_1557.png,"[""target=A; target_coordinates=[3, -5]; nearest_labels=['C']; nearest_distance=4.47; farthest_labels=['D']; farthest_distance=10.77""]","[""A""]",A,"[3,-5]","[""C""]",4.47,"[""D""]",10.77
coordinate_geometry_1558_open_q1,coordinate_geometry_1558.png,"[""target=A; target_coordinates=[2, -5]; nearest_labels=['B']; nearest_distance=5.39; farthest_labels=['B']; farthest_distance=5.39""]","[""A""]",A,"[2,-5]","[""B""]",5.39,"[""B""]",5.39
coordinate_geometry_1559_open_q1,coordinate_geometry_1559.png,"[""target=B; target_coordinates=[3, -3]; nearest_labels=['C']; nearest_distance=5; farthest_labels=['A']; farthest_distance=5.83""]","[""B""]",B,"[3,-3]","[""C""]",5,"[""A""]",5.83
coordinate_geometry_1560_open_q1,coordinate_geometry_1560.png,"[""target=C; target_coordinates=[-2, 2]; nearest_labels=['A']; nearest_distance=4.47; farthest_labels=['D']; farthest_distance=7.81""]","[""C""]",C,"[-2,2]","[""A""]",4.47,"[""D""]",7.81
coordinate_geometry_1561_open_q1,coordinate_geometry_1561.png,"[""target=B; target_coordinates=[3, 6]; nearest_labels=['A']; nearest_distance=13.04; farthest_labels=['A']; farthest_distance=13.04""]","[""B""]",B,"[3,6]","[""A""]",13.04,"[""A""]",13.04
coordinate_geometry_1562_open_q1,coordinate_geometry_1562.png,"[""target=B; target_coordinates=[3, 0]; nearest_labels=['C']; nearest_distance=2.83; farthest_labels=['A']; farthest_distance=5.66""]","[""B""]",B,"[3,0]","[""C""]",2.83,"[""A""]",5.66
coordinate_geometry_1563_open_q1,coordinate_geometry_1563.png,"[""target=D; target_coordinates=[-1, 5]; nearest_labels=['C']; nearest_distance=3.61; farthest_labels=['A']; farthest_distance=12.17""]","[""D""]",D,"[-1,5]","[""C""]",3.61,"[""A""]",12.17
coordinate_geometry_1564_open_q1,coordinate_geometry_1564.png,"[""target=A; target_coordinates=[-4, -4]; nearest_labels=['B']; nearest_distance=4.12; farthest_labels=['B']; farthest_distance=4.12""]","[""A""]",A,"[-4,-4]","[""B""]",4.12,"[""B""]",4.12
coordinate_geometry_1565_open_q1,coordinate_geometry_1565.png,"[""target=A; target_coordinates=[-2, 0]; nearest_labels=['B']; nearest_distance=8.94; farthest_labels=['C']; farthest_distance=11.18""]","[""A""]",A,"[-2,0]","[""B""]",8.94,"[""C""]",11.18
coordinate_geometry_1566_open_q1,coordinate_geometry_1566.png,"[""target=D; target_coordinates=[-5, 2]; nearest_labels=['A']; nearest_distance=4.47; farthest_labels=['C']; farthest_distance=9.85""]","[""D""]",D,"[-5,2]","[""A""]",4.47,"[""C""]",9.85
coordinate_geometry_1567_open_q1,coordinate_geometry_1567.png,"[""target=A; target_coordinates=[8, -8]; nearest_labels=['B']; nearest_distance=16.76; farthest_labels=['B']; farthest_distance=16.76""]","[""A""]",A,"[8,-8]","[""B""]",16.76,"[""B""]",16.76
coordinate_geometry_1568_open_q1,coordinate_geometry_1568.png,"[""target=A; target_coordinates=[-1, -7]; nearest_labels=['B']; nearest_distance=4.47; farthest_labels=['C']; farthest_distance=6.71""]","[""A""]",A,"[-1,-7]","[""B""]",4.47,"[""C""]",6.71
coordinate_geometry_1569_open_q1,coordinate_geometry_1569.png,"[""target=C; target_coordinates=[6, -5]; nearest_labels=['D']; nearest_distance=5.39; farthest_labels=['A']; farthest_distance=11.18""]","[""C""]",C,"[6,-5]","[""D""]",5.39,"[""A""]",11.18
coordinate_geometry_1570_open_q1,coordinate_geometry_1570.png,"[""target=B; target_coordinates=[-8, 8]; nearest_labels=['A']; nearest_distance=8.6; farthest_labels=['A']; farthest_distance=8.6""]","[""B""]",B,"[-8,8]","[""A""]",8.6,"[""A""]",8.6
coordinate_geometry_1571_open_q1,coordinate_geometry_1571.png,"[""target=A; target_coordinates=[-5, -3]; nearest_labels=['B']; nearest_distance=4.24; farthest_labels=['C']; farthest_distance=7.07""]","[""A""]",A,"[-5,-3]","[""B""]",4.24,"[""C""]",7.07
coordinate_geometry_1572_open_q1,coordinate_geometry_1572.png,"[""target=B; target_coordinates=[6, -1]; nearest_labels=['C']; nearest_distance=2.24; farthest_labels=['A']; farthest_distance=11.18""]","[""B""]",B,"[6,-1]","[""C""]",2.24,"[""A""]",11.18
coordinate_geometry_1573_open_q1,coordinate_geometry_1573.png,"[""target=A; target_coordinates=[-5, -8]; nearest_labels=['B']; nearest_distance=7.07; farthest_labels=['B']; farthest_distance=7.07""]","[""A""]",A,"[-5,-8]","[""B""]",7.07,"[""B""]",7.07
coordinate_geometry_1574_open_q1,coordinate_geometry_1574.png,"[""target=A; target_coordinates=[-1, 7]; nearest_labels=['B']; nearest_distance=4.47; farthest_labels=['C']; farthest_distance=11.18""]","[""A""]",A,"[-1,7]","[""B""]",4.47,"[""C""]",11.18
coordinate_geometry_1575_open_q1,coordinate_geometry_1575.png,"[""target=D; target_coordinates=[-3, -7]; nearest_labels=['A']; nearest_distance=5.39; farthest_labels=['C']; farthest_distance=11.31""]","[""D""]",D,"[-3,-7]","[""A""]",5.39,"[""C""]",11.31
coordinate_geometry_1576_open_q1,coordinate_geometry_1576.png,"[""target=B; target_coordinates=[2, 6]; nearest_labels=['A']; nearest_distance=6.71; farthest_labels=['A']; farthest_distance=6.71""]","[""B""]",B,"[2,6]","[""A""]",6.71,"[""A""]",6.71
coordinate_geometry_1577_open_q1,coordinate_geometry_1577.png,"[""target=B; target_coordinates=[-3, -3]; nearest_labels=['A']; nearest_distance=2.24; farthest_labels=['C']; farthest_distance=11.18""]","[""B""]",B,"[-3,-3]","[""A""]",2.24,"[""C""]",11.18
coordinate_geometry_1578_open_q1,coordinate_geometry_1578.png,"[""target=A; target_coordinates=[-4, 4]; nearest_labels=['B']; nearest_distance=6.71; farthest_labels=['D']; farthest_distance=13.04""]","[""A""]",A,"[-4,4]","[""B""]",6.71,"[""D""]",13.04
coordinate_geometry_1579_open_q1,coordinate_geometry_1579.png,"[""target=A; target_coordinates=[3, 7]; nearest_labels=['B']; nearest_distance=12.04; farthest_labels=['B']; farthest_distance=12.04""]","[""A""]",A,"[3,7]","[""B""]",12.04,"[""B""]",12.04
coordinate_geometry_1580_open_q1,coordinate_geometry_1580.png,"[""target=B; target_coordinates=[4, 4]; nearest_labels=['C']; nearest_distance=4.47; farthest_labels=['A']; farthest_distance=6.71""]","[""B""]",B,"[4,4]","[""C""]",4.47,"[""A""]",6.71
coordinate_geometry_1581_open_q1,coordinate_geometry_1581.png,"[""target=A; target_coordinates=[-1, -5]; nearest_labels=['B']; nearest_distance=4.47; farthest_labels=['C']; farthest_distance=11.18""]","[""A""]",A,"[-1,-5]","[""B""]",4.47,"[""C""]",11.18
coordinate_geometry_1582_open_q1,coordinate_geometry_1582.png,"[""target=A; target_coordinates=[5, 5]; nearest_labels=['B']; nearest_distance=2.24; farthest_labels=['B']; farthest_distance=2.24""]","[""A""]",A,"[5,5]","[""B""]",2.24,"[""B""]",2.24
coordinate_geometry_1583_open_q1,coordinate_geometry_1583.png,"[""target=A; target_coordinates=[-3, 0]; nearest_labels=['B']; nearest_distance=4.47; farthest_labels=['C']; farthest_distance=11.18""]","[""A""]",A,"[-3,0]","[""B""]",4.47,"[""C""]",11.18
coordinate_geometry_1584_open_q1,coordinate_geometry_1584.png,"[""target=B; target_coordinates=[-1, -2]; nearest_labels=['A']; nearest_distance=2.83; farthest_labels=['D']; farthest_distance=9.85""]","[""B""]",B,"[-1,-2]","[""A""]",2.83,"[""D""]",9.85
coordinate_geometry_1585_open_q1,coordinate_geometry_1585.png,"[""target=B; target_coordinates=[7, 0]; nearest_labels=['A']; nearest_distance=16.55; farthest_labels=['A']; farthest_distance=16.55""]","[""B""]",B,"[7,0]","[""A""]",16.55,"[""A""]",16.55
coordinate_geometry_1586_open_q1,coordinate_geometry_1586.png,"[""target=A; target_coordinates=[-7, -1]; nearest_labels=['B']; nearest_distance=8.94; farthest_labels=['C']; farthest_distance=13.42""]","[""A""]",A,"[-7,-1]","[""B""]",8.94,"[""C""]",13.42
coordinate_geometry_1587_open_q1,coordinate_geometry_1587.png,"[""target=D; target_coordinates=[-2, -7]; nearest_labels=['C']; nearest_distance=6.4; farthest_labels=['A']; farthest_distance=11.18""]","[""D""]",D,"[-2,-7]","[""C""]",6.4,"[""A""]",11.18
coordinate_geometry_1588_open_q1,coordinate_geometry_1588.png,"[""target=B; target_coordinates=[0, -1]; nearest_labels=['A']; nearest_distance=6; farthest_labels=['A']; farthest_distance=6""]","[""B""]",B,"[0,-1]","[""A""]",6,"[""A""]",6
coordinate_geometry_1589_open_q1,coordinate_geometry_1589.png,"[""target=A; target_coordinates=[-3, 6]; nearest_labels=['C']; nearest_distance=9.43; farthest_labels=['B']; farthest_distance=12.08""]","[""A""]",A,"[-3,6]","[""C""]",9.43,"[""B""]",12.08
coordinate_geometry_1590_open_q1,coordinate_geometry_1590.png,"[""target=D; target_coordinates=[4, -2]; nearest_labels=['A']; nearest_distance=6.08; farthest_labels=['C']; farthest_distance=9.85""]","[""D""]",D,"[4,-2]","[""A""]",6.08,"[""C""]",9.85
coordinate_geometry_1591_open_q1,coordinate_geometry_1591.png,"[""target=B; target_coordinates=[6, -7]; nearest_labels=['A']; nearest_distance=9.49; farthest_labels=['A']; farthest_distance=9.49""]","[""B""]",B,"[6,-7]","[""A""]",9.49,"[""A""]",9.49
coordinate_geometry_1592_open_q1,coordinate_geometry_1592.png,"[""target=B; target_coordinates=[3, -5]; nearest_labels=['C']; nearest_distance=4.12; farthest_labels=['A']; farthest_distance=5""]","[""B""]",B,"[3,-5]","[""C""]",4.12,"[""A""]",5
coordinate_geometry_1593_open_q1,coordinate_geometry_1593.png,"[""target=D; target_coordinates=[6, -3]; nearest_labels=['A']; nearest_distance=5; farthest_labels=['C']; farthest_distance=14.42""]","[""D""]",D,"[6,-3]","[""A""]",5,"[""C""]",14.42
coordinate_geometry_1594_open_q1,coordinate_geometry_1594.png,"[""target=A; target_coordinates=[-7, -6]; nearest_labels=['B']; nearest_distance=15.65; farthest_labels=['B']; farthest_distance=15.65""]","[""A""]",A,"[-7,-6]","[""B""]",15.65,"[""B""]",15.65
coordinate_geometry_1595_open_q1,coordinate_geometry_1595.png,"[""target=B; target_coordinates=[-1, -6]; nearest_labels=['C']; nearest_distance=4.12; farthest_labels=['A']; farthest_distance=14.21""]","[""B""]",B,"[-1,-6]","[""C""]",4.12,"[""A""]",14.21
coordinate_geometry_1596_open_q1,coordinate_geometry_1596.png,"[""target=C; target_coordinates=[6, -3]; nearest_labels=['A']; nearest_distance=7.07; farthest_labels=['D']; farthest_distance=15.81""]","[""C""]",C,"[6,-3]","[""A""]",7.07,"[""D""]",15.81
coordinate_geometry_1597_open_q1,coordinate_geometry_1597.png,"[""target=A; target_coordinates=[7, 6]; nearest_labels=['B']; nearest_distance=10.2; farthest_labels=['B']; farthest_distance=10.2""]","[""A""]",A,"[7,6]","[""B""]",10.2,"[""B""]",10.2
coordinate_geometry_1598_open_q1,coordinate_geometry_1598.png,"[""target=B; target_coordinates=[5, -8]; nearest_labels=['C']; nearest_distance=4.47; farthest_labels=['A']; farthest_distance=12.17""]","[""B""]",B,"[5,-8]","[""C""]",4.47,"[""A""]",12.17
coordinate_geometry_1599_open_q1,coordinate_geometry_1599.png,"[""target=D; target_coordinates=[-6, -5]; nearest_labels=['A']; nearest_distance=3.61; farthest_labels=['B']; farthest_distance=16.64""]","[""D""]",D,"[-6,-5]","[""A""]",3.61,"[""B""]",16.64
coordinate_geometry_1600_open_q1,coordinate_geometry_1600.png,"[""target=A; target_coordinates=[-4, 4]; nearest_labels=['B']; nearest_distance=9.06; farthest_labels=['B']; farthest_distance=9.06""]","[""A""]",A,"[-4,4]","[""B""]",9.06,"[""B""]",9.06
coordinate_geometry_1601_open_q1,coordinate_geometry_1601.png,"[""target=C; target_coordinates=[0, 4]; nearest_labels=['A']; nearest_distance=4.12; farthest_labels=['B']; farthest_distance=7.62""]","[""C""]",C,"[0,4]","[""A""]",4.12,"[""B""]",7.62
coordinate_geometry_1602_open_q1,coordinate_geometry_1602.png,"[""target=C; target_coordinates=[5, 2]; nearest_labels=['A']; nearest_distance=3.61; farthest_labels=['B']; farthest_distance=12.17""]","[""C""]",C,"[5,2]","[""A""]",3.61,"[""B""]",12.17
coordinate_geometry_1603_open_q1,coordinate_geometry_1603.png,"[""target=A; target_coordinates=[5, -8]; nearest_labels=['B']; nearest_distance=6.71; farthest_labels=['B']; farthest_distance=6.71""]","[""A""]",A,"[5,-8]","[""B""]",6.71,"[""B""]",6.71
coordinate_geometry_1604_open_q1,coordinate_geometry_1604.png,"[""target=C; target_coordinates=[-1, 1]; nearest_labels=['B']; nearest_distance=3.16; farthest_labels=['A']; farthest_distance=6.71""]","[""C""]",C,"[-1,1]","[""B""]",3.16,"[""A""]",6.71
coordinate_geometry_1605_open_q1,coordinate_geometry_1605.png,"[""target=C; target_coordinates=[8, 6]; nearest_labels=['A']; nearest_distance=7.62; farthest_labels=['B']; farthest_distance=14.76""]","[""C""]",C,"[8,6]","[""A""]",7.62,"[""B""]",14.76
coordinate_geometry_1606_open_q1,coordinate_geometry_1606.png,"[""target=A; target_coordinates=[6, -6]; nearest_labels=['B']; nearest_distance=16.12; farthest_labels=['B']; farthest_distance=16.12""]","[""A""]",A,"[6,-6]","[""B""]",16.12,"[""B""]",16.12
coordinate_geometry_1607_open_q1,coordinate_geometry_1607.png,"[""target=B; target_coordinates=[-8, -3]; nearest_labels=['C']; nearest_distance=8.06; farthest_labels=['A']; farthest_distance=12.81""]","[""B""]",B,"[-8,-3]","[""C""]",8.06,"[""A""]",12.81
coordinate_geometry_1608_open_q1,coordinate_geometry_1608.png,"[""target=B; target_coordinates=[-3, -6]; nearest_labels=['C']; nearest_distance=5; farthest_labels=['D']; farthest_distance=13.6""]","[""B""]",B,"[-3,-6]","[""C""]",5,"[""D""]",13.6
coordinate_geometry_1609_open_q1,coordinate_geometry_1609.png,"[""target=A; target_coordinates=[-1, -6]; nearest_labels=['B']; nearest_distance=13.15; farthest_labels=['B']; farthest_distance=13.15""]","[""A""]",A,"[-1,-6]","[""B""]",13.15,"[""B""]",13.15
coordinate_geometry_1610_open_q1,coordinate_geometry_1610.png,"[""target=A; target_coordinates=[4, -4]; nearest_labels=['B']; nearest_distance=3.61; farthest_labels=['C']; farthest_distance=4.47""]","[""A""]",A,"[4,-4]","[""B""]",3.61,"[""C""]",4.47
coordinate_geometry_1611_open_q1,coordinate_geometry_1611.png,"[""target=D; target_coordinates=[0, -4]; nearest_labels=['A']; nearest_distance=2.24; farthest_labels=['B']; farthest_distance=11.18""]","[""D""]",D,"[0,-4]","[""A""]",2.24,"[""B""]",11.18
coordinate_geometry_1612_open_q1,coordinate_geometry_1612.png,"[""target=A; target_coordinates=[-3, 5]; nearest_labels=['B']; nearest_distance=13; farthest_labels=['B']; farthest_distance=13""]","[""A""]",A,"[-3,5]","[""B""]",13,"[""B""]",13
coordinate_geometry_1613_open_q1,coordinate_geometry_1613.png,"[""target=B; target_coordinates=[-3, 3]; nearest_labels=['A']; nearest_distance=3.16; farthest_labels=['C']; farthest_distance=6.08""]","[""B""]",B,"[-3,3]","[""A""]",3.16,"[""C""]",6.08
coordinate_geometry_1614_open_q1,coordinate_geometry_1614.png,"[""target=B; target_coordinates=[0, -4]; nearest_labels=['A']; nearest_distance=3.16; farthest_labels=['C']; farthest_distance=12.65""]","[""B""]",B,"[0,-4]","[""A""]",3.16,"[""C""]",12.65
coordinate_geometry_1615_open_q1,coordinate_geometry_1615.png,"[""target=A; target_coordinates=[1, 8]; nearest_labels=['B']; nearest_distance=9.06; farthest_labels=['B']; farthest_distance=9.06""]","[""A""]",A,"[1,8]","[""B""]",9.06,"[""B""]",9.06
coordinate_geometry_1616_open_q1,coordinate_geometry_1616.png,"[""target=B; target_coordinates=[6, 3]; nearest_labels=['A']; nearest_distance=4; farthest_labels=['C']; farthest_distance=8.54""]","[""B""]",B,"[6,3]","[""A""]",4,"[""C""]",8.54
coordinate_geometry_1617_open_q1,coordinate_geometry_1617.png,"[""target=C; target_coordinates=[0, 5]; nearest_labels=['D']; nearest_distance=7.28; farthest_labels=['B']; farthest_distance=10.63""]","[""C""]",C,"[0,5]","[""D""]",7.28,"[""B""]",10.63
coordinate_geometry_1618_open_q1,coordinate_geometry_1618.png,"[""target=B; target_coordinates=[-5, 3]; nearest_labels=['A']; nearest_distance=6.08; farthest_labels=['A']; farthest_distance=6.08""]","[""B""]",B,"[-5,3]","[""A""]",6.08,"[""A""]",6.08
coordinate_geometry_1619_open_q1,coordinate_geometry_1619.png,"[""target=B; target_coordinates=[-1, 8]; nearest_labels=['A']; nearest_distance=8.25; farthest_labels=['C']; farthest_distance=9.85""]","[""B""]",B,"[-1,8]","[""A""]",8.25,"[""C""]",9.85
coordinate_geometry_1620_open_q1,coordinate_geometry_1620.png,"[""target=B; target_coordinates=[3, 2]; nearest_labels=['A']; nearest_distance=9.43; farthest_labels=['D']; farthest_distance=13.6""]","[""B""]",B,"[3,2]","[""A""]",9.43,"[""D""]",13.6
coordinate_geometry_1621_open_q1,coordinate_geometry_1621.png,"[""target=B; target_coordinates=[-8, -4]; nearest_labels=['A']; nearest_distance=8.94; farthest_labels=['A']; farthest_distance=8.94""]","[""B""]",B,"[-8,-4]","[""A""]",8.94,"[""A""]",8.94
coordinate_geometry_1622_open_q1,coordinate_geometry_1622.png,"[""target=A; target_coordinates=[-5, -6]; nearest_labels=['B']; nearest_distance=2.24; farthest_labels=['C']; farthest_distance=13.42""]","[""A""]",A,"[-5,-6]","[""B""]",2.24,"[""C""]",13.42
coordinate_geometry_1623_open_q1,coordinate_geometry_1623.png,"[""target=A; target_coordinates=[-2, 1]; nearest_labels=['B']; nearest_distance=3; farthest_labels=['C']; farthest_distance=7""]","[""A""]",A,"[-2,1]","[""B""]",3,"[""C""]",7
coordinate_geometry_1624_open_q1,coordinate_geometry_1624.png,"[""target=B; target_coordinates=[-2, 8]; nearest_labels=['A']; nearest_distance=11.4; farthest_labels=['A']; farthest_distance=11.4""]","[""B""]",B,"[-2,8]","[""A""]",11.4,"[""A""]",11.4
coordinate_geometry_1625_open_q1,coordinate_geometry_1625.png,"[""target=C; target_coordinates=[5, 4]; nearest_labels=['B']; nearest_distance=2.24; farthest_labels=['A']; farthest_distance=13.42""]","[""C""]",C,"[5,4]","[""B""]",2.24,"[""A""]",13.42
coordinate_geometry_1626_open_q1,coordinate_geometry_1626.png,"[""target=C; target_coordinates=[2, 2]; nearest_labels=['B']; nearest_distance=4.24; farthest_labels=['A']; farthest_distance=9.9""]","[""C""]",C,"[2,2]","[""B""]",4.24,"[""A""]",9.9
coordinate_geometry_1627_open_q1,coordinate_geometry_1627.png,"[""target=A; target_coordinates=[0, 3]; nearest_labels=['B']; nearest_distance=5.66; farthest_labels=['B']; farthest_distance=5.66""]","[""A""]",A,"[0,3]","[""B""]",5.66,"[""B""]",5.66
coordinate_geometry_1628_open_q1,coordinate_geometry_1628.png,"[""target=C; target_coordinates=[8, 2]; nearest_labels=['B']; nearest_distance=2.24; farthest_labels=['A']; farthest_distance=11.18""]","[""C""]",C,"[8,2]","[""B""]",2.24,"[""A""]",11.18
coordinate_geometry_1629_open_q1,coordinate_geometry_1629.png,"[""target=B; target_coordinates=[0, -2]; nearest_labels=['A']; nearest_distance=4.47; farthest_labels=['D']; farthest_distance=10""]","[""B""]",B,"[0,-2]","[""A""]",4.47,"[""D""]",10
coordinate_geometry_1630_open_q1,coordinate_geometry_1630.png,"[""target=B; target_coordinates=[-4, 8]; nearest_labels=['A']; nearest_distance=13.42; farthest_labels=['A']; farthest_distance=13.42""]","[""B""]",B,"[-4,8]","[""A""]",13.42,"[""A""]",13.42
coordinate_geometry_1631_open_q1,coordinate_geometry_1631.png,"[""target=B; target_coordinates=[0, 3]; nearest_labels=['C']; nearest_distance=3; farthest_labels=['A']; farthest_distance=5""]","[""B""]",B,"[0,3]","[""C""]",3,"[""A""]",5
coordinate_geometry_1632_open_q1,coordinate_geometry_1632.png,"[""target=C; target_coordinates=[4, -2]; nearest_labels=['B']; nearest_distance=2.24; farthest_labels=['D']; farthest_distance=11.18""]","[""C""]",C,"[4,-2]","[""B""]",2.24,"[""D""]",11.18
coordinate_geometry_1633_open_q1,coordinate_geometry_1633.png,"[""target=B; target_coordinates=[1, 3]; nearest_labels=['A']; nearest_distance=7.81; farthest_labels=['A']; farthest_distance=7.81""]","[""B""]",B,"[1,3]","[""A""]",7.81,"[""A""]",7.81
coordinate_geometry_1634_open_q1,coordinate_geometry_1634.png,"[""target=A; target_coordinates=[-8, 2]; nearest_labels=['B']; nearest_distance=8.94; farthest_labels=['C']; farthest_distance=13.42""]","[""A""]",A,"[-8,2]","[""B""]",8.94,"[""C""]",13.42
coordinate_geometry_1635_open_q1,coordinate_geometry_1635.png,"[""target=C; target_coordinates=[4, -6]; nearest_labels=['D']; nearest_distance=9.06; farthest_labels=['A']; farthest_distance=13.42""]","[""C""]",C,"[4,-6]","[""D""]",9.06,"[""A""]",13.42
coordinate_geometry_1636_open_q1,coordinate_geometry_1636.png,"[""target=A; target_coordinates=[8, 3]; nearest_labels=['B']; nearest_distance=13.45; farthest_labels=['B']; farthest_distance=13.45""]","[""A""]",A,"[8,3]","[""B""]",13.45,"[""B""]",13.45
coordinate_geometry_1637_open_q1,coordinate_geometry_1637.png,"[""target=B; target_coordinates=[-1, 3]; nearest_labels=['A']; nearest_distance=2.83; farthest_labels=['C']; farthest_distance=4.24""]","[""B""]",B,"[-1,3]","[""A""]",2.83,"[""C""]",4.24
coordinate_geometry_1638_open_q1,coordinate_geometry_1638.png,"[""target=D; target_coordinates=[8, 4]; nearest_labels=['C']; nearest_distance=7.21; farthest_labels=['A']; farthest_distance=16.4""]","[""D""]",D,"[8,4]","[""C""]",7.21,"[""A""]",16.4
coordinate_geometry_1639_open_q1,coordinate_geometry_1639.png,"[""target=A; target_coordinates=[-8, 3]; nearest_labels=['B']; nearest_distance=5.83; farthest_labels=['B']; farthest_distance=5.83""]","[""A""]",A,"[-8,3]","[""B""]",5.83,"[""B""]",5.83
coordinate_geometry_1640_open_q1,coordinate_geometry_1640.png,"[""target=B; target_coordinates=[1, 6]; nearest_labels=['C']; nearest_distance=2.24; farthest_labels=['A']; farthest_distance=6.71""]","[""B""]",B,"[1,6]","[""C""]",2.24,"[""A""]",6.71
coordinate_geometry_1641_open_q1,coordinate_geometry_1641.png,"[""target=C; target_coordinates=[7, -1]; nearest_labels=['B']; nearest_distance=4.47; farthest_labels=['A']; farthest_distance=15.65""]","[""C""]",C,"[7,-1]","[""B""]",4.47,"[""A""]",15.65
coordinate_geometry_1642_open_q1,coordinate_geometry_1642.png,"[""target=B; target_coordinates=[5, -7]; nearest_labels=['A']; nearest_distance=6.71; farthest_labels=['A']; farthest_distance=6.71""]","[""B""]",B,"[5,-7]","[""A""]",6.71,"[""A""]",6.71
coordinate_geometry_1643_open_q1,coordinate_geometry_1643.png,"[""target=A; target_coordinates=[-3, -1]; nearest_labels=['B']; nearest_distance=2.83; farthest_labels=['C']; farthest_distance=9.9""]","[""A""]",A,"[-3,-1]","[""B""]",2.83,"[""C""]",9.9
coordinate_geometry_1644_open_q1,coordinate_geometry_1644.png,"[""target=C; target_coordinates=[1, -1]; nearest_labels=['B']; nearest_distance=5.66; farthest_labels=['A']; farthest_distance=8.49""]","[""C""]",C,"[1,-1]","[""B""]",5.66,"[""A""]",8.49
coordinate_geometry_1645_open_q1,coordinate_geometry_1645.png,"[""target=A; target_coordinates=[8, 2]; nearest_labels=['B']; nearest_distance=7.62; farthest_labels=['B']; farthest_distance=7.62""]","[""A""]",A,"[8,2]","[""B""]",7.62,"[""B""]",7.62
coordinate_geometry_1646_open_q1,coordinate_geometry_1646.png,"[""target=A; target_coordinates=[-1, 0]; nearest_labels=['B']; nearest_distance=2.24; farthest_labels=['C']; farthest_distance=6.71""]","[""A""]",A,"[-1,0]","[""B""]",2.24,"[""C""]",6.71
coordinate_geometry_1647_open_q1,coordinate_geometry_1647.png,"[""target=B; target_coordinates=[-6, -4]; nearest_labels=['A']; nearest_distance=2.24; farthest_labels=['D']; farthest_distance=12.37""]","[""B""]",B,"[-6,-4]","[""A""]",2.24,"[""D""]",12.37
coordinate_geometry_1648_open_q1,coordinate_geometry_1648.png,"[""target=A; target_coordinates=[7, 5]; nearest_labels=['B']; nearest_distance=16.28; farthest_labels=['B']; farthest_distance=16.28""]","[""A""]",A,"[7,5]","[""B""]",16.28,"[""B""]",16.28
coordinate_geometry_1649_open_q1,coordinate_geometry_1649.png,"[""target=C; target_coordinates=[-5, -2]; nearest_labels=['B']; nearest_distance=3.16; farthest_labels=['A']; farthest_distance=5""]","[""C""]",C,"[-5,-2]","[""B""]",3.16,"[""A""]",5
coordinate_geometry_1650_open_q1,coordinate_geometry_1650.png,"[""target=B; target_coordinates=[3, 8]; nearest_labels=['A']; nearest_distance=4; farthest_labels=['D']; farthest_distance=14.21""]","[""B""]",B,"[3,8]","[""A""]",4,"[""D""]",14.21
coordinate_geometry_1651_open_q1,coordinate_geometry_1651.png,"[""target=A; target_coordinates=[1, -7]; nearest_labels=['B']; nearest_distance=4; farthest_labels=['B']; farthest_distance=4""]","[""A""]",A,"[1,-7]","[""B""]",4,"[""B""]",4
coordinate_geometry_1652_open_q1,coordinate_geometry_1652.png,"[""target=A; target_coordinates=[4, 2]; nearest_labels=['C']; nearest_distance=3.61; farthest_labels=['B']; farthest_distance=5.83""]","[""A""]",A,"[4,2]","[""C""]",3.61,"[""B""]",5.83
coordinate_geometry_1653_open_q1,coordinate_geometry_1653.png,"[""target=D; target_coordinates=[-2, -3]; nearest_labels=['B']; nearest_distance=8.49; farthest_labels=['A']; farthest_distance=10.82""]","[""D""]",D,"[-2,-3]","[""B""]",8.49,"[""A""]",10.82
coordinate_geometry_1654_open_q1,coordinate_geometry_1654.png,"[""target=B; target_coordinates=[1, -1]; nearest_labels=['A']; nearest_distance=7; farthest_labels=['A']; farthest_distance=7""]","[""B""]",B,"[1,-1]","[""A""]",7,"[""A""]",7
coordinate_geometry_1655_open_q1,coordinate_geometry_1655.png,"[""target=C; target_coordinates=[-4, 8]; nearest_labels=['A']; nearest_distance=5.39; farthest_labels=['B']; farthest_distance=11.7""]","[""C""]",C,"[-4,8]","[""A""]",5.39,"[""B""]",11.7
coordinate_geometry_1656_open_q1,coordinate_geometry_1656.png,"[""target=A; target_coordinates=[0, 6]; nearest_labels=['C']; nearest_distance=7.81; farthest_labels=['B']; farthest_distance=9.43""]","[""A""]",A,"[0,6]","[""C""]",7.81,"[""B""]",9.43
coordinate_geometry_1657_open_q1,coordinate_geometry_1657.png,"[""target=B; target_coordinates=[8, 5]; nearest_labels=['A']; nearest_distance=10.2; farthest_labels=['A']; farthest_distance=10.2""]","[""B""]",B,"[8,5]","[""A""]",10.2,"[""A""]",10.2
coordinate_geometry_1658_open_q1,coordinate_geometry_1658.png,"[""target=C; target_coordinates=[-4, 2]; nearest_labels=['A']; nearest_distance=7; farthest_labels=['B']; farthest_distance=10.3""]","[""C""]",C,"[-4,2]","[""A""]",7,"[""B""]",10.3
coordinate_geometry_1659_open_q1,coordinate_geometry_1659.png,"[""target=B; target_coordinates=[1, -5]; nearest_labels=['A']; nearest_distance=3.61; farthest_labels=['C']; farthest_distance=9.22""]","[""B""]",B,"[1,-5]","[""A""]",3.61,"[""C""]",9.22
coordinate_geometry_1660_open_q1,coordinate_geometry_1660.png,"[""target=A; target_coordinates=[-1, -5]; nearest_labels=['B']; nearest_distance=12.37; farthest_labels=['B']; farthest_distance=12.37""]","[""A""]",A,"[-1,-5]","[""B""]",12.37,"[""B""]",12.37
coordinate_geometry_1661_open_q1,coordinate_geometry_1661.png,"[""target=B; target_coordinates=[-5, -1]; nearest_labels=['C']; nearest_distance=2.83; farthest_labels=['A']; farthest_distance=9.22""]","[""B""]",B,"[-5,-1]","[""C""]",2.83,"[""A""]",9.22
coordinate_geometry_1662_open_q1,coordinate_geometry_1662.png,"[""target=C; target_coordinates=[-7, -7]; nearest_labels=['D']; nearest_distance=5.1; farthest_labels=['B']; farthest_distance=16.97""]","[""C""]",C,"[-7,-7]","[""D""]",5.1,"[""B""]",16.97
coordinate_geometry_1663_open_q1,coordinate_geometry_1663.png,"[""target=B; target_coordinates=[3, 2]; nearest_labels=['A']; nearest_distance=9; farthest_labels=['A']; farthest_distance=9""]","[""B""]",B,"[3,2]","[""A""]",9,"[""A""]",9
coordinate_geometry_1664_open_q1,coordinate_geometry_1664.png,"[""target=A; target_coordinates=[1, -8]; nearest_labels=['C']; nearest_distance=8; farthest_labels=['B']; farthest_distance=9.9""]","[""A""]",A,"[1,-8]","[""C""]",8,"[""B""]",9.9
coordinate_geometry_1665_open_q1,coordinate_geometry_1665.png,"[""target=B; target_coordinates=[-4, -2]; nearest_labels=['D']; nearest_distance=7.81; farthest_labels=['C']; farthest_distance=12.21""]","[""B""]",B,"[-4,-2]","[""D""]",7.81,"[""C""]",12.21
coordinate_geometry_1666_open_q1,coordinate_geometry_1666.png,"[""target=B; target_coordinates=[3, 0]; nearest_labels=['A']; nearest_distance=8.94; farthest_labels=['A']; farthest_distance=8.94""]","[""B""]",B,"[3,0]","[""A""]",8.94,"[""A""]",8.94
coordinate_geometry_1667_open_q1,coordinate_geometry_1667.png,"[""target=B; target_coordinates=[0, -6]; nearest_labels=['C']; nearest_distance=3.16; farthest_labels=['A']; farthest_distance=14.56""]","[""B""]",B,"[0,-6]","[""C""]",3.16,"[""A""]",14.56
coordinate_geometry_1668_open_q1,coordinate_geometry_1668.png,"[""target=B; target_coordinates=[-8, 5]; nearest_labels=['D']; nearest_distance=6.4; farthest_labels=['C']; farthest_distance=8.06""]","[""B""]",B,"[-8,5]","[""D""]",6.4,"[""C""]",8.06
coordinate_geometry_1669_open_q1,coordinate_geometry_1669.png,"[""target=B; target_coordinates=[-3, 6]; nearest_labels=['A']; nearest_distance=10.05; farthest_labels=['A']; farthest_distance=10.05""]","[""B""]",B,"[-3,6]","[""A""]",10.05,"[""A""]",10.05
coordinate_geometry_1670_open_q1,coordinate_geometry_1670.png,"[""target=A; target_coordinates=[5, 4]; nearest_labels=['C']; nearest_distance=7.62; farthest_labels=['B']; farthest_distance=15""]","[""A""]",A,"[5,4]","[""C""]",7.62,"[""B""]",15
coordinate_geometry_1671_open_q1,coordinate_geometry_1671.png,"[""target=A; target_coordinates=[6, 4]; nearest_labels=['B']; nearest_distance=4.12; farthest_labels=['C']; farthest_distance=13.15""]","[""A""]",A,"[6,4]","[""B""]",4.12,"[""C""]",13.15
coordinate_geometry_1672_open_q1,coordinate_geometry_1672.png,"[""target=A; target_coordinates=[-2, 8]; nearest_labels=['B']; nearest_distance=16.76; farthest_labels=['B']; farthest_distance=16.76""]","[""A""]",A,"[-2,8]","[""B""]",16.76,"[""B""]",16.76
coordinate_geometry_1673_open_q1,coordinate_geometry_1673.png,"[""target=C; target_coordinates=[-2, -3]; nearest_labels=['B']; nearest_distance=4.12; farthest_labels=['A']; farthest_distance=13.04""]","[""C""]",C,"[-2,-3]","[""B""]",4.12,"[""A""]",13.04
coordinate_geometry_1674_open_q1,coordinate_geometry_1674.png,"[""target=D; target_coordinates=[-5, -7]; nearest_labels=['B']; nearest_distance=3.61; farthest_labels=['C']; farthest_distance=16.28""]","[""D""]",D,"[-5,-7]","[""B""]",3.61,"[""C""]",16.28
coordinate_geometry_1675_open_q1,coordinate_geometry_1675.png,"[""target=B; target_coordinates=[-8, -2]; nearest_labels=['A']; nearest_distance=3.16; farthest_labels=['A']; farthest_distance=3.16""]","[""B""]",B,"[-8,-2]","[""A""]",3.16,"[""A""]",3.16
coordinate_geometry_1676_open_q1,coordinate_geometry_1676.png,"[""target=C; target_coordinates=[5, -7]; nearest_labels=['A']; nearest_distance=9.22; farthest_labels=['B']; farthest_distance=13.34""]","[""C""]",C,"[5,-7]","[""A""]",9.22,"[""B""]",13.34
coordinate_geometry_1677_open_q1,coordinate_geometry_1677.png,"[""target=B; target_coordinates=[-7, -1]; nearest_labels=['D']; nearest_distance=6; farthest_labels=['A']; farthest_distance=9.22""]","[""B""]",B,"[-7,-1]","[""D""]",6,"[""A""]",9.22
coordinate_geometry_1678_open_q1,coordinate_geometry_1678.png,"[""target=A; target_coordinates=[3, -7]; nearest_labels=['B']; nearest_distance=9.49; farthest_labels=['B']; farthest_distance=9.49""]","[""A""]",A,"[3,-7]","[""B""]",9.49,"[""B""]",9.49
coordinate_geometry_1679_open_q1,coordinate_geometry_1679.png,"[""target=B; target_coordinates=[-7, 6]; nearest_labels=['A']; nearest_distance=9.43; farthest_labels=['C']; farthest_distance=16.12""]","[""B""]",B,"[-7,6]","[""A""]",9.43,"[""C""]",16.12
coordinate_geometry_1680_open_q1,coordinate_geometry_1680.png,"[""target=D; target_coordinates=[-2, 2]; nearest_labels=['A']; nearest_distance=3.16; farthest_labels=['C']; farthest_distance=14.14""]","[""D""]",D,"[-2,2]","[""A""]",3.16,"[""C""]",14.14
coordinate_geometry_1681_open_q1,coordinate_geometry_1681.png,"[""target=A; target_coordinates=[0, -3]; nearest_labels=['B']; nearest_distance=8.06; farthest_labels=['B']; farthest_distance=8.06""]","[""A""]",A,"[0,-3]","[""B""]",8.06,"[""B""]",8.06
coordinate_geometry_1682_open_q1,coordinate_geometry_1682.png,"[""target=A; target_coordinates=[-4, -3]; nearest_labels=['B']; nearest_distance=4.47; farthest_labels=['C']; farthest_distance=11.18""]","[""A""]",A,"[-4,-3]","[""B""]",4.47,"[""C""]",11.18
coordinate_geometry_1683_open_q1,coordinate_geometry_1683.png,"[""target=D; target_coordinates=[5, 6]; nearest_labels=['C']; nearest_distance=3; farthest_labels=['A']; farthest_distance=12.81""]","[""D""]",D,"[5,6]","[""C""]",3,"[""A""]",12.81
coordinate_geometry_1684_open_q1,coordinate_geometry_1684.png,"[""target=A; target_coordinates=[8, 0]; nearest_labels=['B']; nearest_distance=8.6; farthest_labels=['B']; farthest_distance=8.6""]","[""A""]",A,"[8,0]","[""B""]",8.6,"[""B""]",8.6
coordinate_geometry_1685_open_q1,coordinate_geometry_1685.png,"[""target=C; target_coordinates=[2, 3]; nearest_labels=['B']; nearest_distance=4.47; farthest_labels=['A']; farthest_distance=11.18""]","[""C""]",C,"[2,3]","[""B""]",4.47,"[""A""]",11.18
coordinate_geometry_1686_open_q1,coordinate_geometry_1686.png,"[""target=B; target_coordinates=[-1, -2]; nearest_labels=['D']; nearest_distance=5.83; farthest_labels=['C']; farthest_distance=8.94""]","[""B""]",B,"[-1,-2]","[""D""]",5.83,"[""C""]",8.94
coordinate_geometry_1687_open_q1,coordinate_geometry_1687.png,"[""target=A; target_coordinates=[-6, -1]; nearest_labels=['B']; nearest_distance=10.44; farthest_labels=['B']; farthest_distance=10.44""]","[""A""]",A,"[-6,-1]","[""B""]",10.44,"[""B""]",10.44
coordinate_geometry_1688_open_q1,coordinate_geometry_1688.png,"[""target=B; target_coordinates=[2, -3]; nearest_labels=['C']; nearest_distance=4.47; farthest_labels=['A']; farthest_distance=11.18""]","[""B""]",B,"[2,-3]","[""C""]",4.47,"[""A""]",11.18
coordinate_geometry_1689_open_q1,coordinate_geometry_1689.png,"[""target=D; target_coordinates=[-5, 8]; nearest_labels=['A']; nearest_distance=5; farthest_labels=['C']; farthest_distance=12.04""]","[""D""]",D,"[-5,8]","[""A""]",5,"[""C""]",12.04
coordinate_geometry_1690_open_q1,coordinate_geometry_1690.png,"[""target=A; target_coordinates=[6, -8]; nearest_labels=['B']; nearest_distance=15.03; farthest_labels=['B']; farthest_distance=15.03""]","[""A""]",A,"[6,-8]","[""B""]",15.03,"[""B""]",15.03
coordinate_geometry_1691_open_q1,coordinate_geometry_1691.png,"[""target=A; target_coordinates=[-4, 2]; nearest_labels=['B']; nearest_distance=8.94; farthest_labels=['C']; farthest_distance=13.42""]","[""A""]",A,"[-4,2]","[""B""]",8.94,"[""C""]",13.42
coordinate_geometry_1692_open_q1,coordinate_geometry_1692.png,"[""target=B; target_coordinates=[4, -2]; nearest_labels=['C']; nearest_distance=2.24; farthest_labels=['D']; farthest_distance=14.21""]","[""B""]",B,"[4,-2]","[""C""]",2.24,"[""D""]",14.21
coordinate_geometry_1693_open_q1,coordinate_geometry_1693.png,"[""target=A; target_coordinates=[5, 6]; nearest_labels=['B']; nearest_distance=5.39; farthest_labels=['B']; farthest_distance=5.39""]","[""A""]",A,"[5,6]","[""B""]",5.39,"[""B""]",5.39
coordinate_geometry_1694_open_q1,coordinate_geometry_1694.png,"[""target=C; target_coordinates=[7, -2]; nearest_labels=['B']; nearest_distance=2.24; farthest_labels=['A']; farthest_distance=8.94""]","[""C""]",C,"[7,-2]","[""B""]",2.24,"[""A""]",8.94
coordinate_geometry_1695_open_q1,coordinate_geometry_1695.png,"[""target=C; target_coordinates=[3, -6]; nearest_labels=['D']; nearest_distance=13.34; farthest_labels=['A']; farthest_distance=15.65""]","[""C""]",C,"[3,-6]","[""D""]",13.34,"[""A""]",15.65
coordinate_geometry_1696_open_q1,coordinate_geometry_1696.png,"[""target=B; target_coordinates=[-2, -8]; nearest_labels=['A']; nearest_distance=12; farthest_labels=['A']; farthest_distance=12""]","[""B""]",B,"[-2,-8]","[""A""]",12,"[""A""]",12
coordinate_geometry_1697_open_q1,coordinate_geometry_1697.png,"[""target=B; target_coordinates=[3, 0]; nearest_labels=['C']; nearest_distance=4.47; farthest_labels=['A']; farthest_distance=6.71""]","[""B""]",B,"[3,0]","[""C""]",4.47,"[""A""]",6.71
coordinate_geometry_1698_open_q1,coordinate_geometry_1698.png,"[""target=A; target_coordinates=[-5, -5]; nearest_labels=['B']; nearest_distance=8.94; farthest_labels=['D']; farthest_distance=14.21""]","[""A""]",A,"[-5,-5]","[""B""]",8.94,"[""D""]",14.21
coordinate_geometry_1699_open_q1,coordinate_geometry_1699.png,"[""target=B; target_coordinates=[0, -5]; nearest_labels=['A']; nearest_distance=10.05; farthest_labels=['A']; farthest_distance=10.05""]","[""B""]",B,"[0,-5]","[""A""]",10.05,"[""A""]",10.05
coordinate_geometry_1700_open_q1,coordinate_geometry_1700.png,"[""target=B; target_coordinates=[-3, 3]; nearest_labels=['A']; nearest_distance=2.24; farthest_labels=['C']; farthest_distance=6.71""]","[""B""]",B,"[-3,3]","[""A""]",2.24,"[""C""]",6.71
coordinate_geometry_1701_open_q1,coordinate_geometry_1701.png,"[""target=D; target_coordinates=[7, -8]; nearest_labels=['C']; nearest_distance=10.77; farthest_labels=['A']; farthest_distance=14.87""]","[""D""]",D,"[7,-8]","[""C""]",10.77,"[""A""]",14.87
coordinate_geometry_1702_open_q1,coordinate_geometry_1702.png,"[""target=B; target_coordinates=[-4, -7]; nearest_labels=['A']; nearest_distance=6.4; farthest_labels=['A']; farthest_distance=6.4""]","[""B""]",B,"[-4,-7]","[""A""]",6.4,"[""A""]",6.4
coordinate_geometry_1703_open_q1,coordinate_geometry_1703.png,"[""target=A; target_coordinates=[-8, 3]; nearest_labels=['B']; nearest_distance=6.71; farthest_labels=['C']; farthest_distance=17.89""]","[""A""]",A,"[-8,3]","[""B""]",6.71,"[""C""]",17.89
coordinate_geometry_1704_open_q1,coordinate_geometry_1704.png,"[""target=B; target_coordinates=[1, 4]; nearest_labels=['A']; nearest_distance=4.47; farthest_labels=['C']; farthest_distance=11.18""]","[""B""]",B,"[1,4]","[""A""]",4.47,"[""C""]",11.18
coordinate_geometry_1705_open_q1,coordinate_geometry_1705.png,"[""target=B; target_coordinates=[7, 8]; nearest_labels=['A']; nearest_distance=19.21; farthest_labels=['A']; farthest_distance=19.21""]","[""B""]",B,"[7,8]","[""A""]",19.21,"[""A""]",19.21
coordinate_geometry_1706_open_q1,coordinate_geometry_1706.png,"[""target=A; target_coordinates=[-8, 5]; nearest_labels=['B']; nearest_distance=2.24; farthest_labels=['C']; farthest_distance=17.89""]","[""A""]",A,"[-8,5]","[""B""]",2.24,"[""C""]",17.89
coordinate_geometry_1707_open_q1,coordinate_geometry_1707.png,"[""target=B; target_coordinates=[1, -1]; nearest_labels=['C']; nearest_distance=2.24; farthest_labels=['D']; farthest_distance=8.49""]","[""B""]",B,"[1,-1]","[""C""]",2.24,"[""D""]",8.49
coordinate_geometry_1708_open_q1,coordinate_geometry_1708.png,"[""target=A; target_coordinates=[6, -8]; nearest_labels=['B']; nearest_distance=5.1; farthest_labels=['B']; farthest_distance=5.1""]","[""A""]",A,"[6,-8]","[""B""]",5.1,"[""B""]",5.1
coordinate_geometry_1709_open_q1,coordinate_geometry_1709.png,"[""target=C; target_coordinates=[8, -4]; nearest_labels=['A']; nearest_distance=3.61; farthest_labels=['B']; farthest_distance=15""]","[""C""]",C,"[8,-4]","[""A""]",3.61,"[""B""]",15
coordinate_geometry_1710_open_q1,coordinate_geometry_1710.png,"[""target=D; target_coordinates=[-8, -2]; nearest_labels=['C']; nearest_distance=7.62; farthest_labels=['B']; farthest_distance=9.49""]","[""D""]",D,"[-8,-2]","[""C""]",7.62,"[""B""]",9.49
coordinate_geometry_1711_open_q1,coordinate_geometry_1711.png,"[""target=A; target_coordinates=[1, -6]; nearest_labels=['B']; nearest_distance=7.28; farthest_labels=['B']; farthest_distance=7.28""]","[""A""]",A,"[1,-6]","[""B""]",7.28,"[""B""]",7.28
coordinate_geometry_1712_open_q1,coordinate_geometry_1712.png,"[""target=C; target_coordinates=[-7, -2]; nearest_labels=['B']; nearest_distance=10.44; farthest_labels=['A']; farthest_distance=14.04""]","[""C""]",C,"[-7,-2]","[""B""]",10.44,"[""A""]",14.04
coordinate_geometry_1713_open_q1,coordinate_geometry_1713.png,"[""target=B; target_coordinates=[-7, 5]; nearest_labels=['A']; nearest_distance=8.6; farthest_labels=['C']; farthest_distance=11.4""]","[""B""]",B,"[-7,5]","[""A""]",8.6,"[""C""]",11.4
coordinate_geometry_1714_open_q1,coordinate_geometry_1714.png,"[""target=A; target_coordinates=[0, 3]; nearest_labels=['B']; nearest_distance=3.61; farthest_labels=['B']; farthest_distance=3.61""]","[""A""]",A,"[0,3]","[""B""]",3.61,"[""B""]",3.61
coordinate_geometry_1715_open_q1,coordinate_geometry_1715.png,"[""target=A; target_coordinates=[-1, -7]; nearest_labels=['B']; nearest_distance=7.81; farthest_labels=['C']; farthest_distance=8.49""]","[""A""]",A,"[-1,-7]","[""B""]",7.81,"[""C""]",8.49
coordinate_geometry_1716_open_q1,coordinate_geometry_1716.png,"[""target=B; target_coordinates=[-6, 4]; nearest_labels=['C']; nearest_distance=6.4; farthest_labels=['A']; farthest_distance=15.81""]","[""B""]",B,"[-6,4]","[""C""]",6.4,"[""A""]",15.81
coordinate_geometry_1717_open_q1,coordinate_geometry_1717.png,"[""target=A; target_coordinates=[-1, -2]; nearest_labels=['B']; nearest_distance=6.4; farthest_labels=['B']; farthest_distance=6.4""]","[""A""]",A,"[-1,-2]","[""B""]",6.4,"[""B""]",6.4
coordinate_geometry_1718_open_q1,coordinate_geometry_1718.png,"[""target=A; target_coordinates=[-3, -6]; nearest_labels=['B']; nearest_distance=5.66; farthest_labels=['C']; farthest_distance=11.4""]","[""A""]",A,"[-3,-6]","[""B""]",5.66,"[""C""]",11.4
coordinate_geometry_1719_open_q1,coordinate_geometry_1719.png,"[""target=C; target_coordinates=[8, -7]; nearest_labels=['B']; nearest_distance=7.81; farthest_labels=['A']; farthest_distance=21.93""]","[""C""]",C,"[8,-7]","[""B""]",7.81,"[""A""]",21.93
coordinate_geometry_1720_open_q1,coordinate_geometry_1720.png,"[""target=A; target_coordinates=[2, 6]; nearest_labels=['B']; nearest_distance=8.49; farthest_labels=['B']; farthest_distance=8.49""]","[""A""]",A,"[2,6]","[""B""]",8.49,"[""B""]",8.49
coordinate_geometry_1721_open_q1,coordinate_geometry_1721.png,"[""target=C; target_coordinates=[-8, -6]; nearest_labels=['B']; nearest_distance=10.82; farthest_labels=['A']; farthest_distance=13.15""]","[""C""]",C,"[-8,-6]","[""B""]",10.82,"[""A""]",13.15
coordinate_geometry_1722_open_q1,coordinate_geometry_1722.png,"[""target=B; target_coordinates=[-2, 5]; nearest_labels=['D']; nearest_distance=4.24; farthest_labels=['C']; farthest_distance=9.22""]","[""B""]",B,"[-2,5]","[""D""]",4.24,"[""C""]",9.22
coordinate_geometry_1723_open_q1,coordinate_geometry_1723.png,"[""target=B; target_coordinates=[-6, 3]; nearest_labels=['A']; nearest_distance=8.06; farthest_labels=['A']; farthest_distance=8.06""]","[""B""]",B,"[-6,3]","[""A""]",8.06,"[""A""]",8.06
coordinate_geometry_1724_open_q1,coordinate_geometry_1724.png,"[""target=B; target_coordinates=[4, 8]; nearest_labels=['A']; nearest_distance=13.45; farthest_labels=['C']; farthest_distance=16.64""]","[""B""]",B,"[4,8]","[""A""]",13.45,"[""C""]",16.64
coordinate_geometry_1725_open_q1,coordinate_geometry_1725.png,"[""target=D; target_coordinates=[-8, 2]; nearest_labels=['C']; nearest_distance=3.61; farthest_labels=['A']; farthest_distance=10.44""]","[""D""]",D,"[-8,2]","[""C""]",3.61,"[""A""]",10.44
coordinate_geometry_1726_open_q1,coordinate_geometry_1726.png,"[""target=A; target_coordinates=[5, 0]; nearest_labels=['B']; nearest_distance=4.12; farthest_labels=['B']; farthest_distance=4.12""]","[""A""]",A,"[5,0]","[""B""]",4.12,"[""B""]",4.12
coordinate_geometry_1727_open_q1,coordinate_geometry_1727.png,"[""target=A; target_coordinates=[-4, 2]; nearest_labels=['B']; nearest_distance=9.49; farthest_labels=['C']; farthest_distance=12.21""]","[""A""]",A,"[-4,2]","[""B""]",9.49,"[""C""]",12.21
coordinate_geometry_1728_open_q1,coordinate_geometry_1728.png,"[""target=B; target_coordinates=[-8, 1]; nearest_labels=['D']; nearest_distance=2.83; farthest_labels=['C']; farthest_distance=15.03""]","[""B""]",B,"[-8,1]","[""D""]",2.83,"[""C""]",15.03
coordinate_geometry_1729_open_q1,coordinate_geometry_1729.png,"[""target=B; target_coordinates=[6, -3]; nearest_labels=['A']; nearest_distance=11.05; farthest_labels=['A']; farthest_distance=11.05""]","[""B""]",B,"[6,-3]","[""A""]",11.05,"[""A""]",11.05
coordinate_geometry_1730_open_q1,coordinate_geometry_1730.png,"[""target=B; target_coordinates=[4, -5]; nearest_labels=['A']; nearest_distance=14.76; farthest_labels=['C']; farthest_distance=16.4""]","[""B""]",B,"[4,-5]","[""A""]",14.76,"[""C""]",16.4
coordinate_geometry_1731_open_q1,coordinate_geometry_1731.png,"[""target=B; target_coordinates=[1, -3]; nearest_labels=['D']; nearest_distance=7.21; farthest_labels=['C']; farthest_distance=9.22""]","[""B""]",B,"[1,-3]","[""D""]",7.21,"[""C""]",9.22
coordinate_geometry_1732_open_q1,coordinate_geometry_1732.png,"[""target=B; target_coordinates=[4, 6]; nearest_labels=['A']; nearest_distance=5; farthest_labels=['A']; farthest_distance=5""]","[""B""]",B,"[4,6]","[""A""]",5,"[""A""]",5
coordinate_geometry_1733_open_q1,coordinate_geometry_1733.png,"[""target=B; target_coordinates=[-7, -3]; nearest_labels=['A']; nearest_distance=4.12; farthest_labels=['C']; farthest_distance=8.06""]","[""B""]",B,"[-7,-3]","[""A""]",4.12,"[""C""]",8.06
coordinate_geometry_1734_open_q1,coordinate_geometry_1734.png,"[""target=D; target_coordinates=[-5, 5]; nearest_labels=['B']; nearest_distance=9.85; farthest_labels=['A']; farthest_distance=10.63""]","[""D""]",D,"[-5,5]","[""B""]",9.85,"[""A""]",10.63
coordinate_geometry_1735_open_q1,coordinate_geometry_1735.png,"[""target=A; target_coordinates=[4, 4]; nearest_labels=['B']; nearest_distance=14.21; farthest_labels=['B']; farthest_distance=14.21""]","[""A""]",A,"[4,4]","[""B""]",14.21,"[""B""]",14.21
coordinate_geometry_1736_open_q1,coordinate_geometry_1736.png,"[""target=C; target_coordinates=[8, -5]; nearest_labels=['A']; nearest_distance=8.54; farthest_labels=['B']; farthest_distance=11.4""]","[""C""]",C,"[8,-5]","[""A""]",8.54,"[""B""]",11.4
coordinate_geometry_1737_open_q1,coordinate_geometry_1737.png,"[""target=A; target_coordinates=[-2, 6]; nearest_labels=['B']; nearest_distance=3; farthest_labels=['D']; farthest_distance=14.14""]","[""A""]",A,"[-2,6]","[""B""]",3,"[""D""]",14.14
coordinate_geometry_1738_open_q1,coordinate_geometry_1738.png,"[""target=A; target_coordinates=[5, -1]; nearest_labels=['B']; nearest_distance=4.24; farthest_labels=['B']; farthest_distance=4.24""]","[""A""]",A,"[5,-1]","[""B""]",4.24,"[""B""]",4.24
coordinate_geometry_1739_open_q1,coordinate_geometry_1739.png,"[""target=C; target_coordinates=[0, 5]; nearest_labels=['B']; nearest_distance=2.83; farthest_labels=['A']; farthest_distance=10.82""]","[""C""]",C,"[0,5]","[""B""]",2.83,"[""A""]",10.82
coordinate_geometry_1740_open_q1,coordinate_geometry_1740.png,"[""target=A; target_coordinates=[-5, -3]; nearest_labels=['B']; nearest_distance=3.16; farthest_labels=['D']; farthest_distance=13""]","[""A""]",A,"[-5,-3]","[""B""]",3.16,"[""D""]",13
coordinate_geometry_1741_open_q1,coordinate_geometry_1741.png,"[""target=A; target_coordinates=[-3, -4]; nearest_labels=['B']; nearest_distance=11.4; farthest_labels=['B']; farthest_distance=11.4""]","[""A""]",A,"[-3,-4]","[""B""]",11.4,"[""B""]",11.4
coordinate_geometry_1742_open_q1,coordinate_geometry_1742.png,"[""target=C; target_coordinates=[5, -1]; nearest_labels=['B']; nearest_distance=8.94; farthest_labels=['A']; farthest_distance=13.42""]","[""C""]",C,"[5,-1]","[""B""]",8.94,"[""A""]",13.42
coordinate_geometry_1743_open_q1,coordinate_geometry_1743.png,"[""target=B; target_coordinates=[0, -1]; nearest_labels=['D']; nearest_distance=4.12; farthest_labels=['A']; farthest_distance=8.94""]","[""B""]",B,"[0,-1]","[""D""]",4.12,"[""A""]",8.94
coordinate_geometry_1744_open_q1,coordinate_geometry_1744.png,"[""target=A; target_coordinates=[-2, 8]; nearest_labels=['B']; nearest_distance=8; farthest_labels=['B']; farthest_distance=8""]","[""A""]",A,"[-2,8]","[""B""]",8,"[""B""]",8
coordinate_geometry_1745_open_q1,coordinate_geometry_1745.png,"[""target=C; target_coordinates=[6, 2]; nearest_labels=['B']; nearest_distance=11.18; farthest_labels=['A']; farthest_distance=13.42""]","[""C""]",C,"[6,2]","[""B""]",11.18,"[""A""]",13.42
coordinate_geometry_1746_open_q1,coordinate_geometry_1746.png,"[""target=D; target_coordinates=[-1, 6]; nearest_labels=['A']; nearest_distance=6.32; farthest_labels=['C']; farthest_distance=9.85""]","[""D""]",D,"[-1,6]","[""A""]",6.32,"[""C""]",9.85
coordinate_geometry_1747_open_q1,coordinate_geometry_1747.png,"[""target=B; target_coordinates=[3, -4]; nearest_labels=['A']; nearest_distance=4; farthest_labels=['A']; farthest_distance=4""]","[""B""]",B,"[3,-4]","[""A""]",4,"[""A""]",4
coordinate_geometry_1748_open_q1,coordinate_geometry_1748.png,"[""target=A; target_coordinates=[-1, 1]; nearest_labels=['B']; nearest_distance=2.24; farthest_labels=['C']; farthest_distance=6.71""]","[""A""]",A,"[-1,1]","[""B""]",2.24,"[""C""]",6.71
coordinate_geometry_1749_open_q1,coordinate_geometry_1749.png,"[""target=A; target_coordinates=[-8, 4]; nearest_labels=['B']; nearest_distance=4.47; farthest_labels=['D']; farthest_distance=15.03""]","[""A""]",A,"[-8,4]","[""B""]",4.47,"[""D""]",15.03
coordinate_geometry_1750_open_q1,coordinate_geometry_1750.png,"[""target=A; target_coordinates=[-7, 0]; nearest_labels=['B']; nearest_distance=9.43; farthest_labels=['B']; farthest_distance=9.43""]","[""A""]",A,"[-7,0]","[""B""]",9.43,"[""B""]",9.43
coordinate_geometry_1751_open_q1,coordinate_geometry_1751.png,"[""target=B; target_coordinates=[3, 1]; nearest_labels=['C']; nearest_distance=4.47; farthest_labels=['A']; farthest_distance=6.71""]","[""B""]",B,"[3,1]","[""C""]",4.47,"[""A""]",6.71
coordinate_geometry_1752_open_q1,coordinate_geometry_1752.png,"[""target=C; target_coordinates=[4, -4]; nearest_labels=['B']; nearest_distance=2.24; farthest_labels=['A']; farthest_distance=11.18""]","[""C""]",C,"[4,-4]","[""B""]",2.24,"[""A""]",11.18
coordinate_geometry_1753_open_q1,coordinate_geometry_1753.png,"[""target=A; target_coordinates=[-1, 6]; nearest_labels=['B']; nearest_distance=9.06; farthest_labels=['B']; farthest_distance=9.06""]","[""A""]",A,"[-1,6]","[""B""]",9.06,"[""B""]",9.06
coordinate_geometry_1754_open_q1,coordinate_geometry_1754.png,"[""target=B; target_coordinates=[0, -2]; nearest_labels=['A']; nearest_distance=4.24; farthest_labels=['C']; farthest_distance=5.66""]","[""B""]",B,"[0,-2]","[""A""]",4.24,"[""C""]",5.66
coordinate_geometry_1755_open_q1,coordinate_geometry_1755.png,"[""target=B; target_coordinates=[2, -6]; nearest_labels=['C']; nearest_distance=2.24; farthest_labels=['A']; farthest_distance=13.42""]","[""B""]",B,"[2,-6]","[""C""]",2.24,"[""A""]",13.42
coordinate_geometry_1756_open_q1,coordinate_geometry_1756.png,"[""target=B; target_coordinates=[4, 7]; nearest_labels=['A']; nearest_distance=5.83; farthest_labels=['A']; farthest_distance=5.83""]","[""B""]",B,"[4,7]","[""A""]",5.83,"[""A""]",5.83
coordinate_geometry_1757_open_q1,coordinate_geometry_1757.png,"[""target=C; target_coordinates=[4, -3]; nearest_labels=['B']; nearest_distance=2.83; farthest_labels=['A']; farthest_distance=11.31""]","[""C""]",C,"[4,-3]","[""B""]",2.83,"[""A""]",11.31
coordinate_geometry_1758_open_q1,coordinate_geometry_1758.png,"[""target=A; target_coordinates=[-8, 3]; nearest_labels=['B']; nearest_distance=6.71; farthest_labels=['C']; farthest_distance=17.89""]","[""A""]",A,"[-8,3]","[""B""]",6.71,"[""C""]",17.89
coordinate_geometry_1759_open_q1,coordinate_geometry_1759.png,"[""target=A; target_coordinates=[-3, 5]; nearest_labels=['B']; nearest_distance=13.6; farthest_labels=['B']; farthest_distance=13.6""]","[""A""]",A,"[-3,5]","[""B""]",13.6,"[""B""]",13.6
coordinate_geometry_1760_open_q1,coordinate_geometry_1760.png,"[""target=B; target_coordinates=[-1, 1]; nearest_labels=['A']; nearest_distance=4.47; farthest_labels=['C']; farthest_distance=8.94""]","[""B""]",B,"[-1,1]","[""A""]",4.47,"[""C""]",8.94
coordinate_geometry_1761_open_q1,coordinate_geometry_1761.png,"[""target=D; target_coordinates=[-2, 4]; nearest_labels=['B']; nearest_distance=4.47; farthest_labels=['A']; farthest_distance=6.08""]","[""D""]",D,"[-2,4]","[""B""]",4.47,"[""A""]",6.08
coordinate_geometry_1762_open_q1,coordinate_geometry_1762.png,"[""target=B; target_coordinates=[-8, -7]; nearest_labels=['A']; nearest_distance=5; farthest_labels=['A']; farthest_distance=5""]","[""B""]",B,"[-8,-7]","[""A""]",5,"[""A""]",5
coordinate_geometry_1763_open_q1,coordinate_geometry_1763.png,"[""target=A; target_coordinates=[-2, -7]; nearest_labels=['B']; nearest_distance=4.47; farthest_labels=['C']; farthest_distance=6.71""]","[""A""]",A,"[-2,-7]","[""B""]",4.47,"[""C""]",6.71
coordinate_geometry_1764_open_q1,coordinate_geometry_1764.png,"[""target=A; target_coordinates=[-3, 0]; nearest_labels=['B']; nearest_distance=4.24; farthest_labels=['D']; farthest_distance=9.43""]","[""A""]",A,"[-3,0]","[""B""]",4.24,"[""D""]",9.43
coordinate_geometry_1765_open_q1,coordinate_geometry_1765.png,"[""target=A; target_coordinates=[-1, -2]; nearest_labels=['B']; nearest_distance=9.43; farthest_labels=['B']; farthest_distance=9.43""]","[""A""]",A,"[-1,-2]","[""B""]",9.43,"[""B""]",9.43
coordinate_geometry_1766_open_q1,coordinate_geometry_1766.png,"[""target=C; target_coordinates=[4, -5]; nearest_labels=['B']; nearest_distance=4.47; farthest_labels=['A']; farthest_distance=13.42""]","[""C""]",C,"[4,-5]","[""B""]",4.47,"[""A""]",13.42
coordinate_geometry_1767_open_q1,coordinate_geometry_1767.png,"[""target=D; target_coordinates=[3, 6]; nearest_labels=['A']; nearest_distance=5; farthest_labels=['C']; farthest_distance=10""]","[""D""]",D,"[3,6]","[""A""]",5,"[""C""]",10
coordinate_geometry_1768_open_q1,coordinate_geometry_1768.png,"[""target=B; target_coordinates=[-3, -6]; nearest_labels=['A']; nearest_distance=14.56; farthest_labels=['A']; farthest_distance=14.56""]","[""B""]",B,"[-3,-6]","[""A""]",14.56,"[""A""]",14.56
coordinate_geometry_1769_open_q1,coordinate_geometry_1769.png,"[""target=A; target_coordinates=[8, -5]; nearest_labels=['C']; nearest_distance=13.93; farthest_labels=['B']; farthest_distance=15.62""]","[""A""]",A,"[8,-5]","[""C""]",13.93,"[""B""]",15.62
coordinate_geometry_1770_open_q1,coordinate_geometry_1770.png,"[""target=B; target_coordinates=[-3, -2]; nearest_labels=['A']; nearest_distance=7; farthest_labels=['D']; farthest_distance=10.3""]","[""B""]",B,"[-3,-2]","[""A""]",7,"[""D""]",10.3
coordinate_geometry_1771_open_q1,coordinate_geometry_1771.png,"[""target=A; target_coordinates=[-6, 1]; nearest_labels=['B']; nearest_distance=4.12; farthest_labels=['B']; farthest_distance=4.12""]","[""A""]",A,"[-6,1]","[""B""]",4.12,"[""B""]",4.12
coordinate_geometry_1772_open_q1,coordinate_geometry_1772.png,"[""target=B; target_coordinates=[-7, 4]; nearest_labels=['C']; nearest_distance=7.28; farthest_labels=['A']; farthest_distance=16.16""]","[""B""]",B,"[-7,4]","[""C""]",7.28,"[""A""]",16.16
coordinate_geometry_1773_open_q1,coordinate_geometry_1773.png,"[""target=A; target_coordinates=[1, 6]; nearest_labels=['D']; nearest_distance=4.12; farthest_labels=['B']; farthest_distance=13.6""]","[""A""]",A,"[1,6]","[""D""]",4.12,"[""B""]",13.6
coordinate_geometry_1774_open_q1,coordinate_geometry_1774.png,"[""target=B; target_coordinates=[8, 5]; nearest_labels=['A']; nearest_distance=9.49; farthest_labels=['A']; farthest_distance=9.49""]","[""B""]",B,"[8,5]","[""A""]",9.49,"[""A""]",9.49
coordinate_geometry_1775_open_q1,coordinate_geometry_1775.png,"[""target=B; target_coordinates=[6, 3]; nearest_labels=['C']; nearest_distance=12.81; farthest_labels=['A']; farthest_distance=13.04""]","[""B""]",B,"[6,3]","[""C""]",12.81,"[""A""]",13.04
coordinate_geometry_1776_open_q1,coordinate_geometry_1776.png,"[""target=B; target_coordinates=[-3, 5]; nearest_labels=['A']; nearest_distance=2.83; farthest_labels=['C']; farthest_distance=12.73""]","[""B""]",B,"[-3,5]","[""A""]",2.83,"[""C""]",12.73
coordinate_geometry_1777_open_q1,coordinate_geometry_1777.png,"[""target=A; target_coordinates=[-1, -8]; nearest_labels=['B']; nearest_distance=8.06; farthest_labels=['B']; farthest_distance=8.06""]","[""A""]",A,"[-1,-8]","[""B""]",8.06,"[""B""]",8.06
coordinate_geometry_1778_open_q1,coordinate_geometry_1778.png,"[""target=C; target_coordinates=[-3, 3]; nearest_labels=['B']; nearest_distance=5.1; farthest_labels=['A']; farthest_distance=11.05""]","[""C""]",C,"[-3,3]","[""B""]",5.1,"[""A""]",11.05
coordinate_geometry_1779_open_q1,coordinate_geometry_1779.png,"[""target=C; target_coordinates=[1, -2]; nearest_labels=['B']; nearest_distance=7.21; farthest_labels=['A']; farthest_distance=12.04""]","[""C""]",C,"[1,-2]","[""B""]",7.21,"[""A""]",12.04
coordinate_geometry_1780_open_q1,coordinate_geometry_1780.png,"[""target=B; target_coordinates=[5, 4]; nearest_labels=['A']; nearest_distance=3.61; farthest_labels=['A']; farthest_distance=3.61""]","[""B""]",B,"[5,4]","[""A""]",3.61,"[""A""]",3.61
coordinate_geometry_1781_open_q1,coordinate_geometry_1781.png,"[""target=A; target_coordinates=[1, -1]; nearest_labels=['B']; nearest_distance=4.24; farthest_labels=['C']; farthest_distance=8.06""]","[""A""]",A,"[1,-1]","[""B""]",4.24,"[""C""]",8.06
coordinate_geometry_1782_open_q1,coordinate_geometry_1782.png,"[""target=B; target_coordinates=[5, 5]; nearest_labels=['D']; nearest_distance=8.54; farthest_labels=['C']; farthest_distance=11.7""]","[""B""]",B,"[5,5]","[""D""]",8.54,"[""C""]",11.7
coordinate_geometry_1783_open_q1,coordinate_geometry_1783.png,"[""target=B; target_coordinates=[8, -7]; nearest_labels=['A']; nearest_distance=10.05; farthest_labels=['A']; farthest_distance=10.05""]","[""B""]",B,"[8,-7]","[""A""]",10.05,"[""A""]",10.05
coordinate_geometry_1784_open_q1,coordinate_geometry_1784.png,"[""target=A; target_coordinates=[4, 3]; nearest_labels=['C']; nearest_distance=5; farthest_labels=['B']; farthest_distance=16.28""]","[""A""]",A,"[4,3]","[""C""]",5,"[""B""]",16.28
coordinate_geometry_1785_open_q1,coordinate_geometry_1785.png,"[""target=C; target_coordinates=[-4, 5]; nearest_labels=['D']; nearest_distance=6.4; farthest_labels=['B']; farthest_distance=16.28""]","[""C""]",C,"[-4,5]","[""D""]",6.4,"[""B""]",16.28
coordinate_geometry_1786_open_q1,coordinate_geometry_1786.png,"[""target=B; target_coordinates=[6, 2]; nearest_labels=['A']; nearest_distance=13.45; farthest_labels=['A']; farthest_distance=13.45""]","[""B""]",B,"[6,2]","[""A""]",13.45,"[""A""]",13.45
coordinate_geometry_1787_open_q1,coordinate_geometry_1787.png,"[""target=B; target_coordinates=[0, 2]; nearest_labels=['A']; nearest_distance=5.83; farthest_labels=['C']; farthest_distance=9.22""]","[""B""]",B,"[0,2]","[""A""]",5.83,"[""C""]",9.22
coordinate_geometry_1788_open_q1,coordinate_geometry_1788.png,"[""target=D; target_coordinates=[-2, 7]; nearest_labels=['C']; nearest_distance=6; farthest_labels=['A']; farthest_distance=14.32""]","[""D""]",D,"[-2,7]","[""C""]",6,"[""A""]",14.32
coordinate_geometry_1789_open_q1,coordinate_geometry_1789.png,"[""target=A; target_coordinates=[-7, -5]; nearest_labels=['B']; nearest_distance=14; farthest_labels=['B']; farthest_distance=14""]","[""A""]",A,"[-7,-5]","[""B""]",14,"[""B""]",14
coordinate_geometry_1790_open_q1,coordinate_geometry_1790.png,"[""target=C; target_coordinates=[5, -5]; nearest_labels=['A']; nearest_distance=6.4; farthest_labels=['B']; farthest_distance=16.4""]","[""C""]",C,"[5,-5]","[""A""]",6.4,"[""B""]",16.4
coordinate_geometry_1791_open_q1,coordinate_geometry_1791.png,"[""target=D; target_coordinates=[6, 8]; nearest_labels=['A']; nearest_distance=7.28; farthest_labels=['B']; farthest_distance=16.16""]","[""D""]",D,"[6,8]","[""A""]",7.28,"[""B""]",16.16
coordinate_geometry_1792_open_q1,coordinate_geometry_1792.png,"[""target=A; target_coordinates=[-4, 7]; nearest_labels=['B']; nearest_distance=12.73; farthest_labels=['B']; farthest_distance=12.73""]","[""A""]",A,"[-4,7]","[""B""]",12.73,"[""B""]",12.73
coordinate_geometry_1793_open_q1,coordinate_geometry_1793.png,"[""target=B; target_coordinates=[4, 1]; nearest_labels=['A']; nearest_distance=8.25; farthest_labels=['C']; farthest_distance=10.05""]","[""B""]",B,"[4,1]","[""A""]",8.25,"[""C""]",10.05
coordinate_geometry_1794_open_q1,coordinate_geometry_1794.png,"[""target=B; target_coordinates=[0, 7]; nearest_labels=['D']; nearest_distance=4.47; farthest_labels=['A']; farthest_distance=14.04""]","[""B""]",B,"[0,7]","[""D""]",4.47,"[""A""]",14.04
coordinate_geometry_1795_open_q1,coordinate_geometry_1795.png,"[""target=A; target_coordinates=[-6, 6]; nearest_labels=['B']; nearest_distance=10; farthest_labels=['B']; farthest_distance=10""]","[""A""]",A,"[-6,6]","[""B""]",10,"[""B""]",10
coordinate_geometry_1796_open_q1,coordinate_geometry_1796.png,"[""target=C; target_coordinates=[-2, 2]; nearest_labels=['B']; nearest_distance=3.61; farthest_labels=['A']; farthest_distance=9.43""]","[""C""]",C,"[-2,2]","[""B""]",3.61,"[""A""]",9.43
coordinate_geometry_1797_open_q1,coordinate_geometry_1797.png,"[""target=B; target_coordinates=[-8, 4]; nearest_labels=['D']; nearest_distance=3; farthest_labels=['A']; farthest_distance=7.28""]","[""B""]",B,"[-8,4]","[""D""]",3,"[""A""]",7.28
coordinate_geometry_1798_open_q1,coordinate_geometry_1798.png,"[""target=A; target_coordinates=[-8, -6]; nearest_labels=['B']; nearest_distance=8.06; farthest_labels=['B']; farthest_distance=8.06""]","[""A""]",A,"[-8,-6]","[""B""]",8.06,"[""B""]",8.06
coordinate_geometry_1799_open_q1,coordinate_geometry_1799.png,"[""target=A; target_coordinates=[-4, -8]; nearest_labels=['C']; nearest_distance=11; farthest_labels=['B']; farthest_distance=16.16""]","[""A""]",A,"[-4,-8]","[""C""]",11,"[""B""]",16.16
coordinate_geometry_1800_open_q1,coordinate_geometry_1800.png,"[""target=A; target_coordinates=[-7, -3]; nearest_labels=['D']; nearest_distance=6.08; farthest_labels=['C']; farthest_distance=12.04""]","[""A""]",A,"[-7,-3]","[""D""]",6.08,"[""C""]",12.04
coordinate_geometry_1801_open_q1,coordinate_geometry_1801.png,"[""target=B; target_coordinates=[1, 4]; nearest_labels=['A']; nearest_distance=12.04; farthest_labels=['A']; farthest_distance=12.04""]","[""B""]",B,"[1,4]","[""A""]",12.04,"[""A""]",12.04
coordinate_geometry_1802_open_q1,coordinate_geometry_1802.png,"[""target=A; target_coordinates=[-2, 4]; nearest_labels=['B']; nearest_distance=8.94; farthest_labels=['C']; farthest_distance=11.18""]","[""A""]",A,"[-2,4]","[""B""]",8.94,"[""C""]",11.18
coordinate_geometry_1803_open_q1,coordinate_geometry_1803.png,"[""target=D; target_coordinates=[7, 1]; nearest_labels=['C']; nearest_distance=4.24; farthest_labels=['A']; farthest_distance=13.15""]","[""D""]",D,"[7,1]","[""C""]",4.24,"[""A""]",13.15
coordinate_geometry_1804_open_q1,coordinate_geometry_1804.png,"[""target=B; target_coordinates=[-1, 0]; nearest_labels=['A']; nearest_distance=5.66; farthest_labels=['A']; farthest_distance=5.66""]","[""B""]",B,"[-1,0]","[""A""]",5.66,"[""A""]",5.66
coordinate_geometry_1805_open_q1,coordinate_geometry_1805.png,"[""target=C; target_coordinates=[6, 2]; nearest_labels=['B']; nearest_distance=4.47; farthest_labels=['A']; farthest_distance=6.71""]","[""C""]",C,"[6,2]","[""B""]",4.47,"[""A""]",6.71
coordinate_geometry_1806_open_q1,coordinate_geometry_1806.png,"[""target=C; target_coordinates=[6, -5]; nearest_labels=['B']; nearest_distance=2.83; farthest_labels=['A']; farthest_distance=11.31""]","[""C""]",C,"[6,-5]","[""B""]",2.83,"[""A""]",11.31
coordinate_geometry_1807_open_q1,coordinate_geometry_1807.png,"[""target=B; target_coordinates=[-2, 6]; nearest_labels=['A']; nearest_distance=13.04; farthest_labels=['A']; farthest_distance=13.04""]","[""B""]",B,"[-2,6]","[""A""]",13.04,"[""A""]",13.04
coordinate_geometry_1808_open_q1,coordinate_geometry_1808.png,"[""target=C; target_coordinates=[4, 6]; nearest_labels=['B']; nearest_distance=4.24; farthest_labels=['A']; farthest_distance=7.07""]","[""C""]",C,"[4,6]","[""B""]",4.24,"[""A""]",7.07
coordinate_geometry_1809_open_q1,coordinate_geometry_1809.png,"[""target=D; target_coordinates=[2, 8]; nearest_labels=['B']; nearest_distance=7.21; farthest_labels=['A']; farthest_distance=14.42""]","[""D""]",D,"[2,8]","[""B""]",7.21,"[""A""]",14.42
coordinate_geometry_1810_open_q1,coordinate_geometry_1810.png,"[""target=B; target_coordinates=[-4, -1]; nearest_labels=['A']; nearest_distance=5; farthest_labels=['A']; farthest_distance=5""]","[""B""]",B,"[-4,-1]","[""A""]",5,"[""A""]",5
coordinate_geometry_1811_open_q1,coordinate_geometry_1811.png,"[""target=C; target_coordinates=[8, -3]; nearest_labels=['B']; nearest_distance=6.71; farthest_labels=['A']; farthest_distance=8.94""]","[""C""]",C,"[8,-3]","[""B""]",6.71,"[""A""]",8.94
coordinate_geometry_1812_open_q1,coordinate_geometry_1812.png,"[""target=A; target_coordinates=[-1, 0]; nearest_labels=['D']; nearest_distance=3.61; farthest_labels=['C']; farthest_distance=6.71""]","[""A""]",A,"[-1,0]","[""D""]",3.61,"[""C""]",6.71
coordinate_geometry_1813_open_q1,coordinate_geometry_1813.png,"[""target=B; target_coordinates=[-2, 8]; nearest_labels=['A']; nearest_distance=13.42; farthest_labels=['A']; farthest_distance=13.42""]","[""B""]",B,"[-2,8]","[""A""]",13.42,"[""A""]",13.42
coordinate_geometry_1814_open_q1,coordinate_geometry_1814.png,"[""target=C; target_coordinates=[1, 4]; nearest_labels=['B']; nearest_distance=8.94; farthest_labels=['A']; farthest_distance=11.18""]","[""C""]",C,"[1,4]","[""B""]",8.94,"[""A""]",11.18
coordinate_geometry_1815_open_q1,coordinate_geometry_1815.png,"[""target=B; target_coordinates=[0, -2]; nearest_labels=['C']; nearest_distance=2.24; farthest_labels=['A']; farthest_distance=8.94""]","[""B""]",B,"[0,-2]","[""C""]",2.24,"[""A""]",8.94
coordinate_geometry_1816_open_q1,coordinate_geometry_1816.png,"[""target=B; target_coordinates=[-7, 3]; nearest_labels=['A']; nearest_distance=13.04; farthest_labels=['A']; farthest_distance=13.04""]","[""B""]",B,"[-7,3]","[""A""]",13.04,"[""A""]",13.04
coordinate_geometry_1817_open_q1,coordinate_geometry_1817.png,"[""target=B; target_coordinates=[1, 2]; nearest_labels=['C']; nearest_distance=4.47; farthest_labels=['A']; farthest_distance=8.94""]","[""B""]",B,"[1,2]","[""C""]",4.47,"[""A""]",8.94
coordinate_geometry_1818_open_q1,coordinate_geometry_1818.png,"[""target=A; target_coordinates=[-4, -7]; nearest_labels=['B']; nearest_distance=4.47; farthest_labels=['C']; farthest_distance=15.65""]","[""A""]",A,"[-4,-7]","[""B""]",4.47,"[""C""]",15.65
coordinate_geometry_1819_open_q1,coordinate_geometry_1819.png,"[""target=A; target_coordinates=[0, 6]; nearest_labels=['B']; nearest_distance=4.47; farthest_labels=['B']; farthest_distance=4.47""]","[""A""]",A,"[0,6]","[""B""]",4.47,"[""B""]",4.47
coordinate_geometry_1820_open_q1,coordinate_geometry_1820.png,"[""target=A; target_coordinates=[1, 1]; nearest_labels=['B']; nearest_distance=2.83; farthest_labels=['C']; farthest_distance=7.07""]","[""A""]",A,"[1,1]","[""B""]",2.83,"[""C""]",7.07
coordinate_geometry_1821_open_q1,coordinate_geometry_1821.png,"[""target=D; target_coordinates=[0, 2]; nearest_labels=['C']; nearest_distance=4.12; farthest_labels=['A']; farthest_distance=7""]","[""D""]",D,"[0,2]","[""C""]",4.12,"[""A""]",7
coordinate_geometry_1822_open_q1,coordinate_geometry_1822.png,"[""target=B; target_coordinates=[-6, 8]; nearest_labels=['A']; nearest_distance=12.73; farthest_labels=['A']; farthest_distance=12.73""]","[""B""]",B,"[-6,8]","[""A""]",12.73,"[""A""]",12.73
coordinate_geometry_1823_open_q1,coordinate_geometry_1823.png,"[""target=B; target_coordinates=[-1, -1]; nearest_labels=['A']; nearest_distance=2.83; farthest_labels=['C']; farthest_distance=5.66""]","[""B""]",B,"[-1,-1]","[""A""]",2.83,"[""C""]",5.66
coordinate_geometry_1824_open_q1,coordinate_geometry_1824.png,"[""target=D; target_coordinates=[-2, -5]; nearest_labels=['A']; nearest_distance=5; farthest_labels=['C']; farthest_distance=10""]","[""D""]",D,"[-2,-5]","[""A""]",5,"[""C""]",10
coordinate_geometry_1825_open_q1,coordinate_geometry_1825.png,"[""target=B; target_coordinates=[-6, -6]; nearest_labels=['A']; nearest_distance=7.62; farthest_labels=['A']; farthest_distance=7.62""]","[""B""]",B,"[-6,-6]","[""A""]",7.62,"[""A""]",7.62
coordinate_geometry_1826_open_q1,coordinate_geometry_1826.png,"[""target=B; target_coordinates=[-1, -2]; nearest_labels=['A']; nearest_distance=6.71; farthest_labels=['C']; farthest_distance=11.18""]","[""B""]",B,"[-1,-2]","[""A""]",6.71,"[""C""]",11.18
coordinate_geometry_1827_open_q1,coordinate_geometry_1827.png,"[""target=A; target_coordinates=[-3, 0]; nearest_labels=['B']; nearest_distance=2.83; farthest_labels=['D']; farthest_distance=9.85""]","[""A""]",A,"[-3,0]","[""B""]",2.83,"[""D""]",9.85
coordinate_geometry_1828_open_q1,coordinate_geometry_1828.png,"[""target=A; target_coordinates=[4, 5]; nearest_labels=['B']; nearest_distance=4.12; farthest_labels=['B']; farthest_distance=4.12""]","[""A""]",A,"[4,5]","[""B""]",4.12,"[""B""]",4.12
coordinate_geometry_1829_open_q1,coordinate_geometry_1829.png,"[""target=A; target_coordinates=[-3, -3]; nearest_labels=['C']; nearest_distance=5; farthest_labels=['B']; farthest_distance=6.71""]","[""A""]",A,"[-3,-3]","[""C""]",5,"[""B""]",6.71
coordinate_geometry_1830_open_q1,coordinate_geometry_1830.png,"[""target=B; target_coordinates=[2, 0]; nearest_labels=['C']; nearest_distance=3.61; farthest_labels=['D']; farthest_distance=9.9""]","[""B""]",B,"[2,0]","[""C""]",3.61,"[""D""]",9.9
coordinate_geometry_1831_open_q1,coordinate_geometry_1831.png,"[""target=B; target_coordinates=[8, 2]; nearest_labels=['A']; nearest_distance=16.55; farthest_labels=['A']; farthest_distance=16.55""]","[""B""]",B,"[8,2]","[""A""]",16.55,"[""A""]",16.55
coordinate_geometry_1832_open_q1,coordinate_geometry_1832.png,"[""target=A; target_coordinates=[-8, 8]; nearest_labels=['C']; nearest_distance=8.94; farthest_labels=['B']; farthest_distance=11.4""]","[""A""]",A,"[-8,8]","[""C""]",8.94,"[""B""]",11.4
coordinate_geometry_1833_open_q1,coordinate_geometry_1833.png,"[""target=A; target_coordinates=[8, 1]; nearest_labels=['C']; nearest_distance=2.24; farthest_labels=['D']; farthest_distance=13.93""]","[""A""]",A,"[8,1]","[""C""]",2.24,"[""D""]",13.93
coordinate_geometry_1834_open_q1,coordinate_geometry_1834.png,"[""target=B; target_coordinates=[-3, -4]; nearest_labels=['A']; nearest_distance=12.65; farthest_labels=['A']; farthest_distance=12.65""]","[""B""]",B,"[-3,-4]","[""A""]",12.65,"[""A""]",12.65
coordinate_geometry_1835_open_q1,coordinate_geometry_1835.png,"[""target=B; target_coordinates=[-1, 4]; nearest_labels=['A']; nearest_distance=5.66; farthest_labels=['C']; farthest_distance=7.81""]","[""B""]",B,"[-1,4]","[""A""]",5.66,"[""C""]",7.81
coordinate_geometry_1836_open_q1,coordinate_geometry_1836.png,"[""target=D; target_coordinates=[-4, -8]; nearest_labels=['C']; nearest_distance=11.4; farthest_labels=['A']; farthest_distance=12.65""]","[""D""]",D,"[-4,-8]","[""C""]",11.4,"[""A""]",12.65
coordinate_geometry_1837_open_q1,coordinate_geometry_1837.png,"[""target=B; target_coordinates=[0, -2]; nearest_labels=['A']; nearest_distance=6.71; farthest_labels=['A']; farthest_distance=6.71""]","[""B""]",B,"[0,-2]","[""A""]",6.71,"[""A""]",6.71
coordinate_geometry_1838_open_q1,coordinate_geometry_1838.png,"[""target=B; target_coordinates=[-5, -8]; nearest_labels=['C']; nearest_distance=5; farthest_labels=['A']; farthest_distance=11.05""]","[""B""]",B,"[-5,-8]","[""C""]",5,"[""A""]",11.05
coordinate_geometry_1839_open_q1,coordinate_geometry_1839.png,"[""target=B; target_coordinates=[-5, 4]; nearest_labels=['A']; nearest_distance=10.05; farthest_labels=['C']; farthest_distance=13""]","[""B""]",B,"[-5,4]","[""A""]",10.05,"[""C""]",13
coordinate_geometry_1840_open_q1,coordinate_geometry_1840.png,"[""target=A; target_coordinates=[5, -2]; nearest_labels=['B']; nearest_distance=14.87; farthest_labels=['B']; farthest_distance=14.87""]","[""A""]",A,"[5,-2]","[""B""]",14.87,"[""B""]",14.87
coordinate_geometry_1841_open_q1,coordinate_geometry_1841.png,"[""target=B; target_coordinates=[-5, -4]; nearest_labels=['C']; nearest_distance=6.08; farthest_labels=['A']; farthest_distance=10.77""]","[""B""]",B,"[-5,-4]","[""C""]",6.08,"[""A""]",10.77
coordinate_geometry_1842_open_q1,coordinate_geometry_1842.png,"[""target=C; target_coordinates=[-7, 2]; nearest_labels=['D']; nearest_distance=10.82; farthest_labels=['A']; farthest_distance=16.16""]","[""C""]",C,"[-7,2]","[""D""]",10.82,"[""A""]",16.16
coordinate_geometry_1843_open_q1,coordinate_geometry_1843.png,"[""target=A; target_coordinates=[-2, 0]; nearest_labels=['B']; nearest_distance=5.83; farthest_labels=['B']; farthest_distance=5.83""]","[""A""]",A,"[-2,0]","[""B""]",5.83,"[""B""]",5.83
coordinate_geometry_1844_open_q1,coordinate_geometry_1844.png,"[""target=B; target_coordinates=[7, 6]; nearest_labels=['A']; nearest_distance=3.61; farthest_labels=['C']; farthest_distance=10.05""]","[""B""]",B,"[7,6]","[""A""]",3.61,"[""C""]",10.05
coordinate_geometry_1845_open_q1,coordinate_geometry_1845.png,"[""target=B; target_coordinates=[-6, 7]; nearest_labels=['D']; nearest_distance=7; farthest_labels=['A']; farthest_distance=17""]","[""B""]",B,"[-6,7]","[""D""]",7,"[""A""]",17
coordinate_geometry_1846_open_q1,coordinate_geometry_1846.png,"[""target=B; target_coordinates=[8, 3]; nearest_labels=['A']; nearest_distance=3.61; farthest_labels=['A']; farthest_distance=3.61""]","[""B""]",B,"[8,3]","[""A""]",3.61,"[""A""]",3.61
coordinate_geometry_1847_open_q1,coordinate_geometry_1847.png,"[""target=B; target_coordinates=[-1, 7]; nearest_labels=['A']; nearest_distance=8.54; farthest_labels=['C']; farthest_distance=8.6""]","[""B""]",B,"[-1,7]","[""A""]",8.54,"[""C""]",8.6
coordinate_geometry_1848_open_q1,coordinate_geometry_1848.png,"[""target=B; target_coordinates=[5, -6]; nearest_labels=['D']; nearest_distance=7.81; farthest_labels=['C']; farthest_distance=11.66""]","[""B""]",B,"[5,-6]","[""D""]",7.81,"[""C""]",11.66
coordinate_geometry_1849_open_q1,coordinate_geometry_1849.png,"[""target=B; target_coordinates=[4, -5]; nearest_labels=['A']; nearest_distance=3.16; farthest_labels=['A']; farthest_distance=3.16""]","[""B""]",B,"[4,-5]","[""A""]",3.16,"[""A""]",3.16
coordinate_geometry_1850_open_q1,coordinate_geometry_1850.png,"[""target=B; target_coordinates=[-2, 8]; nearest_labels=['C']; nearest_distance=16.76; farthest_labels=['A']; farthest_distance=18.87""]","[""B""]",B,"[-2,8]","[""C""]",16.76,"[""A""]",18.87
coordinate_geometry_1851_open_q1,coordinate_geometry_1851.png,"[""target=C; target_coordinates=[-2, 6]; nearest_labels=['D']; nearest_distance=4.47; farthest_labels=['B']; farthest_distance=14.76""]","[""C""]",C,"[-2,6]","[""D""]",4.47,"[""B""]",14.76
coordinate_geometry_1852_open_q1,coordinate_geometry_1852.png,"[""target=B; target_coordinates=[0, 3]; nearest_labels=['A']; nearest_distance=7; farthest_labels=['A']; farthest_distance=7""]","[""B""]",B,"[0,3]","[""A""]",7,"[""A""]",7
coordinate_geometry_1853_open_q1,coordinate_geometry_1853.png,"[""target=C; target_coordinates=[0, -3]; nearest_labels=['A']; nearest_distance=7.07; farthest_labels=['B']; farthest_distance=8.94""]","[""C""]",C,"[0,-3]","[""A""]",7.07,"[""B""]",8.94
coordinate_geometry_1854_open_q1,coordinate_geometry_1854.png,"[""target=C; target_coordinates=[-5, 0]; nearest_labels=['B']; nearest_distance=7.62; farthest_labels=['D']; farthest_distance=13.6""]","[""C""]",C,"[-5,0]","[""B""]",7.62,"[""D""]",13.6
coordinate_geometry_1855_open_q1,coordinate_geometry_1855.png,"[""target=A; target_coordinates=[-7, 6]; nearest_labels=['B']; nearest_distance=11.05; farthest_labels=['B']; farthest_distance=11.05""]","[""A""]",A,"[-7,6]","[""B""]",11.05,"[""B""]",11.05
coordinate_geometry_1856_open_q1,coordinate_geometry_1856.png,"[""target=A; target_coordinates=[0, -2]; nearest_labels=['B']; nearest_distance=7.07; farthest_labels=['C']; farthest_distance=8.6""]","[""A""]",A,"[0,-2]","[""B""]",7.07,"[""C""]",8.6
coordinate_geometry_1857_open_q1,coordinate_geometry_1857.png,"[""target=D; target_coordinates=[-3, 5]; nearest_labels=['B']; nearest_distance=6; farthest_labels=['C']; farthest_distance=11.4""]","[""D""]",D,"[-3,5]","[""B""]",6,"[""C""]",11.4
coordinate_geometry_1858_open_q1,coordinate_geometry_1858.png,"[""target=B; target_coordinates=[6, -6]; nearest_labels=['A']; nearest_distance=10; farthest_labels=['A']; farthest_distance=10""]","[""B""]",B,"[6,-6]","[""A""]",10,"[""A""]",10
coordinate_geometry_1859_open_q1,coordinate_geometry_1859.png,"[""target=A; target_coordinates=[6, 0]; nearest_labels=['B']; nearest_distance=8.06; farthest_labels=['C']; farthest_distance=11.31""]","[""A""]",A,"[6,0]","[""B""]",8.06,"[""C""]",11.31
coordinate_geometry_1860_open_q1,coordinate_geometry_1860.png,"[""target=C; target_coordinates=[6, 0]; nearest_labels=['A']; nearest_distance=4.47; farthest_labels=['B']; farthest_distance=8""]","[""C""]",C,"[6,0]","[""A""]",4.47,"[""B""]",8
coordinate_geometry_1861_open_q1,coordinate_geometry_1861.png,"[""target=B; target_coordinates=[1, -5]; nearest_labels=['A']; nearest_distance=14.32; farthest_labels=['A']; farthest_distance=14.32""]","[""B""]",B,"[1,-5]","[""A""]",14.32,"[""A""]",14.32
coordinate_geometry_1862_open_q1,coordinate_geometry_1862.png,"[""target=B; target_coordinates=[1, 1]; nearest_labels=['C']; nearest_distance=6.71; farthest_labels=['A']; farthest_distance=8.94""]","[""B""]",B,"[1,1]","[""C""]",6.71,"[""A""]",8.94
coordinate_geometry_1863_open_q1,coordinate_geometry_1863.png,"[""target=D; target_coordinates=[-5, 5]; nearest_labels=['C']; nearest_distance=5; farthest_labels=['A']; farthest_distance=11""]","[""D""]",D,"[-5,5]","[""C""]",5,"[""A""]",11
coordinate_geometry_1864_open_q1,coordinate_geometry_1864.png,"[""target=B; target_coordinates=[1, 8]; nearest_labels=['A']; nearest_distance=15; farthest_labels=['A']; farthest_distance=15""]","[""B""]",B,"[1,8]","[""A""]",15,"[""A""]",15
coordinate_geometry_1865_open_q1,coordinate_geometry_1865.png,"[""target=C; target_coordinates=[5, 0]; nearest_labels=['B']; nearest_distance=4; farthest_labels=['A']; farthest_distance=7""]","[""C""]",C,"[5,0]","[""B""]",4,"[""A""]",7
coordinate_geometry_1866_open_q1,coordinate_geometry_1866.png,"[""target=D; target_coordinates=[8, 4]; nearest_labels=['C']; nearest_distance=10.82; farthest_labels=['A']; farthest_distance=12""]","[""D""]",D,"[8,4]","[""C""]",10.82,"[""A""]",12
coordinate_geometry_1867_open_q1,coordinate_geometry_1867.png,"[""target=A; target_coordinates=[5, -8]; nearest_labels=['B']; nearest_distance=6; farthest_labels=['B']; farthest_distance=6""]","[""A""]",A,"[5,-8]","[""B""]",6,"[""B""]",6
coordinate_geometry_1868_open_q1,coordinate_geometry_1868.png,"[""target=C; target_coordinates=[0, -4]; nearest_labels=['B']; nearest_distance=6.71; farthest_labels=['A']; farthest_distance=8.94""]","[""C""]",C,"[0,-4]","[""B""]",6.71,"[""A""]",8.94
coordinate_geometry_1869_open_q1,coordinate_geometry_1869.png,"[""target=B; target_coordinates=[-1, -3]; nearest_labels=['A']; nearest_distance=4.47; farthest_labels=['D']; farthest_distance=7.07""]","[""B""]",B,"[-1,-3]","[""A""]",4.47,"[""D""]",7.07
coordinate_geometry_1870_open_q1,coordinate_geometry_1870.png,"[""target=B; target_coordinates=[-2, 6]; nearest_labels=['A']; nearest_distance=6.08; farthest_labels=['A']; farthest_distance=6.08""]","[""B""]",B,"[-2,6]","[""A""]",6.08,"[""A""]",6.08
coordinate_geometry_1871_open_q1,coordinate_geometry_1871.png,"[""target=B; target_coordinates=[2, -1]; nearest_labels=['C']; nearest_distance=6.71; farthest_labels=['A']; farthest_distance=8.94""]","[""B""]",B,"[2,-1]","[""C""]",6.71,"[""A""]",8.94
coordinate_geometry_1872_open_q1,coordinate_geometry_1872.png,"[""target=C; target_coordinates=[8, 3]; nearest_labels=['B']; nearest_distance=2.24; farthest_labels=['D']; farthest_distance=17""]","[""C""]",C,"[8,3]","[""B""]",2.24,"[""D""]",17
coordinate_geometry_1873_open_q1,coordinate_geometry_1873.png,"[""target=B; target_coordinates=[-8, 6]; nearest_labels=['A']; nearest_distance=13; farthest_labels=['A']; farthest_distance=13""]","[""B""]",B,"[-8,6]","[""A""]",13,"[""A""]",13
coordinate_geometry_1874_open_q1,coordinate_geometry_1874.png,"[""target=B; target_coordinates=[0, 1]; nearest_labels=['C']; nearest_distance=6.71; farthest_labels=['A']; farthest_distance=8.94""]","[""B""]",B,"[0,1]","[""C""]",6.71,"[""A""]",8.94
coordinate_geometry_1875_open_q1,coordinate_geometry_1875.png,"[""target=B; target_coordinates=[0, 3]; nearest_labels=['C']; nearest_distance=2.24; farthest_labels=['D']; farthest_distance=6.4""]","[""B""]",B,"[0,3]","[""C""]",2.24,"[""D""]",6.4
coordinate_geometry_1876_open_q1,coordinate_geometry_1876.png,"[""target=A; target_coordinates=[-6, 1]; nearest_labels=['B']; nearest_distance=5.66; farthest_labels=['B']; farthest_distance=5.66""]","[""A""]",A,"[-6,1]","[""B""]",5.66,"[""B""]",5.66
coordinate_geometry_1877_open_q1,coordinate_geometry_1877.png,"[""target=B; target_coordinates=[1, 0]; nearest_labels=['C']; nearest_distance=4.47; farthest_labels=['A']; farthest_distance=8.94""]","[""B""]",B,"[1,0]","[""C""]",4.47,"[""A""]",8.94
coordinate_geometry_1878_open_q1,coordinate_geometry_1878.png,"[""target=C; target_coordinates=[2, 1]; nearest_labels=['B']; nearest_distance=3; farthest_labels=['D']; farthest_distance=11.66""]","[""C""]",C,"[2,1]","[""B""]",3,"[""D""]",11.66
coordinate_geometry_1879_open_q1,coordinate_geometry_1879.png,"[""target=B; target_coordinates=[8, -7]; nearest_labels=['A']; nearest_distance=9; farthest_labels=['A']; farthest_distance=9""]","[""B""]",B,"[8,-7]","[""A""]",9,"[""A""]",9
coordinate_geometry_1880_open_q1,coordinate_geometry_1880.png,"[""target=C; target_coordinates=[1, 6]; nearest_labels=['B']; nearest_distance=4.47; farthest_labels=['A']; farthest_distance=6.71""]","[""C""]",C,"[1,6]","[""B""]",4.47,"[""A""]",6.71
coordinate_geometry_1881_open_q1,coordinate_geometry_1881.png,"[""target=B; target_coordinates=[-2, -1]; nearest_labels=['A']; nearest_distance=4.47; farthest_labels=['C']; farthest_distance=8.94""]","[""B""]",B,"[-2,-1]","[""A""]",4.47,"[""C""]",8.94
coordinate_geometry_1882_open_q1,coordinate_geometry_1882.png,"[""target=A; target_coordinates=[-7, 5]; nearest_labels=['B']; nearest_distance=12.17; farthest_labels=['B']; farthest_distance=12.17""]","[""A""]",A,"[-7,5]","[""B""]",12.17,"[""B""]",12.17
coordinate_geometry_1883_open_q1,coordinate_geometry_1883.png,"[""target=C; target_coordinates=[5, 5]; nearest_labels=['B']; nearest_distance=5.66; farthest_labels=['A']; farthest_distance=9.9""]","[""C""]",C,"[5,5]","[""B""]",5.66,"[""A""]",9.9
coordinate_geometry_1884_open_q1,coordinate_geometry_1884.png,"[""target=B; target_coordinates=[-2, -1]; nearest_labels=['C']; nearest_distance=4.47; farthest_labels=['D']; farthest_distance=7.07""]","[""B""]",B,"[-2,-1]","[""C""]",4.47,"[""D""]",7.07
coordinate_geometry_1885_open_q1,coordinate_geometry_1885.png,"[""target=B; target_coordinates=[3, 1]; nearest_labels=['A']; nearest_distance=12.04; farthest_labels=['A']; farthest_distance=12.04""]","[""B""]",B,"[3,1]","[""A""]",12.04,"[""A""]",12.04
coordinate_geometry_1886_open_q1,coordinate_geometry_1886.png,"[""target=C; target_coordinates=[8, 6]; nearest_labels=['B']; nearest_distance=2.24; farthest_labels=['A']; farthest_distance=13.42""]","[""C""]",C,"[8,6]","[""B""]",2.24,"[""A""]",13.42
coordinate_geometry_1887_open_q1,coordinate_geometry_1887.png,"[""target=C; target_coordinates=[3, -4]; nearest_labels=['D']; nearest_distance=4.12; farthest_labels=['A']; farthest_distance=11.18""]","[""C""]",C,"[3,-4]","[""D""]",4.12,"[""A""]",11.18
coordinate_geometry_1888_open_q1,coordinate_geometry_1888.png,"[""target=B; target_coordinates=[-3, 3]; nearest_labels=['A']; nearest_distance=14.87; farthest_labels=['A']; farthest_distance=14.87""]","[""B""]",B,"[-3,3]","[""A""]",14.87,"[""A""]",14.87
coordinate_geometry_1889_open_q1,coordinate_geometry_1889.png,"[""target=A; target_coordinates=[-2, -8]; nearest_labels=['C']; nearest_distance=4; farthest_labels=['B']; farthest_distance=13.6""]","[""A""]",A,"[-2,-8]","[""C""]",4,"[""B""]",13.6
coordinate_geometry_1890_open_q1,coordinate_geometry_1890.png,"[""target=C; target_coordinates=[-5, 6]; nearest_labels=['A']; nearest_distance=4.47; farthest_labels=['D']; farthest_distance=13.45""]","[""C""]",C,"[-5,6]","[""A""]",4.47,"[""D""]",13.45
coordinate_geometry_1891_open_q1,coordinate_geometry_1891.png,"[""target=A; target_coordinates=[-8, -4]; nearest_labels=['B']; nearest_distance=19.42; farthest_labels=['B']; farthest_distance=19.42""]","[""A""]",A,"[-8,-4]","[""B""]",19.42,"[""B""]",19.42
coordinate_geometry_1892_open_q1,coordinate_geometry_1892.png,"[""target=A; target_coordinates=[-6, 5]; nearest_labels=['B']; nearest_distance=13.93; farthest_labels=['C']; farthest_distance=17.69""]","[""A""]",A,"[-6,5]","[""B""]",13.93,"[""C""]",17.69
coordinate_geometry_1893_open_q1,coordinate_geometry_1893.png,"[""target=A; target_coordinates=[-2, 0]; nearest_labels=['B']; nearest_distance=4.12; farthest_labels=['C']; farthest_distance=11.18""]","[""A""]",A,"[-2,0]","[""B""]",4.12,"[""C""]",11.18
coordinate_geometry_1894_open_q1,coordinate_geometry_1894.png,"[""target=B; target_coordinates=[-4, -1]; nearest_labels=['A']; nearest_distance=5.83; farthest_labels=['A']; farthest_distance=5.83""]","[""B""]",B,"[-4,-1]","[""A""]",5.83,"[""A""]",5.83
coordinate_geometry_1895_open_q1,coordinate_geometry_1895.png,"[""target=B; target_coordinates=[-7, 2]; nearest_labels=['C']; nearest_distance=4.12; farthest_labels=['A']; farthest_distance=13.04""]","[""B""]",B,"[-7,2]","[""C""]",4.12,"[""A""]",13.04
coordinate_geometry_1896_open_q1,coordinate_geometry_1896.png,"[""target=C; target_coordinates=[-1, 0]; nearest_labels=['D']; nearest_distance=7.07; farthest_labels=['A']; farthest_distance=8.54""]","[""C""]",C,"[-1,0]","[""D""]",7.07,"[""A""]",8.54
coordinate_geometry_1897_open_q1,coordinate_geometry_1897.png,"[""target=A; target_coordinates=[-2, 7]; nearest_labels=['B']; nearest_distance=3.16; farthest_labels=['B']; farthest_distance=3.16""]","[""A""]",A,"[-2,7]","[""B""]",3.16,"[""B""]",3.16
coordinate_geometry_1898_open_q1,coordinate_geometry_1898.png,"[""target=A; target_coordinates=[5, 2]; nearest_labels=['C']; nearest_distance=8.06; farthest_labels=['B']; farthest_distance=13.04""]","[""A""]",A,"[5,2]","[""C""]",8.06,"[""B""]",13.04
coordinate_geometry_1899_open_q1,coordinate_geometry_1899.png,"[""target=A; target_coordinates=[-1, 1]; nearest_labels=['B']; nearest_distance=5.83; farthest_labels=['C']; farthest_distance=10.3""]","[""A""]",A,"[-1,1]","[""B""]",5.83,"[""C""]",10.3
coordinate_geometry_1900_open_q1,coordinate_geometry_1900.png,"[""target=B; target_coordinates=[-2, -5]; nearest_labels=['A']; nearest_distance=3.61; farthest_labels=['A']; farthest_distance=3.61""]","[""B""]",B,"[-2,-5]","[""A""]",3.61,"[""A""]",3.61
coordinate_geometry_1901_open_q1,coordinate_geometry_1901.png,"[""target=B; target_coordinates=[6, 8]; nearest_labels=['A']; nearest_distance=12.53; farthest_labels=['C']; farthest_distance=13.34""]","[""B""]",B,"[6,8]","[""A""]",12.53,"[""C""]",13.34
coordinate_geometry_1902_open_q1,coordinate_geometry_1902.png,"[""target=D; target_coordinates=[3, 0]; nearest_labels=['B']; nearest_distance=4; farthest_labels=['A']; farthest_distance=12.81""]","[""D""]",D,"[3,0]","[""B""]",4,"[""A""]",12.81
coordinate_geometry_1903_open_q1,coordinate_geometry_1903.png,"[""target=B; target_coordinates=[-3, -8]; nearest_labels=['A']; nearest_distance=9; farthest_labels=['A']; farthest_distance=9""]","[""B""]",B,"[-3,-8]","[""A""]",9,"[""A""]",9
coordinate_geometry_1904_open_q1,coordinate_geometry_1904.png,"[""target=C; target_coordinates=[-7, -3]; nearest_labels=['A']; nearest_distance=3; farthest_labels=['B']; farthest_distance=8.06""]","[""C""]",C,"[-7,-3]","[""A""]",3,"[""B""]",8.06
coordinate_geometry_1905_open_q1,coordinate_geometry_1905.png,"[""target=C; target_coordinates=[6, 8]; nearest_labels=['D']; nearest_distance=12; farthest_labels=['A']; farthest_distance=21.26""]","[""C""]",C,"[6,8]","[""D""]",12,"[""A""]",21.26
coordinate_geometry_1906_open_q1,coordinate_geometry_1906.png,"[""target=A; target_coordinates=[-2, 2]; nearest_labels=['B']; nearest_distance=3.16; farthest_labels=['B']; farthest_distance=3.16""]","[""A""]",A,"[-2,2]","[""B""]",3.16,"[""B""]",3.16
coordinate_geometry_1907_open_q1,coordinate_geometry_1907.png,"[""target=B; target_coordinates=[5, 3]; nearest_labels=['C']; nearest_distance=4.47; farthest_labels=['A']; farthest_distance=5.1""]","[""B""]",B,"[5,3]","[""C""]",4.47,"[""A""]",5.1
coordinate_geometry_1908_open_q1,coordinate_geometry_1908.png,"[""target=C; target_coordinates=[3, 0]; nearest_labels=['A']; nearest_distance=4.47; farthest_labels=['D']; farthest_distance=13.6""]","[""C""]",C,"[3,0]","[""A""]",4.47,"[""D""]",13.6
coordinate_geometry_1909_open_q1,coordinate_geometry_1909.png,"[""target=A; target_coordinates=[-2, -3]; nearest_labels=['B']; nearest_distance=10.77; farthest_labels=['B']; farthest_distance=10.77""]","[""A""]",A,"[-2,-3]","[""B""]",10.77,"[""B""]",10.77
coordinate_geometry_1910_open_q1,coordinate_geometry_1910.png,"[""target=B; target_coordinates=[8, -8]; nearest_labels=['C']; nearest_distance=9; farthest_labels=['A']; farthest_distance=10.82""]","[""B""]",B,"[8,-8]","[""C""]",9,"[""A""]",10.82
coordinate_geometry_1911_open_q1,coordinate_geometry_1911.png,"[""target=A; target_coordinates=[-8, 8]; nearest_labels=['D']; nearest_distance=7.62; farthest_labels=['B']; farthest_distance=21.93""]","[""A""]",A,"[-8,8]","[""D""]",7.62,"[""B""]",21.93
coordinate_geometry_1912_open_q1,coordinate_geometry_1912.png,"[""target=A; target_coordinates=[1, -7]; nearest_labels=['B']; nearest_distance=4.24; farthest_labels=['B']; farthest_distance=4.24""]","[""A""]",A,"[1,-7]","[""B""]",4.24,"[""B""]",4.24
coordinate_geometry_1913_open_q1,coordinate_geometry_1913.png,"[""target=B; target_coordinates=[1, 3]; nearest_labels=['C']; nearest_distance=6.4; farthest_labels=['A']; farthest_distance=8.06""]","[""B""]",B,"[1,3]","[""C""]",6.4,"[""A""]",8.06
coordinate_geometry_1914_open_q1,coordinate_geometry_1914.png,"[""target=D; target_coordinates=[-8, -8]; nearest_labels=['B']; nearest_distance=10.63; farthest_labels=['C']; farthest_distance=21.93""]","[""D""]",D,"[-8,-8]","[""B""]",10.63,"[""C""]",21.93
coordinate_geometry_1915_open_q1,coordinate_geometry_1915.png,"[""target=B; target_coordinates=[4, 1]; nearest_labels=['A']; nearest_distance=8.25; farthest_labels=['A']; farthest_distance=8.25""]","[""B""]",B,"[4,1]","[""A""]",8.25,"[""A""]",8.25
coordinate_geometry_1916_open_q1,coordinate_geometry_1916.png,"[""target=A; target_coordinates=[1, -6]; nearest_labels=['B']; nearest_distance=5; farthest_labels=['C']; farthest_distance=8.25""]","[""A""]",A,"[1,-6]","[""B""]",5,"[""C""]",8.25
coordinate_geometry_1917_open_q1,coordinate_geometry_1917.png,"[""target=D; target_coordinates=[6, -7]; nearest_labels=['A']; nearest_distance=3.61; farthest_labels=['C']; farthest_distance=16.28""]","[""D""]",D,"[6,-7]","[""A""]",3.61,"[""C""]",16.28
coordinate_geometry_1918_open_q1,coordinate_geometry_1918.png,"[""target=B; target_coordinates=[0, -2]; nearest_labels=['A']; nearest_distance=10.2; farthest_labels=['A']; farthest_distance=10.2""]","[""B""]",B,"[0,-2]","[""A""]",10.2,"[""A""]",10.2
coordinate_geometry_1919_open_q1,coordinate_geometry_1919.png,"[""target=C; target_coordinates=[-4, 0]; nearest_labels=['A']; nearest_distance=10.3; farthest_labels=['B']; farthest_distance=11.4""]","[""C""]",C,"[-4,0]","[""A""]",10.3,"[""B""]",11.4
coordinate_geometry_1920_open_q1,coordinate_geometry_1920.png,"[""target=A; target_coordinates=[2, 1]; nearest_labels=['D']; nearest_distance=6.32; farthest_labels=['B']; farthest_distance=7.07""]","[""A""]",A,"[2,1]","[""D""]",6.32,"[""B""]",7.07
coordinate_geometry_1921_open_q1,coordinate_geometry_1921.png,"[""target=B; target_coordinates=[-3, 6]; nearest_labels=['A']; nearest_distance=5; farthest_labels=['A']; farthest_distance=5""]","[""B""]",B,"[-3,6]","[""A""]",5,"[""A""]",5
coordinate_geometry_1922_open_q1,coordinate_geometry_1922.png,"[""target=B; target_coordinates=[-4, -2]; nearest_labels=['A']; nearest_distance=2.24; farthest_labels=['C']; farthest_distance=11.18""]","[""B""]",B,"[-4,-2]","[""A""]",2.24,"[""C""]",11.18
coordinate_geometry_1923_open_q1,coordinate_geometry_1923.png,"[""target=C; target_coordinates=[7, -2]; nearest_labels=['B']; nearest_distance=6.71; farthest_labels=['A']; farthest_distance=15.65""]","[""C""]",C,"[7,-2]","[""B""]",6.71,"[""A""]",15.65
coordinate_geometry_1924_open_q1,coordinate_geometry_1924.png,"[""target=B; target_coordinates=[4, -2]; nearest_labels=['A']; nearest_distance=4.47; farthest_labels=['A']; farthest_distance=4.47""]","[""B""]",B,"[4,-2]","[""A""]",4.47,"[""A""]",4.47
coordinate_geometry_1925_open_q1,coordinate_geometry_1925.png,"[""target=B; target_coordinates=[3, -1]; nearest_labels=['A']; nearest_distance=2.24; farthest_labels=['C']; farthest_distance=4.47""]","[""B""]",B,"[3,-1]","[""A""]",2.24,"[""C""]",4.47
coordinate_geometry_1926_open_q1,coordinate_geometry_1926.png,"[""target=D; target_coordinates=[-8, 5]; nearest_labels=['A']; nearest_distance=9.43; farthest_labels=['C']; farthest_distance=12.08""]","[""D""]",D,"[-8,5]","[""A""]",9.43,"[""C""]",12.08
coordinate_geometry_1927_open_q1,coordinate_geometry_1927.png,"[""target=B; target_coordinates=[5, -6]; nearest_labels=['A']; nearest_distance=12.65; farthest_labels=['A']; farthest_distance=12.65""]","[""B""]",B,"[5,-6]","[""A""]",12.65,"[""A""]",12.65
coordinate_geometry_1928_open_q1,coordinate_geometry_1928.png,"[""target=B; target_coordinates=[-2, 0]; nearest_labels=['C']; nearest_distance=4.47; farthest_labels=['A']; farthest_distance=6.71""]","[""B""]",B,"[-2,0]","[""C""]",4.47,"[""A""]",6.71
coordinate_geometry_1929_open_q1,coordinate_geometry_1929.png,"[""target=A; target_coordinates=[1, -1]; nearest_labels=['B']; nearest_distance=2.24; farthest_labels=['D']; farthest_distance=10""]","[""A""]",A,"[1,-1]","[""B""]",2.24,"[""D""]",10
coordinate_geometry_1930_open_q1,coordinate_geometry_1930.png,"[""target=A; target_coordinates=[4, -2]; nearest_labels=['B']; nearest_distance=13.89; farthest_labels=['B']; farthest_distance=13.89""]","[""A""]",A,"[4,-2]","[""B""]",13.89,"[""B""]",13.89
coordinate_geometry_1931_open_q1,coordinate_geometry_1931.png,"[""target=B; target_coordinates=[-3, -3]; nearest_labels=['A']; nearest_distance=2.24; farthest_labels=['C']; farthest_distance=11.18""]","[""B""]",B,"[-3,-3]","[""A""]",2.24,"[""C""]",11.18
coordinate_geometry_1932_open_q1,coordinate_geometry_1932.png,"[""target=A; target_coordinates=[-4, 2]; nearest_labels=['D']; nearest_distance=6.32; farthest_labels=['C']; farthest_distance=13.42""]","[""A""]",A,"[-4,2]","[""D""]",6.32,"[""C""]",13.42
coordinate_geometry_1933_open_q1,coordinate_geometry_1933.png,"[""target=A; target_coordinates=[3, 2]; nearest_labels=['B']; nearest_distance=11.66; farthest_labels=['B']; farthest_distance=11.66""]","[""A""]",A,"[3,2]","[""B""]",11.66,"[""B""]",11.66
coordinate_geometry_1934_open_q1,coordinate_geometry_1934.png,"[""target=A; target_coordinates=[-3, 3]; nearest_labels=['B']; nearest_distance=4.24; farthest_labels=['C']; farthest_distance=7.07""]","[""A""]",A,"[-3,3]","[""B""]",4.24,"[""C""]",7.07
coordinate_geometry_1935_open_q1,coordinate_geometry_1935.png,"[""target=A; target_coordinates=[-3, -4]; nearest_labels=['D']; nearest_distance=5; farthest_labels=['C']; farthest_distance=11.18""]","[""A""]",A,"[-3,-4]","[""D""]",5,"[""C""]",11.18
coordinate_geometry_1936_open_q1,coordinate_geometry_1936.png,"[""target=A; target_coordinates=[-1, 3]; nearest_labels=['B']; nearest_distance=11.4; farthest_labels=['B']; farthest_distance=11.4""]","[""A""]",A,"[-1,3]","[""B""]",11.4,"[""B""]",11.4
coordinate_geometry_1937_open_q1,coordinate_geometry_1937.png,"[""target=A; target_coordinates=[1, 4]; nearest_labels=['B']; nearest_distance=2.24; farthest_labels=['C']; farthest_distance=11.18""]","[""A""]",A,"[1,4]","[""B""]",2.24,"[""C""]",11.18
coordinate_geometry_1938_open_q1,coordinate_geometry_1938.png,"[""target=D; target_coordinates=[-4, -7]; nearest_labels=['A']; nearest_distance=5.1; farthest_labels=['C']; farthest_distance=11.4""]","[""D""]",D,"[-4,-7]","[""A""]",5.1,"[""C""]",11.4
coordinate_geometry_1939_open_q1,coordinate_geometry_1939.png,"[""target=B; target_coordinates=[-8, -5]; nearest_labels=['A']; nearest_distance=11.31; farthest_labels=['A']; farthest_distance=11.31""]","[""B""]",B,"[-8,-5]","[""A""]",11.31,"[""A""]",11.31
coordinate_geometry_1940_open_q1,coordinate_geometry_1940.png,"[""target=A; target_coordinates=[2, 1]; nearest_labels=['B']; nearest_distance=2.24; farthest_labels=['C']; farthest_distance=6.71""]","[""A""]",A,"[2,1]","[""B""]",2.24,"[""C""]",6.71
coordinate_geometry_1941_open_q1,coordinate_geometry_1941.png,"[""target=D; target_coordinates=[8, 0]; nearest_labels=['C']; nearest_distance=5; farthest_labels=['A']; farthest_distance=15.13""]","[""D""]",D,"[8,0]","[""C""]",5,"[""A""]",15.13
coordinate_geometry_1942_open_q1,coordinate_geometry_1942.png,"[""target=B; target_coordinates=[-4, -8]; nearest_labels=['A']; nearest_distance=9.22; farthest_labels=['A']; farthest_distance=9.22""]","[""B""]",B,"[-4,-8]","[""A""]",9.22,"[""A""]",9.22
coordinate_geometry_1943_open_q1,coordinate_geometry_1943.png,"[""target=B; target_coordinates=[-4, 1]; nearest_labels=['A']; nearest_distance=2.24; farthest_labels=['C']; farthest_distance=11.18""]","[""B""]",B,"[-4,1]","[""A""]",2.24,"[""C""]",11.18
coordinate_geometry_1944_open_q1,coordinate_geometry_1944.png,"[""target=D; target_coordinates=[-7, -1]; nearest_labels=['A']; nearest_distance=6.08; farthest_labels=['C']; farthest_distance=13""]","[""D""]",D,"[-7,-1]","[""A""]",6.08,"[""C""]",13
coordinate_geometry_1945_open_q1,coordinate_geometry_1945.png,"[""target=B; target_coordinates=[1, 3]; nearest_labels=['A']; nearest_distance=2.83; farthest_labels=['A']; farthest_distance=2.83""]","[""B""]",B,"[1,3]","[""A""]",2.83,"[""A""]",2.83
coordinate_geometry_1946_open_q1,coordinate_geometry_1946.png,"[""target=A; target_coordinates=[-3, 5]; nearest_labels=['B']; nearest_distance=4.24; farthest_labels=['C']; farthest_distance=11.31""]","[""A""]",A,"[-3,5]","[""B""]",4.24,"[""C""]",11.31
coordinate_geometry_1947_open_q1,coordinate_geometry_1947.png,"[""target=C; target_coordinates=[6, 1]; nearest_labels=['B']; nearest_distance=8.94; farthest_labels=['A']; farthest_distance=15.65""]","[""C""]",C,"[6,1]","[""B""]",8.94,"[""A""]",15.65
coordinate_geometry_1948_open_q1,coordinate_geometry_1948.png,"[""target=B; target_coordinates=[5, 2]; nearest_labels=['A']; nearest_distance=9.22; farthest_labels=['A']; farthest_distance=9.22""]","[""B""]",B,"[5,2]","[""A""]",9.22,"[""A""]",9.22
coordinate_geometry_1949_open_q1,coordinate_geometry_1949.png,"[""target=A; target_coordinates=[-6, 0]; nearest_labels=['B']; nearest_distance=7.81; farthest_labels=['C']; farthest_distance=10""]","[""A""]",A,"[-6,0]","[""B""]",7.81,"[""C""]",10
coordinate_geometry_1950_open_q1,coordinate_geometry_1950.png,"[""target=A; target_coordinates=[-2, -7]; nearest_labels=['D']; nearest_distance=5.39; farthest_labels=['C']; farthest_distance=13.45""]","[""A""]",A,"[-2,-7]","[""D""]",5.39,"[""C""]",13.45
coordinate_geometry_1951_open_q1,coordinate_geometry_1951.png,"[""target=A; target_coordinates=[3, 5]; nearest_labels=['B']; nearest_distance=11.18; farthest_labels=['B']; farthest_distance=11.18""]","[""A""]",A,"[3,5]","[""B""]",11.18,"[""B""]",11.18
coordinate_geometry_1952_open_q1,coordinate_geometry_1952.png,"[""target=C; target_coordinates=[5, 1]; nearest_labels=['A']; nearest_distance=7.28; farthest_labels=['B']; farthest_distance=9.06""]","[""C""]",C,"[5,1]","[""A""]",7.28,"[""B""]",9.06
coordinate_geometry_1953_open_q1,coordinate_geometry_1953.png,"[""target=B; target_coordinates=[-1, -4]; nearest_labels=['C']; nearest_distance=6.32; farthest_labels=['D']; farthest_distance=11.4""]","[""B""]",B,"[-1,-4]","[""C""]",6.32,"[""D""]",11.4
coordinate_geometry_1954_open_q1,coordinate_geometry_1954.png,"[""target=B; target_coordinates=[6, 8]; nearest_labels=['A']; nearest_distance=5.39; farthest_labels=['A']; farthest_distance=5.39""]","[""B""]",B,"[6,8]","[""A""]",5.39,"[""A""]",5.39
coordinate_geometry_1955_open_q1,coordinate_geometry_1955.png,"[""target=B; target_coordinates=[7, 3]; nearest_labels=['C']; nearest_distance=9.22; farthest_labels=['A']; farthest_distance=11.05""]","[""B""]",B,"[7,3]","[""C""]",9.22,"[""A""]",11.05
coordinate_geometry_1956_open_q1,coordinate_geometry_1956.png,"[""target=B; target_coordinates=[5, -6]; nearest_labels=['D']; nearest_distance=9.85; farthest_labels=['C']; farthest_distance=17.2""]","[""B""]",B,"[5,-6]","[""D""]",9.85,"[""C""]",17.2
coordinate_geometry_1957_open_q1,coordinate_geometry_1957.png,"[""target=B; target_coordinates=[-8, 2]; nearest_labels=['A']; nearest_distance=11.66; farthest_labels=['A']; farthest_distance=11.66""]","[""B""]",B,"[-8,2]","[""A""]",11.66,"[""A""]",11.66
coordinate_geometry_1958_open_q1,coordinate_geometry_1958.png,"[""target=C; target_coordinates=[8, 1]; nearest_labels=['B']; nearest_distance=5.39; farthest_labels=['A']; farthest_distance=9.49""]","[""C""]",C,"[8,1]","[""B""]",5.39,"[""A""]",9.49
coordinate_geometry_1959_open_q1,coordinate_geometry_1959.png,"[""target=A; target_coordinates=[-8, -7]; nearest_labels=['B']; nearest_distance=7; farthest_labels=['C']; farthest_distance=17.49""]","[""A""]",A,"[-8,-7]","[""B""]",7,"[""C""]",17.49
coordinate_geometry_1960_open_q1,coordinate_geometry_1960.png,"[""target=B; target_coordinates=[2, 6]; nearest_labels=['A']; nearest_distance=4.47; farthest_labels=['A']; farthest_distance=4.47""]","[""B""]",B,"[2,6]","[""A""]",4.47,"[""A""]",4.47
coordinate_geometry_1961_open_q1,coordinate_geometry_1961.png,"[""target=A; target_coordinates=[-3, 2]; nearest_labels=['C']; nearest_distance=5.39; farthest_labels=['B']; farthest_distance=10.05""]","[""A""]",A,"[-3,2]","[""C""]",5.39,"[""B""]",10.05
coordinate_geometry_1962_open_q1,coordinate_geometry_1962.png,"[""target=B; target_coordinates=[3, 1]; nearest_labels=['D']; nearest_distance=6.08; farthest_labels=['C']; farthest_distance=10.82""]","[""B""]",B,"[3,1]","[""D""]",6.08,"[""C""]",10.82
coordinate_geometry_1963_open_q1,coordinate_geometry_1963.png,"[""target=A; target_coordinates=[-3, 1]; nearest_labels=['B']; nearest_distance=3.16; farthest_labels=['B']; farthest_distance=3.16""]","[""A""]",A,"[-3,1]","[""B""]",3.16,"[""B""]",3.16
coordinate_geometry_1964_open_q1,coordinate_geometry_1964.png,"[""target=A; target_coordinates=[-7, 1]; nearest_labels=['B']; nearest_distance=10.2; farthest_labels=['C']; farthest_distance=15.81""]","[""A""]",A,"[-7,1]","[""B""]",10.2,"[""C""]",15.81
coordinate_geometry_1965_open_q1,coordinate_geometry_1965.png,"[""target=B; target_coordinates=[-3, -6]; nearest_labels=['A']; nearest_distance=10.3; farthest_labels=['C']; farthest_distance=14.21""]","[""B""]",B,"[-3,-6]","[""A""]",10.3,"[""C""]",14.21
coordinate_geometry_1966_open_q1,coordinate_geometry_1966.png,"[""target=B; target_coordinates=[-2, -8]; nearest_labels=['A']; nearest_distance=9.06; farthest_labels=['A']; farthest_distance=9.06""]","[""B""]",B,"[-2,-8]","[""A""]",9.06,"[""A""]",9.06
coordinate_geometry_1967_open_q1,coordinate_geometry_1967.png,"[""target=B; target_coordinates=[3, -1]; nearest_labels=['C']; nearest_distance=9.43; farthest_labels=['A']; farthest_distance=11.4""]","[""B""]",B,"[3,-1]","[""C""]",9.43,"[""A""]",11.4
coordinate_geometry_1968_open_q1,coordinate_geometry_1968.png,"[""target=A; target_coordinates=[-7, 8]; nearest_labels=['D']; nearest_distance=9.22; farthest_labels=['B']; farthest_distance=17.69""]","[""A""]",A,"[-7,8]","[""D""]",9.22,"[""B""]",17.69
coordinate_geometry_1969_open_q1,coordinate_geometry_1969.png,"[""target=A; target_coordinates=[-3, -4]; nearest_labels=['B']; nearest_distance=8.06; farthest_labels=['B']; farthest_distance=8.06""]","[""A""]",A,"[-3,-4]","[""B""]",8.06,"[""B""]",8.06
coordinate_geometry_1970_open_q1,coordinate_geometry_1970.png,"[""target=C; target_coordinates=[8, -7]; nearest_labels=['A']; nearest_distance=14.14; farthest_labels=['B']; farthest_distance=14.32""]","[""C""]",C,"[8,-7]","[""A""]",14.14,"[""B""]",14.32
coordinate_geometry_1971_open_q1,coordinate_geometry_1971.png,"[""target=C; target_coordinates=[7, -2]; nearest_labels=['D']; nearest_distance=6.32; farthest_labels=['B']; farthest_distance=15""]","[""C""]",C,"[7,-2]","[""D""]",6.32,"[""B""]",15
coordinate_geometry_1972_open_q1,coordinate_geometry_1972.png,"[""target=A; target_coordinates=[-2, 1]; nearest_labels=['B']; nearest_distance=9.49; farthest_labels=['B']; farthest_distance=9.49""]","[""A""]",A,"[-2,1]","[""B""]",9.49,"[""B""]",9.49
coordinate_geometry_1973_open_q1,coordinate_geometry_1973.png,"[""target=B; target_coordinates=[3, 6]; nearest_labels=['C']; nearest_distance=2.83; farthest_labels=['A']; farthest_distance=15""]","[""B""]",B,"[3,6]","[""C""]",2.83,"[""A""]",15
coordinate_geometry_1974_open_q1,coordinate_geometry_1974.png,"[""target=A; target_coordinates=[-3, 7]; nearest_labels=['D']; nearest_distance=9; farthest_labels=['B']; farthest_distance=12.04""]","[""A""]",A,"[-3,7]","[""D""]",9,"[""B""]",12.04
coordinate_geometry_1975_open_q1,coordinate_geometry_1975.png,"[""target=A; target_coordinates=[-7, 7]; nearest_labels=['B']; nearest_distance=8.06; farthest_labels=['B']; farthest_distance=8.06""]","[""A""]",A,"[-7,7]","[""B""]",8.06,"[""B""]",8.06
coordinate_geometry_1976_open_q1,coordinate_geometry_1976.png,"[""target=C; target_coordinates=[5, 1]; nearest_labels=['B']; nearest_distance=2.24; farthest_labels=['A']; farthest_distance=12.17""]","[""C""]",C,"[5,1]","[""B""]",2.24,"[""A""]",12.17
coordinate_geometry_1977_open_q1,coordinate_geometry_1977.png,"[""target=D; target_coordinates=[3, -1]; nearest_labels=['C']; nearest_distance=6; farthest_labels=['A']; farthest_distance=8.54""]","[""D""]",D,"[3,-1]","[""C""]",6,"[""A""]",8.54
coordinate_geometry_1978_open_q1,coordinate_geometry_1978.png,"[""target=B; target_coordinates=[3, -1]; nearest_labels=['A']; nearest_distance=7.28; farthest_labels=['A']; farthest_distance=7.28""]","[""B""]",B,"[3,-1]","[""A""]",7.28,"[""A""]",7.28
coordinate_geometry_1979_open_q1,coordinate_geometry_1979.png,"[""target=B; target_coordinates=[-6, 3]; nearest_labels=['C']; nearest_distance=5.1; farthest_labels=['A']; farthest_distance=11.18""]","[""B""]",B,"[-6,3]","[""C""]",5.1,"[""A""]",11.18
coordinate_geometry_1980_open_q1,coordinate_geometry_1980.png,"[""target=D; target_coordinates=[8, -8]; nearest_labels=['C']; nearest_distance=4.24; farthest_labels=['B']; farthest_distance=14.56""]","[""D""]",D,"[8,-8]","[""C""]",4.24,"[""B""]",14.56
coordinate_geometry_1981_open_q1,coordinate_geometry_1981.png,"[""target=A; target_coordinates=[-4, -4]; nearest_labels=['B']; nearest_distance=7; farthest_labels=['B']; farthest_distance=7""]","[""A""]",A,"[-4,-4]","[""B""]",7,"[""B""]",7
coordinate_geometry_1982_open_q1,coordinate_geometry_1982.png,"[""target=A; target_coordinates=[0, 1]; nearest_labels=['B']; nearest_distance=6.71; farthest_labels=['C']; farthest_distance=8.94""]","[""A""]",A,"[0,1]","[""B""]",6.71,"[""C""]",8.94
coordinate_geometry_1983_open_q1,coordinate_geometry_1983.png,"[""target=C; target_coordinates=[6, 6]; nearest_labels=['B']; nearest_distance=2.24; farthest_labels=['D']; farthest_distance=10.2""]","[""C""]",C,"[6,6]","[""B""]",2.24,"[""D""]",10.2
coordinate_geometry_1984_open_q1,coordinate_geometry_1984.png,"[""target=A; target_coordinates=[2, 1]; nearest_labels=['B']; nearest_distance=5; farthest_labels=['B']; farthest_distance=5""]","[""A""]",A,"[2,1]","[""B""]",5,"[""B""]",5
coordinate_geometry_1985_open_q1,coordinate_geometry_1985.png,"[""target=A; target_coordinates=[-2, -8]; nearest_labels=['B']; nearest_distance=6.71; farthest_labels=['C']; farthest_distance=17.89""]","[""A""]",A,"[-2,-8]","[""B""]",6.71,"[""C""]",17.89
coordinate_geometry_1986_open_q1,coordinate_geometry_1986.png,"[""target=C; target_coordinates=[1, 1]; nearest_labels=['B']; nearest_distance=4.47; farthest_labels=['D']; farthest_distance=11.4""]","[""C""]",C,"[1,1]","[""B""]",4.47,"[""D""]",11.4
coordinate_geometry_1987_open_q1,coordinate_geometry_1987.png,"[""target=B; target_coordinates=[-7, -6]; nearest_labels=['A']; nearest_distance=13.89; farthest_labels=['A']; farthest_distance=13.89""]","[""B""]",B,"[-7,-6]","[""A""]",13.89,"[""A""]",13.89
coordinate_geometry_1988_open_q1,coordinate_geometry_1988.png,"[""target=C; target_coordinates=[8, 3]; nearest_labels=['B']; nearest_distance=6.71; farthest_labels=['A']; farthest_distance=15.65""]","[""C""]",C,"[8,3]","[""B""]",6.71,"[""A""]",15.65
coordinate_geometry_1989_open_q1,coordinate_geometry_1989.png,"[""target=C; target_coordinates=[8, 3]; nearest_labels=['B']; nearest_distance=2.24; farthest_labels=['A']; farthest_distance=13.42""]","[""C""]",C,"[8,3]","[""B""]",2.24,"[""A""]",13.42
coordinate_geometry_1990_open_q1,coordinate_geometry_1990.png,"[""target=A; target_coordinates=[-6, -4]; nearest_labels=['B']; nearest_distance=4.12; farthest_labels=['B']; farthest_distance=4.12""]","[""A""]",A,"[-6,-4]","[""B""]",4.12,"[""B""]",4.12
coordinate_geometry_1991_open_q1,coordinate_geometry_1991.png,"[""target=B; target_coordinates=[0, 2]; nearest_labels=['C']; nearest_distance=2.24; farthest_labels=['A']; farthest_distance=6.71""]","[""B""]",B,"[0,2]","[""C""]",2.24,"[""A""]",6.71
coordinate_geometry_1992_open_q1,coordinate_geometry_1992.png,"[""target=C; target_coordinates=[8, 2]; nearest_labels=['D']; nearest_distance=4.12; farthest_labels=['A']; farthest_distance=13.42""]","[""C""]",C,"[8,2]","[""D""]",4.12,"[""A""]",13.42
coordinate_geometry_1993_open_q1,coordinate_geometry_1993.png,"[""target=B; target_coordinates=[-7, -5]; nearest_labels=['A']; nearest_distance=13.04; farthest_labels=['A']; farthest_distance=13.04""]","[""B""]",B,"[-7,-5]","[""A""]",13.04,"[""A""]",13.04
coordinate_geometry_1994_open_q1,coordinate_geometry_1994.png,"[""target=B; target_coordinates=[0, -2]; nearest_labels=['A']; nearest_distance=4.47; farthest_labels=['C']; farthest_distance=8.94""]","[""B""]",B,"[0,-2]","[""A""]",4.47,"[""C""]",8.94
coordinate_geometry_1995_open_q1,coordinate_geometry_1995.png,"[""target=A; target_coordinates=[-4, 6]; nearest_labels=['B']; nearest_distance=2.24; farthest_labels=['C']; farthest_distance=8.94""]","[""A""]",A,"[-4,6]","[""B""]",2.24,"[""C""]",8.94
coordinate_geometry_1996_open_q1,coordinate_geometry_1996.png,"[""target=B; target_coordinates=[1, -1]; nearest_labels=['A']; nearest_distance=7.81; farthest_labels=['A']; farthest_distance=7.81""]","[""B""]",B,"[1,-1]","[""A""]",7.81,"[""A""]",7.81
coordinate_geometry_1997_open_q1,coordinate_geometry_1997.png,"[""target=B; target_coordinates=[-3, -1]; nearest_labels=['A']; nearest_distance=4.47; farthest_labels=['C']; farthest_distance=8.94""]","[""B""]",B,"[-3,-1]","[""A""]",4.47,"[""C""]",8.94
coordinate_geometry_1998_open_q1,coordinate_geometry_1998.png,"[""target=D; target_coordinates=[8, -7]; nearest_labels=['A']; nearest_distance=9.9; farthest_labels=['C']; farthest_distance=13.6""]","[""D""]",D,"[8,-7]","[""A""]",9.9,"[""C""]",13.6
coordinate_geometry_1999_open_q1,coordinate_geometry_1999.png,"[""target=A; target_coordinates=[-4, 7]; nearest_labels=['B']; nearest_distance=9.85; farthest_labels=['B']; farthest_distance=9.85""]","[""A""]",A,"[-4,7]","[""B""]",9.85,"[""B""]",9.85
coordinate_geometry_2000_open_q1,coordinate_geometry_2000.png,"[""target=B; target_coordinates=[-1, 1]; nearest_labels=['A']; nearest_distance=4.47; farthest_labels=['C']; farthest_distance=8.94""]","[""B""]",B,"[-1,1]","[""A""]",4.47,"[""C""]",8.94
coordinate_geometry_2001_open_q1,coordinate_geometry_2001.png,"[""target=B; target_coordinates=[-1, -4]; nearest_labels=['A']; nearest_distance=2.24; farthest_labels=['C']; farthest_distance=8.94""]","[""B""]",B,"[-1,-4]","[""A""]",2.24,"[""C""]",8.94
coordinate_geometry_2002_open_q1,coordinate_geometry_2002.png,"[""target=B; target_coordinates=[-5, 0]; nearest_labels=['A']; nearest_distance=13.15; farthest_labels=['A']; farthest_distance=13.15""]","[""B""]",B,"[-5,0]","[""A""]",13.15,"[""A""]",13.15
coordinate_geometry_2003_open_q1,coordinate_geometry_2003.png,"[""target=C; target_coordinates=[3, 6]; nearest_labels=['B']; nearest_distance=2.24; farthest_labels=['A']; farthest_distance=15.65""]","[""C""]",C,"[3,6]","[""B""]",2.24,"[""A""]",15.65
coordinate_geometry_2004_open_q1,coordinate_geometry_2004.png,"[""target=A; target_coordinates=[-1, 5]; nearest_labels=['D']; nearest_distance=3.16; farthest_labels=['C']; farthest_distance=9.9""]","[""A""]",A,"[-1,5]","[""D""]",3.16,"[""C""]",9.9
coordinate_geometry_2005_open_q1,coordinate_geometry_2005.png,"[""target=B; target_coordinates=[-2, 6]; nearest_labels=['A']; nearest_distance=4.12; farthest_labels=['A']; farthest_distance=4.12""]","[""B""]",B,"[-2,6]","[""A""]",4.12,"[""A""]",4.12
coordinate_geometry_2006_open_q1,coordinate_geometry_2006.png,"[""target=A; target_coordinates=[-2, 6]; nearest_labels=['B']; nearest_distance=4.47; farthest_labels=['C']; farthest_distance=13.42""]","[""A""]",A,"[-2,6]","[""B""]",4.47,"[""C""]",13.42
coordinate_geometry_2007_open_q1,coordinate_geometry_2007.png,"[""target=C; target_coordinates=[3, -8]; nearest_labels=['B']; nearest_distance=2.24; farthest_labels=['D']; farthest_distance=12.04""]","[""C""]",C,"[3,-8]","[""B""]",2.24,"[""D""]",12.04
coordinate_geometry_2008_open_q1,coordinate_geometry_2008.png,"[""target=A; target_coordinates=[4, -5]; nearest_labels=['B']; nearest_distance=14.21; farthest_labels=['B']; farthest_distance=14.21""]","[""A""]",A,"[4,-5]","[""B""]",14.21,"[""B""]",14.21
coordinate_geometry_2009_open_q1,coordinate_geometry_2009.png,"[""target=B; target_coordinates=[-1, -2]; nearest_labels=['A']; nearest_distance=4.47; farthest_labels=['C']; farthest_distance=5.39""]","[""B""]",B,"[-1,-2]","[""A""]",4.47,"[""C""]",5.39
coordinate_geometry_2010_open_q1,coordinate_geometry_2010.png,"[""target=C; target_coordinates=[0, -2]; nearest_labels=['A']; nearest_distance=6.08; farthest_labels=['D']; farthest_distance=10.2""]","[""C""]",C,"[0,-2]","[""A""]",6.08,"[""D""]",10.2
coordinate_geometry_2011_open_q1,coordinate_geometry_2011.png,"[""target=B; target_coordinates=[-8, 1]; nearest_labels=['A']; nearest_distance=2.24; farthest_labels=['A']; farthest_distance=2.24""]","[""B""]",B,"[-8,1]","[""A""]",2.24,"[""A""]",2.24
coordinate_geometry_2012_open_q1,coordinate_geometry_2012.png,"[""target=C; target_coordinates=[8, 1]; nearest_labels=['A']; nearest_distance=5.83; farthest_labels=['B']; farthest_distance=10.82""]","[""C""]",C,"[8,1]","[""A""]",5.83,"[""B""]",10.82
coordinate_geometry_2013_open_q1,coordinate_geometry_2013.png,"[""target=B; target_coordinates=[2, -6]; nearest_labels=['D']; nearest_distance=9.22; farthest_labels=['C']; farthest_distance=12.37""]","[""B""]",B,"[2,-6]","[""D""]",9.22,"[""C""]",12.37
coordinate_geometry_2014_open_q1,coordinate_geometry_2014.png,"[""target=B; target_coordinates=[7, -8]; nearest_labels=['A']; nearest_distance=13.15; farthest_labels=['A']; farthest_distance=13.15""]","[""B""]",B,"[7,-8]","[""A""]",13.15,"[""A""]",13.15
coordinate_geometry_2015_open_q1,coordinate_geometry_2015.png,"[""target=B; target_coordinates=[-6, 8]; nearest_labels=['A']; nearest_distance=12.04; farthest_labels=['C']; farthest_distance=16.28""]","[""B""]",B,"[-6,8]","[""A""]",12.04,"[""C""]",16.28
coordinate_geometry_2016_open_q1,coordinate_geometry_2016.png,"[""target=B; target_coordinates=[1, -4]; nearest_labels=['A']; nearest_distance=2.24; farthest_labels=['C']; farthest_distance=13.04""]","[""B""]",B,"[1,-4]","[""A""]",2.24,"[""C""]",13.04
coordinate_geometry_2017_open_q1,coordinate_geometry_2017.png,"[""target=A; target_coordinates=[2, 2]; nearest_labels=['B']; nearest_distance=7.21; farthest_labels=['B']; farthest_distance=7.21""]","[""A""]",A,"[2,2]","[""B""]",7.21,"[""B""]",7.21
coordinate_geometry_2018_open_q1,coordinate_geometry_2018.png,"[""target=C; target_coordinates=[-5, 5]; nearest_labels=['A']; nearest_distance=3.16; farthest_labels=['B']; farthest_distance=13.6""]","[""C""]",C,"[-5,5]","[""A""]",3.16,"[""B""]",13.6
coordinate_geometry_2019_open_q1,coordinate_geometry_2019.png,"[""target=A; target_coordinates=[-1, 5]; nearest_labels=['D']; nearest_distance=4.47; farthest_labels=['B']; farthest_distance=13.04""]","[""A""]",A,"[-1,5]","[""D""]",4.47,"[""B""]",13.04
coordinate_geometry_2020_open_q1,coordinate_geometry_2020.png,"[""target=B; target_coordinates=[6, 7]; nearest_labels=['A']; nearest_distance=9.06; farthest_labels=['A']; farthest_distance=9.06""]","[""B""]",B,"[6,7]","[""A""]",9.06,"[""A""]",9.06
coordinate_geometry_2021_open_q1,coordinate_geometry_2021.png,"[""target=A; target_coordinates=[0, -1]; nearest_labels=['C']; nearest_distance=8.6; farthest_labels=['B']; farthest_distance=9.9""]","[""A""]",A,"[0,-1]","[""C""]",8.6,"[""B""]",9.9
coordinate_geometry_2022_open_q1,coordinate_geometry_2022.png,"[""target=C; target_coordinates=[0, -7]; nearest_labels=['B']; nearest_distance=8; farthest_labels=['A']; farthest_distance=13.04""]","[""C""]",C,"[0,-7]","[""B""]",8,"[""A""]",13.04
coordinate_geometry_2023_open_q1,coordinate_geometry_2023.png,"[""target=A; target_coordinates=[6, 4]; nearest_labels=['B']; nearest_distance=4.47; farthest_labels=['B']; farthest_distance=4.47""]","[""A""]",A,"[6,4]","[""B""]",4.47,"[""B""]",4.47
coordinate_geometry_2024_open_q1,coordinate_geometry_2024.png,"[""target=B; target_coordinates=[8, -2]; nearest_labels=['C']; nearest_distance=8.06; farthest_labels=['A']; farthest_distance=8.6""]","[""B""]",B,"[8,-2]","[""C""]",8.06,"[""A""]",8.6
coordinate_geometry_2025_open_q1,coordinate_geometry_2025.png,"[""target=B; target_coordinates=[8, -8]; nearest_labels=['A']; nearest_distance=5.1; farthest_labels=['C']; farthest_distance=13""]","[""B""]",B,"[8,-8]","[""A""]",5.1,"[""C""]",13
coordinate_geometry_2026_open_q1,coordinate_geometry_2026.png,"[""target=B; target_coordinates=[-5, -1]; nearest_labels=['A']; nearest_distance=15.81; farthest_labels=['A']; farthest_distance=15.81""]","[""B""]",B,"[-5,-1]","[""A""]",15.81,"[""A""]",15.81
coordinate_geometry_2027_open_q1,coordinate_geometry_2027.png,"[""target=B; target_coordinates=[2, 4]; nearest_labels=['C']; nearest_distance=5; farthest_labels=['A']; farthest_distance=14.42""]","[""B""]",B,"[2,4]","[""C""]",5,"[""A""]",14.42
coordinate_geometry_2028_open_q1,coordinate_geometry_2028.png,"[""target=C; target_coordinates=[-3, -8]; nearest_labels=['D']; nearest_distance=9.06; farthest_labels=['A']; farthest_distance=12.08""]","[""C""]",C,"[-3,-8]","[""D""]",9.06,"[""A""]",12.08
coordinate_geometry_2029_open_q1,coordinate_geometry_2029.png,"[""target=B; target_coordinates=[-3, 5]; nearest_labels=['A']; nearest_distance=12.81; farthest_labels=['A']; farthest_distance=12.81""]","[""B""]",B,"[-3,5]","[""A""]",12.81,"[""A""]",12.81
coordinate_geometry_2030_open_q1,coordinate_geometry_2030.png,"[""target=B; target_coordinates=[-8, 7]; nearest_labels=['A']; nearest_distance=11.05; farthest_labels=['C']; farthest_distance=14.14""]","[""B""]",B,"[-8,7]","[""A""]",11.05,"[""C""]",14.14
coordinate_geometry_2031_open_q1,coordinate_geometry_2031.png,"[""target=A; target_coordinates=[-1, -8]; nearest_labels=['B']; nearest_distance=5; farthest_labels=['D']; farthest_distance=18.36""]","[""A""]",A,"[-1,-8]","[""B""]",5,"[""D""]",18.36
coordinate_geometry_2032_open_q1,coordinate_geometry_2032.png,"[""target=A; target_coordinates=[6, -5]; nearest_labels=['B']; nearest_distance=4; farthest_labels=['B']; farthest_distance=4""]","[""A""]",A,"[6,-5]","[""B""]",4,"[""B""]",4
coordinate_geometry_2033_open_q1,coordinate_geometry_2033.png,"[""target=B; target_coordinates=[-2, 5]; nearest_labels=['A']; nearest_distance=3.16; farthest_labels=['C']; farthest_distance=5.1""]","[""B""]",B,"[-2,5]","[""A""]",3.16,"[""C""]",5.1
coordinate_geometry_2034_open_q1,coordinate_geometry_2034.png,"[""target=B; target_coordinates=[-7, -5]; nearest_labels=['D']; nearest_distance=5.83; farthest_labels=['A']; farthest_distance=16.4""]","[""B""]",B,"[-7,-5]","[""D""]",5.83,"[""A""]",16.4
coordinate_geometry_2035_open_q1,coordinate_geometry_2035.png,"[""target=B; target_coordinates=[-7, 7]; nearest_labels=['A']; nearest_distance=13.6; farthest_labels=['A']; farthest_distance=13.6""]","[""B""]",B,"[-7,7]","[""A""]",13.6,"[""A""]",13.6
coordinate_geometry_2036_open_q1,coordinate_geometry_2036.png,"[""target=C; target_coordinates=[4, 4]; nearest_labels=['A']; nearest_distance=12.04; farthest_labels=['B']; farthest_distance=14.42""]","[""C""]",C,"[4,4]","[""A""]",12.04,"[""B""]",14.42
coordinate_geometry_2037_open_q1,coordinate_geometry_2037.png,"[""target=D; target_coordinates=[-5, 0]; nearest_labels=['A']; nearest_distance=2.24; farthest_labels=['B']; farthest_distance=11.7""]","[""D""]",D,"[-5,0]","[""A""]",2.24,"[""B""]",11.7
coordinate_geometry_2038_open_q1,coordinate_geometry_2038.png,"[""target=A; target_coordinates=[-6, -5]; nearest_labels=['B']; nearest_distance=4.47; farthest_labels=['B']; farthest_distance=4.47""]","[""A""]",A,"[-6,-5]","[""B""]",4.47,"[""B""]",4.47
coordinate_geometry_2039_open_q1,coordinate_geometry_2039.png,"[""target=A; target_coordinates=[6, -2]; nearest_labels=['B']; nearest_distance=5.39; farthest_labels=['C']; farthest_distance=10.44""]","[""A""]",A,"[6,-2]","[""B""]",5.39,"[""C""]",10.44
coordinate_geometry_2040_open_q1,coordinate_geometry_2040.png,"[""target=C; target_coordinates=[8, 3]; nearest_labels=['B']; nearest_distance=2.24; farthest_labels=['D']; farthest_distance=12.53""]","[""C""]",C,"[8,3]","[""B""]",2.24,"[""D""]",12.53
coordinate_geometry_2041_open_q1,coordinate_geometry_2041.png,"[""target=B; target_coordinates=[6, -1]; nearest_labels=['A']; nearest_distance=5.83; farthest_labels=['A']; farthest_distance=5.83""]","[""B""]",B,"[6,-1]","[""A""]",5.83,"[""A""]",5.83
coordinate_geometry_2042_open_q1,coordinate_geometry_2042.png,"[""target=B; target_coordinates=[2, 0]; nearest_labels=['A']; nearest_distance=2.24; farthest_labels=['C']; farthest_distance=8.94""]","[""B""]",B,"[2,0]","[""A""]",2.24,"[""C""]",8.94
coordinate_geometry_2043_open_q1,coordinate_geometry_2043.png,"[""target=C; target_coordinates=[5, -4]; nearest_labels=['B']; nearest_distance=2.83; farthest_labels=['A']; farthest_distance=9.9""]","[""C""]",C,"[5,-4]","[""B""]",2.83,"[""A""]",9.9
coordinate_geometry_2044_open_q1,coordinate_geometry_2044.png,"[""target=B; target_coordinates=[8, 0]; nearest_labels=['A']; nearest_distance=7.81; farthest_labels=['A']; farthest_distance=7.81""]","[""B""]",B,"[8,0]","[""A""]",7.81,"[""A""]",7.81
coordinate_geometry_2045_open_q1,coordinate_geometry_2045.png,"[""target=B; target_coordinates=[1, 6]; nearest_labels=['C']; nearest_distance=2.24; farthest_labels=['A']; farthest_distance=11.18""]","[""B""]",B,"[1,6]","[""C""]",2.24,"[""A""]",11.18
coordinate_geometry_2046_open_q1,coordinate_geometry_2046.png,"[""target=D; target_coordinates=[-6, -7]; nearest_labels=['B']; nearest_distance=7.21; farthest_labels=['C']; farthest_distance=9.06""]","[""D""]",D,"[-6,-7]","[""B""]",7.21,"[""C""]",9.06
coordinate_geometry_2047_open_q1,coordinate_geometry_2047.png,"[""target=B; target_coordinates=[5, -7]; nearest_labels=['A']; nearest_distance=3.61; farthest_labels=['A']; farthest_distance=3.61""]","[""B""]",B,"[5,-7]","[""A""]",3.61,"[""A""]",3.61
coordinate_geometry_2048_open_q1,coordinate_geometry_2048.png,"[""target=C; target_coordinates=[7, -4]; nearest_labels=['B']; nearest_distance=2.24; farthest_labels=['A']; farthest_distance=6.71""]","[""C""]",C,"[7,-4]","[""B""]",2.24,"[""A""]",6.71
coordinate_geometry_2049_open_q1,coordinate_geometry_2049.png,"[""target=A; target_coordinates=[-6, -3]; nearest_labels=['B']; nearest_distance=2.24; farthest_labels=['C']; farthest_distance=15.65""]","[""A""]",A,"[-6,-3]","[""B""]",2.24,"[""C""]",15.65
coordinate_geometry_2050_open_q1,coordinate_geometry_2050.png,"[""target=A; target_coordinates=[-2, 4]; nearest_labels=['B']; nearest_distance=2.24; farthest_labels=['B']; farthest_distance=2.24""]","[""A""]",A,"[-2,4]","[""B""]",2.24,"[""B""]",2.24
coordinate_geometry_2051_open_q1,coordinate_geometry_2051.png,"[""target=A; target_coordinates=[-6, 3]; nearest_labels=['B']; nearest_distance=11.18; farthest_labels=['C']; farthest_distance=13.42""]","[""A""]",A,"[-6,3]","[""B""]",11.18,"[""C""]",13.42
coordinate_geometry_2052_open_q1,coordinate_geometry_2052.png,"[""target=D; target_coordinates=[0, -2]; nearest_labels=['B']; nearest_distance=3.16; farthest_labels=['A']; farthest_distance=5.83""]","[""D""]",D,"[0,-2]","[""B""]",3.16,"[""A""]",5.83
coordinate_geometry_2053_open_q1,coordinate_geometry_2053.png,"[""target=B; target_coordinates=[-4, -2]; nearest_labels=['A']; nearest_distance=6.4; farthest_labels=['A']; farthest_distance=6.4""]","[""B""]",B,"[-4,-2]","[""A""]",6.4,"[""A""]",6.4
coordinate_geometry_2054_open_q1,coordinate_geometry_2054.png,"[""target=A; target_coordinates=[-2, -5]; nearest_labels=['B']; nearest_distance=2.83; farthest_labels=['C']; farthest_distance=8.49""]","[""A""]",A,"[-2,-5]","[""B""]",2.83,"[""C""]",8.49
coordinate_geometry_2055_open_q1,coordinate_geometry_2055.png,"[""target=C; target_coordinates=[2, 1]; nearest_labels=['B']; nearest_distance=2.83; farthest_labels=['A']; farthest_distance=7.07""]","[""C""]",C,"[2,1]","[""B""]",2.83,"[""A""]",7.07
coordinate_geometry_2056_open_q1,coordinate_geometry_2056.png,"[""target=B; target_coordinates=[5, -2]; nearest_labels=['A']; nearest_distance=11.18; farthest_labels=['A']; farthest_distance=11.18""]","[""B""]",B,"[5,-2]","[""A""]",11.18,"[""A""]",11.18
coordinate_geometry_2057_open_q1,coordinate_geometry_2057.png,"[""target=A; target_coordinates=[-8, 4]; nearest_labels=['B']; nearest_distance=4.47; farthest_labels=['C']; farthest_distance=17.89""]","[""A""]",A,"[-8,4]","[""B""]",4.47,"[""C""]",17.89
coordinate_geometry_2058_open_q1,coordinate_geometry_2058.png,"[""target=B; target_coordinates=[4, -1]; nearest_labels=['C']; nearest_distance=2.24; farthest_labels=['A']; farthest_distance=8.94""]","[""B""]",B,"[4,-1]","[""C""]",2.24,"[""A""]",8.94
coordinate_geometry_2059_open_q1,coordinate_geometry_2059.png,"[""target=A; target_coordinates=[6, 5]; nearest_labels=['B']; nearest_distance=6.08; farthest_labels=['B']; farthest_distance=6.08""]","[""A""]",A,"[6,5]","[""B""]",6.08,"[""B""]",6.08
coordinate_geometry_2060_open_q1,coordinate_geometry_2060.png,"[""target=B; target_coordinates=[1, 1]; nearest_labels=['C']; nearest_distance=4.47; farthest_labels=['A']; farthest_distance=6.71""]","[""B""]",B,"[1,1]","[""C""]",4.47,"[""A""]",6.71
coordinate_geometry_2061_open_q1,coordinate_geometry_2061.png,"[""target=A; target_coordinates=[-8, -1]; nearest_labels=['B']; nearest_distance=2.24; farthest_labels=['D']; farthest_distance=13.6""]","[""A""]",A,"[-8,-1]","[""B""]",2.24,"[""D""]",13.6
coordinate_geometry_2062_open_q1,coordinate_geometry_2062.png,"[""target=A; target_coordinates=[6, 8]; nearest_labels=['B']; nearest_distance=9; farthest_labels=['B']; farthest_distance=9""]","[""A""]",A,"[6,8]","[""B""]",9,"[""B""]",9
coordinate_geometry_2063_open_q1,coordinate_geometry_2063.png,"[""target=A; target_coordinates=[-5, -7]; nearest_labels=['B']; nearest_distance=2.24; farthest_labels=['C']; farthest_distance=6.71""]","[""A""]",A,"[-5,-7]","[""B""]",2.24,"[""C""]",6.71
coordinate_geometry_2064_open_q1,coordinate_geometry_2064.png,"[""target=B; target_coordinates=[-4, -4]; nearest_labels=['A']; nearest_distance=4.47; farthest_labels=['C']; farthest_distance=13.42""]","[""B""]",B,"[-4,-4]","[""A""]",4.47,"[""C""]",13.42
coordinate_geometry_2065_open_q1,coordinate_geometry_2065.png,"[""target=A; target_coordinates=[0, -6]; nearest_labels=['B']; nearest_distance=3.61; farthest_labels=['B']; farthest_distance=3.61""]","[""A""]",A,"[0,-6]","[""B""]",3.61,"[""B""]",3.61
coordinate_geometry_2066_open_q1,coordinate_geometry_2066.png,"[""target=A; target_coordinates=[-4, -7]; nearest_labels=['B']; nearest_distance=2.24; farthest_labels=['C']; farthest_distance=15.65""]","[""A""]",A,"[-4,-7]","[""B""]",2.24,"[""C""]",15.65
coordinate_geometry_2067_open_q1,coordinate_geometry_2067.png,"[""target=A; target_coordinates=[-5, 6]; nearest_labels=['B']; nearest_distance=5.66; farthest_labels=['D']; farthest_distance=14.21""]","[""A""]",A,"[-5,6]","[""B""]",5.66,"[""D""]",14.21
coordinate_geometry_2068_open_q1,coordinate_geometry_2068.png,"[""target=B; target_coordinates=[7, -5]; nearest_labels=['A']; nearest_distance=17.69; farthest_labels=['A']; farthest_distance=17.69""]","[""B""]",B,"[7,-5]","[""A""]",17.69,"[""A""]",17.69
coordinate_geometry_2069_open_q1,coordinate_geometry_2069.png,"[""target=B; target_coordinates=[0, -6]; nearest_labels=['A']; nearest_distance=3.16; farthest_labels=['C']; farthest_distance=13.04""]","[""B""]",B,"[0,-6]","[""A""]",3.16,"[""C""]",13.04
coordinate_geometry_2070_open_q1,coordinate_geometry_2070.png,"[""target=C; target_coordinates=[-6, 8]; nearest_labels=['D']; nearest_distance=11; farthest_labels=['A']; farthest_distance=15""]","[""C""]",C,"[-6,8]","[""D""]",11,"[""A""]",15
coordinate_geometry_2071_open_q1,coordinate_geometry_2071.png,"[""target=B; target_coordinates=[-5, -6]; nearest_labels=['A']; nearest_distance=5.1; farthest_labels=['A']; farthest_distance=5.1""]","[""B""]",B,"[-5,-6]","[""A""]",5.1,"[""A""]",5.1
coordinate_geometry_2072_open_q1,coordinate_geometry_2072.png,"[""target=C; target_coordinates=[7, 4]; nearest_labels=['B']; nearest_distance=4.47; farthest_labels=['A']; farthest_distance=5""]","[""C""]",C,"[7,4]","[""B""]",4.47,"[""A""]",5
coordinate_geometry_2073_open_q1,coordinate_geometry_2073.png,"[""target=A; target_coordinates=[3, -3]; nearest_labels=['C']; nearest_distance=5.66; farthest_labels=['D']; farthest_distance=12.21""]","[""A""]",A,"[3,-3]","[""C""]",5.66,"[""D""]",12.21
coordinate_geometry_2074_open_q1,coordinate_geometry_2074.png,"[""target=A; target_coordinates=[-1, 8]; nearest_labels=['B']; nearest_distance=15; farthest_labels=['B']; farthest_distance=15""]","[""A""]",A,"[-1,8]","[""B""]",15,"[""B""]",15
coordinate_geometry_2075_open_q1,coordinate_geometry_2075.png,"[""target=B; target_coordinates=[-1, 6]; nearest_labels=['A']; nearest_distance=5.1; farthest_labels=['C']; farthest_distance=13""]","[""B""]",B,"[-1,6]","[""A""]",5.1,"[""C""]",13
coordinate_geometry_2076_open_q1,coordinate_geometry_2076.png,"[""target=A; target_coordinates=[-6, 0]; nearest_labels=['D']; nearest_distance=7; farthest_labels=['B']; farthest_distance=11.31""]","[""A""]",A,"[-6,0]","[""D""]",7,"[""B""]",11.31
coordinate_geometry_2077_open_q1,coordinate_geometry_2077.png,"[""target=A; target_coordinates=[-6, -8]; nearest_labels=['B']; nearest_distance=7.07; farthest_labels=['B']; farthest_distance=7.07""]","[""A""]",A,"[-6,-8]","[""B""]",7.07,"[""B""]",7.07
coordinate_geometry_2078_open_q1,coordinate_geometry_2078.png,"[""target=C; target_coordinates=[3, -6]; nearest_labels=['B']; nearest_distance=9; farthest_labels=['A']; farthest_distance=16.4""]","[""C""]",C,"[3,-6]","[""B""]",9,"[""A""]",16.4
coordinate_geometry_2079_open_q1,coordinate_geometry_2079.png,"[""target=C; target_coordinates=[-1, -8]; nearest_labels=['D']; nearest_distance=2.24; farthest_labels=['B']; farthest_distance=8.6""]","[""C""]",C,"[-1,-8]","[""D""]",2.24,"[""B""]",8.6
coordinate_geometry_2080_open_q1,coordinate_geometry_2080.png,"[""target=B; target_coordinates=[2, -3]; nearest_labels=['A']; nearest_distance=10.44; farthest_labels=['A']; farthest_distance=10.44""]","[""B""]",B,"[2,-3]","[""A""]",10.44,"[""A""]",10.44
coordinate_geometry_2081_open_q1,coordinate_geometry_2081.png,"[""target=C; target_coordinates=[-3, 1]; nearest_labels=['B']; nearest_distance=2.24; farthest_labels=['A']; farthest_distance=3.16""]","[""C""]",C,"[-3,1]","[""B""]",2.24,"[""A""]",3.16
coordinate_geometry_2082_open_q1,coordinate_geometry_2082.png,"[""target=D; target_coordinates=[-2, -3]; nearest_labels=['C']; nearest_distance=5; farthest_labels=['A']; farthest_distance=8.94""]","[""D""]",D,"[-2,-3]","[""C""]",5,"[""A""]",8.94
coordinate_geometry_2083_open_q1,coordinate_geometry_2083.png,"[""target=B; target_coordinates=[0, 0]; nearest_labels=['A']; nearest_distance=9.43; farthest_labels=['A']; farthest_distance=9.43""]","[""B""]",B,"[0,0]","[""A""]",9.43,"[""A""]",9.43
coordinate_geometry_2084_open_q1,coordinate_geometry_2084.png,"[""target=C; target_coordinates=[7, 4]; nearest_labels=['A']; nearest_distance=5.39; farthest_labels=['B']; farthest_distance=6.71""]","[""C""]",C,"[7,4]","[""A""]",5.39,"[""B""]",6.71
coordinate_geometry_2085_open_q1,coordinate_geometry_2085.png,"[""target=B; target_coordinates=[-2, -3]; nearest_labels=['C']; nearest_distance=5; farthest_labels=['D']; farthest_distance=8.54""]","[""B""]",B,"[-2,-3]","[""C""]",5,"[""D""]",8.54
coordinate_geometry_2086_open_q1,coordinate_geometry_2086.png,"[""target=B; target_coordinates=[6, 8]; nearest_labels=['A']; nearest_distance=11.66; farthest_labels=['A']; farthest_distance=11.66""]","[""B""]",B,"[6,8]","[""A""]",11.66,"[""A""]",11.66
coordinate_geometry_2087_open_q1,coordinate_geometry_2087.png,"[""target=A; target_coordinates=[-4, 6]; nearest_labels=['C']; nearest_distance=12.37; farthest_labels=['B']; farthest_distance=13.89""]","[""A""]",A,"[-4,6]","[""C""]",12.37,"[""B""]",13.89
coordinate_geometry_2088_open_q1,coordinate_geometry_2088.png,"[""target=B; target_coordinates=[4, 2]; nearest_labels=['A']; nearest_distance=5.1; farthest_labels=['C']; farthest_distance=8.54""]","[""B""]",B,"[4,2]","[""A""]",5.1,"[""C""]",8.54
coordinate_geometry_2089_open_q1,coordinate_geometry_2089.png,"[""target=B; target_coordinates=[-3, -5]; nearest_labels=['A']; nearest_distance=13.15; farthest_labels=['A']; farthest_distance=13.15""]","[""B""]",B,"[-3,-5]","[""A""]",13.15,"[""A""]",13.15
coordinate_geometry_2090_open_q1,coordinate_geometry_2090.png,"[""target=B; target_coordinates=[-8, -4]; nearest_labels=['C']; nearest_distance=12.17; farthest_labels=['A']; farthest_distance=15.56""]","[""B""]",B,"[-8,-4]","[""C""]",12.17,"[""A""]",15.56
coordinate_geometry_2091_open_q1,coordinate_geometry_2091.png,"[""target=D; target_coordinates=[-4, 0]; nearest_labels=['B']; nearest_distance=3.61; farthest_labels=['C']; farthest_distance=11.4""]","[""D""]",D,"[-4,0]","[""B""]",3.61,"[""C""]",11.4
coordinate_geometry_2092_open_q1,coordinate_geometry_2092.png,"[""target=A; target_coordinates=[5, 4]; nearest_labels=['B']; nearest_distance=7.07; farthest_labels=['B']; farthest_distance=7.07""]","[""A""]",A,"[5,4]","[""B""]",7.07,"[""B""]",7.07
coordinate_geometry_2093_open_q1,coordinate_geometry_2093.png,"[""target=C; target_coordinates=[-2, 2]; nearest_labels=['B']; nearest_distance=2.83; farthest_labels=['A']; farthest_distance=11.18""]","[""C""]",C,"[-2,2]","[""B""]",2.83,"[""A""]",11.18
coordinate_geometry_2094_open_q1,coordinate_geometry_2094.png,"[""target=A; target_coordinates=[-8, 4]; nearest_labels=['C']; nearest_distance=2.24; farthest_labels=['D']; farthest_distance=9.49""]","[""A""]",A,"[-8,4]","[""C""]",2.24,"[""D""]",9.49
coordinate_geometry_2095_open_q1,coordinate_geometry_2095.png,"[""target=B; target_coordinates=[-2, -5]; nearest_labels=['A']; nearest_distance=9.22; farthest_labels=['A']; farthest_distance=9.22""]","[""B""]",B,"[-2,-5]","[""A""]",9.22,"[""A""]",9.22
coordinate_geometry_2096_open_q1,coordinate_geometry_2096.png,"[""target=B; target_coordinates=[1, 5]; nearest_labels=['A']; nearest_distance=7.21; farthest_labels=['C']; farthest_distance=9.9""]","[""B""]",B,"[1,5]","[""A""]",7.21,"[""C""]",9.9
coordinate_geometry_2097_open_q1,coordinate_geometry_2097.png,"[""target=A; target_coordinates=[4, -6]; nearest_labels=['C']; nearest_distance=4.12; farthest_labels=['D']; farthest_distance=14.76""]","[""A""]",A,"[4,-6]","[""C""]",4.12,"[""D""]",14.76
coordinate_geometry_2098_open_q1,coordinate_geometry_2098.png,"[""target=B; target_coordinates=[-1, 4]; nearest_labels=['A']; nearest_distance=9.85; farthest_labels=['A']; farthest_distance=9.85""]","[""B""]",B,"[-1,4]","[""A""]",9.85,"[""A""]",9.85
coordinate_geometry_2099_open_q1,coordinate_geometry_2099.png,"[""target=A; target_coordinates=[-2, 4]; nearest_labels=['B']; nearest_distance=9.22; farthest_labels=['C']; farthest_distance=13""]","[""A""]",A,"[-2,4]","[""B""]",9.22,"[""C""]",13
coordinate_geometry_2100_open_q1,coordinate_geometry_2100.png,"[""target=B; target_coordinates=[4, 4]; nearest_labels=['C']; nearest_distance=9.49; farthest_labels=['D']; farthest_distance=12.04""]","[""B""]",B,"[4,4]","[""C""]",9.49,"[""D""]",12.04
coordinate_geometry_2101_open_q1,coordinate_geometry_2101.png,"[""target=A; target_coordinates=[3, -3]; nearest_labels=['B']; nearest_distance=10.44; farthest_labels=['B']; farthest_distance=10.44""]","[""A""]",A,"[3,-3]","[""B""]",10.44,"[""B""]",10.44
coordinate_geometry_2102_open_q1,coordinate_geometry_2102.png,"[""target=A; target_coordinates=[-4, -8]; nearest_labels=['B']; nearest_distance=13.42; farthest_labels=['C']; farthest_distance=15.65""]","[""A""]",A,"[-4,-8]","[""B""]",13.42,"[""C""]",15.65
coordinate_geometry_2103_open_q1,coordinate_geometry_2103.png,"[""target=C; target_coordinates=[6, 8]; nearest_labels=['B']; nearest_distance=4.47; farthest_labels=['A']; farthest_distance=17.89""]","[""C""]",C,"[6,8]","[""B""]",4.47,"[""A""]",17.89
coordinate_geometry_2104_open_q1,coordinate_geometry_2104.png,"[""target=B; target_coordinates=[4, 3]; nearest_labels=['A']; nearest_distance=7.21; farthest_labels=['A']; farthest_distance=7.21""]","[""B""]",B,"[4,3]","[""A""]",7.21,"[""A""]",7.21
coordinate_geometry_2105_open_q1,coordinate_geometry_2105.png,"[""target=A; target_coordinates=[-7, 2]; nearest_labels=['B']; nearest_distance=11.18; farthest_labels=['C']; farthest_distance=13.42""]","[""A""]",A,"[-7,2]","[""B""]",11.18,"[""C""]",13.42
coordinate_geometry_2106_open_q1,coordinate_geometry_2106.png,"[""target=C; target_coordinates=[5, -8]; nearest_labels=['B']; nearest_distance=13.42; farthest_labels=['D']; farthest_distance=16.28""]","[""C""]",C,"[5,-8]","[""B""]",13.42,"[""D""]",16.28
coordinate_geometry_2107_open_q1,coordinate_geometry_2107.png,"[""target=A; target_coordinates=[-2, 8]; nearest_labels=['B']; nearest_distance=4.47; farthest_labels=['B']; farthest_distance=4.47""]","[""A""]",A,"[-2,8]","[""B""]",4.47,"[""B""]",4.47
coordinate_geometry_2108_open_q1,coordinate_geometry_2108.png,"[""target=C; target_coordinates=[2, 5]; nearest_labels=['B']; nearest_distance=2.83; farthest_labels=['A']; farthest_distance=9.9""]","[""C""]",C,"[2,5]","[""B""]",2.83,"[""A""]",9.9
coordinate_geometry_2109_open_q1,coordinate_geometry_2109.png,"[""target=D; target_coordinates=[-5, -2]; nearest_labels=['B']; nearest_distance=7.28; farthest_labels=['C']; farthest_distance=9.06""]","[""D""]",D,"[-5,-2]","[""B""]",7.28,"[""C""]",9.06
coordinate_geometry_2110_open_q1,coordinate_geometry_2110.png,"[""target=B; target_coordinates=[-3, 5]; nearest_labels=['A']; nearest_distance=10.2; farthest_labels=['A']; farthest_distance=10.2""]","[""B""]",B,"[-3,5]","[""A""]",10.2,"[""A""]",10.2
coordinate_geometry_2111_open_q1,coordinate_geometry_2111.png,"[""target=A; target_coordinates=[-4, -5]; nearest_labels=['B']; nearest_distance=4.47; farthest_labels=['C']; farthest_distance=13.42""]","[""A""]",A,"[-4,-5]","[""B""]",4.47,"[""C""]",13.42
coordinate_geometry_2112_open_q1,coordinate_geometry_2112.png,"[""target=D; target_coordinates=[2, -1]; nearest_labels=['B']; nearest_distance=2.24; farthest_labels=['A']; farthest_distance=9.22""]","[""D""]",D,"[2,-1]","[""B""]",2.24,"[""A""]",9.22
coordinate_geometry_2113_open_q1,coordinate_geometry_2113.png,"[""target=B; target_coordinates=[2, -6]; nearest_labels=['A']; nearest_distance=3.61; farthest_labels=['A']; farthest_distance=3.61""]","[""B""]",B,"[2,-6]","[""A""]",3.61,"[""A""]",3.61
coordinate_geometry_2114_open_q1,coordinate_geometry_2114.png,"[""target=C; target_coordinates=[1, -7]; nearest_labels=['B']; nearest_distance=8.94; farthest_labels=['A']; farthest_distance=11.18""]","[""C""]",C,"[1,-7]","[""B""]",8.94,"[""A""]",11.18
coordinate_geometry_2115_open_q1,coordinate_geometry_2115.png,"[""target=A; target_coordinates=[2, -5]; nearest_labels=['B']; nearest_distance=4; farthest_labels=['D']; farthest_distance=10.44""]","[""A""]",A,"[2,-5]","[""B""]",4,"[""D""]",10.44
coordinate_geometry_2116_open_q1,coordinate_geometry_2116.png,"[""target=A; target_coordinates=[7, -3]; nearest_labels=['B']; nearest_distance=10; farthest_labels=['B']; farthest_distance=10""]","[""A""]",A,"[7,-3]","[""B""]",10,"[""B""]",10
coordinate_geometry_2117_open_q1,coordinate_geometry_2117.png,"[""target=C; target_coordinates=[2, -3]; nearest_labels=['B']; nearest_distance=6.71; farthest_labels=['A']; farthest_distance=8.94""]","[""C""]",C,"[2,-3]","[""B""]",6.71,"[""A""]",8.94
coordinate_geometry_2118_open_q1,coordinate_geometry_2118.png,"[""target=C; target_coordinates=[6, 2]; nearest_labels=['B']; nearest_distance=2.24; farthest_labels=['A']; farthest_distance=8.94""]","[""C""]",C,"[6,2]","[""B""]",2.24,"[""A""]",8.94
coordinate_geometry_2119_open_q1,coordinate_geometry_2119.png,"[""target=B; target_coordinates=[7, -2]; nearest_labels=['A']; nearest_distance=18.03; farthest_labels=['A']; farthest_distance=18.03""]","[""B""]",B,"[7,-2]","[""A""]",18.03,"[""A""]",18.03
coordinate_geometry_2120_open_q1,coordinate_geometry_2120.png,"[""target=A; target_coordinates=[-2, 4]; nearest_labels=['B']; nearest_distance=7.07; farthest_labels=['C']; farthest_distance=9.9""]","[""A""]",A,"[-2,4]","[""B""]",7.07,"[""C""]",9.9
coordinate_geometry_2121_open_q1,coordinate_geometry_2121.png,"[""target=B; target_coordinates=[2, 0]; nearest_labels=['D']; nearest_distance=2.24; farthest_labels=['A']; farthest_distance=8.94""]","[""B""]",B,"[2,0]","[""D""]",2.24,"[""A""]",8.94
coordinate_geometry_2122_open_q1,coordinate_geometry_2122.png,"[""target=A; target_coordinates=[-2, -6]; nearest_labels=['B']; nearest_distance=11.4; farthest_labels=['B']; farthest_distance=11.4""]","[""A""]",A,"[-2,-6]","[""B""]",11.4,"[""B""]",11.4
coordinate_geometry_2123_open_q1,coordinate_geometry_2123.png,"[""target=B; target_coordinates=[-4, 5]; nearest_labels=['A']; nearest_distance=2.24; farthest_labels=['C']; farthest_distance=11.18""]","[""B""]",B,"[-4,5]","[""A""]",2.24,"[""C""]",11.18
coordinate_geometry_2124_open_q1,coordinate_geometry_2124.png,"[""target=C; target_coordinates=[5, 2]; nearest_labels=['B']; nearest_distance=4.24; farthest_labels=['A']; farthest_distance=7.07""]","[""C""]",C,"[5,2]","[""B""]",4.24,"[""A""]",7.07
coordinate_geometry_2125_open_q1,coordinate_geometry_2125.png,"[""target=B; target_coordinates=[-1, -2]; nearest_labels=['A']; nearest_distance=10.82; farthest_labels=['A']; farthest_distance=10.82""]","[""B""]",B,"[-1,-2]","[""A""]",10.82,"[""A""]",10.82
coordinate_geometry_2126_open_q1,coordinate_geometry_2126.png,"[""target=B; target_coordinates=[-3, -3]; nearest_labels=['A']; nearest_distance=2.24; farthest_labels=['C']; farthest_distance=8.94""]","[""B""]",B,"[-3,-3]","[""A""]",2.24,"[""C""]",8.94
coordinate_geometry_2127_open_q1,coordinate_geometry_2127.png,"[""target=C; target_coordinates=[1, -2]; nearest_labels=['B']; nearest_distance=2.24; farthest_labels=['A']; farthest_distance=6.71""]","[""C""]",C,"[1,-2]","[""B""]",2.24,"[""A""]",6.71
coordinate_geometry_2128_open_q1,coordinate_geometry_2128.png,"[""target=B; target_coordinates=[2, -6]; nearest_labels=['A']; nearest_distance=5.39; farthest_labels=['A']; farthest_distance=5.39""]","[""B""]",B,"[2,-6]","[""A""]",5.39,"[""A""]",5.39
coordinate_geometry_2129_open_q1,coordinate_geometry_2129.png,"[""target=C; target_coordinates=[-6, 5]; nearest_labels=['A']; nearest_distance=8.06; farthest_labels=['B']; farthest_distance=13.15""]","[""C""]",C,"[-6,5]","[""A""]",8.06,"[""B""]",13.15
coordinate_geometry_2130_open_q1,coordinate_geometry_2130.png,"[""target=B; target_coordinates=[-7, -8]; nearest_labels=['C']; nearest_distance=3; farthest_labels=['D']; farthest_distance=12""]","[""B""]",B,"[-7,-8]","[""C""]",3,"[""D""]",12
coordinate_geometry_2131_open_q1,coordinate_geometry_2131.png,"[""target=A; target_coordinates=[3, -2]; nearest_labels=['B']; nearest_distance=8.49; farthest_labels=['B']; farthest_distance=8.49""]","[""A""]",A,"[3,-2]","[""B""]",8.49,"[""B""]",8.49
coordinate_geometry_2132_open_q1,coordinate_geometry_2132.png,"[""target=C; target_coordinates=[-4, -4]; nearest_labels=['B']; nearest_distance=4.47; farthest_labels=['A']; farthest_distance=10""]","[""C""]",C,"[-4,-4]","[""B""]",4.47,"[""A""]",10
coordinate_geometry_2133_open_q1,coordinate_geometry_2133.png,"[""target=C; target_coordinates=[6, -5]; nearest_labels=['B']; nearest_distance=7.07; farthest_labels=['A']; farthest_distance=13.34""]","[""C""]",C,"[6,-5]","[""B""]",7.07,"[""A""]",13.34
coordinate_geometry_2134_open_q1,coordinate_geometry_2134.png,"[""target=A; target_coordinates=[5, 1]; nearest_labels=['B']; nearest_distance=11.4; farthest_labels=['B']; farthest_distance=11.4""]","[""A""]",A,"[5,1]","[""B""]",11.4,"[""B""]",11.4
coordinate_geometry_2135_open_q1,coordinate_geometry_2135.png,"[""target=B; target_coordinates=[0, 3]; nearest_labels=['A']; nearest_distance=6.71; farthest_labels=['C']; farthest_distance=7.62""]","[""B""]",B,"[0,3]","[""A""]",6.71,"[""C""]",7.62
coordinate_geometry_2136_open_q1,coordinate_geometry_2136.png,"[""target=D; target_coordinates=[-7, 6]; nearest_labels=['C']; nearest_distance=5; farthest_labels=['B']; farthest_distance=13.15""]","[""D""]",D,"[-7,6]","[""C""]",5,"[""B""]",13.15
coordinate_geometry_2137_open_q1,coordinate_geometry_2137.png,"[""target=A; target_coordinates=[3, 1]; nearest_labels=['B']; nearest_distance=11.18; farthest_labels=['B']; farthest_distance=11.18""]","[""A""]",A,"[3,1]","[""B""]",11.18,"[""B""]",11.18
coordinate_geometry_2138_open_q1,coordinate_geometry_2138.png,"[""target=A; target_coordinates=[3, 2]; nearest_labels=['B']; nearest_distance=6; farthest_labels=['C']; farthest_distance=8.94""]","[""A""]",A,"[3,2]","[""B""]",6,"[""C""]",8.94
coordinate_geometry_2139_open_q1,coordinate_geometry_2139.png,"[""target=C; target_coordinates=[8, 1]; nearest_labels=['D']; nearest_distance=2.24; farthest_labels=['A']; farthest_distance=13.42""]","[""C""]",C,"[8,1]","[""D""]",2.24,"[""A""]",13.42
coordinate_geometry_2140_open_q1,coordinate_geometry_2140.png,"[""target=B; target_coordinates=[3, 0]; nearest_labels=['A']; nearest_distance=3; farthest_labels=['A']; farthest_distance=3""]","[""B""]",B,"[3,0]","[""A""]",3,"[""A""]",3
coordinate_geometry_2141_open_q1,coordinate_geometry_2141.png,"[""target=A; target_coordinates=[-7, -5]; nearest_labels=['B']; nearest_distance=4.24; farthest_labels=['C']; farthest_distance=15.13""]","[""A""]",A,"[-7,-5]","[""B""]",4.24,"[""C""]",15.13
coordinate_geometry_2142_open_q1,coordinate_geometry_2142.png,"[""target=A; target_coordinates=[3, 2]; nearest_labels=['C']; nearest_distance=2.24; farthest_labels=['B']; farthest_distance=10.3""]","[""A""]",A,"[3,2]","[""C""]",2.24,"[""B""]",10.3
coordinate_geometry_2143_open_q1,coordinate_geometry_2143.png,"[""target=B; target_coordinates=[6, 6]; nearest_labels=['A']; nearest_distance=14.56; farthest_labels=['A']; farthest_distance=14.56""]","[""B""]",B,"[6,6]","[""A""]",14.56,"[""A""]",14.56
coordinate_geometry_2144_open_q1,coordinate_geometry_2144.png,"[""target=C; target_coordinates=[5, -1]; nearest_labels=['B']; nearest_distance=3.16; farthest_labels=['A']; farthest_distance=10""]","[""C""]",C,"[5,-1]","[""B""]",3.16,"[""A""]",10
coordinate_geometry_2145_open_q1,coordinate_geometry_2145.png,"[""target=C; target_coordinates=[1, -8]; nearest_labels=['D']; nearest_distance=10; farthest_labels=['A']; farthest_distance=13.04""]","[""C""]",C,"[1,-8]","[""D""]",10,"[""A""]",13.04
coordinate_geometry_2146_open_q1,coordinate_geometry_2146.png,"[""target=A; target_coordinates=[6, 1]; nearest_labels=['B']; nearest_distance=13.04; farthest_labels=['B']; farthest_distance=13.04""]","[""A""]",A,"[6,1]","[""B""]",13.04,"[""B""]",13.04
coordinate_geometry_2147_open_q1,coordinate_geometry_2147.png,"[""target=C; target_coordinates=[-2, 2]; nearest_labels=['B']; nearest_distance=7; farthest_labels=['A']; farthest_distance=8.06""]","[""C""]",C,"[-2,2]","[""B""]",7,"[""A""]",8.06
coordinate_geometry_2148_open_q1,coordinate_geometry_2148.png,"[""target=B; target_coordinates=[0, -8]; nearest_labels=['D']; nearest_distance=8.25; farthest_labels=['A']; farthest_distance=17.09""]","[""B""]",B,"[0,-8]","[""D""]",8.25,"[""A""]",17.09
coordinate_geometry_2149_open_q1,coordinate_geometry_2149.png,"[""target=A; target_coordinates=[-8, 0]; nearest_labels=['B']; nearest_distance=5.83; farthest_labels=['B']; farthest_distance=5.83""]","[""A""]",A,"[-8,0]","[""B""]",5.83,"[""B""]",5.83
coordinate_geometry_2150_open_q1,coordinate_geometry_2150.png,"[""target=B; target_coordinates=[-8, 2]; nearest_labels=['A']; nearest_distance=10.05; farthest_labels=['C']; farthest_distance=12.37""]","[""B""]",B,"[-8,2]","[""A""]",10.05,"[""C""]",12.37
coordinate_geometry_2151_open_q1,coordinate_geometry_2151.png,"[""target=C; target_coordinates=[-4, -4]; nearest_labels=['D']; nearest_distance=6.32; farthest_labels=['A']; farthest_distance=10.05""]","[""C""]",C,"[-4,-4]","[""D""]",6.32,"[""A""]",10.05
coordinate_geometry_2152_open_q1,coordinate_geometry_2152.png,"[""target=B; target_coordinates=[1, 8]; nearest_labels=['A']; nearest_distance=11; farthest_labels=['A']; farthest_distance=11""]","[""B""]",B,"[1,8]","[""A""]",11,"[""A""]",11
coordinate_geometry_2153_open_q1,coordinate_geometry_2153.png,"[""target=B; target_coordinates=[0, 0]; nearest_labels=['A']; nearest_distance=2.24; farthest_labels=['C']; farthest_distance=7.28""]","[""B""]",B,"[0,0]","[""A""]",2.24,"[""C""]",7.28
coordinate_geometry_2154_open_q1,coordinate_geometry_2154.png,"[""target=D; target_coordinates=[-5, 7]; nearest_labels=['B']; nearest_distance=2.83; farthest_labels=['A']; farthest_distance=16.28""]","[""D""]",D,"[-5,7]","[""B""]",2.83,"[""A""]",16.28
coordinate_geometry_2155_open_q1,coordinate_geometry_2155.png,"[""target=A; target_coordinates=[5, -1]; nearest_labels=['B']; nearest_distance=2.24; farthest_labels=['B']; farthest_distance=2.24""]","[""A""]",A,"[5,-1]","[""B""]",2.24,"[""B""]",2.24
coordinate_geometry_2156_open_q1,coordinate_geometry_2156.png,"[""target=B; target_coordinates=[6, -2]; nearest_labels=['C']; nearest_distance=11.18; farthest_labels=['A']; farthest_distance=16.64""]","[""B""]",B,"[6,-2]","[""C""]",11.18,"[""A""]",16.64
coordinate_geometry_2157_open_q1,coordinate_geometry_2157.png,"[""target=C; target_coordinates=[8, -3]; nearest_labels=['D']; nearest_distance=3.61; farthest_labels=['A']; farthest_distance=8.6""]","[""C""]",C,"[8,-3]","[""D""]",3.61,"[""A""]",8.6
coordinate_geometry_2158_open_q1,coordinate_geometry_2158.png,"[""target=B; target_coordinates=[7, -4]; nearest_labels=['A']; nearest_distance=9.22; farthest_labels=['A']; farthest_distance=9.22""]","[""B""]",B,"[7,-4]","[""A""]",9.22,"[""A""]",9.22
coordinate_geometry_2159_open_q1,coordinate_geometry_2159.png,"[""target=A; target_coordinates=[-7, 1]; nearest_labels=['B']; nearest_distance=7.21; farthest_labels=['C']; farthest_distance=15.26""]","[""A""]",A,"[-7,1]","[""B""]",7.21,"[""C""]",15.26
coordinate_geometry_2160_open_q1,coordinate_geometry_2160.png,"[""target=D; target_coordinates=[-3, -8]; nearest_labels=['B']; nearest_distance=10.77; farthest_labels=['A']; farthest_distance=17""]","[""D""]",D,"[-3,-8]","[""B""]",10.77,"[""A""]",17
coordinate_geometry_2161_open_q1,coordinate_geometry_2161.png,"[""target=A; target_coordinates=[-5, 0]; nearest_labels=['B']; nearest_distance=10.77; farthest_labels=['B']; farthest_distance=10.77""]","[""A""]",A,"[-5,0]","[""B""]",10.77,"[""B""]",10.77
coordinate_geometry_2162_open_q1,coordinate_geometry_2162.png,"[""target=B; target_coordinates=[1, 0]; nearest_labels=['C']; nearest_distance=4.47; farthest_labels=['A']; farthest_distance=6.71""]","[""B""]",B,"[1,0]","[""C""]",4.47,"[""A""]",6.71
coordinate_geometry_2163_open_q1,coordinate_geometry_2163.png,"[""target=C; target_coordinates=[5, 2]; nearest_labels=['D']; nearest_distance=4.12; farthest_labels=['A']; farthest_distance=11.18""]","[""C""]",C,"[5,2]","[""D""]",4.12,"[""A""]",11.18
coordinate_geometry_2164_open_q1,coordinate_geometry_2164.png,"[""target=B; target_coordinates=[-8, -2]; nearest_labels=['A']; nearest_distance=4; farthest_labels=['A']; farthest_distance=4""]","[""B""]",B,"[-8,-2]","[""A""]",4,"[""A""]",4
coordinate_geometry_2165_open_q1,coordinate_geometry_2165.png,"[""target=B; target_coordinates=[0, 0]; nearest_labels=['A']; nearest_distance=2.24; farthest_labels=['C']; farthest_distance=4.47""]","[""B""]",B,"[0,0]","[""A""]",2.24,"[""C""]",4.47
coordinate_geometry_2166_open_q1,coordinate_geometry_2166.png,"[""target=C; target_coordinates=[7, -2]; nearest_labels=['B']; nearest_distance=2.24; farthest_labels=['A']; farthest_distance=15.65""]","[""C""]",C,"[7,-2]","[""B""]",2.24,"[""A""]",15.65
coordinate_geometry_2167_open_q1,coordinate_geometry_2167.png,"[""target=B; target_coordinates=[-8, -5]; nearest_labels=['A']; nearest_distance=18.38; farthest_labels=['A']; farthest_distance=18.38""]","[""B""]",B,"[-8,-5]","[""A""]",18.38,"[""A""]",18.38
coordinate_geometry_2168_open_q1,coordinate_geometry_2168.png,"[""target=C; target_coordinates=[6, 4]; nearest_labels=['B']; nearest_distance=6.71; farthest_labels=['A']; farthest_distance=8.94""]","[""C""]",C,"[6,4]","[""B""]",6.71,"[""A""]",8.94
coordinate_geometry_2169_open_q1,coordinate_geometry_2169.png,"[""target=A; target_coordinates=[-4, 7]; nearest_labels=['D']; nearest_distance=7; farthest_labels=['C']; farthest_distance=13.42""]","[""A""]",A,"[-4,7]","[""D""]",7,"[""C""]",13.42
coordinate_geometry_2170_open_q1,coordinate_geometry_2170.png,"[""target=A; target_coordinates=[-5, 6]; nearest_labels=['B']; nearest_distance=5; farthest_labels=['B']; farthest_distance=5""]","[""A""]",A,"[-5,6]","[""B""]",5,"[""B""]",5
coordinate_geometry_2171_open_q1,coordinate_geometry_2171.png,"[""target=B; target_coordinates=[-2, -2]; nearest_labels=['C']; nearest_distance=4.47; farthest_labels=['A']; farthest_distance=6.71""]","[""B""]",B,"[-2,-2]","[""C""]",4.47,"[""A""]",6.71
coordinate_geometry_2172_open_q1,coordinate_geometry_2172.png,"[""target=D; target_coordinates=[0, 7]; nearest_labels=['B']; nearest_distance=8.6; farthest_labels=['A']; farthest_distance=14.76""]","[""D""]",D,"[0,7]","[""B""]",8.6,"[""A""]",14.76
coordinate_geometry_2173_open_q1,coordinate_geometry_2173.png,"[""target=A; target_coordinates=[5, 7]; nearest_labels=['B']; nearest_distance=2.83; farthest_labels=['B']; farthest_distance=2.83""]","[""A""]",A,"[5,7]","[""B""]",2.83,"[""B""]",2.83
coordinate_geometry_2174_open_q1,coordinate_geometry_2174.png,"[""target=A; target_coordinates=[-4, 3]; nearest_labels=['B']; nearest_distance=6.71; farthest_labels=['C']; farthest_distance=8.94""]","[""A""]",A,"[-4,3]","[""B""]",6.71,"[""C""]",8.94
coordinate_geometry_2175_open_q1,coordinate_geometry_2175.png,"[""target=A; target_coordinates=[0, -5]; nearest_labels=['B']; nearest_distance=3; farthest_labels=['D']; farthest_distance=10.77""]","[""A""]",A,"[0,-5]","[""B""]",3,"[""D""]",10.77
coordinate_geometry_2176_open_q1,coordinate_geometry_2176.png,"[""target=B; target_coordinates=[2, 8]; nearest_labels=['A']; nearest_distance=15.26; farthest_labels=['A']; farthest_distance=15.26""]","[""B""]",B,"[2,8]","[""A""]",15.26,"[""A""]",15.26
coordinate_geometry_2177_open_q1,coordinate_geometry_2177.png,"[""target=C; target_coordinates=[-2, 2]; nearest_labels=['B']; nearest_distance=4.47; farthest_labels=['A']; farthest_distance=6.71""]","[""C""]",C,"[-2,2]","[""B""]",4.47,"[""A""]",6.71
coordinate_geometry_2178_open_q1,coordinate_geometry_2178.png,"[""target=C; target_coordinates=[1, 6]; nearest_labels=['D']; nearest_distance=5; farthest_labels=['A']; farthest_distance=13.42""]","[""C""]",C,"[1,6]","[""D""]",5,"[""A""]",13.42
coordinate_geometry_2179_open_q1,coordinate_geometry_2179.png,"[""target=B; target_coordinates=[8, -1]; nearest_labels=['A']; nearest_distance=6.32; farthest_labels=['A']; farthest_distance=6.32""]","[""B""]",B,"[8,-1]","[""A""]",6.32,"[""A""]",6.32
coordinate_geometry_2180_open_q1,coordinate_geometry_2180.png,"[""target=A; target_coordinates=[-6, -3]; nearest_labels=['B']; nearest_distance=11.18; farthest_labels=['C']; farthest_distance=13.42""]","[""A""]",A,"[-6,-3]","[""B""]",11.18,"[""C""]",13.42
coordinate_geometry_2181_open_q1,coordinate_geometry_2181.png,"[""target=C; target_coordinates=[2, -5]; nearest_labels=['D']; nearest_distance=5.83; farthest_labels=['A']; farthest_distance=13.42""]","[""C""]",C,"[2,-5]","[""D""]",5.83,"[""A""]",13.42
coordinate_geometry_2182_open_q1,coordinate_geometry_2182.png,"[""target=A; target_coordinates=[3, 6]; nearest_labels=['B']; nearest_distance=13.15; farthest_labels=['B']; farthest_distance=13.15""]","[""A""]",A,"[3,6]","[""B""]",13.15,"[""B""]",13.15
coordinate_geometry_2183_open_q1,coordinate_geometry_2183.png,"[""target=A; target_coordinates=[-1, -3]; nearest_labels=['B']; nearest_distance=2.83; farthest_labels=['C']; farthest_distance=8.49""]","[""A""]",A,"[-1,-3]","[""B""]",2.83,"[""C""]",8.49
coordinate_geometry_2184_open_q1,coordinate_geometry_2184.png,"[""target=D; target_coordinates=[-7, 8]; nearest_labels=['A']; nearest_distance=3.61; farthest_labels=['C']; farthest_distance=14.76""]","[""D""]",D,"[-7,8]","[""A""]",3.61,"[""C""]",14.76
coordinate_geometry_2185_open_q1,coordinate_geometry_2185.png,"[""target=B; target_coordinates=[4, -3]; nearest_labels=['A']; nearest_distance=9.22; farthest_labels=['A']; farthest_distance=9.22""]","[""B""]",B,"[4,-3]","[""A""]",9.22,"[""A""]",9.22
coordinate_geometry_2186_open_q1,coordinate_geometry_2186.png,"[""target=C; target_coordinates=[4, 4]; nearest_labels=['B']; nearest_distance=2.24; farthest_labels=['A']; farthest_distance=6.71""]","[""C""]",C,"[4,4]","[""B""]",2.24,"[""A""]",6.71
coordinate_geometry_2187_open_q1,coordinate_geometry_2187.png,"[""target=A; target_coordinates=[0, 6]; nearest_labels=['B']; nearest_distance=2.24; farthest_labels=['C']; farthest_distance=13.42""]","[""A""]",A,"[0,6]","[""B""]",2.24,"[""C""]",13.42
coordinate_geometry_2188_open_q1,coordinate_geometry_2188.png,"[""target=B; target_coordinates=[-1, -5]; nearest_labels=['A']; nearest_distance=11.4; farthest_labels=['A']; farthest_distance=11.4""]","[""B""]",B,"[-1,-5]","[""A""]",11.4,"[""A""]",11.4
coordinate_geometry_2189_open_q1,coordinate_geometry_2189.png,"[""target=A; target_coordinates=[-2, 1]; nearest_labels=['B']; nearest_distance=5.83; farthest_labels=['C']; farthest_distance=10.44""]","[""A""]",A,"[-2,1]","[""B""]",5.83,"[""C""]",10.44
coordinate_geometry_2190_open_q1,coordinate_geometry_2190.png,"[""target=A; target_coordinates=[3, 3]; nearest_labels=['B']; nearest_distance=4.12; farthest_labels=['D']; farthest_distance=11.7""]","[""A""]",A,"[3,3]","[""B""]",4.12,"[""D""]",11.7
coordinate_geometry_2191_open_q1,coordinate_geometry_2191.png,"[""target=A; target_coordinates=[3, -1]; nearest_labels=['B']; nearest_distance=4.12; farthest_labels=['B']; farthest_distance=4.12""]","[""A""]",A,"[3,-1]","[""B""]",4.12,"[""B""]",4.12
coordinate_geometry_2192_open_q1,coordinate_geometry_2192.png,"[""target=B; target_coordinates=[6, 1]; nearest_labels=['C']; nearest_distance=6.08; farthest_labels=['A']; farthest_distance=12.04""]","[""B""]",B,"[6,1]","[""C""]",6.08,"[""A""]",12.04
coordinate_geometry_2193_open_q1,coordinate_geometry_2193.png,"[""target=B; target_coordinates=[-2, -3]; nearest_labels=['C']; nearest_distance=9.85; farthest_labels=['D']; farthest_distance=12.08""]","[""B""]",B,"[-2,-3]","[""C""]",9.85,"[""D""]",12.08
coordinate_geometry_2194_open_q1,coordinate_geometry_2194.png,"[""target=B; target_coordinates=[-3, 3]; nearest_labels=['A']; nearest_distance=11.4; farthest_labels=['A']; farthest_distance=11.4""]","[""B""]",B,"[-3,3]","[""A""]",11.4,"[""A""]",11.4
coordinate_geometry_2195_open_q1,coordinate_geometry_2195.png,"[""target=C; target_coordinates=[5, -1]; nearest_labels=['A']; nearest_distance=3.61; farthest_labels=['B']; farthest_distance=5.83""]","[""C""]",C,"[5,-1]","[""A""]",3.61,"[""B""]",5.83
coordinate_geometry_2196_open_q1,coordinate_geometry_2196.png,"[""target=D; target_coordinates=[4, 8]; nearest_labels=['B']; nearest_distance=7.28; farthest_labels=['C']; farthest_distance=17.09""]","[""D""]",D,"[4,8]","[""B""]",7.28,"[""C""]",17.09
coordinate_geometry_2197_open_q1,coordinate_geometry_2197.png,"[""target=A; target_coordinates=[-8, 3]; nearest_labels=['B']; nearest_distance=13.04; farthest_labels=['B']; farthest_distance=13.04""]","[""A""]",A,"[-8,3]","[""B""]",13.04,"[""B""]",13.04
coordinate_geometry_2198_open_q1,coordinate_geometry_2198.png,"[""target=B; target_coordinates=[-4, -3]; nearest_labels=['C']; nearest_distance=2.24; farthest_labels=['A']; farthest_distance=4.47""]","[""B""]",B,"[-4,-3]","[""C""]",2.24,"[""A""]",4.47
coordinate_geometry_2199_open_q1,coordinate_geometry_2199.png,"[""target=C; target_coordinates=[-5, -2]; nearest_labels=['A']; nearest_distance=4; farthest_labels=['B']; farthest_distance=5.83""]","[""C""]",C,"[-5,-2]","[""A""]",4,"[""B""]",5.83
coordinate_geometry_2200_open_q1,coordinate_geometry_2200.png,"[""target=B; target_coordinates=[7, -1]; nearest_labels=['A']; nearest_distance=9.49; farthest_labels=['A']; farthest_distance=9.49""]","[""B""]",B,"[7,-1]","[""A""]",9.49,"[""A""]",9.49
coordinate_geometry_2201_open_q1,coordinate_geometry_2201.png,"[""target=B; target_coordinates=[0, 5]; nearest_labels=['C']; nearest_distance=7; farthest_labels=['A']; farthest_distance=8.25""]","[""B""]",B,"[0,5]","[""C""]",7,"[""A""]",8.25
coordinate_geometry_2202_open_q1,coordinate_geometry_2202.png,"[""target=D; target_coordinates=[1, 6]; nearest_labels=['A']; nearest_distance=2.24; farthest_labels=['B']; farthest_distance=10.3""]","[""D""]",D,"[1,6]","[""A""]",2.24,"[""B""]",10.3
coordinate_geometry_2203_open_q1,coordinate_geometry_2203.png,"[""target=B; target_coordinates=[4, -7]; nearest_labels=['A']; nearest_distance=8.94; farthest_labels=['A']; farthest_distance=8.94""]","[""B""]",B,"[4,-7]","[""A""]",8.94,"[""A""]",8.94
coordinate_geometry_2204_open_q1,coordinate_geometry_2204.png,"[""target=B; target_coordinates=[2, -6]; nearest_labels=['A']; nearest_distance=4.47; farthest_labels=['C']; farthest_distance=12.53""]","[""B""]",B,"[2,-6]","[""A""]",4.47,"[""C""]",12.53
coordinate_geometry_2205_open_q1,coordinate_geometry_2205.png,"[""target=A; target_coordinates=[8, 2]; nearest_labels=['C']; nearest_distance=10.2; farthest_labels=['D']; farthest_distance=13""]","[""A""]",A,"[8,2]","[""C""]",10.2,"[""D""]",13
coordinate_geometry_2206_open_q1,coordinate_geometry_2206.png,"[""target=A; target_coordinates=[5, -4]; nearest_labels=['B']; nearest_distance=3.16; farthest_labels=['B']; farthest_distance=3.16""]","[""A""]",A,"[5,-4]","[""B""]",3.16,"[""B""]",3.16
coordinate_geometry_2207_open_q1,coordinate_geometry_2207.png,"[""target=B; target_coordinates=[-1, 4]; nearest_labels=['A']; nearest_distance=5; farthest_labels=['C']; farthest_distance=10.44""]","[""B""]",B,"[-1,4]","[""A""]",5,"[""C""]",10.44
coordinate_geometry_2208_open_q1,coordinate_geometry_2208.png,"[""target=A; target_coordinates=[-5, -8]; nearest_labels=['D']; nearest_distance=3; farthest_labels=['C']; farthest_distance=18.44""]","[""A""]",A,"[-5,-8]","[""D""]",3,"[""C""]",18.44
coordinate_geometry_2209_open_q1,coordinate_geometry_2209.png,"[""target=B; target_coordinates=[-1, -4]; nearest_labels=['A']; nearest_distance=11.4; farthest_labels=['A']; farthest_distance=11.4""]","[""B""]",B,"[-1,-4]","[""A""]",11.4,"[""A""]",11.4
coordinate_geometry_2210_open_q1,coordinate_geometry_2210.png,"[""target=C; target_coordinates=[-5, 3]; nearest_labels=['B']; nearest_distance=6; farthest_labels=['A']; farthest_distance=8.06""]","[""C""]",C,"[-5,3]","[""B""]",6,"[""A""]",8.06
coordinate_geometry_2211_open_q1,coordinate_geometry_2211.png,"[""target=B; target_coordinates=[-5, -8]; nearest_labels=['C']; nearest_distance=4.47; farthest_labels=['D']; farthest_distance=11.18""]","[""B""]",B,"[-5,-8]","[""C""]",4.47,"[""D""]",11.18
coordinate_geometry_2212_open_q1,coordinate_geometry_2212.png,"[""target=B; target_coordinates=[3, -6]; nearest_labels=['A']; nearest_distance=12.08; farthest_labels=['A']; farthest_distance=12.08""]","[""B""]",B,"[3,-6]","[""A""]",12.08,"[""A""]",12.08
coordinate_geometry_2213_open_q1,coordinate_geometry_2213.png,"[""target=B; target_coordinates=[-5, 6]; nearest_labels=['C']; nearest_distance=8; farthest_labels=['A']; farthest_distance=10""]","[""B""]",B,"[-5,6]","[""C""]",8,"[""A""]",10
coordinate_geometry_2214_open_q1,coordinate_geometry_2214.png,"[""target=B; target_coordinates=[5, -8]; nearest_labels=['A']; nearest_distance=9.85; farthest_labels=['D']; farthest_distance=15.81""]","[""B""]",B,"[5,-8]","[""A""]",9.85,"[""D""]",15.81
coordinate_geometry_2215_open_q1,coordinate_geometry_2215.png,"[""target=A; target_coordinates=[-2, 5]; nearest_labels=['B']; nearest_distance=7.07; farthest_labels=['B']; farthest_distance=7.07""]","[""A""]",A,"[-2,5]","[""B""]",7.07,"[""B""]",7.07
coordinate_geometry_2216_open_q1,coordinate_geometry_2216.png,"[""target=B; target_coordinates=[-1, 3]; nearest_labels=['A']; nearest_distance=5; farthest_labels=['C']; farthest_distance=8.06""]","[""B""]",B,"[-1,3]","[""A""]",5,"[""C""]",8.06
coordinate_geometry_2217_open_q1,coordinate_geometry_2217.png,"[""target=A; target_coordinates=[-5, -2]; nearest_labels=['D']; nearest_distance=4.47; farthest_labels=['C']; farthest_distance=8.6""]","[""A""]",A,"[-5,-2]","[""D""]",4.47,"[""C""]",8.6
coordinate_geometry_2218_open_q1,coordinate_geometry_2218.png,"[""target=A; target_coordinates=[8, 3]; nearest_labels=['B']; nearest_distance=8.6; farthest_labels=['B']; farthest_distance=8.6""]","[""A""]",A,"[8,3]","[""B""]",8.6,"[""B""]",8.6
coordinate_geometry_2219_open_q1,coordinate_geometry_2219.png,"[""target=B; target_coordinates=[1, -7]; nearest_labels=['A']; nearest_distance=4.47; farthest_labels=['C']; farthest_distance=9.06""]","[""B""]",B,"[1,-7]","[""A""]",4.47,"[""C""]",9.06
coordinate_geometry_2220_open_q1,coordinate_geometry_2220.png,"[""target=D; target_coordinates=[-6, 1]; nearest_labels=['C']; nearest_distance=6.08; farthest_labels=['B']; farthest_distance=8.94""]","[""D""]",D,"[-6,1]","[""C""]",6.08,"[""B""]",8.94
coordinate_geometry_2221_open_q1,coordinate_geometry_2221.png,"[""target=A; target_coordinates=[7, -7]; nearest_labels=['B']; nearest_distance=8.94; farthest_labels=['B']; farthest_distance=8.94""]","[""A""]",A,"[7,-7]","[""B""]",8.94,"[""B""]",8.94
coordinate_geometry_2222_open_q1,coordinate_geometry_2222.png,"[""target=A; target_coordinates=[-8, -3]; nearest_labels=['B']; nearest_distance=8.94; farthest_labels=['C']; farthest_distance=11.18""]","[""A""]",A,"[-8,-3]","[""B""]",8.94,"[""C""]",11.18
coordinate_geometry_2223_open_q1,coordinate_geometry_2223.png,"[""target=A; target_coordinates=[-8, -3]; nearest_labels=['B']; nearest_distance=2.24; farthest_labels=['C']; farthest_distance=15.65""]","[""A""]",A,"[-8,-3]","[""B""]",2.24,"[""C""]",15.65
coordinate_geometry_2224_open_q1,coordinate_geometry_2224.png,"[""target=B; target_coordinates=[8, 4]; nearest_labels=['A']; nearest_distance=15.56; farthest_labels=['A']; farthest_distance=15.56""]","[""B""]",B,"[8,4]","[""A""]",15.56,"[""A""]",15.56
coordinate_geometry_2225_open_q1,coordinate_geometry_2225.png,"[""target=B; target_coordinates=[-4, -4]; nearest_labels=['A']; nearest_distance=2.24; farthest_labels=['C']; farthest_distance=4.47""]","[""B""]",B,"[-4,-4]","[""A""]",2.24,"[""C""]",4.47
coordinate_geometry_2226_open_q1,coordinate_geometry_2226.png,"[""target=A; target_coordinates=[-2, 0]; nearest_labels=['B']; nearest_distance=3; farthest_labels=['C']; farthest_distance=7""]","[""A""]",A,"[-2,0]","[""B""]",3,"[""C""]",7
coordinate_geometry_2227_open_q1,coordinate_geometry_2227.png,"[""target=A; target_coordinates=[3, 3]; nearest_labels=['B']; nearest_distance=11.4; farthest_labels=['B']; farthest_distance=11.4""]","[""A""]",A,"[3,3]","[""B""]",11.4,"[""B""]",11.4
coordinate_geometry_2228_open_q1,coordinate_geometry_2228.png,"[""target=A; target_coordinates=[-6, -2]; nearest_labels=['B']; nearest_distance=4.47; farthest_labels=['C']; farthest_distance=15.65""]","[""A""]",A,"[-6,-2]","[""B""]",4.47,"[""C""]",15.65
coordinate_geometry_2229_open_q1,coordinate_geometry_2229.png,"[""target=B; target_coordinates=[-1, 2]; nearest_labels=['A']; nearest_distance=2.24; farthest_labels=['C']; farthest_distance=8.94""]","[""B""]",B,"[-1,2]","[""A""]",2.24,"[""C""]",8.94
coordinate_geometry_2230_open_q1,coordinate_geometry_2230.png,"[""target=B; target_coordinates=[-2, -3]; nearest_labels=['A']; nearest_distance=10.05; farthest_labels=['A']; farthest_distance=10.05""]","[""B""]",B,"[-2,-3]","[""A""]",10.05,"[""A""]",10.05
coordinate_geometry_2231_open_q1,coordinate_geometry_2231.png,"[""target=C; target_coordinates=[2, 6]; nearest_labels=['B']; nearest_distance=4.47; farthest_labels=['A']; farthest_distance=13.42""]","[""C""]",C,"[2,6]","[""B""]",4.47,"[""A""]",13.42
coordinate_geometry_2232_open_q1,coordinate_geometry_2232.png,"[""target=C; target_coordinates=[1, -7]; nearest_labels=['B']; nearest_distance=4.47; farthest_labels=['D']; farthest_distance=16.12""]","[""C""]",C,"[1,-7]","[""B""]",4.47,"[""D""]",16.12
coordinate_geometry_2233_open_q1,coordinate_geometry_2233.png,"[""target=A; target_coordinates=[-6, -5]; nearest_labels=['B']; nearest_distance=11.7; farthest_labels=['B']; farthest_distance=11.7""]","[""A""]",A,"[-6,-5]","[""B""]",11.7,"[""B""]",11.7
coordinate_geometry_2234_open_q1,coordinate_geometry_2234.png,"[""target=C; target_coordinates=[1, 2]; nearest_labels=['B']; nearest_distance=4.47; farthest_labels=['A']; farthest_distance=6.71""]","[""C""]",C,"[1,2]","[""B""]",4.47,"[""A""]",6.71
coordinate_geometry_2235_open_q1,coordinate_geometry_2235.png,"[""target=B; target_coordinates=[1, 0]; nearest_labels=['C']; nearest_distance=4.47; farthest_labels=['D']; farthest_distance=7.81""]","[""B""]",B,"[1,0]","[""C""]",4.47,"[""D""]",7.81
coordinate_geometry_2236_open_q1,coordinate_geometry_2236.png,"[""target=A; target_coordinates=[8, -3]; nearest_labels=['B']; nearest_distance=7.07; farthest_labels=['B']; farthest_distance=7.07""]","[""A""]",A,"[8,-3]","[""B""]",7.07,"[""B""]",7.07
coordinate_geometry_2237_open_q1,coordinate_geometry_2237.png,"[""target=C; target_coordinates=[4, 3]; nearest_labels=['B']; nearest_distance=2.24; farthest_labels=['A']; farthest_distance=11.18""]","[""C""]",C,"[4,3]","[""B""]",2.24,"[""A""]",11.18
coordinate_geometry_2238_open_q1,coordinate_geometry_2238.png,"[""target=C; target_coordinates=[7, 6]; nearest_labels=['B']; nearest_distance=6.71; farthest_labels=['D']; farthest_distance=19.21""]","[""C""]",C,"[7,6]","[""B""]",6.71,"[""D""]",19.21
coordinate_geometry_2239_open_q1,coordinate_geometry_2239.png,"[""target=A; target_coordinates=[-1, -7]; nearest_labels=['B']; nearest_distance=12.37; farthest_labels=['B']; farthest_distance=12.37""]","[""A""]",A,"[-1,-7]","[""B""]",12.37,"[""B""]",12.37
coordinate_geometry_2240_open_q1,coordinate_geometry_2240.png,"[""target=A; target_coordinates=[-3, -4]; nearest_labels=['B']; nearest_distance=4.47; farthest_labels=['C']; farthest_distance=6.71""]","[""A""]",A,"[-3,-4]","[""B""]",4.47,"[""C""]",6.71
coordinate_geometry_2241_open_q1,coordinate_geometry_2241.png,"[""target=C; target_coordinates=[2, -7]; nearest_labels=['B']; nearest_distance=2.24; farthest_labels=['A']; farthest_distance=15.65""]","[""C""]",C,"[2,-7]","[""B""]",2.24,"[""A""]",15.65
coordinate_geometry_2242_open_q1,coordinate_geometry_2242.png,"[""target=B; target_coordinates=[0, -1]; nearest_labels=['A']; nearest_distance=6.08; farthest_labels=['A']; farthest_distance=6.08""]","[""B""]",B,"[0,-1]","[""A""]",6.08,"[""A""]",6.08
coordinate_geometry_2243_open_q1,coordinate_geometry_2243.png,"[""target=C; target_coordinates=[8, 5]; nearest_labels=['B']; nearest_distance=6.71; farthest_labels=['A']; farthest_distance=8.94""]","[""C""]",C,"[8,5]","[""B""]",6.71,"[""A""]",8.94
coordinate_geometry_2244_open_q1,coordinate_geometry_2244.png,"[""target=C; target_coordinates=[3, 1]; nearest_labels=['B']; nearest_distance=2.24; farthest_labels=['D']; farthest_distance=12.04""]","[""C""]",C,"[3,1]","[""B""]",2.24,"[""D""]",12.04
coordinate_geometry_2245_open_q1,coordinate_geometry_2245.png,"[""target=B; target_coordinates=[-7, -4]; nearest_labels=['A']; nearest_distance=5; farthest_labels=['A']; farthest_distance=5""]","[""B""]",B,"[-7,-4]","[""A""]",5,"[""A""]",5
coordinate_geometry_2246_open_q1,coordinate_geometry_2246.png,"[""target=B; target_coordinates=[4, -2]; nearest_labels=['C']; nearest_distance=2.24; farthest_labels=['A']; farthest_distance=13.42""]","[""B""]",B,"[4,-2]","[""C""]",2.24,"[""A""]",13.42
coordinate_geometry_2247_open_q1,coordinate_geometry_2247.png,"[""target=C; target_coordinates=[4, 3]; nearest_labels=['B']; nearest_distance=2.83; farthest_labels=['A']; farthest_distance=7.07""]","[""C""]",C,"[4,3]","[""B""]",2.83,"[""A""]",7.07
coordinate_geometry_2248_open_q1,coordinate_geometry_2248.png,"[""target=A; target_coordinates=[-6, 7]; nearest_labels=['B']; nearest_distance=7.62; farthest_labels=['B']; farthest_distance=7.62""]","[""A""]",A,"[-6,7]","[""B""]",7.62,"[""B""]",7.62
coordinate_geometry_2249_open_q1,coordinate_geometry_2249.png,"[""target=C; target_coordinates=[-7, 6]; nearest_labels=['A']; nearest_distance=3.16; farthest_labels=['B']; farthest_distance=5.83""]","[""C""]",C,"[-7,6]","[""A""]",3.16,"[""B""]",5.83
coordinate_geometry_2250_open_q1,coordinate_geometry_2250.png,"[""target=A; target_coordinates=[-4, -6]; nearest_labels=['C']; nearest_distance=4.47; farthest_labels=['B']; farthest_distance=14.14""]","[""A""]",A,"[-4,-6]","[""C""]",4.47,"[""B""]",14.14
coordinate_geometry_2251_open_q1,coordinate_geometry_2251.png,"[""target=A; target_coordinates=[1, 6]; nearest_labels=['B']; nearest_distance=5.83; farthest_labels=['B']; farthest_distance=5.83""]","[""A""]",A,"[1,6]","[""B""]",5.83,"[""B""]",5.83
coordinate_geometry_2252_open_q1,coordinate_geometry_2252.png,"[""target=B; target_coordinates=[-3, -1]; nearest_labels=['C']; nearest_distance=2.83; farthest_labels=['A']; farthest_distance=8.25""]","[""B""]",B,"[-3,-1]","[""C""]",2.83,"[""A""]",8.25
coordinate_geometry_2253_open_q1,coordinate_geometry_2253.png,"[""target=C; target_coordinates=[-8, 0]; nearest_labels=['D']; nearest_distance=10.63; farthest_labels=['A']; farthest_distance=15.65""]","[""C""]",C,"[-8,0]","[""D""]",10.63,"[""A""]",15.65
coordinate_geometry_2254_open_q1,coordinate_geometry_2254.png,"[""target=B; target_coordinates=[-4, -2]; nearest_labels=['A']; nearest_distance=6.4; farthest_labels=['A']; farthest_distance=6.4""]","[""B""]",B,"[-4,-2]","[""A""]",6.4,"[""A""]",6.4
coordinate_geometry_2255_open_q1,coordinate_geometry_2255.png,"[""target=C; target_coordinates=[-5, 4]; nearest_labels=['A']; nearest_distance=8.54; farthest_labels=['B']; farthest_distance=9.22""]","[""C""]",C,"[-5,4]","[""A""]",8.54,"[""B""]",9.22
coordinate_geometry_2256_open_q1,coordinate_geometry_2256.png,"[""target=A; target_coordinates=[3, -3]; nearest_labels=['B']; nearest_distance=5.66; farthest_labels=['D']; farthest_distance=7.81""]","[""A""]",A,"[3,-3]","[""B""]",5.66,"[""D""]",7.81
coordinate_geometry_2257_open_q1,coordinate_geometry_2257.png,"[""target=A; target_coordinates=[8, -1]; nearest_labels=['B']; nearest_distance=10.05; farthest_labels=['B']; farthest_distance=10.05""]","[""A""]",A,"[8,-1]","[""B""]",10.05,"[""B""]",10.05
coordinate_geometry_2258_open_q1,coordinate_geometry_2258.png,"[""target=B; target_coordinates=[8, 7]; nearest_labels=['A']; nearest_distance=5.83; farthest_labels=['C']; farthest_distance=14""]","[""B""]",B,"[8,7]","[""A""]",5.83,"[""C""]",14
coordinate_geometry_2259_open_q1,coordinate_geometry_2259.png,"[""target=D; target_coordinates=[-2, -6]; nearest_labels=['A']; nearest_distance=4.12; farthest_labels=['B']; farthest_distance=12.04""]","[""D""]",D,"[-2,-6]","[""A""]",4.12,"[""B""]",12.04
coordinate_geometry_2260_open_q1,coordinate_geometry_2260.png,"[""target=A; target_coordinates=[-6, -7]; nearest_labels=['B']; nearest_distance=8.54; farthest_labels=['B']; farthest_distance=8.54""]","[""A""]",A,"[-6,-7]","[""B""]",8.54,"[""B""]",8.54
coordinate_geometry_2261_open_q1,coordinate_geometry_2261.png,"[""target=A; target_coordinates=[-2, -5]; nearest_labels=['C']; nearest_distance=2.24; farthest_labels=['B']; farthest_distance=7.07""]","[""A""]",A,"[-2,-5]","[""C""]",2.24,"[""B""]",7.07
coordinate_geometry_2262_open_q1,coordinate_geometry_2262.png,"[""target=B; target_coordinates=[6, -2]; nearest_labels=['A']; nearest_distance=2.83; farthest_labels=['C']; farthest_distance=9.22""]","[""B""]",B,"[6,-2]","[""A""]",2.83,"[""C""]",9.22
coordinate_geometry_2263_open_q1,coordinate_geometry_2263.png,"[""target=B; target_coordinates=[-7, -8]; nearest_labels=['A']; nearest_distance=7.07; farthest_labels=['A']; farthest_distance=7.07""]","[""B""]",B,"[-7,-8]","[""A""]",7.07,"[""A""]",7.07
coordinate_geometry_2264_open_q1,coordinate_geometry_2264.png,"[""target=C; target_coordinates=[-2, 5]; nearest_labels=['B']; nearest_distance=4.24; farthest_labels=['A']; farthest_distance=13.93""]","[""C""]",C,"[-2,5]","[""B""]",4.24,"[""A""]",13.93
coordinate_geometry_2265_open_q1,coordinate_geometry_2265.png,"[""target=B; target_coordinates=[1, 4]; nearest_labels=['A']; nearest_distance=4; farthest_labels=['D']; farthest_distance=8.54""]","[""B""]",B,"[1,4]","[""A""]",4,"[""D""]",8.54
coordinate_geometry_2266_open_q1,coordinate_geometry_2266.png,"[""target=A; target_coordinates=[0, -4]; nearest_labels=['B']; nearest_distance=7.21; farthest_labels=['B']; farthest_distance=7.21""]","[""A""]",A,"[0,-4]","[""B""]",7.21,"[""B""]",7.21
coordinate_geometry_2267_open_q1,coordinate_geometry_2267.png,"[""target=A; target_coordinates=[1, -6]; nearest_labels=['B']; nearest_distance=9.22; farthest_labels=['C']; farthest_distance=15.23""]","[""A""]",A,"[1,-6]","[""B""]",9.22,"[""C""]",15.23
coordinate_geometry_2268_open_q1,coordinate_geometry_2268.png,"[""target=D; target_coordinates=[7, 3]; nearest_labels=['B']; nearest_distance=7; farthest_labels=['C']; farthest_distance=9.49""]","[""D""]",D,"[7,3]","[""B""]",7,"[""C""]",9.49
coordinate_geometry_2269_open_q1,coordinate_geometry_2269.png,"[""target=A; target_coordinates=[1, 6]; nearest_labels=['B']; nearest_distance=12.73; farthest_labels=['B']; farthest_distance=12.73""]","[""A""]",A,"[1,6]","[""B""]",12.73,"[""B""]",12.73
coordinate_geometry_2270_open_q1,coordinate_geometry_2270.png,"[""target=C; target_coordinates=[8, 4]; nearest_labels=['B']; nearest_distance=5; farthest_labels=['A']; farthest_distance=8.6""]","[""C""]",C,"[8,4]","[""B""]",5,"[""A""]",8.6
coordinate_geometry_2271_open_q1,coordinate_geometry_2271.png,"[""target=B; target_coordinates=[5, 1]; nearest_labels=['C']; nearest_distance=5.1; farthest_labels=['D']; farthest_distance=7.62""]","[""B""]",B,"[5,1]","[""C""]",5.1,"[""D""]",7.62
coordinate_geometry_2272_open_q1,coordinate_geometry_2272.png,"[""target=A; target_coordinates=[2, -7]; nearest_labels=['B']; nearest_distance=14.42; farthest_labels=['B']; farthest_distance=14.42""]","[""A""]",A,"[2,-7]","[""B""]",14.42,"[""B""]",14.42
coordinate_geometry_2273_open_q1,coordinate_geometry_2273.png,"[""target=A; target_coordinates=[-6, 6]; nearest_labels=['B']; nearest_distance=10.3; farthest_labels=['C']; farthest_distance=12.17""]","[""A""]",A,"[-6,6]","[""B""]",10.3,"[""C""]",12.17
coordinate_geometry_2274_open_q1,coordinate_geometry_2274.png,"[""target=C; target_coordinates=[-3, -1]; nearest_labels=['D']; nearest_distance=3.16; farthest_labels=['B']; farthest_distance=12.08""]","[""C""]",C,"[-3,-1]","[""D""]",3.16,"[""B""]",12.08
coordinate_geometry_2275_open_q1,coordinate_geometry_2275.png,"[""target=A; target_coordinates=[7, 5]; nearest_labels=['B']; nearest_distance=9.43; farthest_labels=['B']; farthest_distance=9.43""]","[""A""]",A,"[7,5]","[""B""]",9.43,"[""B""]",9.43
coordinate_geometry_2276_open_q1,coordinate_geometry_2276.png,"[""target=C; target_coordinates=[8, 4]; nearest_labels=['A']; nearest_distance=12.17; farthest_labels=['B']; farthest_distance=12.81""]","[""C""]",C,"[8,4]","[""A""]",12.17,"[""B""]",12.81
coordinate_geometry_2277_open_q1,coordinate_geometry_2277.png,"[""target=C; target_coordinates=[1, -4]; nearest_labels=['D']; nearest_distance=3.61; farthest_labels=['A']; farthest_distance=10.2""]","[""C""]",C,"[1,-4]","[""D""]",3.61,"[""A""]",10.2
coordinate_geometry_2278_open_q1,coordinate_geometry_2278.png,"[""target=B; target_coordinates=[-1, 0]; nearest_labels=['A']; nearest_distance=7.62; farthest_labels=['A']; farthest_distance=7.62""]","[""B""]",B,"[-1,0]","[""A""]",7.62,"[""A""]",7.62
coordinate_geometry_2279_open_q1,coordinate_geometry_2279.png,"[""target=A; target_coordinates=[8, 4]; nearest_labels=['C']; nearest_distance=3.16; farthest_labels=['B']; farthest_distance=6.4""]","[""A""]",A,"[8,4]","[""C""]",3.16,"[""B""]",6.4
coordinate_geometry_2280_open_q1,coordinate_geometry_2280.png,"[""target=A; target_coordinates=[-4, 7]; nearest_labels=['C']; nearest_distance=5.66; farthest_labels=['D']; farthest_distance=15""]","[""A""]",A,"[-4,7]","[""C""]",5.66,"[""D""]",15
coordinate_geometry_2281_open_q1,coordinate_geometry_2281.png,"[""target=A; target_coordinates=[-5, 7]; nearest_labels=['B']; nearest_distance=12.17; farthest_labels=['B']; farthest_distance=12.17""]","[""A""]",A,"[-5,7]","[""B""]",12.17,"[""B""]",12.17
coordinate_geometry_2282_open_q1,coordinate_geometry_2282.png,"[""target=A; target_coordinates=[-8, 1]; nearest_labels=['B']; nearest_distance=11.18; farthest_labels=['C']; farthest_distance=13.42""]","[""A""]",A,"[-8,1]","[""B""]",11.18,"[""C""]",13.42
coordinate_geometry_2283_open_q1,coordinate_geometry_2283.png,"[""target=A; target_coordinates=[-2, 8]; nearest_labels=['B']; nearest_distance=4.47; farthest_labels=['C']; farthest_distance=15.65""]","[""A""]",A,"[-2,8]","[""B""]",4.47,"[""C""]",15.65
coordinate_geometry_2284_open_q1,coordinate_geometry_2284.png,"[""target=A; target_coordinates=[7, 5]; nearest_labels=['B']; nearest_distance=15.81; farthest_labels=['B']; farthest_distance=15.81""]","[""A""]",A,"[7,5]","[""B""]",15.81,"[""B""]",15.81
coordinate_geometry_2285_open_q1,coordinate_geometry_2285.png,"[""target=A; target_coordinates=[-2, -8]; nearest_labels=['B']; nearest_distance=6.71; farthest_labels=['C']; farthest_distance=15.65""]","[""A""]",A,"[-2,-8]","[""B""]",6.71,"[""C""]",15.65
coordinate_geometry_2286_open_q1,coordinate_geometry_2286.png,"[""target=B; target_coordinates=[0, 0]; nearest_labels=['A']; nearest_distance=6.71; farthest_labels=['D']; farthest_distance=9.22""]","[""B""]",B,"[0,0]","[""A""]",6.71,"[""D""]",9.22
coordinate_geometry_2287_open_q1,coordinate_geometry_2287.png,"[""target=A; target_coordinates=[-4, -3]; nearest_labels=['B']; nearest_distance=12.53; farthest_labels=['B']; farthest_distance=12.53""]","[""A""]",A,"[-4,-3]","[""B""]",12.53,"[""B""]",12.53
coordinate_geometry_2288_open_q1,coordinate_geometry_2288.png,"[""target=B; target_coordinates=[-1, -4]; nearest_labels=['A']; nearest_distance=2.24; farthest_labels=['C']; farthest_distance=11.18""]","[""B""]",B,"[-1,-4]","[""A""]",2.24,"[""C""]",11.18
coordinate_geometry_2289_open_q1,coordinate_geometry_2289.png,"[""target=A; target_coordinates=[-6, 0]; nearest_labels=['B']; nearest_distance=2.24; farthest_labels=['D']; farthest_distance=13.34""]","[""A""]",A,"[-6,0]","[""B""]",2.24,"[""D""]",13.34
coordinate_geometry_2290_open_q1,coordinate_geometry_2290.png,"[""target=A; target_coordinates=[-1, -4]; nearest_labels=['B']; nearest_distance=5; farthest_labels=['B']; farthest_distance=5""]","[""A""]",A,"[-1,-4]","[""B""]",5,"[""B""]",5
coordinate_geometry_2291_open_q1,coordinate_geometry_2291.png,"[""target=C; target_coordinates=[5, -8]; nearest_labels=['B']; nearest_distance=4.47; farthest_labels=['A']; farthest_distance=15.65""]","[""C""]",C,"[5,-8]","[""B""]",4.47,"[""A""]",15.65
coordinate_geometry_2292_open_q1,coordinate_geometry_2292.png,"[""target=B; target_coordinates=[1, -6]; nearest_labels=['C']; nearest_distance=2.24; farthest_labels=['D']; farthest_distance=14.32""]","[""B""]",B,"[1,-6]","[""C""]",2.24,"[""D""]",14.32
coordinate_geometry_2293_open_q1,coordinate_geometry_2293.png,"[""target=B; target_coordinates=[-2, 4]; nearest_labels=['A']; nearest_distance=8; farthest_labels=['A']; farthest_distance=8""]","[""B""]",B,"[-2,4]","[""A""]",8,"[""A""]",8
coordinate_geometry_2294_open_q1,coordinate_geometry_2294.png,"[""target=C; target_coordinates=[8, -2]; nearest_labels=['B']; nearest_distance=6.71; farthest_labels=['A']; farthest_distance=11.18""]","[""C""]",C,"[8,-2]","[""B""]",6.71,"[""A""]",11.18
coordinate_geometry_2295_open_q1,coordinate_geometry_2295.png,"[""target=A; target_coordinates=[0, -1]; nearest_labels=['D']; nearest_distance=6.4; farthest_labels=['C']; farthest_distance=8.94""]","[""A""]",A,"[0,-1]","[""D""]",6.4,"[""C""]",8.94
coordinate_geometry_2296_open_q1,coordinate_geometry_2296.png,"[""target=B; target_coordinates=[-4, -1]; nearest_labels=['A']; nearest_distance=5; farthest_labels=['A']; farthest_distance=5""]","[""B""]",B,"[-4,-1]","[""A""]",5,"[""A""]",5
coordinate_geometry_2297_open_q1,coordinate_geometry_2297.png,"[""target=B; target_coordinates=[4, 4]; nearest_labels=['C']; nearest_distance=2.24; farthest_labels=['A']; farthest_distance=13.42""]","[""B""]",B,"[4,4]","[""C""]",2.24,"[""A""]",13.42
coordinate_geometry_2298_open_q1,coordinate_geometry_2298.png,"[""target=D; target_coordinates=[0, 3]; nearest_labels=['B']; nearest_distance=3.61; farthest_labels=['A']; farthest_distance=5.83""]","[""D""]",D,"[0,3]","[""B""]",3.61,"[""A""]",5.83
coordinate_geometry_2299_open_q1,coordinate_geometry_2299.png,"[""target=B; target_coordinates=[-8, 0]; nearest_labels=['A']; nearest_distance=5.1; farthest_labels=['A']; farthest_distance=5.1""]","[""B""]",B,"[-8,0]","[""A""]",5.1,"[""A""]",5.1
coordinate_geometry_2300_open_q1,coordinate_geometry_2300.png,"[""target=B; target_coordinates=[1, 0]; nearest_labels=['C']; nearest_distance=6.71; farthest_labels=['A']; farthest_distance=8.94""]","[""B""]",B,"[1,0]","[""C""]",6.71,"[""A""]",8.94
coordinate_geometry_2301_open_q1,coordinate_geometry_2301.png,"[""target=A; target_coordinates=[1, 3]; nearest_labels=['B']; nearest_distance=4.47; farthest_labels=['C']; farthest_distance=11.18""]","[""A""]",A,"[1,3]","[""B""]",4.47,"[""C""]",11.18
coordinate_geometry_2302_open_q1,coordinate_geometry_2302.png,"[""target=A; target_coordinates=[-7, 2]; nearest_labels=['B']; nearest_distance=8.25; farthest_labels=['B']; farthest_distance=8.25""]","[""A""]",A,"[-7,2]","[""B""]",8.25,"[""B""]",8.25
coordinate_geometry_2303_open_q1,coordinate_geometry_2303.png,"[""target=A; target_coordinates=[-4, -4]; nearest_labels=['B']; nearest_distance=2.24; farthest_labels=['C']; farthest_distance=11.18""]","[""A""]",A,"[-4,-4]","[""B""]",2.24,"[""C""]",11.18
coordinate_geometry_2304_open_q1,coordinate_geometry_2304.png,"[""target=B; target_coordinates=[-1, 4]; nearest_labels=['A']; nearest_distance=2.24; farthest_labels=['C']; farthest_distance=13.42""]","[""B""]",B,"[-1,4]","[""A""]",2.24,"[""C""]",13.42
coordinate_geometry_2305_open_q1,coordinate_geometry_2305.png,"[""target=B; target_coordinates=[-7, -6]; nearest_labels=['A']; nearest_distance=13.89; farthest_labels=['A']; farthest_distance=13.89""]","[""B""]",B,"[-7,-6]","[""A""]",13.89,"[""A""]",13.89
coordinate_geometry_2306_open_q1,coordinate_geometry_2306.png,"[""target=A; target_coordinates=[0, 5]; nearest_labels=['B']; nearest_distance=2.24; farthest_labels=['C']; farthest_distance=11.18""]","[""A""]",A,"[0,5]","[""B""]",2.24,"[""C""]",11.18
coordinate_geometry_2307_open_q1,coordinate_geometry_2307.png,"[""target=B; target_coordinates=[1, 0]; nearest_labels=['C']; nearest_distance=6.71; farthest_labels=['D']; farthest_distance=10""]","[""B""]",B,"[1,0]","[""C""]",6.71,"[""D""]",10
coordinate_geometry_2308_open_q1,coordinate_geometry_2308.png,"[""target=B; target_coordinates=[1, -3]; nearest_labels=['A']; nearest_distance=8.54; farthest_labels=['A']; farthest_distance=8.54""]","[""B""]",B,"[1,-3]","[""A""]",8.54,"[""A""]",8.54
coordinate_geometry_2309_open_q1,coordinate_geometry_2309.png,"[""target=C; target_coordinates=[-1, 2]; nearest_labels=['A']; nearest_distance=5.83; farthest_labels=['B']; farthest_distance=6.08""]","[""C""]",C,"[-1,2]","[""A""]",5.83,"[""B""]",6.08
coordinate_geometry_2310_open_q1,coordinate_geometry_2310.png,"[""target=C; target_coordinates=[7, -7]; nearest_labels=['D']; nearest_distance=10.63; farthest_labels=['A']; farthest_distance=13.6""]","[""C""]",C,"[7,-7]","[""D""]",10.63,"[""A""]",13.6
coordinate_geometry_2311_open_q1,coordinate_geometry_2311.png,"[""target=B; target_coordinates=[-8, -3]; nearest_labels=['A']; nearest_distance=10.3; farthest_labels=['A']; farthest_distance=10.3""]","[""B""]",B,"[-8,-3]","[""A""]",10.3,"[""A""]",10.3
coordinate_geometry_2312_open_q1,coordinate_geometry_2312.png,"[""target=A; target_coordinates=[7, -8]; nearest_labels=['B']; nearest_distance=7.62; farthest_labels=['C']; farthest_distance=13""]","[""A""]",A,"[7,-8]","[""B""]",7.62,"[""C""]",13
coordinate_geometry_2313_open_q1,coordinate_geometry_2313.png,"[""target=B; target_coordinates=[1, -5]; nearest_labels=['C']; nearest_distance=12.17; farthest_labels=['D']; farthest_distance=13.42""]","[""B""]",B,"[1,-5]","[""C""]",12.17,"[""D""]",13.42
coordinate_geometry_2314_open_q1,coordinate_geometry_2314.png,"[""target=B; target_coordinates=[4, -2]; nearest_labels=['A']; nearest_distance=9.49; farthest_labels=['A']; farthest_distance=9.49""]","[""B""]",B,"[4,-2]","[""A""]",9.49,"[""A""]",9.49
coordinate_geometry_2315_open_q1,coordinate_geometry_2315.png,"[""target=B; target_coordinates=[7, 5]; nearest_labels=['C']; nearest_distance=14.04; farthest_labels=['A']; farthest_distance=15""]","[""B""]",B,"[7,5]","[""C""]",14.04,"[""A""]",15
coordinate_geometry_2316_open_q1,coordinate_geometry_2316.png,"[""target=B; target_coordinates=[1, 0]; nearest_labels=['A']; nearest_distance=3; farthest_labels=['C']; farthest_distance=7.62""]","[""B""]",B,"[1,0]","[""A""]",3,"[""C""]",7.62
coordinate_geometry_2317_open_q1,coordinate_geometry_2317.png,"[""target=A; target_coordinates=[-4, 2]; nearest_labels=['B']; nearest_distance=6.32; farthest_labels=['B']; farthest_distance=6.32""]","[""A""]",A,"[-4,2]","[""B""]",6.32,"[""B""]",6.32
coordinate_geometry_2318_open_q1,coordinate_geometry_2318.png,"[""target=C; target_coordinates=[-3, -3]; nearest_labels=['A']; nearest_distance=3.61; farthest_labels=['B']; farthest_distance=7.21""]","[""C""]",C,"[-3,-3]","[""A""]",3.61,"[""B""]",7.21
coordinate_geometry_2319_open_q1,coordinate_geometry_2319.png,"[""target=C; target_coordinates=[8, -8]; nearest_labels=['B']; nearest_distance=7.21; farthest_labels=['D']; farthest_distance=17""]","[""C""]",C,"[8,-8]","[""B""]",7.21,"[""D""]",17
coordinate_geometry_2320_open_q1,coordinate_geometry_2320.png,"[""target=A; target_coordinates=[3, 5]; nearest_labels=['B']; nearest_distance=12.04; farthest_labels=['B']; farthest_distance=12.04""]","[""A""]",A,"[3,5]","[""B""]",12.04,"[""B""]",12.04
coordinate_geometry_2321_open_q1,coordinate_geometry_2321.png,"[""target=A; target_coordinates=[-8, -3]; nearest_labels=['B']; nearest_distance=13.42; farthest_labels=['C']; farthest_distance=17.09""]","[""A""]",A,"[-8,-3]","[""B""]",13.42,"[""C""]",17.09
coordinate_geometry_2322_open_q1,coordinate_geometry_2322.png,"[""target=C; target_coordinates=[-8, -1]; nearest_labels=['D']; nearest_distance=5.1; farthest_labels=['A']; farthest_distance=14.76""]","[""C""]",C,"[-8,-1]","[""D""]",5.1,"[""A""]",14.76
coordinate_geometry_2323_open_q1,coordinate_geometry_2323.png,"[""target=B; target_coordinates=[1, 1]; nearest_labels=['A']; nearest_distance=11.31; farthest_labels=['A']; farthest_distance=11.31""]","[""B""]",B,"[1,1]","[""A""]",11.31,"[""A""]",11.31
coordinate_geometry_2324_open_q1,coordinate_geometry_2324.png,"[""target=B; target_coordinates=[0, 1]; nearest_labels=['C']; nearest_distance=5; farthest_labels=['A']; farthest_distance=6.32""]","[""B""]",B,"[0,1]","[""C""]",5,"[""A""]",6.32
coordinate_geometry_2325_open_q1,coordinate_geometry_2325.png,"[""target=A; target_coordinates=[0, 6]; nearest_labels=['B']; nearest_distance=2.24; farthest_labels=['C']; farthest_distance=13.93""]","[""A""]",A,"[0,6]","[""B""]",2.24,"[""C""]",13.93
coordinate_geometry_2326_open_q1,coordinate_geometry_2326.png,"[""target=A; target_coordinates=[8, 5]; nearest_labels=['B']; nearest_distance=15.3; farthest_labels=['B']; farthest_distance=15.3""]","[""A""]",A,"[8,5]","[""B""]",15.3,"[""B""]",15.3
coordinate_geometry_2327_open_q1,coordinate_geometry_2327.png,"[""target=B; target_coordinates=[-3, -5]; nearest_labels=['A']; nearest_distance=5.1; farthest_labels=['C']; farthest_distance=11.7""]","[""B""]",B,"[-3,-5]","[""A""]",5.1,"[""C""]",11.7
coordinate_geometry_2328_open_q1,coordinate_geometry_2328.png,"[""target=B; target_coordinates=[-2, 7]; nearest_labels=['D']; nearest_distance=4; farthest_labels=['C']; farthest_distance=10.3""]","[""B""]",B,"[-2,7]","[""D""]",4,"[""C""]",10.3
coordinate_geometry_2329_open_q1,coordinate_geometry_2329.png,"[""target=B; target_coordinates=[-1, 4]; nearest_labels=['A']; nearest_distance=12.81; farthest_labels=['A']; farthest_distance=12.81""]","[""B""]",B,"[-1,4]","[""A""]",12.81,"[""A""]",12.81
coordinate_geometry_2330_open_q1,coordinate_geometry_2330.png,"[""target=A; target_coordinates=[-3, 6]; nearest_labels=['B']; nearest_distance=11.7; farthest_labels=['C']; farthest_distance=15.81""]","[""A""]",A,"[-3,6]","[""B""]",11.7,"[""C""]",15.81
coordinate_geometry_2331_open_q1,coordinate_geometry_2331.png,"[""target=A; target_coordinates=[-8, -3]; nearest_labels=['B']; nearest_distance=10.05; farthest_labels=['C']; farthest_distance=18.36""]","[""A""]",A,"[-8,-3]","[""B""]",10.05,"[""C""]",18.36
coordinate_geometry_2332_open_q1,coordinate_geometry_2332.png,"[""target=A; target_coordinates=[1, -2]; nearest_labels=['B']; nearest_distance=4.47; farthest_labels=['B']; farthest_distance=4.47""]","[""A""]",A,"[1,-2]","[""B""]",4.47,"[""B""]",4.47
coordinate_geometry_2333_open_q1,coordinate_geometry_2333.png,"[""target=A; target_coordinates=[0, -4]; nearest_labels=['B']; nearest_distance=4.12; farthest_labels=['C']; farthest_distance=7.62""]","[""A""]",A,"[0,-4]","[""B""]",4.12,"[""C""]",7.62
coordinate_geometry_2334_open_q1,coordinate_geometry_2334.png,"[""target=C; target_coordinates=[-7, 7]; nearest_labels=['D']; nearest_distance=10.05; farthest_labels=['B']; farthest_distance=15.62""]","[""C""]",C,"[-7,7]","[""D""]",10.05,"[""B""]",15.62
coordinate_geometry_2335_open_q1,coordinate_geometry_2335.png,"[""target=A; target_coordinates=[-8, 1]; nearest_labels=['B']; nearest_distance=9.85; farthest_labels=['B']; farthest_distance=9.85""]","[""A""]",A,"[-8,1]","[""B""]",9.85,"[""B""]",9.85
coordinate_geometry_2336_open_q1,coordinate_geometry_2336.png,"[""target=B; target_coordinates=[4, 3]; nearest_labels=['A']; nearest_distance=6.4; farthest_labels=['C']; farthest_distance=10.77""]","[""B""]",B,"[4,3]","[""A""]",6.4,"[""C""]",10.77
coordinate_geometry_2337_open_q1,coordinate_geometry_2337.png,"[""target=D; target_coordinates=[2, -5]; nearest_labels=['A']; nearest_distance=6.71; farthest_labels=['B']; farthest_distance=9.43""]","[""D""]",D,"[2,-5]","[""A""]",6.71,"[""B""]",9.43
coordinate_geometry_2338_open_q1,coordinate_geometry_2338.png,"[""target=B; target_coordinates=[-4, -6]; nearest_labels=['A']; nearest_distance=11.31; farthest_labels=['A']; farthest_distance=11.31""]","[""B""]",B,"[-4,-6]","[""A""]",11.31,"[""A""]",11.31
coordinate_geometry_2339_open_q1,coordinate_geometry_2339.png,"[""target=B; target_coordinates=[-7, 4]; nearest_labels=['C']; nearest_distance=10.2; farthest_labels=['A']; farthest_distance=11.4""]","[""B""]",B,"[-7,4]","[""C""]",10.2,"[""A""]",11.4
coordinate_geometry_2340_open_q1,coordinate_geometry_2340.png,"[""target=C; target_coordinates=[1, 3]; nearest_labels=['D']; nearest_distance=5.1; farthest_labels=['A']; farthest_distance=9.43""]","[""C""]",C,"[1,3]","[""D""]",5.1,"[""A""]",9.43
coordinate_geometry_2341_open_q1,coordinate_geometry_2341.png,"[""target=A; target_coordinates=[2, -3]; nearest_labels=['B']; nearest_distance=7.62; farthest_labels=['B']; farthest_distance=7.62""]","[""A""]",A,"[2,-3]","[""B""]",7.62,"[""B""]",7.62
coordinate_geometry_2342_open_q1,coordinate_geometry_2342.png,"[""target=C; target_coordinates=[4, 4]; nearest_labels=['B']; nearest_distance=2.24; farthest_labels=['A']; farthest_distance=6.71""]","[""C""]",C,"[4,4]","[""B""]",2.24,"[""A""]",6.71
coordinate_geometry_2343_open_q1,coordinate_geometry_2343.png,"[""target=B; target_coordinates=[0, 1]; nearest_labels=['C']; nearest_distance=4.24; farthest_labels=['D']; farthest_distance=6.4""]","[""B""]",B,"[0,1]","[""C""]",4.24,"[""D""]",6.4
coordinate_geometry_2344_open_q1,coordinate_geometry_2344.png,"[""target=B; target_coordinates=[2, 3]; nearest_labels=['A']; nearest_distance=7.07; farthest_labels=['A']; farthest_distance=7.07""]","[""B""]",B,"[2,3]","[""A""]",7.07,"[""A""]",7.07
coordinate_geometry_2345_open_q1,coordinate_geometry_2345.png,"[""target=B; target_coordinates=[-1, 0]; nearest_labels=['A']; nearest_distance=6.71; farthest_labels=['C']; farthest_distance=8.94""]","[""B""]",B,"[-1,0]","[""A""]",6.71,"[""C""]",8.94
coordinate_geometry_2346_open_q1,coordinate_geometry_2346.png,"[""target=B; target_coordinates=[2, -3]; nearest_labels=['C']; nearest_distance=2.83; farthest_labels=['D']; farthest_distance=6.71""]","[""B""]",B,"[2,-3]","[""C""]",2.83,"[""D""]",6.71
coordinate_geometry_2347_open_q1,coordinate_geometry_2347.png,"[""target=B; target_coordinates=[-1, 2]; nearest_labels=['A']; nearest_distance=9.22; farthest_labels=['A']; farthest_distance=9.22""]","[""B""]",B,"[-1,2]","[""A""]",9.22,"[""A""]",9.22
coordinate_geometry_2348_open_q1,coordinate_geometry_2348.png,"[""target=B; target_coordinates=[-1, -3]; nearest_labels=['A']; nearest_distance=2.24; farthest_labels=['C']; farthest_distance=11.18""]","[""B""]",B,"[-1,-3]","[""A""]",2.24,"[""C""]",11.18
coordinate_geometry_2349_open_q1,coordinate_geometry_2349.png,"[""target=C; target_coordinates=[6, 6]; nearest_labels=['B']; nearest_distance=2.24; farthest_labels=['D']; farthest_distance=13.15""]","[""C""]",C,"[6,6]","[""B""]",2.24,"[""D""]",13.15
coordinate_geometry_2350_open_q1,coordinate_geometry_2350.png,"[""target=A; target_coordinates=[-1, 5]; nearest_labels=['B']; nearest_distance=4.24; farthest_labels=['B']; farthest_distance=4.24""]","[""A""]",A,"[-1,5]","[""B""]",4.24,"[""B""]",4.24
coordinate_geometry_2351_open_q1,coordinate_geometry_2351.png,"[""target=B; target_coordinates=[1, 3]; nearest_labels=['C']; nearest_distance=2.24; farthest_labels=['A']; farthest_distance=6.71""]","[""B""]",B,"[1,3]","[""C""]",2.24,"[""A""]",6.71
coordinate_geometry_2352_open_q1,coordinate_geometry_2352.png,"[""target=C; target_coordinates=[0, 0]; nearest_labels=['B']; nearest_distance=2.24; farthest_labels=['A']; farthest_distance=8.94""]","[""C""]",C,"[0,0]","[""B""]",2.24,"[""A""]",8.94
coordinate_geometry_2353_open_q1,coordinate_geometry_2353.png,"[""target=B; target_coordinates=[0, 5]; nearest_labels=['A']; nearest_distance=7.81; farthest_labels=['A']; farthest_distance=7.81""]","[""B""]",B,"[0,5]","[""A""]",7.81,"[""A""]",7.81
coordinate_geometry_2354_open_q1,coordinate_geometry_2354.png,"[""target=C; target_coordinates=[2, 1]; nearest_labels=['B']; nearest_distance=2.24; farthest_labels=['A']; farthest_distance=6.71""]","[""C""]",C,"[2,1]","[""B""]",2.24,"[""A""]",6.71
coordinate_geometry_2355_open_q1,coordinate_geometry_2355.png,"[""target=A; target_coordinates=[-5, 4]; nearest_labels=['B']; nearest_distance=4.24; farthest_labels=['D']; farthest_distance=12.21""]","[""A""]",A,"[-5,4]","[""B""]",4.24,"[""D""]",12.21
coordinate_geometry_2356_open_q1,coordinate_geometry_2356.png,"[""target=B; target_coordinates=[1, -1]; nearest_labels=['A']; nearest_distance=4.12; farthest_labels=['A']; farthest_distance=4.12""]","[""B""]",B,"[1,-1]","[""A""]",4.12,"[""A""]",4.12
coordinate_geometry_2357_open_q1,coordinate_geometry_2357.png,"[""target=B; target_coordinates=[-4, -5]; nearest_labels=['A']; nearest_distance=2.24; farthest_labels=['C']; farthest_distance=8.94""]","[""B""]",B,"[-4,-5]","[""A""]",2.24,"[""C""]",8.94
coordinate_geometry_2358_open_q1,coordinate_geometry_2358.png,"[""target=D; target_coordinates=[5, 8]; nearest_labels=['A']; nearest_distance=7.81; farthest_labels=['C']; farthest_distance=11.4""]","[""D""]",D,"[5,8]","[""A""]",7.81,"[""C""]",11.4
coordinate_geometry_2359_open_q1,coordinate_geometry_2359.png,"[""target=B; target_coordinates=[8, 0]; nearest_labels=['A']; nearest_distance=15.03; farthest_labels=['A']; farthest_distance=15.03""]","[""B""]",B,"[8,0]","[""A""]",15.03,"[""A""]",15.03
coordinate_geometry_2360_open_q1,coordinate_geometry_2360.png,"[""target=B; target_coordinates=[-5, 5]; nearest_labels=['A']; nearest_distance=2.24; farthest_labels=['C']; farthest_distance=6.71""]","[""B""]",B,"[-5,5]","[""A""]",2.24,"[""C""]",6.71
coordinate_geometry_2361_open_q1,coordinate_geometry_2361.png,"[""target=D; target_coordinates=[-2, -3]; nearest_labels=['A']; nearest_distance=3.16; farthest_labels=['C']; farthest_distance=9.85""]","[""D""]",D,"[-2,-3]","[""A""]",3.16,"[""C""]",9.85
coordinate_geometry_2362_open_q1,coordinate_geometry_2362.png,"[""target=A; target_coordinates=[4, -7]; nearest_labels=['B']; nearest_distance=5.1; farthest_labels=['B']; farthest_distance=5.1""]","[""A""]",A,"[4,-7]","[""B""]",5.1,"[""B""]",5.1
coordinate_geometry_2363_open_q1,coordinate_geometry_2363.png,"[""target=C; target_coordinates=[1, 5]; nearest_labels=['B']; nearest_distance=4.47; farthest_labels=['A']; farthest_distance=6.71""]","[""C""]",C,"[1,5]","[""B""]",4.47,"[""A""]",6.71
coordinate_geometry_2364_open_q1,coordinate_geometry_2364.png,"[""target=C; target_coordinates=[7, 2]; nearest_labels=['B']; nearest_distance=4.47; farthest_labels=['D']; farthest_distance=14""]","[""C""]",C,"[7,2]","[""B""]",4.47,"[""D""]",14
coordinate_geometry_2365_open_q1,coordinate_geometry_2365.png,"[""target=B; target_coordinates=[5, 2]; nearest_labels=['A']; nearest_distance=14.21; farthest_labels=['A']; farthest_distance=14.21""]","[""B""]",B,"[5,2]","[""A""]",14.21,"[""A""]",14.21
coordinate_geometry_2366_open_q1,coordinate_geometry_2366.png,"[""target=A; target_coordinates=[-5, 0]; nearest_labels=['B']; nearest_distance=3; farthest_labels=['C']; farthest_distance=7""]","[""A""]",A,"[-5,0]","[""B""]",3,"[""C""]",7
coordinate_geometry_2367_open_q1,coordinate_geometry_2367.png,"[""target=A; target_coordinates=[0, 3]; nearest_labels=['B']; nearest_distance=5.66; farthest_labels=['C']; farthest_distance=8.49""]","[""A""]",A,"[0,3]","[""B""]",5.66,"[""C""]",8.49
coordinate_geometry_2368_open_q1,coordinate_geometry_2368.png,"[""target=B; target_coordinates=[3, -8]; nearest_labels=['A']; nearest_distance=8.25; farthest_labels=['A']; farthest_distance=8.25""]","[""B""]",B,"[3,-8]","[""A""]",8.25,"[""A""]",8.25
coordinate_geometry_2369_open_q1,coordinate_geometry_2369.png,"[""target=A; target_coordinates=[-2, -8]; nearest_labels=['B']; nearest_distance=6; farthest_labels=['C']; farthest_distance=12.08""]","[""A""]",A,"[-2,-8]","[""B""]",6,"[""C""]",12.08
coordinate_geometry_2370_open_q1,coordinate_geometry_2370.png,"[""target=D; target_coordinates=[-1, 3]; nearest_labels=['A']; nearest_distance=6.32; farthest_labels=['C']; farthest_distance=7.28""]","[""D""]",D,"[-1,3]","[""A""]",6.32,"[""C""]",7.28
coordinate_geometry_2371_open_q1,coordinate_geometry_2371.png,"[""target=A; target_coordinates=[-8, -3]; nearest_labels=['B']; nearest_distance=14.32; farthest_labels=['B']; farthest_distance=14.32""]","[""A""]",A,"[-8,-3]","[""B""]",14.32,"[""B""]",14.32
coordinate_geometry_2372_open_q1,coordinate_geometry_2372.png,"[""target=C; target_coordinates=[6, 4]; nearest_labels=['A']; nearest_distance=3.61; farthest_labels=['B']; farthest_distance=16.28""]","[""C""]",C,"[6,4]","[""A""]",3.61,"[""B""]",16.28
coordinate_geometry_2373_open_q1,coordinate_geometry_2373.png,"[""target=A; target_coordinates=[5, 0]; nearest_labels=['C']; nearest_distance=7.21; farthest_labels=['D']; farthest_distance=13.04""]","[""A""]",A,"[5,0]","[""C""]",7.21,"[""D""]",13.04
coordinate_geometry_2374_open_q1,coordinate_geometry_2374.png,"[""target=A; target_coordinates=[-2, 6]; nearest_labels=['B']; nearest_distance=3.61; farthest_labels=['B']; farthest_distance=3.61""]","[""A""]",A,"[-2,6]","[""B""]",3.61,"[""B""]",3.61
coordinate_geometry_2375_open_q1,coordinate_geometry_2375.png,"[""target=A; target_coordinates=[-4, 5]; nearest_labels=['C']; nearest_distance=7.28; farthest_labels=['B']; farthest_distance=8.54""]","[""A""]",A,"[-4,5]","[""C""]",7.28,"[""B""]",8.54
coordinate_geometry_2376_open_q1,coordinate_geometry_2376.png,"[""target=B; target_coordinates=[1, 6]; nearest_labels=['C']; nearest_distance=7.07; farthest_labels=['D']; farthest_distance=11.4""]","[""B""]",B,"[1,6]","[""C""]",7.07,"[""D""]",11.4
coordinate_geometry_2377_open_q1,coordinate_geometry_2377.png,"[""target=A; target_coordinates=[2, -6]; nearest_labels=['B']; nearest_distance=15.23; farthest_labels=['B']; farthest_distance=15.23""]","[""A""]",A,"[2,-6]","[""B""]",15.23,"[""B""]",15.23
coordinate_geometry_2378_open_q1,coordinate_geometry_2378.png,"[""target=B; target_coordinates=[7, 7]; nearest_labels=['C']; nearest_distance=10.05; farthest_labels=['A']; farthest_distance=12.37""]","[""B""]",B,"[7,7]","[""C""]",10.05,"[""A""]",12.37
coordinate_geometry_2379_open_q1,coordinate_geometry_2379.png,"[""target=D; target_coordinates=[-4, 6]; nearest_labels=['C']; nearest_distance=2.24; farthest_labels=['A']; farthest_distance=17.69""]","[""D""]",D,"[-4,6]","[""C""]",2.24,"[""A""]",17.69
coordinate_geometry_2380_open_q1,coordinate_geometry_2380.png,"[""target=A; target_coordinates=[-2, -1]; nearest_labels=['B']; nearest_distance=6.4; farthest_labels=['B']; farthest_distance=6.4""]","[""A""]",A,"[-2,-1]","[""B""]",6.4,"[""B""]",6.4
coordinate_geometry_2381_open_q1,coordinate_geometry_2381.png,"[""target=A; target_coordinates=[3, 6]; nearest_labels=['C']; nearest_distance=9.85; farthest_labels=['B']; farthest_distance=11.18""]","[""A""]",A,"[3,6]","[""C""]",9.85,"[""B""]",11.18
coordinate_geometry_2382_open_q1,coordinate_geometry_2382.png,"[""target=C; target_coordinates=[3, 0]; nearest_labels=['A']; nearest_distance=5; farthest_labels=['B']; farthest_distance=9.43""]","[""C""]",C,"[3,0]","[""A""]",5,"[""B""]",9.43
coordinate_geometry_2383_open_q1,coordinate_geometry_2383.png,"[""target=A; target_coordinates=[-8, 6]; nearest_labels=['B']; nearest_distance=3.61; farthest_labels=['B']; farthest_distance=3.61""]","[""A""]",A,"[-8,6]","[""B""]",3.61,"[""B""]",3.61
coordinate_geometry_2384_open_q1,coordinate_geometry_2384.png,"[""target=A; target_coordinates=[-4, -5]; nearest_labels=['C']; nearest_distance=4.47; farthest_labels=['B']; farthest_distance=7.21""]","[""A""]",A,"[-4,-5]","[""C""]",4.47,"[""B""]",7.21
coordinate_geometry_2385_open_q1,coordinate_geometry_2385.png,"[""target=C; target_coordinates=[-3, -3]; nearest_labels=['A']; nearest_distance=4; farthest_labels=['D']; farthest_distance=12.81""]","[""C""]",C,"[-3,-3]","[""A""]",4,"[""D""]",12.81
coordinate_geometry_2386_open_q1,coordinate_geometry_2386.png,"[""target=B; target_coordinates=[-7, -2]; nearest_labels=['A']; nearest_distance=9.06; farthest_labels=['A']; farthest_distance=9.06""]","[""B""]",B,"[-7,-2]","[""A""]",9.06,"[""A""]",9.06
coordinate_geometry_2387_open_q1,coordinate_geometry_2387.png,"[""target=B; target_coordinates=[8, 7]; nearest_labels=['C']; nearest_distance=4.12; farthest_labels=['A']; farthest_distance=17.03""]","[""B""]",B,"[8,7]","[""C""]",4.12,"[""A""]",17.03
coordinate_geometry_2388_open_q1,coordinate_geometry_2388.png,"[""target=C; target_coordinates=[-7, 6]; nearest_labels=['D']; nearest_distance=8.54; farthest_labels=['B']; farthest_distance=13.34""]","[""C""]",C,"[-7,6]","[""D""]",8.54,"[""B""]",13.34
coordinate_geometry_2389_open_q1,coordinate_geometry_2389.png,"[""target=B; target_coordinates=[2, -1]; nearest_labels=['A']; nearest_distance=8.06; farthest_labels=['A']; farthest_distance=8.06""]","[""B""]",B,"[2,-1]","[""A""]",8.06,"[""A""]",8.06
coordinate_geometry_2390_open_q1,coordinate_geometry_2390.png,"[""target=A; target_coordinates=[-6, -1]; nearest_labels=['B']; nearest_distance=3; farthest_labels=['C']; farthest_distance=3.16""]","[""A""]",A,"[-6,-1]","[""B""]",3,"[""C""]",3.16
coordinate_geometry_2391_open_q1,coordinate_geometry_2391.png,"[""target=B; target_coordinates=[2, -2]; nearest_labels=['A']; nearest_distance=5; farthest_labels=['C']; farthest_distance=9""]","[""B""]",B,"[2,-2]","[""A""]",5,"[""C""]",9
coordinate_geometry_2392_open_q1,coordinate_geometry_2392.png,"[""target=A; target_coordinates=[6, 6]; nearest_labels=['B']; nearest_distance=6.08; farthest_labels=['B']; farthest_distance=6.08""]","[""A""]",A,"[6,6]","[""B""]",6.08,"[""B""]",6.08
coordinate_geometry_2393_open_q1,coordinate_geometry_2393.png,"[""target=B; target_coordinates=[4, -8]; nearest_labels=['A']; nearest_distance=8.25; farthest_labels=['C']; farthest_distance=9.43""]","[""B""]",B,"[4,-8]","[""A""]",8.25,"[""C""]",9.43
coordinate_geometry_2394_open_q1,coordinate_geometry_2394.png,"[""target=D; target_coordinates=[2, -4]; nearest_labels=['A']; nearest_distance=6.08; farthest_labels=['B']; farthest_distance=10.3""]","[""D""]",D,"[2,-4]","[""A""]",6.08,"[""B""]",10.3
coordinate_geometry_2395_open_q1,coordinate_geometry_2395.png,"[""target=A; target_coordinates=[0, 2]; nearest_labels=['B']; nearest_distance=8.25; farthest_labels=['B']; farthest_distance=8.25""]","[""A""]",A,"[0,2]","[""B""]",8.25,"[""B""]",8.25
coordinate_geometry_2396_open_q1,coordinate_geometry_2396.png,"[""target=A; target_coordinates=[-2, 7]; nearest_labels=['B']; nearest_distance=9.22; farthest_labels=['C']; farthest_distance=11.18""]","[""A""]",A,"[-2,7]","[""B""]",9.22,"[""C""]",11.18
coordinate_geometry_2397_open_q1,coordinate_geometry_2397.png,"[""target=C; target_coordinates=[3, 8]; nearest_labels=['B']; nearest_distance=8.54; farthest_labels=['D']; farthest_distance=13.93""]","[""C""]",C,"[3,8]","[""B""]",8.54,"[""D""]",13.93
coordinate_geometry_2398_open_q1,coordinate_geometry_2398.png,"[""target=B; target_coordinates=[7, 5]; nearest_labels=['A']; nearest_distance=12.04; farthest_labels=['A']; farthest_distance=12.04""]","[""B""]",B,"[7,5]","[""A""]",12.04,"[""A""]",12.04
coordinate_geometry_2399_open_q1,coordinate_geometry_2399.png,"[""target=B; target_coordinates=[7, 6]; nearest_labels=['C']; nearest_distance=3.61; farthest_labels=['A']; farthest_distance=8.6""]","[""B""]",B,"[7,6]","[""C""]",3.61,"[""A""]",8.6
coordinate_geometry_2400_open_q1,coordinate_geometry_2400.png,"[""target=D; target_coordinates=[6, 7]; nearest_labels=['B']; nearest_distance=14.76; farthest_labels=['C']; farthest_distance=15.62""]","[""D""]",D,"[6,7]","[""B""]",14.76,"[""C""]",15.62
coordinate_geometry_2401_open_q1,coordinate_geometry_2401.png,"[""target=A; target_coordinates=[-2, -2]; nearest_labels=['B']; nearest_distance=9.9; farthest_labels=['B']; farthest_distance=9.9""]","[""A""]",A,"[-2,-2]","[""B""]",9.9,"[""B""]",9.9
coordinate_geometry_2402_open_q1,coordinate_geometry_2402.png,"[""target=C; target_coordinates=[7, 5]; nearest_labels=['B']; nearest_distance=4.47; farthest_labels=['A']; farthest_distance=11.18""]","[""C""]",C,"[7,5]","[""B""]",4.47,"[""A""]",11.18
coordinate_geometry_2403_open_q1,coordinate_geometry_2403.png,"[""target=C; target_coordinates=[6, -7]; nearest_labels=['B']; nearest_distance=4.47; farthest_labels=['D']; farthest_distance=13.15""]","[""C""]",C,"[6,-7]","[""B""]",4.47,"[""D""]",13.15
coordinate_geometry_2404_open_q1,coordinate_geometry_2404.png,"[""target=B; target_coordinates=[-8, -7]; nearest_labels=['A']; nearest_distance=2.24; farthest_labels=['A']; farthest_distance=2.24""]","[""B""]",B,"[-8,-7]","[""A""]",2.24,"[""A""]",2.24
coordinate_geometry_2405_open_q1,coordinate_geometry_2405.png,"[""target=C; target_coordinates=[5, -7]; nearest_labels=['B']; nearest_distance=6.71; farthest_labels=['A']; farthest_distance=8.94""]","[""C""]",C,"[5,-7]","[""B""]",6.71,"[""A""]",8.94
coordinate_geometry_2406_open_q1,coordinate_geometry_2406.png,"[""target=D; target_coordinates=[7, -2]; nearest_labels=['B']; nearest_distance=6.71; farthest_labels=['A']; farthest_distance=11.18""]","[""D""]",D,"[7,-2]","[""B""]",6.71,"[""A""]",11.18
coordinate_geometry_2407_open_q1,coordinate_geometry_2407.png,"[""target=B; target_coordinates=[3, -4]; nearest_labels=['A']; nearest_distance=5.83; farthest_labels=['A']; farthest_distance=5.83""]","[""B""]",B,"[3,-4]","[""A""]",5.83,"[""A""]",5.83
coordinate_geometry_2408_open_q1,coordinate_geometry_2408.png,"[""target=B; target_coordinates=[5, 4]; nearest_labels=['C']; nearest_distance=2.24; farthest_labels=['A']; farthest_distance=13.42""]","[""B""]",B,"[5,4]","[""C""]",2.24,"[""A""]",13.42
coordinate_geometry_2409_open_q1,coordinate_geometry_2409.png,"[""target=B; target_coordinates=[-1, -1]; nearest_labels=['C']; nearest_distance=2.24; farthest_labels=['D']; farthest_distance=10""]","[""B""]",B,"[-1,-1]","[""C""]",2.24,"[""D""]",10
coordinate_geometry_2410_open_q1,coordinate_geometry_2410.png,"[""target=A; target_coordinates=[-4, 0]; nearest_labels=['B']; nearest_distance=6.71; farthest_labels=['B']; farthest_distance=6.71""]","[""A""]",A,"[-4,0]","[""B""]",6.71,"[""B""]",6.71
coordinate_geometry_2411_open_q1,coordinate_geometry_2411.png,"[""target=B; target_coordinates=[1, 0]; nearest_labels=['C']; nearest_distance=2.83; farthest_labels=['A']; farthest_distance=8.49""]","[""B""]",B,"[1,0]","[""C""]",2.83,"[""A""]",8.49
coordinate_geometry_2412_open_q1,coordinate_geometry_2412.png,"[""target=D; target_coordinates=[-8, -5]; nearest_labels=['A']; nearest_distance=5.39; farthest_labels=['C']; farthest_distance=16.97""]","[""D""]",D,"[-8,-5]","[""A""]",5.39,"[""C""]",16.97
coordinate_geometry_2413_open_q1,coordinate_geometry_2413.png,"[""target=B; target_coordinates=[-8, -2]; nearest_labels=['A']; nearest_distance=10.3; farthest_labels=['A']; farthest_distance=10.3""]","[""B""]",B,"[-8,-2]","[""A""]",10.3,"[""A""]",10.3
coordinate_geometry_2414_open_q1,coordinate_geometry_2414.png,"[""target=B; target_coordinates=[0, 1]; nearest_labels=['C']; nearest_distance=3; farthest_labels=['A']; farthest_distance=4""]","[""B""]",B,"[0,1]","[""C""]",3,"[""A""]",4
coordinate_geometry_2415_open_q1,coordinate_geometry_2415.png,"[""target=B; target_coordinates=[3, 1]; nearest_labels=['C']; nearest_distance=2.83; farthest_labels=['D']; farthest_distance=10.3""]","[""B""]",B,"[3,1]","[""C""]",2.83,"[""D""]",10.3
coordinate_geometry_2416_open_q1,coordinate_geometry_2416.png,"[""target=B; target_coordinates=[1, -2]; nearest_labels=['A']; nearest_distance=5; farthest_labels=['A']; farthest_distance=5""]","[""B""]",B,"[1,-2]","[""A""]",5,"[""A""]",5
coordinate_geometry_2417_open_q1,coordinate_geometry_2417.png,"[""target=C; target_coordinates=[5, -5]; nearest_labels=['B']; nearest_distance=2.24; farthest_labels=['A']; farthest_distance=6.71""]","[""C""]",C,"[5,-5]","[""B""]",2.24,"[""A""]",6.71
coordinate_geometry_2418_open_q1,coordinate_geometry_2418.png,"[""target=B; target_coordinates=[2, -3]; nearest_labels=['C']; nearest_distance=2.24; farthest_labels=['D']; farthest_distance=11""]","[""B""]",B,"[2,-3]","[""C""]",2.24,"[""D""]",11
coordinate_geometry_2419_open_q1,coordinate_geometry_2419.png,"[""target=B; target_coordinates=[2, 0]; nearest_labels=['A']; nearest_distance=10.2; farthest_labels=['A']; farthest_distance=10.2""]","[""B""]",B,"[2,0]","[""A""]",10.2,"[""A""]",10.2
coordinate_geometry_2420_open_q1,coordinate_geometry_2420.png,"[""target=A; target_coordinates=[-5, 2]; nearest_labels=['B']; nearest_distance=7.07; farthest_labels=['C']; farthest_distance=9.9""]","[""A""]",A,"[-5,2]","[""B""]",7.07,"[""C""]",9.9
coordinate_geometry_2421_open_q1,coordinate_geometry_2421.png,"[""target=A; target_coordinates=[-4, -1]; nearest_labels=['B']; nearest_distance=4.24; farthest_labels=['C']; farthest_distance=9.9""]","[""A""]",A,"[-4,-1]","[""B""]",4.24,"[""C""]",9.9
coordinate_geometry_2422_open_q1,coordinate_geometry_2422.png,"[""target=A; target_coordinates=[-8, 1]; nearest_labels=['B']; nearest_distance=12.17; farthest_labels=['B']; farthest_distance=12.17""]","[""A""]",A,"[-8,1]","[""B""]",12.17,"[""B""]",12.17
coordinate_geometry_2423_open_q1,coordinate_geometry_2423.png,"[""target=A; target_coordinates=[-6, -8]; nearest_labels=['B']; nearest_distance=8.94; farthest_labels=['C']; farthest_distance=13.42""]","[""A""]",A,"[-6,-8]","[""B""]",8.94,"[""C""]",13.42
coordinate_geometry_2424_open_q1,coordinate_geometry_2424.png,"[""target=D; target_coordinates=[7, -7]; nearest_labels=['B']; nearest_distance=9.43; farthest_labels=['C']; farthest_distance=11.05""]","[""D""]",D,"[7,-7]","[""B""]",9.43,"[""C""]",11.05
coordinate_geometry_2425_open_q1,coordinate_geometry_2425.png,"[""target=A; target_coordinates=[1, -8]; nearest_labels=['B']; nearest_distance=10.77; farthest_labels=['B']; farthest_distance=10.77""]","[""A""]",A,"[1,-8]","[""B""]",10.77,"[""B""]",10.77
coordinate_geometry_2426_open_q1,coordinate_geometry_2426.png,"[""target=B; target_coordinates=[0, 0]; nearest_labels=['C']; nearest_distance=4.47; farthest_labels=['A']; farthest_distance=6.71""]","[""B""]",B,"[0,0]","[""C""]",4.47,"[""A""]",6.71
coordinate_geometry_2427_open_q1,coordinate_geometry_2427.png,"[""target=A; target_coordinates=[-7, 4]; nearest_labels=['B']; nearest_distance=4.47; farthest_labels=['C']; farthest_distance=15.65""]","[""A""]",A,"[-7,4]","[""B""]",4.47,"[""C""]",15.65
coordinate_geometry_2428_open_q1,coordinate_geometry_2428.png,"[""target=A; target_coordinates=[-5, -3]; nearest_labels=['B']; nearest_distance=4.47; farthest_labels=['B']; farthest_distance=4.47""]","[""A""]",A,"[-5,-3]","[""B""]",4.47,"[""B""]",4.47
coordinate_geometry_2429_open_q1,coordinate_geometry_2429.png,"[""target=B; target_coordinates=[4, -7]; nearest_labels=['C']; nearest_distance=5.1; farthest_labels=['A']; farthest_distance=15.62""]","[""B""]",B,"[4,-7]","[""C""]",5.1,"[""A""]",15.62
coordinate_geometry_2430_open_q1,coordinate_geometry_2430.png,"[""target=A; target_coordinates=[-4, -1]; nearest_labels=['B']; nearest_distance=4.12; farthest_labels=['D']; farthest_distance=7.28""]","[""A""]",A,"[-4,-1]","[""B""]",4.12,"[""D""]",7.28
coordinate_geometry_2431_open_q1,coordinate_geometry_2431.png,"[""target=A; target_coordinates=[-6, -3]; nearest_labels=['B']; nearest_distance=5.66; farthest_labels=['B']; farthest_distance=5.66""]","[""A""]",A,"[-6,-3]","[""B""]",5.66,"[""B""]",5.66
coordinate_geometry_2432_open_q1,coordinate_geometry_2432.png,"[""target=A; target_coordinates=[7, -7]; nearest_labels=['B']; nearest_distance=4.47; farthest_labels=['C']; farthest_distance=10.77""]","[""A""]",A,"[7,-7]","[""B""]",4.47,"[""C""]",10.77
coordinate_geometry_2433_open_q1,coordinate_geometry_2433.png,"[""target=A; target_coordinates=[4, 1]; nearest_labels=['B']; nearest_distance=7.21; farthest_labels=['D']; farthest_distance=7.62""]","[""A""]",A,"[4,1]","[""B""]",7.21,"[""D""]",7.62
coordinate_geometry_2434_open_q1,coordinate_geometry_2434.png,"[""target=B; target_coordinates=[1, -8]; nearest_labels=['A']; nearest_distance=7.21; farthest_labels=['A']; farthest_distance=7.21""]","[""B""]",B,"[1,-8]","[""A""]",7.21,"[""A""]",7.21
coordinate_geometry_2435_open_q1,coordinate_geometry_2435.png,"[""target=C; target_coordinates=[-3, -6]; nearest_labels=['A']; nearest_distance=10; farthest_labels=['B']; farthest_distance=12.65""]","[""C""]",C,"[-3,-6]","[""A""]",10,"[""B""]",12.65
coordinate_geometry_2436_open_q1,coordinate_geometry_2436.png,"[""target=A; target_coordinates=[5, 4]; nearest_labels=['B']; nearest_distance=5; farthest_labels=['D']; farthest_distance=15.56""]","[""A""]",A,"[5,4]","[""B""]",5,"[""D""]",15.56
coordinate_geometry_2437_open_q1,coordinate_geometry_2437.png,"[""target=B; target_coordinates=[3, 1]; nearest_labels=['A']; nearest_distance=6.08; farthest_labels=['A']; farthest_distance=6.08""]","[""B""]",B,"[3,1]","[""A""]",6.08,"[""A""]",6.08
coordinate_geometry_2438_open_q1,coordinate_geometry_2438.png,"[""target=A; target_coordinates=[3, 3]; nearest_labels=['C']; nearest_distance=4.12; farthest_labels=['B']; farthest_distance=10.44""]","[""A""]",A,"[3,3]","[""C""]",4.12,"[""B""]",10.44
coordinate_geometry_2439_open_q1,coordinate_geometry_2439.png,"[""target=B; target_coordinates=[3, 3]; nearest_labels=['D']; nearest_distance=5.39; farthest_labels=['A']; farthest_distance=10.77""]","[""B""]",B,"[3,3]","[""D""]",5.39,"[""A""]",10.77
coordinate_geometry_2440_open_q1,coordinate_geometry_2440.png,"[""target=A; target_coordinates=[6, -4]; nearest_labels=['B']; nearest_distance=6.08; farthest_labels=['B']; farthest_distance=6.08""]","[""A""]",A,"[6,-4]","[""B""]",6.08,"[""B""]",6.08
coordinate_geometry_2441_open_q1,coordinate_geometry_2441.png,"[""target=A; target_coordinates=[3, 5]; nearest_labels=['B']; nearest_distance=3.61; farthest_labels=['C']; farthest_distance=9.49""]","[""A""]",A,"[3,5]","[""B""]",3.61,"[""C""]",9.49
coordinate_geometry_2442_open_q1,coordinate_geometry_2442.png,"[""target=A; target_coordinates=[7, -2]; nearest_labels=['B']; nearest_distance=10.05; farthest_labels=['D']; farthest_distance=15.26""]","[""A""]",A,"[7,-2]","[""B""]",10.05,"[""D""]",15.26
coordinate_geometry_2443_open_q1,coordinate_geometry_2443.png,"[""target=B; target_coordinates=[3, 8]; nearest_labels=['A']; nearest_distance=13.93; farthest_labels=['A']; farthest_distance=13.93""]","[""B""]",B,"[3,8]","[""A""]",13.93,"[""A""]",13.93
coordinate_geometry_2444_open_q1,coordinate_geometry_2444.png,"[""target=A; target_coordinates=[1, 5]; nearest_labels=['C']; nearest_distance=6.4; farthest_labels=['B']; farthest_distance=11.4""]","[""A""]",A,"[1,5]","[""C""]",6.4,"[""B""]",11.4
coordinate_geometry_2445_open_q1,coordinate_geometry_2445.png,"[""target=D; target_coordinates=[2, -7]; nearest_labels=['B']; nearest_distance=3; farthest_labels=['C']; farthest_distance=13.89""]","[""D""]",D,"[2,-7]","[""B""]",3,"[""C""]",13.89
coordinate_geometry_2446_open_q1,coordinate_geometry_2446.png,"[""target=B; target_coordinates=[-6, 4]; nearest_labels=['A']; nearest_distance=12.53; farthest_labels=['A']; farthest_distance=12.53""]","[""B""]",B,"[-6,4]","[""A""]",12.53,"[""A""]",12.53
coordinate_geometry_2447_open_q1,coordinate_geometry_2447.png,"[""target=A; target_coordinates=[5, 3]; nearest_labels=['C']; nearest_distance=7.07; farthest_labels=['B']; farthest_distance=11.18""]","[""A""]",A,"[5,3]","[""C""]",7.07,"[""B""]",11.18
coordinate_geometry_2448_open_q1,coordinate_geometry_2448.png,"[""target=C; target_coordinates=[6, 7]; nearest_labels=['B']; nearest_distance=12.65; farthest_labels=['A']; farthest_distance=17.03""]","[""C""]",C,"[6,7]","[""B""]",12.65,"[""A""]",17.03
coordinate_geometry_2449_open_q1,coordinate_geometry_2449.png,"[""target=A; target_coordinates=[8, -2]; nearest_labels=['B']; nearest_distance=3.61; farthest_labels=['B']; farthest_distance=3.61""]","[""A""]",A,"[8,-2]","[""B""]",3.61,"[""B""]",3.61
coordinate_geometry_2450_open_q1,coordinate_geometry_2450.png,"[""target=A; target_coordinates=[-7, -1]; nearest_labels=['B']; nearest_distance=9.22; farthest_labels=['C']; farthest_distance=14.14""]","[""A""]",A,"[-7,-1]","[""B""]",9.22,"[""C""]",14.14
coordinate_geometry_2451_open_q1,coordinate_geometry_2451.png,"[""target=A; target_coordinates=[7, 5]; nearest_labels=['C']; nearest_distance=8.94; farthest_labels=['D']; farthest_distance=17.8""]","[""A""]",A,"[7,5]","[""C""]",8.94,"[""D""]",17.8
coordinate_geometry_2452_open_q1,coordinate_geometry_2452.png,"[""target=A; target_coordinates=[3, -7]; nearest_labels=['B']; nearest_distance=10.77; farthest_labels=['B']; farthest_distance=10.77""]","[""A""]",A,"[3,-7]","[""B""]",10.77,"[""B""]",10.77
coordinate_geometry_2453_open_q1,coordinate_geometry_2453.png,"[""target=C; target_coordinates=[6, 5]; nearest_labels=['A']; nearest_distance=9; farthest_labels=['B']; farthest_distance=18.38""]","[""C""]",C,"[6,5]","[""A""]",9,"[""B""]",18.38
coordinate_geometry_2454_open_q1,coordinate_geometry_2454.png,"[""target=C; target_coordinates=[5, 3]; nearest_labels=['D']; nearest_distance=7.28; farthest_labels=['B']; farthest_distance=11.31""]","[""C""]",C,"[5,3]","[""D""]",7.28,"[""B""]",11.31
coordinate_geometry_2455_open_q1,coordinate_geometry_2455.png,"[""target=B; target_coordinates=[-8, -6]; nearest_labels=['A']; nearest_distance=7.07; farthest_labels=['A']; farthest_distance=7.07""]","[""B""]",B,"[-8,-6]","[""A""]",7.07,"[""A""]",7.07
coordinate_geometry_2456_open_q1,coordinate_geometry_2456.png,"[""target=C; target_coordinates=[3, 5]; nearest_labels=['A']; nearest_distance=5.1; farthest_labels=['B']; farthest_distance=12.21""]","[""C""]",C,"[3,5]","[""A""]",5.1,"[""B""]",12.21
coordinate_geometry_2457_open_q1,coordinate_geometry_2457.png,"[""target=A; target_coordinates=[0, 2]; nearest_labels=['D']; nearest_distance=2.24; farthest_labels=['B']; farthest_distance=9.43""]","[""A""]",A,"[0,2]","[""D""]",2.24,"[""B""]",9.43
coordinate_geometry_2458_open_q1,coordinate_geometry_2458.png,"[""target=A; target_coordinates=[-6, 5]; nearest_labels=['B']; nearest_distance=2.83; farthest_labels=['B']; farthest_distance=2.83""]","[""A""]",A,"[-6,5]","[""B""]",2.83,"[""B""]",2.83
coordinate_geometry_2459_open_q1,coordinate_geometry_2459.png,"[""target=B; target_coordinates=[-1, -5]; nearest_labels=['A']; nearest_distance=8.54; farthest_labels=['C']; farthest_distance=13.34""]","[""B""]",B,"[-1,-5]","[""A""]",8.54,"[""C""]",13.34
coordinate_geometry_2460_open_q1,coordinate_geometry_2460.png,"[""target=D; target_coordinates=[0, 7]; nearest_labels=['C']; nearest_distance=9.85; farthest_labels=['A']; farthest_distance=15.3""]","[""D""]",D,"[0,7]","[""C""]",9.85,"[""A""]",15.3
coordinate_geometry_2461_open_q1,coordinate_geometry_2461.png,"[""target=B; target_coordinates=[-1, 1]; nearest_labels=['A']; nearest_distance=4.47; farthest_labels=['A']; farthest_distance=4.47""]","[""B""]",B,"[-1,1]","[""A""]",4.47,"[""A""]",4.47
coordinate_geometry_2462_open_q1,coordinate_geometry_2462.png,"[""target=A; target_coordinates=[2, 2]; nearest_labels=['B']; nearest_distance=4.47; farthest_labels=['C']; farthest_distance=6.71""]","[""A""]",A,"[2,2]","[""B""]",4.47,"[""C""]",6.71
coordinate_geometry_2463_open_q1,coordinate_geometry_2463.png,"[""target=A; target_coordinates=[-2, 2]; nearest_labels=['B']; nearest_distance=7.07; farthest_labels=['C']; farthest_distance=9.9""]","[""A""]",A,"[-2,2]","[""B""]",7.07,"[""C""]",9.9
coordinate_geometry_2464_open_q1,coordinate_geometry_2464.png,"[""target=A; target_coordinates=[4, -8]; nearest_labels=['B']; nearest_distance=7.21; farthest_labels=['B']; farthest_distance=7.21""]","[""A""]",A,"[4,-8]","[""B""]",7.21,"[""B""]",7.21
coordinate_geometry_2465_open_q1,coordinate_geometry_2465.png,"[""target=A; target_coordinates=[-6, -4]; nearest_labels=['B']; nearest_distance=2.24; farthest_labels=['C']; farthest_distance=13.42""]","[""A""]",A,"[-6,-4]","[""B""]",2.24,"[""C""]",13.42
coordinate_geometry_2466_open_q1,coordinate_geometry_2466.png,"[""target=A; target_coordinates=[-7, -3]; nearest_labels=['B']; nearest_distance=8.94; farthest_labels=['D']; farthest_distance=15.81""]","[""A""]",A,"[-7,-3]","[""B""]",8.94,"[""D""]",15.81
coordinate_geometry_2467_open_q1,coordinate_geometry_2467.png,"[""target=B; target_coordinates=[8, 4]; nearest_labels=['A']; nearest_distance=16; farthest_labels=['A']; farthest_distance=16""]","[""B""]",B,"[8,4]","[""A""]",16,"[""A""]",16
coordinate_geometry_2468_open_q1,coordinate_geometry_2468.png,"[""target=B; target_coordinates=[-3, 5]; nearest_labels=['A']; nearest_distance=2.24; farthest_labels=['C']; farthest_distance=4.47""]","[""B""]",B,"[-3,5]","[""A""]",2.24,"[""C""]",4.47
coordinate_geometry_2469_open_q1,coordinate_geometry_2469.png,"[""target=A; target_coordinates=[-7, 6]; nearest_labels=['D']; nearest_distance=4.12; farthest_labels=['C']; farthest_distance=13.42""]","[""A""]",A,"[-7,6]","[""D""]",4.12,"[""C""]",13.42
coordinate_geometry_2470_open_q1,coordinate_geometry_2470.png,"[""target=A; target_coordinates=[-4, 5]; nearest_labels=['B']; nearest_distance=14.32; farthest_labels=['B']; farthest_distance=14.32""]","[""A""]",A,"[-4,5]","[""B""]",14.32,"[""B""]",14.32
coordinate_geometry_2471_open_q1,coordinate_geometry_2471.png,"[""target=C; target_coordinates=[2, 3]; nearest_labels=['B']; nearest_distance=4.24; farthest_labels=['A']; farthest_distance=7.07""]","[""C""]",C,"[2,3]","[""B""]",4.24,"[""A""]",7.07
coordinate_geometry_2472_open_q1,coordinate_geometry_2472.png,"[""target=D; target_coordinates=[-1, 6]; nearest_labels=['A']; nearest_distance=8; farthest_labels=['C']; farthest_distance=12.53""]","[""D""]",D,"[-1,6]","[""A""]",8,"[""C""]",12.53
coordinate_geometry_2473_open_q1,coordinate_geometry_2473.png,"[""target=A; target_coordinates=[1, -6]; nearest_labels=['B']; nearest_distance=15.23; farthest_labels=['B']; farthest_distance=15.23""]","[""A""]",A,"[1,-6]","[""B""]",15.23,"[""B""]",15.23
coordinate_geometry_2474_open_q1,coordinate_geometry_2474.png,"[""target=B; target_coordinates=[0, 2]; nearest_labels=['A']; nearest_distance=2.24; farthest_labels=['C']; farthest_distance=4.47""]","[""B""]",B,"[0,2]","[""A""]",2.24,"[""C""]",4.47
coordinate_geometry_2475_open_q1,coordinate_geometry_2475.png,"[""target=A; target_coordinates=[-4, -7]; nearest_labels=['B']; nearest_distance=6.71; farthest_labels=['D']; farthest_distance=13.6""]","[""A""]",A,"[-4,-7]","[""B""]",6.71,"[""D""]",13.6
coordinate_geometry_2476_open_q1,coordinate_geometry_2476.png,"[""target=B; target_coordinates=[4, 1]; nearest_labels=['A']; nearest_distance=5.39; farthest_labels=['A']; farthest_distance=5.39""]","[""B""]",B,"[4,1]","[""A""]",5.39,"[""A""]",5.39
coordinate_geometry_2477_open_q1,coordinate_geometry_2477.png,"[""target=C; target_coordinates=[2, 0]; nearest_labels=['B']; nearest_distance=6.71; farthest_labels=['A']; farthest_distance=11.18""]","[""C""]",C,"[2,0]","[""B""]",6.71,"[""A""]",11.18
coordinate_geometry_2478_open_q1,coordinate_geometry_2478.png,"[""target=B; target_coordinates=[0, -4]; nearest_labels=['A']; nearest_distance=2.24; farthest_labels=['D']; farthest_distance=8.54""]","[""B""]",B,"[0,-4]","[""A""]",2.24,"[""D""]",8.54
coordinate_geometry_2479_open_q1,coordinate_geometry_2479.png,"[""target=B; target_coordinates=[-5, 5]; nearest_labels=['A']; nearest_distance=13.04; farthest_labels=['A']; farthest_distance=13.04""]","[""B""]",B,"[-5,5]","[""A""]",13.04,"[""A""]",13.04
coordinate_geometry_2480_open_q1,coordinate_geometry_2480.png,"[""target=A; target_coordinates=[-8, 3]; nearest_labels=['B']; nearest_distance=6.71; farthest_labels=['C']; farthest_distance=15.65""]","[""A""]",A,"[-8,3]","[""B""]",6.71,"[""C""]",15.65
coordinate_geometry_2481_open_q1,coordinate_geometry_2481.png,"[""target=A; target_coordinates=[-3, 2]; nearest_labels=['D']; nearest_distance=5; farthest_labels=['C']; farthest_distance=9.9""]","[""A""]",A,"[-3,2]","[""D""]",5,"[""C""]",9.9
coordinate_geometry_2482_open_q1,coordinate_geometry_2482.png,"[""target=B; target_coordinates=[3, -6]; nearest_labels=['A']; nearest_distance=14.21; farthest_labels=['A']; farthest_distance=14.21""]","[""B""]",B,"[3,-6]","[""A""]",14.21,"[""A""]",14.21
coordinate_geometry_2483_open_q1,coordinate_geometry_2483.png,"[""target=C; target_coordinates=[6, -6]; nearest_labels=['B']; nearest_distance=11.18; farthest_labels=['A']; farthest_distance=15.65""]","[""C""]",C,"[6,-6]","[""B""]",11.18,"[""A""]",15.65
coordinate_geometry_2484_open_q1,coordinate_geometry_2484.png,"[""target=B; target_coordinates=[4, -1]; nearest_labels=['C']; nearest_distance=2.83; farthest_labels=['D']; farthest_distance=12.04""]","[""B""]",B,"[4,-1]","[""C""]",2.83,"[""D""]",12.04
coordinate_geometry_2485_open_q1,coordinate_geometry_2485.png,"[""target=A; target_coordinates=[-4, 4]; nearest_labels=['B']; nearest_distance=8.06; farthest_labels=['B']; farthest_distance=8.06""]","[""A""]",A,"[-4,4]","[""B""]",8.06,"[""B""]",8.06
coordinate_geometry_2486_open_q1,coordinate_geometry_2486.png,"[""target=B; target_coordinates=[-1, -2]; nearest_labels=['C']; nearest_distance=2.24; farthest_labels=['A']; farthest_distance=4.47""]","[""B""]",B,"[-1,-2]","[""C""]",2.24,"[""A""]",4.47
coordinate_geometry_2487_open_q1,coordinate_geometry_2487.png,"[""target=A; target_coordinates=[-7, -3]; nearest_labels=['B']; nearest_distance=4.47; farthest_labels=['C']; farthest_distance=15.65""]","[""A""]",A,"[-7,-3]","[""B""]",4.47,"[""C""]",15.65
coordinate_geometry_2488_open_q1,coordinate_geometry_2488.png,"[""target=A; target_coordinates=[3, -4]; nearest_labels=['B']; nearest_distance=3.61; farthest_labels=['B']; farthest_distance=3.61""]","[""A""]",A,"[3,-4]","[""B""]",3.61,"[""B""]",3.61
coordinate_geometry_2489_open_q1,coordinate_geometry_2489.png,"[""target=B; target_coordinates=[1, 3]; nearest_labels=['C']; nearest_distance=5.1; farthest_labels=['A']; farthest_distance=8.6""]","[""B""]",B,"[1,3]","[""C""]",5.1,"[""A""]",8.6
coordinate_geometry_2490_open_q1,coordinate_geometry_2490.png,"[""target=C; target_coordinates=[3, -7]; nearest_labels=['B']; nearest_distance=7.28; farthest_labels=['D']; farthest_distance=14.14""]","[""C""]",C,"[3,-7]","[""B""]",7.28,"[""D""]",14.14
coordinate_geometry_2491_open_q1,coordinate_geometry_2491.png,"[""target=A; target_coordinates=[-4, 5]; nearest_labels=['B']; nearest_distance=16.28; farthest_labels=['B']; farthest_distance=16.28""]","[""A""]",A,"[-4,5]","[""B""]",16.28,"[""B""]",16.28
coordinate_geometry_2492_open_q1,coordinate_geometry_2492.png,"[""target=B; target_coordinates=[-1, 3]; nearest_labels=['A']; nearest_distance=10.82; farthest_labels=['C']; farthest_distance=11.18""]","[""B""]",B,"[-1,3]","[""A""]",10.82,"[""C""]",11.18
coordinate_geometry_2493_open_q1,coordinate_geometry_2493.png,"[""target=A; target_coordinates=[-6, 2]; nearest_labels=['B']; nearest_distance=6.71; farthest_labels=['C']; farthest_distance=14.87""]","[""A""]",A,"[-6,2]","[""B""]",6.71,"[""C""]",14.87
coordinate_geometry_2494_open_q1,coordinate_geometry_2494.png,"[""target=B; target_coordinates=[-2, 3]; nearest_labels=['A']; nearest_distance=9; farthest_labels=['A']; farthest_distance=9""]","[""B""]",B,"[-2,3]","[""A""]",9,"[""A""]",9
coordinate_geometry_2495_open_q1,coordinate_geometry_2495.png,"[""target=A; target_coordinates=[-5, 5]; nearest_labels=['C']; nearest_distance=8.06; farthest_labels=['B']; farthest_distance=12.04""]","[""A""]",A,"[-5,5]","[""C""]",8.06,"[""B""]",12.04
coordinate_geometry_2496_open_q1,coordinate_geometry_2496.png,"[""target=B; target_coordinates=[-7, 6]; nearest_labels=['A']; nearest_distance=8.6; farthest_labels=['D']; farthest_distance=20.52""]","[""B""]",B,"[-7,6]","[""A""]",8.6,"[""D""]",20.52
coordinate_geometry_2497_open_q1,coordinate_geometry_2497.png,"[""target=A; target_coordinates=[3, 7]; nearest_labels=['B']; nearest_distance=12.81; farthest_labels=['B']; farthest_distance=12.81""]","[""A""]",A,"[3,7]","[""B""]",12.81,"[""B""]",12.81
coordinate_geometry_2498_open_q1,coordinate_geometry_2498.png,"[""target=A; target_coordinates=[-5, 3]; nearest_labels=['C']; nearest_distance=7.07; farthest_labels=['B']; farthest_distance=9""]","[""A""]",A,"[-5,3]","[""C""]",7.07,"[""B""]",9
coordinate_geometry_2499_open_q1,coordinate_geometry_2499.png,"[""target=D; target_coordinates=[-5, 3]; nearest_labels=['B']; nearest_distance=4.12; farthest_labels=['C']; farthest_distance=16.28""]","[""D""]",D,"[-5,3]","[""B""]",4.12,"[""C""]",16.28
coordinate_geometry_2500_open_q1,coordinate_geometry_2500.png,"[""target=A; target_coordinates=[8, 7]; nearest_labels=['B']; nearest_distance=10.82; farthest_labels=['B']; farthest_distance=10.82""]","[""A""]",A,"[8,7]","[""B""]",10.82,"[""B""]",10.82
coordinate_geometry_2501_open_q1,coordinate_geometry_2501.png,"[""target=B; target_coordinates=[-7, -5]; nearest_labels=['A']; nearest_distance=3.61; farthest_labels=['C']; farthest_distance=6.71""]","[""B""]",B,"[-7,-5]","[""A""]",3.61,"[""C""]",6.71
coordinate_geometry_2502_open_q1,coordinate_geometry_2502.png,"[""target=C; target_coordinates=[6, -1]; nearest_labels=['B']; nearest_distance=5.83; farthest_labels=['A']; farthest_distance=12.04""]","[""C""]",C,"[6,-1]","[""B""]",5.83,"[""A""]",12.04
coordinate_geometry_2503_open_q1,coordinate_geometry_2503.png,"[""target=A; target_coordinates=[4, -3]; nearest_labels=['B']; nearest_distance=6.08; farthest_labels=['B']; farthest_distance=6.08""]","[""A""]",A,"[4,-3]","[""B""]",6.08,"[""B""]",6.08
coordinate_geometry_2504_open_q1,coordinate_geometry_2504.png,"[""target=B; target_coordinates=[-6, -5]; nearest_labels=['A']; nearest_distance=3.61; farthest_labels=['C']; farthest_distance=14""]","[""B""]",B,"[-6,-5]","[""A""]",3.61,"[""C""]",14
coordinate_geometry_2505_open_q1,coordinate_geometry_2505.png,"[""target=A; target_coordinates=[8, 7]; nearest_labels=['D']; nearest_distance=8.25; farthest_labels=['B']; farthest_distance=19.8""]","[""A""]",A,"[8,7]","[""D""]",8.25,"[""B""]",19.8
coordinate_geometry_2506_open_q1,coordinate_geometry_2506.png,"[""target=A; target_coordinates=[3, -4]; nearest_labels=['B']; nearest_distance=4.47; farthest_labels=['B']; farthest_distance=4.47""]","[""A""]",A,"[3,-4]","[""B""]",4.47,"[""B""]",4.47
coordinate_geometry_2507_open_q1,coordinate_geometry_2507.png,"[""target=B; target_coordinates=[7, 4]; nearest_labels=['A']; nearest_distance=3.61; farthest_labels=['C']; farthest_distance=5.66""]","[""B""]",B,"[7,4]","[""A""]",3.61,"[""C""]",5.66
coordinate_geometry_2508_open_q1,coordinate_geometry_2508.png,"[""target=D; target_coordinates=[8, -5]; nearest_labels=['B']; nearest_distance=10.2; farthest_labels=['C']; farthest_distance=16.03""]","[""D""]",D,"[8,-5]","[""B""]",10.2,"[""C""]",16.03
coordinate_geometry_2509_open_q1,coordinate_geometry_2509.png,"[""target=A; target_coordinates=[-6, 8]; nearest_labels=['B']; nearest_distance=16.03; farthest_labels=['B']; farthest_distance=16.03""]","[""A""]",A,"[-6,8]","[""B""]",16.03,"[""B""]",16.03
coordinate_geometry_2510_open_q1,coordinate_geometry_2510.png,"[""target=C; target_coordinates=[-3, 4]; nearest_labels=['B']; nearest_distance=10.05; farthest_labels=['A']; farthest_distance=11""]","[""C""]",C,"[-3,4]","[""B""]",10.05,"[""A""]",11
coordinate_geometry_2511_open_q1,coordinate_geometry_2511.png,"[""target=C; target_coordinates=[-7, 8]; nearest_labels=['D']; nearest_distance=2.83; farthest_labels=['A']; farthest_distance=16.03""]","[""C""]",C,"[-7,8]","[""D""]",2.83,"[""A""]",16.03
coordinate_geometry_2512_open_q1,coordinate_geometry_2512.png,"[""target=A; target_coordinates=[-5, 3]; nearest_labels=['B']; nearest_distance=12.37; farthest_labels=['B']; farthest_distance=12.37""]","[""A""]",A,"[-5,3]","[""B""]",12.37,"[""B""]",12.37
coordinate_geometry_2513_open_q1,coordinate_geometry_2513.png,"[""target=B; target_coordinates=[6, 6]; nearest_labels=['A']; nearest_distance=6.32; farthest_labels=['C']; farthest_distance=16.28""]","[""B""]",B,"[6,6]","[""A""]",6.32,"[""C""]",16.28
coordinate_geometry_2514_open_q1,coordinate_geometry_2514.png,"[""target=B; target_coordinates=[0, 4]; nearest_labels=['D']; nearest_distance=3; farthest_labels=['A']; farthest_distance=5.66""]","[""B""]",B,"[0,4]","[""D""]",3,"[""A""]",5.66
coordinate_geometry_2515_open_q1,coordinate_geometry_2515.png,"[""target=A; target_coordinates=[-2, -8]; nearest_labels=['B']; nearest_distance=15.81; farthest_labels=['B']; farthest_distance=15.81""]","[""A""]",A,"[-2,-8]","[""B""]",15.81,"[""B""]",15.81
coordinate_geometry_2516_open_q1,coordinate_geometry_2516.png,"[""target=C; target_coordinates=[-7, 4]; nearest_labels=['B']; nearest_distance=4.47; farthest_labels=['A']; farthest_distance=11.66""]","[""C""]",C,"[-7,4]","[""B""]",4.47,"[""A""]",11.66
coordinate_geometry_2517_open_q1,coordinate_geometry_2517.png,"[""target=C; target_coordinates=[-2, -1]; nearest_labels=['B']; nearest_distance=5; farthest_labels=['D']; farthest_distance=11.31""]","[""C""]",C,"[-2,-1]","[""B""]",5,"[""D""]",11.31
coordinate_geometry_2518_open_q1,coordinate_geometry_2518.png,"[""target=A; target_coordinates=[5, 5]; nearest_labels=['B']; nearest_distance=4.47; farthest_labels=['B']; farthest_distance=4.47""]","[""A""]",A,"[5,5]","[""B""]",4.47,"[""B""]",4.47
coordinate_geometry_2519_open_q1,coordinate_geometry_2519.png,"[""target=B; target_coordinates=[3, 4]; nearest_labels=['A']; nearest_distance=2.24; farthest_labels=['C']; farthest_distance=4.12""]","[""B""]",B,"[3,4]","[""A""]",2.24,"[""C""]",4.12
coordinate_geometry_2520_open_q1,coordinate_geometry_2520.png,"[""target=D; target_coordinates=[-7, -7]; nearest_labels=['B']; nearest_distance=4.12; farthest_labels=['C']; farthest_distance=13.15""]","[""D""]",D,"[-7,-7]","[""B""]",4.12,"[""C""]",13.15
coordinate_geometry_2521_open_q1,coordinate_geometry_2521.png,"[""target=A; target_coordinates=[-8, 6]; nearest_labels=['B']; nearest_distance=11.18; farthest_labels=['B']; farthest_distance=11.18""]","[""A""]",A,"[-8,6]","[""B""]",11.18,"[""B""]",11.18
coordinate_geometry_2522_open_q1,coordinate_geometry_2522.png,"[""target=B; target_coordinates=[-5, 3]; nearest_labels=['A']; nearest_distance=2.24; farthest_labels=['C']; farthest_distance=4.47""]","[""B""]",B,"[-5,3]","[""A""]",2.24,"[""C""]",4.47
coordinate_geometry_2523_open_q1,coordinate_geometry_2523.png,"[""target=A; target_coordinates=[-5, -4]; nearest_labels=['D']; nearest_distance=7.62; farthest_labels=['C']; farthest_distance=13.42""]","[""A""]",A,"[-5,-4]","[""D""]",7.62,"[""C""]",13.42
coordinate_geometry_2524_open_q1,coordinate_geometry_2524.png,"[""target=B; target_coordinates=[-4, -3]; nearest_labels=['A']; nearest_distance=3.61; farthest_labels=['A']; farthest_distance=3.61""]","[""B""]",B,"[-4,-3]","[""A""]",3.61,"[""A""]",3.61
coordinate_geometry_2525_open_q1,coordinate_geometry_2525.png,"[""target=B; target_coordinates=[-3, 5]; nearest_labels=['A']; nearest_distance=2.24; farthest_labels=['C']; farthest_distance=8.94""]","[""B""]",B,"[-3,5]","[""A""]",2.24,"[""C""]",8.94
coordinate_geometry_2526_open_q1,coordinate_geometry_2526.png,"[""target=B; target_coordinates=[-2, 4]; nearest_labels=['A']; nearest_distance=2.24; farthest_labels=['D']; farthest_distance=6.08""]","[""B""]",B,"[-2,4]","[""A""]",2.24,"[""D""]",6.08
coordinate_geometry_2527_open_q1,coordinate_geometry_2527.png,"[""target=A; target_coordinates=[-4, 3]; nearest_labels=['B']; nearest_distance=7.81; farthest_labels=['B']; farthest_distance=7.81""]","[""A""]",A,"[-4,3]","[""B""]",7.81,"[""B""]",7.81
coordinate_geometry_2528_open_q1,coordinate_geometry_2528.png,"[""target=C; target_coordinates=[1, 5]; nearest_labels=['B']; nearest_distance=5.66; farthest_labels=['A']; farthest_distance=9.9""]","[""C""]",C,"[1,5]","[""B""]",5.66,"[""A""]",9.9
coordinate_geometry_2529_open_q1,coordinate_geometry_2529.png,"[""target=A; target_coordinates=[-2, -3]; nearest_labels=['B']; nearest_distance=4; farthest_labels=['C']; farthest_distance=7""]","[""A""]",A,"[-2,-3]","[""B""]",4,"[""C""]",7
coordinate_geometry_2530_open_q1,coordinate_geometry_2530.png,"[""target=A; target_coordinates=[1, 0]; nearest_labels=['B']; nearest_distance=3.16; farthest_labels=['B']; farthest_distance=3.16""]","[""A""]",A,"[1,0]","[""B""]",3.16,"[""B""]",3.16
coordinate_geometry_2531_open_q1,coordinate_geometry_2531.png,"[""target=C; target_coordinates=[-1, -1]; nearest_labels=['B']; nearest_distance=4.24; farthest_labels=['A']; farthest_distance=7.07""]","[""C""]",C,"[-1,-1]","[""B""]",4.24,"[""A""]",7.07
coordinate_geometry_2532_open_q1,coordinate_geometry_2532.png,"[""target=D; target_coordinates=[-3, 7]; nearest_labels=['B']; nearest_distance=5.83; farthest_labels=['A']; farthest_distance=9.43""]","[""D""]",D,"[-3,7]","[""B""]",5.83,"[""A""]",9.43
coordinate_geometry_2533_open_q1,coordinate_geometry_2533.png,"[""target=A; target_coordinates=[6, -6]; nearest_labels=['B']; nearest_distance=7.07; farthest_labels=['B']; farthest_distance=7.07""]","[""A""]",A,"[6,-6]","[""B""]",7.07,"[""B""]",7.07
coordinate_geometry_2534_open_q1,coordinate_geometry_2534.png,"[""target=B; target_coordinates=[5, -1]; nearest_labels=['C']; nearest_distance=2.24; farthest_labels=['A']; farthest_distance=8.94""]","[""B""]",B,"[5,-1]","[""C""]",2.24,"[""A""]",8.94
coordinate_geometry_2535_open_q1,coordinate_geometry_2535.png,"[""target=D; target_coordinates=[-5, 1]; nearest_labels=['B']; nearest_distance=3.61; farthest_labels=['A']; farthest_distance=8""]","[""D""]",D,"[-5,1]","[""B""]",3.61,"[""A""]",8
coordinate_geometry_2536_open_q1,coordinate_geometry_2536.png,"[""target=A; target_coordinates=[4, -6]; nearest_labels=['B']; nearest_distance=9.22; farthest_labels=['B']; farthest_distance=9.22""]","[""A""]",A,"[4,-6]","[""B""]",9.22,"[""B""]",9.22
coordinate_geometry_2537_open_q1,coordinate_geometry_2537.png,"[""target=A; target_coordinates=[-5, 1]; nearest_labels=['B']; nearest_distance=2.24; farthest_labels=['C']; farthest_distance=6.71""]","[""A""]",A,"[-5,1]","[""B""]",2.24,"[""C""]",6.71
coordinate_geometry_2538_open_q1,coordinate_geometry_2538.png,"[""target=C; target_coordinates=[5, -6]; nearest_labels=['B']; nearest_distance=8.94; farthest_labels=['A']; farthest_distance=15.65""]","[""C""]",C,"[5,-6]","[""B""]",8.94,"[""A""]",15.65
coordinate_geometry_2539_open_q1,coordinate_geometry_2539.png,"[""target=B; target_coordinates=[2, -6]; nearest_labels=['A']; nearest_distance=11.18; farthest_labels=['A']; farthest_distance=11.18""]","[""B""]",B,"[2,-6]","[""A""]",11.18,"[""A""]",11.18
coordinate_geometry_2540_open_q1,coordinate_geometry_2540.png,"[""target=A; target_coordinates=[-3, 2]; nearest_labels=['B']; nearest_distance=2.24; farthest_labels=['C']; farthest_distance=11.18""]","[""A""]",A,"[-3,2]","[""B""]",2.24,"[""C""]",11.18
coordinate_geometry_2541_open_q1,coordinate_geometry_2541.png,"[""target=B; target_coordinates=[-1, 1]; nearest_labels=['C']; nearest_distance=2.83; farthest_labels=['D']; farthest_distance=10.3""]","[""B""]",B,"[-1,1]","[""C""]",2.83,"[""D""]",10.3
coordinate_geometry_2542_open_q1,coordinate_geometry_2542.png,"[""target=A; target_coordinates=[-4, 8]; nearest_labels=['B']; nearest_distance=5; farthest_labels=['B']; farthest_distance=5""]","[""A""]",A,"[-4,8]","[""B""]",5,"[""B""]",5
coordinate_geometry_2543_open_q1,coordinate_geometry_2543.png,"[""target=C; target_coordinates=[1, -5]; nearest_labels=['B']; nearest_distance=11.18; farthest_labels=['A']; farthest_distance=13.42""]","[""C""]",C,"[1,-5]","[""B""]",11.18,"[""A""]",13.42
coordinate_geometry_2544_open_q1,coordinate_geometry_2544.png,"[""target=B; target_coordinates=[-2, -1]; nearest_labels=['C']; nearest_distance=2.24; farthest_labels=['A']; farthest_distance=6.71""]","[""B""]",B,"[-2,-1]","[""C""]",2.24,"[""A""]",6.71
coordinate_geometry_2545_open_q1,coordinate_geometry_2545.png,"[""target=B; target_coordinates=[4, 3]; nearest_labels=['A']; nearest_distance=4.47; farthest_labels=['A']; farthest_distance=4.47""]","[""B""]",B,"[4,3]","[""A""]",4.47,"[""A""]",4.47
coordinate_geometry_2546_open_q1,coordinate_geometry_2546.png,"[""target=B; target_coordinates=[-1, 1]; nearest_labels=['C']; nearest_distance=2.24; farthest_labels=['A']; farthest_distance=4.47""]","[""B""]",B,"[-1,1]","[""C""]",2.24,"[""A""]",4.47
coordinate_geometry_2547_open_q1,coordinate_geometry_2547.png,"[""target=A; target_coordinates=[-4, 1]; nearest_labels=['B']; nearest_distance=2.24; farthest_labels=['C']; farthest_distance=11.18""]","[""A""]",A,"[-4,1]","[""B""]",2.24,"[""C""]",11.18
coordinate_geometry_2548_open_q1,coordinate_geometry_2548.png,"[""target=B; target_coordinates=[1, -7]; nearest_labels=['A']; nearest_distance=14.32; farthest_labels=['A']; farthest_distance=14.32""]","[""B""]",B,"[1,-7]","[""A""]",14.32,"[""A""]",14.32
coordinate_geometry_2549_open_q1,coordinate_geometry_2549.png,"[""target=B; target_coordinates=[-6, -6]; nearest_labels=['A']; nearest_distance=3.16; farthest_labels=['C']; farthest_distance=12.81""]","[""B""]",B,"[-6,-6]","[""A""]",3.16,"[""C""]",12.81
coordinate_geometry_2550_open_q1,coordinate_geometry_2550.png,"[""target=A; target_coordinates=[-5, -7]; nearest_labels=['C']; nearest_distance=3.16; farthest_labels=['D']; farthest_distance=13.15""]","[""A""]",A,"[-5,-7]","[""C""]",3.16,"[""D""]",13.15
coordinate_geometry_2551_open_q1,coordinate_geometry_2551.png,"[""target=A; target_coordinates=[-3, -7]; nearest_labels=['B']; nearest_distance=6.71; farthest_labels=['B']; farthest_distance=6.71""]","[""A""]",A,"[-3,-7]","[""B""]",6.71,"[""B""]",6.71
coordinate_geometry_2552_open_q1,coordinate_geometry_2552.png,"[""target=C; target_coordinates=[-3, 0]; nearest_labels=['A']; nearest_distance=5.39; farthest_labels=['B']; farthest_distance=6.4""]","[""C""]",C,"[-3,0]","[""A""]",5.39,"[""B""]",6.4
coordinate_geometry_2553_open_q1,coordinate_geometry_2553.png,"[""target=A; target_coordinates=[6, 8]; nearest_labels=['C']; nearest_distance=14.42; farthest_labels=['D']; farthest_distance=17.2""]","[""A""]",A,"[6,8]","[""C""]",14.42,"[""D""]",17.2
coordinate_geometry_2554_open_q1,coordinate_geometry_2554.png,"[""target=B; target_coordinates=[8, -7]; nearest_labels=['A']; nearest_distance=8.06; farthest_labels=['A']; farthest_distance=8.06""]","[""B""]",B,"[8,-7]","[""A""]",8.06,"[""A""]",8.06
coordinate_geometry_2555_open_q1,coordinate_geometry_2555.png,"[""target=A; target_coordinates=[6, -5]; nearest_labels=['B']; nearest_distance=7.81; farthest_labels=['C']; farthest_distance=14.32""]","[""A""]",A,"[6,-5]","[""B""]",7.81,"[""C""]",14.32
coordinate_geometry_2556_open_q1,coordinate_geometry_2556.png,"[""target=D; target_coordinates=[-8, -1]; nearest_labels=['A']; nearest_distance=10.77; farthest_labels=['B']; farthest_distance=14.14""]","[""D""]",D,"[-8,-1]","[""A""]",10.77,"[""B""]",14.14
coordinate_geometry_2557_open_q1,coordinate_geometry_2557.png,"[""target=B; target_coordinates=[-3, -3]; nearest_labels=['A']; nearest_distance=5; farthest_labels=['A']; farthest_distance=5""]","[""B""]",B,"[-3,-3]","[""A""]",5,"[""A""]",5
coordinate_geometry_2558_open_q1,coordinate_geometry_2558.png,"[""target=A; target_coordinates=[-8, 2]; nearest_labels=['B']; nearest_distance=11.7; farthest_labels=['C']; farthest_distance=16.4""]","[""A""]",A,"[-8,2]","[""B""]",11.7,"[""C""]",16.4
coordinate_geometry_2559_open_q1,coordinate_geometry_2559.png,"[""target=D; target_coordinates=[-4, 0]; nearest_labels=['C']; nearest_distance=2.83; farthest_labels=['A']; farthest_distance=9.43""]","[""D""]",D,"[-4,0]","[""C""]",2.83,"[""A""]",9.43
coordinate_geometry_2560_open_q1,coordinate_geometry_2560.png,"[""target=B; target_coordinates=[2, -1]; nearest_labels=['A']; nearest_distance=8.49; farthest_labels=['A']; farthest_distance=8.49""]","[""B""]",B,"[2,-1]","[""A""]",8.49,"[""A""]",8.49
coordinate_geometry_2561_open_q1,coordinate_geometry_2561.png,"[""target=C; target_coordinates=[2, -6]; nearest_labels=['A']; nearest_distance=12.08; farthest_labels=['B']; farthest_distance=13.6""]","[""C""]",C,"[2,-6]","[""A""]",12.08,"[""B""]",13.6
coordinate_geometry_2562_open_q1,coordinate_geometry_2562.png,"[""target=A; target_coordinates=[6, 8]; nearest_labels=['C']; nearest_distance=10; farthest_labels=['B']; farthest_distance=14.56""]","[""A""]",A,"[6,8]","[""C""]",10,"[""B""]",14.56
coordinate_geometry_2563_open_q1,coordinate_geometry_2563.png,"[""target=A; target_coordinates=[-5, 5]; nearest_labels=['B']; nearest_distance=9.06; farthest_labels=['B']; farthest_distance=9.06""]","[""A""]",A,"[-5,5]","[""B""]",9.06,"[""B""]",9.06
coordinate_geometry_2564_open_q1,coordinate_geometry_2564.png,"[""target=A; target_coordinates=[8, -4]; nearest_labels=['C']; nearest_distance=5.1; farthest_labels=['B']; farthest_distance=7""]","[""A""]",A,"[8,-4]","[""C""]",5.1,"[""B""]",7
coordinate_geometry_2565_open_q1,coordinate_geometry_2565.png,"[""target=B; target_coordinates=[2, 6]; nearest_labels=['D']; nearest_distance=3.16; farthest_labels=['C']; farthest_distance=14.14""]","[""B""]",B,"[2,6]","[""D""]",3.16,"[""C""]",14.14
coordinate_geometry_2566_open_q1,coordinate_geometry_2566.png,"[""target=A; target_coordinates=[-2, 2]; nearest_labels=['B']; nearest_distance=9.22; farthest_labels=['B']; farthest_distance=9.22""]","[""A""]",A,"[-2,2]","[""B""]",9.22,"[""B""]",9.22
coordinate_geometry_2567_open_q1,coordinate_geometry_2567.png,"[""target=C; target_coordinates=[-4, 6]; nearest_labels=['B']; nearest_distance=4; farthest_labels=['A']; farthest_distance=6.71""]","[""C""]",C,"[-4,6]","[""B""]",4,"[""A""]",6.71
coordinate_geometry_2568_open_q1,coordinate_geometry_2568.png,"[""target=C; target_coordinates=[-4, -2]; nearest_labels=['B']; nearest_distance=5.1; farthest_labels=['D']; farthest_distance=11.4""]","[""C""]",C,"[-4,-2]","[""B""]",5.1,"[""D""]",11.4
coordinate_geometry_2569_open_q1,coordinate_geometry_2569.png,"[""target=A; target_coordinates=[-5, 2]; nearest_labels=['B']; nearest_distance=10.05; farthest_labels=['B']; farthest_distance=10.05""]","[""A""]",A,"[-5,2]","[""B""]",10.05,"[""B""]",10.05
coordinate_geometry_2570_open_q1,coordinate_geometry_2570.png,"[""target=B; target_coordinates=[-4, -3]; nearest_labels=['A']; nearest_distance=7.62; farthest_labels=['C']; farthest_distance=12.04""]","[""B""]",B,"[-4,-3]","[""A""]",7.62,"[""C""]",12.04
coordinate_geometry_2571_open_q1,coordinate_geometry_2571.png,"[""target=A; target_coordinates=[-6, -5]; nearest_labels=['C']; nearest_distance=5; farthest_labels=['D']; farthest_distance=15.56""]","[""A""]",A,"[-6,-5]","[""C""]",5,"[""D""]",15.56
coordinate_geometry_2572_open_q1,coordinate_geometry_2572.png,"[""target=A; target_coordinates=[-4, -3]; nearest_labels=['B']; nearest_distance=6.08; farthest_labels=['B']; farthest_distance=6.08""]","[""A""]",A,"[-4,-3]","[""B""]",6.08,"[""B""]",6.08
coordinate_geometry_2573_open_q1,coordinate_geometry_2573.png,"[""target=A; target_coordinates=[7, -3]; nearest_labels=['B']; nearest_distance=8.06; farthest_labels=['C']; farthest_distance=10.44""]","[""A""]",A,"[7,-3]","[""B""]",8.06,"[""C""]",10.44
coordinate_geometry_2574_open_q1,coordinate_geometry_2574.png,"[""target=B; target_coordinates=[6, -6]; nearest_labels=['C']; nearest_distance=13.45; farthest_labels=['D']; farthest_distance=16.4""]","[""B""]",B,"[6,-6]","[""C""]",13.45,"[""D""]",16.4
coordinate_geometry_2575_open_q1,coordinate_geometry_2575.png,"[""target=A; target_coordinates=[-3, -7]; nearest_labels=['B']; nearest_distance=7.28; farthest_labels=['B']; farthest_distance=7.28""]","[""A""]",A,"[-3,-7]","[""B""]",7.28,"[""B""]",7.28
coordinate_geometry_2576_open_q1,coordinate_geometry_2576.png,"[""target=C; target_coordinates=[5, 4]; nearest_labels=['A']; nearest_distance=2.24; farthest_labels=['B']; farthest_distance=14.21""]","[""C""]",C,"[5,4]","[""A""]",2.24,"[""B""]",14.21
coordinate_geometry_2577_open_q1,coordinate_geometry_2577.png,"[""target=D; target_coordinates=[-7, -2]; nearest_labels=['C']; nearest_distance=5.39; farthest_labels=['A']; farthest_distance=14.32""]","[""D""]",D,"[-7,-2]","[""C""]",5.39,"[""A""]",14.32
coordinate_geometry_2578_open_q1,coordinate_geometry_2578.png,"[""target=B; target_coordinates=[-8, 7]; nearest_labels=['A']; nearest_distance=12.65; farthest_labels=['A']; farthest_distance=12.65""]","[""B""]",B,"[-8,7]","[""A""]",12.65,"[""A""]",12.65
coordinate_geometry_2579_open_q1,coordinate_geometry_2579.png,"[""target=A; target_coordinates=[3, 0]; nearest_labels=['C']; nearest_distance=4.12; farthest_labels=['B']; farthest_distance=5""]","[""A""]",A,"[3,0]","[""C""]",4.12,"[""B""]",5
coordinate_geometry_2580_open_q1,coordinate_geometry_2580.png,"[""target=C; target_coordinates=[-3, -8]; nearest_labels=['A']; nearest_distance=12.04; farthest_labels=['D']; farthest_distance=14.87""]","[""C""]",C,"[-3,-8]","[""A""]",12.04,"[""D""]",14.87
coordinate_geometry_2581_open_q1,coordinate_geometry_2581.png,"[""target=B; target_coordinates=[8, 2]; nearest_labels=['A']; nearest_distance=7.21; farthest_labels=['A']; farthest_distance=7.21""]","[""B""]",B,"[8,2]","[""A""]",7.21,"[""A""]",7.21
coordinate_geometry_2582_open_q1,coordinate_geometry_2582.png,"[""target=B; target_coordinates=[2, -3]; nearest_labels=['C']; nearest_distance=6.71; farthest_labels=['A']; farthest_distance=11.18""]","[""B""]",B,"[2,-3]","[""C""]",6.71,"[""A""]",11.18
coordinate_geometry_2583_open_q1,coordinate_geometry_2583.png,"[""target=D; target_coordinates=[-5, -3]; nearest_labels=['A']; nearest_distance=3; farthest_labels=['C']; farthest_distance=10.82""]","[""D""]",D,"[-5,-3]","[""A""]",3,"[""C""]",10.82
coordinate_geometry_2584_open_q1,coordinate_geometry_2584.png,"[""target=A; target_coordinates=[-7, 3]; nearest_labels=['B']; nearest_distance=9.22; farthest_labels=['B']; farthest_distance=9.22""]","[""A""]",A,"[-7,3]","[""B""]",9.22,"[""B""]",9.22
coordinate_geometry_2585_open_q1,coordinate_geometry_2585.png,"[""target=C; target_coordinates=[7, -4]; nearest_labels=['B']; nearest_distance=2.24; farthest_labels=['A']; farthest_distance=13.42""]","[""C""]",C,"[7,-4]","[""B""]",2.24,"[""A""]",13.42
coordinate_geometry_2586_open_q1,coordinate_geometry_2586.png,"[""target=C; target_coordinates=[1, 0]; nearest_labels=['B']; nearest_distance=4.47; farthest_labels=['D']; farthest_distance=8.94""]","[""C""]",C,"[1,0]","[""B""]",4.47,"[""D""]",8.94
coordinate_geometry_2587_open_q1,coordinate_geometry_2587.png,"[""target=A; target_coordinates=[-3, -1]; nearest_labels=['B']; nearest_distance=9.49; farthest_labels=['B']; farthest_distance=9.49""]","[""A""]",A,"[-3,-1]","[""B""]",9.49,"[""B""]",9.49
coordinate_geometry_2588_open_q1,coordinate_geometry_2588.png,"[""target=C; target_coordinates=[3, 2]; nearest_labels=['B']; nearest_distance=5.66; farthest_labels=['A']; farthest_distance=9.9""]","[""C""]",C,"[3,2]","[""B""]",5.66,"[""A""]",9.9
coordinate_geometry_2589_open_q1,coordinate_geometry_2589.png,"[""target=D; target_coordinates=[2, -6]; nearest_labels=['A']; nearest_distance=7.07; farthest_labels=['C']; farthest_distance=12.17""]","[""D""]",D,"[2,-6]","[""A""]",7.07,"[""C""]",12.17
coordinate_geometry_2590_open_q1,coordinate_geometry_2590.png,"[""target=A; target_coordinates=[5, 6]; nearest_labels=['B']; nearest_distance=10; farthest_labels=['B']; farthest_distance=10""]","[""A""]",A,"[5,6]","[""B""]",10,"[""B""]",10
coordinate_geometry_2591_open_q1,coordinate_geometry_2591.png,"[""target=C; target_coordinates=[5, -6]; nearest_labels=['B']; nearest_distance=2.24; farthest_labels=['A']; farthest_distance=13.42""]","[""C""]",C,"[5,-6]","[""B""]",2.24,"[""A""]",13.42
coordinate_geometry_2592_open_q1,coordinate_geometry_2592.png,"[""target=D; target_coordinates=[-2, -8]; nearest_labels=['A']; nearest_distance=9.22; farthest_labels=['C']; farthest_distance=14.32""]","[""D""]",D,"[-2,-8]","[""A""]",9.22,"[""C""]",14.32
coordinate_geometry_2593_open_q1,coordinate_geometry_2593.png,"[""target=B; target_coordinates=[3, 8]; nearest_labels=['A']; nearest_distance=5; farthest_labels=['A']; farthest_distance=5""]","[""B""]",B,"[3,8]","[""A""]",5,"[""A""]",5
coordinate_geometry_2594_open_q1,coordinate_geometry_2594.png,"[""target=B; target_coordinates=[2, -1]; nearest_labels=['A']; nearest_distance=2.24; farthest_labels=['C']; farthest_distance=4.47""]","[""B""]",B,"[2,-1]","[""A""]",2.24,"[""C""]",4.47
coordinate_geometry_2595_open_q1,coordinate_geometry_2595.png,"[""target=B; target_coordinates=[0, 4]; nearest_labels=['C']; nearest_distance=2.24; farthest_labels=['A']; farthest_distance=11.18""]","[""B""]",B,"[0,4]","[""C""]",2.24,"[""A""]",11.18
coordinate_geometry_2596_open_q1,coordinate_geometry_2596.png,"[""target=A; target_coordinates=[-7, 1]; nearest_labels=['B']; nearest_distance=13.93; farthest_labels=['B']; farthest_distance=13.93""]","[""A""]",A,"[-7,1]","[""B""]",13.93,"[""B""]",13.93
coordinate_geometry_2597_open_q1,coordinate_geometry_2597.png,"[""target=C; target_coordinates=[5, -4]; nearest_labels=['B']; nearest_distance=4.47; farthest_labels=['A']; farthest_distance=11.18""]","[""C""]",C,"[5,-4]","[""B""]",4.47,"[""A""]",11.18
coordinate_geometry_2598_open_q1,coordinate_geometry_2598.png,"[""target=D; target_coordinates=[-4, 5]; nearest_labels=['A']; nearest_distance=7.21; farthest_labels=['C']; farthest_distance=13.45""]","[""D""]",D,"[-4,5]","[""A""]",7.21,"[""C""]",13.45
coordinate_geometry_2599_open_q1,coordinate_geometry_2599.png,"[""target=B; target_coordinates=[-2, 4]; nearest_labels=['A']; nearest_distance=6.4; farthest_labels=['A']; farthest_distance=6.4""]","[""B""]",B,"[-2,4]","[""A""]",6.4,"[""A""]",6.4
coordinate_geometry_2600_open_q1,coordinate_geometry_2600.png,"[""target=B; target_coordinates=[1, 2]; nearest_labels=['C']; nearest_distance=4.47; farthest_labels=['A']; farthest_distance=8.94""]","[""B""]",B,"[1,2]","[""C""]",4.47,"[""A""]",8.94
coordinate_geometry_2601_open_q1,coordinate_geometry_2601.png,"[""target=A; target_coordinates=[-2, 5]; nearest_labels=['B']; nearest_distance=8.94; farthest_labels=['D']; farthest_distance=13.45""]","[""A""]",A,"[-2,5]","[""B""]",8.94,"[""D""]",13.45
coordinate_geometry_2602_open_q1,coordinate_geometry_2602.png,"[""target=A; target_coordinates=[1, 5]; nearest_labels=['B']; nearest_distance=12.53; farthest_labels=['B']; farthest_distance=12.53""]","[""A""]",A,"[1,5]","[""B""]",12.53,"[""B""]",12.53
coordinate_geometry_2603_open_q1,coordinate_geometry_2603.png,"[""target=C; target_coordinates=[5, -3]; nearest_labels=['B']; nearest_distance=8.94; farthest_labels=['A']; farthest_distance=11.18""]","[""C""]",C,"[5,-3]","[""B""]",8.94,"[""A""]",11.18
coordinate_geometry_2604_open_q1,coordinate_geometry_2604.png,"[""target=A; target_coordinates=[-6, 7]; nearest_labels=['B']; nearest_distance=4.47; farthest_labels=['C']; farthest_distance=15.65""]","[""A""]",A,"[-6,7]","[""B""]",4.47,"[""C""]",15.65
coordinate_geometry_2605_open_q1,coordinate_geometry_2605.png,"[""target=B; target_coordinates=[-8, -6]; nearest_labels=['A']; nearest_distance=16.28; farthest_labels=['A']; farthest_distance=16.28""]","[""B""]",B,"[-8,-6]","[""A""]",16.28,"[""A""]",16.28
coordinate_geometry_2606_open_q1,coordinate_geometry_2606.png,"[""target=B; target_coordinates=[6, 3]; nearest_labels=['C']; nearest_distance=2.24; farthest_labels=['A']; farthest_distance=8.94""]","[""B""]",B,"[6,3]","[""C""]",2.24,"[""A""]",8.94
coordinate_geometry_2607_open_q1,coordinate_geometry_2607.png,"[""target=C; target_coordinates=[1, -3]; nearest_labels=['B']; nearest_distance=2.83; farthest_labels=['D']; farthest_distance=8.06""]","[""C""]",C,"[1,-3]","[""B""]",2.83,"[""D""]",8.06
coordinate_geometry_2608_open_q1,coordinate_geometry_2608.png,"[""target=B; target_coordinates=[5, -7]; nearest_labels=['A']; nearest_distance=13.89; farthest_labels=['A']; farthest_distance=13.89""]","[""B""]",B,"[5,-7]","[""A""]",13.89,"[""A""]",13.89
coordinate_geometry_2609_open_q1,coordinate_geometry_2609.png,"[""target=C; target_coordinates=[-8, -2]; nearest_labels=['B']; nearest_distance=6.4; farthest_labels=['A']; farthest_distance=16.64""]","[""C""]",C,"[-8,-2]","[""B""]",6.4,"[""A""]",16.64
coordinate_geometry_2610_open_q1,coordinate_geometry_2610.png,"[""target=A; target_coordinates=[-5, 5]; nearest_labels=['B']; nearest_distance=3; farthest_labels=['C']; farthest_distance=14.42""]","[""A""]",A,"[-5,5]","[""B""]",3,"[""C""]",14.42
coordinate_geometry_2611_open_q1,coordinate_geometry_2611.png,"[""target=B; target_coordinates=[-8, 8]; nearest_labels=['A']; nearest_distance=5; farthest_labels=['A']; farthest_distance=5""]","[""B""]",B,"[-8,8]","[""A""]",5,"[""A""]",5
coordinate_geometry_2612_open_q1,coordinate_geometry_2612.png,"[""target=B; target_coordinates=[-1, -4]; nearest_labels=['A']; nearest_distance=7.21; farthest_labels=['C']; farthest_distance=11.7""]","[""B""]",B,"[-1,-4]","[""A""]",7.21,"[""C""]",11.7
coordinate_geometry_2613_open_q1,coordinate_geometry_2613.png,"[""target=B; target_coordinates=[6, 5]; nearest_labels=['A']; nearest_distance=4.47; farthest_labels=['C']; farthest_distance=13""]","[""B""]",B,"[6,5]","[""A""]",4.47,"[""C""]",13
coordinate_geometry_2614_open_q1,coordinate_geometry_2614.png,"[""target=B; target_coordinates=[5, -1]; nearest_labels=['A']; nearest_distance=9.22; farthest_labels=['A']; farthest_distance=9.22""]","[""B""]",B,"[5,-1]","[""A""]",9.22,"[""A""]",9.22
coordinate_geometry_2615_open_q1,coordinate_geometry_2615.png,"[""target=B; target_coordinates=[-4, 2]; nearest_labels=['C']; nearest_distance=3; farthest_labels=['A']; farthest_distance=5""]","[""B""]",B,"[-4,2]","[""C""]",3,"[""A""]",5
coordinate_geometry_2616_open_q1,coordinate_geometry_2616.png,"[""target=B; target_coordinates=[7, 7]; nearest_labels=['D']; nearest_distance=6.71; farthest_labels=['A']; farthest_distance=15.81""]","[""B""]",B,"[7,7]","[""D""]",6.71,"[""A""]",15.81
coordinate_geometry_2617_open_q1,coordinate_geometry_2617.png,"[""target=A; target_coordinates=[-4, 5]; nearest_labels=['B']; nearest_distance=10.77; farthest_labels=['B']; farthest_distance=10.77""]","[""A""]",A,"[-4,5]","[""B""]",10.77,"[""B""]",10.77
coordinate_geometry_2618_open_q1,coordinate_geometry_2618.png,"[""target=C; target_coordinates=[-7, 4]; nearest_labels=['A']; nearest_distance=6.32; farthest_labels=['B']; farthest_distance=13.6""]","[""C""]",C,"[-7,4]","[""A""]",6.32,"[""B""]",13.6
coordinate_geometry_2619_open_q1,coordinate_geometry_2619.png,"[""target=C; target_coordinates=[-4, 6]; nearest_labels=['B']; nearest_distance=3.16; farthest_labels=['A']; farthest_distance=12.81""]","[""C""]",C,"[-4,6]","[""B""]",3.16,"[""A""]",12.81
coordinate_geometry_2620_open_q1,coordinate_geometry_2620.png,"[""target=B; target_coordinates=[2, -6]; nearest_labels=['A']; nearest_distance=5.1; farthest_labels=['A']; farthest_distance=5.1""]","[""B""]",B,"[2,-6]","[""A""]",5.1,"[""A""]",5.1
coordinate_geometry_2621_open_q1,coordinate_geometry_2621.png,"[""target=A; target_coordinates=[-1, -5]; nearest_labels=['B']; nearest_distance=11.18; farthest_labels=['C']; farthest_distance=12.04""]","[""A""]",A,"[-1,-5]","[""B""]",11.18,"[""C""]",12.04
coordinate_geometry_2622_open_q1,coordinate_geometry_2622.png,"[""target=B; target_coordinates=[-5, 2]; nearest_labels=['D']; nearest_distance=5.83; farthest_labels=['C']; farthest_distance=10.77""]","[""B""]",B,"[-5,2]","[""D""]",5.83,"[""C""]",10.77
coordinate_geometry_2623_open_q1,coordinate_geometry_2623.png,"[""target=B; target_coordinates=[1, 0]; nearest_labels=['A']; nearest_distance=9.43; farthest_labels=['A']; farthest_distance=9.43""]","[""B""]",B,"[1,0]","[""A""]",9.43,"[""A""]",9.43
coordinate_geometry_2624_open_q1,coordinate_geometry_2624.png,"[""target=C; target_coordinates=[-7, 6]; nearest_labels=['A']; nearest_distance=2.24; farthest_labels=['B']; farthest_distance=11.18""]","[""C""]",C,"[-7,6]","[""A""]",2.24,"[""B""]",11.18
coordinate_geometry_2625_open_q1,coordinate_geometry_2625.png,"[""target=B; target_coordinates=[-2, -4]; nearest_labels=['C']; nearest_distance=4.12; farthest_labels=['A']; farthest_distance=11.66""]","[""B""]",B,"[-2,-4]","[""C""]",4.12,"[""A""]",11.66
coordinate_geometry_2626_open_q1,coordinate_geometry_2626.png,"[""target=A; target_coordinates=[2, 1]; nearest_labels=['B']; nearest_distance=2.24; farthest_labels=['B']; farthest_distance=2.24""]","[""A""]",A,"[2,1]","[""B""]",2.24,"[""B""]",2.24
coordinate_geometry_2627_open_q1,coordinate_geometry_2627.png,"[""target=A; target_coordinates=[-1, -1]; nearest_labels=['C']; nearest_distance=5.83; farthest_labels=['B']; farthest_distance=9.43""]","[""A""]",A,"[-1,-1]","[""C""]",5.83,"[""B""]",9.43
coordinate_geometry_2628_open_q1,coordinate_geometry_2628.png,"[""target=D; target_coordinates=[-3, -3]; nearest_labels=['B']; nearest_distance=2.83; farthest_labels=['C']; farthest_distance=8.25""]","[""D""]",D,"[-3,-3]","[""B""]",2.83,"[""C""]",8.25
coordinate_geometry_2629_open_q1,coordinate_geometry_2629.png,"[""target=A; target_coordinates=[4, -8]; nearest_labels=['B']; nearest_distance=12.08; farthest_labels=['B']; farthest_distance=12.08""]","[""A""]",A,"[4,-8]","[""B""]",12.08,"[""B""]",12.08
coordinate_geometry_2630_open_q1,coordinate_geometry_2630.png,"[""target=A; target_coordinates=[5, -8]; nearest_labels=['C']; nearest_distance=9.49; farthest_labels=['B']; farthest_distance=12""]","[""A""]",A,"[5,-8]","[""C""]",9.49,"[""B""]",12
coordinate_geometry_2631_open_q1,coordinate_geometry_2631.png,"[""target=B; target_coordinates=[2, -6]; nearest_labels=['A']; nearest_distance=4; farthest_labels=['C']; farthest_distance=14.14""]","[""B""]",B,"[2,-6]","[""A""]",4,"[""C""]",14.14
coordinate_geometry_2632_open_q1,coordinate_geometry_2632.png,"[""target=B; target_coordinates=[8, -1]; nearest_labels=['A']; nearest_distance=16.76; farthest_labels=['A']; farthest_distance=16.76""]","[""B""]",B,"[8,-1]","[""A""]",16.76,"[""A""]",16.76
coordinate_geometry_2633_open_q1,coordinate_geometry_2633.png,"[""target=C; target_coordinates=[1, -3]; nearest_labels=['A']; nearest_distance=9; farthest_labels=['B']; farthest_distance=11.4""]","[""C""]",C,"[1,-3]","[""A""]",9,"[""B""]",11.4
coordinate_geometry_2634_open_q1,coordinate_geometry_2634.png,"[""target=B; target_coordinates=[3, 4]; nearest_labels=['C']; nearest_distance=2.24; farthest_labels=['A']; farthest_distance=11.7""]","[""B""]",B,"[3,4]","[""C""]",2.24,"[""A""]",11.7
coordinate_geometry_2635_open_q1,coordinate_geometry_2635.png,"[""target=B; target_coordinates=[-2, -5]; nearest_labels=['A']; nearest_distance=7.28; farthest_labels=['A']; farthest_distance=7.28""]","[""B""]",B,"[-2,-5]","[""A""]",7.28,"[""A""]",7.28
coordinate_geometry_2636_open_q1,coordinate_geometry_2636.png,"[""target=A; target_coordinates=[-3, 5]; nearest_labels=['B']; nearest_distance=3.16; farthest_labels=['C']; farthest_distance=7.81""]","[""A""]",A,"[-3,5]","[""B""]",3.16,"[""C""]",7.81
coordinate_geometry_2637_open_q1,coordinate_geometry_2637.png,"[""target=C; target_coordinates=[7, 4]; nearest_labels=['D']; nearest_distance=4.47; farthest_labels=['A']; farthest_distance=6.4""]","[""C""]",C,"[7,4]","[""D""]",4.47,"[""A""]",6.4
coordinate_geometry_2638_open_q1,coordinate_geometry_2638.png,"[""target=B; target_coordinates=[6, -7]; nearest_labels=['A']; nearest_distance=8.25; farthest_labels=['A']; farthest_distance=8.25""]","[""B""]",B,"[6,-7]","[""A""]",8.25,"[""A""]",8.25
coordinate_geometry_2639_open_q1,coordinate_geometry_2639.png,"[""target=B; target_coordinates=[2, 6]; nearest_labels=['C']; nearest_distance=8.06; farthest_labels=['A']; farthest_distance=9.22""]","[""B""]",B,"[2,6]","[""C""]",8.06,"[""A""]",9.22
coordinate_geometry_2640_open_q1,coordinate_geometry_2640.png,"[""target=A; target_coordinates=[4, -6]; nearest_labels=['B']; nearest_distance=8.06; farthest_labels=['D']; farthest_distance=9""]","[""A""]",A,"[4,-6]","[""B""]",8.06,"[""D""]",9
coordinate_geometry_2641_open_q1,coordinate_geometry_2641.png,"[""target=B; target_coordinates=[-8, -7]; nearest_labels=['A']; nearest_distance=16.03; farthest_labels=['A']; farthest_distance=16.03""]","[""B""]",B,"[-8,-7]","[""A""]",16.03,"[""A""]",16.03
coordinate_geometry_2642_open_q1,coordinate_geometry_2642.png,"[""target=A; target_coordinates=[-6, -5]; nearest_labels=['B']; nearest_distance=5.66; farthest_labels=['C']; farthest_distance=8.49""]","[""A""]",A,"[-6,-5]","[""B""]",5.66,"[""C""]",8.49
coordinate_geometry_2643_open_q1,coordinate_geometry_2643.png,"[""target=D; target_coordinates=[-5, 7]; nearest_labels=['C']; nearest_distance=9; farthest_labels=['A']; farthest_distance=12.37""]","[""D""]",D,"[-5,7]","[""C""]",9,"[""A""]",12.37
coordinate_geometry_2644_open_q1,coordinate_geometry_2644.png,"[""target=A; target_coordinates=[-8, 6]; nearest_labels=['B']; nearest_distance=9.43; farthest_labels=['B']; farthest_distance=9.43""]","[""A""]",A,"[-8,6]","[""B""]",9.43,"[""B""]",9.43
coordinate_geometry_2645_open_q1,coordinate_geometry_2645.png,"[""target=C; target_coordinates=[4, 2]; nearest_labels=['B']; nearest_distance=8.94; farthest_labels=['A']; farthest_distance=13.42""]","[""C""]",C,"[4,2]","[""B""]",8.94,"[""A""]",13.42
coordinate_geometry_2646_open_q1,coordinate_geometry_2646.png,"[""target=B; target_coordinates=[-3, 1]; nearest_labels=['C']; nearest_distance=4.47; farthest_labels=['D']; farthest_distance=11.4""]","[""B""]",B,"[-3,1]","[""C""]",4.47,"[""D""]",11.4
coordinate_geometry_2647_open_q1,coordinate_geometry_2647.png,"[""target=B; target_coordinates=[-1, -3]; nearest_labels=['A']; nearest_distance=3.16; farthest_labels=['A']; farthest_distance=3.16""]","[""B""]",B,"[-1,-3]","[""A""]",3.16,"[""A""]",3.16
coordinate_geometry_2648_open_q1,coordinate_geometry_2648.png,"[""target=C; target_coordinates=[5, 2]; nearest_labels=['B']; nearest_distance=7.07; farthest_labels=['A']; farthest_distance=9.9""]","[""C""]",C,"[5,2]","[""B""]",7.07,"[""A""]",9.9
coordinate_geometry_2649_open_q1,coordinate_geometry_2649.png,"[""target=C; target_coordinates=[2, 3]; nearest_labels=['B']; nearest_distance=4.24; farthest_labels=['A']; farthest_distance=11.31""]","[""C""]",C,"[2,3]","[""B""]",4.24,"[""A""]",11.31
coordinate_geometry_2650_open_q1,coordinate_geometry_2650.png,"[""target=A; target_coordinates=[-2, -2]; nearest_labels=['B']; nearest_distance=10; farthest_labels=['B']; farthest_distance=10""]","[""A""]",A,"[-2,-2]","[""B""]",10,"[""B""]",10
coordinate_geometry_2651_open_q1,coordinate_geometry_2651.png,"[""target=C; target_coordinates=[3, 3]; nearest_labels=['B']; nearest_distance=4.24; farthest_labels=['A']; farthest_distance=9.9""]","[""C""]",C,"[3,3]","[""B""]",4.24,"[""A""]",9.9
coordinate_geometry_2652_open_q1,coordinate_geometry_2652.png,"[""target=D; target_coordinates=[0, -8]; nearest_labels=['B']; nearest_distance=8.49; farthest_labels=['C']; farthest_distance=9.43""]","[""D""]",D,"[0,-8]","[""B""]",8.49,"[""C""]",9.43
coordinate_geometry_2653_open_q1,coordinate_geometry_2653.png,"[""target=B; target_coordinates=[-2, 8]; nearest_labels=['A']; nearest_distance=16.55; farthest_labels=['A']; farthest_distance=16.55""]","[""B""]",B,"[-2,8]","[""A""]",16.55,"[""A""]",16.55
coordinate_geometry_2654_open_q1,coordinate_geometry_2654.png,"[""target=B; target_coordinates=[0, -1]; nearest_labels=['C']; nearest_distance=4.24; farthest_labels=['A']; farthest_distance=5.66""]","[""B""]",B,"[0,-1]","[""C""]",4.24,"[""A""]",5.66
coordinate_geometry_2655_open_q1,coordinate_geometry_2655.png,"[""target=B; target_coordinates=[-3, 0]; nearest_labels=['A']; nearest_distance=4.24; farthest_labels=['D']; farthest_distance=11.18""]","[""B""]",B,"[-3,0]","[""A""]",4.24,"[""D""]",11.18
coordinate_geometry_2656_open_q1,coordinate_geometry_2656.png,"[""target=B; target_coordinates=[1, 6]; nearest_labels=['A']; nearest_distance=10.77; farthest_labels=['A']; farthest_distance=10.77""]","[""B""]",B,"[1,6]","[""A""]",10.77,"[""A""]",10.77
coordinate_geometry_2657_open_q1,coordinate_geometry_2657.png,"[""target=B; target_coordinates=[-3, -2]; nearest_labels=['A']; nearest_distance=2.24; farthest_labels=['C']; farthest_distance=8.94""]","[""B""]",B,"[-3,-2]","[""A""]",2.24,"[""C""]",8.94
coordinate_geometry_2658_open_q1,coordinate_geometry_2658.png,"[""target=A; target_coordinates=[-4, 0]; nearest_labels=['B']; nearest_distance=4.47; farthest_labels=['D']; farthest_distance=9.22""]","[""A""]",A,"[-4,0]","[""B""]",4.47,"[""D""]",9.22
coordinate_geometry_2659_open_q1,coordinate_geometry_2659.png,"[""target=A; target_coordinates=[-6, -7]; nearest_labels=['B']; nearest_distance=13; farthest_labels=['B']; farthest_distance=13""]","[""A""]",A,"[-6,-7]","[""B""]",13,"[""B""]",13
coordinate_geometry_2660_open_q1,coordinate_geometry_2660.png,"[""target=C; target_coordinates=[4, 4]; nearest_labels=['B']; nearest_distance=2.24; farthest_labels=['A']; farthest_distance=13.42""]","[""C""]",C,"[4,4]","[""B""]",2.24,"[""A""]",13.42
coordinate_geometry_2661_open_q1,coordinate_geometry_2661.png,"[""target=A; target_coordinates=[-1, 1]; nearest_labels=['B']; nearest_distance=4.24; farthest_labels=['D']; farthest_distance=9.22""]","[""A""]",A,"[-1,1]","[""B""]",4.24,"[""D""]",9.22
coordinate_geometry_2662_open_q1,coordinate_geometry_2662.png,"[""target=A; target_coordinates=[-5, 0]; nearest_labels=['B']; nearest_distance=13.04; farthest_labels=['B']; farthest_distance=13.04""]","[""A""]",A,"[-5,0]","[""B""]",13.04,"[""B""]",13.04
coordinate_geometry_2663_open_q1,coordinate_geometry_2663.png,"[""target=B; target_coordinates=[0, -2]; nearest_labels=['C']; nearest_distance=2.83; farthest_labels=['A']; farthest_distance=4.24""]","[""B""]",B,"[0,-2]","[""C""]",2.83,"[""A""]",4.24
coordinate_geometry_2664_open_q1,coordinate_geometry_2664.png,"[""target=B; target_coordinates=[-3, 2]; nearest_labels=['A']; nearest_distance=4.47; farthest_labels=['D']; farthest_distance=10.3""]","[""B""]",B,"[-3,2]","[""A""]",4.47,"[""D""]",10.3
coordinate_geometry_2665_open_q1,coordinate_geometry_2665.png,"[""target=B; target_coordinates=[-6, 5]; nearest_labels=['A']; nearest_distance=13.6; farthest_labels=['A']; farthest_distance=13.6""]","[""B""]",B,"[-6,5]","[""A""]",13.6,"[""A""]",13.6
coordinate_geometry_2666_open_q1,coordinate_geometry_2666.png,"[""target=A; target_coordinates=[-2, 2]; nearest_labels=['B']; nearest_distance=4.47; farthest_labels=['C']; farthest_distance=6.71""]","[""A""]",A,"[-2,2]","[""B""]",4.47,"[""C""]",6.71
coordinate_geometry_2667_open_q1,coordinate_geometry_2667.png,"[""target=A; target_coordinates=[-7, 1]; nearest_labels=['B']; nearest_distance=11.18; farthest_labels=['C']; farthest_distance=15.65""]","[""A""]",A,"[-7,1]","[""B""]",11.18,"[""C""]",15.65
coordinate_geometry_2668_open_q1,coordinate_geometry_2668.png,"[""target=B; target_coordinates=[5, 6]; nearest_labels=['A']; nearest_distance=15.26; farthest_labels=['A']; farthest_distance=15.26""]","[""B""]",B,"[5,6]","[""A""]",15.26,"[""A""]",15.26
coordinate_geometry_2669_open_q1,coordinate_geometry_2669.png,"[""target=B; target_coordinates=[2, -3]; nearest_labels=['A']; nearest_distance=4.24; farthest_labels=['C']; farthest_distance=7.21""]","[""B""]",B,"[2,-3]","[""A""]",4.24,"[""C""]",7.21
coordinate_geometry_2670_open_q1,coordinate_geometry_2670.png,"[""target=B; target_coordinates=[6, -2]; nearest_labels=['D']; nearest_distance=5; farthest_labels=['C']; farthest_distance=7.81""]","[""B""]",B,"[6,-2]","[""D""]",5,"[""C""]",7.81
coordinate_geometry_2671_open_q1,coordinate_geometry_2671.png,"[""target=B; target_coordinates=[-6, -6]; nearest_labels=['A']; nearest_distance=7.21; farthest_labels=['A']; farthest_distance=7.21""]","[""B""]",B,"[-6,-6]","[""A""]",7.21,"[""A""]",7.21
coordinate_geometry_2672_open_q1,coordinate_geometry_2672.png,"[""target=C; target_coordinates=[8, -2]; nearest_labels=['A']; nearest_distance=8.25; farthest_labels=['B']; farthest_distance=14.04""]","[""C""]",C,"[8,-2]","[""A""]",8.25,"[""B""]",14.04
coordinate_geometry_2673_open_q1,coordinate_geometry_2673.png,"[""target=D; target_coordinates=[-4, 5]; nearest_labels=['C']; nearest_distance=5.39; farthest_labels=['A']; farthest_distance=14.87""]","[""D""]",D,"[-4,5]","[""C""]",5.39,"[""A""]",14.87
coordinate_geometry_2674_open_q1,coordinate_geometry_2674.png,"[""target=B; target_coordinates=[8, 5]; nearest_labels=['A']; nearest_distance=7.62; farthest_labels=['A']; farthest_distance=7.62""]","[""B""]",B,"[8,5]","[""A""]",7.62,"[""A""]",7.62
coordinate_geometry_2675_open_q1,coordinate_geometry_2675.png,"[""target=C; target_coordinates=[-3, -4]; nearest_labels=['B']; nearest_distance=3.16; farthest_labels=['A']; farthest_distance=14.14""]","[""C""]",C,"[-3,-4]","[""B""]",3.16,"[""A""]",14.14
coordinate_geometry_2676_open_q1,coordinate_geometry_2676.png,"[""target=B; target_coordinates=[7, -8]; nearest_labels=['A']; nearest_distance=9; farthest_labels=['D']; farthest_distance=13.34""]","[""B""]",B,"[7,-8]","[""A""]",9,"[""D""]",13.34
coordinate_geometry_2677_open_q1,coordinate_geometry_2677.png,"[""target=A; target_coordinates=[-1, -8]; nearest_labels=['B']; nearest_distance=4.47; farthest_labels=['B']; farthest_distance=4.47""]","[""A""]",A,"[-1,-8]","[""B""]",4.47,"[""B""]",4.47
coordinate_geometry_2678_open_q1,coordinate_geometry_2678.png,"[""target=A; target_coordinates=[-1, -8]; nearest_labels=['B']; nearest_distance=5.66; farthest_labels=['C']; farthest_distance=9.49""]","[""A""]",A,"[-1,-8]","[""B""]",5.66,"[""C""]",9.49
coordinate_geometry_2679_open_q1,coordinate_geometry_2679.png,"[""target=A; target_coordinates=[-5, 2]; nearest_labels=['D']; nearest_distance=5.66; farthest_labels=['C']; farthest_distance=7.28""]","[""A""]",A,"[-5,2]","[""D""]",5.66,"[""C""]",7.28
coordinate_geometry_2680_open_q1,coordinate_geometry_2680.png,"[""target=B; target_coordinates=[7, 0]; nearest_labels=['A']; nearest_distance=6.4; farthest_labels=['A']; farthest_distance=6.4""]","[""B""]",B,"[7,0]","[""A""]",6.4,"[""A""]",6.4
coordinate_geometry_2681_open_q1,coordinate_geometry_2681.png,"[""target=A; target_coordinates=[7, -5]; nearest_labels=['C']; nearest_distance=13.89; farthest_labels=['B']; farthest_distance=15.13""]","[""A""]",A,"[7,-5]","[""C""]",13.89,"[""B""]",15.13
coordinate_geometry_2682_open_q1,coordinate_geometry_2682.png,"[""target=D; target_coordinates=[-5, -4]; nearest_labels=['C']; nearest_distance=11.05; farthest_labels=['B']; farthest_distance=13""]","[""D""]",D,"[-5,-4]","[""C""]",11.05,"[""B""]",13
coordinate_geometry_2683_open_q1,coordinate_geometry_2683.png,"[""target=A; target_coordinates=[6, -3]; nearest_labels=['B']; nearest_distance=9; farthest_labels=['B']; farthest_distance=9""]","[""A""]",A,"[6,-3]","[""B""]",9,"[""B""]",9
coordinate_geometry_2684_open_q1,coordinate_geometry_2684.png,"[""target=A; target_coordinates=[-3, 6]; nearest_labels=['B']; nearest_distance=7.07; farthest_labels=['C']; farthest_distance=9.22""]","[""A""]",A,"[-3,6]","[""B""]",7.07,"[""C""]",9.22
coordinate_geometry_2685_open_q1,coordinate_geometry_2685.png,"[""target=B; target_coordinates=[-5, 0]; nearest_labels=['C']; nearest_distance=4.12; farthest_labels=['D']; farthest_distance=7.07""]","[""B""]",B,"[-5,0]","[""C""]",4.12,"[""D""]",7.07
coordinate_geometry_2686_open_q1,coordinate_geometry_2686.png,"[""target=B; target_coordinates=[3, -1]; nearest_labels=['A']; nearest_distance=5.83; farthest_labels=['A']; farthest_distance=5.83""]","[""B""]",B,"[3,-1]","[""A""]",5.83,"[""A""]",5.83
coordinate_geometry_2687_open_q1,coordinate_geometry_2687.png,"[""target=B; target_coordinates=[6, -6]; nearest_labels=['A']; nearest_distance=7.62; farthest_labels=['C']; farthest_distance=12.81""]","[""B""]",B,"[6,-6]","[""A""]",7.62,"[""C""]",12.81
coordinate_geometry_2688_open_q1,coordinate_geometry_2688.png,"[""target=B; target_coordinates=[-5, 8]; nearest_labels=['A']; nearest_distance=4; farthest_labels=['C']; farthest_distance=14.14""]","[""B""]",B,"[-5,8]","[""A""]",4,"[""C""]",14.14
coordinate_geometry_2689_open_q1,coordinate_geometry_2689.png,"[""target=B; target_coordinates=[-7, 3]; nearest_labels=['A']; nearest_distance=9.22; farthest_labels=['A']; farthest_distance=9.22""]","[""B""]",B,"[-7,3]","[""A""]",9.22,"[""A""]",9.22
coordinate_geometry_2690_open_q1,coordinate_geometry_2690.png,"[""target=B; target_coordinates=[5, 5]; nearest_labels=['C']; nearest_distance=7.07; farthest_labels=['A']; farthest_distance=16.28""]","[""B""]",B,"[5,5]","[""C""]",7.07,"[""A""]",16.28
coordinate_geometry_2691_open_q1,coordinate_geometry_2691.png,"[""target=A; target_coordinates=[-8, -2]; nearest_labels=['B']; nearest_distance=4.47; farthest_labels=['D']; farthest_distance=9.49""]","[""A""]",A,"[-8,-2]","[""B""]",4.47,"[""D""]",9.49
coordinate_geometry_2692_open_q1,coordinate_geometry_2692.png,"[""target=B; target_coordinates=[8, 2]; nearest_labels=['A']; nearest_distance=6.08; farthest_labels=['A']; farthest_distance=6.08""]","[""B""]",B,"[8,2]","[""A""]",6.08,"[""A""]",6.08
coordinate_geometry_2693_open_q1,coordinate_geometry_2693.png,"[""target=B; target_coordinates=[1, 5]; nearest_labels=['A']; nearest_distance=4.47; farthest_labels=['C']; farthest_distance=13.42""]","[""B""]",B,"[1,5]","[""A""]",4.47,"[""C""]",13.42
coordinate_geometry_2694_open_q1,coordinate_geometry_2694.png,"[""target=C; target_coordinates=[-3, 0]; nearest_labels=['A']; nearest_distance=5; farthest_labels=['B']; farthest_distance=9.85""]","[""C""]",C,"[-3,0]","[""A""]",5,"[""B""]",9.85
coordinate_geometry_2695_open_q1,coordinate_geometry_2695.png,"[""target=B; target_coordinates=[-2, -6]; nearest_labels=['A']; nearest_distance=9.22; farthest_labels=['A']; farthest_distance=9.22""]","[""B""]",B,"[-2,-6]","[""A""]",9.22,"[""A""]",9.22
coordinate_geometry_2696_open_q1,coordinate_geometry_2696.png,"[""target=A; target_coordinates=[7, -4]; nearest_labels=['B']; nearest_distance=14; farthest_labels=['C']; farthest_distance=15.81""]","[""A""]",A,"[7,-4]","[""B""]",14,"[""C""]",15.81
coordinate_geometry_2697_open_q1,coordinate_geometry_2697.png,"[""target=C; target_coordinates=[-6, -6]; nearest_labels=['A']; nearest_distance=7.62; farthest_labels=['D']; farthest_distance=14.21""]","[""C""]",C,"[-6,-6]","[""A""]",7.62,"[""D""]",14.21
coordinate_geometry_2698_open_q1,coordinate_geometry_2698.png,"[""target=A; target_coordinates=[-7, -4]; nearest_labels=['B']; nearest_distance=8.49; farthest_labels=['B']; farthest_distance=8.49""]","[""A""]",A,"[-7,-4]","[""B""]",8.49,"[""B""]",8.49
coordinate_geometry_2699_open_q1,coordinate_geometry_2699.png,"[""target=B; target_coordinates=[-8, 8]; nearest_labels=['C']; nearest_distance=15.3; farthest_labels=['A']; farthest_distance=17.46""]","[""B""]",B,"[-8,8]","[""C""]",15.3,"[""A""]",17.46
coordinate_geometry_2700_open_q1,coordinate_geometry_2700.png,"[""target=C; target_coordinates=[-7, -2]; nearest_labels=['B']; nearest_distance=5.1; farthest_labels=['A']; farthest_distance=13.04""]","[""C""]",C,"[-7,-2]","[""B""]",5.1,"[""A""]",13.04
coordinate_geometry_2701_open_q1,coordinate_geometry_2701.png,"[""target=A; target_coordinates=[-2, 6]; nearest_labels=['B']; nearest_distance=7.81; farthest_labels=['B']; farthest_distance=7.81""]","[""A""]",A,"[-2,6]","[""B""]",7.81,"[""B""]",7.81
coordinate_geometry_2702_open_q1,coordinate_geometry_2702.png,"[""target=A; target_coordinates=[-6, 5]; nearest_labels=['B']; nearest_distance=2.24; farthest_labels=['C']; farthest_distance=15.65""]","[""A""]",A,"[-6,5]","[""B""]",2.24,"[""C""]",15.65
coordinate_geometry_2703_open_q1,coordinate_geometry_2703.png,"[""target=B; target_coordinates=[1, -2]; nearest_labels=['C']; nearest_distance=2.83; farthest_labels=['D']; farthest_distance=6""]","[""B""]",B,"[1,-2]","[""C""]",2.83,"[""D""]",6
coordinate_geometry_2704_open_q1,coordinate_geometry_2704.png,"[""target=B; target_coordinates=[5, -6]; nearest_labels=['A']; nearest_distance=12.81; farthest_labels=['A']; farthest_distance=12.81""]","[""B""]",B,"[5,-6]","[""A""]",12.81,"[""A""]",12.81
coordinate_geometry_2705_open_q1,coordinate_geometry_2705.png,"[""target=C; target_coordinates=[6, -6]; nearest_labels=['B']; nearest_distance=4.47; farthest_labels=['A']; farthest_distance=11.18""]","[""C""]",C,"[6,-6]","[""B""]",4.47,"[""A""]",11.18
coordinate_geometry_2706_open_q1,coordinate_geometry_2706.png,"[""target=C; target_coordinates=[2, -6]; nearest_labels=['B']; nearest_distance=4.24; farthest_labels=['A']; farthest_distance=9.9""]","[""C""]",C,"[2,-6]","[""B""]",4.24,"[""A""]",9.9
coordinate_geometry_2707_open_q1,coordinate_geometry_2707.png,"[""target=A; target_coordinates=[-1, -2]; nearest_labels=['B']; nearest_distance=12.21; farthest_labels=['B']; farthest_distance=12.21""]","[""A""]",A,"[-1,-2]","[""B""]",12.21,"[""B""]",12.21
coordinate_geometry_2708_open_q1,coordinate_geometry_2708.png,"[""target=C; target_coordinates=[2, -2]; nearest_labels=['B']; nearest_distance=6.71; farthest_labels=['A']; farthest_distance=8.94""]","[""C""]",C,"[2,-2]","[""B""]",6.71,"[""A""]",8.94
coordinate_geometry_2709_open_q1,coordinate_geometry_2709.png,"[""target=A; target_coordinates=[-8, -4]; nearest_labels=['B']; nearest_distance=2.24; farthest_labels=['D']; farthest_distance=10.05""]","[""A""]",A,"[-8,-4]","[""B""]",2.24,"[""D""]",10.05
coordinate_geometry_2710_open_q1,coordinate_geometry_2710.png,"[""target=A; target_coordinates=[7, 1]; nearest_labels=['B']; nearest_distance=8.6; farthest_labels=['B']; farthest_distance=8.6""]","[""A""]",A,"[7,1]","[""B""]",8.6,"[""B""]",8.6
coordinate_geometry_2711_open_q1,coordinate_geometry_2711.png,"[""target=C; target_coordinates=[2, 1]; nearest_labels=['B']; nearest_distance=2.24; farthest_labels=['A']; farthest_distance=6.71""]","[""C""]",C,"[2,1]","[""B""]",2.24,"[""A""]",6.71
coordinate_geometry_2712_open_q1,coordinate_geometry_2712.png,"[""target=C; target_coordinates=[1, 3]; nearest_labels=['B']; nearest_distance=2.83; farthest_labels=['D']; farthest_distance=10.82""]","[""C""]",C,"[1,3]","[""B""]",2.83,"[""D""]",10.82
coordinate_geometry_2713_open_q1,coordinate_geometry_2713.png,"[""target=A; target_coordinates=[-6, -5]; nearest_labels=['B']; nearest_distance=13.34; farthest_labels=['B']; farthest_distance=13.34""]","[""A""]",A,"[-6,-5]","[""B""]",13.34,"[""B""]",13.34
coordinate_geometry_2714_open_q1,coordinate_geometry_2714.png,"[""target=C; target_coordinates=[5, -4]; nearest_labels=['B']; nearest_distance=2.83; farthest_labels=['A']; farthest_distance=11.31""]","[""C""]",C,"[5,-4]","[""B""]",2.83,"[""A""]",11.31
coordinate_geometry_2715_open_q1,coordinate_geometry_2715.png,"[""target=B; target_coordinates=[-3, 3]; nearest_labels=['C']; nearest_distance=2.83; farthest_labels=['D']; farthest_distance=10.3""]","[""B""]",B,"[-3,3]","[""C""]",2.83,"[""D""]",10.3
coordinate_geometry_2716_open_q1,coordinate_geometry_2716.png,"[""target=B; target_coordinates=[8, 7]; nearest_labels=['A']; nearest_distance=14.04; farthest_labels=['A']; farthest_distance=14.04""]","[""B""]",B,"[8,7]","[""A""]",14.04,"[""A""]",14.04
coordinate_geometry_2717_open_q1,coordinate_geometry_2717.png,"[""target=A; target_coordinates=[-3, 8]; nearest_labels=['B']; nearest_distance=4.47; farthest_labels=['C']; farthest_distance=6.71""]","[""A""]",A,"[-3,8]","[""B""]",4.47,"[""C""]",6.71
coordinate_geometry_2718_open_q1,coordinate_geometry_2718.png,"[""target=A; target_coordinates=[-5, 8]; nearest_labels=['B']; nearest_distance=4.47; farthest_labels=['C']; farthest_distance=15.65""]","[""A""]",A,"[-5,8]","[""B""]",4.47,"[""C""]",15.65
coordinate_geometry_2719_open_q1,coordinate_geometry_2719.png,"[""target=A; target_coordinates=[-2, -5]; nearest_labels=['B']; nearest_distance=10.77; farthest_labels=['B']; farthest_distance=10.77""]","[""A""]",A,"[-2,-5]","[""B""]",10.77,"[""B""]",10.77
coordinate_geometry_2720_open_q1,coordinate_geometry_2720.png,"[""target=B; target_coordinates=[-3, -4]; nearest_labels=['A']; nearest_distance=2.24; farthest_labels=['C']; farthest_distance=8.94""]","[""B""]",B,"[-3,-4]","[""A""]",2.24,"[""C""]",8.94
coordinate_geometry_2721_open_q1,coordinate_geometry_2721.png,"[""target=D; target_coordinates=[6, -4]; nearest_labels=['B']; nearest_distance=7.07; farthest_labels=['C']; farthest_distance=11.05""]","[""D""]",D,"[6,-4]","[""B""]",7.07,"[""C""]",11.05
coordinate_geometry_2722_open_q1,coordinate_geometry_2722.png,"[""target=B; target_coordinates=[0, 7]; nearest_labels=['A']; nearest_distance=9.49; farthest_labels=['A']; farthest_distance=9.49""]","[""B""]",B,"[0,7]","[""A""]",9.49,"[""A""]",9.49
coordinate_geometry_2723_open_q1,coordinate_geometry_2723.png,"[""target=B; target_coordinates=[4, 1]; nearest_labels=['C']; nearest_distance=4.47; farthest_labels=['A']; farthest_distance=11.18""]","[""B""]",B,"[4,1]","[""C""]",4.47,"[""A""]",11.18
coordinate_geometry_2724_open_q1,coordinate_geometry_2724.png,"[""target=C; target_coordinates=[6, -3]; nearest_labels=['B']; nearest_distance=4.47; farthest_labels=['A']; farthest_distance=15.65""]","[""C""]",C,"[6,-3]","[""B""]",4.47,"[""A""]",15.65
coordinate_geometry_2725_open_q1,coordinate_geometry_2725.png,"[""target=B; target_coordinates=[2, -8]; nearest_labels=['A']; nearest_distance=15.62; farthest_labels=['A']; farthest_distance=15.62""]","[""B""]",B,"[2,-8]","[""A""]",15.62,"[""A""]",15.62
coordinate_geometry_2726_open_q1,coordinate_geometry_2726.png,"[""target=A; target_coordinates=[-1, 8]; nearest_labels=['B']; nearest_distance=13.42; farthest_labels=['C']; farthest_distance=15.65""]","[""A""]",A,"[-1,8]","[""B""]",13.42,"[""C""]",15.65
coordinate_geometry_2727_open_q1,coordinate_geometry_2727.png,"[""target=A; target_coordinates=[-6, -2]; nearest_labels=['B']; nearest_distance=4.47; farthest_labels=['C']; farthest_distance=13.42""]","[""A""]",A,"[-6,-2]","[""B""]",4.47,"[""C""]",13.42
coordinate_geometry_2728_open_q1,coordinate_geometry_2728.png,"[""target=B; target_coordinates=[-6, 1]; nearest_labels=['A']; nearest_distance=10; farthest_labels=['A']; farthest_distance=10""]","[""B""]",B,"[-6,1]","[""A""]",10,"[""A""]",10
coordinate_geometry_2729_open_q1,coordinate_geometry_2729.png,"[""target=A; target_coordinates=[-8, 8]; nearest_labels=['C']; nearest_distance=5.39; farthest_labels=['B']; farthest_distance=13.04""]","[""A""]",A,"[-8,8]","[""C""]",5.39,"[""B""]",13.04
coordinate_geometry_2730_open_q1,coordinate_geometry_2730.png,"[""target=D; target_coordinates=[4, 3]; nearest_labels=['B']; nearest_distance=5.1; farthest_labels=['A']; farthest_distance=9.22""]","[""D""]",D,"[4,3]","[""B""]",5.1,"[""A""]",9.22
coordinate_geometry_2731_open_q1,coordinate_geometry_2731.png,"[""target=A; target_coordinates=[-6, 4]; nearest_labels=['B']; nearest_distance=8.94; farthest_labels=['B']; farthest_distance=8.94""]","[""A""]",A,"[-6,4]","[""B""]",8.94,"[""B""]",8.94
coordinate_geometry_2732_open_q1,coordinate_geometry_2732.png,"[""target=C; target_coordinates=[-6, -4]; nearest_labels=['B']; nearest_distance=6.08; farthest_labels=['A']; farthest_distance=8.25""]","[""C""]",C,"[-6,-4]","[""B""]",6.08,"[""A""]",8.25
coordinate_geometry_2733_open_q1,coordinate_geometry_2733.png,"[""target=B; target_coordinates=[-7, 1]; nearest_labels=['D']; nearest_distance=4; farthest_labels=['A']; farthest_distance=10.2""]","[""B""]",B,"[-7,1]","[""D""]",4,"[""A""]",10.2
coordinate_geometry_2734_open_q1,coordinate_geometry_2734.png,"[""target=A; target_coordinates=[6, 3]; nearest_labels=['B']; nearest_distance=3.61; farthest_labels=['B']; farthest_distance=3.61""]","[""A""]",A,"[6,3]","[""B""]",3.61,"[""B""]",3.61
coordinate_geometry_2735_open_q1,coordinate_geometry_2735.png,"[""target=A; target_coordinates=[-4, 3]; nearest_labels=['C']; nearest_distance=6; farthest_labels=['B']; farthest_distance=12.81""]","[""A""]",A,"[-4,3]","[""C""]",6,"[""B""]",12.81
coordinate_geometry_2736_open_q1,coordinate_geometry_2736.png,"[""target=A; target_coordinates=[4, 7]; nearest_labels=['B']; nearest_distance=5.39; farthest_labels=['D']; farthest_distance=11.18""]","[""A""]",A,"[4,7]","[""B""]",5.39,"[""D""]",11.18
coordinate_geometry_2737_open_q1,coordinate_geometry_2737.png,"[""target=A; target_coordinates=[-6, -6]; nearest_labels=['B']; nearest_distance=18.38; farthest_labels=['B']; farthest_distance=18.38""]","[""A""]",A,"[-6,-6]","[""B""]",18.38,"[""B""]",18.38
coordinate_geometry_2738_open_q1,coordinate_geometry_2738.png,"[""target=A; target_coordinates=[4, -8]; nearest_labels=['C']; nearest_distance=7.07; farthest_labels=['B']; farthest_distance=17.46""]","[""A""]",A,"[4,-8]","[""C""]",7.07,"[""B""]",17.46
coordinate_geometry_2739_open_q1,coordinate_geometry_2739.png,"[""target=A; target_coordinates=[-1, 3]; nearest_labels=['C']; nearest_distance=5.83; farthest_labels=['B']; farthest_distance=8.06""]","[""A""]",A,"[-1,3]","[""C""]",5.83,"[""B""]",8.06
coordinate_geometry_2740_open_q1,coordinate_geometry_2740.png,"[""target=A; target_coordinates=[6, -7]; nearest_labels=['B']; nearest_distance=3.61; farthest_labels=['B']; farthest_distance=3.61""]","[""A""]",A,"[6,-7]","[""B""]",3.61,"[""B""]",3.61
coordinate_geometry_2741_open_q1,coordinate_geometry_2741.png,"[""target=A; target_coordinates=[-6, -7]; nearest_labels=['B']; nearest_distance=10; farthest_labels=['C']; farthest_distance=14.42""]","[""A""]",A,"[-6,-7]","[""B""]",10,"[""C""]",14.42
coordinate_geometry_2742_open_q1,coordinate_geometry_2742.png,"[""target=C; target_coordinates=[-6, 3]; nearest_labels=['A']; nearest_distance=2.24; farthest_labels=['B']; farthest_distance=17.03""]","[""C""]",C,"[-6,3]","[""A""]",2.24,"[""B""]",17.03
coordinate_geometry_2743_open_q1,coordinate_geometry_2743.png,"[""target=A; target_coordinates=[-7, -7]; nearest_labels=['B']; nearest_distance=18.6; farthest_labels=['B']; farthest_distance=18.6""]","[""A""]",A,"[-7,-7]","[""B""]",18.6,"[""B""]",18.6
coordinate_geometry_2744_open_q1,coordinate_geometry_2744.png,"[""target=A; target_coordinates=[8, -1]; nearest_labels=['B']; nearest_distance=11.31; farthest_labels=['C']; farthest_distance=17.46""]","[""A""]",A,"[8,-1]","[""B""]",11.31,"[""C""]",17.46
coordinate_geometry_2745_open_q1,coordinate_geometry_2745.png,"[""target=B; target_coordinates=[-7, 1]; nearest_labels=['D']; nearest_distance=7.28; farthest_labels=['A']; farthest_distance=12.81""]","[""B""]",B,"[-7,1]","[""D""]",7.28,"[""A""]",12.81
coordinate_geometry_2746_open_q1,coordinate_geometry_2746.png,"[""target=A; target_coordinates=[7, 3]; nearest_labels=['B']; nearest_distance=12.04; farthest_labels=['B']; farthest_distance=12.04""]","[""A""]",A,"[7,3]","[""B""]",12.04,"[""B""]",12.04
coordinate_geometry_2747_open_q1,coordinate_geometry_2747.png,"[""target=A; target_coordinates=[1, 4]; nearest_labels=['B']; nearest_distance=8.06; farthest_labels=['C']; farthest_distance=11.05""]","[""A""]",A,"[1,4]","[""B""]",8.06,"[""C""]",11.05
coordinate_geometry_2748_open_q1,coordinate_geometry_2748.png,"[""target=A; target_coordinates=[-8, 1]; nearest_labels=['B']; nearest_distance=8.06; farthest_labels=['C']; farthest_distance=13.89""]","[""A""]",A,"[-8,1]","[""B""]",8.06,"[""C""]",13.89
coordinate_geometry_2749_open_q1,coordinate_geometry_2749.png,"[""target=A; target_coordinates=[5, -7]; nearest_labels=['B']; nearest_distance=16.28; farthest_labels=['B']; farthest_distance=16.28""]","[""A""]",A,"[5,-7]","[""B""]",16.28,"[""B""]",16.28
coordinate_geometry_2750_open_q1,coordinate_geometry_2750.png,"[""target=C; target_coordinates=[-7, -7]; nearest_labels=['B']; nearest_distance=2.24; farthest_labels=['A']; farthest_distance=18.03""]","[""C""]",C,"[-7,-7]","[""B""]",2.24,"[""A""]",18.03
coordinate_geometry_2751_open_q1,coordinate_geometry_2751.png,"[""target=D; target_coordinates=[-3, 3]; nearest_labels=['C']; nearest_distance=7.07; farthest_labels=['B']; farthest_distance=11.18""]","[""D""]",D,"[-3,3]","[""C""]",7.07,"[""B""]",11.18
coordinate_geometry_2752_open_q1,coordinate_geometry_2752.png,"[""target=B; target_coordinates=[-3, -8]; nearest_labels=['A']; nearest_distance=6.32; farthest_labels=['A']; farthest_distance=6.32""]","[""B""]",B,"[-3,-8]","[""A""]",6.32,"[""A""]",6.32
coordinate_geometry_2753_open_q1,coordinate_geometry_2753.png,"[""target=B; target_coordinates=[-1, -2]; nearest_labels=['A']; nearest_distance=4.12; farthest_labels=['C']; farthest_distance=7.81""]","[""B""]",B,"[-1,-2]","[""A""]",4.12,"[""C""]",7.81
coordinate_geometry_2754_open_q1,coordinate_geometry_2754.png,"[""target=D; target_coordinates=[0, -7]; nearest_labels=['B']; nearest_distance=10.05; farthest_labels=['A']; farthest_distance=13.6""]","[""D""]",D,"[0,-7]","[""B""]",10.05,"[""A""]",13.6
coordinate_geometry_2755_open_q1,coordinate_geometry_2755.png,"[""target=B; target_coordinates=[1, 5]; nearest_labels=['A']; nearest_distance=7.28; farthest_labels=['A']; farthest_distance=7.28""]","[""B""]",B,"[1,5]","[""A""]",7.28,"[""A""]",7.28
coordinate_geometry_2756_open_q1,coordinate_geometry_2756.png,"[""target=B; target_coordinates=[6, 6]; nearest_labels=['A']; nearest_distance=3.61; farthest_labels=['C']; farthest_distance=6.4""]","[""B""]",B,"[6,6]","[""A""]",3.61,"[""C""]",6.4
coordinate_geometry_2757_open_q1,coordinate_geometry_2757.png,"[""target=B; target_coordinates=[-4, -1]; nearest_labels=['C']; nearest_distance=4.47; farthest_labels=['D']; farthest_distance=9.49""]","[""B""]",B,"[-4,-1]","[""C""]",4.47,"[""D""]",9.49
coordinate_geometry_2758_open_q1,coordinate_geometry_2758.png,"[""target=A; target_coordinates=[6, -4]; nearest_labels=['B']; nearest_distance=2.24; farthest_labels=['B']; farthest_distance=2.24""]","[""A""]",A,"[6,-4]","[""B""]",2.24,"[""B""]",2.24
coordinate_geometry_2759_open_q1,coordinate_geometry_2759.png,"[""target=C; target_coordinates=[-5, 3]; nearest_labels=['B']; nearest_distance=6; farthest_labels=['A']; farthest_distance=7.21""]","[""C""]",C,"[-5,3]","[""B""]",6,"[""A""]",7.21
coordinate_geometry_2760_open_q1,coordinate_geometry_2760.png,"[""target=D; target_coordinates=[3, 6]; nearest_labels=['A']; nearest_distance=3.61; farthest_labels=['C']; farthest_distance=10.77""]","[""D""]",D,"[3,6]","[""A""]",3.61,"[""C""]",10.77
coordinate_geometry_2761_open_q1,coordinate_geometry_2761.png,"[""target=B; target_coordinates=[3, 0]; nearest_labels=['A']; nearest_distance=4.24; farthest_labels=['A']; farthest_distance=4.24""]","[""B""]",B,"[3,0]","[""A""]",4.24,"[""A""]",4.24
coordinate_geometry_2762_open_q1,coordinate_geometry_2762.png,"[""target=B; target_coordinates=[1, -1]; nearest_labels=['A']; nearest_distance=4.24; farthest_labels=['C']; farthest_distance=5.66""]","[""B""]",B,"[1,-1]","[""A""]",4.24,"[""C""]",5.66
coordinate_geometry_2763_open_q1,coordinate_geometry_2763.png,"[""target=C; target_coordinates=[4, 6]; nearest_labels=['D']; nearest_distance=6; farthest_labels=['A']; farthest_distance=13.42""]","[""C""]",C,"[4,6]","[""D""]",6,"[""A""]",13.42
coordinate_geometry_2764_open_q1,coordinate_geometry_2764.png,"[""target=B; target_coordinates=[-7, 1]; nearest_labels=['A']; nearest_distance=12.04; farthest_labels=['A']; farthest_distance=12.04""]","[""B""]",B,"[-7,1]","[""A""]",12.04,"[""A""]",12.04
coordinate_geometry_2765_open_q1,coordinate_geometry_2765.png,"[""target=C; target_coordinates=[6, -3]; nearest_labels=['B']; nearest_distance=2.83; farthest_labels=['A']; farthest_distance=9.9""]","[""C""]",C,"[6,-3]","[""B""]",2.83,"[""A""]",9.9
coordinate_geometry_2766_open_q1,coordinate_geometry_2766.png,"[""target=B; target_coordinates=[-6, -2]; nearest_labels=['A']; nearest_distance=2.24; farthest_labels=['C']; farthest_distance=11.18""]","[""B""]",B,"[-6,-2]","[""A""]",2.24,"[""C""]",11.18
coordinate_geometry_2767_open_q1,coordinate_geometry_2767.png,"[""target=B; target_coordinates=[-4, 4]; nearest_labels=['A']; nearest_distance=12; farthest_labels=['A']; farthest_distance=12""]","[""B""]",B,"[-4,4]","[""A""]",12,"[""A""]",12
coordinate_geometry_2768_open_q1,coordinate_geometry_2768.png,"[""target=A; target_coordinates=[-6, 3]; nearest_labels=['B']; nearest_distance=6.71; farthest_labels=['C']; farthest_distance=11.18""]","[""A""]",A,"[-6,3]","[""B""]",6.71,"[""C""]",11.18
coordinate_geometry_2769_open_q1,coordinate_geometry_2769.png,"[""target=C; target_coordinates=[2, -3]; nearest_labels=['B']; nearest_distance=4.47; farthest_labels=['D']; farthest_distance=7.28""]","[""C""]",C,"[2,-3]","[""B""]",4.47,"[""D""]",7.28
coordinate_geometry_2770_open_q1,coordinate_geometry_2770.png,"[""target=A; target_coordinates=[-5, -1]; nearest_labels=['B']; nearest_distance=9.85; farthest_labels=['B']; farthest_distance=9.85""]","[""A""]",A,"[-5,-1]","[""B""]",9.85,"[""B""]",9.85
coordinate_geometry_2771_open_q1,coordinate_geometry_2771.png,"[""target=C; target_coordinates=[3, 4]; nearest_labels=['B']; nearest_distance=8.94; farthest_labels=['A']; farthest_distance=11.18""]","[""C""]",C,"[3,4]","[""B""]",8.94,"[""A""]",11.18
coordinate_geometry_2772_open_q1,coordinate_geometry_2772.png,"[""target=D; target_coordinates=[-8, -2]; nearest_labels=['B']; nearest_distance=6.32; farthest_labels=['A']; farthest_distance=7.21""]","[""D""]",D,"[-8,-2]","[""B""]",6.32,"[""A""]",7.21
coordinate_geometry_2773_open_q1,coordinate_geometry_2773.png,"[""target=A; target_coordinates=[1, 3]; nearest_labels=['B']; nearest_distance=10.05; farthest_labels=['B']; farthest_distance=10.05""]","[""A""]",A,"[1,3]","[""B""]",10.05,"[""B""]",10.05
coordinate_geometry_2774_open_q1,coordinate_geometry_2774.png,"[""target=A; target_coordinates=[-5, 6]; nearest_labels=['B']; nearest_distance=8.94; farthest_labels=['C']; farthest_distance=15.65""]","[""A""]",A,"[-5,6]","[""B""]",8.94,"[""C""]",15.65
coordinate_geometry_2775_open_q1,coordinate_geometry_2775.png,"[""target=C; target_coordinates=[4, -8]; nearest_labels=['B']; nearest_distance=15.65; farthest_labels=['D']; farthest_distance=18.44""]","[""C""]",C,"[4,-8]","[""B""]",15.65,"[""D""]",18.44
coordinate_geometry_2776_open_q1,coordinate_geometry_2776.png,"[""target=B; target_coordinates=[0, -6]; nearest_labels=['A']; nearest_distance=4; farthest_labels=['A']; farthest_distance=4""]","[""B""]",B,"[0,-6]","[""A""]",4,"[""A""]",4
coordinate_geometry_2777_open_q1,coordinate_geometry_2777.png,"[""target=A; target_coordinates=[-6, -4]; nearest_labels=['B']; nearest_distance=13.42; farthest_labels=['C']; farthest_distance=15.65""]","[""A""]",A,"[-6,-4]","[""B""]",13.42,"[""C""]",15.65
coordinate_geometry_2778_open_q1,coordinate_geometry_2778.png,"[""target=B; target_coordinates=[4, -2]; nearest_labels=['C']; nearest_distance=2.24; farthest_labels=['D']; farthest_distance=9.85""]","[""B""]",B,"[4,-2]","[""C""]",2.24,"[""D""]",9.85
coordinate_geometry_2779_open_q1,coordinate_geometry_2779.png,"[""target=A; target_coordinates=[-2, 7]; nearest_labels=['B']; nearest_distance=9.22; farthest_labels=['B']; farthest_distance=9.22""]","[""A""]",A,"[-2,7]","[""B""]",9.22,"[""B""]",9.22
coordinate_geometry_2780_open_q1,coordinate_geometry_2780.png,"[""target=A; target_coordinates=[0, -1]; nearest_labels=['B']; nearest_distance=2.24; farthest_labels=['C']; farthest_distance=6.71""]","[""A""]",A,"[0,-1]","[""B""]",2.24,"[""C""]",6.71
coordinate_geometry_2781_open_q1,coordinate_geometry_2781.png,"[""target=B; target_coordinates=[0, 2]; nearest_labels=['A']; nearest_distance=2.24; farthest_labels=['C']; farthest_distance=6.71""]","[""B""]",B,"[0,2]","[""A""]",2.24,"[""C""]",6.71
coordinate_geometry_2782_open_q1,coordinate_geometry_2782.png,"[""target=B; target_coordinates=[1, -4]; nearest_labels=['A']; nearest_distance=6.08; farthest_labels=['A']; farthest_distance=6.08""]","[""B""]",B,"[1,-4]","[""A""]",6.08,"[""A""]",6.08
coordinate_geometry_2783_open_q1,coordinate_geometry_2783.png,"[""target=B; target_coordinates=[2, 2]; nearest_labels=['A']; nearest_distance=3; farthest_labels=['C']; farthest_distance=4""]","[""B""]",B,"[2,2]","[""A""]",3,"[""C""]",4
coordinate_geometry_2784_open_q1,coordinate_geometry_2784.png,"[""target=D; target_coordinates=[2, -4]; nearest_labels=['A']; nearest_distance=2.24; farthest_labels=['C']; farthest_distance=8.06""]","[""D""]",D,"[2,-4]","[""A""]",2.24,"[""C""]",8.06
coordinate_geometry_2785_open_q1,coordinate_geometry_2785.png,"[""target=A; target_coordinates=[-3, 8]; nearest_labels=['B']; nearest_distance=13.93; farthest_labels=['B']; farthest_distance=13.93""]","[""A""]",A,"[-3,8]","[""B""]",13.93,"[""B""]",13.93
coordinate_geometry_2786_open_q1,coordinate_geometry_2786.png,"[""target=A; target_coordinates=[-1, 0]; nearest_labels=['B']; nearest_distance=2.24; farthest_labels=['C']; farthest_distance=6.71""]","[""A""]",A,"[-1,0]","[""B""]",2.24,"[""C""]",6.71
coordinate_geometry_2787_open_q1,coordinate_geometry_2787.png,"[""target=A; target_coordinates=[-4, -1]; nearest_labels=['B']; nearest_distance=2.24; farthest_labels=['C']; farthest_distance=13.42""]","[""A""]",A,"[-4,-1]","[""B""]",2.24,"[""C""]",13.42
coordinate_geometry_2788_open_q1,coordinate_geometry_2788.png,"[""target=B; target_coordinates=[7, -5]; nearest_labels=['A']; nearest_distance=17.2; farthest_labels=['A']; farthest_distance=17.2""]","[""B""]",B,"[7,-5]","[""A""]",17.2,"[""A""]",17.2
coordinate_geometry_2789_open_q1,coordinate_geometry_2789.png,"[""target=C; target_coordinates=[-6, 6]; nearest_labels=['A']; nearest_distance=8.54; farthest_labels=['B']; farthest_distance=13.6""]","[""C""]",C,"[-6,6]","[""A""]",8.54,"[""B""]",13.6
coordinate_geometry_2790_open_q1,coordinate_geometry_2790.png,"[""target=C; target_coordinates=[-4, -1]; nearest_labels=['A']; nearest_distance=4.12; farthest_labels=['D']; farthest_distance=5.83""]","[""C""]",C,"[-4,-1]","[""A""]",4.12,"[""D""]",5.83
coordinate_geometry_2791_open_q1,coordinate_geometry_2791.png,"[""target=B; target_coordinates=[6, 0]; nearest_labels=['A']; nearest_distance=5; farthest_labels=['A']; farthest_distance=5""]","[""B""]",B,"[6,0]","[""A""]",5,"[""A""]",5
coordinate_geometry_2792_open_q1,coordinate_geometry_2792.png,"[""target=A; target_coordinates=[7, -1]; nearest_labels=['B']; nearest_distance=3.16; farthest_labels=['C']; farthest_distance=10""]","[""A""]",A,"[7,-1]","[""B""]",3.16,"[""C""]",10
coordinate_geometry_2793_open_q1,coordinate_geometry_2793.png,"[""target=B; target_coordinates=[-6, 1]; nearest_labels=['D']; nearest_distance=7.07; farthest_labels=['C']; farthest_distance=13.04""]","[""B""]",B,"[-6,1]","[""D""]",7.07,"[""C""]",13.04
coordinate_geometry_2794_open_q1,coordinate_geometry_2794.png,"[""target=A; target_coordinates=[-4, 6]; nearest_labels=['B']; nearest_distance=7.28; farthest_labels=['B']; farthest_distance=7.28""]","[""A""]",A,"[-4,6]","[""B""]",7.28,"[""B""]",7.28
coordinate_geometry_2795_open_q1,coordinate_geometry_2795.png,"[""target=A; target_coordinates=[4, 0]; nearest_labels=['C']; nearest_distance=3.61; farthest_labels=['B']; farthest_distance=10.63""]","[""A""]",A,"[4,0]","[""C""]",3.61,"[""B""]",10.63
coordinate_geometry_2796_open_q1,coordinate_geometry_2796.png,"[""target=D; target_coordinates=[-7, 8]; nearest_labels=['C']; nearest_distance=14.04; farthest_labels=['A']; farthest_distance=17""]","[""D""]",D,"[-7,8]","[""C""]",14.04,"[""A""]",17
coordinate_geometry_2797_open_q1,coordinate_geometry_2797.png,"[""target=A; target_coordinates=[-8, 2]; nearest_labels=['B']; nearest_distance=9.22; farthest_labels=['B']; farthest_distance=9.22""]","[""A""]",A,"[-8,2]","[""B""]",9.22,"[""B""]",9.22
coordinate_geometry_2798_open_q1,coordinate_geometry_2798.png,"[""target=B; target_coordinates=[2, 7]; nearest_labels=['A']; nearest_distance=6.4; farthest_labels=['C']; farthest_distance=7.21""]","[""B""]",B,"[2,7]","[""A""]",6.4,"[""C""]",7.21
coordinate_geometry_2799_open_q1,coordinate_geometry_2799.png,"[""target=B; target_coordinates=[-6, -4]; nearest_labels=['A']; nearest_distance=13.42; farthest_labels=['D']; farthest_distance=14.04""]","[""B""]",B,"[-6,-4]","[""A""]",13.42,"[""D""]",14.04
coordinate_geometry_2800_open_q1,coordinate_geometry_2800.png,"[""target=A; target_coordinates=[1, 5]; nearest_labels=['B']; nearest_distance=3.16; farthest_labels=['B']; farthest_distance=3.16""]","[""A""]",A,"[1,5]","[""B""]",3.16,"[""B""]",3.16
coordinate_geometry_2801_open_q1,coordinate_geometry_2801.png,"[""target=A; target_coordinates=[3, 4]; nearest_labels=['B']; nearest_distance=3.16; farthest_labels=['C']; farthest_distance=12.17""]","[""A""]",A,"[3,4]","[""B""]",3.16,"[""C""]",12.17
coordinate_geometry_2802_open_q1,coordinate_geometry_2802.png,"[""target=C; target_coordinates=[4, 7]; nearest_labels=['B']; nearest_distance=5; farthest_labels=['A']; farthest_distance=14.87""]","[""C""]",C,"[4,7]","[""B""]",5,"[""A""]",14.87
coordinate_geometry_2803_open_q1,coordinate_geometry_2803.png,"[""target=B; target_coordinates=[-7, -1]; nearest_labels=['A']; nearest_distance=3.16; farthest_labels=['A']; farthest_distance=3.16""]","[""B""]",B,"[-7,-1]","[""A""]",3.16,"[""A""]",3.16
coordinate_geometry_2804_open_q1,coordinate_geometry_2804.png,"[""target=B; target_coordinates=[-6, 4]; nearest_labels=['A']; nearest_distance=3.61; farthest_labels=['C']; farthest_distance=4.47""]","[""B""]",B,"[-6,4]","[""A""]",3.61,"[""C""]",4.47
coordinate_geometry_2805_open_q1,coordinate_geometry_2805.png,"[""target=B; target_coordinates=[6, 7]; nearest_labels=['D']; nearest_distance=7.07; farthest_labels=['C']; farthest_distance=17.8""]","[""B""]",B,"[6,7]","[""D""]",7.07,"[""C""]",17.8
coordinate_geometry_2806_open_q1,coordinate_geometry_2806.png,"[""target=A; target_coordinates=[-7, -8]; nearest_labels=['B']; nearest_distance=9; farthest_labels=['B']; farthest_distance=9""]","[""A""]",A,"[-7,-8]","[""B""]",9,"[""B""]",9
coordinate_geometry_2807_open_q1,coordinate_geometry_2807.png,"[""target=C; target_coordinates=[-7, 4]; nearest_labels=['B']; nearest_distance=13.89; farthest_labels=['A']; farthest_distance=14.87""]","[""C""]",C,"[-7,4]","[""B""]",13.89,"[""A""]",14.87
coordinate_geometry_2808_open_q1,coordinate_geometry_2808.png,"[""target=C; target_coordinates=[7, -4]; nearest_labels=['A']; nearest_distance=10.3; farthest_labels=['B']; farthest_distance=19.21""]","[""C""]",C,"[7,-4]","[""A""]",10.3,"[""B""]",19.21
coordinate_geometry_2809_open_q1,coordinate_geometry_2809.png,"[""target=A; target_coordinates=[-5, 0]; nearest_labels=['B']; nearest_distance=9.85; farthest_labels=['B']; farthest_distance=9.85""]","[""A""]",A,"[-5,0]","[""B""]",9.85,"[""B""]",9.85
coordinate_geometry_2810_open_q1,coordinate_geometry_2810.png,"[""target=C; target_coordinates=[-2, -5]; nearest_labels=['B']; nearest_distance=12.04; farthest_labels=['A']; farthest_distance=14.32""]","[""C""]",C,"[-2,-5]","[""B""]",12.04,"[""A""]",14.32
coordinate_geometry_2811_open_q1,coordinate_geometry_2811.png,"[""target=B; target_coordinates=[-7, 4]; nearest_labels=['A']; nearest_distance=8.49; farthest_labels=['C']; farthest_distance=16.64""]","[""B""]",B,"[-7,4]","[""A""]",8.49,"[""C""]",16.64
coordinate_geometry_2812_open_q1,coordinate_geometry_2812.png,"[""target=B; target_coordinates=[6, 4]; nearest_labels=['A']; nearest_distance=11.05; farthest_labels=['A']; farthest_distance=11.05""]","[""B""]",B,"[6,4]","[""A""]",11.05,"[""A""]",11.05
coordinate_geometry_2813_open_q1,coordinate_geometry_2813.png,"[""target=A; target_coordinates=[-6, -5]; nearest_labels=['B']; nearest_distance=12.65; farthest_labels=['C']; farthest_distance=17.2""]","[""A""]",A,"[-6,-5]","[""B""]",12.65,"[""C""]",17.2
coordinate_geometry_2814_open_q1,coordinate_geometry_2814.png,"[""target=B; target_coordinates=[-3, 6]; nearest_labels=['C']; nearest_distance=7; farthest_labels=['A']; farthest_distance=15.23""]","[""B""]",B,"[-3,6]","[""C""]",7,"[""A""]",15.23
coordinate_geometry_2815_open_q1,coordinate_geometry_2815.png,"[""target=A; target_coordinates=[4, 8]; nearest_labels=['B']; nearest_distance=16.49; farthest_labels=['B']; farthest_distance=16.49""]","[""A""]",A,"[4,8]","[""B""]",16.49,"[""B""]",16.49
coordinate_geometry_2816_open_q1,coordinate_geometry_2816.png,"[""target=A; target_coordinates=[2, 0]; nearest_labels=['B']; nearest_distance=6.4; farthest_labels=['C']; farthest_distance=6.71""]","[""A""]",A,"[2,0]","[""B""]",6.4,"[""C""]",6.71
coordinate_geometry_2817_open_q1,coordinate_geometry_2817.png,"[""target=D; target_coordinates=[3, -3]; nearest_labels=['C']; nearest_distance=5.1; farthest_labels=['A']; farthest_distance=11.18""]","[""D""]",D,"[3,-3]","[""C""]",5.1,"[""A""]",11.18
coordinate_geometry_2818_open_q1,coordinate_geometry_2818.png,"[""target=B; target_coordinates=[-3, -8]; nearest_labels=['A']; nearest_distance=7; farthest_labels=['A']; farthest_distance=7""]","[""B""]",B,"[-3,-8]","[""A""]",7,"[""A""]",7
coordinate_geometry_2819_open_q1,coordinate_geometry_2819.png,"[""target=A; target_coordinates=[2, 6]; nearest_labels=['C']; nearest_distance=7.21; farthest_labels=['B']; farthest_distance=13.93""]","[""A""]",A,"[2,6]","[""C""]",7.21,"[""B""]",13.93
coordinate_geometry_2820_open_q1,coordinate_geometry_2820.png,"[""target=C; target_coordinates=[6, 4]; nearest_labels=['B']; nearest_distance=9.43; farthest_labels=['A']; farthest_distance=12.04""]","[""C""]",C,"[6,4]","[""B""]",9.43,"[""A""]",12.04
coordinate_geometry_2821_open_q1,coordinate_geometry_2821.png,"[""target=A; target_coordinates=[7, 6]; nearest_labels=['B']; nearest_distance=14.76; farthest_labels=['B']; farthest_distance=14.76""]","[""A""]",A,"[7,6]","[""B""]",14.76,"[""B""]",14.76
coordinate_geometry_2822_open_q1,coordinate_geometry_2822.png,"[""target=B; target_coordinates=[-2, 0]; nearest_labels=['A']; nearest_distance=6.71; farthest_labels=['C']; farthest_distance=8.94""]","[""B""]",B,"[-2,0]","[""A""]",6.71,"[""C""]",8.94
coordinate_geometry_2823_open_q1,coordinate_geometry_2823.png,"[""target=C; target_coordinates=[3, -3]; nearest_labels=['B']; nearest_distance=2.83; farthest_labels=['A']; farthest_distance=8.49""]","[""C""]",C,"[3,-3]","[""B""]",2.83,"[""A""]",8.49
coordinate_geometry_2824_open_q1,coordinate_geometry_2824.png,"[""target=A; target_coordinates=[6, -2]; nearest_labels=['B']; nearest_distance=14.04; farthest_labels=['B']; farthest_distance=14.04""]","[""A""]",A,"[6,-2]","[""B""]",14.04,"[""B""]",14.04
coordinate_geometry_2825_open_q1,coordinate_geometry_2825.png,"[""target=A; target_coordinates=[-3, 7]; nearest_labels=['B']; nearest_distance=8.94; farthest_labels=['C']; farthest_distance=13.42""]","[""A""]",A,"[-3,7]","[""B""]",8.94,"[""C""]",13.42
coordinate_geometry_2826_open_q1,coordinate_geometry_2826.png,"[""target=D; target_coordinates=[-2, 1]; nearest_labels=['A']; nearest_distance=2.24; farthest_labels=['C']; farthest_distance=10""]","[""D""]",D,"[-2,1]","[""A""]",2.24,"[""C""]",10
coordinate_geometry_2827_open_q1,coordinate_geometry_2827.png,"[""target=B; target_coordinates=[-1, -5]; nearest_labels=['A']; nearest_distance=5.1; farthest_labels=['A']; farthest_distance=5.1""]","[""B""]",B,"[-1,-5]","[""A""]",5.1,"[""A""]",5.1
coordinate_geometry_2828_open_q1,coordinate_geometry_2828.png,"[""target=B; target_coordinates=[-4, -1]; nearest_labels=['A']; nearest_distance=2.24; farthest_labels=['C']; farthest_distance=4.47""]","[""B""]",B,"[-4,-1]","[""A""]",2.24,"[""C""]",4.47
coordinate_geometry_2829_open_q1,coordinate_geometry_2829.png,"[""target=B; target_coordinates=[1, 0]; nearest_labels=['C']; nearest_distance=3; farthest_labels=['D']; farthest_distance=9.22""]","[""B""]",B,"[1,0]","[""C""]",3,"[""D""]",9.22
coordinate_geometry_2830_open_q1,coordinate_geometry_2830.png,"[""target=B; target_coordinates=[-8, -1]; nearest_labels=['A']; nearest_distance=13.04; farthest_labels=['A']; farthest_distance=13.04""]","[""B""]",B,"[-8,-1]","[""A""]",13.04,"[""A""]",13.04
coordinate_geometry_2831_open_q1,coordinate_geometry_2831.png,"[""target=C; target_coordinates=[3, -3]; nearest_labels=['B']; nearest_distance=2.24; farthest_labels=['A']; farthest_distance=11.18""]","[""C""]",C,"[3,-3]","[""B""]",2.24,"[""A""]",11.18
coordinate_geometry_2832_open_q1,coordinate_geometry_2832.png,"[""target=A; target_coordinates=[-4, -1]; nearest_labels=['B']; nearest_distance=2.24; farthest_labels=['C']; farthest_distance=13.42""]","[""A""]",A,"[-4,-1]","[""B""]",2.24,"[""C""]",13.42
coordinate_geometry_2833_open_q1,coordinate_geometry_2833.png,"[""target=A; target_coordinates=[-6, 0]; nearest_labels=['B']; nearest_distance=6.32; farthest_labels=['B']; farthest_distance=6.32""]","[""A""]",A,"[-6,0]","[""B""]",6.32,"[""B""]",6.32
coordinate_geometry_2834_open_q1,coordinate_geometry_2834.png,"[""target=B; target_coordinates=[-2, -2]; nearest_labels=['C']; nearest_distance=2.24; farthest_labels=['A']; farthest_distance=6.71""]","[""B""]",B,"[-2,-2]","[""C""]",2.24,"[""A""]",6.71
coordinate_geometry_2835_open_q1,coordinate_geometry_2835.png,"[""target=B; target_coordinates=[2, -1]; nearest_labels=['C']; nearest_distance=6.71; farthest_labels=['D']; farthest_distance=11.4""]","[""B""]",B,"[2,-1]","[""C""]",6.71,"[""D""]",11.4
coordinate_geometry_2836_open_q1,coordinate_geometry_2836.png,"[""target=A; target_coordinates=[-4, 1]; nearest_labels=['B']; nearest_distance=7.81; farthest_labels=['B']; farthest_distance=7.81""]","[""A""]",A,"[-4,1]","[""B""]",7.81,"[""B""]",7.81
coordinate_geometry_2837_open_q1,coordinate_geometry_2837.png,"[""target=A; target_coordinates=[0, -3]; nearest_labels=['B']; nearest_distance=2.24; farthest_labels=['C']; farthest_distance=8.94""]","[""A""]",A,"[0,-3]","[""B""]",2.24,"[""C""]",8.94
coordinate_geometry_2838_open_q1,coordinate_geometry_2838.png,"[""target=A; target_coordinates=[-8, 5]; nearest_labels=['B']; nearest_distance=4.47; farthest_labels=['C']; farthest_distance=15.65""]","[""A""]",A,"[-8,5]","[""B""]",4.47,"[""C""]",15.65
coordinate_geometry_2839_open_q1,coordinate_geometry_2839.png,"[""target=B; target_coordinates=[-5, 1]; nearest_labels=['A']; nearest_distance=7.21; farthest_labels=['A']; farthest_distance=7.21""]","[""B""]",B,"[-5,1]","[""A""]",7.21,"[""A""]",7.21
coordinate_geometry_2840_open_q1,coordinate_geometry_2840.png,"[""target=B; target_coordinates=[-1, 1]; nearest_labels=['A']; nearest_distance=2.24; farthest_labels=['C']; farthest_distance=4.47""]","[""B""]",B,"[-1,1]","[""A""]",2.24,"[""C""]",4.47
coordinate_geometry_2841_open_q1,coordinate_geometry_2841.png,"[""target=D; target_coordinates=[-3, 2]; nearest_labels=['B']; nearest_distance=5; farthest_labels=['C']; farthest_distance=7.21""]","[""D""]",D,"[-3,2]","[""B""]",5,"[""C""]",7.21
coordinate_geometry_2842_open_q1,coordinate_geometry_2842.png,"[""target=B; target_coordinates=[7, 8]; nearest_labels=['A']; nearest_distance=8.94; farthest_labels=['A']; farthest_distance=8.94""]","[""B""]",B,"[7,8]","[""A""]",8.94,"[""A""]",8.94
coordinate_geometry_2843_open_q1,coordinate_geometry_2843.png,"[""target=B; target_coordinates=[-1, -1]; nearest_labels=['C']; nearest_distance=4.47; farthest_labels=['A']; farthest_distance=6.71""]","[""B""]",B,"[-1,-1]","[""C""]",4.47,"[""A""]",6.71
coordinate_geometry_2844_open_q1,coordinate_geometry_2844.png,"[""target=C; target_coordinates=[1, 4]; nearest_labels=['B']; nearest_distance=2.83; farthest_labels=['D']; farthest_distance=14.42""]","[""C""]",C,"[1,4]","[""B""]",2.83,"[""D""]",14.42
coordinate_geometry_2845_open_q1,coordinate_geometry_2845.png,"[""target=A; target_coordinates=[3, -2]; nearest_labels=['B']; nearest_distance=7.21; farthest_labels=['B']; farthest_distance=7.21""]","[""A""]",A,"[3,-2]","[""B""]",7.21,"[""B""]",7.21
coordinate_geometry_2846_open_q1,coordinate_geometry_2846.png,"[""target=B; target_coordinates=[-3, 0]; nearest_labels=['C']; nearest_distance=2.24; farthest_labels=['A']; farthest_distance=4.47""]","[""B""]",B,"[-3,0]","[""C""]",2.24,"[""A""]",4.47
coordinate_geometry_2847_open_q1,coordinate_geometry_2847.png,"[""target=C; target_coordinates=[4, -6]; nearest_labels=['D']; nearest_distance=3.61; farthest_labels=['A']; farthest_distance=11.18""]","[""C""]",C,"[4,-6]","[""D""]",3.61,"[""A""]",11.18
coordinate_geometry_2848_open_q1,coordinate_geometry_2848.png,"[""target=A; target_coordinates=[-4, -5]; nearest_labels=['B']; nearest_distance=12.53; farthest_labels=['B']; farthest_distance=12.53""]","[""A""]",A,"[-4,-5]","[""B""]",12.53,"[""B""]",12.53
coordinate_geometry_2849_open_q1,coordinate_geometry_2849.png,"[""target=B; target_coordinates=[6, -1]; nearest_labels=['C']; nearest_distance=12.04; farthest_labels=['A']; farthest_distance=14.87""]","[""B""]",B,"[6,-1]","[""C""]",12.04,"[""A""]",14.87
coordinate_geometry_2850_open_q1,coordinate_geometry_2850.png,"[""target=C; target_coordinates=[-1, 6]; nearest_labels=['B']; nearest_distance=8.6; farthest_labels=['D']; farthest_distance=13.04""]","[""C""]",C,"[-1,6]","[""B""]",8.6,"[""D""]",13.04
coordinate_geometry_2851_open_q1,coordinate_geometry_2851.png,"[""target=A; target_coordinates=[-5, 5]; nearest_labels=['B']; nearest_distance=6.71; farthest_labels=['B']; farthest_distance=6.71""]","[""A""]",A,"[-5,5]","[""B""]",6.71,"[""B""]",6.71
coordinate_geometry_2852_open_q1,coordinate_geometry_2852.png,"[""target=C; target_coordinates=[-8, -7]; nearest_labels=['B']; nearest_distance=7.07; farthest_labels=['A']; farthest_distance=15""]","[""C""]",C,"[-8,-7]","[""B""]",7.07,"[""A""]",15
coordinate_geometry_2853_open_q1,coordinate_geometry_2853.png,"[""target=C; target_coordinates=[8, -4]; nearest_labels=['A']; nearest_distance=4.47; farthest_labels=['D']; farthest_distance=15""]","[""C""]",C,"[8,-4]","[""A""]",4.47,"[""D""]",15
coordinate_geometry_2854_open_q1,coordinate_geometry_2854.png,"[""target=B; target_coordinates=[-6, -5]; nearest_labels=['A']; nearest_distance=17.69; farthest_labels=['A']; farthest_distance=17.69""]","[""B""]",B,"[-6,-5]","[""A""]",17.69,"[""A""]",17.69
coordinate_geometry_2855_open_q1,coordinate_geometry_2855.png,"[""target=A; target_coordinates=[-1, 0]; nearest_labels=['C']; nearest_distance=2.83; farthest_labels=['B']; farthest_distance=8.6""]","[""A""]",A,"[-1,0]","[""C""]",2.83,"[""B""]",8.6
coordinate_geometry_2856_open_q1,coordinate_geometry_2856.png,"[""target=D; target_coordinates=[-3, 0]; nearest_labels=['C']; nearest_distance=4.47; farthest_labels=['B']; farthest_distance=10.82""]","[""D""]",D,"[-3,0]","[""C""]",4.47,"[""B""]",10.82
coordinate_geometry_2857_open_q1,coordinate_geometry_2857.png,"[""target=A; target_coordinates=[2, 0]; nearest_labels=['B']; nearest_distance=11.31; farthest_labels=['B']; farthest_distance=11.31""]","[""A""]",A,"[2,0]","[""B""]",11.31,"[""B""]",11.31
coordinate_geometry_2858_open_q1,coordinate_geometry_2858.png,"[""target=A; target_coordinates=[-2, -5]; nearest_labels=['C']; nearest_distance=5.83; farthest_labels=['B']; farthest_distance=10.63""]","[""A""]",A,"[-2,-5]","[""C""]",5.83,"[""B""]",10.63
coordinate_geometry_2859_open_q1,coordinate_geometry_2859.png,"[""target=B; target_coordinates=[4, -5]; nearest_labels=['A']; nearest_distance=2.24; farthest_labels=['C']; farthest_distance=13.34""]","[""B""]",B,"[4,-5]","[""A""]",2.24,"[""C""]",13.34
coordinate_geometry_2860_open_q1,coordinate_geometry_2860.png,"[""target=A; target_coordinates=[3, 3]; nearest_labels=['B']; nearest_distance=11.7; farthest_labels=['B']; farthest_distance=11.7""]","[""A""]",A,"[3,3]","[""B""]",11.7,"[""B""]",11.7
coordinate_geometry_2861_open_q1,coordinate_geometry_2861.png,"[""target=C; target_coordinates=[-4, -5]; nearest_labels=['A']; nearest_distance=11; farthest_labels=['B']; farthest_distance=12.21""]","[""C""]",C,"[-4,-5]","[""A""]",11,"[""B""]",12.21
coordinate_geometry_2862_open_q1,coordinate_geometry_2862.png,"[""target=C; target_coordinates=[0, -1]; nearest_labels=['B']; nearest_distance=6.32; farthest_labels=['A']; farthest_distance=8""]","[""C""]",C,"[0,-1]","[""B""]",6.32,"[""A""]",8
coordinate_geometry_2863_open_q1,coordinate_geometry_2863.png,"[""target=B; target_coordinates=[-1, 5]; nearest_labels=['A']; nearest_distance=5.1; farthest_labels=['A']; farthest_distance=5.1""]","[""B""]",B,"[-1,5]","[""A""]",5.1,"[""A""]",5.1
coordinate_geometry_2864_open_q1,coordinate_geometry_2864.png,"[""target=C; target_coordinates=[-3, -7]; nearest_labels=['B']; nearest_distance=2.24; farthest_labels=['A']; farthest_distance=14.32""]","[""C""]",C,"[-3,-7]","[""B""]",2.24,"[""A""]",14.32
coordinate_geometry_2865_open_q1,coordinate_geometry_2865.png,"[""target=A; target_coordinates=[-3, -6]; nearest_labels=['D']; nearest_distance=5.1; farthest_labels=['C']; farthest_distance=8.94""]","[""A""]",A,"[-3,-6]","[""D""]",5.1,"[""C""]",8.94
coordinate_geometry_2866_open_q1,coordinate_geometry_2866.png,"[""target=B; target_coordinates=[5, -5]; nearest_labels=['A']; nearest_distance=9.49; farthest_labels=['A']; farthest_distance=9.49""]","[""B""]",B,"[5,-5]","[""A""]",9.49,"[""A""]",9.49
coordinate_geometry_2867_open_q1,coordinate_geometry_2867.png,"[""target=B; target_coordinates=[2, 8]; nearest_labels=['A']; nearest_distance=10.77; farthest_labels=['C']; farthest_distance=16""]","[""B""]",B,"[2,8]","[""A""]",10.77,"[""C""]",16
coordinate_geometry_2868_open_q1,coordinate_geometry_2868.png,"[""target=A; target_coordinates=[-6, -4]; nearest_labels=['B']; nearest_distance=8.06; farthest_labels=['D']; farthest_distance=14.32""]","[""A""]",A,"[-6,-4]","[""B""]",8.06,"[""D""]",14.32
coordinate_geometry_2869_open_q1,coordinate_geometry_2869.png,"[""target=A; target_coordinates=[-1, -6]; nearest_labels=['B']; nearest_distance=2.83; farthest_labels=['B']; farthest_distance=2.83""]","[""A""]",A,"[-1,-6]","[""B""]",2.83,"[""B""]",2.83
coordinate_geometry_2870_open_q1,coordinate_geometry_2870.png,"[""target=C; target_coordinates=[2, -4]; nearest_labels=['B']; nearest_distance=4.24; farthest_labels=['A']; farthest_distance=9.49""]","[""C""]",C,"[2,-4]","[""B""]",4.24,"[""A""]",9.49
coordinate_geometry_2871_open_q1,coordinate_geometry_2871.png,"[""target=A; target_coordinates=[3, 2]; nearest_labels=['C']; nearest_distance=5.39; farthest_labels=['B']; farthest_distance=10""]","[""A""]",A,"[3,2]","[""C""]",5.39,"[""B""]",10
coordinate_geometry_2872_open_q1,coordinate_geometry_2872.png,"[""target=B; target_coordinates=[5, 0]; nearest_labels=['A']; nearest_distance=10.3; farthest_labels=['A']; farthest_distance=10.3""]","[""B""]",B,"[5,0]","[""A""]",10.3,"[""A""]",10.3
coordinate_geometry_2873_open_q1,coordinate_geometry_2873.png,"[""target=C; target_coordinates=[-4, 8]; nearest_labels=['B']; nearest_distance=12.21; farthest_labels=['A']; farthest_distance=18.03""]","[""C""]",C,"[-4,8]","[""B""]",12.21,"[""A""]",18.03
coordinate_geometry_2874_open_q1,coordinate_geometry_2874.png,"[""target=C; target_coordinates=[3, -6]; nearest_labels=['A']; nearest_distance=6.4; farthest_labels=['D']; farthest_distance=12.04""]","[""C""]",C,"[3,-6]","[""A""]",6.4,"[""D""]",12.04
coordinate_geometry_2875_open_q1,coordinate_geometry_2875.png,"[""target=A; target_coordinates=[-2, 5]; nearest_labels=['B']; nearest_distance=2.83; farthest_labels=['B']; farthest_distance=2.83""]","[""A""]",A,"[-2,5]","[""B""]",2.83,"[""B""]",2.83
coordinate_geometry_2876_open_q1,coordinate_geometry_2876.png,"[""target=B; target_coordinates=[2, -8]; nearest_labels=['C']; nearest_distance=10.05; farthest_labels=['A']; farthest_distance=14.21""]","[""B""]",B,"[2,-8]","[""C""]",10.05,"[""A""]",14.21
coordinate_geometry_2877_open_q1,coordinate_geometry_2877.png,"[""target=D; target_coordinates=[4, -8]; nearest_labels=['B']; nearest_distance=5.1; farthest_labels=['C']; farthest_distance=15""]","[""D""]",D,"[4,-8]","[""B""]",5.1,"[""C""]",15
coordinate_geometry_2878_open_q1,coordinate_geometry_2878.png,"[""target=A; target_coordinates=[6, -1]; nearest_labels=['B']; nearest_distance=2.24; farthest_labels=['B']; farthest_distance=2.24""]","[""A""]",A,"[6,-1]","[""B""]",2.24,"[""B""]",2.24
coordinate_geometry_2879_open_q1,coordinate_geometry_2879.png,"[""target=C; target_coordinates=[-5, 7]; nearest_labels=['B']; nearest_distance=13.04; farthest_labels=['A']; farthest_distance=15.03""]","[""C""]",C,"[-5,7]","[""B""]",13.04,"[""A""]",15.03
coordinate_geometry_2880_open_q1,coordinate_geometry_2880.png,"[""target=D; target_coordinates=[-4, 3]; nearest_labels=['A']; nearest_distance=4.24; farthest_labels=['B']; farthest_distance=12.65""]","[""D""]",D,"[-4,3]","[""A""]",4.24,"[""B""]",12.65
coordinate_geometry_2881_open_q1,coordinate_geometry_2881.png,"[""target=A; target_coordinates=[1, 1]; nearest_labels=['B']; nearest_distance=7; farthest_labels=['B']; farthest_distance=7""]","[""A""]",A,"[1,1]","[""B""]",7,"[""B""]",7
coordinate_geometry_2882_open_q1,coordinate_geometry_2882.png,"[""target=C; target_coordinates=[4, 7]; nearest_labels=['B']; nearest_distance=8.94; farthest_labels=['A']; farthest_distance=13.42""]","[""C""]",C,"[4,7]","[""B""]",8.94,"[""A""]",13.42
coordinate_geometry_2883_open_q1,coordinate_geometry_2883.png,"[""target=B; target_coordinates=[3, -2]; nearest_labels=['C']; nearest_distance=2.83; farthest_labels=['D']; farthest_distance=5""]","[""B""]",B,"[3,-2]","[""C""]",2.83,"[""D""]",5
coordinate_geometry_2884_open_q1,coordinate_geometry_2884.png,"[""target=B; target_coordinates=[3, 5]; nearest_labels=['A']; nearest_distance=5; farthest_labels=['A']; farthest_distance=5""]","[""B""]",B,"[3,5]","[""A""]",5,"[""A""]",5
coordinate_geometry_2885_open_q1,coordinate_geometry_2885.png,"[""target=A; target_coordinates=[-4, -4]; nearest_labels=['B']; nearest_distance=4.47; farthest_labels=['C']; farthest_distance=11.18""]","[""A""]",A,"[-4,-4]","[""B""]",4.47,"[""C""]",11.18
coordinate_geometry_2886_open_q1,coordinate_geometry_2886.png,"[""target=D; target_coordinates=[5, -3]; nearest_labels=['C']; nearest_distance=7.81; farthest_labels=['A']; farthest_distance=10.05""]","[""D""]",D,"[5,-3]","[""C""]",7.81,"[""A""]",10.05
coordinate_geometry_2887_open_q1,coordinate_geometry_2887.png,"[""target=A; target_coordinates=[-2, -2]; nearest_labels=['B']; nearest_distance=3.61; farthest_labels=['B']; farthest_distance=3.61""]","[""A""]",A,"[-2,-2]","[""B""]",3.61,"[""B""]",3.61
coordinate_geometry_2888_open_q1,coordinate_geometry_2888.png,"[""target=B; target_coordinates=[2, -4]; nearest_labels=['C']; nearest_distance=4.47; farthest_labels=['A']; farthest_distance=8.94""]","[""B""]",B,"[2,-4]","[""C""]",4.47,"[""A""]",8.94
coordinate_geometry_2889_open_q1,coordinate_geometry_2889.png,"[""target=A; target_coordinates=[-4, 3]; nearest_labels=['B']; nearest_distance=4.24; farthest_labels=['C']; farthest_distance=9.9""]","[""A""]",A,"[-4,3]","[""B""]",4.24,"[""C""]",9.9
coordinate_geometry_2890_open_q1,coordinate_geometry_2890.png,"[""target=A; target_coordinates=[-7, -5]; nearest_labels=['B']; nearest_distance=6; farthest_labels=['B']; farthest_distance=6""]","[""A""]",A,"[-7,-5]","[""B""]",6,"[""B""]",6
coordinate_geometry_2891_open_q1,coordinate_geometry_2891.png,"[""target=A; target_coordinates=[-7, 2]; nearest_labels=['B']; nearest_distance=6.71; farthest_labels=['C']; farthest_distance=8.94""]","[""A""]",A,"[-7,2]","[""B""]",6.71,"[""C""]",8.94
coordinate_geometry_2892_open_q1,coordinate_geometry_2892.png,"[""target=A; target_coordinates=[-1, 4]; nearest_labels=['B']; nearest_distance=2.24; farthest_labels=['C']; farthest_distance=11.18""]","[""A""]",A,"[-1,4]","[""B""]",2.24,"[""C""]",11.18
coordinate_geometry_2893_open_q1,coordinate_geometry_2893.png,"[""target=A; target_coordinates=[-2, 7]; nearest_labels=['B']; nearest_distance=8.54; farthest_labels=['B']; farthest_distance=8.54""]","[""A""]",A,"[-2,7]","[""B""]",8.54,"[""B""]",8.54
coordinate_geometry_2894_open_q1,coordinate_geometry_2894.png,"[""target=B; target_coordinates=[2, 0]; nearest_labels=['C']; nearest_distance=2.24; farthest_labels=['A']; farthest_distance=4.47""]","[""B""]",B,"[2,0]","[""C""]",2.24,"[""A""]",4.47
coordinate_geometry_2895_open_q1,coordinate_geometry_2895.png,"[""target=B; target_coordinates=[1, -1]; nearest_labels=['A']; nearest_distance=2.24; farthest_labels=['C']; farthest_distance=8.94""]","[""B""]",B,"[1,-1]","[""A""]",2.24,"[""C""]",8.94
coordinate_geometry_2896_open_q1,coordinate_geometry_2896.png,"[""target=B; target_coordinates=[-4, -1]; nearest_labels=['A']; nearest_distance=3.16; farthest_labels=['A']; farthest_distance=3.16""]","[""B""]",B,"[-4,-1]","[""A""]",3.16,"[""A""]",3.16
coordinate_geometry_2897_open_q1,coordinate_geometry_2897.png,"[""target=A; target_coordinates=[-5, -2]; nearest_labels=['B']; nearest_distance=4.24; farthest_labels=['C']; farthest_distance=9.9""]","[""A""]",A,"[-5,-2]","[""B""]",4.24,"[""C""]",9.9
coordinate_geometry_2898_open_q1,coordinate_geometry_2898.png,"[""target=D; target_coordinates=[4, 5]; nearest_labels=['C']; nearest_distance=5.1; farthest_labels=['A']; farthest_distance=12.73""]","[""D""]",D,"[4,5]","[""C""]",5.1,"[""A""]",12.73
coordinate_geometry_2899_open_q1,coordinate_geometry_2899.png,"[""target=B; target_coordinates=[4, 5]; nearest_labels=['A']; nearest_distance=5; farthest_labels=['A']; farthest_distance=5""]","[""B""]",B,"[4,5]","[""A""]",5,"[""A""]",5
coordinate_geometry_2900_open_q1,coordinate_geometry_2900.png,"[""target=B; target_coordinates=[-3, 4]; nearest_labels=['A']; nearest_distance=4.47; farthest_labels=['C']; farthest_distance=8.94""]","[""B""]",B,"[-3,4]","[""A""]",4.47,"[""C""]",8.94
coordinate_geometry_2901_open_q1,coordinate_geometry_2901.png,"[""target=D; target_coordinates=[7, 2]; nearest_labels=['C']; nearest_distance=5.39; farthest_labels=['A']; farthest_distance=12.81""]","[""D""]",D,"[7,2]","[""C""]",5.39,"[""A""]",12.81
coordinate_geometry_2902_open_q1,coordinate_geometry_2902.png,"[""target=B; target_coordinates=[0, 5]; nearest_labels=['A']; nearest_distance=7.07; farthest_labels=['A']; farthest_distance=7.07""]","[""B""]",B,"[0,5]","[""A""]",7.07,"[""A""]",7.07
coordinate_geometry_2903_open_q1,coordinate_geometry_2903.png,"[""target=C; target_coordinates=[6, -4]; nearest_labels=['B']; nearest_distance=2.24; farthest_labels=['A']; farthest_distance=6.71""]","[""C""]",C,"[6,-4]","[""B""]",2.24,"[""A""]",6.71
coordinate_geometry_2904_open_q1,coordinate_geometry_2904.png,"[""target=A; target_coordinates=[-1, -4]; nearest_labels=['B']; nearest_distance=2.24; farthest_labels=['D']; farthest_distance=11.4""]","[""A""]",A,"[-1,-4]","[""B""]",2.24,"[""D""]",11.4
coordinate_geometry_2905_open_q1,coordinate_geometry_2905.png,"[""target=B; target_coordinates=[3, 5]; nearest_labels=['A']; nearest_distance=12.04; farthest_labels=['A']; farthest_distance=12.04""]","[""B""]",B,"[3,5]","[""A""]",12.04,"[""A""]",12.04
coordinate_geometry_2906_open_q1,coordinate_geometry_2906.png,"[""target=A; target_coordinates=[-5, -8]; nearest_labels=['B']; nearest_distance=4.47; farthest_labels=['C']; farthest_distance=11.18""]","[""A""]",A,"[-5,-8]","[""B""]",4.47,"[""C""]",11.18
coordinate_geometry_2907_open_q1,coordinate_geometry_2907.png,"[""target=D; target_coordinates=[-4, -4]; nearest_labels=['A']; nearest_distance=4.12; farthest_labels=['C']; farthest_distance=6.4""]","[""D""]",D,"[-4,-4]","[""A""]",4.12,"[""C""]",6.4
coordinate_geometry_2908_open_q1,coordinate_geometry_2908.png,"[""target=B; target_coordinates=[-8, 5]; nearest_labels=['A']; nearest_distance=16.28; farthest_labels=['A']; farthest_distance=16.28""]","[""B""]",B,"[-8,5]","[""A""]",16.28,"[""A""]",16.28
coordinate_geometry_2909_open_q1,coordinate_geometry_2909.png,"[""target=A; target_coordinates=[2, -7]; nearest_labels=['C']; nearest_distance=7.21; farthest_labels=['B']; farthest_distance=7.81""]","[""A""]",A,"[2,-7]","[""C""]",7.21,"[""B""]",7.81
coordinate_geometry_2910_open_q1,coordinate_geometry_2910.png,"[""target=C; target_coordinates=[-5, -4]; nearest_labels=['A']; nearest_distance=5.66; farthest_labels=['D']; farthest_distance=11.7""]","[""C""]",C,"[-5,-4]","[""A""]",5.66,"[""D""]",11.7
coordinate_geometry_2911_open_q1,coordinate_geometry_2911.png,"[""target=A; target_coordinates=[5, 0]; nearest_labels=['B']; nearest_distance=12.53; farthest_labels=['B']; farthest_distance=12.53""]","[""A""]",A,"[5,0]","[""B""]",12.53,"[""B""]",12.53
coordinate_geometry_2912_open_q1,coordinate_geometry_2912.png,"[""target=B; target_coordinates=[0, -8]; nearest_labels=['C']; nearest_distance=11.4; farthest_labels=['A']; farthest_distance=12.37""]","[""B""]",B,"[0,-8]","[""C""]",11.4,"[""A""]",12.37
coordinate_geometry_2913_open_q1,coordinate_geometry_2913.png,"[""target=C; target_coordinates=[8, -1]; nearest_labels=['A']; nearest_distance=10.44; farthest_labels=['D']; farthest_distance=16.03""]","[""C""]",C,"[8,-1]","[""A""]",10.44,"[""D""]",16.03
coordinate_geometry_2914_open_q1,coordinate_geometry_2914.png,"[""target=A; target_coordinates=[8, -5]; nearest_labels=['B']; nearest_distance=17.2; farthest_labels=['B']; farthest_distance=17.2""]","[""A""]",A,"[8,-5]","[""B""]",17.2,"[""B""]",17.2
coordinate_geometry_2915_open_q1,coordinate_geometry_2915.png,"[""target=C; target_coordinates=[7, -2]; nearest_labels=['B']; nearest_distance=4.12; farthest_labels=['A']; farthest_distance=14.76""]","[""C""]",C,"[7,-2]","[""B""]",4.12,"[""A""]",14.76
coordinate_geometry_2916_open_q1,coordinate_geometry_2916.png,"[""target=C; target_coordinates=[-2, 1]; nearest_labels=['A']; nearest_distance=4.24; farthest_labels=['B']; farthest_distance=11.4""]","[""C""]",C,"[-2,1]","[""A""]",4.24,"[""B""]",11.4
coordinate_geometry_2917_open_q1,coordinate_geometry_2917.png,"[""target=B; target_coordinates=[-7, -1]; nearest_labels=['A']; nearest_distance=4.12; farthest_labels=['A']; farthest_distance=4.12""]","[""B""]",B,"[-7,-1]","[""A""]",4.12,"[""A""]",4.12
coordinate_geometry_2918_open_q1,coordinate_geometry_2918.png,"[""target=B; target_coordinates=[-3, -8]; nearest_labels=['A']; nearest_distance=6.4; farthest_labels=['C']; farthest_distance=17.2""]","[""B""]",B,"[-3,-8]","[""A""]",6.4,"[""C""]",17.2
coordinate_geometry_2919_open_q1,coordinate_geometry_2919.png,"[""target=C; target_coordinates=[0, 6]; nearest_labels=['B']; nearest_distance=3.16; farthest_labels=['A']; farthest_distance=11.66""]","[""C""]",C,"[0,6]","[""B""]",3.16,"[""A""]",11.66
coordinate_geometry_2920_open_q1,coordinate_geometry_2920.png,"[""target=A; target_coordinates=[-8, 2]; nearest_labels=['B']; nearest_distance=6.71; farthest_labels=['B']; farthest_distance=6.71""]","[""A""]",A,"[-8,2]","[""B""]",6.71,"[""B""]",6.71
coordinate_geometry_2921_open_q1,coordinate_geometry_2921.png,"[""target=A; target_coordinates=[-1, 7]; nearest_labels=['B']; nearest_distance=6.08; farthest_labels=['C']; farthest_distance=16.16""]","[""A""]",A,"[-1,7]","[""B""]",6.08,"[""C""]",16.16
coordinate_geometry_2922_open_q1,coordinate_geometry_2922.png,"[""target=A; target_coordinates=[0, 6]; nearest_labels=['D']; nearest_distance=9; farthest_labels=['B']; farthest_distance=14.42""]","[""A""]",A,"[0,6]","[""D""]",9,"[""B""]",14.42
coordinate_geometry_2923_open_q1,coordinate_geometry_2923.png,"[""target=A; target_coordinates=[-8, 4]; nearest_labels=['B']; nearest_distance=15; farthest_labels=['B']; farthest_distance=15""]","[""A""]",A,"[-8,4]","[""B""]",15,"[""B""]",15
coordinate_geometry_2924_open_q1,coordinate_geometry_2924.png,"[""target=A; target_coordinates=[5, -7]; nearest_labels=['B']; nearest_distance=12.81; farthest_labels=['C']; farthest_distance=14.32""]","[""A""]",A,"[5,-7]","[""B""]",12.81,"[""C""]",14.32
coordinate_geometry_2925_open_q1,coordinate_geometry_2925.png,"[""target=B; target_coordinates=[2, -7]; nearest_labels=['C']; nearest_distance=3.61; farthest_labels=['A']; farthest_distance=15.52""]","[""B""]",B,"[2,-7]","[""C""]",3.61,"[""A""]",15.52
coordinate_geometry_2926_open_q1,coordinate_geometry_2926.png,"[""target=A; target_coordinates=[0, -7]; nearest_labels=['B']; nearest_distance=14.04; farthest_labels=['B']; farthest_distance=14.04""]","[""A""]",A,"[0,-7]","[""B""]",14.04,"[""B""]",14.04
coordinate_geometry_2927_open_q1,coordinate_geometry_2927.png,"[""target=C; target_coordinates=[-1, 3]; nearest_labels=['A']; nearest_distance=10.05; farthest_labels=['B']; farthest_distance=11.4""]","[""C""]",C,"[-1,3]","[""A""]",10.05,"[""B""]",11.4
coordinate_geometry_2928_open_q1,coordinate_geometry_2928.png,"[""target=D; target_coordinates=[-8, 7]; nearest_labels=['B']; nearest_distance=13; farthest_labels=['C']; farthest_distance=15.23""]","[""D""]",D,"[-8,7]","[""B""]",13,"[""C""]",15.23
coordinate_geometry_2929_open_q1,coordinate_geometry_2929.png,"[""target=A; target_coordinates=[0, -1]; nearest_labels=['B']; nearest_distance=6.08; farthest_labels=['B']; farthest_distance=6.08""]","[""A""]",A,"[0,-1]","[""B""]",6.08,"[""B""]",6.08
coordinate_geometry_2930_open_q1,coordinate_geometry_2930.png,"[""target=C; target_coordinates=[-5, 7]; nearest_labels=['B']; nearest_distance=3.61; farthest_labels=['A']; farthest_distance=9.06""]","[""C""]",C,"[-5,7]","[""B""]",3.61,"[""A""]",9.06
coordinate_geometry_2931_open_q1,coordinate_geometry_2931.png,"[""target=D; target_coordinates=[-3, -5]; nearest_labels=['C']; nearest_distance=4.47; farthest_labels=['B']; farthest_distance=14.87""]","[""D""]",D,"[-3,-5]","[""C""]",4.47,"[""B""]",14.87
coordinate_geometry_2932_open_q1,coordinate_geometry_2932.png,"[""target=A; target_coordinates=[2, -8]; nearest_labels=['B']; nearest_distance=17.46; farthest_labels=['B']; farthest_distance=17.46""]","[""A""]",A,"[2,-8]","[""B""]",17.46,"[""B""]",17.46
coordinate_geometry_2933_open_q1,coordinate_geometry_2933.png,"[""target=B; target_coordinates=[8, -7]; nearest_labels=['A']; nearest_distance=9.9; farthest_labels=['C']; farthest_distance=15""]","[""B""]",B,"[8,-7]","[""A""]",9.9,"[""C""]",15
coordinate_geometry_2934_open_q1,coordinate_geometry_2934.png,"[""target=D; target_coordinates=[4, 2]; nearest_labels=['C']; nearest_distance=4.24; farthest_labels=['A']; farthest_distance=13.6""]","[""D""]",D,"[4,2]","[""C""]",4.24,"[""A""]",13.6
coordinate_geometry_2935_open_q1,coordinate_geometry_2935.png,"[""target=A; target_coordinates=[7, 5]; nearest_labels=['B']; nearest_distance=13.45; farthest_labels=['B']; farthest_distance=13.45""]","[""A""]",A,"[7,5]","[""B""]",13.45,"[""B""]",13.45
coordinate_geometry_2936_open_q1,coordinate_geometry_2936.png,"[""target=C; target_coordinates=[-1, -8]; nearest_labels=['B']; nearest_distance=13.04; farthest_labels=['A']; farthest_distance=14.32""]","[""C""]",C,"[-1,-8]","[""B""]",13.04,"[""A""]",14.32
coordinate_geometry_2937_open_q1,coordinate_geometry_2937.png,"[""target=D; target_coordinates=[-2, 1]; nearest_labels=['B']; nearest_distance=5; farthest_labels=['A']; farthest_distance=9.22""]","[""D""]",D,"[-2,1]","[""B""]",5,"[""A""]",9.22
coordinate_geometry_2938_open_q1,coordinate_geometry_2938.png,"[""target=A; target_coordinates=[4, -8]; nearest_labels=['B']; nearest_distance=7.21; farthest_labels=['B']; farthest_distance=7.21""]","[""A""]",A,"[4,-8]","[""B""]",7.21,"[""B""]",7.21
coordinate_geometry_2939_open_q1,coordinate_geometry_2939.png,"[""target=A; target_coordinates=[6, 8]; nearest_labels=['C']; nearest_distance=8.6; farthest_labels=['B']; farthest_distance=14.04""]","[""A""]",A,"[6,8]","[""C""]",8.6,"[""B""]",14.04
coordinate_geometry_2940_open_q1,coordinate_geometry_2940.png,"[""target=B; target_coordinates=[1, 1]; nearest_labels=['A']; nearest_distance=7.21; farthest_labels=['D']; farthest_distance=9.22""]","[""B""]",B,"[1,1]","[""A""]",7.21,"[""D""]",9.22
coordinate_geometry_2941_open_q1,coordinate_geometry_2941.png,"[""target=B; target_coordinates=[-6, 8]; nearest_labels=['A']; nearest_distance=12.37; farthest_labels=['A']; farthest_distance=12.37""]","[""B""]",B,"[-6,8]","[""A""]",12.37,"[""A""]",12.37
coordinate_geometry_2942_open_q1,coordinate_geometry_2942.png,"[""target=C; target_coordinates=[3, 8]; nearest_labels=['B']; nearest_distance=13.42; farthest_labels=['A']; farthest_distance=17.89""]","[""C""]",C,"[3,8]","[""B""]",13.42,"[""A""]",17.89
coordinate_geometry_2943_open_q1,coordinate_geometry_2943.png,"[""target=D; target_coordinates=[-6, 4]; nearest_labels=['A']; nearest_distance=3.16; farthest_labels=['C']; farthest_distance=13.6""]","[""D""]",D,"[-6,4]","[""A""]",3.16,"[""C""]",13.6
coordinate_geometry_2944_open_q1,coordinate_geometry_2944.png,"[""target=B; target_coordinates=[-5, -4]; nearest_labels=['A']; nearest_distance=11.05; farthest_labels=['A']; farthest_distance=11.05""]","[""B""]",B,"[-5,-4]","[""A""]",11.05,"[""A""]",11.05
coordinate_geometry_2945_open_q1,coordinate_geometry_2945.png,"[""target=B; target_coordinates=[0, -1]; nearest_labels=['C']; nearest_distance=2.83; farthest_labels=['A']; farthest_distance=5.66""]","[""B""]",B,"[0,-1]","[""C""]",2.83,"[""A""]",5.66
coordinate_geometry_2946_open_q1,coordinate_geometry_2946.png,"[""target=C; target_coordinates=[1, 2]; nearest_labels=['B']; nearest_distance=5.66; farthest_labels=['A']; farthest_distance=8.49""]","[""C""]",C,"[1,2]","[""B""]",5.66,"[""A""]",8.49
coordinate_geometry_2947_open_q1,coordinate_geometry_2947.png,"[""target=B; target_coordinates=[6, -2]; nearest_labels=['A']; nearest_distance=4; farthest_labels=['A']; farthest_distance=4""]","[""B""]",B,"[6,-2]","[""A""]",4,"[""A""]",4
coordinate_geometry_2948_open_q1,coordinate_geometry_2948.png,"[""target=C; target_coordinates=[3, 4]; nearest_labels=['B']; nearest_distance=4.47; farthest_labels=['A']; farthest_distance=11.18""]","[""C""]",C,"[3,4]","[""B""]",4.47,"[""A""]",11.18
coordinate_geometry_2949_open_q1,coordinate_geometry_2949.png,"[""target=C; target_coordinates=[2, 7]; nearest_labels=['B']; nearest_distance=2.24; farthest_labels=['D']; farthest_distance=14.04""]","[""C""]",C,"[2,7]","[""B""]",2.24,"[""D""]",14.04
coordinate_geometry_2950_open_q1,coordinate_geometry_2950.png,"[""target=A; target_coordinates=[3, -1]; nearest_labels=['B']; nearest_distance=11.4; farthest_labels=['B']; farthest_distance=11.4""]","[""A""]",A,"[3,-1]","[""B""]",11.4,"[""B""]",11.4
coordinate_geometry_2951_open_q1,coordinate_geometry_2951.png,"[""target=B; target_coordinates=[-1, -4]; nearest_labels=['C']; nearest_distance=2.24; farthest_labels=['A']; farthest_distance=4.47""]","[""B""]",B,"[-1,-4]","[""C""]",2.24,"[""A""]",4.47
coordinate_geometry_2952_open_q1,coordinate_geometry_2952.png,"[""target=C; target_coordinates=[6, 6]; nearest_labels=['B']; nearest_distance=2.24; farthest_labels=['D']; farthest_distance=13.45""]","[""C""]",C,"[6,6]","[""B""]",2.24,"[""D""]",13.45
coordinate_geometry_2953_open_q1,coordinate_geometry_2953.png,"[""target=B; target_coordinates=[1, 8]; nearest_labels=['A']; nearest_distance=8.6; farthest_labels=['A']; farthest_distance=8.6""]","[""B""]",B,"[1,8]","[""A""]",8.6,"[""A""]",8.6
coordinate_geometry_2954_open_q1,coordinate_geometry_2954.png,"[""target=B; target_coordinates=[-1, 1]; nearest_labels=['A']; nearest_distance=2.24; farthest_labels=['C']; farthest_distance=6.71""]","[""B""]",B,"[-1,1]","[""A""]",2.24,"[""C""]",6.71
coordinate_geometry_2955_open_q1,coordinate_geometry_2955.png,"[""target=B; target_coordinates=[0, -1]; nearest_labels=['D']; nearest_distance=5.39; farthest_labels=['A']; farthest_distance=8.94""]","[""B""]",B,"[0,-1]","[""D""]",5.39,"[""A""]",8.94
coordinate_geometry_2956_open_q1,coordinate_geometry_2956.png,"[""target=A; target_coordinates=[-1, -5]; nearest_labels=['B']; nearest_distance=7.07; farthest_labels=['B']; farthest_distance=7.07""]","[""A""]",A,"[-1,-5]","[""B""]",7.07,"[""B""]",7.07
coordinate_geometry_2957_open_q1,coordinate_geometry_2957.png,"[""target=B; target_coordinates=[4, 4]; nearest_labels=['C']; nearest_distance=2.24; farthest_labels=['A']; farthest_distance=11.18""]","[""B""]",B,"[4,4]","[""C""]",2.24,"[""A""]",11.18
coordinate_geometry_2958_open_q1,coordinate_geometry_2958.png,"[""target=A; target_coordinates=[-4, 6]; nearest_labels=['B']; nearest_distance=4.47; farthest_labels=['C']; farthest_distance=15.65""]","[""A""]",A,"[-4,6]","[""B""]",4.47,"[""C""]",15.65
coordinate_geometry_2959_open_q1,coordinate_geometry_2959.png,"[""target=A; target_coordinates=[-8, -7]; nearest_labels=['B']; nearest_distance=11; farthest_labels=['B']; farthest_distance=11""]","[""A""]",A,"[-8,-7]","[""B""]",11,"[""B""]",11
coordinate_geometry_2960_open_q1,coordinate_geometry_2960.png,"[""target=B; target_coordinates=[-1, -1]; nearest_labels=['A']; nearest_distance=3; farthest_labels=['C']; farthest_distance=4""]","[""B""]",B,"[-1,-1]","[""A""]",3,"[""C""]",4
coordinate_geometry_2961_open_q1,coordinate_geometry_2961.png,"[""target=C; target_coordinates=[8, 2]; nearest_labels=['B']; nearest_distance=2.24; farthest_labels=['A']; farthest_distance=17.89""]","[""C""]",C,"[8,2]","[""B""]",2.24,"[""A""]",17.89
coordinate_geometry_2962_open_q1,coordinate_geometry_2962.png,"[""target=A; target_coordinates=[-3, 4]; nearest_labels=['B']; nearest_distance=5.83; farthest_labels=['B']; farthest_distance=5.83""]","[""A""]",A,"[-3,4]","[""B""]",5.83,"[""B""]",5.83
coordinate_geometry_2963_open_q1,coordinate_geometry_2963.png,"[""target=B; target_coordinates=[2, -5]; nearest_labels=['C']; nearest_distance=2.24; farthest_labels=['A']; farthest_distance=6.71""]","[""B""]",B,"[2,-5]","[""C""]",2.24,"[""A""]",6.71
coordinate_geometry_2964_open_q1,coordinate_geometry_2964.png,"[""target=B; target_coordinates=[5, -2]; nearest_labels=['C']; nearest_distance=2.24; farthest_labels=['D']; farthest_distance=12.65""]","[""B""]",B,"[5,-2]","[""C""]",2.24,"[""D""]",12.65
coordinate_geometry_2965_open_q1,coordinate_geometry_2965.png,"[""target=B; target_coordinates=[3, -3]; nearest_labels=['A']; nearest_distance=10.44; farthest_labels=['A']; farthest_distance=10.44""]","[""B""]",B,"[3,-3]","[""A""]",10.44,"[""A""]",10.44
coordinate_geometry_2966_open_q1,coordinate_geometry_2966.png,"[""target=C; target_coordinates=[5, -1]; nearest_labels=['B']; nearest_distance=5; farthest_labels=['A']; farthest_distance=8""]","[""C""]",C,"[5,-1]","[""B""]",5,"[""A""]",8
coordinate_geometry_2967_open_q1,coordinate_geometry_2967.png,"[""target=A; target_coordinates=[-2, -7]; nearest_labels=['B']; nearest_distance=4.47; farthest_labels=['D']; farthest_distance=9.43""]","[""A""]",A,"[-2,-7]","[""B""]",4.47,"[""D""]",9.43
coordinate_geometry_2968_open_q1,coordinate_geometry_2968.png,"[""target=A; target_coordinates=[-8, 0]; nearest_labels=['B']; nearest_distance=13; farthest_labels=['B']; farthest_distance=13""]","[""A""]",A,"[-8,0]","[""B""]",13,"[""B""]",13
coordinate_geometry_2969_open_q1,coordinate_geometry_2969.png,"[""target=C; target_coordinates=[0, -4]; nearest_labels=['A']; nearest_distance=4.12; farthest_labels=['B']; farthest_distance=5""]","[""C""]",C,"[0,-4]","[""A""]",4.12,"[""B""]",5
coordinate_geometry_2970_open_q1,coordinate_geometry_2970.png,"[""target=D; target_coordinates=[-7, 8]; nearest_labels=['B']; nearest_distance=3; farthest_labels=['A']; farthest_distance=13.42""]","[""D""]",D,"[-7,8]","[""B""]",3,"[""A""]",13.42
coordinate_geometry_2971_open_q1,coordinate_geometry_2971.png,"[""target=B; target_coordinates=[-6, 5]; nearest_labels=['A']; nearest_distance=13; farthest_labels=['A']; farthest_distance=13""]","[""B""]",B,"[-6,5]","[""A""]",13,"[""A""]",13
coordinate_geometry_2972_open_q1,coordinate_geometry_2972.png,"[""target=B; target_coordinates=[1, -5]; nearest_labels=['C']; nearest_distance=6.71; farthest_labels=['A']; farthest_distance=11.66""]","[""B""]",B,"[1,-5]","[""C""]",6.71,"[""A""]",11.66
coordinate_geometry_2973_open_q1,coordinate_geometry_2973.png,"[""target=A; target_coordinates=[3, 1]; nearest_labels=['B']; nearest_distance=6.08; farthest_labels=['C']; farthest_distance=12.21""]","[""A""]",A,"[3,1]","[""B""]",6.08,"[""C""]",12.21
coordinate_geometry_2974_open_q1,coordinate_geometry_2974.png,"[""target=B; target_coordinates=[-5, -3]; nearest_labels=['A']; nearest_distance=11.18; farthest_labels=['A']; farthest_distance=11.18""]","[""B""]",B,"[-5,-3]","[""A""]",11.18,"[""A""]",11.18
coordinate_geometry_2975_open_q1,coordinate_geometry_2975.png,"[""target=A; target_coordinates=[5, 1]; nearest_labels=['B']; nearest_distance=6.71; farthest_labels=['C']; farthest_distance=8.06""]","[""A""]",A,"[5,1]","[""B""]",6.71,"[""C""]",8.06
coordinate_geometry_2976_open_q1,coordinate_geometry_2976.png,"[""target=C; target_coordinates=[8, 7]; nearest_labels=['B']; nearest_distance=6; farthest_labels=['A']; farthest_distance=13.15""]","[""C""]",C,"[8,7]","[""B""]",6,"[""A""]",13.15
coordinate_geometry_2977_open_q1,coordinate_geometry_2977.png,"[""target=A; target_coordinates=[-4, 1]; nearest_labels=['B']; nearest_distance=5.1; farthest_labels=['B']; farthest_distance=5.1""]","[""A""]",A,"[-4,1]","[""B""]",5.1,"[""B""]",5.1
coordinate_geometry_2978_open_q1,coordinate_geometry_2978.png,"[""target=B; target_coordinates=[-7, 6]; nearest_labels=['A']; nearest_distance=9.85; farthest_labels=['C']; farthest_distance=12.81""]","[""B""]",B,"[-7,6]","[""A""]",9.85,"[""C""]",12.81
coordinate_geometry_2979_open_q1,coordinate_geometry_2979.png,"[""target=D; target_coordinates=[5, -2]; nearest_labels=['B']; nearest_distance=4; farthest_labels=['C']; farthest_distance=7.62""]","[""D""]",D,"[5,-2]","[""B""]",4,"[""C""]",7.62
coordinate_geometry_2980_open_q1,coordinate_geometry_2980.png,"[""target=A; target_coordinates=[-2, -6]; nearest_labels=['B']; nearest_distance=2.24; farthest_labels=['B']; farthest_distance=2.24""]","[""A""]",A,"[-2,-6]","[""B""]",2.24,"[""B""]",2.24
coordinate_geometry_2981_open_q1,coordinate_geometry_2981.png,"[""target=A; target_coordinates=[2, -1]; nearest_labels=['B']; nearest_distance=6.08; farthest_labels=['C']; farthest_distance=8.06""]","[""A""]",A,"[2,-1]","[""B""]",6.08,"[""C""]",8.06
coordinate_geometry_2982_open_q1,coordinate_geometry_2982.png,"[""target=C; target_coordinates=[7, -1]; nearest_labels=['A']; nearest_distance=5.39; farthest_labels=['B']; farthest_distance=13.93""]","[""C""]",C,"[7,-1]","[""A""]",5.39,"[""B""]",13.93
coordinate_geometry_2983_open_q1,coordinate_geometry_2983.png,"[""target=B; target_coordinates=[4, 6]; nearest_labels=['A']; nearest_distance=5.1; farthest_labels=['A']; farthest_distance=5.1""]","[""B""]",B,"[4,6]","[""A""]",5.1,"[""A""]",5.1
coordinate_geometry_2984_open_q1,coordinate_geometry_2984.png,"[""target=B; target_coordinates=[0, 3]; nearest_labels=['C']; nearest_distance=5.83; farthest_labels=['A']; farthest_distance=7""]","[""B""]",B,"[0,3]","[""C""]",5.83,"[""A""]",7
coordinate_geometry_2985_open_q1,coordinate_geometry_2985.png,"[""target=C; target_coordinates=[-3, 2]; nearest_labels=['B']; nearest_distance=9.49; farthest_labels=['D']; farthest_distance=13.45""]","[""C""]",C,"[-3,2]","[""B""]",9.49,"[""D""]",13.45
coordinate_geometry_2986_open_q1,coordinate_geometry_2986.png,"[""target=A; target_coordinates=[2, -4]; nearest_labels=['B']; nearest_distance=3.16; farthest_labels=['B']; farthest_distance=3.16""]","[""A""]",A,"[2,-4]","[""B""]",3.16,"[""B""]",3.16
coordinate_geometry_2987_open_q1,coordinate_geometry_2987.png,"[""target=A; target_coordinates=[3, 3]; nearest_labels=['C']; nearest_distance=6; farthest_labels=['B']; farthest_distance=11.05""]","[""A""]",A,"[3,3]","[""C""]",6,"[""B""]",11.05
coordinate_geometry_2988_open_q1,coordinate_geometry_2988.png,"[""target=A; target_coordinates=[-5, 6]; nearest_labels=['C']; nearest_distance=3; farthest_labels=['B']; farthest_distance=11""]","[""A""]",A,"[-5,6]","[""C""]",3,"[""B""]",11
coordinate_geometry_2989_open_q1,coordinate_geometry_2989.png,"[""target=A; target_coordinates=[-4, -2]; nearest_labels=['B']; nearest_distance=2.24; farthest_labels=['B']; farthest_distance=2.24""]","[""A""]",A,"[-4,-2]","[""B""]",2.24,"[""B""]",2.24
coordinate_geometry_2990_open_q1,coordinate_geometry_2990.png,"[""target=A; target_coordinates=[7, -4]; nearest_labels=['C']; nearest_distance=4.47; farthest_labels=['B']; farthest_distance=11""]","[""A""]",A,"[7,-4]","[""C""]",4.47,"[""B""]",11
coordinate_geometry_2991_open_q1,coordinate_geometry_2991.png,"[""target=B; target_coordinates=[8, -7]; nearest_labels=['A']; nearest_distance=16; farthest_labels=['D']; farthest_distance=18.03""]","[""B""]",B,"[8,-7]","[""A""]",16,"[""D""]",18.03
coordinate_geometry_2992_open_q1,coordinate_geometry_2992.png,"[""target=A; target_coordinates=[8, -8]; nearest_labels=['B']; nearest_distance=16.64; farthest_labels=['B']; farthest_distance=16.64""]","[""A""]",A,"[8,-8]","[""B""]",16.64,"[""B""]",16.64
coordinate_geometry_2993_open_q1,coordinate_geometry_2993.png,"[""target=B; target_coordinates=[-7, 5]; nearest_labels=['C']; nearest_distance=6; farthest_labels=['A']; farthest_distance=15.13""]","[""B""]",B,"[-7,5]","[""C""]",6,"[""A""]",15.13
coordinate_geometry_2994_open_q1,coordinate_geometry_2994.png,"[""target=A; target_coordinates=[2, 7]; nearest_labels=['D']; nearest_distance=5.1; farthest_labels=['B']; farthest_distance=9""]","[""A""]",A,"[2,7]","[""D""]",5.1,"[""B""]",9
coordinate_geometry_2995_open_q1,coordinate_geometry_2995.png,"[""target=A; target_coordinates=[3, 5]; nearest_labels=['B']; nearest_distance=4.24; farthest_labels=['B']; farthest_distance=4.24""]","[""A""]",A,"[3,5]","[""B""]",4.24,"[""B""]",4.24
coordinate_geometry_2996_open_q1,coordinate_geometry_2996.png,"[""target=A; target_coordinates=[1, 4]; nearest_labels=['B']; nearest_distance=5.83; farthest_labels=['C']; farthest_distance=10""]","[""A""]",A,"[1,4]","[""B""]",5.83,"[""C""]",10
coordinate_geometry_2997_open_q1,coordinate_geometry_2997.png,"[""target=A; target_coordinates=[-7, 3]; nearest_labels=['D']; nearest_distance=13.45; farthest_labels=['C']; farthest_distance=16.55""]","[""A""]",A,"[-7,3]","[""D""]",13.45,"[""C""]",16.55
coordinate_geometry_2998_open_q1,coordinate_geometry_2998.png,"[""target=A; target_coordinates=[-4, -4]; nearest_labels=['B']; nearest_distance=5.39; farthest_labels=['B']; farthest_distance=5.39""]","[""A""]",A,"[-4,-4]","[""B""]",5.39,"[""B""]",5.39
coordinate_geometry_2999_open_q1,coordinate_geometry_2999.png,"[""target=C; target_coordinates=[-8, -3]; nearest_labels=['B']; nearest_distance=8.06; farthest_labels=['A']; farthest_distance=10.77""]","[""C""]",C,"[-8,-3]","[""B""]",8.06,"[""A""]",10.77
coordinate_geometry_3000_open_q1,coordinate_geometry_3000.png,"[""target=B; target_coordinates=[0, 1]; nearest_labels=['D']; nearest_distance=2.24; farthest_labels=['A']; farthest_distance=7.07""]","[""B""]",B,"[0,1]","[""D""]",2.24,"[""A""]",7.07
