question_id,image,acceptance_set,targets,tolerances,symmetry_type,pattern_status
symmetry_pattern_0001_open_q1,symmetry_pattern_0001.png,"[""symmetry_type=2-fold rotation; pattern_status=broken""]","[""whole pattern""]",{},2-fold rotation,broken
symmetry_pattern_0002_open_q1,symmetry_pattern_0002.png,"[""symmetry_type=3-fold rotation; pattern_status=intact""]","[""whole pattern""]",{},3-fold rotation,intact
symmetry_pattern_0003_open_q1,symmetry_pattern_0003.png,"[""symmetry_type=4-fold rotation; pattern_status=broken""]","[""whole pattern""]",{},4-fold rotation,broken
symmetry_pattern_0004_open_q1,symmetry_pattern_0004.png,"[""symmetry_type=6-fold rotation; pattern_status=intact""]","[""whole pattern""]",{},6-fold rotation,intact
symmetry_pattern_0005_open_q1,symmetry_pattern_0005.png,"[""symmetry_type=horizontal mirror; pattern_status=broken""]","[""whole pattern""]",{},horizontal mirror,broken
symmetry_pattern_0006_open_q1,symmetry_pattern_0006.png,"[""symmetry_type=vertical mirror; pattern_status=intact""]","[""whole pattern""]",{},vertical mirror,intact
symmetry_pattern_0007_open_q1,symmetry_pattern_0007.png,"[""symmetry_type=horizontal and vertical mirrors; pattern_status=broken""]","[""whole pattern""]",{},horizontal and vertical mirrors,broken
symmetry_pattern_0008_open_q1,symmetry_pattern_0008.png,"[""symmetry_type=2-fold rotation; pattern_status=intact""]","[""whole pattern""]",{},2-fold rotation,intact
symmetry_pattern_0009_open_q1,symmetry_pattern_0009.png,"[""symmetry_type=3-fold rotation; pattern_status=broken""]","[""whole pattern""]",{},3-fold rotation,broken
symmetry_pattern_0010_open_q1,symmetry_pattern_0010.png,"[""symmetry_type=4-fold rotation; pattern_status=intact""]","[""whole pattern""]",{},4-fold rotation,intact
symmetry_pattern_0011_open_q1,symmetry_pattern_0011.png,"[""symmetry_type=6-fold rotation; pattern_status=broken""]","[""whole pattern""]",{},6-fold rotation,broken
symmetry_pattern_0012_open_q1,symmetry_pattern_0012.png,"[""symmetry_type=horizontal mirror; pattern_status=intact""]","[""whole pattern""]",{},horizontal mirror,intact
symmetry_pattern_0013_open_q1,symmetry_pattern_0013.png,"[""symmetry_type=vertical mirror; pattern_status=broken""]","[""whole pattern""]",{},vertical mirror,broken
symmetry_pattern_0014_open_q1,symmetry_pattern_0014.png,"[""symmetry_type=horizontal and vertical mirrors; pattern_status=intact""]","[""whole pattern""]",{},horizontal and vertical mirrors,intact
symmetry_pattern_0015_open_q1,symmetry_pattern_0015.png,"[""symmetry_type=2-fold rotation; pattern_status=broken""]","[""whole pattern""]",{},2-fold rotation,broken
symmetry_pattern_0016_open_q1,symmetry_pattern_0016.png,"[""symmetry_type=3-fold rotation; pattern_status=intact""]","[""whole pattern""]",{},3-fold rotation,intact
symmetry_pattern_0017_open_q1,symmetry_pattern_0017.png,"[""symmetry_type=4-fold rotation; pattern_status=broken""]","[""whole pattern""]",{},4-fold rotation,broken
symmetry_pattern_0018_open_q1,symmetry_pattern_0018.png,"[""symmetry_type=6-fold rotation; pattern_status=intact""]","[""whole pattern""]",{},6-fold rotation,intact
symmetry_pattern_0019_open_q1,symmetry_pattern_0019.png,"[""symmetry_type=horizontal mirror; pattern_status=broken""]","[""whole pattern""]",{},horizontal mirror,broken
symmetry_pattern_0020_open_q1,symmetry_pattern_0020.png,"[""symmetry_type=vertical mirror; pattern_status=intact""]","[""whole pattern""]",{},vertical mirror,intact
symmetry_pattern_0021_open_q1,symmetry_pattern_0021.png,"[""symmetry_type=horizontal and vertical mirrors; pattern_status=broken""]","[""whole pattern""]",{},horizontal and vertical mirrors,broken
symmetry_pattern_0022_open_q1,symmetry_pattern_0022.png,"[""symmetry_type=2-fold rotation; pattern_status=intact""]","[""whole pattern""]",{},2-fold rotation,intact
symmetry_pattern_0023_open_q1,symmetry_pattern_0023.png,"[""symmetry_type=3-fold rotation; pattern_status=broken""]","[""whole pattern""]",{},3-fold rotation,broken
symmetry_pattern_0024_open_q1,symmetry_pattern_0024.png,"[""symmetry_type=4-fold rotation; pattern_status=intact""]","[""whole pattern""]",{},4-fold rotation,intact
symmetry_pattern_0025_open_q1,symmetry_pattern_0025.png,"[""symmetry_type=6-fold rotation; pattern_status=broken""]","[""whole pattern""]",{},6-fold rotation,broken
symmetry_pattern_0026_open_q1,symmetry_pattern_0026.png,"[""symmetry_type=horizontal mirror; pattern_status=intact""]","[""whole pattern""]",{},horizontal mirror,intact
symmetry_pattern_0027_open_q1,symmetry_pattern_0027.png,"[""symmetry_type=vertical mirror; pattern_status=broken""]","[""whole pattern""]",{},vertical mirror,broken
symmetry_pattern_0028_open_q1,symmetry_pattern_0028.png,"[""symmetry_type=horizontal and vertical mirrors; pattern_status=intact""]","[""whole pattern""]",{},horizontal and vertical mirrors,intact
symmetry_pattern_0029_open_q1,symmetry_pattern_0029.png,"[""symmetry_type=2-fold rotation; pattern_status=broken""]","[""whole pattern""]",{},2-fold rotation,broken
symmetry_pattern_0030_open_q1,symmetry_pattern_0030.png,"[""symmetry_type=3-fold rotation; pattern_status=intact""]","[""whole pattern""]",{},3-fold rotation,intact
symmetry_pattern_0031_open_q1,symmetry_pattern_0031.png,"[""symmetry_type=4-fold rotation; pattern_status=broken""]","[""whole pattern""]",{},4-fold rotation,broken
symmetry_pattern_0032_open_q1,symmetry_pattern_0032.png,"[""symmetry_type=6-fold rotation; pattern_status=intact""]","[""whole pattern""]",{},6-fold rotation,intact
symmetry_pattern_0033_open_q1,symmetry_pattern_0033.png,"[""symmetry_type=horizontal mirror; pattern_status=broken""]","[""whole pattern""]",{},horizontal mirror,broken
symmetry_pattern_0034_open_q1,symmetry_pattern_0034.png,"[""symmetry_type=vertical mirror; pattern_status=intact""]","[""whole pattern""]",{},vertical mirror,intact
symmetry_pattern_0035_open_q1,symmetry_pattern_0035.png,"[""symmetry_type=horizontal and vertical mirrors; pattern_status=broken""]","[""whole pattern""]",{},horizontal and vertical mirrors,broken
symmetry_pattern_0036_open_q1,symmetry_pattern_0036.png,"[""symmetry_type=2-fold rotation; pattern_status=intact""]","[""whole pattern""]",{},2-fold rotation,intact
symmetry_pattern_0037_open_q1,symmetry_pattern_0037.png,"[""symmetry_type=3-fold rotation; pattern_status=broken""]","[""whole pattern""]",{},3-fold rotation,broken
symmetry_pattern_0038_open_q1,symmetry_pattern_0038.png,"[""symmetry_type=4-fold rotation; pattern_status=intact""]","[""whole pattern""]",{},4-fold rotation,intact
symmetry_pattern_0039_open_q1,symmetry_pattern_0039.png,"[""symmetry_type=6-fold rotation; pattern_status=broken""]","[""whole pattern""]",{},6-fold rotation,broken
symmetry_pattern_0040_open_q1,symmetry_pattern_0040.png,"[""symmetry_type=horizontal mirror; pattern_status=intact""]","[""whole pattern""]",{},horizontal mirror,intact
symmetry_pattern_0041_open_q1,symmetry_pattern_0041.png,"[""symmetry_type=vertical mirror; pattern_status=broken""]","[""whole pattern""]",{},vertical mirror,broken
symmetry_pattern_0042_open_q1,symmetry_pattern_0042.png,"[""symmetry_type=horizontal and vertical mirrors; pattern_status=intact""]","[""whole pattern""]",{},horizontal and vertical mirrors,intact
symmetry_pattern_0043_open_q1,symmetry_pattern_0043.png,"[""symmetry_type=2-fold rotation; pattern_status=broken""]","[""whole pattern""]",{},2-fold rotation,broken
symmetry_pattern_0044_open_q1,symmetry_pattern_0044.png,"[""symmetry_type=3-fold rotation; pattern_status=intact""]","[""whole pattern""]",{},3-fold rotation,intact
symmetry_pattern_0045_open_q1,symmetry_pattern_0045.png,"[""symmetry_type=4-fold rotation; pattern_status=broken""]","[""whole pattern""]",{},4-fold rotation,broken
symmetry_pattern_0046_open_q1,symmetry_pattern_0046.png,"[""symmetry_type=6-fold rotation; pattern_status=intact""]","[""whole pattern""]",{},6-fold rotation,intact
symmetry_pattern_0047_open_q1,symmetry_pattern_0047.png,"[""symmetry_type=horizontal mirror; pattern_status=broken""]","[""whole pattern""]",{},horizontal mirror,broken
symmetry_pattern_0048_open_q1,symmetry_pattern_0048.png,"[""symmetry_type=vertical mirror; pattern_status=intact""]","[""whole pattern""]",{},vertical mirror,intact
symmetry_pattern_0049_open_q1,symmetry_pattern_0049.png,"[""symmetry_type=horizontal and vertical mirrors; pattern_status=broken""]","[""whole pattern""]",{},horizontal and vertical mirrors,broken
symmetry_pattern_0050_open_q1,symmetry_pattern_0050.png,"[""symmetry_type=2-fold rotation; pattern_status=intact""]","[""whole pattern""]",{},2-fold rotation,intact
symmetry_pattern_0051_open_q1,symmetry_pattern_0051.png,"[""symmetry_type=3-fold rotation; pattern_status=broken""]","[""whole pattern""]",{},3-fold rotation,broken
symmetry_pattern_0052_open_q1,symmetry_pattern_0052.png,"[""symmetry_type=4-fold rotation; pattern_status=intact""]","[""whole pattern""]",{},4-fold rotation,intact
symmetry_pattern_0053_open_q1,symmetry_pattern_0053.png,"[""symmetry_type=6-fold rotation; pattern_status=broken""]","[""whole pattern""]",{},6-fold rotation,broken
symmetry_pattern_0054_open_q1,symmetry_pattern_0054.png,"[""symmetry_type=horizontal mirror; pattern_status=intact""]","[""whole pattern""]",{},horizontal mirror,intact
symmetry_pattern_0055_open_q1,symmetry_pattern_0055.png,"[""symmetry_type=vertical mirror; pattern_status=broken""]","[""whole pattern""]",{},vertical mirror,broken
symmetry_pattern_0056_open_q1,symmetry_pattern_0056.png,"[""symmetry_type=horizontal and vertical mirrors; pattern_status=intact""]","[""whole pattern""]",{},horizontal and vertical mirrors,intact
symmetry_pattern_0057_open_q1,symmetry_pattern_0057.png,"[""symmetry_type=2-fold rotation; pattern_status=broken""]","[""whole pattern""]",{},2-fold rotation,broken
symmetry_pattern_0058_open_q1,symmetry_pattern_0058.png,"[""symmetry_type=3-fold rotation; pattern_status=intact""]","[""whole pattern""]",{},3-fold rotation,intact
symmetry_pattern_0059_open_q1,symmetry_pattern_0059.png,"[""symmetry_type=4-fold rotation; pattern_status=broken""]","[""whole pattern""]",{},4-fold rotation,broken
symmetry_pattern_0060_open_q1,symmetry_pattern_0060.png,"[""symmetry_type=6-fold rotation; pattern_status=intact""]","[""whole pattern""]",{},6-fold rotation,intact
symmetry_pattern_0061_open_q1,symmetry_pattern_0061.png,"[""symmetry_type=horizontal mirror; pattern_status=broken""]","[""whole pattern""]",{},horizontal mirror,broken
symmetry_pattern_0062_open_q1,symmetry_pattern_0062.png,"[""symmetry_type=vertical mirror; pattern_status=intact""]","[""whole pattern""]",{},vertical mirror,intact
symmetry_pattern_0063_open_q1,symmetry_pattern_0063.png,"[""symmetry_type=horizontal and vertical mirrors; pattern_status=broken""]","[""whole pattern""]",{},horizontal and vertical mirrors,broken
symmetry_pattern_0064_open_q1,symmetry_pattern_0064.png,"[""symmetry_type=2-fold rotation; pattern_status=intact""]","[""whole pattern""]",{},2-fold rotation,intact
symmetry_pattern_0065_open_q1,symmetry_pattern_0065.png,"[""symmetry_type=3-fold rotation; pattern_status=broken""]","[""whole pattern""]",{},3-fold rotation,broken
symmetry_pattern_0066_open_q1,symmetry_pattern_0066.png,"[""symmetry_type=4-fold rotation; pattern_status=intact""]","[""whole pattern""]",{},4-fold rotation,intact
symmetry_pattern_0067_open_q1,symmetry_pattern_0067.png,"[""symmetry_type=6-fold rotation; pattern_status=broken""]","[""whole pattern""]",{},6-fold rotation,broken
symmetry_pattern_0068_open_q1,symmetry_pattern_0068.png,"[""symmetry_type=horizontal mirror; pattern_status=intact""]","[""whole pattern""]",{},horizontal mirror,intact
symmetry_pattern_0069_open_q1,symmetry_pattern_0069.png,"[""symmetry_type=vertical mirror; pattern_status=broken""]","[""whole pattern""]",{},vertical mirror,broken
symmetry_pattern_0070_open_q1,symmetry_pattern_0070.png,"[""symmetry_type=horizontal and vertical mirrors; pattern_status=intact""]","[""whole pattern""]",{},horizontal and vertical mirrors,intact
symmetry_pattern_0071_open_q1,symmetry_pattern_0071.png,"[""symmetry_type=2-fold rotation; pattern_status=broken""]","[""whole pattern""]",{},2-fold rotation,broken
symmetry_pattern_0072_open_q1,symmetry_pattern_0072.png,"[""symmetry_type=3-fold rotation; pattern_status=intact""]","[""whole pattern""]",{},3-fold rotation,intact
symmetry_pattern_0073_open_q1,symmetry_pattern_0073.png,"[""symmetry_type=4-fold rotation; pattern_status=broken""]","[""whole pattern""]",{},4-fold rotation,broken
symmetry_pattern_0074_open_q1,symmetry_pattern_0074.png,"[""symmetry_type=6-fold rotation; pattern_status=intact""]","[""whole pattern""]",{},6-fold rotation,intact
symmetry_pattern_0075_open_q1,symmetry_pattern_0075.png,"[""symmetry_type=horizontal mirror; pattern_status=broken""]","[""whole pattern""]",{},horizontal mirror,broken
symmetry_pattern_0076_open_q1,symmetry_pattern_0076.png,"[""symmetry_type=vertical mirror; pattern_status=intact""]","[""whole pattern""]",{},vertical mirror,intact
symmetry_pattern_0077_open_q1,symmetry_pattern_0077.png,"[""symmetry_type=horizontal and vertical mirrors; pattern_status=broken""]","[""whole pattern""]",{},horizontal and vertical mirrors,broken
symmetry_pattern_0078_open_q1,symmetry_pattern_0078.png,"[""symmetry_type=2-fold rotation; pattern_status=intact""]","[""whole pattern""]",{},2-fold rotation,intact
symmetry_pattern_0079_open_q1,symmetry_pattern_0079.png,"[""symmetry_type=3-fold rotation; pattern_status=broken""]","[""whole pattern""]",{},3-fold rotation,broken
symmetry_pattern_0080_open_q1,symmetry_pattern_0080.png,"[""symmetry_type=4-fold rotation; pattern_status=intact""]","[""whole pattern""]",{},4-fold rotation,intact
symmetry_pattern_0081_open_q1,symmetry_pattern_0081.png,"[""symmetry_type=6-fold rotation; pattern_status=broken""]","[""whole pattern""]",{},6-fold rotation,broken
symmetry_pattern_0082_open_q1,symmetry_pattern_0082.png,"[""symmetry_type=horizontal mirror; pattern_status=intact""]","[""whole pattern""]",{},horizontal mirror,intact
symmetry_pattern_0083_open_q1,symmetry_pattern_0083.png,"[""symmetry_type=vertical mirror; pattern_status=broken""]","[""whole pattern""]",{},vertical mirror,broken
symmetry_pattern_0084_open_q1,symmetry_pattern_0084.png,"[""symmetry_type=horizontal and vertical mirrors; pattern_status=intact""]","[""whole pattern""]",{},horizontal and vertical mirrors,intact
symmetry_pattern_0085_open_q1,symmetry_pattern_0085.png,"[""symmetry_type=2-fold rotation; pattern_status=broken""]","[""whole pattern""]",{},2-fold rotation,broken
symmetry_pattern_0086_open_q1,symmetry_pattern_0086.png,"[""symmetry_type=3-fold rotation; pattern_status=intact""]","[""whole pattern""]",{},3-fold rotation,intact
symmetry_pattern_0087_open_q1,symmetry_pattern_0087.png,"[""symmetry_type=4-fold rotation; pattern_status=broken""]","[""whole pattern""]",{},4-fold rotation,broken
symmetry_pattern_0088_open_q1,symmetry_pattern_0088.png,"[""symmetry_type=6-fold rotation; pattern_status=intact""]","[""whole pattern""]",{},6-fold rotation,intact
symmetry_pattern_0089_open_q1,symmetry_pattern_0089.png,"[""symmetry_type=horizontal mirror; pattern_status=broken""]","[""whole pattern""]",{},horizontal mirror,broken
symmetry_pattern_0090_open_q1,symmetry_pattern_0090.png,"[""symmetry_type=vertical mirror; pattern_status=intact""]","[""whole pattern""]",{},vertical mirror,intact
symmetry_pattern_0091_open_q1,symmetry_pattern_0091.png,"[""symmetry_type=horizontal and vertical mirrors; pattern_status=broken""]","[""whole pattern""]",{},horizontal and vertical mirrors,broken
symmetry_pattern_0092_open_q1,symmetry_pattern_0092.png,"[""symmetry_type=2-fold rotation; pattern_status=intact""]","[""whole pattern""]",{},2-fold rotation,intact
symmetry_pattern_0093_open_q1,symmetry_pattern_0093.png,"[""symmetry_type=3-fold rotation; pattern_status=broken""]","[""whole pattern""]",{},3-fold rotation,broken
symmetry_pattern_0094_open_q1,symmetry_pattern_0094.png,"[""symmetry_type=4-fold rotation; pattern_status=intact""]","[""whole pattern""]",{},4-fold rotation,intact
symmetry_pattern_0095_open_q1,symmetry_pattern_0095.png,"[""symmetry_type=6-fold rotation; pattern_status=broken""]","[""whole pattern""]",{},6-fold rotation,broken
symmetry_pattern_0096_open_q1,symmetry_pattern_0096.png,"[""symmetry_type=horizontal mirror; pattern_status=intact""]","[""whole pattern""]",{},horizontal mirror,intact
symmetry_pattern_0097_open_q1,symmetry_pattern_0097.png,"[""symmetry_type=vertical mirror; pattern_status=broken""]","[""whole pattern""]",{},vertical mirror,broken
symmetry_pattern_0098_open_q1,symmetry_pattern_0098.png,"[""symmetry_type=horizontal and vertical mirrors; pattern_status=intact""]","[""whole pattern""]",{},horizontal and vertical mirrors,intact
symmetry_pattern_0099_open_q1,symmetry_pattern_0099.png,"[""symmetry_type=2-fold rotation; pattern_status=broken""]","[""whole pattern""]",{},2-fold rotation,broken
symmetry_pattern_0100_open_q1,symmetry_pattern_0100.png,"[""symmetry_type=3-fold rotation; pattern_status=intact""]","[""whole pattern""]",{},3-fold rotation,intact
symmetry_pattern_0101_open_q1,symmetry_pattern_0101.png,"[""symmetry_type=4-fold rotation; pattern_status=broken""]","[""whole pattern""]",{},4-fold rotation,broken
symmetry_pattern_0102_open_q1,symmetry_pattern_0102.png,"[""symmetry_type=6-fold rotation; pattern_status=intact""]","[""whole pattern""]",{},6-fold rotation,intact
symmetry_pattern_0103_open_q1,symmetry_pattern_0103.png,"[""symmetry_type=horizontal mirror; pattern_status=broken""]","[""whole pattern""]",{},horizontal mirror,broken
symmetry_pattern_0104_open_q1,symmetry_pattern_0104.png,"[""symmetry_type=vertical mirror; pattern_status=intact""]","[""whole pattern""]",{},vertical mirror,intact
symmetry_pattern_0105_open_q1,symmetry_pattern_0105.png,"[""symmetry_type=horizontal and vertical mirrors; pattern_status=broken""]","[""whole pattern""]",{},horizontal and vertical mirrors,broken
symmetry_pattern_0106_open_q1,symmetry_pattern_0106.png,"[""symmetry_type=2-fold rotation; pattern_status=intact""]","[""whole pattern""]",{},2-fold rotation,intact
symmetry_pattern_0107_open_q1,symmetry_pattern_0107.png,"[""symmetry_type=3-fold rotation; pattern_status=broken""]","[""whole pattern""]",{},3-fold rotation,broken
symmetry_pattern_0108_open_q1,symmetry_pattern_0108.png,"[""symmetry_type=4-fold rotation; pattern_status=intact""]","[""whole pattern""]",{},4-fold rotation,intact
symmetry_pattern_0109_open_q1,symmetry_pattern_0109.png,"[""symmetry_type=6-fold rotation; pattern_status=broken""]","[""whole pattern""]",{},6-fold rotation,broken
symmetry_pattern_0110_open_q1,symmetry_pattern_0110.png,"[""symmetry_type=horizontal mirror; pattern_status=intact""]","[""whole pattern""]",{},horizontal mirror,intact
symmetry_pattern_0111_open_q1,symmetry_pattern_0111.png,"[""symmetry_type=vertical mirror; pattern_status=broken""]","[""whole pattern""]",{},vertical mirror,broken
symmetry_pattern_0112_open_q1,symmetry_pattern_0112.png,"[""symmetry_type=horizontal and vertical mirrors; pattern_status=intact""]","[""whole pattern""]",{},horizontal and vertical mirrors,intact
symmetry_pattern_0113_open_q1,symmetry_pattern_0113.png,"[""symmetry_type=2-fold rotation; pattern_status=broken""]","[""whole pattern""]",{},2-fold rotation,broken
symmetry_pattern_0114_open_q1,symmetry_pattern_0114.png,"[""symmetry_type=3-fold rotation; pattern_status=intact""]","[""whole pattern""]",{},3-fold rotation,intact
symmetry_pattern_0115_open_q1,symmetry_pattern_0115.png,"[""symmetry_type=4-fold rotation; pattern_status=broken""]","[""whole pattern""]",{},4-fold rotation,broken
symmetry_pattern_0116_open_q1,symmetry_pattern_0116.png,"[""symmetry_type=6-fold rotation; pattern_status=intact""]","[""whole pattern""]",{},6-fold rotation,intact
symmetry_pattern_0117_open_q1,symmetry_pattern_0117.png,"[""symmetry_type=horizontal mirror; pattern_status=broken""]","[""whole pattern""]",{},horizontal mirror,broken
symmetry_pattern_0118_open_q1,symmetry_pattern_0118.png,"[""symmetry_type=vertical mirror; pattern_status=intact""]","[""whole pattern""]",{},vertical mirror,intact
symmetry_pattern_0119_open_q1,symmetry_pattern_0119.png,"[""symmetry_type=horizontal and vertical mirrors; pattern_status=broken""]","[""whole pattern""]",{},horizontal and vertical mirrors,broken
symmetry_pattern_0120_open_q1,symmetry_pattern_0120.png,"[""symmetry_type=2-fold rotation; pattern_status=intact""]","[""whole pattern""]",{},2-fold rotation,intact
symmetry_pattern_0121_open_q1,symmetry_pattern_0121.png,"[""symmetry_type=3-fold rotation; pattern_status=broken""]","[""whole pattern""]",{},3-fold rotation,broken
symmetry_pattern_0122_open_q1,symmetry_pattern_0122.png,"[""symmetry_type=4-fold rotation; pattern_status=intact""]","[""whole pattern""]",{},4-fold rotation,intact
symmetry_pattern_0123_open_q1,symmetry_pattern_0123.png,"[""symmetry_type=6-fold rotation; pattern_status=broken""]","[""whole pattern""]",{},6-fold rotation,broken
symmetry_pattern_0124_open_q1,symmetry_pattern_0124.png,"[""symmetry_type=horizontal mirror; pattern_status=intact""]","[""whole pattern""]",{},horizontal mirror,intact
symmetry_pattern_0125_open_q1,symmetry_pattern_0125.png,"[""symmetry_type=vertical mirror; pattern_status=broken""]","[""whole pattern""]",{},vertical mirror,broken
symmetry_pattern_0126_open_q1,symmetry_pattern_0126.png,"[""symmetry_type=horizontal and vertical mirrors; pattern_status=intact""]","[""whole pattern""]",{},horizontal and vertical mirrors,intact
symmetry_pattern_0127_open_q1,symmetry_pattern_0127.png,"[""symmetry_type=2-fold rotation; pattern_status=broken""]","[""whole pattern""]",{},2-fold rotation,broken
symmetry_pattern_0128_open_q1,symmetry_pattern_0128.png,"[""symmetry_type=3-fold rotation; pattern_status=intact""]","[""whole pattern""]",{},3-fold rotation,intact
symmetry_pattern_0129_open_q1,symmetry_pattern_0129.png,"[""symmetry_type=4-fold rotation; pattern_status=broken""]","[""whole pattern""]",{},4-fold rotation,broken
symmetry_pattern_0130_open_q1,symmetry_pattern_0130.png,"[""symmetry_type=6-fold rotation; pattern_status=intact""]","[""whole pattern""]",{},6-fold rotation,intact
symmetry_pattern_0131_open_q1,symmetry_pattern_0131.png,"[""symmetry_type=horizontal mirror; pattern_status=broken""]","[""whole pattern""]",{},horizontal mirror,broken
symmetry_pattern_0132_open_q1,symmetry_pattern_0132.png,"[""symmetry_type=vertical mirror; pattern_status=intact""]","[""whole pattern""]",{},vertical mirror,intact
symmetry_pattern_0133_open_q1,symmetry_pattern_0133.png,"[""symmetry_type=horizontal and vertical mirrors; pattern_status=broken""]","[""whole pattern""]",{},horizontal and vertical mirrors,broken
symmetry_pattern_0134_open_q1,symmetry_pattern_0134.png,"[""symmetry_type=2-fold rotation; pattern_status=intact""]","[""whole pattern""]",{},2-fold rotation,intact
symmetry_pattern_0135_open_q1,symmetry_pattern_0135.png,"[""symmetry_type=3-fold rotation; pattern_status=broken""]","[""whole pattern""]",{},3-fold rotation,broken
symmetry_pattern_0136_open_q1,symmetry_pattern_0136.png,"[""symmetry_type=4-fold rotation; pattern_status=intact""]","[""whole pattern""]",{},4-fold rotation,intact
symmetry_pattern_0137_open_q1,symmetry_pattern_0137.png,"[""symmetry_type=6-fold rotation; pattern_status=broken""]","[""whole pattern""]",{},6-fold rotation,broken
symmetry_pattern_0138_open_q1,symmetry_pattern_0138.png,"[""symmetry_type=horizontal mirror; pattern_status=intact""]","[""whole pattern""]",{},horizontal mirror,intact
symmetry_pattern_0139_open_q1,symmetry_pattern_0139.png,"[""symmetry_type=vertical mirror; pattern_status=broken""]","[""whole pattern""]",{},vertical mirror,broken
symmetry_pattern_0140_open_q1,symmetry_pattern_0140.png,"[""symmetry_type=horizontal and vertical mirrors; pattern_status=intact""]","[""whole pattern""]",{},horizontal and vertical mirrors,intact
symmetry_pattern_0141_open_q1,symmetry_pattern_0141.png,"[""symmetry_type=2-fold rotation; pattern_status=broken""]","[""whole pattern""]",{},2-fold rotation,broken
symmetry_pattern_0142_open_q1,symmetry_pattern_0142.png,"[""symmetry_type=3-fold rotation; pattern_status=intact""]","[""whole pattern""]",{},3-fold rotation,intact
symmetry_pattern_0143_open_q1,symmetry_pattern_0143.png,"[""symmetry_type=4-fold rotation; pattern_status=broken""]","[""whole pattern""]",{},4-fold rotation,broken
symmetry_pattern_0144_open_q1,symmetry_pattern_0144.png,"[""symmetry_type=6-fold rotation; pattern_status=intact""]","[""whole pattern""]",{},6-fold rotation,intact
symmetry_pattern_0145_open_q1,symmetry_pattern_0145.png,"[""symmetry_type=horizontal mirror; pattern_status=broken""]","[""whole pattern""]",{},horizontal mirror,broken
symmetry_pattern_0146_open_q1,symmetry_pattern_0146.png,"[""symmetry_type=vertical mirror; pattern_status=intact""]","[""whole pattern""]",{},vertical mirror,intact
symmetry_pattern_0147_open_q1,symmetry_pattern_0147.png,"[""symmetry_type=horizontal and vertical mirrors; pattern_status=broken""]","[""whole pattern""]",{},horizontal and vertical mirrors,broken
symmetry_pattern_0148_open_q1,symmetry_pattern_0148.png,"[""symmetry_type=2-fold rotation; pattern_status=intact""]","[""whole pattern""]",{},2-fold rotation,intact
symmetry_pattern_0149_open_q1,symmetry_pattern_0149.png,"[""symmetry_type=3-fold rotation; pattern_status=broken""]","[""whole pattern""]",{},3-fold rotation,broken
symmetry_pattern_0150_open_q1,symmetry_pattern_0150.png,"[""symmetry_type=4-fold rotation; pattern_status=intact""]","[""whole pattern""]",{},4-fold rotation,intact
symmetry_pattern_0151_open_q1,symmetry_pattern_0151.png,"[""symmetry_type=6-fold rotation; pattern_status=broken""]","[""whole pattern""]",{},6-fold rotation,broken
symmetry_pattern_0152_open_q1,symmetry_pattern_0152.png,"[""symmetry_type=horizontal mirror; pattern_status=intact""]","[""whole pattern""]",{},horizontal mirror,intact
symmetry_pattern_0153_open_q1,symmetry_pattern_0153.png,"[""symmetry_type=vertical mirror; pattern_status=broken""]","[""whole pattern""]",{},vertical mirror,broken
symmetry_pattern_0154_open_q1,symmetry_pattern_0154.png,"[""symmetry_type=horizontal and vertical mirrors; pattern_status=intact""]","[""whole pattern""]",{},horizontal and vertical mirrors,intact
symmetry_pattern_0155_open_q1,symmetry_pattern_0155.png,"[""symmetry_type=2-fold rotation; pattern_status=broken""]","[""whole pattern""]",{},2-fold rotation,broken
symmetry_pattern_0156_open_q1,symmetry_pattern_0156.png,"[""symmetry_type=3-fold rotation; pattern_status=intact""]","[""whole pattern""]",{},3-fold rotation,intact
symmetry_pattern_0157_open_q1,symmetry_pattern_0157.png,"[""symmetry_type=4-fold rotation; pattern_status=broken""]","[""whole pattern""]",{},4-fold rotation,broken
symmetry_pattern_0158_open_q1,symmetry_pattern_0158.png,"[""symmetry_type=6-fold rotation; pattern_status=intact""]","[""whole pattern""]",{},6-fold rotation,intact
symmetry_pattern_0159_open_q1,symmetry_pattern_0159.png,"[""symmetry_type=horizontal mirror; pattern_status=broken""]","[""whole pattern""]",{},horizontal mirror,broken
symmetry_pattern_0160_open_q1,symmetry_pattern_0160.png,"[""symmetry_type=vertical mirror; pattern_status=intact""]","[""whole pattern""]",{},vertical mirror,intact
symmetry_pattern_0161_open_q1,symmetry_pattern_0161.png,"[""symmetry_type=horizontal and vertical mirrors; pattern_status=broken""]","[""whole pattern""]",{},horizontal and vertical mirrors,broken
symmetry_pattern_0162_open_q1,symmetry_pattern_0162.png,"[""symmetry_type=2-fold rotation; pattern_status=intact""]","[""whole pattern""]",{},2-fold rotation,intact
symmetry_pattern_0163_open_q1,symmetry_pattern_0163.png,"[""symmetry_type=3-fold rotation; pattern_status=broken""]","[""whole pattern""]",{},3-fold rotation,broken
symmetry_pattern_0164_open_q1,symmetry_pattern_0164.png,"[""symmetry_type=4-fold rotation; pattern_status=intact""]","[""whole pattern""]",{},4-fold rotation,intact
symmetry_pattern_0165_open_q1,symmetry_pattern_0165.png,"[""symmetry_type=6-fold rotation; pattern_status=broken""]","[""whole pattern""]",{},6-fold rotation,broken
symmetry_pattern_0166_open_q1,symmetry_pattern_0166.png,"[""symmetry_type=horizontal mirror; pattern_status=intact""]","[""whole pattern""]",{},horizontal mirror,intact
symmetry_pattern_0167_open_q1,symmetry_pattern_0167.png,"[""symmetry_type=vertical mirror; pattern_status=broken""]","[""whole pattern""]",{},vertical mirror,broken
symmetry_pattern_0168_open_q1,symmetry_pattern_0168.png,"[""symmetry_type=horizontal and vertical mirrors; pattern_status=intact""]","[""whole pattern""]",{},horizontal and vertical mirrors,intact
symmetry_pattern_0169_open_q1,symmetry_pattern_0169.png,"[""symmetry_type=2-fold rotation; pattern_status=broken""]","[""whole pattern""]",{},2-fold rotation,broken
symmetry_pattern_0170_open_q1,symmetry_pattern_0170.png,"[""symmetry_type=3-fold rotation; pattern_status=intact""]","[""whole pattern""]",{},3-fold rotation,intact
symmetry_pattern_0171_open_q1,symmetry_pattern_0171.png,"[""symmetry_type=4-fold rotation; pattern_status=broken""]","[""whole pattern""]",{},4-fold rotation,broken
symmetry_pattern_0172_open_q1,symmetry_pattern_0172.png,"[""symmetry_type=6-fold rotation; pattern_status=intact""]","[""whole pattern""]",{},6-fold rotation,intact
symmetry_pattern_0173_open_q1,symmetry_pattern_0173.png,"[""symmetry_type=horizontal mirror; pattern_status=broken""]","[""whole pattern""]",{},horizontal mirror,broken
symmetry_pattern_0174_open_q1,symmetry_pattern_0174.png,"[""symmetry_type=vertical mirror; pattern_status=intact""]","[""whole pattern""]",{},vertical mirror,intact
symmetry_pattern_0175_open_q1,symmetry_pattern_0175.png,"[""symmetry_type=horizontal and vertical mirrors; pattern_status=broken""]","[""whole pattern""]",{},horizontal and vertical mirrors,broken
symmetry_pattern_0176_open_q1,symmetry_pattern_0176.png,"[""symmetry_type=2-fold rotation; pattern_status=intact""]","[""whole pattern""]",{},2-fold rotation,intact
symmetry_pattern_0177_open_q1,symmetry_pattern_0177.png,"[""symmetry_type=3-fold rotation; pattern_status=broken""]","[""whole pattern""]",{},3-fold rotation,broken
symmetry_pattern_0178_open_q1,symmetry_pattern_0178.png,"[""symmetry_type=4-fold rotation; pattern_status=intact""]","[""whole pattern""]",{},4-fold rotation,intact
symmetry_pattern_0179_open_q1,symmetry_pattern_0179.png,"[""symmetry_type=6-fold rotation; pattern_status=broken""]","[""whole pattern""]",{},6-fold rotation,broken
symmetry_pattern_0180_open_q1,symmetry_pattern_0180.png,"[""symmetry_type=horizontal mirror; pattern_status=intact""]","[""whole pattern""]",{},horizontal mirror,intact
symmetry_pattern_0181_open_q1,symmetry_pattern_0181.png,"[""symmetry_type=vertical mirror; pattern_status=broken""]","[""whole pattern""]",{},vertical mirror,broken
symmetry_pattern_0182_open_q1,symmetry_pattern_0182.png,"[""symmetry_type=horizontal and vertical mirrors; pattern_status=intact""]","[""whole pattern""]",{},horizontal and vertical mirrors,intact
symmetry_pattern_0183_open_q1,symmetry_pattern_0183.png,"[""symmetry_type=2-fold rotation; pattern_status=broken""]","[""whole pattern""]",{},2-fold rotation,broken
symmetry_pattern_0184_open_q1,symmetry_pattern_0184.png,"[""symmetry_type=3-fold rotation; pattern_status=intact""]","[""whole pattern""]",{},3-fold rotation,intact
symmetry_pattern_0185_open_q1,symmetry_pattern_0185.png,"[""symmetry_type=4-fold rotation; pattern_status=broken""]","[""whole pattern""]",{},4-fold rotation,broken
symmetry_pattern_0186_open_q1,symmetry_pattern_0186.png,"[""symmetry_type=6-fold rotation; pattern_status=intact""]","[""whole pattern""]",{},6-fold rotation,intact
symmetry_pattern_0187_open_q1,symmetry_pattern_0187.png,"[""symmetry_type=horizontal mirror; pattern_status=broken""]","[""whole pattern""]",{},horizontal mirror,broken
symmetry_pattern_0188_open_q1,symmetry_pattern_0188.png,"[""symmetry_type=vertical mirror; pattern_status=intact""]","[""whole pattern""]",{},vertical mirror,intact
symmetry_pattern_0189_open_q1,symmetry_pattern_0189.png,"[""symmetry_type=horizontal and vertical mirrors; pattern_status=broken""]","[""whole pattern""]",{},horizontal and vertical mirrors,broken
symmetry_pattern_0190_open_q1,symmetry_pattern_0190.png,"[""symmetry_type=2-fold rotation; pattern_status=intact""]","[""whole pattern""]",{},2-fold rotation,intact
symmetry_pattern_0191_open_q1,symmetry_pattern_0191.png,"[""symmetry_type=3-fold rotation; pattern_status=broken""]","[""whole pattern""]",{},3-fold rotation,broken
symmetry_pattern_0192_open_q1,symmetry_pattern_0192.png,"[""symmetry_type=4-fold rotation; pattern_status=intact""]","[""whole pattern""]",{},4-fold rotation,intact
symmetry_pattern_0193_open_q1,symmetry_pattern_0193.png,"[""symmetry_type=6-fold rotation; pattern_status=broken""]","[""whole pattern""]",{},6-fold rotation,broken
symmetry_pattern_0194_open_q1,symmetry_pattern_0194.png,"[""symmetry_type=horizontal mirror; pattern_status=intact""]","[""whole pattern""]",{},horizontal mirror,intact
symmetry_pattern_0195_open_q1,symmetry_pattern_0195.png,"[""symmetry_type=vertical mirror; pattern_status=broken""]","[""whole pattern""]",{},vertical mirror,broken
symmetry_pattern_0196_open_q1,symmetry_pattern_0196.png,"[""symmetry_type=horizontal and vertical mirrors; pattern_status=intact""]","[""whole pattern""]",{},horizontal and vertical mirrors,intact
symmetry_pattern_0197_open_q1,symmetry_pattern_0197.png,"[""symmetry_type=2-fold rotation; pattern_status=broken""]","[""whole pattern""]",{},2-fold rotation,broken
symmetry_pattern_0198_open_q1,symmetry_pattern_0198.png,"[""symmetry_type=3-fold rotation; pattern_status=intact""]","[""whole pattern""]",{},3-fold rotation,intact
symmetry_pattern_0199_open_q1,symmetry_pattern_0199.png,"[""symmetry_type=4-fold rotation; pattern_status=broken""]","[""whole pattern""]",{},4-fold rotation,broken
symmetry_pattern_0200_open_q1,symmetry_pattern_0200.png,"[""symmetry_type=6-fold rotation; pattern_status=intact""]","[""whole pattern""]",{},6-fold rotation,intact
symmetry_pattern_0201_open_q1,symmetry_pattern_0201.png,"[""symmetry_type=horizontal mirror; pattern_status=broken""]","[""whole pattern""]",{},horizontal mirror,broken
symmetry_pattern_0202_open_q1,symmetry_pattern_0202.png,"[""symmetry_type=vertical mirror; pattern_status=intact""]","[""whole pattern""]",{},vertical mirror,intact
symmetry_pattern_0203_open_q1,symmetry_pattern_0203.png,"[""symmetry_type=horizontal and vertical mirrors; pattern_status=broken""]","[""whole pattern""]",{},horizontal and vertical mirrors,broken
symmetry_pattern_0204_open_q1,symmetry_pattern_0204.png,"[""symmetry_type=2-fold rotation; pattern_status=intact""]","[""whole pattern""]",{},2-fold rotation,intact
symmetry_pattern_0205_open_q1,symmetry_pattern_0205.png,"[""symmetry_type=3-fold rotation; pattern_status=broken""]","[""whole pattern""]",{},3-fold rotation,broken
symmetry_pattern_0206_open_q1,symmetry_pattern_0206.png,"[""symmetry_type=4-fold rotation; pattern_status=intact""]","[""whole pattern""]",{},4-fold rotation,intact
symmetry_pattern_0207_open_q1,symmetry_pattern_0207.png,"[""symmetry_type=6-fold rotation; pattern_status=broken""]","[""whole pattern""]",{},6-fold rotation,broken
symmetry_pattern_0208_open_q1,symmetry_pattern_0208.png,"[""symmetry_type=horizontal mirror; pattern_status=intact""]","[""whole pattern""]",{},horizontal mirror,intact
symmetry_pattern_0209_open_q1,symmetry_pattern_0209.png,"[""symmetry_type=vertical mirror; pattern_status=broken""]","[""whole pattern""]",{},vertical mirror,broken
symmetry_pattern_0210_open_q1,symmetry_pattern_0210.png,"[""symmetry_type=horizontal and vertical mirrors; pattern_status=intact""]","[""whole pattern""]",{},horizontal and vertical mirrors,intact
symmetry_pattern_0211_open_q1,symmetry_pattern_0211.png,"[""symmetry_type=2-fold rotation; pattern_status=broken""]","[""whole pattern""]",{},2-fold rotation,broken
symmetry_pattern_0212_open_q1,symmetry_pattern_0212.png,"[""symmetry_type=3-fold rotation; pattern_status=intact""]","[""whole pattern""]",{},3-fold rotation,intact
symmetry_pattern_0213_open_q1,symmetry_pattern_0213.png,"[""symmetry_type=4-fold rotation; pattern_status=broken""]","[""whole pattern""]",{},4-fold rotation,broken
symmetry_pattern_0214_open_q1,symmetry_pattern_0214.png,"[""symmetry_type=6-fold rotation; pattern_status=intact""]","[""whole pattern""]",{},6-fold rotation,intact
symmetry_pattern_0215_open_q1,symmetry_pattern_0215.png,"[""symmetry_type=horizontal mirror; pattern_status=broken""]","[""whole pattern""]",{},horizontal mirror,broken
symmetry_pattern_0216_open_q1,symmetry_pattern_0216.png,"[""symmetry_type=vertical mirror; pattern_status=intact""]","[""whole pattern""]",{},vertical mirror,intact
symmetry_pattern_0217_open_q1,symmetry_pattern_0217.png,"[""symmetry_type=horizontal and vertical mirrors; pattern_status=broken""]","[""whole pattern""]",{},horizontal and vertical mirrors,broken
symmetry_pattern_0218_open_q1,symmetry_pattern_0218.png,"[""symmetry_type=2-fold rotation; pattern_status=intact""]","[""whole pattern""]",{},2-fold rotation,intact
symmetry_pattern_0219_open_q1,symmetry_pattern_0219.png,"[""symmetry_type=3-fold rotation; pattern_status=broken""]","[""whole pattern""]",{},3-fold rotation,broken
symmetry_pattern_0220_open_q1,symmetry_pattern_0220.png,"[""symmetry_type=4-fold rotation; pattern_status=intact""]","[""whole pattern""]",{},4-fold rotation,intact
symmetry_pattern_0221_open_q1,symmetry_pattern_0221.png,"[""symmetry_type=6-fold rotation; pattern_status=broken""]","[""whole pattern""]",{},6-fold rotation,broken
symmetry_pattern_0222_open_q1,symmetry_pattern_0222.png,"[""symmetry_type=horizontal mirror; pattern_status=intact""]","[""whole pattern""]",{},horizontal mirror,intact
symmetry_pattern_0223_open_q1,symmetry_pattern_0223.png,"[""symmetry_type=vertical mirror; pattern_status=broken""]","[""whole pattern""]",{},vertical mirror,broken
symmetry_pattern_0224_open_q1,symmetry_pattern_0224.png,"[""symmetry_type=horizontal and vertical mirrors; pattern_status=intact""]","[""whole pattern""]",{},horizontal and vertical mirrors,intact
symmetry_pattern_0225_open_q1,symmetry_pattern_0225.png,"[""symmetry_type=2-fold rotation; pattern_status=broken""]","[""whole pattern""]",{},2-fold rotation,broken
symmetry_pattern_0226_open_q1,symmetry_pattern_0226.png,"[""symmetry_type=3-fold rotation; pattern_status=intact""]","[""whole pattern""]",{},3-fold rotation,intact
symmetry_pattern_0227_open_q1,symmetry_pattern_0227.png,"[""symmetry_type=4-fold rotation; pattern_status=broken""]","[""whole pattern""]",{},4-fold rotation,broken
symmetry_pattern_0228_open_q1,symmetry_pattern_0228.png,"[""symmetry_type=6-fold rotation; pattern_status=intact""]","[""whole pattern""]",{},6-fold rotation,intact
symmetry_pattern_0229_open_q1,symmetry_pattern_0229.png,"[""symmetry_type=horizontal mirror; pattern_status=broken""]","[""whole pattern""]",{},horizontal mirror,broken
symmetry_pattern_0230_open_q1,symmetry_pattern_0230.png,"[""symmetry_type=vertical mirror; pattern_status=intact""]","[""whole pattern""]",{},vertical mirror,intact
symmetry_pattern_0231_open_q1,symmetry_pattern_0231.png,"[""symmetry_type=horizontal and vertical mirrors; pattern_status=broken""]","[""whole pattern""]",{},horizontal and vertical mirrors,broken
symmetry_pattern_0232_open_q1,symmetry_pattern_0232.png,"[""symmetry_type=2-fold rotation; pattern_status=intact""]","[""whole pattern""]",{},2-fold rotation,intact
symmetry_pattern_0233_open_q1,symmetry_pattern_0233.png,"[""symmetry_type=3-fold rotation; pattern_status=broken""]","[""whole pattern""]",{},3-fold rotation,broken
symmetry_pattern_0234_open_q1,symmetry_pattern_0234.png,"[""symmetry_type=4-fold rotation; pattern_status=intact""]","[""whole pattern""]",{},4-fold rotation,intact
symmetry_pattern_0235_open_q1,symmetry_pattern_0235.png,"[""symmetry_type=6-fold rotation; pattern_status=broken""]","[""whole pattern""]",{},6-fold rotation,broken
symmetry_pattern_0236_open_q1,symmetry_pattern_0236.png,"[""symmetry_type=horizontal mirror; pattern_status=intact""]","[""whole pattern""]",{},horizontal mirror,intact
symmetry_pattern_0237_open_q1,symmetry_pattern_0237.png,"[""symmetry_type=vertical mirror; pattern_status=broken""]","[""whole pattern""]",{},vertical mirror,broken
symmetry_pattern_0238_open_q1,symmetry_pattern_0238.png,"[""symmetry_type=horizontal and vertical mirrors; pattern_status=intact""]","[""whole pattern""]",{},horizontal and vertical mirrors,intact
symmetry_pattern_0239_open_q1,symmetry_pattern_0239.png,"[""symmetry_type=2-fold rotation; pattern_status=broken""]","[""whole pattern""]",{},2-fold rotation,broken
symmetry_pattern_0240_open_q1,symmetry_pattern_0240.png,"[""symmetry_type=3-fold rotation; pattern_status=intact""]","[""whole pattern""]",{},3-fold rotation,intact
symmetry_pattern_0241_open_q1,symmetry_pattern_0241.png,"[""symmetry_type=4-fold rotation; pattern_status=broken""]","[""whole pattern""]",{},4-fold rotation,broken
symmetry_pattern_0242_open_q1,symmetry_pattern_0242.png,"[""symmetry_type=6-fold rotation; pattern_status=intact""]","[""whole pattern""]",{},6-fold rotation,intact
symmetry_pattern_0243_open_q1,symmetry_pattern_0243.png,"[""symmetry_type=horizontal mirror; pattern_status=broken""]","[""whole pattern""]",{},horizontal mirror,broken
symmetry_pattern_0244_open_q1,symmetry_pattern_0244.png,"[""symmetry_type=vertical mirror; pattern_status=intact""]","[""whole pattern""]",{},vertical mirror,intact
symmetry_pattern_0245_open_q1,symmetry_pattern_0245.png,"[""symmetry_type=horizontal and vertical mirrors; pattern_status=broken""]","[""whole pattern""]",{},horizontal and vertical mirrors,broken
symmetry_pattern_0246_open_q1,symmetry_pattern_0246.png,"[""symmetry_type=2-fold rotation; pattern_status=intact""]","[""whole pattern""]",{},2-fold rotation,intact
symmetry_pattern_0247_open_q1,symmetry_pattern_0247.png,"[""symmetry_type=3-fold rotation; pattern_status=broken""]","[""whole pattern""]",{},3-fold rotation,broken
symmetry_pattern_0248_open_q1,symmetry_pattern_0248.png,"[""symmetry_type=4-fold rotation; pattern_status=intact""]","[""whole pattern""]",{},4-fold rotation,intact
symmetry_pattern_0249_open_q1,symmetry_pattern_0249.png,"[""symmetry_type=6-fold rotation; pattern_status=broken""]","[""whole pattern""]",{},6-fold rotation,broken
symmetry_pattern_0250_open_q1,symmetry_pattern_0250.png,"[""symmetry_type=horizontal mirror; pattern_status=intact""]","[""whole pattern""]",{},horizontal mirror,intact
symmetry_pattern_0251_open_q1,symmetry_pattern_0251.png,"[""symmetry_type=vertical mirror; pattern_status=broken""]","[""whole pattern""]",{},vertical mirror,broken
symmetry_pattern_0252_open_q1,symmetry_pattern_0252.png,"[""symmetry_type=horizontal and vertical mirrors; pattern_status=intact""]","[""whole pattern""]",{},horizontal and vertical mirrors,intact
symmetry_pattern_0253_open_q1,symmetry_pattern_0253.png,"[""symmetry_type=2-fold rotation; pattern_status=broken""]","[""whole pattern""]",{},2-fold rotation,broken
symmetry_pattern_0254_open_q1,symmetry_pattern_0254.png,"[""symmetry_type=3-fold rotation; pattern_status=intact""]","[""whole pattern""]",{},3-fold rotation,intact
symmetry_pattern_0255_open_q1,symmetry_pattern_0255.png,"[""symmetry_type=4-fold rotation; pattern_status=broken""]","[""whole pattern""]",{},4-fold rotation,broken
symmetry_pattern_0256_open_q1,symmetry_pattern_0256.png,"[""symmetry_type=6-fold rotation; pattern_status=intact""]","[""whole pattern""]",{},6-fold rotation,intact
symmetry_pattern_0257_open_q1,symmetry_pattern_0257.png,"[""symmetry_type=horizontal mirror; pattern_status=broken""]","[""whole pattern""]",{},horizontal mirror,broken
symmetry_pattern_0258_open_q1,symmetry_pattern_0258.png,"[""symmetry_type=vertical mirror; pattern_status=intact""]","[""whole pattern""]",{},vertical mirror,intact
symmetry_pattern_0259_open_q1,symmetry_pattern_0259.png,"[""symmetry_type=horizontal and vertical mirrors; pattern_status=broken""]","[""whole pattern""]",{},horizontal and vertical mirrors,broken
symmetry_pattern_0260_open_q1,symmetry_pattern_0260.png,"[""symmetry_type=2-fold rotation; pattern_status=intact""]","[""whole pattern""]",{},2-fold rotation,intact
symmetry_pattern_0261_open_q1,symmetry_pattern_0261.png,"[""symmetry_type=3-fold rotation; pattern_status=broken""]","[""whole pattern""]",{},3-fold rotation,broken
symmetry_pattern_0262_open_q1,symmetry_pattern_0262.png,"[""symmetry_type=4-fold rotation; pattern_status=intact""]","[""whole pattern""]",{},4-fold rotation,intact
symmetry_pattern_0263_open_q1,symmetry_pattern_0263.png,"[""symmetry_type=6-fold rotation; pattern_status=broken""]","[""whole pattern""]",{},6-fold rotation,broken
symmetry_pattern_0264_open_q1,symmetry_pattern_0264.png,"[""symmetry_type=horizontal mirror; pattern_status=intact""]","[""whole pattern""]",{},horizontal mirror,intact
symmetry_pattern_0265_open_q1,symmetry_pattern_0265.png,"[""symmetry_type=vertical mirror; pattern_status=broken""]","[""whole pattern""]",{},vertical mirror,broken
symmetry_pattern_0266_open_q1,symmetry_pattern_0266.png,"[""symmetry_type=horizontal and vertical mirrors; pattern_status=intact""]","[""whole pattern""]",{},horizontal and vertical mirrors,intact
symmetry_pattern_0267_open_q1,symmetry_pattern_0267.png,"[""symmetry_type=2-fold rotation; pattern_status=broken""]","[""whole pattern""]",{},2-fold rotation,broken
symmetry_pattern_0268_open_q1,symmetry_pattern_0268.png,"[""symmetry_type=3-fold rotation; pattern_status=intact""]","[""whole pattern""]",{},3-fold rotation,intact
symmetry_pattern_0269_open_q1,symmetry_pattern_0269.png,"[""symmetry_type=4-fold rotation; pattern_status=broken""]","[""whole pattern""]",{},4-fold rotation,broken
symmetry_pattern_0270_open_q1,symmetry_pattern_0270.png,"[""symmetry_type=6-fold rotation; pattern_status=intact""]","[""whole pattern""]",{},6-fold rotation,intact
symmetry_pattern_0271_open_q1,symmetry_pattern_0271.png,"[""symmetry_type=horizontal mirror; pattern_status=broken""]","[""whole pattern""]",{},horizontal mirror,broken
symmetry_pattern_0272_open_q1,symmetry_pattern_0272.png,"[""symmetry_type=vertical mirror; pattern_status=intact""]","[""whole pattern""]",{},vertical mirror,intact
symmetry_pattern_0273_open_q1,symmetry_pattern_0273.png,"[""symmetry_type=horizontal and vertical mirrors; pattern_status=broken""]","[""whole pattern""]",{},horizontal and vertical mirrors,broken
symmetry_pattern_0274_open_q1,symmetry_pattern_0274.png,"[""symmetry_type=2-fold rotation; pattern_status=intact""]","[""whole pattern""]",{},2-fold rotation,intact
symmetry_pattern_0275_open_q1,symmetry_pattern_0275.png,"[""symmetry_type=3-fold rotation; pattern_status=broken""]","[""whole pattern""]",{},3-fold rotation,broken
symmetry_pattern_0276_open_q1,symmetry_pattern_0276.png,"[""symmetry_type=4-fold rotation; pattern_status=intact""]","[""whole pattern""]",{},4-fold rotation,intact
symmetry_pattern_0277_open_q1,symmetry_pattern_0277.png,"[""symmetry_type=6-fold rotation; pattern_status=broken""]","[""whole pattern""]",{},6-fold rotation,broken
symmetry_pattern_0278_open_q1,symmetry_pattern_0278.png,"[""symmetry_type=horizontal mirror; pattern_status=intact""]","[""whole pattern""]",{},horizontal mirror,intact
symmetry_pattern_0279_open_q1,symmetry_pattern_0279.png,"[""symmetry_type=vertical mirror; pattern_status=broken""]","[""whole pattern""]",{},vertical mirror,broken
symmetry_pattern_0280_open_q1,symmetry_pattern_0280.png,"[""symmetry_type=horizontal and vertical mirrors; pattern_status=intact""]","[""whole pattern""]",{},horizontal and vertical mirrors,intact
symmetry_pattern_0281_open_q1,symmetry_pattern_0281.png,"[""symmetry_type=2-fold rotation; pattern_status=broken""]","[""whole pattern""]",{},2-fold rotation,broken
symmetry_pattern_0282_open_q1,symmetry_pattern_0282.png,"[""symmetry_type=3-fold rotation; pattern_status=intact""]","[""whole pattern""]",{},3-fold rotation,intact
symmetry_pattern_0283_open_q1,symmetry_pattern_0283.png,"[""symmetry_type=4-fold rotation; pattern_status=broken""]","[""whole pattern""]",{},4-fold rotation,broken
symmetry_pattern_0284_open_q1,symmetry_pattern_0284.png,"[""symmetry_type=6-fold rotation; pattern_status=intact""]","[""whole pattern""]",{},6-fold rotation,intact
symmetry_pattern_0285_open_q1,symmetry_pattern_0285.png,"[""symmetry_type=horizontal mirror; pattern_status=broken""]","[""whole pattern""]",{},horizontal mirror,broken
symmetry_pattern_0286_open_q1,symmetry_pattern_0286.png,"[""symmetry_type=vertical mirror; pattern_status=intact""]","[""whole pattern""]",{},vertical mirror,intact
symmetry_pattern_0287_open_q1,symmetry_pattern_0287.png,"[""symmetry_type=horizontal and vertical mirrors; pattern_status=broken""]","[""whole pattern""]",{},horizontal and vertical mirrors,broken
symmetry_pattern_0288_open_q1,symmetry_pattern_0288.png,"[""symmetry_type=2-fold rotation; pattern_status=intact""]","[""whole pattern""]",{},2-fold rotation,intact
symmetry_pattern_0289_open_q1,symmetry_pattern_0289.png,"[""symmetry_type=3-fold rotation; pattern_status=broken""]","[""whole pattern""]",{},3-fold rotation,broken
symmetry_pattern_0290_open_q1,symmetry_pattern_0290.png,"[""symmetry_type=4-fold rotation; pattern_status=intact""]","[""whole pattern""]",{},4-fold rotation,intact
symmetry_pattern_0291_open_q1,symmetry_pattern_0291.png,"[""symmetry_type=6-fold rotation; pattern_status=broken""]","[""whole pattern""]",{},6-fold rotation,broken
symmetry_pattern_0292_open_q1,symmetry_pattern_0292.png,"[""symmetry_type=horizontal mirror; pattern_status=intact""]","[""whole pattern""]",{},horizontal mirror,intact
symmetry_pattern_0293_open_q1,symmetry_pattern_0293.png,"[""symmetry_type=vertical mirror; pattern_status=broken""]","[""whole pattern""]",{},vertical mirror,broken
symmetry_pattern_0294_open_q1,symmetry_pattern_0294.png,"[""symmetry_type=horizontal and vertical mirrors; pattern_status=intact""]","[""whole pattern""]",{},horizontal and vertical mirrors,intact
symmetry_pattern_0295_open_q1,symmetry_pattern_0295.png,"[""symmetry_type=2-fold rotation; pattern_status=broken""]","[""whole pattern""]",{},2-fold rotation,broken
symmetry_pattern_0296_open_q1,symmetry_pattern_0296.png,"[""symmetry_type=3-fold rotation; pattern_status=intact""]","[""whole pattern""]",{},3-fold rotation,intact
symmetry_pattern_0297_open_q1,symmetry_pattern_0297.png,"[""symmetry_type=4-fold rotation; pattern_status=broken""]","[""whole pattern""]",{},4-fold rotation,broken
symmetry_pattern_0298_open_q1,symmetry_pattern_0298.png,"[""symmetry_type=6-fold rotation; pattern_status=intact""]","[""whole pattern""]",{},6-fold rotation,intact
symmetry_pattern_0299_open_q1,symmetry_pattern_0299.png,"[""symmetry_type=horizontal mirror; pattern_status=broken""]","[""whole pattern""]",{},horizontal mirror,broken
symmetry_pattern_0300_open_q1,symmetry_pattern_0300.png,"[""symmetry_type=vertical mirror; pattern_status=intact""]","[""whole pattern""]",{},vertical mirror,intact
symmetry_pattern_0301_open_q1,symmetry_pattern_0301.png,"[""symmetry_type=horizontal and vertical mirrors; pattern_status=broken""]","[""whole pattern""]",{},horizontal and vertical mirrors,broken
symmetry_pattern_0302_open_q1,symmetry_pattern_0302.png,"[""symmetry_type=2-fold rotation; pattern_status=intact""]","[""whole pattern""]",{},2-fold rotation,intact
symmetry_pattern_0303_open_q1,symmetry_pattern_0303.png,"[""symmetry_type=3-fold rotation; pattern_status=broken""]","[""whole pattern""]",{},3-fold rotation,broken
symmetry_pattern_0304_open_q1,symmetry_pattern_0304.png,"[""symmetry_type=4-fold rotation; pattern_status=intact""]","[""whole pattern""]",{},4-fold rotation,intact
symmetry_pattern_0305_open_q1,symmetry_pattern_0305.png,"[""symmetry_type=6-fold rotation; pattern_status=broken""]","[""whole pattern""]",{},6-fold rotation,broken
symmetry_pattern_0306_open_q1,symmetry_pattern_0306.png,"[""symmetry_type=horizontal mirror; pattern_status=intact""]","[""whole pattern""]",{},horizontal mirror,intact
symmetry_pattern_0307_open_q1,symmetry_pattern_0307.png,"[""symmetry_type=vertical mirror; pattern_status=broken""]","[""whole pattern""]",{},vertical mirror,broken
symmetry_pattern_0308_open_q1,symmetry_pattern_0308.png,"[""symmetry_type=horizontal and vertical mirrors; pattern_status=intact""]","[""whole pattern""]",{},horizontal and vertical mirrors,intact
symmetry_pattern_0309_open_q1,symmetry_pattern_0309.png,"[""symmetry_type=2-fold rotation; pattern_status=broken""]","[""whole pattern""]",{},2-fold rotation,broken
symmetry_pattern_0310_open_q1,symmetry_pattern_0310.png,"[""symmetry_type=3-fold rotation; pattern_status=intact""]","[""whole pattern""]",{},3-fold rotation,intact
symmetry_pattern_0311_open_q1,symmetry_pattern_0311.png,"[""symmetry_type=4-fold rotation; pattern_status=broken""]","[""whole pattern""]",{},4-fold rotation,broken
symmetry_pattern_0312_open_q1,symmetry_pattern_0312.png,"[""symmetry_type=6-fold rotation; pattern_status=intact""]","[""whole pattern""]",{},6-fold rotation,intact
symmetry_pattern_0313_open_q1,symmetry_pattern_0313.png,"[""symmetry_type=horizontal mirror; pattern_status=broken""]","[""whole pattern""]",{},horizontal mirror,broken
symmetry_pattern_0314_open_q1,symmetry_pattern_0314.png,"[""symmetry_type=vertical mirror; pattern_status=intact""]","[""whole pattern""]",{},vertical mirror,intact
symmetry_pattern_0315_open_q1,symmetry_pattern_0315.png,"[""symmetry_type=horizontal and vertical mirrors; pattern_status=broken""]","[""whole pattern""]",{},horizontal and vertical mirrors,broken
symmetry_pattern_0316_open_q1,symmetry_pattern_0316.png,"[""symmetry_type=2-fold rotation; pattern_status=intact""]","[""whole pattern""]",{},2-fold rotation,intact
symmetry_pattern_0317_open_q1,symmetry_pattern_0317.png,"[""symmetry_type=3-fold rotation; pattern_status=broken""]","[""whole pattern""]",{},3-fold rotation,broken
symmetry_pattern_0318_open_q1,symmetry_pattern_0318.png,"[""symmetry_type=4-fold rotation; pattern_status=intact""]","[""whole pattern""]",{},4-fold rotation,intact
symmetry_pattern_0319_open_q1,symmetry_pattern_0319.png,"[""symmetry_type=6-fold rotation; pattern_status=broken""]","[""whole pattern""]",{},6-fold rotation,broken
symmetry_pattern_0320_open_q1,symmetry_pattern_0320.png,"[""symmetry_type=horizontal mirror; pattern_status=intact""]","[""whole pattern""]",{},horizontal mirror,intact
symmetry_pattern_0321_open_q1,symmetry_pattern_0321.png,"[""symmetry_type=vertical mirror; pattern_status=broken""]","[""whole pattern""]",{},vertical mirror,broken
symmetry_pattern_0322_open_q1,symmetry_pattern_0322.png,"[""symmetry_type=horizontal and vertical mirrors; pattern_status=intact""]","[""whole pattern""]",{},horizontal and vertical mirrors,intact
symmetry_pattern_0323_open_q1,symmetry_pattern_0323.png,"[""symmetry_type=2-fold rotation; pattern_status=broken""]","[""whole pattern""]",{},2-fold rotation,broken
symmetry_pattern_0324_open_q1,symmetry_pattern_0324.png,"[""symmetry_type=3-fold rotation; pattern_status=intact""]","[""whole pattern""]",{},3-fold rotation,intact
symmetry_pattern_0325_open_q1,symmetry_pattern_0325.png,"[""symmetry_type=4-fold rotation; pattern_status=broken""]","[""whole pattern""]",{},4-fold rotation,broken
symmetry_pattern_0326_open_q1,symmetry_pattern_0326.png,"[""symmetry_type=6-fold rotation; pattern_status=intact""]","[""whole pattern""]",{},6-fold rotation,intact
symmetry_pattern_0327_open_q1,symmetry_pattern_0327.png,"[""symmetry_type=horizontal mirror; pattern_status=broken""]","[""whole pattern""]",{},horizontal mirror,broken
symmetry_pattern_0328_open_q1,symmetry_pattern_0328.png,"[""symmetry_type=vertical mirror; pattern_status=intact""]","[""whole pattern""]",{},vertical mirror,intact
symmetry_pattern_0329_open_q1,symmetry_pattern_0329.png,"[""symmetry_type=horizontal and vertical mirrors; pattern_status=broken""]","[""whole pattern""]",{},horizontal and vertical mirrors,broken
symmetry_pattern_0330_open_q1,symmetry_pattern_0330.png,"[""symmetry_type=2-fold rotation; pattern_status=intact""]","[""whole pattern""]",{},2-fold rotation,intact
symmetry_pattern_0331_open_q1,symmetry_pattern_0331.png,"[""symmetry_type=3-fold rotation; pattern_status=broken""]","[""whole pattern""]",{},3-fold rotation,broken
symmetry_pattern_0332_open_q1,symmetry_pattern_0332.png,"[""symmetry_type=4-fold rotation; pattern_status=intact""]","[""whole pattern""]",{},4-fold rotation,intact
symmetry_pattern_0333_open_q1,symmetry_pattern_0333.png,"[""symmetry_type=6-fold rotation; pattern_status=broken""]","[""whole pattern""]",{},6-fold rotation,broken
symmetry_pattern_0334_open_q1,symmetry_pattern_0334.png,"[""symmetry_type=horizontal mirror; pattern_status=intact""]","[""whole pattern""]",{},horizontal mirror,intact
symmetry_pattern_0335_open_q1,symmetry_pattern_0335.png,"[""symmetry_type=vertical mirror; pattern_status=broken""]","[""whole pattern""]",{},vertical mirror,broken
symmetry_pattern_0336_open_q1,symmetry_pattern_0336.png,"[""symmetry_type=horizontal and vertical mirrors; pattern_status=intact""]","[""whole pattern""]",{},horizontal and vertical mirrors,intact
symmetry_pattern_0337_open_q1,symmetry_pattern_0337.png,"[""symmetry_type=2-fold rotation; pattern_status=broken""]","[""whole pattern""]",{},2-fold rotation,broken
symmetry_pattern_0338_open_q1,symmetry_pattern_0338.png,"[""symmetry_type=3-fold rotation; pattern_status=intact""]","[""whole pattern""]",{},3-fold rotation,intact
symmetry_pattern_0339_open_q1,symmetry_pattern_0339.png,"[""symmetry_type=4-fold rotation; pattern_status=broken""]","[""whole pattern""]",{},4-fold rotation,broken
symmetry_pattern_0340_open_q1,symmetry_pattern_0340.png,"[""symmetry_type=6-fold rotation; pattern_status=intact""]","[""whole pattern""]",{},6-fold rotation,intact
symmetry_pattern_0341_open_q1,symmetry_pattern_0341.png,"[""symmetry_type=horizontal mirror; pattern_status=broken""]","[""whole pattern""]",{},horizontal mirror,broken
symmetry_pattern_0342_open_q1,symmetry_pattern_0342.png,"[""symmetry_type=vertical mirror; pattern_status=intact""]","[""whole pattern""]",{},vertical mirror,intact
symmetry_pattern_0343_open_q1,symmetry_pattern_0343.png,"[""symmetry_type=horizontal and vertical mirrors; pattern_status=broken""]","[""whole pattern""]",{},horizontal and vertical mirrors,broken
symmetry_pattern_0344_open_q1,symmetry_pattern_0344.png,"[""symmetry_type=2-fold rotation; pattern_status=intact""]","[""whole pattern""]",{},2-fold rotation,intact
symmetry_pattern_0345_open_q1,symmetry_pattern_0345.png,"[""symmetry_type=3-fold rotation; pattern_status=broken""]","[""whole pattern""]",{},3-fold rotation,broken
symmetry_pattern_0346_open_q1,symmetry_pattern_0346.png,"[""symmetry_type=4-fold rotation; pattern_status=intact""]","[""whole pattern""]",{},4-fold rotation,intact
symmetry_pattern_0347_open_q1,symmetry_pattern_0347.png,"[""symmetry_type=6-fold rotation; pattern_status=broken""]","[""whole pattern""]",{},6-fold rotation,broken
symmetry_pattern_0348_open_q1,symmetry_pattern_0348.png,"[""symmetry_type=horizontal mirror; pattern_status=intact""]","[""whole pattern""]",{},horizontal mirror,intact
symmetry_pattern_0349_open_q1,symmetry_pattern_0349.png,"[""symmetry_type=vertical mirror; pattern_status=broken""]","[""whole pattern""]",{},vertical mirror,broken
symmetry_pattern_0350_open_q1,symmetry_pattern_0350.png,"[""symmetry_type=horizontal and vertical mirrors; pattern_status=intact""]","[""whole pattern""]",{},horizontal and vertical mirrors,intact
symmetry_pattern_0351_open_q1,symmetry_pattern_0351.png,"[""symmetry_type=2-fold rotation; pattern_status=broken""]","[""whole pattern""]",{},2-fold rotation,broken
symmetry_pattern_0352_open_q1,symmetry_pattern_0352.png,"[""symmetry_type=3-fold rotation; pattern_status=intact""]","[""whole pattern""]",{},3-fold rotation,intact
symmetry_pattern_0353_open_q1,symmetry_pattern_0353.png,"[""symmetry_type=4-fold rotation; pattern_status=broken""]","[""whole pattern""]",{},4-fold rotation,broken
symmetry_pattern_0354_open_q1,symmetry_pattern_0354.png,"[""symmetry_type=6-fold rotation; pattern_status=intact""]","[""whole pattern""]",{},6-fold rotation,intact
symmetry_pattern_0355_open_q1,symmetry_pattern_0355.png,"[""symmetry_type=horizontal mirror; pattern_status=broken""]","[""whole pattern""]",{},horizontal mirror,broken
symmetry_pattern_0356_open_q1,symmetry_pattern_0356.png,"[""symmetry_type=vertical mirror; pattern_status=intact""]","[""whole pattern""]",{},vertical mirror,intact
symmetry_pattern_0357_open_q1,symmetry_pattern_0357.png,"[""symmetry_type=horizontal and vertical mirrors; pattern_status=broken""]","[""whole pattern""]",{},horizontal and vertical mirrors,broken
symmetry_pattern_0358_open_q1,symmetry_pattern_0358.png,"[""symmetry_type=2-fold rotation; pattern_status=intact""]","[""whole pattern""]",{},2-fold rotation,intact
symmetry_pattern_0359_open_q1,symmetry_pattern_0359.png,"[""symmetry_type=3-fold rotation; pattern_status=broken""]","[""whole pattern""]",{},3-fold rotation,broken
symmetry_pattern_0360_open_q1,symmetry_pattern_0360.png,"[""symmetry_type=4-fold rotation; pattern_status=intact""]","[""whole pattern""]",{},4-fold rotation,intact
symmetry_pattern_0361_open_q1,symmetry_pattern_0361.png,"[""symmetry_type=6-fold rotation; pattern_status=broken""]","[""whole pattern""]",{},6-fold rotation,broken
symmetry_pattern_0362_open_q1,symmetry_pattern_0362.png,"[""symmetry_type=horizontal mirror; pattern_status=intact""]","[""whole pattern""]",{},horizontal mirror,intact
symmetry_pattern_0363_open_q1,symmetry_pattern_0363.png,"[""symmetry_type=vertical mirror; pattern_status=broken""]","[""whole pattern""]",{},vertical mirror,broken
symmetry_pattern_0364_open_q1,symmetry_pattern_0364.png,"[""symmetry_type=horizontal and vertical mirrors; pattern_status=intact""]","[""whole pattern""]",{},horizontal and vertical mirrors,intact
symmetry_pattern_0365_open_q1,symmetry_pattern_0365.png,"[""symmetry_type=2-fold rotation; pattern_status=broken""]","[""whole pattern""]",{},2-fold rotation,broken
symmetry_pattern_0366_open_q1,symmetry_pattern_0366.png,"[""symmetry_type=3-fold rotation; pattern_status=intact""]","[""whole pattern""]",{},3-fold rotation,intact
symmetry_pattern_0367_open_q1,symmetry_pattern_0367.png,"[""symmetry_type=4-fold rotation; pattern_status=broken""]","[""whole pattern""]",{},4-fold rotation,broken
symmetry_pattern_0368_open_q1,symmetry_pattern_0368.png,"[""symmetry_type=6-fold rotation; pattern_status=intact""]","[""whole pattern""]",{},6-fold rotation,intact
symmetry_pattern_0369_open_q1,symmetry_pattern_0369.png,"[""symmetry_type=horizontal mirror; pattern_status=broken""]","[""whole pattern""]",{},horizontal mirror,broken
symmetry_pattern_0370_open_q1,symmetry_pattern_0370.png,"[""symmetry_type=vertical mirror; pattern_status=intact""]","[""whole pattern""]",{},vertical mirror,intact
symmetry_pattern_0371_open_q1,symmetry_pattern_0371.png,"[""symmetry_type=horizontal and vertical mirrors; pattern_status=broken""]","[""whole pattern""]",{},horizontal and vertical mirrors,broken
symmetry_pattern_0372_open_q1,symmetry_pattern_0372.png,"[""symmetry_type=2-fold rotation; pattern_status=intact""]","[""whole pattern""]",{},2-fold rotation,intact
symmetry_pattern_0373_open_q1,symmetry_pattern_0373.png,"[""symmetry_type=3-fold rotation; pattern_status=broken""]","[""whole pattern""]",{},3-fold rotation,broken
symmetry_pattern_0374_open_q1,symmetry_pattern_0374.png,"[""symmetry_type=4-fold rotation; pattern_status=intact""]","[""whole pattern""]",{},4-fold rotation,intact
symmetry_pattern_0375_open_q1,symmetry_pattern_0375.png,"[""symmetry_type=6-fold rotation; pattern_status=broken""]","[""whole pattern""]",{},6-fold rotation,broken
symmetry_pattern_0376_open_q1,symmetry_pattern_0376.png,"[""symmetry_type=horizontal mirror; pattern_status=intact""]","[""whole pattern""]",{},horizontal mirror,intact
symmetry_pattern_0377_open_q1,symmetry_pattern_0377.png,"[""symmetry_type=vertical mirror; pattern_status=broken""]","[""whole pattern""]",{},vertical mirror,broken
symmetry_pattern_0378_open_q1,symmetry_pattern_0378.png,"[""symmetry_type=horizontal and vertical mirrors; pattern_status=intact""]","[""whole pattern""]",{},horizontal and vertical mirrors,intact
symmetry_pattern_0379_open_q1,symmetry_pattern_0379.png,"[""symmetry_type=2-fold rotation; pattern_status=broken""]","[""whole pattern""]",{},2-fold rotation,broken
symmetry_pattern_0380_open_q1,symmetry_pattern_0380.png,"[""symmetry_type=3-fold rotation; pattern_status=intact""]","[""whole pattern""]",{},3-fold rotation,intact
symmetry_pattern_0381_open_q1,symmetry_pattern_0381.png,"[""symmetry_type=4-fold rotation; pattern_status=broken""]","[""whole pattern""]",{},4-fold rotation,broken
symmetry_pattern_0382_open_q1,symmetry_pattern_0382.png,"[""symmetry_type=6-fold rotation; pattern_status=intact""]","[""whole pattern""]",{},6-fold rotation,intact
symmetry_pattern_0383_open_q1,symmetry_pattern_0383.png,"[""symmetry_type=horizontal mirror; pattern_status=broken""]","[""whole pattern""]",{},horizontal mirror,broken
symmetry_pattern_0384_open_q1,symmetry_pattern_0384.png,"[""symmetry_type=vertical mirror; pattern_status=intact""]","[""whole pattern""]",{},vertical mirror,intact
symmetry_pattern_0385_open_q1,symmetry_pattern_0385.png,"[""symmetry_type=horizontal and vertical mirrors; pattern_status=broken""]","[""whole pattern""]",{},horizontal and vertical mirrors,broken
symmetry_pattern_0386_open_q1,symmetry_pattern_0386.png,"[""symmetry_type=2-fold rotation; pattern_status=intact""]","[""whole pattern""]",{},2-fold rotation,intact
symmetry_pattern_0387_open_q1,symmetry_pattern_0387.png,"[""symmetry_type=3-fold rotation; pattern_status=broken""]","[""whole pattern""]",{},3-fold rotation,broken
symmetry_pattern_0388_open_q1,symmetry_pattern_0388.png,"[""symmetry_type=4-fold rotation; pattern_status=intact""]","[""whole pattern""]",{},4-fold rotation,intact
symmetry_pattern_0389_open_q1,symmetry_pattern_0389.png,"[""symmetry_type=6-fold rotation; pattern_status=broken""]","[""whole pattern""]",{},6-fold rotation,broken
symmetry_pattern_0390_open_q1,symmetry_pattern_0390.png,"[""symmetry_type=horizontal mirror; pattern_status=intact""]","[""whole pattern""]",{},horizontal mirror,intact
symmetry_pattern_0391_open_q1,symmetry_pattern_0391.png,"[""symmetry_type=vertical mirror; pattern_status=broken""]","[""whole pattern""]",{},vertical mirror,broken
symmetry_pattern_0392_open_q1,symmetry_pattern_0392.png,"[""symmetry_type=horizontal and vertical mirrors; pattern_status=intact""]","[""whole pattern""]",{},horizontal and vertical mirrors,intact
symmetry_pattern_0393_open_q1,symmetry_pattern_0393.png,"[""symmetry_type=2-fold rotation; pattern_status=broken""]","[""whole pattern""]",{},2-fold rotation,broken
symmetry_pattern_0394_open_q1,symmetry_pattern_0394.png,"[""symmetry_type=3-fold rotation; pattern_status=intact""]","[""whole pattern""]",{},3-fold rotation,intact
symmetry_pattern_0395_open_q1,symmetry_pattern_0395.png,"[""symmetry_type=4-fold rotation; pattern_status=broken""]","[""whole pattern""]",{},4-fold rotation,broken
symmetry_pattern_0396_open_q1,symmetry_pattern_0396.png,"[""symmetry_type=6-fold rotation; pattern_status=intact""]","[""whole pattern""]",{},6-fold rotation,intact
symmetry_pattern_0397_open_q1,symmetry_pattern_0397.png,"[""symmetry_type=horizontal mirror; pattern_status=broken""]","[""whole pattern""]",{},horizontal mirror,broken
symmetry_pattern_0398_open_q1,symmetry_pattern_0398.png,"[""symmetry_type=vertical mirror; pattern_status=intact""]","[""whole pattern""]",{},vertical mirror,intact
symmetry_pattern_0399_open_q1,symmetry_pattern_0399.png,"[""symmetry_type=horizontal and vertical mirrors; pattern_status=broken""]","[""whole pattern""]",{},horizontal and vertical mirrors,broken
symmetry_pattern_0400_open_q1,symmetry_pattern_0400.png,"[""symmetry_type=2-fold rotation; pattern_status=intact""]","[""whole pattern""]",{},2-fold rotation,intact
symmetry_pattern_0401_open_q1,symmetry_pattern_0401.png,"[""symmetry_type=3-fold rotation; pattern_status=broken""]","[""whole pattern""]",{},3-fold rotation,broken
symmetry_pattern_0402_open_q1,symmetry_pattern_0402.png,"[""symmetry_type=4-fold rotation; pattern_status=intact""]","[""whole pattern""]",{},4-fold rotation,intact
symmetry_pattern_0403_open_q1,symmetry_pattern_0403.png,"[""symmetry_type=6-fold rotation; pattern_status=broken""]","[""whole pattern""]",{},6-fold rotation,broken
symmetry_pattern_0404_open_q1,symmetry_pattern_0404.png,"[""symmetry_type=horizontal mirror; pattern_status=intact""]","[""whole pattern""]",{},horizontal mirror,intact
symmetry_pattern_0405_open_q1,symmetry_pattern_0405.png,"[""symmetry_type=vertical mirror; pattern_status=broken""]","[""whole pattern""]",{},vertical mirror,broken
symmetry_pattern_0406_open_q1,symmetry_pattern_0406.png,"[""symmetry_type=horizontal and vertical mirrors; pattern_status=intact""]","[""whole pattern""]",{},horizontal and vertical mirrors,intact
symmetry_pattern_0407_open_q1,symmetry_pattern_0407.png,"[""symmetry_type=2-fold rotation; pattern_status=broken""]","[""whole pattern""]",{},2-fold rotation,broken
symmetry_pattern_0408_open_q1,symmetry_pattern_0408.png,"[""symmetry_type=3-fold rotation; pattern_status=intact""]","[""whole pattern""]",{},3-fold rotation,intact
symmetry_pattern_0409_open_q1,symmetry_pattern_0409.png,"[""symmetry_type=4-fold rotation; pattern_status=broken""]","[""whole pattern""]",{},4-fold rotation,broken
symmetry_pattern_0410_open_q1,symmetry_pattern_0410.png,"[""symmetry_type=6-fold rotation; pattern_status=intact""]","[""whole pattern""]",{},6-fold rotation,intact
symmetry_pattern_0411_open_q1,symmetry_pattern_0411.png,"[""symmetry_type=horizontal mirror; pattern_status=broken""]","[""whole pattern""]",{},horizontal mirror,broken
symmetry_pattern_0412_open_q1,symmetry_pattern_0412.png,"[""symmetry_type=vertical mirror; pattern_status=intact""]","[""whole pattern""]",{},vertical mirror,intact
symmetry_pattern_0413_open_q1,symmetry_pattern_0413.png,"[""symmetry_type=horizontal and vertical mirrors; pattern_status=broken""]","[""whole pattern""]",{},horizontal and vertical mirrors,broken
symmetry_pattern_0414_open_q1,symmetry_pattern_0414.png,"[""symmetry_type=2-fold rotation; pattern_status=intact""]","[""whole pattern""]",{},2-fold rotation,intact
symmetry_pattern_0415_open_q1,symmetry_pattern_0415.png,"[""symmetry_type=3-fold rotation; pattern_status=broken""]","[""whole pattern""]",{},3-fold rotation,broken
symmetry_pattern_0416_open_q1,symmetry_pattern_0416.png,"[""symmetry_type=4-fold rotation; pattern_status=intact""]","[""whole pattern""]",{},4-fold rotation,intact
symmetry_pattern_0417_open_q1,symmetry_pattern_0417.png,"[""symmetry_type=6-fold rotation; pattern_status=broken""]","[""whole pattern""]",{},6-fold rotation,broken
symmetry_pattern_0418_open_q1,symmetry_pattern_0418.png,"[""symmetry_type=horizontal mirror; pattern_status=intact""]","[""whole pattern""]",{},horizontal mirror,intact
symmetry_pattern_0419_open_q1,symmetry_pattern_0419.png,"[""symmetry_type=vertical mirror; pattern_status=broken""]","[""whole pattern""]",{},vertical mirror,broken
symmetry_pattern_0420_open_q1,symmetry_pattern_0420.png,"[""symmetry_type=horizontal and vertical mirrors; pattern_status=intact""]","[""whole pattern""]",{},horizontal and vertical mirrors,intact
symmetry_pattern_0421_open_q1,symmetry_pattern_0421.png,"[""symmetry_type=2-fold rotation; pattern_status=broken""]","[""whole pattern""]",{},2-fold rotation,broken
symmetry_pattern_0422_open_q1,symmetry_pattern_0422.png,"[""symmetry_type=3-fold rotation; pattern_status=intact""]","[""whole pattern""]",{},3-fold rotation,intact
symmetry_pattern_0423_open_q1,symmetry_pattern_0423.png,"[""symmetry_type=4-fold rotation; pattern_status=broken""]","[""whole pattern""]",{},4-fold rotation,broken
symmetry_pattern_0424_open_q1,symmetry_pattern_0424.png,"[""symmetry_type=6-fold rotation; pattern_status=intact""]","[""whole pattern""]",{},6-fold rotation,intact
symmetry_pattern_0425_open_q1,symmetry_pattern_0425.png,"[""symmetry_type=horizontal mirror; pattern_status=broken""]","[""whole pattern""]",{},horizontal mirror,broken
symmetry_pattern_0426_open_q1,symmetry_pattern_0426.png,"[""symmetry_type=vertical mirror; pattern_status=intact""]","[""whole pattern""]",{},vertical mirror,intact
symmetry_pattern_0427_open_q1,symmetry_pattern_0427.png,"[""symmetry_type=horizontal and vertical mirrors; pattern_status=broken""]","[""whole pattern""]",{},horizontal and vertical mirrors,broken
symmetry_pattern_0428_open_q1,symmetry_pattern_0428.png,"[""symmetry_type=2-fold rotation; pattern_status=intact""]","[""whole pattern""]",{},2-fold rotation,intact
symmetry_pattern_0429_open_q1,symmetry_pattern_0429.png,"[""symmetry_type=3-fold rotation; pattern_status=broken""]","[""whole pattern""]",{},3-fold rotation,broken
symmetry_pattern_0430_open_q1,symmetry_pattern_0430.png,"[""symmetry_type=4-fold rotation; pattern_status=intact""]","[""whole pattern""]",{},4-fold rotation,intact
symmetry_pattern_0431_open_q1,symmetry_pattern_0431.png,"[""symmetry_type=6-fold rotation; pattern_status=broken""]","[""whole pattern""]",{},6-fold rotation,broken
symmetry_pattern_0432_open_q1,symmetry_pattern_0432.png,"[""symmetry_type=horizontal mirror; pattern_status=intact""]","[""whole pattern""]",{},horizontal mirror,intact
symmetry_pattern_0433_open_q1,symmetry_pattern_0433.png,"[""symmetry_type=vertical mirror; pattern_status=broken""]","[""whole pattern""]",{},vertical mirror,broken
symmetry_pattern_0434_open_q1,symmetry_pattern_0434.png,"[""symmetry_type=horizontal and vertical mirrors; pattern_status=intact""]","[""whole pattern""]",{},horizontal and vertical mirrors,intact
symmetry_pattern_0435_open_q1,symmetry_pattern_0435.png,"[""symmetry_type=2-fold rotation; pattern_status=broken""]","[""whole pattern""]",{},2-fold rotation,broken
symmetry_pattern_0436_open_q1,symmetry_pattern_0436.png,"[""symmetry_type=3-fold rotation; pattern_status=intact""]","[""whole pattern""]",{},3-fold rotation,intact
symmetry_pattern_0437_open_q1,symmetry_pattern_0437.png,"[""symmetry_type=4-fold rotation; pattern_status=broken""]","[""whole pattern""]",{},4-fold rotation,broken
symmetry_pattern_0438_open_q1,symmetry_pattern_0438.png,"[""symmetry_type=6-fold rotation; pattern_status=intact""]","[""whole pattern""]",{},6-fold rotation,intact
symmetry_pattern_0439_open_q1,symmetry_pattern_0439.png,"[""symmetry_type=horizontal mirror; pattern_status=broken""]","[""whole pattern""]",{},horizontal mirror,broken
symmetry_pattern_0440_open_q1,symmetry_pattern_0440.png,"[""symmetry_type=vertical mirror; pattern_status=intact""]","[""whole pattern""]",{},vertical mirror,intact
symmetry_pattern_0441_open_q1,symmetry_pattern_0441.png,"[""symmetry_type=horizontal and vertical mirrors; pattern_status=broken""]","[""whole pattern""]",{},horizontal and vertical mirrors,broken
symmetry_pattern_0442_open_q1,symmetry_pattern_0442.png,"[""symmetry_type=2-fold rotation; pattern_status=intact""]","[""whole pattern""]",{},2-fold rotation,intact
symmetry_pattern_0443_open_q1,symmetry_pattern_0443.png,"[""symmetry_type=3-fold rotation; pattern_status=broken""]","[""whole pattern""]",{},3-fold rotation,broken
symmetry_pattern_0444_open_q1,symmetry_pattern_0444.png,"[""symmetry_type=4-fold rotation; pattern_status=intact""]","[""whole pattern""]",{},4-fold rotation,intact
symmetry_pattern_0445_open_q1,symmetry_pattern_0445.png,"[""symmetry_type=6-fold rotation; pattern_status=broken""]","[""whole pattern""]",{},6-fold rotation,broken
symmetry_pattern_0446_open_q1,symmetry_pattern_0446.png,"[""symmetry_type=horizontal mirror; pattern_status=intact""]","[""whole pattern""]",{},horizontal mirror,intact
symmetry_pattern_0447_open_q1,symmetry_pattern_0447.png,"[""symmetry_type=vertical mirror; pattern_status=broken""]","[""whole pattern""]",{},vertical mirror,broken
symmetry_pattern_0448_open_q1,symmetry_pattern_0448.png,"[""symmetry_type=horizontal and vertical mirrors; pattern_status=intact""]","[""whole pattern""]",{},horizontal and vertical mirrors,intact
symmetry_pattern_0449_open_q1,symmetry_pattern_0449.png,"[""symmetry_type=2-fold rotation; pattern_status=broken""]","[""whole pattern""]",{},2-fold rotation,broken
symmetry_pattern_0450_open_q1,symmetry_pattern_0450.png,"[""symmetry_type=3-fold rotation; pattern_status=intact""]","[""whole pattern""]",{},3-fold rotation,intact
symmetry_pattern_0451_open_q1,symmetry_pattern_0451.png,"[""symmetry_type=4-fold rotation; pattern_status=broken""]","[""whole pattern""]",{},4-fold rotation,broken
symmetry_pattern_0452_open_q1,symmetry_pattern_0452.png,"[""symmetry_type=6-fold rotation; pattern_status=intact""]","[""whole pattern""]",{},6-fold rotation,intact
symmetry_pattern_0453_open_q1,symmetry_pattern_0453.png,"[""symmetry_type=horizontal mirror; pattern_status=broken""]","[""whole pattern""]",{},horizontal mirror,broken
symmetry_pattern_0454_open_q1,symmetry_pattern_0454.png,"[""symmetry_type=vertical mirror; pattern_status=intact""]","[""whole pattern""]",{},vertical mirror,intact
symmetry_pattern_0455_open_q1,symmetry_pattern_0455.png,"[""symmetry_type=horizontal and vertical mirrors; pattern_status=broken""]","[""whole pattern""]",{},horizontal and vertical mirrors,broken
symmetry_pattern_0456_open_q1,symmetry_pattern_0456.png,"[""symmetry_type=2-fold rotation; pattern_status=intact""]","[""whole pattern""]",{},2-fold rotation,intact
symmetry_pattern_0457_open_q1,symmetry_pattern_0457.png,"[""symmetry_type=3-fold rotation; pattern_status=broken""]","[""whole pattern""]",{},3-fold rotation,broken
symmetry_pattern_0458_open_q1,symmetry_pattern_0458.png,"[""symmetry_type=4-fold rotation; pattern_status=intact""]","[""whole pattern""]",{},4-fold rotation,intact
symmetry_pattern_0459_open_q1,symmetry_pattern_0459.png,"[""symmetry_type=6-fold rotation; pattern_status=broken""]","[""whole pattern""]",{},6-fold rotation,broken
symmetry_pattern_0460_open_q1,symmetry_pattern_0460.png,"[""symmetry_type=horizontal mirror; pattern_status=intact""]","[""whole pattern""]",{},horizontal mirror,intact
symmetry_pattern_0461_open_q1,symmetry_pattern_0461.png,"[""symmetry_type=vertical mirror; pattern_status=broken""]","[""whole pattern""]",{},vertical mirror,broken
symmetry_pattern_0462_open_q1,symmetry_pattern_0462.png,"[""symmetry_type=horizontal and vertical mirrors; pattern_status=intact""]","[""whole pattern""]",{},horizontal and vertical mirrors,intact
symmetry_pattern_0463_open_q1,symmetry_pattern_0463.png,"[""symmetry_type=2-fold rotation; pattern_status=broken""]","[""whole pattern""]",{},2-fold rotation,broken
symmetry_pattern_0464_open_q1,symmetry_pattern_0464.png,"[""symmetry_type=3-fold rotation; pattern_status=intact""]","[""whole pattern""]",{},3-fold rotation,intact
symmetry_pattern_0465_open_q1,symmetry_pattern_0465.png,"[""symmetry_type=4-fold rotation; pattern_status=broken""]","[""whole pattern""]",{},4-fold rotation,broken
symmetry_pattern_0466_open_q1,symmetry_pattern_0466.png,"[""symmetry_type=6-fold rotation; pattern_status=intact""]","[""whole pattern""]",{},6-fold rotation,intact
symmetry_pattern_0467_open_q1,symmetry_pattern_0467.png,"[""symmetry_type=horizontal mirror; pattern_status=broken""]","[""whole pattern""]",{},horizontal mirror,broken
symmetry_pattern_0468_open_q1,symmetry_pattern_0468.png,"[""symmetry_type=vertical mirror; pattern_status=intact""]","[""whole pattern""]",{},vertical mirror,intact
symmetry_pattern_0469_open_q1,symmetry_pattern_0469.png,"[""symmetry_type=horizontal and vertical mirrors; pattern_status=broken""]","[""whole pattern""]",{},horizontal and vertical mirrors,broken
symmetry_pattern_0470_open_q1,symmetry_pattern_0470.png,"[""symmetry_type=2-fold rotation; pattern_status=intact""]","[""whole pattern""]",{},2-fold rotation,intact
symmetry_pattern_0471_open_q1,symmetry_pattern_0471.png,"[""symmetry_type=3-fold rotation; pattern_status=broken""]","[""whole pattern""]",{},3-fold rotation,broken
symmetry_pattern_0472_open_q1,symmetry_pattern_0472.png,"[""symmetry_type=4-fold rotation; pattern_status=intact""]","[""whole pattern""]",{},4-fold rotation,intact
symmetry_pattern_0473_open_q1,symmetry_pattern_0473.png,"[""symmetry_type=6-fold rotation; pattern_status=broken""]","[""whole pattern""]",{},6-fold rotation,broken
symmetry_pattern_0474_open_q1,symmetry_pattern_0474.png,"[""symmetry_type=horizontal mirror; pattern_status=intact""]","[""whole pattern""]",{},horizontal mirror,intact
symmetry_pattern_0475_open_q1,symmetry_pattern_0475.png,"[""symmetry_type=vertical mirror; pattern_status=broken""]","[""whole pattern""]",{},vertical mirror,broken
symmetry_pattern_0476_open_q1,symmetry_pattern_0476.png,"[""symmetry_type=horizontal and vertical mirrors; pattern_status=intact""]","[""whole pattern""]",{},horizontal and vertical mirrors,intact
symmetry_pattern_0477_open_q1,symmetry_pattern_0477.png,"[""symmetry_type=2-fold rotation; pattern_status=broken""]","[""whole pattern""]",{},2-fold rotation,broken
symmetry_pattern_0478_open_q1,symmetry_pattern_0478.png,"[""symmetry_type=3-fold rotation; pattern_status=intact""]","[""whole pattern""]",{},3-fold rotation,intact
symmetry_pattern_0479_open_q1,symmetry_pattern_0479.png,"[""symmetry_type=4-fold rotation; pattern_status=broken""]","[""whole pattern""]",{},4-fold rotation,broken
symmetry_pattern_0480_open_q1,symmetry_pattern_0480.png,"[""symmetry_type=6-fold rotation; pattern_status=intact""]","[""whole pattern""]",{},6-fold rotation,intact
symmetry_pattern_0481_open_q1,symmetry_pattern_0481.png,"[""symmetry_type=horizontal mirror; pattern_status=broken""]","[""whole pattern""]",{},horizontal mirror,broken
symmetry_pattern_0482_open_q1,symmetry_pattern_0482.png,"[""symmetry_type=vertical mirror; pattern_status=intact""]","[""whole pattern""]",{},vertical mirror,intact
symmetry_pattern_0483_open_q1,symmetry_pattern_0483.png,"[""symmetry_type=horizontal and vertical mirrors; pattern_status=broken""]","[""whole pattern""]",{},horizontal and vertical mirrors,broken
symmetry_pattern_0484_open_q1,symmetry_pattern_0484.png,"[""symmetry_type=2-fold rotation; pattern_status=intact""]","[""whole pattern""]",{},2-fold rotation,intact
symmetry_pattern_0485_open_q1,symmetry_pattern_0485.png,"[""symmetry_type=3-fold rotation; pattern_status=broken""]","[""whole pattern""]",{},3-fold rotation,broken
symmetry_pattern_0486_open_q1,symmetry_pattern_0486.png,"[""symmetry_type=4-fold rotation; pattern_status=intact""]","[""whole pattern""]",{},4-fold rotation,intact
symmetry_pattern_0487_open_q1,symmetry_pattern_0487.png,"[""symmetry_type=6-fold rotation; pattern_status=broken""]","[""whole pattern""]",{},6-fold rotation,broken
symmetry_pattern_0488_open_q1,symmetry_pattern_0488.png,"[""symmetry_type=horizontal mirror; pattern_status=intact""]","[""whole pattern""]",{},horizontal mirror,intact
symmetry_pattern_0489_open_q1,symmetry_pattern_0489.png,"[""symmetry_type=vertical mirror; pattern_status=broken""]","[""whole pattern""]",{},vertical mirror,broken
symmetry_pattern_0490_open_q1,symmetry_pattern_0490.png,"[""symmetry_type=horizontal and vertical mirrors; pattern_status=intact""]","[""whole pattern""]",{},horizontal and vertical mirrors,intact
symmetry_pattern_0491_open_q1,symmetry_pattern_0491.png,"[""symmetry_type=2-fold rotation; pattern_status=broken""]","[""whole pattern""]",{},2-fold rotation,broken
symmetry_pattern_0492_open_q1,symmetry_pattern_0492.png,"[""symmetry_type=3-fold rotation; pattern_status=intact""]","[""whole pattern""]",{},3-fold rotation,intact
symmetry_pattern_0493_open_q1,symmetry_pattern_0493.png,"[""symmetry_type=4-fold rotation; pattern_status=broken""]","[""whole pattern""]",{},4-fold rotation,broken
symmetry_pattern_0494_open_q1,symmetry_pattern_0494.png,"[""symmetry_type=6-fold rotation; pattern_status=intact""]","[""whole pattern""]",{},6-fold rotation,intact
symmetry_pattern_0495_open_q1,symmetry_pattern_0495.png,"[""symmetry_type=horizontal mirror; pattern_status=broken""]","[""whole pattern""]",{},horizontal mirror,broken
symmetry_pattern_0496_open_q1,symmetry_pattern_0496.png,"[""symmetry_type=vertical mirror; pattern_status=intact""]","[""whole pattern""]",{},vertical mirror,intact
symmetry_pattern_0497_open_q1,symmetry_pattern_0497.png,"[""symmetry_type=horizontal and vertical mirrors; pattern_status=broken""]","[""whole pattern""]",{},horizontal and vertical mirrors,broken
symmetry_pattern_0498_open_q1,symmetry_pattern_0498.png,"[""symmetry_type=2-fold rotation; pattern_status=intact""]","[""whole pattern""]",{},2-fold rotation,intact
symmetry_pattern_0499_open_q1,symmetry_pattern_0499.png,"[""symmetry_type=3-fold rotation; pattern_status=broken""]","[""whole pattern""]",{},3-fold rotation,broken
symmetry_pattern_0500_open_q1,symmetry_pattern_0500.png,"[""symmetry_type=4-fold rotation; pattern_status=intact""]","[""whole pattern""]",{},4-fold rotation,intact
symmetry_pattern_0501_open_q1,symmetry_pattern_0501.png,"[""symmetry_type=6-fold rotation; pattern_status=broken""]","[""whole pattern""]",{},6-fold rotation,broken
symmetry_pattern_0502_open_q1,symmetry_pattern_0502.png,"[""symmetry_type=horizontal mirror; pattern_status=intact""]","[""whole pattern""]",{},horizontal mirror,intact
symmetry_pattern_0503_open_q1,symmetry_pattern_0503.png,"[""symmetry_type=vertical mirror; pattern_status=broken""]","[""whole pattern""]",{},vertical mirror,broken
symmetry_pattern_0504_open_q1,symmetry_pattern_0504.png,"[""symmetry_type=horizontal and vertical mirrors; pattern_status=intact""]","[""whole pattern""]",{},horizontal and vertical mirrors,intact
symmetry_pattern_0505_open_q1,symmetry_pattern_0505.png,"[""symmetry_type=2-fold rotation; pattern_status=broken""]","[""whole pattern""]",{},2-fold rotation,broken
symmetry_pattern_0506_open_q1,symmetry_pattern_0506.png,"[""symmetry_type=3-fold rotation; pattern_status=intact""]","[""whole pattern""]",{},3-fold rotation,intact
symmetry_pattern_0507_open_q1,symmetry_pattern_0507.png,"[""symmetry_type=4-fold rotation; pattern_status=broken""]","[""whole pattern""]",{},4-fold rotation,broken
symmetry_pattern_0508_open_q1,symmetry_pattern_0508.png,"[""symmetry_type=6-fold rotation; pattern_status=intact""]","[""whole pattern""]",{},6-fold rotation,intact
symmetry_pattern_0509_open_q1,symmetry_pattern_0509.png,"[""symmetry_type=horizontal mirror; pattern_status=broken""]","[""whole pattern""]",{},horizontal mirror,broken
symmetry_pattern_0510_open_q1,symmetry_pattern_0510.png,"[""symmetry_type=vertical mirror; pattern_status=intact""]","[""whole pattern""]",{},vertical mirror,intact
symmetry_pattern_0511_open_q1,symmetry_pattern_0511.png,"[""symmetry_type=horizontal and vertical mirrors; pattern_status=broken""]","[""whole pattern""]",{},horizontal and vertical mirrors,broken
symmetry_pattern_0512_open_q1,symmetry_pattern_0512.png,"[""symmetry_type=2-fold rotation; pattern_status=intact""]","[""whole pattern""]",{},2-fold rotation,intact
symmetry_pattern_0513_open_q1,symmetry_pattern_0513.png,"[""symmetry_type=3-fold rotation; pattern_status=broken""]","[""whole pattern""]",{},3-fold rotation,broken
symmetry_pattern_0514_open_q1,symmetry_pattern_0514.png,"[""symmetry_type=4-fold rotation; pattern_status=intact""]","[""whole pattern""]",{},4-fold rotation,intact
symmetry_pattern_0515_open_q1,symmetry_pattern_0515.png,"[""symmetry_type=6-fold rotation; pattern_status=broken""]","[""whole pattern""]",{},6-fold rotation,broken
symmetry_pattern_0516_open_q1,symmetry_pattern_0516.png,"[""symmetry_type=horizontal mirror; pattern_status=intact""]","[""whole pattern""]",{},horizontal mirror,intact
symmetry_pattern_0517_open_q1,symmetry_pattern_0517.png,"[""symmetry_type=vertical mirror; pattern_status=broken""]","[""whole pattern""]",{},vertical mirror,broken
symmetry_pattern_0518_open_q1,symmetry_pattern_0518.png,"[""symmetry_type=horizontal and vertical mirrors; pattern_status=intact""]","[""whole pattern""]",{},horizontal and vertical mirrors,intact
symmetry_pattern_0519_open_q1,symmetry_pattern_0519.png,"[""symmetry_type=2-fold rotation; pattern_status=broken""]","[""whole pattern""]",{},2-fold rotation,broken
symmetry_pattern_0520_open_q1,symmetry_pattern_0520.png,"[""symmetry_type=3-fold rotation; pattern_status=intact""]","[""whole pattern""]",{},3-fold rotation,intact
symmetry_pattern_0521_open_q1,symmetry_pattern_0521.png,"[""symmetry_type=4-fold rotation; pattern_status=broken""]","[""whole pattern""]",{},4-fold rotation,broken
symmetry_pattern_0522_open_q1,symmetry_pattern_0522.png,"[""symmetry_type=6-fold rotation; pattern_status=intact""]","[""whole pattern""]",{},6-fold rotation,intact
symmetry_pattern_0523_open_q1,symmetry_pattern_0523.png,"[""symmetry_type=horizontal mirror; pattern_status=broken""]","[""whole pattern""]",{},horizontal mirror,broken
symmetry_pattern_0524_open_q1,symmetry_pattern_0524.png,"[""symmetry_type=vertical mirror; pattern_status=intact""]","[""whole pattern""]",{},vertical mirror,intact
symmetry_pattern_0525_open_q1,symmetry_pattern_0525.png,"[""symmetry_type=horizontal and vertical mirrors; pattern_status=broken""]","[""whole pattern""]",{},horizontal and vertical mirrors,broken
symmetry_pattern_0526_open_q1,symmetry_pattern_0526.png,"[""symmetry_type=2-fold rotation; pattern_status=intact""]","[""whole pattern""]",{},2-fold rotation,intact
symmetry_pattern_0527_open_q1,symmetry_pattern_0527.png,"[""symmetry_type=3-fold rotation; pattern_status=broken""]","[""whole pattern""]",{},3-fold rotation,broken
symmetry_pattern_0528_open_q1,symmetry_pattern_0528.png,"[""symmetry_type=4-fold rotation; pattern_status=intact""]","[""whole pattern""]",{},4-fold rotation,intact
symmetry_pattern_0529_open_q1,symmetry_pattern_0529.png,"[""symmetry_type=6-fold rotation; pattern_status=broken""]","[""whole pattern""]",{},6-fold rotation,broken
symmetry_pattern_0530_open_q1,symmetry_pattern_0530.png,"[""symmetry_type=horizontal mirror; pattern_status=intact""]","[""whole pattern""]",{},horizontal mirror,intact
symmetry_pattern_0531_open_q1,symmetry_pattern_0531.png,"[""symmetry_type=vertical mirror; pattern_status=broken""]","[""whole pattern""]",{},vertical mirror,broken
symmetry_pattern_0532_open_q1,symmetry_pattern_0532.png,"[""symmetry_type=horizontal and vertical mirrors; pattern_status=intact""]","[""whole pattern""]",{},horizontal and vertical mirrors,intact
symmetry_pattern_0533_open_q1,symmetry_pattern_0533.png,"[""symmetry_type=2-fold rotation; pattern_status=broken""]","[""whole pattern""]",{},2-fold rotation,broken
symmetry_pattern_0534_open_q1,symmetry_pattern_0534.png,"[""symmetry_type=3-fold rotation; pattern_status=intact""]","[""whole pattern""]",{},3-fold rotation,intact
symmetry_pattern_0535_open_q1,symmetry_pattern_0535.png,"[""symmetry_type=4-fold rotation; pattern_status=broken""]","[""whole pattern""]",{},4-fold rotation,broken
symmetry_pattern_0536_open_q1,symmetry_pattern_0536.png,"[""symmetry_type=6-fold rotation; pattern_status=intact""]","[""whole pattern""]",{},6-fold rotation,intact
symmetry_pattern_0537_open_q1,symmetry_pattern_0537.png,"[""symmetry_type=horizontal mirror; pattern_status=broken""]","[""whole pattern""]",{},horizontal mirror,broken
symmetry_pattern_0538_open_q1,symmetry_pattern_0538.png,"[""symmetry_type=vertical mirror; pattern_status=intact""]","[""whole pattern""]",{},vertical mirror,intact
symmetry_pattern_0539_open_q1,symmetry_pattern_0539.png,"[""symmetry_type=horizontal and vertical mirrors; pattern_status=broken""]","[""whole pattern""]",{},horizontal and vertical mirrors,broken
symmetry_pattern_0540_open_q1,symmetry_pattern_0540.png,"[""symmetry_type=2-fold rotation; pattern_status=intact""]","[""whole pattern""]",{},2-fold rotation,intact
symmetry_pattern_0541_open_q1,symmetry_pattern_0541.png,"[""symmetry_type=3-fold rotation; pattern_status=broken""]","[""whole pattern""]",{},3-fold rotation,broken
symmetry_pattern_0542_open_q1,symmetry_pattern_0542.png,"[""symmetry_type=4-fold rotation; pattern_status=intact""]","[""whole pattern""]",{},4-fold rotation,intact
symmetry_pattern_0543_open_q1,symmetry_pattern_0543.png,"[""symmetry_type=6-fold rotation; pattern_status=broken""]","[""whole pattern""]",{},6-fold rotation,broken
symmetry_pattern_0544_open_q1,symmetry_pattern_0544.png,"[""symmetry_type=horizontal mirror; pattern_status=intact""]","[""whole pattern""]",{},horizontal mirror,intact
symmetry_pattern_0545_open_q1,symmetry_pattern_0545.png,"[""symmetry_type=vertical mirror; pattern_status=broken""]","[""whole pattern""]",{},vertical mirror,broken
symmetry_pattern_0546_open_q1,symmetry_pattern_0546.png,"[""symmetry_type=horizontal and vertical mirrors; pattern_status=intact""]","[""whole pattern""]",{},horizontal and vertical mirrors,intact
symmetry_pattern_0547_open_q1,symmetry_pattern_0547.png,"[""symmetry_type=2-fold rotation; pattern_status=broken""]","[""whole pattern""]",{},2-fold rotation,broken
symmetry_pattern_0548_open_q1,symmetry_pattern_0548.png,"[""symmetry_type=3-fold rotation; pattern_status=intact""]","[""whole pattern""]",{},3-fold rotation,intact
symmetry_pattern_0549_open_q1,symmetry_pattern_0549.png,"[""symmetry_type=4-fold rotation; pattern_status=broken""]","[""whole pattern""]",{},4-fold rotation,broken
symmetry_pattern_0550_open_q1,symmetry_pattern_0550.png,"[""symmetry_type=6-fold rotation; pattern_status=intact""]","[""whole pattern""]",{},6-fold rotation,intact
symmetry_pattern_0551_open_q1,symmetry_pattern_0551.png,"[""symmetry_type=horizontal mirror; pattern_status=broken""]","[""whole pattern""]",{},horizontal mirror,broken
symmetry_pattern_0552_open_q1,symmetry_pattern_0552.png,"[""symmetry_type=vertical mirror; pattern_status=intact""]","[""whole pattern""]",{},vertical mirror,intact
symmetry_pattern_0553_open_q1,symmetry_pattern_0553.png,"[""symmetry_type=horizontal and vertical mirrors; pattern_status=broken""]","[""whole pattern""]",{},horizontal and vertical mirrors,broken
symmetry_pattern_0554_open_q1,symmetry_pattern_0554.png,"[""symmetry_type=2-fold rotation; pattern_status=intact""]","[""whole pattern""]",{},2-fold rotation,intact
symmetry_pattern_0555_open_q1,symmetry_pattern_0555.png,"[""symmetry_type=3-fold rotation; pattern_status=broken""]","[""whole pattern""]",{},3-fold rotation,broken
symmetry_pattern_0556_open_q1,symmetry_pattern_0556.png,"[""symmetry_type=4-fold rotation; pattern_status=intact""]","[""whole pattern""]",{},4-fold rotation,intact
symmetry_pattern_0557_open_q1,symmetry_pattern_0557.png,"[""symmetry_type=6-fold rotation; pattern_status=broken""]","[""whole pattern""]",{},6-fold rotation,broken
symmetry_pattern_0558_open_q1,symmetry_pattern_0558.png,"[""symmetry_type=horizontal mirror; pattern_status=intact""]","[""whole pattern""]",{},horizontal mirror,intact
symmetry_pattern_0559_open_q1,symmetry_pattern_0559.png,"[""symmetry_type=vertical mirror; pattern_status=broken""]","[""whole pattern""]",{},vertical mirror,broken
symmetry_pattern_0560_open_q1,symmetry_pattern_0560.png,"[""symmetry_type=horizontal and vertical mirrors; pattern_status=intact""]","[""whole pattern""]",{},horizontal and vertical mirrors,intact
symmetry_pattern_0561_open_q1,symmetry_pattern_0561.png,"[""symmetry_type=2-fold rotation; pattern_status=broken""]","[""whole pattern""]",{},2-fold rotation,broken
symmetry_pattern_0562_open_q1,symmetry_pattern_0562.png,"[""symmetry_type=3-fold rotation; pattern_status=intact""]","[""whole pattern""]",{},3-fold rotation,intact
symmetry_pattern_0563_open_q1,symmetry_pattern_0563.png,"[""symmetry_type=4-fold rotation; pattern_status=broken""]","[""whole pattern""]",{},4-fold rotation,broken
symmetry_pattern_0564_open_q1,symmetry_pattern_0564.png,"[""symmetry_type=6-fold rotation; pattern_status=intact""]","[""whole pattern""]",{},6-fold rotation,intact
symmetry_pattern_0565_open_q1,symmetry_pattern_0565.png,"[""symmetry_type=horizontal mirror; pattern_status=broken""]","[""whole pattern""]",{},horizontal mirror,broken
symmetry_pattern_0566_open_q1,symmetry_pattern_0566.png,"[""symmetry_type=vertical mirror; pattern_status=intact""]","[""whole pattern""]",{},vertical mirror,intact
symmetry_pattern_0567_open_q1,symmetry_pattern_0567.png,"[""symmetry_type=horizontal and vertical mirrors; pattern_status=broken""]","[""whole pattern""]",{},horizontal and vertical mirrors,broken
symmetry_pattern_0568_open_q1,symmetry_pattern_0568.png,"[""symmetry_type=2-fold rotation; pattern_status=intact""]","[""whole pattern""]",{},2-fold rotation,intact
symmetry_pattern_0569_open_q1,symmetry_pattern_0569.png,"[""symmetry_type=3-fold rotation; pattern_status=broken""]","[""whole pattern""]",{},3-fold rotation,broken
symmetry_pattern_0570_open_q1,symmetry_pattern_0570.png,"[""symmetry_type=4-fold rotation; pattern_status=intact""]","[""whole pattern""]",{},4-fold rotation,intact
symmetry_pattern_0571_open_q1,symmetry_pattern_0571.png,"[""symmetry_type=6-fold rotation; pattern_status=broken""]","[""whole pattern""]",{},6-fold rotation,broken
symmetry_pattern_0572_open_q1,symmetry_pattern_0572.png,"[""symmetry_type=horizontal mirror; pattern_status=intact""]","[""whole pattern""]",{},horizontal mirror,intact
symmetry_pattern_0573_open_q1,symmetry_pattern_0573.png,"[""symmetry_type=vertical mirror; pattern_status=broken""]","[""whole pattern""]",{},vertical mirror,broken
symmetry_pattern_0574_open_q1,symmetry_pattern_0574.png,"[""symmetry_type=horizontal and vertical mirrors; pattern_status=intact""]","[""whole pattern""]",{},horizontal and vertical mirrors,intact
symmetry_pattern_0575_open_q1,symmetry_pattern_0575.png,"[""symmetry_type=2-fold rotation; pattern_status=broken""]","[""whole pattern""]",{},2-fold rotation,broken
symmetry_pattern_0576_open_q1,symmetry_pattern_0576.png,"[""symmetry_type=3-fold rotation; pattern_status=intact""]","[""whole pattern""]",{},3-fold rotation,intact
symmetry_pattern_0577_open_q1,symmetry_pattern_0577.png,"[""symmetry_type=4-fold rotation; pattern_status=broken""]","[""whole pattern""]",{},4-fold rotation,broken
symmetry_pattern_0578_open_q1,symmetry_pattern_0578.png,"[""symmetry_type=6-fold rotation; pattern_status=intact""]","[""whole pattern""]",{},6-fold rotation,intact
symmetry_pattern_0579_open_q1,symmetry_pattern_0579.png,"[""symmetry_type=horizontal mirror; pattern_status=broken""]","[""whole pattern""]",{},horizontal mirror,broken
symmetry_pattern_0580_open_q1,symmetry_pattern_0580.png,"[""symmetry_type=vertical mirror; pattern_status=intact""]","[""whole pattern""]",{},vertical mirror,intact
symmetry_pattern_0581_open_q1,symmetry_pattern_0581.png,"[""symmetry_type=horizontal and vertical mirrors; pattern_status=broken""]","[""whole pattern""]",{},horizontal and vertical mirrors,broken
symmetry_pattern_0582_open_q1,symmetry_pattern_0582.png,"[""symmetry_type=2-fold rotation; pattern_status=intact""]","[""whole pattern""]",{},2-fold rotation,intact
symmetry_pattern_0583_open_q1,symmetry_pattern_0583.png,"[""symmetry_type=3-fold rotation; pattern_status=broken""]","[""whole pattern""]",{},3-fold rotation,broken
symmetry_pattern_0584_open_q1,symmetry_pattern_0584.png,"[""symmetry_type=4-fold rotation; pattern_status=intact""]","[""whole pattern""]",{},4-fold rotation,intact
symmetry_pattern_0585_open_q1,symmetry_pattern_0585.png,"[""symmetry_type=6-fold rotation; pattern_status=broken""]","[""whole pattern""]",{},6-fold rotation,broken
symmetry_pattern_0586_open_q1,symmetry_pattern_0586.png,"[""symmetry_type=horizontal mirror; pattern_status=intact""]","[""whole pattern""]",{},horizontal mirror,intact
symmetry_pattern_0587_open_q1,symmetry_pattern_0587.png,"[""symmetry_type=vertical mirror; pattern_status=broken""]","[""whole pattern""]",{},vertical mirror,broken
symmetry_pattern_0588_open_q1,symmetry_pattern_0588.png,"[""symmetry_type=horizontal and vertical mirrors; pattern_status=intact""]","[""whole pattern""]",{},horizontal and vertical mirrors,intact
symmetry_pattern_0589_open_q1,symmetry_pattern_0589.png,"[""symmetry_type=2-fold rotation; pattern_status=broken""]","[""whole pattern""]",{},2-fold rotation,broken
symmetry_pattern_0590_open_q1,symmetry_pattern_0590.png,"[""symmetry_type=3-fold rotation; pattern_status=intact""]","[""whole pattern""]",{},3-fold rotation,intact
symmetry_pattern_0591_open_q1,symmetry_pattern_0591.png,"[""symmetry_type=4-fold rotation; pattern_status=broken""]","[""whole pattern""]",{},4-fold rotation,broken
symmetry_pattern_0592_open_q1,symmetry_pattern_0592.png,"[""symmetry_type=6-fold rotation; pattern_status=intact""]","[""whole pattern""]",{},6-fold rotation,intact
symmetry_pattern_0593_open_q1,symmetry_pattern_0593.png,"[""symmetry_type=horizontal mirror; pattern_status=broken""]","[""whole pattern""]",{},horizontal mirror,broken
symmetry_pattern_0594_open_q1,symmetry_pattern_0594.png,"[""symmetry_type=vertical mirror; pattern_status=intact""]","[""whole pattern""]",{},vertical mirror,intact
symmetry_pattern_0595_open_q1,symmetry_pattern_0595.png,"[""symmetry_type=horizontal and vertical mirrors; pattern_status=broken""]","[""whole pattern""]",{},horizontal and vertical mirrors,broken
symmetry_pattern_0596_open_q1,symmetry_pattern_0596.png,"[""symmetry_type=2-fold rotation; pattern_status=intact""]","[""whole pattern""]",{},2-fold rotation,intact
symmetry_pattern_0597_open_q1,symmetry_pattern_0597.png,"[""symmetry_type=3-fold rotation; pattern_status=broken""]","[""whole pattern""]",{},3-fold rotation,broken
symmetry_pattern_0598_open_q1,symmetry_pattern_0598.png,"[""symmetry_type=4-fold rotation; pattern_status=intact""]","[""whole pattern""]",{},4-fold rotation,intact
symmetry_pattern_0599_open_q1,symmetry_pattern_0599.png,"[""symmetry_type=6-fold rotation; pattern_status=broken""]","[""whole pattern""]",{},6-fold rotation,broken
symmetry_pattern_0600_open_q1,symmetry_pattern_0600.png,"[""symmetry_type=horizontal mirror; pattern_status=intact""]","[""whole pattern""]",{},horizontal mirror,intact
symmetry_pattern_0601_open_q1,symmetry_pattern_0601.png,"[""symmetry_type=vertical mirror; pattern_status=broken""]","[""whole pattern""]",{},vertical mirror,broken
symmetry_pattern_0602_open_q1,symmetry_pattern_0602.png,"[""symmetry_type=horizontal and vertical mirrors; pattern_status=intact""]","[""whole pattern""]",{},horizontal and vertical mirrors,intact
symmetry_pattern_0603_open_q1,symmetry_pattern_0603.png,"[""symmetry_type=2-fold rotation; pattern_status=broken""]","[""whole pattern""]",{},2-fold rotation,broken
symmetry_pattern_0604_open_q1,symmetry_pattern_0604.png,"[""symmetry_type=3-fold rotation; pattern_status=intact""]","[""whole pattern""]",{},3-fold rotation,intact
symmetry_pattern_0605_open_q1,symmetry_pattern_0605.png,"[""symmetry_type=4-fold rotation; pattern_status=broken""]","[""whole pattern""]",{},4-fold rotation,broken
symmetry_pattern_0606_open_q1,symmetry_pattern_0606.png,"[""symmetry_type=6-fold rotation; pattern_status=intact""]","[""whole pattern""]",{},6-fold rotation,intact
symmetry_pattern_0607_open_q1,symmetry_pattern_0607.png,"[""symmetry_type=horizontal mirror; pattern_status=broken""]","[""whole pattern""]",{},horizontal mirror,broken
symmetry_pattern_0608_open_q1,symmetry_pattern_0608.png,"[""symmetry_type=vertical mirror; pattern_status=intact""]","[""whole pattern""]",{},vertical mirror,intact
symmetry_pattern_0609_open_q1,symmetry_pattern_0609.png,"[""symmetry_type=horizontal and vertical mirrors; pattern_status=broken""]","[""whole pattern""]",{},horizontal and vertical mirrors,broken
symmetry_pattern_0610_open_q1,symmetry_pattern_0610.png,"[""symmetry_type=2-fold rotation; pattern_status=intact""]","[""whole pattern""]",{},2-fold rotation,intact
symmetry_pattern_0611_open_q1,symmetry_pattern_0611.png,"[""symmetry_type=3-fold rotation; pattern_status=broken""]","[""whole pattern""]",{},3-fold rotation,broken
symmetry_pattern_0612_open_q1,symmetry_pattern_0612.png,"[""symmetry_type=4-fold rotation; pattern_status=intact""]","[""whole pattern""]",{},4-fold rotation,intact
symmetry_pattern_0613_open_q1,symmetry_pattern_0613.png,"[""symmetry_type=6-fold rotation; pattern_status=broken""]","[""whole pattern""]",{},6-fold rotation,broken
symmetry_pattern_0614_open_q1,symmetry_pattern_0614.png,"[""symmetry_type=horizontal mirror; pattern_status=intact""]","[""whole pattern""]",{},horizontal mirror,intact
symmetry_pattern_0615_open_q1,symmetry_pattern_0615.png,"[""symmetry_type=vertical mirror; pattern_status=broken""]","[""whole pattern""]",{},vertical mirror,broken
symmetry_pattern_0616_open_q1,symmetry_pattern_0616.png,"[""symmetry_type=horizontal and vertical mirrors; pattern_status=intact""]","[""whole pattern""]",{},horizontal and vertical mirrors,intact
symmetry_pattern_0617_open_q1,symmetry_pattern_0617.png,"[""symmetry_type=2-fold rotation; pattern_status=broken""]","[""whole pattern""]",{},2-fold rotation,broken
symmetry_pattern_0618_open_q1,symmetry_pattern_0618.png,"[""symmetry_type=3-fold rotation; pattern_status=intact""]","[""whole pattern""]",{},3-fold rotation,intact
symmetry_pattern_0619_open_q1,symmetry_pattern_0619.png,"[""symmetry_type=4-fold rotation; pattern_status=broken""]","[""whole pattern""]",{},4-fold rotation,broken
symmetry_pattern_0620_open_q1,symmetry_pattern_0620.png,"[""symmetry_type=6-fold rotation; pattern_status=intact""]","[""whole pattern""]",{},6-fold rotation,intact
symmetry_pattern_0621_open_q1,symmetry_pattern_0621.png,"[""symmetry_type=horizontal mirror; pattern_status=broken""]","[""whole pattern""]",{},horizontal mirror,broken
symmetry_pattern_0622_open_q1,symmetry_pattern_0622.png,"[""symmetry_type=vertical mirror; pattern_status=intact""]","[""whole pattern""]",{},vertical mirror,intact
symmetry_pattern_0623_open_q1,symmetry_pattern_0623.png,"[""symmetry_type=horizontal and vertical mirrors; pattern_status=broken""]","[""whole pattern""]",{},horizontal and vertical mirrors,broken
symmetry_pattern_0624_open_q1,symmetry_pattern_0624.png,"[""symmetry_type=2-fold rotation; pattern_status=intact""]","[""whole pattern""]",{},2-fold rotation,intact
symmetry_pattern_0625_open_q1,symmetry_pattern_0625.png,"[""symmetry_type=3-fold rotation; pattern_status=broken""]","[""whole pattern""]",{},3-fold rotation,broken
symmetry_pattern_0626_open_q1,symmetry_pattern_0626.png,"[""symmetry_type=4-fold rotation; pattern_status=intact""]","[""whole pattern""]",{},4-fold rotation,intact
symmetry_pattern_0627_open_q1,symmetry_pattern_0627.png,"[""symmetry_type=6-fold rotation; pattern_status=broken""]","[""whole pattern""]",{},6-fold rotation,broken
symmetry_pattern_0628_open_q1,symmetry_pattern_0628.png,"[""symmetry_type=horizontal mirror; pattern_status=intact""]","[""whole pattern""]",{},horizontal mirror,intact
symmetry_pattern_0629_open_q1,symmetry_pattern_0629.png,"[""symmetry_type=vertical mirror; pattern_status=broken""]","[""whole pattern""]",{},vertical mirror,broken
symmetry_pattern_0630_open_q1,symmetry_pattern_0630.png,"[""symmetry_type=horizontal and vertical mirrors; pattern_status=intact""]","[""whole pattern""]",{},horizontal and vertical mirrors,intact
symmetry_pattern_0631_open_q1,symmetry_pattern_0631.png,"[""symmetry_type=2-fold rotation; pattern_status=broken""]","[""whole pattern""]",{},2-fold rotation,broken
symmetry_pattern_0632_open_q1,symmetry_pattern_0632.png,"[""symmetry_type=3-fold rotation; pattern_status=intact""]","[""whole pattern""]",{},3-fold rotation,intact
symmetry_pattern_0633_open_q1,symmetry_pattern_0633.png,"[""symmetry_type=4-fold rotation; pattern_status=broken""]","[""whole pattern""]",{},4-fold rotation,broken
symmetry_pattern_0634_open_q1,symmetry_pattern_0634.png,"[""symmetry_type=6-fold rotation; pattern_status=intact""]","[""whole pattern""]",{},6-fold rotation,intact
symmetry_pattern_0635_open_q1,symmetry_pattern_0635.png,"[""symmetry_type=horizontal mirror; pattern_status=broken""]","[""whole pattern""]",{},horizontal mirror,broken
symmetry_pattern_0636_open_q1,symmetry_pattern_0636.png,"[""symmetry_type=vertical mirror; pattern_status=intact""]","[""whole pattern""]",{},vertical mirror,intact
symmetry_pattern_0637_open_q1,symmetry_pattern_0637.png,"[""symmetry_type=horizontal and vertical mirrors; pattern_status=broken""]","[""whole pattern""]",{},horizontal and vertical mirrors,broken
symmetry_pattern_0638_open_q1,symmetry_pattern_0638.png,"[""symmetry_type=2-fold rotation; pattern_status=intact""]","[""whole pattern""]",{},2-fold rotation,intact
symmetry_pattern_0639_open_q1,symmetry_pattern_0639.png,"[""symmetry_type=3-fold rotation; pattern_status=broken""]","[""whole pattern""]",{},3-fold rotation,broken
symmetry_pattern_0640_open_q1,symmetry_pattern_0640.png,"[""symmetry_type=4-fold rotation; pattern_status=intact""]","[""whole pattern""]",{},4-fold rotation,intact
symmetry_pattern_0641_open_q1,symmetry_pattern_0641.png,"[""symmetry_type=6-fold rotation; pattern_status=broken""]","[""whole pattern""]",{},6-fold rotation,broken
symmetry_pattern_0642_open_q1,symmetry_pattern_0642.png,"[""symmetry_type=horizontal mirror; pattern_status=intact""]","[""whole pattern""]",{},horizontal mirror,intact
symmetry_pattern_0643_open_q1,symmetry_pattern_0643.png,"[""symmetry_type=vertical mirror; pattern_status=broken""]","[""whole pattern""]",{},vertical mirror,broken
symmetry_pattern_0644_open_q1,symmetry_pattern_0644.png,"[""symmetry_type=horizontal and vertical mirrors; pattern_status=intact""]","[""whole pattern""]",{},horizontal and vertical mirrors,intact
symmetry_pattern_0645_open_q1,symmetry_pattern_0645.png,"[""symmetry_type=2-fold rotation; pattern_status=broken""]","[""whole pattern""]",{},2-fold rotation,broken
symmetry_pattern_0646_open_q1,symmetry_pattern_0646.png,"[""symmetry_type=3-fold rotation; pattern_status=intact""]","[""whole pattern""]",{},3-fold rotation,intact
symmetry_pattern_0647_open_q1,symmetry_pattern_0647.png,"[""symmetry_type=4-fold rotation; pattern_status=broken""]","[""whole pattern""]",{},4-fold rotation,broken
symmetry_pattern_0648_open_q1,symmetry_pattern_0648.png,"[""symmetry_type=6-fold rotation; pattern_status=intact""]","[""whole pattern""]",{},6-fold rotation,intact
symmetry_pattern_0649_open_q1,symmetry_pattern_0649.png,"[""symmetry_type=horizontal mirror; pattern_status=broken""]","[""whole pattern""]",{},horizontal mirror,broken
symmetry_pattern_0650_open_q1,symmetry_pattern_0650.png,"[""symmetry_type=vertical mirror; pattern_status=intact""]","[""whole pattern""]",{},vertical mirror,intact
symmetry_pattern_0651_open_q1,symmetry_pattern_0651.png,"[""symmetry_type=horizontal and vertical mirrors; pattern_status=broken""]","[""whole pattern""]",{},horizontal and vertical mirrors,broken
symmetry_pattern_0652_open_q1,symmetry_pattern_0652.png,"[""symmetry_type=2-fold rotation; pattern_status=intact""]","[""whole pattern""]",{},2-fold rotation,intact
symmetry_pattern_0653_open_q1,symmetry_pattern_0653.png,"[""symmetry_type=3-fold rotation; pattern_status=broken""]","[""whole pattern""]",{},3-fold rotation,broken
symmetry_pattern_0654_open_q1,symmetry_pattern_0654.png,"[""symmetry_type=4-fold rotation; pattern_status=intact""]","[""whole pattern""]",{},4-fold rotation,intact
symmetry_pattern_0655_open_q1,symmetry_pattern_0655.png,"[""symmetry_type=6-fold rotation; pattern_status=broken""]","[""whole pattern""]",{},6-fold rotation,broken
symmetry_pattern_0656_open_q1,symmetry_pattern_0656.png,"[""symmetry_type=horizontal mirror; pattern_status=intact""]","[""whole pattern""]",{},horizontal mirror,intact
symmetry_pattern_0657_open_q1,symmetry_pattern_0657.png,"[""symmetry_type=vertical mirror; pattern_status=broken""]","[""whole pattern""]",{},vertical mirror,broken
symmetry_pattern_0658_open_q1,symmetry_pattern_0658.png,"[""symmetry_type=horizontal and vertical mirrors; pattern_status=intact""]","[""whole pattern""]",{},horizontal and vertical mirrors,intact
symmetry_pattern_0659_open_q1,symmetry_pattern_0659.png,"[""symmetry_type=2-fold rotation; pattern_status=broken""]","[""whole pattern""]",{},2-fold rotation,broken
symmetry_pattern_0660_open_q1,symmetry_pattern_0660.png,"[""symmetry_type=3-fold rotation; pattern_status=intact""]","[""whole pattern""]",{},3-fold rotation,intact
symmetry_pattern_0661_open_q1,symmetry_pattern_0661.png,"[""symmetry_type=4-fold rotation; pattern_status=broken""]","[""whole pattern""]",{},4-fold rotation,broken
symmetry_pattern_0662_open_q1,symmetry_pattern_0662.png,"[""symmetry_type=6-fold rotation; pattern_status=intact""]","[""whole pattern""]",{},6-fold rotation,intact
symmetry_pattern_0663_open_q1,symmetry_pattern_0663.png,"[""symmetry_type=horizontal mirror; pattern_status=broken""]","[""whole pattern""]",{},horizontal mirror,broken
symmetry_pattern_0664_open_q1,symmetry_pattern_0664.png,"[""symmetry_type=vertical mirror; pattern_status=intact""]","[""whole pattern""]",{},vertical mirror,intact
symmetry_pattern_0665_open_q1,symmetry_pattern_0665.png,"[""symmetry_type=horizontal and vertical mirrors; pattern_status=broken""]","[""whole pattern""]",{},horizontal and vertical mirrors,broken
symmetry_pattern_0666_open_q1,symmetry_pattern_0666.png,"[""symmetry_type=2-fold rotation; pattern_status=intact""]","[""whole pattern""]",{},2-fold rotation,intact
symmetry_pattern_0667_open_q1,symmetry_pattern_0667.png,"[""symmetry_type=3-fold rotation; pattern_status=broken""]","[""whole pattern""]",{},3-fold rotation,broken
symmetry_pattern_0668_open_q1,symmetry_pattern_0668.png,"[""symmetry_type=4-fold rotation; pattern_status=intact""]","[""whole pattern""]",{},4-fold rotation,intact
symmetry_pattern_0669_open_q1,symmetry_pattern_0669.png,"[""symmetry_type=6-fold rotation; pattern_status=broken""]","[""whole pattern""]",{},6-fold rotation,broken
symmetry_pattern_0670_open_q1,symmetry_pattern_0670.png,"[""symmetry_type=horizontal mirror; pattern_status=intact""]","[""whole pattern""]",{},horizontal mirror,intact
symmetry_pattern_0671_open_q1,symmetry_pattern_0671.png,"[""symmetry_type=vertical mirror; pattern_status=broken""]","[""whole pattern""]",{},vertical mirror,broken
symmetry_pattern_0672_open_q1,symmetry_pattern_0672.png,"[""symmetry_type=horizontal and vertical mirrors; pattern_status=intact""]","[""whole pattern""]",{},horizontal and vertical mirrors,intact
symmetry_pattern_0673_open_q1,symmetry_pattern_0673.png,"[""symmetry_type=2-fold rotation; pattern_status=broken""]","[""whole pattern""]",{},2-fold rotation,broken
symmetry_pattern_0674_open_q1,symmetry_pattern_0674.png,"[""symmetry_type=3-fold rotation; pattern_status=intact""]","[""whole pattern""]",{},3-fold rotation,intact
symmetry_pattern_0675_open_q1,symmetry_pattern_0675.png,"[""symmetry_type=4-fold rotation; pattern_status=broken""]","[""whole pattern""]",{},4-fold rotation,broken
symmetry_pattern_0676_open_q1,symmetry_pattern_0676.png,"[""symmetry_type=6-fold rotation; pattern_status=intact""]","[""whole pattern""]",{},6-fold rotation,intact
symmetry_pattern_0677_open_q1,symmetry_pattern_0677.png,"[""symmetry_type=horizontal mirror; pattern_status=broken""]","[""whole pattern""]",{},horizontal mirror,broken
symmetry_pattern_0678_open_q1,symmetry_pattern_0678.png,"[""symmetry_type=vertical mirror; pattern_status=intact""]","[""whole pattern""]",{},vertical mirror,intact
symmetry_pattern_0679_open_q1,symmetry_pattern_0679.png,"[""symmetry_type=horizontal and vertical mirrors; pattern_status=broken""]","[""whole pattern""]",{},horizontal and vertical mirrors,broken
symmetry_pattern_0680_open_q1,symmetry_pattern_0680.png,"[""symmetry_type=2-fold rotation; pattern_status=intact""]","[""whole pattern""]",{},2-fold rotation,intact
symmetry_pattern_0681_open_q1,symmetry_pattern_0681.png,"[""symmetry_type=3-fold rotation; pattern_status=broken""]","[""whole pattern""]",{},3-fold rotation,broken
symmetry_pattern_0682_open_q1,symmetry_pattern_0682.png,"[""symmetry_type=4-fold rotation; pattern_status=intact""]","[""whole pattern""]",{},4-fold rotation,intact
symmetry_pattern_0683_open_q1,symmetry_pattern_0683.png,"[""symmetry_type=6-fold rotation; pattern_status=broken""]","[""whole pattern""]",{},6-fold rotation,broken
symmetry_pattern_0684_open_q1,symmetry_pattern_0684.png,"[""symmetry_type=horizontal mirror; pattern_status=intact""]","[""whole pattern""]",{},horizontal mirror,intact
symmetry_pattern_0685_open_q1,symmetry_pattern_0685.png,"[""symmetry_type=vertical mirror; pattern_status=broken""]","[""whole pattern""]",{},vertical mirror,broken
symmetry_pattern_0686_open_q1,symmetry_pattern_0686.png,"[""symmetry_type=horizontal and vertical mirrors; pattern_status=intact""]","[""whole pattern""]",{},horizontal and vertical mirrors,intact
symmetry_pattern_0687_open_q1,symmetry_pattern_0687.png,"[""symmetry_type=2-fold rotation; pattern_status=broken""]","[""whole pattern""]",{},2-fold rotation,broken
symmetry_pattern_0688_open_q1,symmetry_pattern_0688.png,"[""symmetry_type=3-fold rotation; pattern_status=intact""]","[""whole pattern""]",{},3-fold rotation,intact
symmetry_pattern_0689_open_q1,symmetry_pattern_0689.png,"[""symmetry_type=4-fold rotation; pattern_status=broken""]","[""whole pattern""]",{},4-fold rotation,broken
symmetry_pattern_0690_open_q1,symmetry_pattern_0690.png,"[""symmetry_type=6-fold rotation; pattern_status=intact""]","[""whole pattern""]",{},6-fold rotation,intact
symmetry_pattern_0691_open_q1,symmetry_pattern_0691.png,"[""symmetry_type=horizontal mirror; pattern_status=broken""]","[""whole pattern""]",{},horizontal mirror,broken
symmetry_pattern_0692_open_q1,symmetry_pattern_0692.png,"[""symmetry_type=vertical mirror; pattern_status=intact""]","[""whole pattern""]",{},vertical mirror,intact
symmetry_pattern_0693_open_q1,symmetry_pattern_0693.png,"[""symmetry_type=horizontal and vertical mirrors; pattern_status=broken""]","[""whole pattern""]",{},horizontal and vertical mirrors,broken
symmetry_pattern_0694_open_q1,symmetry_pattern_0694.png,"[""symmetry_type=2-fold rotation; pattern_status=intact""]","[""whole pattern""]",{},2-fold rotation,intact
symmetry_pattern_0695_open_q1,symmetry_pattern_0695.png,"[""symmetry_type=3-fold rotation; pattern_status=broken""]","[""whole pattern""]",{},3-fold rotation,broken
symmetry_pattern_0696_open_q1,symmetry_pattern_0696.png,"[""symmetry_type=4-fold rotation; pattern_status=intact""]","[""whole pattern""]",{},4-fold rotation,intact
symmetry_pattern_0697_open_q1,symmetry_pattern_0697.png,"[""symmetry_type=6-fold rotation; pattern_status=broken""]","[""whole pattern""]",{},6-fold rotation,broken
symmetry_pattern_0698_open_q1,symmetry_pattern_0698.png,"[""symmetry_type=horizontal mirror; pattern_status=intact""]","[""whole pattern""]",{},horizontal mirror,intact
symmetry_pattern_0699_open_q1,symmetry_pattern_0699.png,"[""symmetry_type=vertical mirror; pattern_status=broken""]","[""whole pattern""]",{},vertical mirror,broken
symmetry_pattern_0700_open_q1,symmetry_pattern_0700.png,"[""symmetry_type=horizontal and vertical mirrors; pattern_status=intact""]","[""whole pattern""]",{},horizontal and vertical mirrors,intact
symmetry_pattern_0701_open_q1,symmetry_pattern_0701.png,"[""symmetry_type=2-fold rotation; pattern_status=broken""]","[""whole pattern""]",{},2-fold rotation,broken
symmetry_pattern_0702_open_q1,symmetry_pattern_0702.png,"[""symmetry_type=3-fold rotation; pattern_status=intact""]","[""whole pattern""]",{},3-fold rotation,intact
symmetry_pattern_0703_open_q1,symmetry_pattern_0703.png,"[""symmetry_type=4-fold rotation; pattern_status=broken""]","[""whole pattern""]",{},4-fold rotation,broken
symmetry_pattern_0704_open_q1,symmetry_pattern_0704.png,"[""symmetry_type=6-fold rotation; pattern_status=intact""]","[""whole pattern""]",{},6-fold rotation,intact
symmetry_pattern_0705_open_q1,symmetry_pattern_0705.png,"[""symmetry_type=horizontal mirror; pattern_status=broken""]","[""whole pattern""]",{},horizontal mirror,broken
symmetry_pattern_0706_open_q1,symmetry_pattern_0706.png,"[""symmetry_type=vertical mirror; pattern_status=intact""]","[""whole pattern""]",{},vertical mirror,intact
symmetry_pattern_0707_open_q1,symmetry_pattern_0707.png,"[""symmetry_type=horizontal and vertical mirrors; pattern_status=broken""]","[""whole pattern""]",{},horizontal and vertical mirrors,broken
symmetry_pattern_0708_open_q1,symmetry_pattern_0708.png,"[""symmetry_type=2-fold rotation; pattern_status=intact""]","[""whole pattern""]",{},2-fold rotation,intact
symmetry_pattern_0709_open_q1,symmetry_pattern_0709.png,"[""symmetry_type=3-fold rotation; pattern_status=broken""]","[""whole pattern""]",{},3-fold rotation,broken
symmetry_pattern_0710_open_q1,symmetry_pattern_0710.png,"[""symmetry_type=4-fold rotation; pattern_status=intact""]","[""whole pattern""]",{},4-fold rotation,intact
symmetry_pattern_0711_open_q1,symmetry_pattern_0711.png,"[""symmetry_type=6-fold rotation; pattern_status=broken""]","[""whole pattern""]",{},6-fold rotation,broken
symmetry_pattern_0712_open_q1,symmetry_pattern_0712.png,"[""symmetry_type=horizontal mirror; pattern_status=intact""]","[""whole pattern""]",{},horizontal mirror,intact
symmetry_pattern_0713_open_q1,symmetry_pattern_0713.png,"[""symmetry_type=vertical mirror; pattern_status=broken""]","[""whole pattern""]",{},vertical mirror,broken
symmetry_pattern_0714_open_q1,symmetry_pattern_0714.png,"[""symmetry_type=horizontal and vertical mirrors; pattern_status=intact""]","[""whole pattern""]",{},horizontal and vertical mirrors,intact
symmetry_pattern_0715_open_q1,symmetry_pattern_0715.png,"[""symmetry_type=2-fold rotation; pattern_status=broken""]","[""whole pattern""]",{},2-fold rotation,broken
symmetry_pattern_0716_open_q1,symmetry_pattern_0716.png,"[""symmetry_type=3-fold rotation; pattern_status=intact""]","[""whole pattern""]",{},3-fold rotation,intact
symmetry_pattern_0717_open_q1,symmetry_pattern_0717.png,"[""symmetry_type=4-fold rotation; pattern_status=broken""]","[""whole pattern""]",{},4-fold rotation,broken
symmetry_pattern_0718_open_q1,symmetry_pattern_0718.png,"[""symmetry_type=6-fold rotation; pattern_status=intact""]","[""whole pattern""]",{},6-fold rotation,intact
symmetry_pattern_0719_open_q1,symmetry_pattern_0719.png,"[""symmetry_type=horizontal mirror; pattern_status=broken""]","[""whole pattern""]",{},horizontal mirror,broken
symmetry_pattern_0720_open_q1,symmetry_pattern_0720.png,"[""symmetry_type=vertical mirror; pattern_status=intact""]","[""whole pattern""]",{},vertical mirror,intact
symmetry_pattern_0721_open_q1,symmetry_pattern_0721.png,"[""symmetry_type=horizontal and vertical mirrors; pattern_status=broken""]","[""whole pattern""]",{},horizontal and vertical mirrors,broken
symmetry_pattern_0722_open_q1,symmetry_pattern_0722.png,"[""symmetry_type=2-fold rotation; pattern_status=intact""]","[""whole pattern""]",{},2-fold rotation,intact
symmetry_pattern_0723_open_q1,symmetry_pattern_0723.png,"[""symmetry_type=3-fold rotation; pattern_status=broken""]","[""whole pattern""]",{},3-fold rotation,broken
symmetry_pattern_0724_open_q1,symmetry_pattern_0724.png,"[""symmetry_type=4-fold rotation; pattern_status=intact""]","[""whole pattern""]",{},4-fold rotation,intact
symmetry_pattern_0725_open_q1,symmetry_pattern_0725.png,"[""symmetry_type=6-fold rotation; pattern_status=broken""]","[""whole pattern""]",{},6-fold rotation,broken
symmetry_pattern_0726_open_q1,symmetry_pattern_0726.png,"[""symmetry_type=horizontal mirror; pattern_status=intact""]","[""whole pattern""]",{},horizontal mirror,intact
symmetry_pattern_0727_open_q1,symmetry_pattern_0727.png,"[""symmetry_type=vertical mirror; pattern_status=broken""]","[""whole pattern""]",{},vertical mirror,broken
symmetry_pattern_0728_open_q1,symmetry_pattern_0728.png,"[""symmetry_type=horizontal and vertical mirrors; pattern_status=intact""]","[""whole pattern""]",{},horizontal and vertical mirrors,intact
symmetry_pattern_0729_open_q1,symmetry_pattern_0729.png,"[""symmetry_type=2-fold rotation; pattern_status=broken""]","[""whole pattern""]",{},2-fold rotation,broken
symmetry_pattern_0730_open_q1,symmetry_pattern_0730.png,"[""symmetry_type=3-fold rotation; pattern_status=intact""]","[""whole pattern""]",{},3-fold rotation,intact
symmetry_pattern_0731_open_q1,symmetry_pattern_0731.png,"[""symmetry_type=4-fold rotation; pattern_status=broken""]","[""whole pattern""]",{},4-fold rotation,broken
symmetry_pattern_0732_open_q1,symmetry_pattern_0732.png,"[""symmetry_type=6-fold rotation; pattern_status=intact""]","[""whole pattern""]",{},6-fold rotation,intact
symmetry_pattern_0733_open_q1,symmetry_pattern_0733.png,"[""symmetry_type=horizontal mirror; pattern_status=broken""]","[""whole pattern""]",{},horizontal mirror,broken
symmetry_pattern_0734_open_q1,symmetry_pattern_0734.png,"[""symmetry_type=vertical mirror; pattern_status=intact""]","[""whole pattern""]",{},vertical mirror,intact
symmetry_pattern_0735_open_q1,symmetry_pattern_0735.png,"[""symmetry_type=horizontal and vertical mirrors; pattern_status=broken""]","[""whole pattern""]",{},horizontal and vertical mirrors,broken
symmetry_pattern_0736_open_q1,symmetry_pattern_0736.png,"[""symmetry_type=2-fold rotation; pattern_status=intact""]","[""whole pattern""]",{},2-fold rotation,intact
symmetry_pattern_0737_open_q1,symmetry_pattern_0737.png,"[""symmetry_type=3-fold rotation; pattern_status=broken""]","[""whole pattern""]",{},3-fold rotation,broken
symmetry_pattern_0738_open_q1,symmetry_pattern_0738.png,"[""symmetry_type=4-fold rotation; pattern_status=intact""]","[""whole pattern""]",{},4-fold rotation,intact
symmetry_pattern_0739_open_q1,symmetry_pattern_0739.png,"[""symmetry_type=6-fold rotation; pattern_status=broken""]","[""whole pattern""]",{},6-fold rotation,broken
symmetry_pattern_0740_open_q1,symmetry_pattern_0740.png,"[""symmetry_type=horizontal mirror; pattern_status=intact""]","[""whole pattern""]",{},horizontal mirror,intact
symmetry_pattern_0741_open_q1,symmetry_pattern_0741.png,"[""symmetry_type=vertical mirror; pattern_status=broken""]","[""whole pattern""]",{},vertical mirror,broken
symmetry_pattern_0742_open_q1,symmetry_pattern_0742.png,"[""symmetry_type=horizontal and vertical mirrors; pattern_status=intact""]","[""whole pattern""]",{},horizontal and vertical mirrors,intact
symmetry_pattern_0743_open_q1,symmetry_pattern_0743.png,"[""symmetry_type=2-fold rotation; pattern_status=broken""]","[""whole pattern""]",{},2-fold rotation,broken
symmetry_pattern_0744_open_q1,symmetry_pattern_0744.png,"[""symmetry_type=3-fold rotation; pattern_status=intact""]","[""whole pattern""]",{},3-fold rotation,intact
symmetry_pattern_0745_open_q1,symmetry_pattern_0745.png,"[""symmetry_type=4-fold rotation; pattern_status=broken""]","[""whole pattern""]",{},4-fold rotation,broken
symmetry_pattern_0746_open_q1,symmetry_pattern_0746.png,"[""symmetry_type=6-fold rotation; pattern_status=intact""]","[""whole pattern""]",{},6-fold rotation,intact
symmetry_pattern_0747_open_q1,symmetry_pattern_0747.png,"[""symmetry_type=horizontal mirror; pattern_status=broken""]","[""whole pattern""]",{},horizontal mirror,broken
symmetry_pattern_0748_open_q1,symmetry_pattern_0748.png,"[""symmetry_type=vertical mirror; pattern_status=intact""]","[""whole pattern""]",{},vertical mirror,intact
symmetry_pattern_0749_open_q1,symmetry_pattern_0749.png,"[""symmetry_type=horizontal and vertical mirrors; pattern_status=broken""]","[""whole pattern""]",{},horizontal and vertical mirrors,broken
symmetry_pattern_0750_open_q1,symmetry_pattern_0750.png,"[""symmetry_type=2-fold rotation; pattern_status=intact""]","[""whole pattern""]",{},2-fold rotation,intact
symmetry_pattern_0751_open_q1,symmetry_pattern_0751.png,"[""symmetry_type=3-fold rotation; pattern_status=broken""]","[""whole pattern""]",{},3-fold rotation,broken
symmetry_pattern_0752_open_q1,symmetry_pattern_0752.png,"[""symmetry_type=4-fold rotation; pattern_status=intact""]","[""whole pattern""]",{},4-fold rotation,intact
symmetry_pattern_0753_open_q1,symmetry_pattern_0753.png,"[""symmetry_type=6-fold rotation; pattern_status=broken""]","[""whole pattern""]",{},6-fold rotation,broken
symmetry_pattern_0754_open_q1,symmetry_pattern_0754.png,"[""symmetry_type=horizontal mirror; pattern_status=intact""]","[""whole pattern""]",{},horizontal mirror,intact
symmetry_pattern_0755_open_q1,symmetry_pattern_0755.png,"[""symmetry_type=vertical mirror; pattern_status=broken""]","[""whole pattern""]",{},vertical mirror,broken
symmetry_pattern_0756_open_q1,symmetry_pattern_0756.png,"[""symmetry_type=horizontal and vertical mirrors; pattern_status=intact""]","[""whole pattern""]",{},horizontal and vertical mirrors,intact
symmetry_pattern_0757_open_q1,symmetry_pattern_0757.png,"[""symmetry_type=2-fold rotation; pattern_status=broken""]","[""whole pattern""]",{},2-fold rotation,broken
symmetry_pattern_0758_open_q1,symmetry_pattern_0758.png,"[""symmetry_type=3-fold rotation; pattern_status=intact""]","[""whole pattern""]",{},3-fold rotation,intact
symmetry_pattern_0759_open_q1,symmetry_pattern_0759.png,"[""symmetry_type=4-fold rotation; pattern_status=broken""]","[""whole pattern""]",{},4-fold rotation,broken
symmetry_pattern_0760_open_q1,symmetry_pattern_0760.png,"[""symmetry_type=6-fold rotation; pattern_status=intact""]","[""whole pattern""]",{},6-fold rotation,intact
symmetry_pattern_0761_open_q1,symmetry_pattern_0761.png,"[""symmetry_type=horizontal mirror; pattern_status=broken""]","[""whole pattern""]",{},horizontal mirror,broken
symmetry_pattern_0762_open_q1,symmetry_pattern_0762.png,"[""symmetry_type=vertical mirror; pattern_status=intact""]","[""whole pattern""]",{},vertical mirror,intact
symmetry_pattern_0763_open_q1,symmetry_pattern_0763.png,"[""symmetry_type=horizontal and vertical mirrors; pattern_status=broken""]","[""whole pattern""]",{},horizontal and vertical mirrors,broken
symmetry_pattern_0764_open_q1,symmetry_pattern_0764.png,"[""symmetry_type=2-fold rotation; pattern_status=intact""]","[""whole pattern""]",{},2-fold rotation,intact
symmetry_pattern_0765_open_q1,symmetry_pattern_0765.png,"[""symmetry_type=3-fold rotation; pattern_status=broken""]","[""whole pattern""]",{},3-fold rotation,broken
symmetry_pattern_0766_open_q1,symmetry_pattern_0766.png,"[""symmetry_type=4-fold rotation; pattern_status=intact""]","[""whole pattern""]",{},4-fold rotation,intact
symmetry_pattern_0767_open_q1,symmetry_pattern_0767.png,"[""symmetry_type=6-fold rotation; pattern_status=broken""]","[""whole pattern""]",{},6-fold rotation,broken
symmetry_pattern_0768_open_q1,symmetry_pattern_0768.png,"[""symmetry_type=horizontal mirror; pattern_status=intact""]","[""whole pattern""]",{},horizontal mirror,intact
symmetry_pattern_0769_open_q1,symmetry_pattern_0769.png,"[""symmetry_type=vertical mirror; pattern_status=broken""]","[""whole pattern""]",{},vertical mirror,broken
symmetry_pattern_0770_open_q1,symmetry_pattern_0770.png,"[""symmetry_type=horizontal and vertical mirrors; pattern_status=intact""]","[""whole pattern""]",{},horizontal and vertical mirrors,intact
symmetry_pattern_0771_open_q1,symmetry_pattern_0771.png,"[""symmetry_type=2-fold rotation; pattern_status=broken""]","[""whole pattern""]",{},2-fold rotation,broken
symmetry_pattern_0772_open_q1,symmetry_pattern_0772.png,"[""symmetry_type=3-fold rotation; pattern_status=intact""]","[""whole pattern""]",{},3-fold rotation,intact
symmetry_pattern_0773_open_q1,symmetry_pattern_0773.png,"[""symmetry_type=4-fold rotation; pattern_status=broken""]","[""whole pattern""]",{},4-fold rotation,broken
symmetry_pattern_0774_open_q1,symmetry_pattern_0774.png,"[""symmetry_type=6-fold rotation; pattern_status=intact""]","[""whole pattern""]",{},6-fold rotation,intact
symmetry_pattern_0775_open_q1,symmetry_pattern_0775.png,"[""symmetry_type=horizontal mirror; pattern_status=broken""]","[""whole pattern""]",{},horizontal mirror,broken
symmetry_pattern_0776_open_q1,symmetry_pattern_0776.png,"[""symmetry_type=vertical mirror; pattern_status=intact""]","[""whole pattern""]",{},vertical mirror,intact
symmetry_pattern_0777_open_q1,symmetry_pattern_0777.png,"[""symmetry_type=horizontal and vertical mirrors; pattern_status=broken""]","[""whole pattern""]",{},horizontal and vertical mirrors,broken
symmetry_pattern_0778_open_q1,symmetry_pattern_0778.png,"[""symmetry_type=2-fold rotation; pattern_status=intact""]","[""whole pattern""]",{},2-fold rotation,intact
symmetry_pattern_0779_open_q1,symmetry_pattern_0779.png,"[""symmetry_type=3-fold rotation; pattern_status=broken""]","[""whole pattern""]",{},3-fold rotation,broken
symmetry_pattern_0780_open_q1,symmetry_pattern_0780.png,"[""symmetry_type=4-fold rotation; pattern_status=intact""]","[""whole pattern""]",{},4-fold rotation,intact
symmetry_pattern_0781_open_q1,symmetry_pattern_0781.png,"[""symmetry_type=6-fold rotation; pattern_status=broken""]","[""whole pattern""]",{},6-fold rotation,broken
symmetry_pattern_0782_open_q1,symmetry_pattern_0782.png,"[""symmetry_type=horizontal mirror; pattern_status=intact""]","[""whole pattern""]",{},horizontal mirror,intact
symmetry_pattern_0783_open_q1,symmetry_pattern_0783.png,"[""symmetry_type=vertical mirror; pattern_status=broken""]","[""whole pattern""]",{},vertical mirror,broken
symmetry_pattern_0784_open_q1,symmetry_pattern_0784.png,"[""symmetry_type=horizontal and vertical mirrors; pattern_status=intact""]","[""whole pattern""]",{},horizontal and vertical mirrors,intact
symmetry_pattern_0785_open_q1,symmetry_pattern_0785.png,"[""symmetry_type=2-fold rotation; pattern_status=broken""]","[""whole pattern""]",{},2-fold rotation,broken
symmetry_pattern_0786_open_q1,symmetry_pattern_0786.png,"[""symmetry_type=3-fold rotation; pattern_status=intact""]","[""whole pattern""]",{},3-fold rotation,intact
symmetry_pattern_0787_open_q1,symmetry_pattern_0787.png,"[""symmetry_type=4-fold rotation; pattern_status=broken""]","[""whole pattern""]",{},4-fold rotation,broken
symmetry_pattern_0788_open_q1,symmetry_pattern_0788.png,"[""symmetry_type=6-fold rotation; pattern_status=intact""]","[""whole pattern""]",{},6-fold rotation,intact
symmetry_pattern_0789_open_q1,symmetry_pattern_0789.png,"[""symmetry_type=horizontal mirror; pattern_status=broken""]","[""whole pattern""]",{},horizontal mirror,broken
symmetry_pattern_0790_open_q1,symmetry_pattern_0790.png,"[""symmetry_type=vertical mirror; pattern_status=intact""]","[""whole pattern""]",{},vertical mirror,intact
symmetry_pattern_0791_open_q1,symmetry_pattern_0791.png,"[""symmetry_type=horizontal and vertical mirrors; pattern_status=broken""]","[""whole pattern""]",{},horizontal and vertical mirrors,broken
symmetry_pattern_0792_open_q1,symmetry_pattern_0792.png,"[""symmetry_type=2-fold rotation; pattern_status=intact""]","[""whole pattern""]",{},2-fold rotation,intact
symmetry_pattern_0793_open_q1,symmetry_pattern_0793.png,"[""symmetry_type=3-fold rotation; pattern_status=broken""]","[""whole pattern""]",{},3-fold rotation,broken
symmetry_pattern_0794_open_q1,symmetry_pattern_0794.png,"[""symmetry_type=4-fold rotation; pattern_status=intact""]","[""whole pattern""]",{},4-fold rotation,intact
symmetry_pattern_0795_open_q1,symmetry_pattern_0795.png,"[""symmetry_type=6-fold rotation; pattern_status=broken""]","[""whole pattern""]",{},6-fold rotation,broken
symmetry_pattern_0796_open_q1,symmetry_pattern_0796.png,"[""symmetry_type=horizontal mirror; pattern_status=intact""]","[""whole pattern""]",{},horizontal mirror,intact
symmetry_pattern_0797_open_q1,symmetry_pattern_0797.png,"[""symmetry_type=vertical mirror; pattern_status=broken""]","[""whole pattern""]",{},vertical mirror,broken
symmetry_pattern_0798_open_q1,symmetry_pattern_0798.png,"[""symmetry_type=horizontal and vertical mirrors; pattern_status=intact""]","[""whole pattern""]",{},horizontal and vertical mirrors,intact
symmetry_pattern_0799_open_q1,symmetry_pattern_0799.png,"[""symmetry_type=2-fold rotation; pattern_status=broken""]","[""whole pattern""]",{},2-fold rotation,broken
symmetry_pattern_0800_open_q1,symmetry_pattern_0800.png,"[""symmetry_type=3-fold rotation; pattern_status=intact""]","[""whole pattern""]",{},3-fold rotation,intact
symmetry_pattern_0801_open_q1,symmetry_pattern_0801.png,"[""symmetry_type=4-fold rotation; pattern_status=broken""]","[""whole pattern""]",{},4-fold rotation,broken
symmetry_pattern_0802_open_q1,symmetry_pattern_0802.png,"[""symmetry_type=6-fold rotation; pattern_status=intact""]","[""whole pattern""]",{},6-fold rotation,intact
symmetry_pattern_0803_open_q1,symmetry_pattern_0803.png,"[""symmetry_type=horizontal mirror; pattern_status=broken""]","[""whole pattern""]",{},horizontal mirror,broken
symmetry_pattern_0804_open_q1,symmetry_pattern_0804.png,"[""symmetry_type=vertical mirror; pattern_status=intact""]","[""whole pattern""]",{},vertical mirror,intact
symmetry_pattern_0805_open_q1,symmetry_pattern_0805.png,"[""symmetry_type=horizontal and vertical mirrors; pattern_status=broken""]","[""whole pattern""]",{},horizontal and vertical mirrors,broken
symmetry_pattern_0806_open_q1,symmetry_pattern_0806.png,"[""symmetry_type=2-fold rotation; pattern_status=intact""]","[""whole pattern""]",{},2-fold rotation,intact
symmetry_pattern_0807_open_q1,symmetry_pattern_0807.png,"[""symmetry_type=3-fold rotation; pattern_status=broken""]","[""whole pattern""]",{},3-fold rotation,broken
symmetry_pattern_0808_open_q1,symmetry_pattern_0808.png,"[""symmetry_type=4-fold rotation; pattern_status=intact""]","[""whole pattern""]",{},4-fold rotation,intact
symmetry_pattern_0809_open_q1,symmetry_pattern_0809.png,"[""symmetry_type=6-fold rotation; pattern_status=broken""]","[""whole pattern""]",{},6-fold rotation,broken
symmetry_pattern_0810_open_q1,symmetry_pattern_0810.png,"[""symmetry_type=horizontal mirror; pattern_status=intact""]","[""whole pattern""]",{},horizontal mirror,intact
symmetry_pattern_0811_open_q1,symmetry_pattern_0811.png,"[""symmetry_type=vertical mirror; pattern_status=broken""]","[""whole pattern""]",{},vertical mirror,broken
symmetry_pattern_0812_open_q1,symmetry_pattern_0812.png,"[""symmetry_type=horizontal and vertical mirrors; pattern_status=intact""]","[""whole pattern""]",{},horizontal and vertical mirrors,intact
symmetry_pattern_0813_open_q1,symmetry_pattern_0813.png,"[""symmetry_type=2-fold rotation; pattern_status=broken""]","[""whole pattern""]",{},2-fold rotation,broken
symmetry_pattern_0814_open_q1,symmetry_pattern_0814.png,"[""symmetry_type=3-fold rotation; pattern_status=intact""]","[""whole pattern""]",{},3-fold rotation,intact
symmetry_pattern_0815_open_q1,symmetry_pattern_0815.png,"[""symmetry_type=4-fold rotation; pattern_status=broken""]","[""whole pattern""]",{},4-fold rotation,broken
symmetry_pattern_0816_open_q1,symmetry_pattern_0816.png,"[""symmetry_type=6-fold rotation; pattern_status=intact""]","[""whole pattern""]",{},6-fold rotation,intact
symmetry_pattern_0817_open_q1,symmetry_pattern_0817.png,"[""symmetry_type=horizontal mirror; pattern_status=broken""]","[""whole pattern""]",{},horizontal mirror,broken
symmetry_pattern_0818_open_q1,symmetry_pattern_0818.png,"[""symmetry_type=vertical mirror; pattern_status=intact""]","[""whole pattern""]",{},vertical mirror,intact
symmetry_pattern_0819_open_q1,symmetry_pattern_0819.png,"[""symmetry_type=horizontal and vertical mirrors; pattern_status=broken""]","[""whole pattern""]",{},horizontal and vertical mirrors,broken
symmetry_pattern_0820_open_q1,symmetry_pattern_0820.png,"[""symmetry_type=2-fold rotation; pattern_status=intact""]","[""whole pattern""]",{},2-fold rotation,intact
symmetry_pattern_0821_open_q1,symmetry_pattern_0821.png,"[""symmetry_type=3-fold rotation; pattern_status=broken""]","[""whole pattern""]",{},3-fold rotation,broken
symmetry_pattern_0822_open_q1,symmetry_pattern_0822.png,"[""symmetry_type=4-fold rotation; pattern_status=intact""]","[""whole pattern""]",{},4-fold rotation,intact
symmetry_pattern_0823_open_q1,symmetry_pattern_0823.png,"[""symmetry_type=6-fold rotation; pattern_status=broken""]","[""whole pattern""]",{},6-fold rotation,broken
symmetry_pattern_0824_open_q1,symmetry_pattern_0824.png,"[""symmetry_type=horizontal mirror; pattern_status=intact""]","[""whole pattern""]",{},horizontal mirror,intact
symmetry_pattern_0825_open_q1,symmetry_pattern_0825.png,"[""symmetry_type=vertical mirror; pattern_status=broken""]","[""whole pattern""]",{},vertical mirror,broken
symmetry_pattern_0826_open_q1,symmetry_pattern_0826.png,"[""symmetry_type=horizontal and vertical mirrors; pattern_status=intact""]","[""whole pattern""]",{},horizontal and vertical mirrors,intact
symmetry_pattern_0827_open_q1,symmetry_pattern_0827.png,"[""symmetry_type=2-fold rotation; pattern_status=broken""]","[""whole pattern""]",{},2-fold rotation,broken
symmetry_pattern_0828_open_q1,symmetry_pattern_0828.png,"[""symmetry_type=3-fold rotation; pattern_status=intact""]","[""whole pattern""]",{},3-fold rotation,intact
symmetry_pattern_0829_open_q1,symmetry_pattern_0829.png,"[""symmetry_type=4-fold rotation; pattern_status=broken""]","[""whole pattern""]",{},4-fold rotation,broken
symmetry_pattern_0830_open_q1,symmetry_pattern_0830.png,"[""symmetry_type=6-fold rotation; pattern_status=intact""]","[""whole pattern""]",{},6-fold rotation,intact
symmetry_pattern_0831_open_q1,symmetry_pattern_0831.png,"[""symmetry_type=horizontal mirror; pattern_status=broken""]","[""whole pattern""]",{},horizontal mirror,broken
symmetry_pattern_0832_open_q1,symmetry_pattern_0832.png,"[""symmetry_type=vertical mirror; pattern_status=intact""]","[""whole pattern""]",{},vertical mirror,intact
symmetry_pattern_0833_open_q1,symmetry_pattern_0833.png,"[""symmetry_type=horizontal and vertical mirrors; pattern_status=broken""]","[""whole pattern""]",{},horizontal and vertical mirrors,broken
symmetry_pattern_0834_open_q1,symmetry_pattern_0834.png,"[""symmetry_type=2-fold rotation; pattern_status=intact""]","[""whole pattern""]",{},2-fold rotation,intact
symmetry_pattern_0835_open_q1,symmetry_pattern_0835.png,"[""symmetry_type=3-fold rotation; pattern_status=broken""]","[""whole pattern""]",{},3-fold rotation,broken
symmetry_pattern_0836_open_q1,symmetry_pattern_0836.png,"[""symmetry_type=4-fold rotation; pattern_status=intact""]","[""whole pattern""]",{},4-fold rotation,intact
symmetry_pattern_0837_open_q1,symmetry_pattern_0837.png,"[""symmetry_type=6-fold rotation; pattern_status=broken""]","[""whole pattern""]",{},6-fold rotation,broken
symmetry_pattern_0838_open_q1,symmetry_pattern_0838.png,"[""symmetry_type=horizontal mirror; pattern_status=intact""]","[""whole pattern""]",{},horizontal mirror,intact
symmetry_pattern_0839_open_q1,symmetry_pattern_0839.png,"[""symmetry_type=vertical mirror; pattern_status=broken""]","[""whole pattern""]",{},vertical mirror,broken
symmetry_pattern_0840_open_q1,symmetry_pattern_0840.png,"[""symmetry_type=horizontal and vertical mirrors; pattern_status=intact""]","[""whole pattern""]",{},horizontal and vertical mirrors,intact
symmetry_pattern_0841_open_q1,symmetry_pattern_0841.png,"[""symmetry_type=2-fold rotation; pattern_status=broken""]","[""whole pattern""]",{},2-fold rotation,broken
symmetry_pattern_0842_open_q1,symmetry_pattern_0842.png,"[""symmetry_type=3-fold rotation; pattern_status=intact""]","[""whole pattern""]",{},3-fold rotation,intact
symmetry_pattern_0843_open_q1,symmetry_pattern_0843.png,"[""symmetry_type=4-fold rotation; pattern_status=broken""]","[""whole pattern""]",{},4-fold rotation,broken
symmetry_pattern_0844_open_q1,symmetry_pattern_0844.png,"[""symmetry_type=6-fold rotation; pattern_status=intact""]","[""whole pattern""]",{},6-fold rotation,intact
symmetry_pattern_0845_open_q1,symmetry_pattern_0845.png,"[""symmetry_type=horizontal mirror; pattern_status=broken""]","[""whole pattern""]",{},horizontal mirror,broken
symmetry_pattern_0846_open_q1,symmetry_pattern_0846.png,"[""symmetry_type=vertical mirror; pattern_status=intact""]","[""whole pattern""]",{},vertical mirror,intact
symmetry_pattern_0847_open_q1,symmetry_pattern_0847.png,"[""symmetry_type=horizontal and vertical mirrors; pattern_status=broken""]","[""whole pattern""]",{},horizontal and vertical mirrors,broken
symmetry_pattern_0848_open_q1,symmetry_pattern_0848.png,"[""symmetry_type=2-fold rotation; pattern_status=intact""]","[""whole pattern""]",{},2-fold rotation,intact
symmetry_pattern_0849_open_q1,symmetry_pattern_0849.png,"[""symmetry_type=3-fold rotation; pattern_status=broken""]","[""whole pattern""]",{},3-fold rotation,broken
symmetry_pattern_0850_open_q1,symmetry_pattern_0850.png,"[""symmetry_type=4-fold rotation; pattern_status=intact""]","[""whole pattern""]",{},4-fold rotation,intact
symmetry_pattern_0851_open_q1,symmetry_pattern_0851.png,"[""symmetry_type=6-fold rotation; pattern_status=broken""]","[""whole pattern""]",{},6-fold rotation,broken
symmetry_pattern_0852_open_q1,symmetry_pattern_0852.png,"[""symmetry_type=horizontal mirror; pattern_status=intact""]","[""whole pattern""]",{},horizontal mirror,intact
symmetry_pattern_0853_open_q1,symmetry_pattern_0853.png,"[""symmetry_type=vertical mirror; pattern_status=broken""]","[""whole pattern""]",{},vertical mirror,broken
symmetry_pattern_0854_open_q1,symmetry_pattern_0854.png,"[""symmetry_type=horizontal and vertical mirrors; pattern_status=intact""]","[""whole pattern""]",{},horizontal and vertical mirrors,intact
symmetry_pattern_0855_open_q1,symmetry_pattern_0855.png,"[""symmetry_type=2-fold rotation; pattern_status=broken""]","[""whole pattern""]",{},2-fold rotation,broken
symmetry_pattern_0856_open_q1,symmetry_pattern_0856.png,"[""symmetry_type=3-fold rotation; pattern_status=intact""]","[""whole pattern""]",{},3-fold rotation,intact
symmetry_pattern_0857_open_q1,symmetry_pattern_0857.png,"[""symmetry_type=4-fold rotation; pattern_status=broken""]","[""whole pattern""]",{},4-fold rotation,broken
symmetry_pattern_0858_open_q1,symmetry_pattern_0858.png,"[""symmetry_type=6-fold rotation; pattern_status=intact""]","[""whole pattern""]",{},6-fold rotation,intact
symmetry_pattern_0859_open_q1,symmetry_pattern_0859.png,"[""symmetry_type=horizontal mirror; pattern_status=broken""]","[""whole pattern""]",{},horizontal mirror,broken
symmetry_pattern_0860_open_q1,symmetry_pattern_0860.png,"[""symmetry_type=vertical mirror; pattern_status=intact""]","[""whole pattern""]",{},vertical mirror,intact
symmetry_pattern_0861_open_q1,symmetry_pattern_0861.png,"[""symmetry_type=horizontal and vertical mirrors; pattern_status=broken""]","[""whole pattern""]",{},horizontal and vertical mirrors,broken
symmetry_pattern_0862_open_q1,symmetry_pattern_0862.png,"[""symmetry_type=2-fold rotation; pattern_status=intact""]","[""whole pattern""]",{},2-fold rotation,intact
symmetry_pattern_0863_open_q1,symmetry_pattern_0863.png,"[""symmetry_type=3-fold rotation; pattern_status=broken""]","[""whole pattern""]",{},3-fold rotation,broken
symmetry_pattern_0864_open_q1,symmetry_pattern_0864.png,"[""symmetry_type=4-fold rotation; pattern_status=intact""]","[""whole pattern""]",{},4-fold rotation,intact
symmetry_pattern_0865_open_q1,symmetry_pattern_0865.png,"[""symmetry_type=6-fold rotation; pattern_status=broken""]","[""whole pattern""]",{},6-fold rotation,broken
symmetry_pattern_0866_open_q1,symmetry_pattern_0866.png,"[""symmetry_type=horizontal mirror; pattern_status=intact""]","[""whole pattern""]",{},horizontal mirror,intact
symmetry_pattern_0867_open_q1,symmetry_pattern_0867.png,"[""symmetry_type=vertical mirror; pattern_status=broken""]","[""whole pattern""]",{},vertical mirror,broken
symmetry_pattern_0868_open_q1,symmetry_pattern_0868.png,"[""symmetry_type=horizontal and vertical mirrors; pattern_status=intact""]","[""whole pattern""]",{},horizontal and vertical mirrors,intact
symmetry_pattern_0869_open_q1,symmetry_pattern_0869.png,"[""symmetry_type=2-fold rotation; pattern_status=broken""]","[""whole pattern""]",{},2-fold rotation,broken
symmetry_pattern_0870_open_q1,symmetry_pattern_0870.png,"[""symmetry_type=3-fold rotation; pattern_status=intact""]","[""whole pattern""]",{},3-fold rotation,intact
symmetry_pattern_0871_open_q1,symmetry_pattern_0871.png,"[""symmetry_type=4-fold rotation; pattern_status=broken""]","[""whole pattern""]",{},4-fold rotation,broken
symmetry_pattern_0872_open_q1,symmetry_pattern_0872.png,"[""symmetry_type=6-fold rotation; pattern_status=intact""]","[""whole pattern""]",{},6-fold rotation,intact
symmetry_pattern_0873_open_q1,symmetry_pattern_0873.png,"[""symmetry_type=horizontal mirror; pattern_status=broken""]","[""whole pattern""]",{},horizontal mirror,broken
symmetry_pattern_0874_open_q1,symmetry_pattern_0874.png,"[""symmetry_type=vertical mirror; pattern_status=intact""]","[""whole pattern""]",{},vertical mirror,intact
symmetry_pattern_0875_open_q1,symmetry_pattern_0875.png,"[""symmetry_type=horizontal and vertical mirrors; pattern_status=broken""]","[""whole pattern""]",{},horizontal and vertical mirrors,broken
symmetry_pattern_0876_open_q1,symmetry_pattern_0876.png,"[""symmetry_type=2-fold rotation; pattern_status=intact""]","[""whole pattern""]",{},2-fold rotation,intact
symmetry_pattern_0877_open_q1,symmetry_pattern_0877.png,"[""symmetry_type=3-fold rotation; pattern_status=broken""]","[""whole pattern""]",{},3-fold rotation,broken
symmetry_pattern_0878_open_q1,symmetry_pattern_0878.png,"[""symmetry_type=4-fold rotation; pattern_status=intact""]","[""whole pattern""]",{},4-fold rotation,intact
symmetry_pattern_0879_open_q1,symmetry_pattern_0879.png,"[""symmetry_type=6-fold rotation; pattern_status=broken""]","[""whole pattern""]",{},6-fold rotation,broken
symmetry_pattern_0880_open_q1,symmetry_pattern_0880.png,"[""symmetry_type=horizontal mirror; pattern_status=intact""]","[""whole pattern""]",{},horizontal mirror,intact
symmetry_pattern_0881_open_q1,symmetry_pattern_0881.png,"[""symmetry_type=vertical mirror; pattern_status=broken""]","[""whole pattern""]",{},vertical mirror,broken
symmetry_pattern_0882_open_q1,symmetry_pattern_0882.png,"[""symmetry_type=horizontal and vertical mirrors; pattern_status=intact""]","[""whole pattern""]",{},horizontal and vertical mirrors,intact
symmetry_pattern_0883_open_q1,symmetry_pattern_0883.png,"[""symmetry_type=2-fold rotation; pattern_status=broken""]","[""whole pattern""]",{},2-fold rotation,broken
symmetry_pattern_0884_open_q1,symmetry_pattern_0884.png,"[""symmetry_type=3-fold rotation; pattern_status=intact""]","[""whole pattern""]",{},3-fold rotation,intact
symmetry_pattern_0885_open_q1,symmetry_pattern_0885.png,"[""symmetry_type=4-fold rotation; pattern_status=broken""]","[""whole pattern""]",{},4-fold rotation,broken
symmetry_pattern_0886_open_q1,symmetry_pattern_0886.png,"[""symmetry_type=6-fold rotation; pattern_status=intact""]","[""whole pattern""]",{},6-fold rotation,intact
symmetry_pattern_0887_open_q1,symmetry_pattern_0887.png,"[""symmetry_type=horizontal mirror; pattern_status=broken""]","[""whole pattern""]",{},horizontal mirror,broken
symmetry_pattern_0888_open_q1,symmetry_pattern_0888.png,"[""symmetry_type=vertical mirror; pattern_status=intact""]","[""whole pattern""]",{},vertical mirror,intact
symmetry_pattern_0889_open_q1,symmetry_pattern_0889.png,"[""symmetry_type=horizontal and vertical mirrors; pattern_status=broken""]","[""whole pattern""]",{},horizontal and vertical mirrors,broken
symmetry_pattern_0890_open_q1,symmetry_pattern_0890.png,"[""symmetry_type=2-fold rotation; pattern_status=intact""]","[""whole pattern""]",{},2-fold rotation,intact
symmetry_pattern_0891_open_q1,symmetry_pattern_0891.png,"[""symmetry_type=3-fold rotation; pattern_status=broken""]","[""whole pattern""]",{},3-fold rotation,broken
symmetry_pattern_0892_open_q1,symmetry_pattern_0892.png,"[""symmetry_type=4-fold rotation; pattern_status=intact""]","[""whole pattern""]",{},4-fold rotation,intact
symmetry_pattern_0893_open_q1,symmetry_pattern_0893.png,"[""symmetry_type=6-fold rotation; pattern_status=broken""]","[""whole pattern""]",{},6-fold rotation,broken
symmetry_pattern_0894_open_q1,symmetry_pattern_0894.png,"[""symmetry_type=horizontal mirror; pattern_status=intact""]","[""whole pattern""]",{},horizontal mirror,intact
symmetry_pattern_0895_open_q1,symmetry_pattern_0895.png,"[""symmetry_type=vertical mirror; pattern_status=broken""]","[""whole pattern""]",{},vertical mirror,broken
symmetry_pattern_0896_open_q1,symmetry_pattern_0896.png,"[""symmetry_type=horizontal and vertical mirrors; pattern_status=intact""]","[""whole pattern""]",{},horizontal and vertical mirrors,intact
symmetry_pattern_0897_open_q1,symmetry_pattern_0897.png,"[""symmetry_type=2-fold rotation; pattern_status=broken""]","[""whole pattern""]",{},2-fold rotation,broken
symmetry_pattern_0898_open_q1,symmetry_pattern_0898.png,"[""symmetry_type=3-fold rotation; pattern_status=intact""]","[""whole pattern""]",{},3-fold rotation,intact
symmetry_pattern_0899_open_q1,symmetry_pattern_0899.png,"[""symmetry_type=4-fold rotation; pattern_status=broken""]","[""whole pattern""]",{},4-fold rotation,broken
symmetry_pattern_0900_open_q1,symmetry_pattern_0900.png,"[""symmetry_type=6-fold rotation; pattern_status=intact""]","[""whole pattern""]",{},6-fold rotation,intact
symmetry_pattern_0901_open_q1,symmetry_pattern_0901.png,"[""symmetry_type=horizontal mirror; pattern_status=broken""]","[""whole pattern""]",{},horizontal mirror,broken
symmetry_pattern_0902_open_q1,symmetry_pattern_0902.png,"[""symmetry_type=vertical mirror; pattern_status=intact""]","[""whole pattern""]",{},vertical mirror,intact
symmetry_pattern_0903_open_q1,symmetry_pattern_0903.png,"[""symmetry_type=horizontal and vertical mirrors; pattern_status=broken""]","[""whole pattern""]",{},horizontal and vertical mirrors,broken
symmetry_pattern_0904_open_q1,symmetry_pattern_0904.png,"[""symmetry_type=2-fold rotation; pattern_status=intact""]","[""whole pattern""]",{},2-fold rotation,intact
symmetry_pattern_0905_open_q1,symmetry_pattern_0905.png,"[""symmetry_type=3-fold rotation; pattern_status=broken""]","[""whole pattern""]",{},3-fold rotation,broken
symmetry_pattern_0906_open_q1,symmetry_pattern_0906.png,"[""symmetry_type=4-fold rotation; pattern_status=intact""]","[""whole pattern""]",{},4-fold rotation,intact
symmetry_pattern_0907_open_q1,symmetry_pattern_0907.png,"[""symmetry_type=6-fold rotation; pattern_status=broken""]","[""whole pattern""]",{},6-fold rotation,broken
symmetry_pattern_0908_open_q1,symmetry_pattern_0908.png,"[""symmetry_type=horizontal mirror; pattern_status=intact""]","[""whole pattern""]",{},horizontal mirror,intact
symmetry_pattern_0909_open_q1,symmetry_pattern_0909.png,"[""symmetry_type=vertical mirror; pattern_status=broken""]","[""whole pattern""]",{},vertical mirror,broken
symmetry_pattern_0910_open_q1,symmetry_pattern_0910.png,"[""symmetry_type=horizontal and vertical mirrors; pattern_status=intact""]","[""whole pattern""]",{},horizontal and vertical mirrors,intact
symmetry_pattern_0911_open_q1,symmetry_pattern_0911.png,"[""symmetry_type=2-fold rotation; pattern_status=broken""]","[""whole pattern""]",{},2-fold rotation,broken
symmetry_pattern_0912_open_q1,symmetry_pattern_0912.png,"[""symmetry_type=3-fold rotation; pattern_status=intact""]","[""whole pattern""]",{},3-fold rotation,intact
symmetry_pattern_0913_open_q1,symmetry_pattern_0913.png,"[""symmetry_type=4-fold rotation; pattern_status=broken""]","[""whole pattern""]",{},4-fold rotation,broken
symmetry_pattern_0914_open_q1,symmetry_pattern_0914.png,"[""symmetry_type=6-fold rotation; pattern_status=intact""]","[""whole pattern""]",{},6-fold rotation,intact
symmetry_pattern_0915_open_q1,symmetry_pattern_0915.png,"[""symmetry_type=horizontal mirror; pattern_status=broken""]","[""whole pattern""]",{},horizontal mirror,broken
symmetry_pattern_0916_open_q1,symmetry_pattern_0916.png,"[""symmetry_type=vertical mirror; pattern_status=intact""]","[""whole pattern""]",{},vertical mirror,intact
symmetry_pattern_0917_open_q1,symmetry_pattern_0917.png,"[""symmetry_type=horizontal and vertical mirrors; pattern_status=broken""]","[""whole pattern""]",{},horizontal and vertical mirrors,broken
symmetry_pattern_0918_open_q1,symmetry_pattern_0918.png,"[""symmetry_type=2-fold rotation; pattern_status=intact""]","[""whole pattern""]",{},2-fold rotation,intact
symmetry_pattern_0919_open_q1,symmetry_pattern_0919.png,"[""symmetry_type=3-fold rotation; pattern_status=broken""]","[""whole pattern""]",{},3-fold rotation,broken
symmetry_pattern_0920_open_q1,symmetry_pattern_0920.png,"[""symmetry_type=4-fold rotation; pattern_status=intact""]","[""whole pattern""]",{},4-fold rotation,intact
symmetry_pattern_0921_open_q1,symmetry_pattern_0921.png,"[""symmetry_type=6-fold rotation; pattern_status=broken""]","[""whole pattern""]",{},6-fold rotation,broken
symmetry_pattern_0922_open_q1,symmetry_pattern_0922.png,"[""symmetry_type=horizontal mirror; pattern_status=intact""]","[""whole pattern""]",{},horizontal mirror,intact
symmetry_pattern_0923_open_q1,symmetry_pattern_0923.png,"[""symmetry_type=vertical mirror; pattern_status=broken""]","[""whole pattern""]",{},vertical mirror,broken
symmetry_pattern_0924_open_q1,symmetry_pattern_0924.png,"[""symmetry_type=horizontal and vertical mirrors; pattern_status=intact""]","[""whole pattern""]",{},horizontal and vertical mirrors,intact
symmetry_pattern_0925_open_q1,symmetry_pattern_0925.png,"[""symmetry_type=2-fold rotation; pattern_status=broken""]","[""whole pattern""]",{},2-fold rotation,broken
symmetry_pattern_0926_open_q1,symmetry_pattern_0926.png,"[""symmetry_type=3-fold rotation; pattern_status=intact""]","[""whole pattern""]",{},3-fold rotation,intact
symmetry_pattern_0927_open_q1,symmetry_pattern_0927.png,"[""symmetry_type=4-fold rotation; pattern_status=broken""]","[""whole pattern""]",{},4-fold rotation,broken
symmetry_pattern_0928_open_q1,symmetry_pattern_0928.png,"[""symmetry_type=6-fold rotation; pattern_status=intact""]","[""whole pattern""]",{},6-fold rotation,intact
symmetry_pattern_0929_open_q1,symmetry_pattern_0929.png,"[""symmetry_type=horizontal mirror; pattern_status=broken""]","[""whole pattern""]",{},horizontal mirror,broken
symmetry_pattern_0930_open_q1,symmetry_pattern_0930.png,"[""symmetry_type=vertical mirror; pattern_status=intact""]","[""whole pattern""]",{},vertical mirror,intact
symmetry_pattern_0931_open_q1,symmetry_pattern_0931.png,"[""symmetry_type=horizontal and vertical mirrors; pattern_status=broken""]","[""whole pattern""]",{},horizontal and vertical mirrors,broken
symmetry_pattern_0932_open_q1,symmetry_pattern_0932.png,"[""symmetry_type=2-fold rotation; pattern_status=intact""]","[""whole pattern""]",{},2-fold rotation,intact
symmetry_pattern_0933_open_q1,symmetry_pattern_0933.png,"[""symmetry_type=3-fold rotation; pattern_status=broken""]","[""whole pattern""]",{},3-fold rotation,broken
symmetry_pattern_0934_open_q1,symmetry_pattern_0934.png,"[""symmetry_type=4-fold rotation; pattern_status=intact""]","[""whole pattern""]",{},4-fold rotation,intact
symmetry_pattern_0935_open_q1,symmetry_pattern_0935.png,"[""symmetry_type=6-fold rotation; pattern_status=broken""]","[""whole pattern""]",{},6-fold rotation,broken
symmetry_pattern_0936_open_q1,symmetry_pattern_0936.png,"[""symmetry_type=horizontal mirror; pattern_status=intact""]","[""whole pattern""]",{},horizontal mirror,intact
symmetry_pattern_0937_open_q1,symmetry_pattern_0937.png,"[""symmetry_type=vertical mirror; pattern_status=broken""]","[""whole pattern""]",{},vertical mirror,broken
symmetry_pattern_0938_open_q1,symmetry_pattern_0938.png,"[""symmetry_type=horizontal and vertical mirrors; pattern_status=intact""]","[""whole pattern""]",{},horizontal and vertical mirrors,intact
symmetry_pattern_0939_open_q1,symmetry_pattern_0939.png,"[""symmetry_type=2-fold rotation; pattern_status=broken""]","[""whole pattern""]",{},2-fold rotation,broken
symmetry_pattern_0940_open_q1,symmetry_pattern_0940.png,"[""symmetry_type=3-fold rotation; pattern_status=intact""]","[""whole pattern""]",{},3-fold rotation,intact
symmetry_pattern_0941_open_q1,symmetry_pattern_0941.png,"[""symmetry_type=4-fold rotation; pattern_status=broken""]","[""whole pattern""]",{},4-fold rotation,broken
symmetry_pattern_0942_open_q1,symmetry_pattern_0942.png,"[""symmetry_type=6-fold rotation; pattern_status=intact""]","[""whole pattern""]",{},6-fold rotation,intact
symmetry_pattern_0943_open_q1,symmetry_pattern_0943.png,"[""symmetry_type=horizontal mirror; pattern_status=broken""]","[""whole pattern""]",{},horizontal mirror,broken
symmetry_pattern_0944_open_q1,symmetry_pattern_0944.png,"[""symmetry_type=vertical mirror; pattern_status=intact""]","[""whole pattern""]",{},vertical mirror,intact
symmetry_pattern_0945_open_q1,symmetry_pattern_0945.png,"[""symmetry_type=horizontal and vertical mirrors; pattern_status=broken""]","[""whole pattern""]",{},horizontal and vertical mirrors,broken
symmetry_pattern_0946_open_q1,symmetry_pattern_0946.png,"[""symmetry_type=2-fold rotation; pattern_status=intact""]","[""whole pattern""]",{},2-fold rotation,intact
symmetry_pattern_0947_open_q1,symmetry_pattern_0947.png,"[""symmetry_type=3-fold rotation; pattern_status=broken""]","[""whole pattern""]",{},3-fold rotation,broken
symmetry_pattern_0948_open_q1,symmetry_pattern_0948.png,"[""symmetry_type=4-fold rotation; pattern_status=intact""]","[""whole pattern""]",{},4-fold rotation,intact
symmetry_pattern_0949_open_q1,symmetry_pattern_0949.png,"[""symmetry_type=6-fold rotation; pattern_status=broken""]","[""whole pattern""]",{},6-fold rotation,broken
symmetry_pattern_0950_open_q1,symmetry_pattern_0950.png,"[""symmetry_type=horizontal mirror; pattern_status=intact""]","[""whole pattern""]",{},horizontal mirror,intact
symmetry_pattern_0951_open_q1,symmetry_pattern_0951.png,"[""symmetry_type=vertical mirror; pattern_status=broken""]","[""whole pattern""]",{},vertical mirror,broken
symmetry_pattern_0952_open_q1,symmetry_pattern_0952.png,"[""symmetry_type=horizontal and vertical mirrors; pattern_status=intact""]","[""whole pattern""]",{},horizontal and vertical mirrors,intact
symmetry_pattern_0953_open_q1,symmetry_pattern_0953.png,"[""symmetry_type=2-fold rotation; pattern_status=broken""]","[""whole pattern""]",{},2-fold rotation,broken
symmetry_pattern_0954_open_q1,symmetry_pattern_0954.png,"[""symmetry_type=3-fold rotation; pattern_status=intact""]","[""whole pattern""]",{},3-fold rotation,intact
symmetry_pattern_0955_open_q1,symmetry_pattern_0955.png,"[""symmetry_type=4-fold rotation; pattern_status=broken""]","[""whole pattern""]",{},4-fold rotation,broken
symmetry_pattern_0956_open_q1,symmetry_pattern_0956.png,"[""symmetry_type=6-fold rotation; pattern_status=intact""]","[""whole pattern""]",{},6-fold rotation,intact
symmetry_pattern_0957_open_q1,symmetry_pattern_0957.png,"[""symmetry_type=horizontal mirror; pattern_status=broken""]","[""whole pattern""]",{},horizontal mirror,broken
symmetry_pattern_0958_open_q1,symmetry_pattern_0958.png,"[""symmetry_type=vertical mirror; pattern_status=intact""]","[""whole pattern""]",{},vertical mirror,intact
symmetry_pattern_0959_open_q1,symmetry_pattern_0959.png,"[""symmetry_type=horizontal and vertical mirrors; pattern_status=broken""]","[""whole pattern""]",{},horizontal and vertical mirrors,broken
symmetry_pattern_0960_open_q1,symmetry_pattern_0960.png,"[""symmetry_type=2-fold rotation; pattern_status=intact""]","[""whole pattern""]",{},2-fold rotation,intact
symmetry_pattern_0961_open_q1,symmetry_pattern_0961.png,"[""symmetry_type=3-fold rotation; pattern_status=broken""]","[""whole pattern""]",{},3-fold rotation,broken
symmetry_pattern_0962_open_q1,symmetry_pattern_0962.png,"[""symmetry_type=4-fold rotation; pattern_status=intact""]","[""whole pattern""]",{},4-fold rotation,intact
symmetry_pattern_0963_open_q1,symmetry_pattern_0963.png,"[""symmetry_type=6-fold rotation; pattern_status=broken""]","[""whole pattern""]",{},6-fold rotation,broken
symmetry_pattern_0964_open_q1,symmetry_pattern_0964.png,"[""symmetry_type=horizontal mirror; pattern_status=intact""]","[""whole pattern""]",{},horizontal mirror,intact
symmetry_pattern_0965_open_q1,symmetry_pattern_0965.png,"[""symmetry_type=vertical mirror; pattern_status=broken""]","[""whole pattern""]",{},vertical mirror,broken
symmetry_pattern_0966_open_q1,symmetry_pattern_0966.png,"[""symmetry_type=horizontal and vertical mirrors; pattern_status=intact""]","[""whole pattern""]",{},horizontal and vertical mirrors,intact
symmetry_pattern_0967_open_q1,symmetry_pattern_0967.png,"[""symmetry_type=2-fold rotation; pattern_status=broken""]","[""whole pattern""]",{},2-fold rotation,broken
symmetry_pattern_0968_open_q1,symmetry_pattern_0968.png,"[""symmetry_type=3-fold rotation; pattern_status=intact""]","[""whole pattern""]",{},3-fold rotation,intact
symmetry_pattern_0969_open_q1,symmetry_pattern_0969.png,"[""symmetry_type=4-fold rotation; pattern_status=broken""]","[""whole pattern""]",{},4-fold rotation,broken
symmetry_pattern_0970_open_q1,symmetry_pattern_0970.png,"[""symmetry_type=6-fold rotation; pattern_status=intact""]","[""whole pattern""]",{},6-fold rotation,intact
symmetry_pattern_0971_open_q1,symmetry_pattern_0971.png,"[""symmetry_type=horizontal mirror; pattern_status=broken""]","[""whole pattern""]",{},horizontal mirror,broken
symmetry_pattern_0972_open_q1,symmetry_pattern_0972.png,"[""symmetry_type=vertical mirror; pattern_status=intact""]","[""whole pattern""]",{},vertical mirror,intact
symmetry_pattern_0973_open_q1,symmetry_pattern_0973.png,"[""symmetry_type=horizontal and vertical mirrors; pattern_status=broken""]","[""whole pattern""]",{},horizontal and vertical mirrors,broken
symmetry_pattern_0974_open_q1,symmetry_pattern_0974.png,"[""symmetry_type=2-fold rotation; pattern_status=intact""]","[""whole pattern""]",{},2-fold rotation,intact
symmetry_pattern_0975_open_q1,symmetry_pattern_0975.png,"[""symmetry_type=3-fold rotation; pattern_status=broken""]","[""whole pattern""]",{},3-fold rotation,broken
symmetry_pattern_0976_open_q1,symmetry_pattern_0976.png,"[""symmetry_type=4-fold rotation; pattern_status=intact""]","[""whole pattern""]",{},4-fold rotation,intact
symmetry_pattern_0977_open_q1,symmetry_pattern_0977.png,"[""symmetry_type=6-fold rotation; pattern_status=broken""]","[""whole pattern""]",{},6-fold rotation,broken
symmetry_pattern_0978_open_q1,symmetry_pattern_0978.png,"[""symmetry_type=horizontal mirror; pattern_status=intact""]","[""whole pattern""]",{},horizontal mirror,intact
symmetry_pattern_0979_open_q1,symmetry_pattern_0979.png,"[""symmetry_type=vertical mirror; pattern_status=broken""]","[""whole pattern""]",{},vertical mirror,broken
symmetry_pattern_0980_open_q1,symmetry_pattern_0980.png,"[""symmetry_type=horizontal and vertical mirrors; pattern_status=intact""]","[""whole pattern""]",{},horizontal and vertical mirrors,intact
symmetry_pattern_0981_open_q1,symmetry_pattern_0981.png,"[""symmetry_type=2-fold rotation; pattern_status=broken""]","[""whole pattern""]",{},2-fold rotation,broken
symmetry_pattern_0982_open_q1,symmetry_pattern_0982.png,"[""symmetry_type=3-fold rotation; pattern_status=intact""]","[""whole pattern""]",{},3-fold rotation,intact
symmetry_pattern_0983_open_q1,symmetry_pattern_0983.png,"[""symmetry_type=4-fold rotation; pattern_status=broken""]","[""whole pattern""]",{},4-fold rotation,broken
symmetry_pattern_0984_open_q1,symmetry_pattern_0984.png,"[""symmetry_type=6-fold rotation; pattern_status=intact""]","[""whole pattern""]",{},6-fold rotation,intact
symmetry_pattern_0985_open_q1,symmetry_pattern_0985.png,"[""symmetry_type=horizontal mirror; pattern_status=broken""]","[""whole pattern""]",{},horizontal mirror,broken
symmetry_pattern_0986_open_q1,symmetry_pattern_0986.png,"[""symmetry_type=vertical mirror; pattern_status=intact""]","[""whole pattern""]",{},vertical mirror,intact
symmetry_pattern_0987_open_q1,symmetry_pattern_0987.png,"[""symmetry_type=horizontal and vertical mirrors; pattern_status=broken""]","[""whole pattern""]",{},horizontal and vertical mirrors,broken
symmetry_pattern_0988_open_q1,symmetry_pattern_0988.png,"[""symmetry_type=2-fold rotation; pattern_status=intact""]","[""whole pattern""]",{},2-fold rotation,intact
symmetry_pattern_0989_open_q1,symmetry_pattern_0989.png,"[""symmetry_type=3-fold rotation; pattern_status=broken""]","[""whole pattern""]",{},3-fold rotation,broken
symmetry_pattern_0990_open_q1,symmetry_pattern_0990.png,"[""symmetry_type=4-fold rotation; pattern_status=intact""]","[""whole pattern""]",{},4-fold rotation,intact
symmetry_pattern_0991_open_q1,symmetry_pattern_0991.png,"[""symmetry_type=6-fold rotation; pattern_status=broken""]","[""whole pattern""]",{},6-fold rotation,broken
symmetry_pattern_0992_open_q1,symmetry_pattern_0992.png,"[""symmetry_type=horizontal mirror; pattern_status=intact""]","[""whole pattern""]",{},horizontal mirror,intact
symmetry_pattern_0993_open_q1,symmetry_pattern_0993.png,"[""symmetry_type=vertical mirror; pattern_status=broken""]","[""whole pattern""]",{},vertical mirror,broken
symmetry_pattern_0994_open_q1,symmetry_pattern_0994.png,"[""symmetry_type=horizontal and vertical mirrors; pattern_status=intact""]","[""whole pattern""]",{},horizontal and vertical mirrors,intact
symmetry_pattern_0995_open_q1,symmetry_pattern_0995.png,"[""symmetry_type=2-fold rotation; pattern_status=broken""]","[""whole pattern""]",{},2-fold rotation,broken
symmetry_pattern_0996_open_q1,symmetry_pattern_0996.png,"[""symmetry_type=3-fold rotation; pattern_status=intact""]","[""whole pattern""]",{},3-fold rotation,intact
symmetry_pattern_0997_open_q1,symmetry_pattern_0997.png,"[""symmetry_type=4-fold rotation; pattern_status=broken""]","[""whole pattern""]",{},4-fold rotation,broken
symmetry_pattern_0998_open_q1,symmetry_pattern_0998.png,"[""symmetry_type=6-fold rotation; pattern_status=intact""]","[""whole pattern""]",{},6-fold rotation,intact
symmetry_pattern_0999_open_q1,symmetry_pattern_0999.png,"[""symmetry_type=horizontal mirror; pattern_status=broken""]","[""whole pattern""]",{},horizontal mirror,broken
symmetry_pattern_1000_open_q1,symmetry_pattern_1000.png,"[""symmetry_type=vertical mirror; pattern_status=intact""]","[""whole pattern""]",{},vertical mirror,intact
symmetry_pattern_1001_open_q1,symmetry_pattern_1001.png,"[""symmetry_type=horizontal and vertical mirrors; pattern_status=broken""]","[""whole pattern""]",{},horizontal and vertical mirrors,broken
symmetry_pattern_1002_open_q1,symmetry_pattern_1002.png,"[""symmetry_type=2-fold rotation; pattern_status=intact""]","[""whole pattern""]",{},2-fold rotation,intact
symmetry_pattern_1003_open_q1,symmetry_pattern_1003.png,"[""symmetry_type=3-fold rotation; pattern_status=broken""]","[""whole pattern""]",{},3-fold rotation,broken
symmetry_pattern_1004_open_q1,symmetry_pattern_1004.png,"[""symmetry_type=4-fold rotation; pattern_status=intact""]","[""whole pattern""]",{},4-fold rotation,intact
symmetry_pattern_1005_open_q1,symmetry_pattern_1005.png,"[""symmetry_type=6-fold rotation; pattern_status=broken""]","[""whole pattern""]",{},6-fold rotation,broken
symmetry_pattern_1006_open_q1,symmetry_pattern_1006.png,"[""symmetry_type=horizontal mirror; pattern_status=intact""]","[""whole pattern""]",{},horizontal mirror,intact
symmetry_pattern_1007_open_q1,symmetry_pattern_1007.png,"[""symmetry_type=vertical mirror; pattern_status=broken""]","[""whole pattern""]",{},vertical mirror,broken
symmetry_pattern_1008_open_q1,symmetry_pattern_1008.png,"[""symmetry_type=horizontal and vertical mirrors; pattern_status=intact""]","[""whole pattern""]",{},horizontal and vertical mirrors,intact
symmetry_pattern_1009_open_q1,symmetry_pattern_1009.png,"[""symmetry_type=2-fold rotation; pattern_status=broken""]","[""whole pattern""]",{},2-fold rotation,broken
symmetry_pattern_1010_open_q1,symmetry_pattern_1010.png,"[""symmetry_type=3-fold rotation; pattern_status=intact""]","[""whole pattern""]",{},3-fold rotation,intact
symmetry_pattern_1011_open_q1,symmetry_pattern_1011.png,"[""symmetry_type=4-fold rotation; pattern_status=broken""]","[""whole pattern""]",{},4-fold rotation,broken
symmetry_pattern_1012_open_q1,symmetry_pattern_1012.png,"[""symmetry_type=6-fold rotation; pattern_status=intact""]","[""whole pattern""]",{},6-fold rotation,intact
symmetry_pattern_1013_open_q1,symmetry_pattern_1013.png,"[""symmetry_type=horizontal mirror; pattern_status=broken""]","[""whole pattern""]",{},horizontal mirror,broken
symmetry_pattern_1014_open_q1,symmetry_pattern_1014.png,"[""symmetry_type=vertical mirror; pattern_status=intact""]","[""whole pattern""]",{},vertical mirror,intact
symmetry_pattern_1015_open_q1,symmetry_pattern_1015.png,"[""symmetry_type=horizontal and vertical mirrors; pattern_status=broken""]","[""whole pattern""]",{},horizontal and vertical mirrors,broken
symmetry_pattern_1016_open_q1,symmetry_pattern_1016.png,"[""symmetry_type=2-fold rotation; pattern_status=intact""]","[""whole pattern""]",{},2-fold rotation,intact
symmetry_pattern_1017_open_q1,symmetry_pattern_1017.png,"[""symmetry_type=3-fold rotation; pattern_status=broken""]","[""whole pattern""]",{},3-fold rotation,broken
symmetry_pattern_1018_open_q1,symmetry_pattern_1018.png,"[""symmetry_type=4-fold rotation; pattern_status=intact""]","[""whole pattern""]",{},4-fold rotation,intact
symmetry_pattern_1019_open_q1,symmetry_pattern_1019.png,"[""symmetry_type=6-fold rotation; pattern_status=broken""]","[""whole pattern""]",{},6-fold rotation,broken
symmetry_pattern_1020_open_q1,symmetry_pattern_1020.png,"[""symmetry_type=horizontal mirror; pattern_status=intact""]","[""whole pattern""]",{},horizontal mirror,intact
symmetry_pattern_1021_open_q1,symmetry_pattern_1021.png,"[""symmetry_type=vertical mirror; pattern_status=broken""]","[""whole pattern""]",{},vertical mirror,broken
symmetry_pattern_1022_open_q1,symmetry_pattern_1022.png,"[""symmetry_type=horizontal and vertical mirrors; pattern_status=intact""]","[""whole pattern""]",{},horizontal and vertical mirrors,intact
symmetry_pattern_1023_open_q1,symmetry_pattern_1023.png,"[""symmetry_type=2-fold rotation; pattern_status=broken""]","[""whole pattern""]",{},2-fold rotation,broken
symmetry_pattern_1024_open_q1,symmetry_pattern_1024.png,"[""symmetry_type=3-fold rotation; pattern_status=intact""]","[""whole pattern""]",{},3-fold rotation,intact
symmetry_pattern_1025_open_q1,symmetry_pattern_1025.png,"[""symmetry_type=4-fold rotation; pattern_status=broken""]","[""whole pattern""]",{},4-fold rotation,broken
symmetry_pattern_1026_open_q1,symmetry_pattern_1026.png,"[""symmetry_type=6-fold rotation; pattern_status=intact""]","[""whole pattern""]",{},6-fold rotation,intact
symmetry_pattern_1027_open_q1,symmetry_pattern_1027.png,"[""symmetry_type=horizontal mirror; pattern_status=broken""]","[""whole pattern""]",{},horizontal mirror,broken
symmetry_pattern_1028_open_q1,symmetry_pattern_1028.png,"[""symmetry_type=vertical mirror; pattern_status=intact""]","[""whole pattern""]",{},vertical mirror,intact
symmetry_pattern_1029_open_q1,symmetry_pattern_1029.png,"[""symmetry_type=horizontal and vertical mirrors; pattern_status=broken""]","[""whole pattern""]",{},horizontal and vertical mirrors,broken
symmetry_pattern_1030_open_q1,symmetry_pattern_1030.png,"[""symmetry_type=2-fold rotation; pattern_status=intact""]","[""whole pattern""]",{},2-fold rotation,intact
symmetry_pattern_1031_open_q1,symmetry_pattern_1031.png,"[""symmetry_type=3-fold rotation; pattern_status=broken""]","[""whole pattern""]",{},3-fold rotation,broken
symmetry_pattern_1032_open_q1,symmetry_pattern_1032.png,"[""symmetry_type=4-fold rotation; pattern_status=intact""]","[""whole pattern""]",{},4-fold rotation,intact
symmetry_pattern_1033_open_q1,symmetry_pattern_1033.png,"[""symmetry_type=6-fold rotation; pattern_status=broken""]","[""whole pattern""]",{},6-fold rotation,broken
symmetry_pattern_1034_open_q1,symmetry_pattern_1034.png,"[""symmetry_type=horizontal mirror; pattern_status=intact""]","[""whole pattern""]",{},horizontal mirror,intact
symmetry_pattern_1035_open_q1,symmetry_pattern_1035.png,"[""symmetry_type=vertical mirror; pattern_status=broken""]","[""whole pattern""]",{},vertical mirror,broken
symmetry_pattern_1036_open_q1,symmetry_pattern_1036.png,"[""symmetry_type=horizontal and vertical mirrors; pattern_status=intact""]","[""whole pattern""]",{},horizontal and vertical mirrors,intact
symmetry_pattern_1037_open_q1,symmetry_pattern_1037.png,"[""symmetry_type=2-fold rotation; pattern_status=broken""]","[""whole pattern""]",{},2-fold rotation,broken
symmetry_pattern_1038_open_q1,symmetry_pattern_1038.png,"[""symmetry_type=3-fold rotation; pattern_status=intact""]","[""whole pattern""]",{},3-fold rotation,intact
symmetry_pattern_1039_open_q1,symmetry_pattern_1039.png,"[""symmetry_type=4-fold rotation; pattern_status=broken""]","[""whole pattern""]",{},4-fold rotation,broken
symmetry_pattern_1040_open_q1,symmetry_pattern_1040.png,"[""symmetry_type=6-fold rotation; pattern_status=intact""]","[""whole pattern""]",{},6-fold rotation,intact
symmetry_pattern_1041_open_q1,symmetry_pattern_1041.png,"[""symmetry_type=horizontal mirror; pattern_status=broken""]","[""whole pattern""]",{},horizontal mirror,broken
symmetry_pattern_1042_open_q1,symmetry_pattern_1042.png,"[""symmetry_type=vertical mirror; pattern_status=intact""]","[""whole pattern""]",{},vertical mirror,intact
symmetry_pattern_1043_open_q1,symmetry_pattern_1043.png,"[""symmetry_type=horizontal and vertical mirrors; pattern_status=broken""]","[""whole pattern""]",{},horizontal and vertical mirrors,broken
symmetry_pattern_1044_open_q1,symmetry_pattern_1044.png,"[""symmetry_type=2-fold rotation; pattern_status=intact""]","[""whole pattern""]",{},2-fold rotation,intact
symmetry_pattern_1045_open_q1,symmetry_pattern_1045.png,"[""symmetry_type=3-fold rotation; pattern_status=broken""]","[""whole pattern""]",{},3-fold rotation,broken
symmetry_pattern_1046_open_q1,symmetry_pattern_1046.png,"[""symmetry_type=4-fold rotation; pattern_status=intact""]","[""whole pattern""]",{},4-fold rotation,intact
symmetry_pattern_1047_open_q1,symmetry_pattern_1047.png,"[""symmetry_type=6-fold rotation; pattern_status=broken""]","[""whole pattern""]",{},6-fold rotation,broken
symmetry_pattern_1048_open_q1,symmetry_pattern_1048.png,"[""symmetry_type=horizontal mirror; pattern_status=intact""]","[""whole pattern""]",{},horizontal mirror,intact
symmetry_pattern_1049_open_q1,symmetry_pattern_1049.png,"[""symmetry_type=vertical mirror; pattern_status=broken""]","[""whole pattern""]",{},vertical mirror,broken
symmetry_pattern_1050_open_q1,symmetry_pattern_1050.png,"[""symmetry_type=horizontal and vertical mirrors; pattern_status=intact""]","[""whole pattern""]",{},horizontal and vertical mirrors,intact
symmetry_pattern_1051_open_q1,symmetry_pattern_1051.png,"[""symmetry_type=2-fold rotation; pattern_status=broken""]","[""whole pattern""]",{},2-fold rotation,broken
symmetry_pattern_1052_open_q1,symmetry_pattern_1052.png,"[""symmetry_type=3-fold rotation; pattern_status=intact""]","[""whole pattern""]",{},3-fold rotation,intact
symmetry_pattern_1053_open_q1,symmetry_pattern_1053.png,"[""symmetry_type=4-fold rotation; pattern_status=broken""]","[""whole pattern""]",{},4-fold rotation,broken
symmetry_pattern_1054_open_q1,symmetry_pattern_1054.png,"[""symmetry_type=6-fold rotation; pattern_status=intact""]","[""whole pattern""]",{},6-fold rotation,intact
symmetry_pattern_1055_open_q1,symmetry_pattern_1055.png,"[""symmetry_type=horizontal mirror; pattern_status=broken""]","[""whole pattern""]",{},horizontal mirror,broken
symmetry_pattern_1056_open_q1,symmetry_pattern_1056.png,"[""symmetry_type=vertical mirror; pattern_status=intact""]","[""whole pattern""]",{},vertical mirror,intact
symmetry_pattern_1057_open_q1,symmetry_pattern_1057.png,"[""symmetry_type=horizontal and vertical mirrors; pattern_status=broken""]","[""whole pattern""]",{},horizontal and vertical mirrors,broken
symmetry_pattern_1058_open_q1,symmetry_pattern_1058.png,"[""symmetry_type=2-fold rotation; pattern_status=intact""]","[""whole pattern""]",{},2-fold rotation,intact
symmetry_pattern_1059_open_q1,symmetry_pattern_1059.png,"[""symmetry_type=3-fold rotation; pattern_status=broken""]","[""whole pattern""]",{},3-fold rotation,broken
symmetry_pattern_1060_open_q1,symmetry_pattern_1060.png,"[""symmetry_type=4-fold rotation; pattern_status=intact""]","[""whole pattern""]",{},4-fold rotation,intact
symmetry_pattern_1061_open_q1,symmetry_pattern_1061.png,"[""symmetry_type=6-fold rotation; pattern_status=broken""]","[""whole pattern""]",{},6-fold rotation,broken
symmetry_pattern_1062_open_q1,symmetry_pattern_1062.png,"[""symmetry_type=horizontal mirror; pattern_status=intact""]","[""whole pattern""]",{},horizontal mirror,intact
symmetry_pattern_1063_open_q1,symmetry_pattern_1063.png,"[""symmetry_type=vertical mirror; pattern_status=broken""]","[""whole pattern""]",{},vertical mirror,broken
symmetry_pattern_1064_open_q1,symmetry_pattern_1064.png,"[""symmetry_type=horizontal and vertical mirrors; pattern_status=intact""]","[""whole pattern""]",{},horizontal and vertical mirrors,intact
symmetry_pattern_1065_open_q1,symmetry_pattern_1065.png,"[""symmetry_type=2-fold rotation; pattern_status=broken""]","[""whole pattern""]",{},2-fold rotation,broken
symmetry_pattern_1066_open_q1,symmetry_pattern_1066.png,"[""symmetry_type=3-fold rotation; pattern_status=intact""]","[""whole pattern""]",{},3-fold rotation,intact
symmetry_pattern_1067_open_q1,symmetry_pattern_1067.png,"[""symmetry_type=4-fold rotation; pattern_status=broken""]","[""whole pattern""]",{},4-fold rotation,broken
symmetry_pattern_1068_open_q1,symmetry_pattern_1068.png,"[""symmetry_type=6-fold rotation; pattern_status=intact""]","[""whole pattern""]",{},6-fold rotation,intact
symmetry_pattern_1069_open_q1,symmetry_pattern_1069.png,"[""symmetry_type=horizontal mirror; pattern_status=broken""]","[""whole pattern""]",{},horizontal mirror,broken
symmetry_pattern_1070_open_q1,symmetry_pattern_1070.png,"[""symmetry_type=vertical mirror; pattern_status=intact""]","[""whole pattern""]",{},vertical mirror,intact
symmetry_pattern_1071_open_q1,symmetry_pattern_1071.png,"[""symmetry_type=horizontal and vertical mirrors; pattern_status=broken""]","[""whole pattern""]",{},horizontal and vertical mirrors,broken
symmetry_pattern_1072_open_q1,symmetry_pattern_1072.png,"[""symmetry_type=2-fold rotation; pattern_status=intact""]","[""whole pattern""]",{},2-fold rotation,intact
symmetry_pattern_1073_open_q1,symmetry_pattern_1073.png,"[""symmetry_type=3-fold rotation; pattern_status=broken""]","[""whole pattern""]",{},3-fold rotation,broken
symmetry_pattern_1074_open_q1,symmetry_pattern_1074.png,"[""symmetry_type=4-fold rotation; pattern_status=intact""]","[""whole pattern""]",{},4-fold rotation,intact
symmetry_pattern_1075_open_q1,symmetry_pattern_1075.png,"[""symmetry_type=6-fold rotation; pattern_status=broken""]","[""whole pattern""]",{},6-fold rotation,broken
symmetry_pattern_1076_open_q1,symmetry_pattern_1076.png,"[""symmetry_type=horizontal mirror; pattern_status=intact""]","[""whole pattern""]",{},horizontal mirror,intact
symmetry_pattern_1077_open_q1,symmetry_pattern_1077.png,"[""symmetry_type=vertical mirror; pattern_status=broken""]","[""whole pattern""]",{},vertical mirror,broken
symmetry_pattern_1078_open_q1,symmetry_pattern_1078.png,"[""symmetry_type=horizontal and vertical mirrors; pattern_status=intact""]","[""whole pattern""]",{},horizontal and vertical mirrors,intact
symmetry_pattern_1079_open_q1,symmetry_pattern_1079.png,"[""symmetry_type=2-fold rotation; pattern_status=broken""]","[""whole pattern""]",{},2-fold rotation,broken
symmetry_pattern_1080_open_q1,symmetry_pattern_1080.png,"[""symmetry_type=3-fold rotation; pattern_status=intact""]","[""whole pattern""]",{},3-fold rotation,intact
symmetry_pattern_1081_open_q1,symmetry_pattern_1081.png,"[""symmetry_type=4-fold rotation; pattern_status=broken""]","[""whole pattern""]",{},4-fold rotation,broken
symmetry_pattern_1082_open_q1,symmetry_pattern_1082.png,"[""symmetry_type=6-fold rotation; pattern_status=intact""]","[""whole pattern""]",{},6-fold rotation,intact
symmetry_pattern_1083_open_q1,symmetry_pattern_1083.png,"[""symmetry_type=horizontal mirror; pattern_status=broken""]","[""whole pattern""]",{},horizontal mirror,broken
symmetry_pattern_1084_open_q1,symmetry_pattern_1084.png,"[""symmetry_type=vertical mirror; pattern_status=intact""]","[""whole pattern""]",{},vertical mirror,intact
symmetry_pattern_1085_open_q1,symmetry_pattern_1085.png,"[""symmetry_type=horizontal and vertical mirrors; pattern_status=broken""]","[""whole pattern""]",{},horizontal and vertical mirrors,broken
symmetry_pattern_1086_open_q1,symmetry_pattern_1086.png,"[""symmetry_type=2-fold rotation; pattern_status=intact""]","[""whole pattern""]",{},2-fold rotation,intact
symmetry_pattern_1087_open_q1,symmetry_pattern_1087.png,"[""symmetry_type=3-fold rotation; pattern_status=broken""]","[""whole pattern""]",{},3-fold rotation,broken
symmetry_pattern_1088_open_q1,symmetry_pattern_1088.png,"[""symmetry_type=4-fold rotation; pattern_status=intact""]","[""whole pattern""]",{},4-fold rotation,intact
symmetry_pattern_1089_open_q1,symmetry_pattern_1089.png,"[""symmetry_type=6-fold rotation; pattern_status=broken""]","[""whole pattern""]",{},6-fold rotation,broken
symmetry_pattern_1090_open_q1,symmetry_pattern_1090.png,"[""symmetry_type=horizontal mirror; pattern_status=intact""]","[""whole pattern""]",{},horizontal mirror,intact
symmetry_pattern_1091_open_q1,symmetry_pattern_1091.png,"[""symmetry_type=vertical mirror; pattern_status=broken""]","[""whole pattern""]",{},vertical mirror,broken
symmetry_pattern_1092_open_q1,symmetry_pattern_1092.png,"[""symmetry_type=horizontal and vertical mirrors; pattern_status=intact""]","[""whole pattern""]",{},horizontal and vertical mirrors,intact
symmetry_pattern_1093_open_q1,symmetry_pattern_1093.png,"[""symmetry_type=2-fold rotation; pattern_status=broken""]","[""whole pattern""]",{},2-fold rotation,broken
symmetry_pattern_1094_open_q1,symmetry_pattern_1094.png,"[""symmetry_type=3-fold rotation; pattern_status=intact""]","[""whole pattern""]",{},3-fold rotation,intact
symmetry_pattern_1095_open_q1,symmetry_pattern_1095.png,"[""symmetry_type=4-fold rotation; pattern_status=broken""]","[""whole pattern""]",{},4-fold rotation,broken
symmetry_pattern_1096_open_q1,symmetry_pattern_1096.png,"[""symmetry_type=6-fold rotation; pattern_status=intact""]","[""whole pattern""]",{},6-fold rotation,intact
symmetry_pattern_1097_open_q1,symmetry_pattern_1097.png,"[""symmetry_type=horizontal mirror; pattern_status=broken""]","[""whole pattern""]",{},horizontal mirror,broken
symmetry_pattern_1098_open_q1,symmetry_pattern_1098.png,"[""symmetry_type=vertical mirror; pattern_status=intact""]","[""whole pattern""]",{},vertical mirror,intact
symmetry_pattern_1099_open_q1,symmetry_pattern_1099.png,"[""symmetry_type=horizontal and vertical mirrors; pattern_status=broken""]","[""whole pattern""]",{},horizontal and vertical mirrors,broken
symmetry_pattern_1100_open_q1,symmetry_pattern_1100.png,"[""symmetry_type=2-fold rotation; pattern_status=intact""]","[""whole pattern""]",{},2-fold rotation,intact
symmetry_pattern_1101_open_q1,symmetry_pattern_1101.png,"[""symmetry_type=3-fold rotation; pattern_status=broken""]","[""whole pattern""]",{},3-fold rotation,broken
symmetry_pattern_1102_open_q1,symmetry_pattern_1102.png,"[""symmetry_type=4-fold rotation; pattern_status=intact""]","[""whole pattern""]",{},4-fold rotation,intact
symmetry_pattern_1103_open_q1,symmetry_pattern_1103.png,"[""symmetry_type=6-fold rotation; pattern_status=broken""]","[""whole pattern""]",{},6-fold rotation,broken
symmetry_pattern_1104_open_q1,symmetry_pattern_1104.png,"[""symmetry_type=horizontal mirror; pattern_status=intact""]","[""whole pattern""]",{},horizontal mirror,intact
symmetry_pattern_1105_open_q1,symmetry_pattern_1105.png,"[""symmetry_type=vertical mirror; pattern_status=broken""]","[""whole pattern""]",{},vertical mirror,broken
symmetry_pattern_1106_open_q1,symmetry_pattern_1106.png,"[""symmetry_type=horizontal and vertical mirrors; pattern_status=intact""]","[""whole pattern""]",{},horizontal and vertical mirrors,intact
symmetry_pattern_1107_open_q1,symmetry_pattern_1107.png,"[""symmetry_type=2-fold rotation; pattern_status=broken""]","[""whole pattern""]",{},2-fold rotation,broken
symmetry_pattern_1108_open_q1,symmetry_pattern_1108.png,"[""symmetry_type=3-fold rotation; pattern_status=intact""]","[""whole pattern""]",{},3-fold rotation,intact
symmetry_pattern_1109_open_q1,symmetry_pattern_1109.png,"[""symmetry_type=4-fold rotation; pattern_status=broken""]","[""whole pattern""]",{},4-fold rotation,broken
symmetry_pattern_1110_open_q1,symmetry_pattern_1110.png,"[""symmetry_type=6-fold rotation; pattern_status=intact""]","[""whole pattern""]",{},6-fold rotation,intact
symmetry_pattern_1111_open_q1,symmetry_pattern_1111.png,"[""symmetry_type=horizontal mirror; pattern_status=broken""]","[""whole pattern""]",{},horizontal mirror,broken
symmetry_pattern_1112_open_q1,symmetry_pattern_1112.png,"[""symmetry_type=vertical mirror; pattern_status=intact""]","[""whole pattern""]",{},vertical mirror,intact
symmetry_pattern_1113_open_q1,symmetry_pattern_1113.png,"[""symmetry_type=horizontal and vertical mirrors; pattern_status=broken""]","[""whole pattern""]",{},horizontal and vertical mirrors,broken
symmetry_pattern_1114_open_q1,symmetry_pattern_1114.png,"[""symmetry_type=2-fold rotation; pattern_status=intact""]","[""whole pattern""]",{},2-fold rotation,intact
symmetry_pattern_1115_open_q1,symmetry_pattern_1115.png,"[""symmetry_type=3-fold rotation; pattern_status=broken""]","[""whole pattern""]",{},3-fold rotation,broken
symmetry_pattern_1116_open_q1,symmetry_pattern_1116.png,"[""symmetry_type=4-fold rotation; pattern_status=intact""]","[""whole pattern""]",{},4-fold rotation,intact
symmetry_pattern_1117_open_q1,symmetry_pattern_1117.png,"[""symmetry_type=6-fold rotation; pattern_status=broken""]","[""whole pattern""]",{},6-fold rotation,broken
symmetry_pattern_1118_open_q1,symmetry_pattern_1118.png,"[""symmetry_type=horizontal mirror; pattern_status=intact""]","[""whole pattern""]",{},horizontal mirror,intact
symmetry_pattern_1119_open_q1,symmetry_pattern_1119.png,"[""symmetry_type=vertical mirror; pattern_status=broken""]","[""whole pattern""]",{},vertical mirror,broken
symmetry_pattern_1120_open_q1,symmetry_pattern_1120.png,"[""symmetry_type=horizontal and vertical mirrors; pattern_status=intact""]","[""whole pattern""]",{},horizontal and vertical mirrors,intact
symmetry_pattern_1121_open_q1,symmetry_pattern_1121.png,"[""symmetry_type=2-fold rotation; pattern_status=broken""]","[""whole pattern""]",{},2-fold rotation,broken
symmetry_pattern_1122_open_q1,symmetry_pattern_1122.png,"[""symmetry_type=3-fold rotation; pattern_status=intact""]","[""whole pattern""]",{},3-fold rotation,intact
symmetry_pattern_1123_open_q1,symmetry_pattern_1123.png,"[""symmetry_type=4-fold rotation; pattern_status=broken""]","[""whole pattern""]",{},4-fold rotation,broken
symmetry_pattern_1124_open_q1,symmetry_pattern_1124.png,"[""symmetry_type=6-fold rotation; pattern_status=intact""]","[""whole pattern""]",{},6-fold rotation,intact
symmetry_pattern_1125_open_q1,symmetry_pattern_1125.png,"[""symmetry_type=horizontal mirror; pattern_status=broken""]","[""whole pattern""]",{},horizontal mirror,broken
symmetry_pattern_1126_open_q1,symmetry_pattern_1126.png,"[""symmetry_type=vertical mirror; pattern_status=intact""]","[""whole pattern""]",{},vertical mirror,intact
symmetry_pattern_1127_open_q1,symmetry_pattern_1127.png,"[""symmetry_type=horizontal and vertical mirrors; pattern_status=broken""]","[""whole pattern""]",{},horizontal and vertical mirrors,broken
symmetry_pattern_1128_open_q1,symmetry_pattern_1128.png,"[""symmetry_type=2-fold rotation; pattern_status=intact""]","[""whole pattern""]",{},2-fold rotation,intact
symmetry_pattern_1129_open_q1,symmetry_pattern_1129.png,"[""symmetry_type=3-fold rotation; pattern_status=broken""]","[""whole pattern""]",{},3-fold rotation,broken
symmetry_pattern_1130_open_q1,symmetry_pattern_1130.png,"[""symmetry_type=4-fold rotation; pattern_status=intact""]","[""whole pattern""]",{},4-fold rotation,intact
symmetry_pattern_1131_open_q1,symmetry_pattern_1131.png,"[""symmetry_type=6-fold rotation; pattern_status=broken""]","[""whole pattern""]",{},6-fold rotation,broken
symmetry_pattern_1132_open_q1,symmetry_pattern_1132.png,"[""symmetry_type=horizontal mirror; pattern_status=intact""]","[""whole pattern""]",{},horizontal mirror,intact
symmetry_pattern_1133_open_q1,symmetry_pattern_1133.png,"[""symmetry_type=vertical mirror; pattern_status=broken""]","[""whole pattern""]",{},vertical mirror,broken
symmetry_pattern_1134_open_q1,symmetry_pattern_1134.png,"[""symmetry_type=horizontal and vertical mirrors; pattern_status=intact""]","[""whole pattern""]",{},horizontal and vertical mirrors,intact
symmetry_pattern_1135_open_q1,symmetry_pattern_1135.png,"[""symmetry_type=2-fold rotation; pattern_status=broken""]","[""whole pattern""]",{},2-fold rotation,broken
symmetry_pattern_1136_open_q1,symmetry_pattern_1136.png,"[""symmetry_type=3-fold rotation; pattern_status=intact""]","[""whole pattern""]",{},3-fold rotation,intact
symmetry_pattern_1137_open_q1,symmetry_pattern_1137.png,"[""symmetry_type=4-fold rotation; pattern_status=broken""]","[""whole pattern""]",{},4-fold rotation,broken
symmetry_pattern_1138_open_q1,symmetry_pattern_1138.png,"[""symmetry_type=6-fold rotation; pattern_status=intact""]","[""whole pattern""]",{},6-fold rotation,intact
symmetry_pattern_1139_open_q1,symmetry_pattern_1139.png,"[""symmetry_type=horizontal mirror; pattern_status=broken""]","[""whole pattern""]",{},horizontal mirror,broken
symmetry_pattern_1140_open_q1,symmetry_pattern_1140.png,"[""symmetry_type=vertical mirror; pattern_status=intact""]","[""whole pattern""]",{},vertical mirror,intact
symmetry_pattern_1141_open_q1,symmetry_pattern_1141.png,"[""symmetry_type=horizontal and vertical mirrors; pattern_status=broken""]","[""whole pattern""]",{},horizontal and vertical mirrors,broken
symmetry_pattern_1142_open_q1,symmetry_pattern_1142.png,"[""symmetry_type=2-fold rotation; pattern_status=intact""]","[""whole pattern""]",{},2-fold rotation,intact
symmetry_pattern_1143_open_q1,symmetry_pattern_1143.png,"[""symmetry_type=3-fold rotation; pattern_status=broken""]","[""whole pattern""]",{},3-fold rotation,broken
symmetry_pattern_1144_open_q1,symmetry_pattern_1144.png,"[""symmetry_type=4-fold rotation; pattern_status=intact""]","[""whole pattern""]",{},4-fold rotation,intact
symmetry_pattern_1145_open_q1,symmetry_pattern_1145.png,"[""symmetry_type=6-fold rotation; pattern_status=broken""]","[""whole pattern""]",{},6-fold rotation,broken
symmetry_pattern_1146_open_q1,symmetry_pattern_1146.png,"[""symmetry_type=horizontal mirror; pattern_status=intact""]","[""whole pattern""]",{},horizontal mirror,intact
symmetry_pattern_1147_open_q1,symmetry_pattern_1147.png,"[""symmetry_type=vertical mirror; pattern_status=broken""]","[""whole pattern""]",{},vertical mirror,broken
symmetry_pattern_1148_open_q1,symmetry_pattern_1148.png,"[""symmetry_type=horizontal and vertical mirrors; pattern_status=intact""]","[""whole pattern""]",{},horizontal and vertical mirrors,intact
symmetry_pattern_1149_open_q1,symmetry_pattern_1149.png,"[""symmetry_type=2-fold rotation; pattern_status=broken""]","[""whole pattern""]",{},2-fold rotation,broken
symmetry_pattern_1150_open_q1,symmetry_pattern_1150.png,"[""symmetry_type=3-fold rotation; pattern_status=intact""]","[""whole pattern""]",{},3-fold rotation,intact
symmetry_pattern_1151_open_q1,symmetry_pattern_1151.png,"[""symmetry_type=4-fold rotation; pattern_status=broken""]","[""whole pattern""]",{},4-fold rotation,broken
symmetry_pattern_1152_open_q1,symmetry_pattern_1152.png,"[""symmetry_type=6-fold rotation; pattern_status=intact""]","[""whole pattern""]",{},6-fold rotation,intact
symmetry_pattern_1153_open_q1,symmetry_pattern_1153.png,"[""symmetry_type=horizontal mirror; pattern_status=broken""]","[""whole pattern""]",{},horizontal mirror,broken
symmetry_pattern_1154_open_q1,symmetry_pattern_1154.png,"[""symmetry_type=vertical mirror; pattern_status=intact""]","[""whole pattern""]",{},vertical mirror,intact
symmetry_pattern_1155_open_q1,symmetry_pattern_1155.png,"[""symmetry_type=horizontal and vertical mirrors; pattern_status=broken""]","[""whole pattern""]",{},horizontal and vertical mirrors,broken
symmetry_pattern_1156_open_q1,symmetry_pattern_1156.png,"[""symmetry_type=2-fold rotation; pattern_status=intact""]","[""whole pattern""]",{},2-fold rotation,intact
symmetry_pattern_1157_open_q1,symmetry_pattern_1157.png,"[""symmetry_type=3-fold rotation; pattern_status=broken""]","[""whole pattern""]",{},3-fold rotation,broken
symmetry_pattern_1158_open_q1,symmetry_pattern_1158.png,"[""symmetry_type=4-fold rotation; pattern_status=intact""]","[""whole pattern""]",{},4-fold rotation,intact
symmetry_pattern_1159_open_q1,symmetry_pattern_1159.png,"[""symmetry_type=6-fold rotation; pattern_status=broken""]","[""whole pattern""]",{},6-fold rotation,broken
symmetry_pattern_1160_open_q1,symmetry_pattern_1160.png,"[""symmetry_type=horizontal mirror; pattern_status=intact""]","[""whole pattern""]",{},horizontal mirror,intact
symmetry_pattern_1161_open_q1,symmetry_pattern_1161.png,"[""symmetry_type=vertical mirror; pattern_status=broken""]","[""whole pattern""]",{},vertical mirror,broken
symmetry_pattern_1162_open_q1,symmetry_pattern_1162.png,"[""symmetry_type=horizontal and vertical mirrors; pattern_status=intact""]","[""whole pattern""]",{},horizontal and vertical mirrors,intact
symmetry_pattern_1163_open_q1,symmetry_pattern_1163.png,"[""symmetry_type=2-fold rotation; pattern_status=broken""]","[""whole pattern""]",{},2-fold rotation,broken
symmetry_pattern_1164_open_q1,symmetry_pattern_1164.png,"[""symmetry_type=3-fold rotation; pattern_status=intact""]","[""whole pattern""]",{},3-fold rotation,intact
symmetry_pattern_1165_open_q1,symmetry_pattern_1165.png,"[""symmetry_type=4-fold rotation; pattern_status=broken""]","[""whole pattern""]",{},4-fold rotation,broken
symmetry_pattern_1166_open_q1,symmetry_pattern_1166.png,"[""symmetry_type=6-fold rotation; pattern_status=intact""]","[""whole pattern""]",{},6-fold rotation,intact
symmetry_pattern_1167_open_q1,symmetry_pattern_1167.png,"[""symmetry_type=horizontal mirror; pattern_status=broken""]","[""whole pattern""]",{},horizontal mirror,broken
symmetry_pattern_1168_open_q1,symmetry_pattern_1168.png,"[""symmetry_type=vertical mirror; pattern_status=intact""]","[""whole pattern""]",{},vertical mirror,intact
symmetry_pattern_1169_open_q1,symmetry_pattern_1169.png,"[""symmetry_type=horizontal and vertical mirrors; pattern_status=broken""]","[""whole pattern""]",{},horizontal and vertical mirrors,broken
symmetry_pattern_1170_open_q1,symmetry_pattern_1170.png,"[""symmetry_type=2-fold rotation; pattern_status=intact""]","[""whole pattern""]",{},2-fold rotation,intact
symmetry_pattern_1171_open_q1,symmetry_pattern_1171.png,"[""symmetry_type=3-fold rotation; pattern_status=broken""]","[""whole pattern""]",{},3-fold rotation,broken
symmetry_pattern_1172_open_q1,symmetry_pattern_1172.png,"[""symmetry_type=4-fold rotation; pattern_status=intact""]","[""whole pattern""]",{},4-fold rotation,intact
symmetry_pattern_1173_open_q1,symmetry_pattern_1173.png,"[""symmetry_type=6-fold rotation; pattern_status=broken""]","[""whole pattern""]",{},6-fold rotation,broken
symmetry_pattern_1174_open_q1,symmetry_pattern_1174.png,"[""symmetry_type=horizontal mirror; pattern_status=intact""]","[""whole pattern""]",{},horizontal mirror,intact
symmetry_pattern_1175_open_q1,symmetry_pattern_1175.png,"[""symmetry_type=vertical mirror; pattern_status=broken""]","[""whole pattern""]",{},vertical mirror,broken
symmetry_pattern_1176_open_q1,symmetry_pattern_1176.png,"[""symmetry_type=horizontal and vertical mirrors; pattern_status=intact""]","[""whole pattern""]",{},horizontal and vertical mirrors,intact
symmetry_pattern_1177_open_q1,symmetry_pattern_1177.png,"[""symmetry_type=2-fold rotation; pattern_status=broken""]","[""whole pattern""]",{},2-fold rotation,broken
symmetry_pattern_1178_open_q1,symmetry_pattern_1178.png,"[""symmetry_type=3-fold rotation; pattern_status=intact""]","[""whole pattern""]",{},3-fold rotation,intact
symmetry_pattern_1179_open_q1,symmetry_pattern_1179.png,"[""symmetry_type=4-fold rotation; pattern_status=broken""]","[""whole pattern""]",{},4-fold rotation,broken
symmetry_pattern_1180_open_q1,symmetry_pattern_1180.png,"[""symmetry_type=6-fold rotation; pattern_status=intact""]","[""whole pattern""]",{},6-fold rotation,intact
symmetry_pattern_1181_open_q1,symmetry_pattern_1181.png,"[""symmetry_type=horizontal mirror; pattern_status=broken""]","[""whole pattern""]",{},horizontal mirror,broken
symmetry_pattern_1182_open_q1,symmetry_pattern_1182.png,"[""symmetry_type=vertical mirror; pattern_status=intact""]","[""whole pattern""]",{},vertical mirror,intact
symmetry_pattern_1183_open_q1,symmetry_pattern_1183.png,"[""symmetry_type=horizontal and vertical mirrors; pattern_status=broken""]","[""whole pattern""]",{},horizontal and vertical mirrors,broken
symmetry_pattern_1184_open_q1,symmetry_pattern_1184.png,"[""symmetry_type=2-fold rotation; pattern_status=intact""]","[""whole pattern""]",{},2-fold rotation,intact
symmetry_pattern_1185_open_q1,symmetry_pattern_1185.png,"[""symmetry_type=3-fold rotation; pattern_status=broken""]","[""whole pattern""]",{},3-fold rotation,broken
symmetry_pattern_1186_open_q1,symmetry_pattern_1186.png,"[""symmetry_type=4-fold rotation; pattern_status=intact""]","[""whole pattern""]",{},4-fold rotation,intact
symmetry_pattern_1187_open_q1,symmetry_pattern_1187.png,"[""symmetry_type=6-fold rotation; pattern_status=broken""]","[""whole pattern""]",{},6-fold rotation,broken
symmetry_pattern_1188_open_q1,symmetry_pattern_1188.png,"[""symmetry_type=horizontal mirror; pattern_status=intact""]","[""whole pattern""]",{},horizontal mirror,intact
symmetry_pattern_1189_open_q1,symmetry_pattern_1189.png,"[""symmetry_type=vertical mirror; pattern_status=broken""]","[""whole pattern""]",{},vertical mirror,broken
symmetry_pattern_1190_open_q1,symmetry_pattern_1190.png,"[""symmetry_type=horizontal and vertical mirrors; pattern_status=intact""]","[""whole pattern""]",{},horizontal and vertical mirrors,intact
symmetry_pattern_1191_open_q1,symmetry_pattern_1191.png,"[""symmetry_type=2-fold rotation; pattern_status=broken""]","[""whole pattern""]",{},2-fold rotation,broken
symmetry_pattern_1192_open_q1,symmetry_pattern_1192.png,"[""symmetry_type=3-fold rotation; pattern_status=intact""]","[""whole pattern""]",{},3-fold rotation,intact
symmetry_pattern_1193_open_q1,symmetry_pattern_1193.png,"[""symmetry_type=4-fold rotation; pattern_status=broken""]","[""whole pattern""]",{},4-fold rotation,broken
symmetry_pattern_1194_open_q1,symmetry_pattern_1194.png,"[""symmetry_type=6-fold rotation; pattern_status=intact""]","[""whole pattern""]",{},6-fold rotation,intact
symmetry_pattern_1195_open_q1,symmetry_pattern_1195.png,"[""symmetry_type=horizontal mirror; pattern_status=broken""]","[""whole pattern""]",{},horizontal mirror,broken
symmetry_pattern_1196_open_q1,symmetry_pattern_1196.png,"[""symmetry_type=vertical mirror; pattern_status=intact""]","[""whole pattern""]",{},vertical mirror,intact
symmetry_pattern_1197_open_q1,symmetry_pattern_1197.png,"[""symmetry_type=horizontal and vertical mirrors; pattern_status=broken""]","[""whole pattern""]",{},horizontal and vertical mirrors,broken
symmetry_pattern_1198_open_q1,symmetry_pattern_1198.png,"[""symmetry_type=2-fold rotation; pattern_status=intact""]","[""whole pattern""]",{},2-fold rotation,intact
symmetry_pattern_1199_open_q1,symmetry_pattern_1199.png,"[""symmetry_type=3-fold rotation; pattern_status=broken""]","[""whole pattern""]",{},3-fold rotation,broken
symmetry_pattern_1200_open_q1,symmetry_pattern_1200.png,"[""symmetry_type=4-fold rotation; pattern_status=intact""]","[""whole pattern""]",{},4-fold rotation,intact
symmetry_pattern_1201_open_q1,symmetry_pattern_1201.png,"[""symmetry_type=6-fold rotation; pattern_status=broken""]","[""whole pattern""]",{},6-fold rotation,broken
symmetry_pattern_1202_open_q1,symmetry_pattern_1202.png,"[""symmetry_type=horizontal mirror; pattern_status=intact""]","[""whole pattern""]",{},horizontal mirror,intact
symmetry_pattern_1203_open_q1,symmetry_pattern_1203.png,"[""symmetry_type=vertical mirror; pattern_status=broken""]","[""whole pattern""]",{},vertical mirror,broken
symmetry_pattern_1204_open_q1,symmetry_pattern_1204.png,"[""symmetry_type=horizontal and vertical mirrors; pattern_status=intact""]","[""whole pattern""]",{},horizontal and vertical mirrors,intact
symmetry_pattern_1205_open_q1,symmetry_pattern_1205.png,"[""symmetry_type=2-fold rotation; pattern_status=broken""]","[""whole pattern""]",{},2-fold rotation,broken
symmetry_pattern_1206_open_q1,symmetry_pattern_1206.png,"[""symmetry_type=3-fold rotation; pattern_status=intact""]","[""whole pattern""]",{},3-fold rotation,intact
symmetry_pattern_1207_open_q1,symmetry_pattern_1207.png,"[""symmetry_type=4-fold rotation; pattern_status=broken""]","[""whole pattern""]",{},4-fold rotation,broken
symmetry_pattern_1208_open_q1,symmetry_pattern_1208.png,"[""symmetry_type=6-fold rotation; pattern_status=intact""]","[""whole pattern""]",{},6-fold rotation,intact
symmetry_pattern_1209_open_q1,symmetry_pattern_1209.png,"[""symmetry_type=horizontal mirror; pattern_status=broken""]","[""whole pattern""]",{},horizontal mirror,broken
symmetry_pattern_1210_open_q1,symmetry_pattern_1210.png,"[""symmetry_type=vertical mirror; pattern_status=intact""]","[""whole pattern""]",{},vertical mirror,intact
symmetry_pattern_1211_open_q1,symmetry_pattern_1211.png,"[""symmetry_type=horizontal and vertical mirrors; pattern_status=broken""]","[""whole pattern""]",{},horizontal and vertical mirrors,broken
symmetry_pattern_1212_open_q1,symmetry_pattern_1212.png,"[""symmetry_type=2-fold rotation; pattern_status=intact""]","[""whole pattern""]",{},2-fold rotation,intact
symmetry_pattern_1213_open_q1,symmetry_pattern_1213.png,"[""symmetry_type=3-fold rotation; pattern_status=broken""]","[""whole pattern""]",{},3-fold rotation,broken
symmetry_pattern_1214_open_q1,symmetry_pattern_1214.png,"[""symmetry_type=4-fold rotation; pattern_status=intact""]","[""whole pattern""]",{},4-fold rotation,intact
symmetry_pattern_1215_open_q1,symmetry_pattern_1215.png,"[""symmetry_type=6-fold rotation; pattern_status=broken""]","[""whole pattern""]",{},6-fold rotation,broken
symmetry_pattern_1216_open_q1,symmetry_pattern_1216.png,"[""symmetry_type=horizontal mirror; pattern_status=intact""]","[""whole pattern""]",{},horizontal mirror,intact
symmetry_pattern_1217_open_q1,symmetry_pattern_1217.png,"[""symmetry_type=vertical mirror; pattern_status=broken""]","[""whole pattern""]",{},vertical mirror,broken
symmetry_pattern_1218_open_q1,symmetry_pattern_1218.png,"[""symmetry_type=horizontal and vertical mirrors; pattern_status=intact""]","[""whole pattern""]",{},horizontal and vertical mirrors,intact
symmetry_pattern_1219_open_q1,symmetry_pattern_1219.png,"[""symmetry_type=2-fold rotation; pattern_status=broken""]","[""whole pattern""]",{},2-fold rotation,broken
symmetry_pattern_1220_open_q1,symmetry_pattern_1220.png,"[""symmetry_type=3-fold rotation; pattern_status=intact""]","[""whole pattern""]",{},3-fold rotation,intact
symmetry_pattern_1221_open_q1,symmetry_pattern_1221.png,"[""symmetry_type=4-fold rotation; pattern_status=broken""]","[""whole pattern""]",{},4-fold rotation,broken
symmetry_pattern_1222_open_q1,symmetry_pattern_1222.png,"[""symmetry_type=6-fold rotation; pattern_status=intact""]","[""whole pattern""]",{},6-fold rotation,intact
symmetry_pattern_1223_open_q1,symmetry_pattern_1223.png,"[""symmetry_type=horizontal mirror; pattern_status=broken""]","[""whole pattern""]",{},horizontal mirror,broken
symmetry_pattern_1224_open_q1,symmetry_pattern_1224.png,"[""symmetry_type=vertical mirror; pattern_status=intact""]","[""whole pattern""]",{},vertical mirror,intact
symmetry_pattern_1225_open_q1,symmetry_pattern_1225.png,"[""symmetry_type=horizontal and vertical mirrors; pattern_status=broken""]","[""whole pattern""]",{},horizontal and vertical mirrors,broken
symmetry_pattern_1226_open_q1,symmetry_pattern_1226.png,"[""symmetry_type=2-fold rotation; pattern_status=intact""]","[""whole pattern""]",{},2-fold rotation,intact
symmetry_pattern_1227_open_q1,symmetry_pattern_1227.png,"[""symmetry_type=3-fold rotation; pattern_status=broken""]","[""whole pattern""]",{},3-fold rotation,broken
symmetry_pattern_1228_open_q1,symmetry_pattern_1228.png,"[""symmetry_type=4-fold rotation; pattern_status=intact""]","[""whole pattern""]",{},4-fold rotation,intact
symmetry_pattern_1229_open_q1,symmetry_pattern_1229.png,"[""symmetry_type=6-fold rotation; pattern_status=broken""]","[""whole pattern""]",{},6-fold rotation,broken
symmetry_pattern_1230_open_q1,symmetry_pattern_1230.png,"[""symmetry_type=horizontal mirror; pattern_status=intact""]","[""whole pattern""]",{},horizontal mirror,intact
symmetry_pattern_1231_open_q1,symmetry_pattern_1231.png,"[""symmetry_type=vertical mirror; pattern_status=broken""]","[""whole pattern""]",{},vertical mirror,broken
symmetry_pattern_1232_open_q1,symmetry_pattern_1232.png,"[""symmetry_type=horizontal and vertical mirrors; pattern_status=intact""]","[""whole pattern""]",{},horizontal and vertical mirrors,intact
symmetry_pattern_1233_open_q1,symmetry_pattern_1233.png,"[""symmetry_type=2-fold rotation; pattern_status=broken""]","[""whole pattern""]",{},2-fold rotation,broken
symmetry_pattern_1234_open_q1,symmetry_pattern_1234.png,"[""symmetry_type=3-fold rotation; pattern_status=intact""]","[""whole pattern""]",{},3-fold rotation,intact
symmetry_pattern_1235_open_q1,symmetry_pattern_1235.png,"[""symmetry_type=4-fold rotation; pattern_status=broken""]","[""whole pattern""]",{},4-fold rotation,broken
symmetry_pattern_1236_open_q1,symmetry_pattern_1236.png,"[""symmetry_type=6-fold rotation; pattern_status=intact""]","[""whole pattern""]",{},6-fold rotation,intact
symmetry_pattern_1237_open_q1,symmetry_pattern_1237.png,"[""symmetry_type=horizontal mirror; pattern_status=broken""]","[""whole pattern""]",{},horizontal mirror,broken
symmetry_pattern_1238_open_q1,symmetry_pattern_1238.png,"[""symmetry_type=vertical mirror; pattern_status=intact""]","[""whole pattern""]",{},vertical mirror,intact
symmetry_pattern_1239_open_q1,symmetry_pattern_1239.png,"[""symmetry_type=horizontal and vertical mirrors; pattern_status=broken""]","[""whole pattern""]",{},horizontal and vertical mirrors,broken
symmetry_pattern_1240_open_q1,symmetry_pattern_1240.png,"[""symmetry_type=2-fold rotation; pattern_status=intact""]","[""whole pattern""]",{},2-fold rotation,intact
symmetry_pattern_1241_open_q1,symmetry_pattern_1241.png,"[""symmetry_type=3-fold rotation; pattern_status=broken""]","[""whole pattern""]",{},3-fold rotation,broken
symmetry_pattern_1242_open_q1,symmetry_pattern_1242.png,"[""symmetry_type=4-fold rotation; pattern_status=intact""]","[""whole pattern""]",{},4-fold rotation,intact
symmetry_pattern_1243_open_q1,symmetry_pattern_1243.png,"[""symmetry_type=6-fold rotation; pattern_status=broken""]","[""whole pattern""]",{},6-fold rotation,broken
symmetry_pattern_1244_open_q1,symmetry_pattern_1244.png,"[""symmetry_type=horizontal mirror; pattern_status=intact""]","[""whole pattern""]",{},horizontal mirror,intact
symmetry_pattern_1245_open_q1,symmetry_pattern_1245.png,"[""symmetry_type=vertical mirror; pattern_status=broken""]","[""whole pattern""]",{},vertical mirror,broken
symmetry_pattern_1246_open_q1,symmetry_pattern_1246.png,"[""symmetry_type=horizontal and vertical mirrors; pattern_status=intact""]","[""whole pattern""]",{},horizontal and vertical mirrors,intact
symmetry_pattern_1247_open_q1,symmetry_pattern_1247.png,"[""symmetry_type=2-fold rotation; pattern_status=broken""]","[""whole pattern""]",{},2-fold rotation,broken
symmetry_pattern_1248_open_q1,symmetry_pattern_1248.png,"[""symmetry_type=3-fold rotation; pattern_status=intact""]","[""whole pattern""]",{},3-fold rotation,intact
symmetry_pattern_1249_open_q1,symmetry_pattern_1249.png,"[""symmetry_type=4-fold rotation; pattern_status=broken""]","[""whole pattern""]",{},4-fold rotation,broken
symmetry_pattern_1250_open_q1,symmetry_pattern_1250.png,"[""symmetry_type=6-fold rotation; pattern_status=intact""]","[""whole pattern""]",{},6-fold rotation,intact
symmetry_pattern_1251_open_q1,symmetry_pattern_1251.png,"[""symmetry_type=horizontal mirror; pattern_status=broken""]","[""whole pattern""]",{},horizontal mirror,broken
symmetry_pattern_1252_open_q1,symmetry_pattern_1252.png,"[""symmetry_type=vertical mirror; pattern_status=intact""]","[""whole pattern""]",{},vertical mirror,intact
symmetry_pattern_1253_open_q1,symmetry_pattern_1253.png,"[""symmetry_type=horizontal and vertical mirrors; pattern_status=broken""]","[""whole pattern""]",{},horizontal and vertical mirrors,broken
symmetry_pattern_1254_open_q1,symmetry_pattern_1254.png,"[""symmetry_type=2-fold rotation; pattern_status=intact""]","[""whole pattern""]",{},2-fold rotation,intact
symmetry_pattern_1255_open_q1,symmetry_pattern_1255.png,"[""symmetry_type=3-fold rotation; pattern_status=broken""]","[""whole pattern""]",{},3-fold rotation,broken
symmetry_pattern_1256_open_q1,symmetry_pattern_1256.png,"[""symmetry_type=4-fold rotation; pattern_status=intact""]","[""whole pattern""]",{},4-fold rotation,intact
symmetry_pattern_1257_open_q1,symmetry_pattern_1257.png,"[""symmetry_type=6-fold rotation; pattern_status=broken""]","[""whole pattern""]",{},6-fold rotation,broken
symmetry_pattern_1258_open_q1,symmetry_pattern_1258.png,"[""symmetry_type=horizontal mirror; pattern_status=intact""]","[""whole pattern""]",{},horizontal mirror,intact
symmetry_pattern_1259_open_q1,symmetry_pattern_1259.png,"[""symmetry_type=vertical mirror; pattern_status=broken""]","[""whole pattern""]",{},vertical mirror,broken
symmetry_pattern_1260_open_q1,symmetry_pattern_1260.png,"[""symmetry_type=horizontal and vertical mirrors; pattern_status=intact""]","[""whole pattern""]",{},horizontal and vertical mirrors,intact
symmetry_pattern_1261_open_q1,symmetry_pattern_1261.png,"[""symmetry_type=2-fold rotation; pattern_status=broken""]","[""whole pattern""]",{},2-fold rotation,broken
symmetry_pattern_1262_open_q1,symmetry_pattern_1262.png,"[""symmetry_type=3-fold rotation; pattern_status=intact""]","[""whole pattern""]",{},3-fold rotation,intact
symmetry_pattern_1263_open_q1,symmetry_pattern_1263.png,"[""symmetry_type=4-fold rotation; pattern_status=broken""]","[""whole pattern""]",{},4-fold rotation,broken
symmetry_pattern_1264_open_q1,symmetry_pattern_1264.png,"[""symmetry_type=6-fold rotation; pattern_status=intact""]","[""whole pattern""]",{},6-fold rotation,intact
symmetry_pattern_1265_open_q1,symmetry_pattern_1265.png,"[""symmetry_type=horizontal mirror; pattern_status=broken""]","[""whole pattern""]",{},horizontal mirror,broken
symmetry_pattern_1266_open_q1,symmetry_pattern_1266.png,"[""symmetry_type=vertical mirror; pattern_status=intact""]","[""whole pattern""]",{},vertical mirror,intact
symmetry_pattern_1267_open_q1,symmetry_pattern_1267.png,"[""symmetry_type=horizontal and vertical mirrors; pattern_status=broken""]","[""whole pattern""]",{},horizontal and vertical mirrors,broken
symmetry_pattern_1268_open_q1,symmetry_pattern_1268.png,"[""symmetry_type=2-fold rotation; pattern_status=intact""]","[""whole pattern""]",{},2-fold rotation,intact
symmetry_pattern_1269_open_q1,symmetry_pattern_1269.png,"[""symmetry_type=3-fold rotation; pattern_status=broken""]","[""whole pattern""]",{},3-fold rotation,broken
symmetry_pattern_1270_open_q1,symmetry_pattern_1270.png,"[""symmetry_type=4-fold rotation; pattern_status=intact""]","[""whole pattern""]",{},4-fold rotation,intact
symmetry_pattern_1271_open_q1,symmetry_pattern_1271.png,"[""symmetry_type=6-fold rotation; pattern_status=broken""]","[""whole pattern""]",{},6-fold rotation,broken
symmetry_pattern_1272_open_q1,symmetry_pattern_1272.png,"[""symmetry_type=horizontal mirror; pattern_status=intact""]","[""whole pattern""]",{},horizontal mirror,intact
symmetry_pattern_1273_open_q1,symmetry_pattern_1273.png,"[""symmetry_type=vertical mirror; pattern_status=broken""]","[""whole pattern""]",{},vertical mirror,broken
symmetry_pattern_1274_open_q1,symmetry_pattern_1274.png,"[""symmetry_type=horizontal and vertical mirrors; pattern_status=intact""]","[""whole pattern""]",{},horizontal and vertical mirrors,intact
symmetry_pattern_1275_open_q1,symmetry_pattern_1275.png,"[""symmetry_type=2-fold rotation; pattern_status=broken""]","[""whole pattern""]",{},2-fold rotation,broken
symmetry_pattern_1276_open_q1,symmetry_pattern_1276.png,"[""symmetry_type=3-fold rotation; pattern_status=intact""]","[""whole pattern""]",{},3-fold rotation,intact
symmetry_pattern_1277_open_q1,symmetry_pattern_1277.png,"[""symmetry_type=4-fold rotation; pattern_status=broken""]","[""whole pattern""]",{},4-fold rotation,broken
symmetry_pattern_1278_open_q1,symmetry_pattern_1278.png,"[""symmetry_type=6-fold rotation; pattern_status=intact""]","[""whole pattern""]",{},6-fold rotation,intact
symmetry_pattern_1279_open_q1,symmetry_pattern_1279.png,"[""symmetry_type=horizontal mirror; pattern_status=broken""]","[""whole pattern""]",{},horizontal mirror,broken
symmetry_pattern_1280_open_q1,symmetry_pattern_1280.png,"[""symmetry_type=vertical mirror; pattern_status=intact""]","[""whole pattern""]",{},vertical mirror,intact
symmetry_pattern_1281_open_q1,symmetry_pattern_1281.png,"[""symmetry_type=horizontal and vertical mirrors; pattern_status=broken""]","[""whole pattern""]",{},horizontal and vertical mirrors,broken
symmetry_pattern_1282_open_q1,symmetry_pattern_1282.png,"[""symmetry_type=2-fold rotation; pattern_status=intact""]","[""whole pattern""]",{},2-fold rotation,intact
symmetry_pattern_1283_open_q1,symmetry_pattern_1283.png,"[""symmetry_type=3-fold rotation; pattern_status=broken""]","[""whole pattern""]",{},3-fold rotation,broken
symmetry_pattern_1284_open_q1,symmetry_pattern_1284.png,"[""symmetry_type=4-fold rotation; pattern_status=intact""]","[""whole pattern""]",{},4-fold rotation,intact
symmetry_pattern_1285_open_q1,symmetry_pattern_1285.png,"[""symmetry_type=6-fold rotation; pattern_status=broken""]","[""whole pattern""]",{},6-fold rotation,broken
symmetry_pattern_1286_open_q1,symmetry_pattern_1286.png,"[""symmetry_type=horizontal mirror; pattern_status=intact""]","[""whole pattern""]",{},horizontal mirror,intact
symmetry_pattern_1287_open_q1,symmetry_pattern_1287.png,"[""symmetry_type=vertical mirror; pattern_status=broken""]","[""whole pattern""]",{},vertical mirror,broken
symmetry_pattern_1288_open_q1,symmetry_pattern_1288.png,"[""symmetry_type=horizontal and vertical mirrors; pattern_status=intact""]","[""whole pattern""]",{},horizontal and vertical mirrors,intact
symmetry_pattern_1289_open_q1,symmetry_pattern_1289.png,"[""symmetry_type=2-fold rotation; pattern_status=broken""]","[""whole pattern""]",{},2-fold rotation,broken
symmetry_pattern_1290_open_q1,symmetry_pattern_1290.png,"[""symmetry_type=3-fold rotation; pattern_status=intact""]","[""whole pattern""]",{},3-fold rotation,intact
symmetry_pattern_1291_open_q1,symmetry_pattern_1291.png,"[""symmetry_type=4-fold rotation; pattern_status=broken""]","[""whole pattern""]",{},4-fold rotation,broken
symmetry_pattern_1292_open_q1,symmetry_pattern_1292.png,"[""symmetry_type=6-fold rotation; pattern_status=intact""]","[""whole pattern""]",{},6-fold rotation,intact
symmetry_pattern_1293_open_q1,symmetry_pattern_1293.png,"[""symmetry_type=horizontal mirror; pattern_status=broken""]","[""whole pattern""]",{},horizontal mirror,broken
symmetry_pattern_1294_open_q1,symmetry_pattern_1294.png,"[""symmetry_type=vertical mirror; pattern_status=intact""]","[""whole pattern""]",{},vertical mirror,intact
symmetry_pattern_1295_open_q1,symmetry_pattern_1295.png,"[""symmetry_type=horizontal and vertical mirrors; pattern_status=broken""]","[""whole pattern""]",{},horizontal and vertical mirrors,broken
symmetry_pattern_1296_open_q1,symmetry_pattern_1296.png,"[""symmetry_type=2-fold rotation; pattern_status=intact""]","[""whole pattern""]",{},2-fold rotation,intact
symmetry_pattern_1297_open_q1,symmetry_pattern_1297.png,"[""symmetry_type=3-fold rotation; pattern_status=broken""]","[""whole pattern""]",{},3-fold rotation,broken
symmetry_pattern_1298_open_q1,symmetry_pattern_1298.png,"[""symmetry_type=4-fold rotation; pattern_status=intact""]","[""whole pattern""]",{},4-fold rotation,intact
symmetry_pattern_1299_open_q1,symmetry_pattern_1299.png,"[""symmetry_type=6-fold rotation; pattern_status=broken""]","[""whole pattern""]",{},6-fold rotation,broken
symmetry_pattern_1300_open_q1,symmetry_pattern_1300.png,"[""symmetry_type=horizontal mirror; pattern_status=intact""]","[""whole pattern""]",{},horizontal mirror,intact
symmetry_pattern_1301_open_q1,symmetry_pattern_1301.png,"[""symmetry_type=vertical mirror; pattern_status=broken""]","[""whole pattern""]",{},vertical mirror,broken
symmetry_pattern_1302_open_q1,symmetry_pattern_1302.png,"[""symmetry_type=horizontal and vertical mirrors; pattern_status=intact""]","[""whole pattern""]",{},horizontal and vertical mirrors,intact
symmetry_pattern_1303_open_q1,symmetry_pattern_1303.png,"[""symmetry_type=2-fold rotation; pattern_status=broken""]","[""whole pattern""]",{},2-fold rotation,broken
symmetry_pattern_1304_open_q1,symmetry_pattern_1304.png,"[""symmetry_type=3-fold rotation; pattern_status=intact""]","[""whole pattern""]",{},3-fold rotation,intact
symmetry_pattern_1305_open_q1,symmetry_pattern_1305.png,"[""symmetry_type=4-fold rotation; pattern_status=broken""]","[""whole pattern""]",{},4-fold rotation,broken
symmetry_pattern_1306_open_q1,symmetry_pattern_1306.png,"[""symmetry_type=6-fold rotation; pattern_status=intact""]","[""whole pattern""]",{},6-fold rotation,intact
symmetry_pattern_1307_open_q1,symmetry_pattern_1307.png,"[""symmetry_type=horizontal mirror; pattern_status=broken""]","[""whole pattern""]",{},horizontal mirror,broken
symmetry_pattern_1308_open_q1,symmetry_pattern_1308.png,"[""symmetry_type=vertical mirror; pattern_status=intact""]","[""whole pattern""]",{},vertical mirror,intact
symmetry_pattern_1309_open_q1,symmetry_pattern_1309.png,"[""symmetry_type=horizontal and vertical mirrors; pattern_status=broken""]","[""whole pattern""]",{},horizontal and vertical mirrors,broken
symmetry_pattern_1310_open_q1,symmetry_pattern_1310.png,"[""symmetry_type=2-fold rotation; pattern_status=intact""]","[""whole pattern""]",{},2-fold rotation,intact
symmetry_pattern_1311_open_q1,symmetry_pattern_1311.png,"[""symmetry_type=3-fold rotation; pattern_status=broken""]","[""whole pattern""]",{},3-fold rotation,broken
symmetry_pattern_1312_open_q1,symmetry_pattern_1312.png,"[""symmetry_type=4-fold rotation; pattern_status=intact""]","[""whole pattern""]",{},4-fold rotation,intact
symmetry_pattern_1313_open_q1,symmetry_pattern_1313.png,"[""symmetry_type=6-fold rotation; pattern_status=broken""]","[""whole pattern""]",{},6-fold rotation,broken
symmetry_pattern_1314_open_q1,symmetry_pattern_1314.png,"[""symmetry_type=horizontal mirror; pattern_status=intact""]","[""whole pattern""]",{},horizontal mirror,intact
symmetry_pattern_1315_open_q1,symmetry_pattern_1315.png,"[""symmetry_type=vertical mirror; pattern_status=broken""]","[""whole pattern""]",{},vertical mirror,broken
symmetry_pattern_1316_open_q1,symmetry_pattern_1316.png,"[""symmetry_type=horizontal and vertical mirrors; pattern_status=intact""]","[""whole pattern""]",{},horizontal and vertical mirrors,intact
symmetry_pattern_1317_open_q1,symmetry_pattern_1317.png,"[""symmetry_type=2-fold rotation; pattern_status=broken""]","[""whole pattern""]",{},2-fold rotation,broken
symmetry_pattern_1318_open_q1,symmetry_pattern_1318.png,"[""symmetry_type=3-fold rotation; pattern_status=intact""]","[""whole pattern""]",{},3-fold rotation,intact
symmetry_pattern_1319_open_q1,symmetry_pattern_1319.png,"[""symmetry_type=4-fold rotation; pattern_status=broken""]","[""whole pattern""]",{},4-fold rotation,broken
symmetry_pattern_1320_open_q1,symmetry_pattern_1320.png,"[""symmetry_type=6-fold rotation; pattern_status=intact""]","[""whole pattern""]",{},6-fold rotation,intact
symmetry_pattern_1321_open_q1,symmetry_pattern_1321.png,"[""symmetry_type=horizontal mirror; pattern_status=broken""]","[""whole pattern""]",{},horizontal mirror,broken
symmetry_pattern_1322_open_q1,symmetry_pattern_1322.png,"[""symmetry_type=vertical mirror; pattern_status=intact""]","[""whole pattern""]",{},vertical mirror,intact
symmetry_pattern_1323_open_q1,symmetry_pattern_1323.png,"[""symmetry_type=horizontal and vertical mirrors; pattern_status=broken""]","[""whole pattern""]",{},horizontal and vertical mirrors,broken
symmetry_pattern_1324_open_q1,symmetry_pattern_1324.png,"[""symmetry_type=2-fold rotation; pattern_status=intact""]","[""whole pattern""]",{},2-fold rotation,intact
symmetry_pattern_1325_open_q1,symmetry_pattern_1325.png,"[""symmetry_type=3-fold rotation; pattern_status=broken""]","[""whole pattern""]",{},3-fold rotation,broken
symmetry_pattern_1326_open_q1,symmetry_pattern_1326.png,"[""symmetry_type=4-fold rotation; pattern_status=intact""]","[""whole pattern""]",{},4-fold rotation,intact
symmetry_pattern_1327_open_q1,symmetry_pattern_1327.png,"[""symmetry_type=6-fold rotation; pattern_status=broken""]","[""whole pattern""]",{},6-fold rotation,broken
symmetry_pattern_1328_open_q1,symmetry_pattern_1328.png,"[""symmetry_type=horizontal mirror; pattern_status=intact""]","[""whole pattern""]",{},horizontal mirror,intact
symmetry_pattern_1329_open_q1,symmetry_pattern_1329.png,"[""symmetry_type=vertical mirror; pattern_status=broken""]","[""whole pattern""]",{},vertical mirror,broken
symmetry_pattern_1330_open_q1,symmetry_pattern_1330.png,"[""symmetry_type=horizontal and vertical mirrors; pattern_status=intact""]","[""whole pattern""]",{},horizontal and vertical mirrors,intact
symmetry_pattern_1331_open_q1,symmetry_pattern_1331.png,"[""symmetry_type=2-fold rotation; pattern_status=broken""]","[""whole pattern""]",{},2-fold rotation,broken
symmetry_pattern_1332_open_q1,symmetry_pattern_1332.png,"[""symmetry_type=3-fold rotation; pattern_status=intact""]","[""whole pattern""]",{},3-fold rotation,intact
symmetry_pattern_1333_open_q1,symmetry_pattern_1333.png,"[""symmetry_type=4-fold rotation; pattern_status=broken""]","[""whole pattern""]",{},4-fold rotation,broken
symmetry_pattern_1334_open_q1,symmetry_pattern_1334.png,"[""symmetry_type=6-fold rotation; pattern_status=intact""]","[""whole pattern""]",{},6-fold rotation,intact
symmetry_pattern_1335_open_q1,symmetry_pattern_1335.png,"[""symmetry_type=horizontal mirror; pattern_status=broken""]","[""whole pattern""]",{},horizontal mirror,broken
symmetry_pattern_1336_open_q1,symmetry_pattern_1336.png,"[""symmetry_type=vertical mirror; pattern_status=intact""]","[""whole pattern""]",{},vertical mirror,intact
symmetry_pattern_1337_open_q1,symmetry_pattern_1337.png,"[""symmetry_type=horizontal and vertical mirrors; pattern_status=broken""]","[""whole pattern""]",{},horizontal and vertical mirrors,broken
symmetry_pattern_1338_open_q1,symmetry_pattern_1338.png,"[""symmetry_type=2-fold rotation; pattern_status=intact""]","[""whole pattern""]",{},2-fold rotation,intact
symmetry_pattern_1339_open_q1,symmetry_pattern_1339.png,"[""symmetry_type=3-fold rotation; pattern_status=broken""]","[""whole pattern""]",{},3-fold rotation,broken
symmetry_pattern_1340_open_q1,symmetry_pattern_1340.png,"[""symmetry_type=4-fold rotation; pattern_status=intact""]","[""whole pattern""]",{},4-fold rotation,intact
symmetry_pattern_1341_open_q1,symmetry_pattern_1341.png,"[""symmetry_type=6-fold rotation; pattern_status=broken""]","[""whole pattern""]",{},6-fold rotation,broken
symmetry_pattern_1342_open_q1,symmetry_pattern_1342.png,"[""symmetry_type=horizontal mirror; pattern_status=intact""]","[""whole pattern""]",{},horizontal mirror,intact
symmetry_pattern_1343_open_q1,symmetry_pattern_1343.png,"[""symmetry_type=vertical mirror; pattern_status=broken""]","[""whole pattern""]",{},vertical mirror,broken
symmetry_pattern_1344_open_q1,symmetry_pattern_1344.png,"[""symmetry_type=horizontal and vertical mirrors; pattern_status=intact""]","[""whole pattern""]",{},horizontal and vertical mirrors,intact
symmetry_pattern_1345_open_q1,symmetry_pattern_1345.png,"[""symmetry_type=2-fold rotation; pattern_status=broken""]","[""whole pattern""]",{},2-fold rotation,broken
symmetry_pattern_1346_open_q1,symmetry_pattern_1346.png,"[""symmetry_type=3-fold rotation; pattern_status=intact""]","[""whole pattern""]",{},3-fold rotation,intact
symmetry_pattern_1347_open_q1,symmetry_pattern_1347.png,"[""symmetry_type=4-fold rotation; pattern_status=broken""]","[""whole pattern""]",{},4-fold rotation,broken
symmetry_pattern_1348_open_q1,symmetry_pattern_1348.png,"[""symmetry_type=6-fold rotation; pattern_status=intact""]","[""whole pattern""]",{},6-fold rotation,intact
symmetry_pattern_1349_open_q1,symmetry_pattern_1349.png,"[""symmetry_type=horizontal mirror; pattern_status=broken""]","[""whole pattern""]",{},horizontal mirror,broken
symmetry_pattern_1350_open_q1,symmetry_pattern_1350.png,"[""symmetry_type=vertical mirror; pattern_status=intact""]","[""whole pattern""]",{},vertical mirror,intact
symmetry_pattern_1351_open_q1,symmetry_pattern_1351.png,"[""symmetry_type=horizontal and vertical mirrors; pattern_status=broken""]","[""whole pattern""]",{},horizontal and vertical mirrors,broken
symmetry_pattern_1352_open_q1,symmetry_pattern_1352.png,"[""symmetry_type=2-fold rotation; pattern_status=intact""]","[""whole pattern""]",{},2-fold rotation,intact
symmetry_pattern_1353_open_q1,symmetry_pattern_1353.png,"[""symmetry_type=3-fold rotation; pattern_status=broken""]","[""whole pattern""]",{},3-fold rotation,broken
symmetry_pattern_1354_open_q1,symmetry_pattern_1354.png,"[""symmetry_type=4-fold rotation; pattern_status=intact""]","[""whole pattern""]",{},4-fold rotation,intact
symmetry_pattern_1355_open_q1,symmetry_pattern_1355.png,"[""symmetry_type=6-fold rotation; pattern_status=broken""]","[""whole pattern""]",{},6-fold rotation,broken
symmetry_pattern_1356_open_q1,symmetry_pattern_1356.png,"[""symmetry_type=horizontal mirror; pattern_status=intact""]","[""whole pattern""]",{},horizontal mirror,intact
symmetry_pattern_1357_open_q1,symmetry_pattern_1357.png,"[""symmetry_type=vertical mirror; pattern_status=broken""]","[""whole pattern""]",{},vertical mirror,broken
symmetry_pattern_1358_open_q1,symmetry_pattern_1358.png,"[""symmetry_type=horizontal and vertical mirrors; pattern_status=intact""]","[""whole pattern""]",{},horizontal and vertical mirrors,intact
symmetry_pattern_1359_open_q1,symmetry_pattern_1359.png,"[""symmetry_type=2-fold rotation; pattern_status=broken""]","[""whole pattern""]",{},2-fold rotation,broken
symmetry_pattern_1360_open_q1,symmetry_pattern_1360.png,"[""symmetry_type=3-fold rotation; pattern_status=intact""]","[""whole pattern""]",{},3-fold rotation,intact
symmetry_pattern_1361_open_q1,symmetry_pattern_1361.png,"[""symmetry_type=4-fold rotation; pattern_status=broken""]","[""whole pattern""]",{},4-fold rotation,broken
symmetry_pattern_1362_open_q1,symmetry_pattern_1362.png,"[""symmetry_type=6-fold rotation; pattern_status=intact""]","[""whole pattern""]",{},6-fold rotation,intact
symmetry_pattern_1363_open_q1,symmetry_pattern_1363.png,"[""symmetry_type=horizontal mirror; pattern_status=broken""]","[""whole pattern""]",{},horizontal mirror,broken
symmetry_pattern_1364_open_q1,symmetry_pattern_1364.png,"[""symmetry_type=vertical mirror; pattern_status=intact""]","[""whole pattern""]",{},vertical mirror,intact
symmetry_pattern_1365_open_q1,symmetry_pattern_1365.png,"[""symmetry_type=horizontal and vertical mirrors; pattern_status=broken""]","[""whole pattern""]",{},horizontal and vertical mirrors,broken
symmetry_pattern_1366_open_q1,symmetry_pattern_1366.png,"[""symmetry_type=2-fold rotation; pattern_status=intact""]","[""whole pattern""]",{},2-fold rotation,intact
symmetry_pattern_1367_open_q1,symmetry_pattern_1367.png,"[""symmetry_type=3-fold rotation; pattern_status=broken""]","[""whole pattern""]",{},3-fold rotation,broken
symmetry_pattern_1368_open_q1,symmetry_pattern_1368.png,"[""symmetry_type=4-fold rotation; pattern_status=intact""]","[""whole pattern""]",{},4-fold rotation,intact
symmetry_pattern_1369_open_q1,symmetry_pattern_1369.png,"[""symmetry_type=6-fold rotation; pattern_status=broken""]","[""whole pattern""]",{},6-fold rotation,broken
symmetry_pattern_1370_open_q1,symmetry_pattern_1370.png,"[""symmetry_type=horizontal mirror; pattern_status=intact""]","[""whole pattern""]",{},horizontal mirror,intact
symmetry_pattern_1371_open_q1,symmetry_pattern_1371.png,"[""symmetry_type=vertical mirror; pattern_status=broken""]","[""whole pattern""]",{},vertical mirror,broken
symmetry_pattern_1372_open_q1,symmetry_pattern_1372.png,"[""symmetry_type=horizontal and vertical mirrors; pattern_status=intact""]","[""whole pattern""]",{},horizontal and vertical mirrors,intact
symmetry_pattern_1373_open_q1,symmetry_pattern_1373.png,"[""symmetry_type=2-fold rotation; pattern_status=broken""]","[""whole pattern""]",{},2-fold rotation,broken
symmetry_pattern_1374_open_q1,symmetry_pattern_1374.png,"[""symmetry_type=3-fold rotation; pattern_status=intact""]","[""whole pattern""]",{},3-fold rotation,intact
symmetry_pattern_1375_open_q1,symmetry_pattern_1375.png,"[""symmetry_type=4-fold rotation; pattern_status=broken""]","[""whole pattern""]",{},4-fold rotation,broken
symmetry_pattern_1376_open_q1,symmetry_pattern_1376.png,"[""symmetry_type=6-fold rotation; pattern_status=intact""]","[""whole pattern""]",{},6-fold rotation,intact
symmetry_pattern_1377_open_q1,symmetry_pattern_1377.png,"[""symmetry_type=horizontal mirror; pattern_status=broken""]","[""whole pattern""]",{},horizontal mirror,broken
symmetry_pattern_1378_open_q1,symmetry_pattern_1378.png,"[""symmetry_type=vertical mirror; pattern_status=intact""]","[""whole pattern""]",{},vertical mirror,intact
symmetry_pattern_1379_open_q1,symmetry_pattern_1379.png,"[""symmetry_type=horizontal and vertical mirrors; pattern_status=broken""]","[""whole pattern""]",{},horizontal and vertical mirrors,broken
symmetry_pattern_1380_open_q1,symmetry_pattern_1380.png,"[""symmetry_type=2-fold rotation; pattern_status=intact""]","[""whole pattern""]",{},2-fold rotation,intact
symmetry_pattern_1381_open_q1,symmetry_pattern_1381.png,"[""symmetry_type=3-fold rotation; pattern_status=broken""]","[""whole pattern""]",{},3-fold rotation,broken
symmetry_pattern_1382_open_q1,symmetry_pattern_1382.png,"[""symmetry_type=4-fold rotation; pattern_status=intact""]","[""whole pattern""]",{},4-fold rotation,intact
symmetry_pattern_1383_open_q1,symmetry_pattern_1383.png,"[""symmetry_type=6-fold rotation; pattern_status=broken""]","[""whole pattern""]",{},6-fold rotation,broken
symmetry_pattern_1384_open_q1,symmetry_pattern_1384.png,"[""symmetry_type=horizontal mirror; pattern_status=intact""]","[""whole pattern""]",{},horizontal mirror,intact
symmetry_pattern_1385_open_q1,symmetry_pattern_1385.png,"[""symmetry_type=vertical mirror; pattern_status=broken""]","[""whole pattern""]",{},vertical mirror,broken
symmetry_pattern_1386_open_q1,symmetry_pattern_1386.png,"[""symmetry_type=horizontal and vertical mirrors; pattern_status=intact""]","[""whole pattern""]",{},horizontal and vertical mirrors,intact
symmetry_pattern_1387_open_q1,symmetry_pattern_1387.png,"[""symmetry_type=2-fold rotation; pattern_status=broken""]","[""whole pattern""]",{},2-fold rotation,broken
symmetry_pattern_1388_open_q1,symmetry_pattern_1388.png,"[""symmetry_type=3-fold rotation; pattern_status=intact""]","[""whole pattern""]",{},3-fold rotation,intact
symmetry_pattern_1389_open_q1,symmetry_pattern_1389.png,"[""symmetry_type=4-fold rotation; pattern_status=broken""]","[""whole pattern""]",{},4-fold rotation,broken
symmetry_pattern_1390_open_q1,symmetry_pattern_1390.png,"[""symmetry_type=6-fold rotation; pattern_status=intact""]","[""whole pattern""]",{},6-fold rotation,intact
symmetry_pattern_1391_open_q1,symmetry_pattern_1391.png,"[""symmetry_type=horizontal mirror; pattern_status=broken""]","[""whole pattern""]",{},horizontal mirror,broken
symmetry_pattern_1392_open_q1,symmetry_pattern_1392.png,"[""symmetry_type=vertical mirror; pattern_status=intact""]","[""whole pattern""]",{},vertical mirror,intact
symmetry_pattern_1393_open_q1,symmetry_pattern_1393.png,"[""symmetry_type=horizontal and vertical mirrors; pattern_status=broken""]","[""whole pattern""]",{},horizontal and vertical mirrors,broken
symmetry_pattern_1394_open_q1,symmetry_pattern_1394.png,"[""symmetry_type=2-fold rotation; pattern_status=intact""]","[""whole pattern""]",{},2-fold rotation,intact
symmetry_pattern_1395_open_q1,symmetry_pattern_1395.png,"[""symmetry_type=3-fold rotation; pattern_status=broken""]","[""whole pattern""]",{},3-fold rotation,broken
symmetry_pattern_1396_open_q1,symmetry_pattern_1396.png,"[""symmetry_type=4-fold rotation; pattern_status=intact""]","[""whole pattern""]",{},4-fold rotation,intact
symmetry_pattern_1397_open_q1,symmetry_pattern_1397.png,"[""symmetry_type=6-fold rotation; pattern_status=broken""]","[""whole pattern""]",{},6-fold rotation,broken
symmetry_pattern_1398_open_q1,symmetry_pattern_1398.png,"[""symmetry_type=horizontal mirror; pattern_status=intact""]","[""whole pattern""]",{},horizontal mirror,intact
symmetry_pattern_1399_open_q1,symmetry_pattern_1399.png,"[""symmetry_type=vertical mirror; pattern_status=broken""]","[""whole pattern""]",{},vertical mirror,broken
symmetry_pattern_1400_open_q1,symmetry_pattern_1400.png,"[""symmetry_type=horizontal and vertical mirrors; pattern_status=intact""]","[""whole pattern""]",{},horizontal and vertical mirrors,intact
symmetry_pattern_1401_open_q1,symmetry_pattern_1401.png,"[""symmetry_type=2-fold rotation; pattern_status=broken""]","[""whole pattern""]",{},2-fold rotation,broken
symmetry_pattern_1402_open_q1,symmetry_pattern_1402.png,"[""symmetry_type=3-fold rotation; pattern_status=intact""]","[""whole pattern""]",{},3-fold rotation,intact
symmetry_pattern_1403_open_q1,symmetry_pattern_1403.png,"[""symmetry_type=4-fold rotation; pattern_status=broken""]","[""whole pattern""]",{},4-fold rotation,broken
symmetry_pattern_1404_open_q1,symmetry_pattern_1404.png,"[""symmetry_type=6-fold rotation; pattern_status=intact""]","[""whole pattern""]",{},6-fold rotation,intact
symmetry_pattern_1405_open_q1,symmetry_pattern_1405.png,"[""symmetry_type=horizontal mirror; pattern_status=broken""]","[""whole pattern""]",{},horizontal mirror,broken
symmetry_pattern_1406_open_q1,symmetry_pattern_1406.png,"[""symmetry_type=vertical mirror; pattern_status=intact""]","[""whole pattern""]",{},vertical mirror,intact
symmetry_pattern_1407_open_q1,symmetry_pattern_1407.png,"[""symmetry_type=horizontal and vertical mirrors; pattern_status=broken""]","[""whole pattern""]",{},horizontal and vertical mirrors,broken
symmetry_pattern_1408_open_q1,symmetry_pattern_1408.png,"[""symmetry_type=2-fold rotation; pattern_status=intact""]","[""whole pattern""]",{},2-fold rotation,intact
symmetry_pattern_1409_open_q1,symmetry_pattern_1409.png,"[""symmetry_type=3-fold rotation; pattern_status=broken""]","[""whole pattern""]",{},3-fold rotation,broken
symmetry_pattern_1410_open_q1,symmetry_pattern_1410.png,"[""symmetry_type=4-fold rotation; pattern_status=intact""]","[""whole pattern""]",{},4-fold rotation,intact
symmetry_pattern_1411_open_q1,symmetry_pattern_1411.png,"[""symmetry_type=6-fold rotation; pattern_status=broken""]","[""whole pattern""]",{},6-fold rotation,broken
symmetry_pattern_1412_open_q1,symmetry_pattern_1412.png,"[""symmetry_type=horizontal mirror; pattern_status=intact""]","[""whole pattern""]",{},horizontal mirror,intact
symmetry_pattern_1413_open_q1,symmetry_pattern_1413.png,"[""symmetry_type=vertical mirror; pattern_status=broken""]","[""whole pattern""]",{},vertical mirror,broken
symmetry_pattern_1414_open_q1,symmetry_pattern_1414.png,"[""symmetry_type=horizontal and vertical mirrors; pattern_status=intact""]","[""whole pattern""]",{},horizontal and vertical mirrors,intact
symmetry_pattern_1415_open_q1,symmetry_pattern_1415.png,"[""symmetry_type=2-fold rotation; pattern_status=broken""]","[""whole pattern""]",{},2-fold rotation,broken
symmetry_pattern_1416_open_q1,symmetry_pattern_1416.png,"[""symmetry_type=3-fold rotation; pattern_status=intact""]","[""whole pattern""]",{},3-fold rotation,intact
symmetry_pattern_1417_open_q1,symmetry_pattern_1417.png,"[""symmetry_type=4-fold rotation; pattern_status=broken""]","[""whole pattern""]",{},4-fold rotation,broken
symmetry_pattern_1418_open_q1,symmetry_pattern_1418.png,"[""symmetry_type=6-fold rotation; pattern_status=intact""]","[""whole pattern""]",{},6-fold rotation,intact
symmetry_pattern_1419_open_q1,symmetry_pattern_1419.png,"[""symmetry_type=horizontal mirror; pattern_status=broken""]","[""whole pattern""]",{},horizontal mirror,broken
symmetry_pattern_1420_open_q1,symmetry_pattern_1420.png,"[""symmetry_type=vertical mirror; pattern_status=intact""]","[""whole pattern""]",{},vertical mirror,intact
symmetry_pattern_1421_open_q1,symmetry_pattern_1421.png,"[""symmetry_type=horizontal and vertical mirrors; pattern_status=broken""]","[""whole pattern""]",{},horizontal and vertical mirrors,broken
symmetry_pattern_1422_open_q1,symmetry_pattern_1422.png,"[""symmetry_type=2-fold rotation; pattern_status=intact""]","[""whole pattern""]",{},2-fold rotation,intact
symmetry_pattern_1423_open_q1,symmetry_pattern_1423.png,"[""symmetry_type=3-fold rotation; pattern_status=broken""]","[""whole pattern""]",{},3-fold rotation,broken
symmetry_pattern_1424_open_q1,symmetry_pattern_1424.png,"[""symmetry_type=4-fold rotation; pattern_status=intact""]","[""whole pattern""]",{},4-fold rotation,intact
symmetry_pattern_1425_open_q1,symmetry_pattern_1425.png,"[""symmetry_type=6-fold rotation; pattern_status=broken""]","[""whole pattern""]",{},6-fold rotation,broken
symmetry_pattern_1426_open_q1,symmetry_pattern_1426.png,"[""symmetry_type=horizontal mirror; pattern_status=intact""]","[""whole pattern""]",{},horizontal mirror,intact
symmetry_pattern_1427_open_q1,symmetry_pattern_1427.png,"[""symmetry_type=vertical mirror; pattern_status=broken""]","[""whole pattern""]",{},vertical mirror,broken
symmetry_pattern_1428_open_q1,symmetry_pattern_1428.png,"[""symmetry_type=horizontal and vertical mirrors; pattern_status=intact""]","[""whole pattern""]",{},horizontal and vertical mirrors,intact
symmetry_pattern_1429_open_q1,symmetry_pattern_1429.png,"[""symmetry_type=2-fold rotation; pattern_status=broken""]","[""whole pattern""]",{},2-fold rotation,broken
symmetry_pattern_1430_open_q1,symmetry_pattern_1430.png,"[""symmetry_type=3-fold rotation; pattern_status=intact""]","[""whole pattern""]",{},3-fold rotation,intact
symmetry_pattern_1431_open_q1,symmetry_pattern_1431.png,"[""symmetry_type=4-fold rotation; pattern_status=broken""]","[""whole pattern""]",{},4-fold rotation,broken
symmetry_pattern_1432_open_q1,symmetry_pattern_1432.png,"[""symmetry_type=6-fold rotation; pattern_status=intact""]","[""whole pattern""]",{},6-fold rotation,intact
symmetry_pattern_1433_open_q1,symmetry_pattern_1433.png,"[""symmetry_type=horizontal mirror; pattern_status=broken""]","[""whole pattern""]",{},horizontal mirror,broken
symmetry_pattern_1434_open_q1,symmetry_pattern_1434.png,"[""symmetry_type=vertical mirror; pattern_status=intact""]","[""whole pattern""]",{},vertical mirror,intact
symmetry_pattern_1435_open_q1,symmetry_pattern_1435.png,"[""symmetry_type=horizontal and vertical mirrors; pattern_status=broken""]","[""whole pattern""]",{},horizontal and vertical mirrors,broken
symmetry_pattern_1436_open_q1,symmetry_pattern_1436.png,"[""symmetry_type=2-fold rotation; pattern_status=intact""]","[""whole pattern""]",{},2-fold rotation,intact
symmetry_pattern_1437_open_q1,symmetry_pattern_1437.png,"[""symmetry_type=3-fold rotation; pattern_status=broken""]","[""whole pattern""]",{},3-fold rotation,broken
symmetry_pattern_1438_open_q1,symmetry_pattern_1438.png,"[""symmetry_type=4-fold rotation; pattern_status=intact""]","[""whole pattern""]",{},4-fold rotation,intact
symmetry_pattern_1439_open_q1,symmetry_pattern_1439.png,"[""symmetry_type=6-fold rotation; pattern_status=broken""]","[""whole pattern""]",{},6-fold rotation,broken
symmetry_pattern_1440_open_q1,symmetry_pattern_1440.png,"[""symmetry_type=horizontal mirror; pattern_status=intact""]","[""whole pattern""]",{},horizontal mirror,intact
symmetry_pattern_1441_open_q1,symmetry_pattern_1441.png,"[""symmetry_type=vertical mirror; pattern_status=broken""]","[""whole pattern""]",{},vertical mirror,broken
symmetry_pattern_1442_open_q1,symmetry_pattern_1442.png,"[""symmetry_type=horizontal and vertical mirrors; pattern_status=intact""]","[""whole pattern""]",{},horizontal and vertical mirrors,intact
symmetry_pattern_1443_open_q1,symmetry_pattern_1443.png,"[""symmetry_type=2-fold rotation; pattern_status=broken""]","[""whole pattern""]",{},2-fold rotation,broken
symmetry_pattern_1444_open_q1,symmetry_pattern_1444.png,"[""symmetry_type=3-fold rotation; pattern_status=intact""]","[""whole pattern""]",{},3-fold rotation,intact
symmetry_pattern_1445_open_q1,symmetry_pattern_1445.png,"[""symmetry_type=4-fold rotation; pattern_status=broken""]","[""whole pattern""]",{},4-fold rotation,broken
symmetry_pattern_1446_open_q1,symmetry_pattern_1446.png,"[""symmetry_type=6-fold rotation; pattern_status=intact""]","[""whole pattern""]",{},6-fold rotation,intact
symmetry_pattern_1447_open_q1,symmetry_pattern_1447.png,"[""symmetry_type=horizontal mirror; pattern_status=broken""]","[""whole pattern""]",{},horizontal mirror,broken
symmetry_pattern_1448_open_q1,symmetry_pattern_1448.png,"[""symmetry_type=vertical mirror; pattern_status=intact""]","[""whole pattern""]",{},vertical mirror,intact
symmetry_pattern_1449_open_q1,symmetry_pattern_1449.png,"[""symmetry_type=horizontal and vertical mirrors; pattern_status=broken""]","[""whole pattern""]",{},horizontal and vertical mirrors,broken
symmetry_pattern_1450_open_q1,symmetry_pattern_1450.png,"[""symmetry_type=2-fold rotation; pattern_status=intact""]","[""whole pattern""]",{},2-fold rotation,intact
symmetry_pattern_1451_open_q1,symmetry_pattern_1451.png,"[""symmetry_type=3-fold rotation; pattern_status=broken""]","[""whole pattern""]",{},3-fold rotation,broken
symmetry_pattern_1452_open_q1,symmetry_pattern_1452.png,"[""symmetry_type=4-fold rotation; pattern_status=intact""]","[""whole pattern""]",{},4-fold rotation,intact
symmetry_pattern_1453_open_q1,symmetry_pattern_1453.png,"[""symmetry_type=6-fold rotation; pattern_status=broken""]","[""whole pattern""]",{},6-fold rotation,broken
symmetry_pattern_1454_open_q1,symmetry_pattern_1454.png,"[""symmetry_type=horizontal mirror; pattern_status=intact""]","[""whole pattern""]",{},horizontal mirror,intact
symmetry_pattern_1455_open_q1,symmetry_pattern_1455.png,"[""symmetry_type=vertical mirror; pattern_status=broken""]","[""whole pattern""]",{},vertical mirror,broken
symmetry_pattern_1456_open_q1,symmetry_pattern_1456.png,"[""symmetry_type=horizontal and vertical mirrors; pattern_status=intact""]","[""whole pattern""]",{},horizontal and vertical mirrors,intact
symmetry_pattern_1457_open_q1,symmetry_pattern_1457.png,"[""symmetry_type=2-fold rotation; pattern_status=broken""]","[""whole pattern""]",{},2-fold rotation,broken
symmetry_pattern_1458_open_q1,symmetry_pattern_1458.png,"[""symmetry_type=3-fold rotation; pattern_status=intact""]","[""whole pattern""]",{},3-fold rotation,intact
symmetry_pattern_1459_open_q1,symmetry_pattern_1459.png,"[""symmetry_type=4-fold rotation; pattern_status=broken""]","[""whole pattern""]",{},4-fold rotation,broken
symmetry_pattern_1460_open_q1,symmetry_pattern_1460.png,"[""symmetry_type=6-fold rotation; pattern_status=intact""]","[""whole pattern""]",{},6-fold rotation,intact
symmetry_pattern_1461_open_q1,symmetry_pattern_1461.png,"[""symmetry_type=horizontal mirror; pattern_status=broken""]","[""whole pattern""]",{},horizontal mirror,broken
symmetry_pattern_1462_open_q1,symmetry_pattern_1462.png,"[""symmetry_type=vertical mirror; pattern_status=intact""]","[""whole pattern""]",{},vertical mirror,intact
symmetry_pattern_1463_open_q1,symmetry_pattern_1463.png,"[""symmetry_type=horizontal and vertical mirrors; pattern_status=broken""]","[""whole pattern""]",{},horizontal and vertical mirrors,broken
symmetry_pattern_1464_open_q1,symmetry_pattern_1464.png,"[""symmetry_type=2-fold rotation; pattern_status=intact""]","[""whole pattern""]",{},2-fold rotation,intact
symmetry_pattern_1465_open_q1,symmetry_pattern_1465.png,"[""symmetry_type=3-fold rotation; pattern_status=broken""]","[""whole pattern""]",{},3-fold rotation,broken
symmetry_pattern_1466_open_q1,symmetry_pattern_1466.png,"[""symmetry_type=4-fold rotation; pattern_status=intact""]","[""whole pattern""]",{},4-fold rotation,intact
symmetry_pattern_1467_open_q1,symmetry_pattern_1467.png,"[""symmetry_type=6-fold rotation; pattern_status=broken""]","[""whole pattern""]",{},6-fold rotation,broken
symmetry_pattern_1468_open_q1,symmetry_pattern_1468.png,"[""symmetry_type=horizontal mirror; pattern_status=intact""]","[""whole pattern""]",{},horizontal mirror,intact
symmetry_pattern_1469_open_q1,symmetry_pattern_1469.png,"[""symmetry_type=vertical mirror; pattern_status=broken""]","[""whole pattern""]",{},vertical mirror,broken
symmetry_pattern_1470_open_q1,symmetry_pattern_1470.png,"[""symmetry_type=horizontal and vertical mirrors; pattern_status=intact""]","[""whole pattern""]",{},horizontal and vertical mirrors,intact
symmetry_pattern_1471_open_q1,symmetry_pattern_1471.png,"[""symmetry_type=2-fold rotation; pattern_status=broken""]","[""whole pattern""]",{},2-fold rotation,broken
symmetry_pattern_1472_open_q1,symmetry_pattern_1472.png,"[""symmetry_type=3-fold rotation; pattern_status=intact""]","[""whole pattern""]",{},3-fold rotation,intact
symmetry_pattern_1473_open_q1,symmetry_pattern_1473.png,"[""symmetry_type=4-fold rotation; pattern_status=broken""]","[""whole pattern""]",{},4-fold rotation,broken
symmetry_pattern_1474_open_q1,symmetry_pattern_1474.png,"[""symmetry_type=6-fold rotation; pattern_status=intact""]","[""whole pattern""]",{},6-fold rotation,intact
symmetry_pattern_1475_open_q1,symmetry_pattern_1475.png,"[""symmetry_type=horizontal mirror; pattern_status=broken""]","[""whole pattern""]",{},horizontal mirror,broken
symmetry_pattern_1476_open_q1,symmetry_pattern_1476.png,"[""symmetry_type=vertical mirror; pattern_status=intact""]","[""whole pattern""]",{},vertical mirror,intact
symmetry_pattern_1477_open_q1,symmetry_pattern_1477.png,"[""symmetry_type=horizontal and vertical mirrors; pattern_status=broken""]","[""whole pattern""]",{},horizontal and vertical mirrors,broken
symmetry_pattern_1478_open_q1,symmetry_pattern_1478.png,"[""symmetry_type=2-fold rotation; pattern_status=intact""]","[""whole pattern""]",{},2-fold rotation,intact
symmetry_pattern_1479_open_q1,symmetry_pattern_1479.png,"[""symmetry_type=3-fold rotation; pattern_status=broken""]","[""whole pattern""]",{},3-fold rotation,broken
symmetry_pattern_1480_open_q1,symmetry_pattern_1480.png,"[""symmetry_type=4-fold rotation; pattern_status=intact""]","[""whole pattern""]",{},4-fold rotation,intact
symmetry_pattern_1481_open_q1,symmetry_pattern_1481.png,"[""symmetry_type=6-fold rotation; pattern_status=broken""]","[""whole pattern""]",{},6-fold rotation,broken
symmetry_pattern_1482_open_q1,symmetry_pattern_1482.png,"[""symmetry_type=horizontal mirror; pattern_status=intact""]","[""whole pattern""]",{},horizontal mirror,intact
symmetry_pattern_1483_open_q1,symmetry_pattern_1483.png,"[""symmetry_type=vertical mirror; pattern_status=broken""]","[""whole pattern""]",{},vertical mirror,broken
symmetry_pattern_1484_open_q1,symmetry_pattern_1484.png,"[""symmetry_type=horizontal and vertical mirrors; pattern_status=intact""]","[""whole pattern""]",{},horizontal and vertical mirrors,intact
symmetry_pattern_1485_open_q1,symmetry_pattern_1485.png,"[""symmetry_type=2-fold rotation; pattern_status=broken""]","[""whole pattern""]",{},2-fold rotation,broken
symmetry_pattern_1486_open_q1,symmetry_pattern_1486.png,"[""symmetry_type=3-fold rotation; pattern_status=intact""]","[""whole pattern""]",{},3-fold rotation,intact
symmetry_pattern_1487_open_q1,symmetry_pattern_1487.png,"[""symmetry_type=4-fold rotation; pattern_status=broken""]","[""whole pattern""]",{},4-fold rotation,broken
symmetry_pattern_1488_open_q1,symmetry_pattern_1488.png,"[""symmetry_type=6-fold rotation; pattern_status=intact""]","[""whole pattern""]",{},6-fold rotation,intact
symmetry_pattern_1489_open_q1,symmetry_pattern_1489.png,"[""symmetry_type=horizontal mirror; pattern_status=broken""]","[""whole pattern""]",{},horizontal mirror,broken
symmetry_pattern_1490_open_q1,symmetry_pattern_1490.png,"[""symmetry_type=vertical mirror; pattern_status=intact""]","[""whole pattern""]",{},vertical mirror,intact
symmetry_pattern_1491_open_q1,symmetry_pattern_1491.png,"[""symmetry_type=horizontal and vertical mirrors; pattern_status=broken""]","[""whole pattern""]",{},horizontal and vertical mirrors,broken
symmetry_pattern_1492_open_q1,symmetry_pattern_1492.png,"[""symmetry_type=2-fold rotation; pattern_status=intact""]","[""whole pattern""]",{},2-fold rotation,intact
symmetry_pattern_1493_open_q1,symmetry_pattern_1493.png,"[""symmetry_type=3-fold rotation; pattern_status=broken""]","[""whole pattern""]",{},3-fold rotation,broken
symmetry_pattern_1494_open_q1,symmetry_pattern_1494.png,"[""symmetry_type=4-fold rotation; pattern_status=intact""]","[""whole pattern""]",{},4-fold rotation,intact
symmetry_pattern_1495_open_q1,symmetry_pattern_1495.png,"[""symmetry_type=6-fold rotation; pattern_status=broken""]","[""whole pattern""]",{},6-fold rotation,broken
symmetry_pattern_1496_open_q1,symmetry_pattern_1496.png,"[""symmetry_type=horizontal mirror; pattern_status=intact""]","[""whole pattern""]",{},horizontal mirror,intact
symmetry_pattern_1497_open_q1,symmetry_pattern_1497.png,"[""symmetry_type=vertical mirror; pattern_status=broken""]","[""whole pattern""]",{},vertical mirror,broken
symmetry_pattern_1498_open_q1,symmetry_pattern_1498.png,"[""symmetry_type=horizontal and vertical mirrors; pattern_status=intact""]","[""whole pattern""]",{},horizontal and vertical mirrors,intact
symmetry_pattern_1499_open_q1,symmetry_pattern_1499.png,"[""symmetry_type=2-fold rotation; pattern_status=broken""]","[""whole pattern""]",{},2-fold rotation,broken
symmetry_pattern_1500_open_q1,symmetry_pattern_1500.png,"[""symmetry_type=3-fold rotation; pattern_status=intact""]","[""whole pattern""]",{},3-fold rotation,intact
symmetry_pattern_1501_open_q1,symmetry_pattern_1501.png,"[""symmetry_type=4-fold rotation; pattern_status=broken""]","[""whole pattern""]",{},4-fold rotation,broken
symmetry_pattern_1502_open_q1,symmetry_pattern_1502.png,"[""symmetry_type=6-fold rotation; pattern_status=intact""]","[""whole pattern""]",{},6-fold rotation,intact
symmetry_pattern_1503_open_q1,symmetry_pattern_1503.png,"[""symmetry_type=horizontal mirror; pattern_status=broken""]","[""whole pattern""]",{},horizontal mirror,broken
symmetry_pattern_1504_open_q1,symmetry_pattern_1504.png,"[""symmetry_type=vertical mirror; pattern_status=intact""]","[""whole pattern""]",{},vertical mirror,intact
symmetry_pattern_1505_open_q1,symmetry_pattern_1505.png,"[""symmetry_type=horizontal and vertical mirrors; pattern_status=broken""]","[""whole pattern""]",{},horizontal and vertical mirrors,broken
symmetry_pattern_1506_open_q1,symmetry_pattern_1506.png,"[""symmetry_type=2-fold rotation; pattern_status=intact""]","[""whole pattern""]",{},2-fold rotation,intact
symmetry_pattern_1507_open_q1,symmetry_pattern_1507.png,"[""symmetry_type=3-fold rotation; pattern_status=broken""]","[""whole pattern""]",{},3-fold rotation,broken
symmetry_pattern_1508_open_q1,symmetry_pattern_1508.png,"[""symmetry_type=4-fold rotation; pattern_status=intact""]","[""whole pattern""]",{},4-fold rotation,intact
symmetry_pattern_1509_open_q1,symmetry_pattern_1509.png,"[""symmetry_type=6-fold rotation; pattern_status=broken""]","[""whole pattern""]",{},6-fold rotation,broken
symmetry_pattern_1510_open_q1,symmetry_pattern_1510.png,"[""symmetry_type=horizontal mirror; pattern_status=intact""]","[""whole pattern""]",{},horizontal mirror,intact
symmetry_pattern_1511_open_q1,symmetry_pattern_1511.png,"[""symmetry_type=vertical mirror; pattern_status=broken""]","[""whole pattern""]",{},vertical mirror,broken
symmetry_pattern_1512_open_q1,symmetry_pattern_1512.png,"[""symmetry_type=horizontal and vertical mirrors; pattern_status=intact""]","[""whole pattern""]",{},horizontal and vertical mirrors,intact
symmetry_pattern_1513_open_q1,symmetry_pattern_1513.png,"[""symmetry_type=2-fold rotation; pattern_status=broken""]","[""whole pattern""]",{},2-fold rotation,broken
symmetry_pattern_1514_open_q1,symmetry_pattern_1514.png,"[""symmetry_type=3-fold rotation; pattern_status=intact""]","[""whole pattern""]",{},3-fold rotation,intact
symmetry_pattern_1515_open_q1,symmetry_pattern_1515.png,"[""symmetry_type=4-fold rotation; pattern_status=broken""]","[""whole pattern""]",{},4-fold rotation,broken
symmetry_pattern_1516_open_q1,symmetry_pattern_1516.png,"[""symmetry_type=6-fold rotation; pattern_status=intact""]","[""whole pattern""]",{},6-fold rotation,intact
symmetry_pattern_1517_open_q1,symmetry_pattern_1517.png,"[""symmetry_type=horizontal mirror; pattern_status=broken""]","[""whole pattern""]",{},horizontal mirror,broken
symmetry_pattern_1518_open_q1,symmetry_pattern_1518.png,"[""symmetry_type=vertical mirror; pattern_status=intact""]","[""whole pattern""]",{},vertical mirror,intact
symmetry_pattern_1519_open_q1,symmetry_pattern_1519.png,"[""symmetry_type=horizontal and vertical mirrors; pattern_status=broken""]","[""whole pattern""]",{},horizontal and vertical mirrors,broken
symmetry_pattern_1520_open_q1,symmetry_pattern_1520.png,"[""symmetry_type=2-fold rotation; pattern_status=intact""]","[""whole pattern""]",{},2-fold rotation,intact
symmetry_pattern_1521_open_q1,symmetry_pattern_1521.png,"[""symmetry_type=3-fold rotation; pattern_status=broken""]","[""whole pattern""]",{},3-fold rotation,broken
symmetry_pattern_1522_open_q1,symmetry_pattern_1522.png,"[""symmetry_type=4-fold rotation; pattern_status=intact""]","[""whole pattern""]",{},4-fold rotation,intact
symmetry_pattern_1523_open_q1,symmetry_pattern_1523.png,"[""symmetry_type=6-fold rotation; pattern_status=broken""]","[""whole pattern""]",{},6-fold rotation,broken
symmetry_pattern_1524_open_q1,symmetry_pattern_1524.png,"[""symmetry_type=horizontal mirror; pattern_status=intact""]","[""whole pattern""]",{},horizontal mirror,intact
symmetry_pattern_1525_open_q1,symmetry_pattern_1525.png,"[""symmetry_type=vertical mirror; pattern_status=broken""]","[""whole pattern""]",{},vertical mirror,broken
symmetry_pattern_1526_open_q1,symmetry_pattern_1526.png,"[""symmetry_type=horizontal and vertical mirrors; pattern_status=intact""]","[""whole pattern""]",{},horizontal and vertical mirrors,intact
symmetry_pattern_1527_open_q1,symmetry_pattern_1527.png,"[""symmetry_type=2-fold rotation; pattern_status=broken""]","[""whole pattern""]",{},2-fold rotation,broken
symmetry_pattern_1528_open_q1,symmetry_pattern_1528.png,"[""symmetry_type=3-fold rotation; pattern_status=intact""]","[""whole pattern""]",{},3-fold rotation,intact
symmetry_pattern_1529_open_q1,symmetry_pattern_1529.png,"[""symmetry_type=4-fold rotation; pattern_status=broken""]","[""whole pattern""]",{},4-fold rotation,broken
symmetry_pattern_1530_open_q1,symmetry_pattern_1530.png,"[""symmetry_type=6-fold rotation; pattern_status=intact""]","[""whole pattern""]",{},6-fold rotation,intact
symmetry_pattern_1531_open_q1,symmetry_pattern_1531.png,"[""symmetry_type=horizontal mirror; pattern_status=broken""]","[""whole pattern""]",{},horizontal mirror,broken
symmetry_pattern_1532_open_q1,symmetry_pattern_1532.png,"[""symmetry_type=vertical mirror; pattern_status=intact""]","[""whole pattern""]",{},vertical mirror,intact
symmetry_pattern_1533_open_q1,symmetry_pattern_1533.png,"[""symmetry_type=horizontal and vertical mirrors; pattern_status=broken""]","[""whole pattern""]",{},horizontal and vertical mirrors,broken
symmetry_pattern_1534_open_q1,symmetry_pattern_1534.png,"[""symmetry_type=2-fold rotation; pattern_status=intact""]","[""whole pattern""]",{},2-fold rotation,intact
symmetry_pattern_1535_open_q1,symmetry_pattern_1535.png,"[""symmetry_type=3-fold rotation; pattern_status=broken""]","[""whole pattern""]",{},3-fold rotation,broken
symmetry_pattern_1536_open_q1,symmetry_pattern_1536.png,"[""symmetry_type=4-fold rotation; pattern_status=intact""]","[""whole pattern""]",{},4-fold rotation,intact
symmetry_pattern_1537_open_q1,symmetry_pattern_1537.png,"[""symmetry_type=6-fold rotation; pattern_status=broken""]","[""whole pattern""]",{},6-fold rotation,broken
symmetry_pattern_1538_open_q1,symmetry_pattern_1538.png,"[""symmetry_type=horizontal mirror; pattern_status=intact""]","[""whole pattern""]",{},horizontal mirror,intact
symmetry_pattern_1539_open_q1,symmetry_pattern_1539.png,"[""symmetry_type=vertical mirror; pattern_status=broken""]","[""whole pattern""]",{},vertical mirror,broken
symmetry_pattern_1540_open_q1,symmetry_pattern_1540.png,"[""symmetry_type=horizontal and vertical mirrors; pattern_status=intact""]","[""whole pattern""]",{},horizontal and vertical mirrors,intact
symmetry_pattern_1541_open_q1,symmetry_pattern_1541.png,"[""symmetry_type=2-fold rotation; pattern_status=broken""]","[""whole pattern""]",{},2-fold rotation,broken
symmetry_pattern_1542_open_q1,symmetry_pattern_1542.png,"[""symmetry_type=3-fold rotation; pattern_status=intact""]","[""whole pattern""]",{},3-fold rotation,intact
symmetry_pattern_1543_open_q1,symmetry_pattern_1543.png,"[""symmetry_type=4-fold rotation; pattern_status=broken""]","[""whole pattern""]",{},4-fold rotation,broken
symmetry_pattern_1544_open_q1,symmetry_pattern_1544.png,"[""symmetry_type=6-fold rotation; pattern_status=intact""]","[""whole pattern""]",{},6-fold rotation,intact
symmetry_pattern_1545_open_q1,symmetry_pattern_1545.png,"[""symmetry_type=horizontal mirror; pattern_status=broken""]","[""whole pattern""]",{},horizontal mirror,broken
symmetry_pattern_1546_open_q1,symmetry_pattern_1546.png,"[""symmetry_type=vertical mirror; pattern_status=intact""]","[""whole pattern""]",{},vertical mirror,intact
symmetry_pattern_1547_open_q1,symmetry_pattern_1547.png,"[""symmetry_type=horizontal and vertical mirrors; pattern_status=broken""]","[""whole pattern""]",{},horizontal and vertical mirrors,broken
symmetry_pattern_1548_open_q1,symmetry_pattern_1548.png,"[""symmetry_type=2-fold rotation; pattern_status=intact""]","[""whole pattern""]",{},2-fold rotation,intact
symmetry_pattern_1549_open_q1,symmetry_pattern_1549.png,"[""symmetry_type=3-fold rotation; pattern_status=broken""]","[""whole pattern""]",{},3-fold rotation,broken
symmetry_pattern_1550_open_q1,symmetry_pattern_1550.png,"[""symmetry_type=4-fold rotation; pattern_status=intact""]","[""whole pattern""]",{},4-fold rotation,intact
symmetry_pattern_1551_open_q1,symmetry_pattern_1551.png,"[""symmetry_type=6-fold rotation; pattern_status=broken""]","[""whole pattern""]",{},6-fold rotation,broken
symmetry_pattern_1552_open_q1,symmetry_pattern_1552.png,"[""symmetry_type=horizontal mirror; pattern_status=intact""]","[""whole pattern""]",{},horizontal mirror,intact
symmetry_pattern_1553_open_q1,symmetry_pattern_1553.png,"[""symmetry_type=vertical mirror; pattern_status=broken""]","[""whole pattern""]",{},vertical mirror,broken
symmetry_pattern_1554_open_q1,symmetry_pattern_1554.png,"[""symmetry_type=horizontal and vertical mirrors; pattern_status=intact""]","[""whole pattern""]",{},horizontal and vertical mirrors,intact
symmetry_pattern_1555_open_q1,symmetry_pattern_1555.png,"[""symmetry_type=2-fold rotation; pattern_status=broken""]","[""whole pattern""]",{},2-fold rotation,broken
symmetry_pattern_1556_open_q1,symmetry_pattern_1556.png,"[""symmetry_type=3-fold rotation; pattern_status=intact""]","[""whole pattern""]",{},3-fold rotation,intact
symmetry_pattern_1557_open_q1,symmetry_pattern_1557.png,"[""symmetry_type=4-fold rotation; pattern_status=broken""]","[""whole pattern""]",{},4-fold rotation,broken
symmetry_pattern_1558_open_q1,symmetry_pattern_1558.png,"[""symmetry_type=6-fold rotation; pattern_status=intact""]","[""whole pattern""]",{},6-fold rotation,intact
symmetry_pattern_1559_open_q1,symmetry_pattern_1559.png,"[""symmetry_type=horizontal mirror; pattern_status=broken""]","[""whole pattern""]",{},horizontal mirror,broken
symmetry_pattern_1560_open_q1,symmetry_pattern_1560.png,"[""symmetry_type=vertical mirror; pattern_status=intact""]","[""whole pattern""]",{},vertical mirror,intact
symmetry_pattern_1561_open_q1,symmetry_pattern_1561.png,"[""symmetry_type=horizontal and vertical mirrors; pattern_status=broken""]","[""whole pattern""]",{},horizontal and vertical mirrors,broken
symmetry_pattern_1562_open_q1,symmetry_pattern_1562.png,"[""symmetry_type=2-fold rotation; pattern_status=intact""]","[""whole pattern""]",{},2-fold rotation,intact
symmetry_pattern_1563_open_q1,symmetry_pattern_1563.png,"[""symmetry_type=3-fold rotation; pattern_status=broken""]","[""whole pattern""]",{},3-fold rotation,broken
symmetry_pattern_1564_open_q1,symmetry_pattern_1564.png,"[""symmetry_type=4-fold rotation; pattern_status=intact""]","[""whole pattern""]",{},4-fold rotation,intact
symmetry_pattern_1565_open_q1,symmetry_pattern_1565.png,"[""symmetry_type=6-fold rotation; pattern_status=broken""]","[""whole pattern""]",{},6-fold rotation,broken
symmetry_pattern_1566_open_q1,symmetry_pattern_1566.png,"[""symmetry_type=horizontal mirror; pattern_status=intact""]","[""whole pattern""]",{},horizontal mirror,intact
symmetry_pattern_1567_open_q1,symmetry_pattern_1567.png,"[""symmetry_type=vertical mirror; pattern_status=broken""]","[""whole pattern""]",{},vertical mirror,broken
symmetry_pattern_1568_open_q1,symmetry_pattern_1568.png,"[""symmetry_type=horizontal and vertical mirrors; pattern_status=intact""]","[""whole pattern""]",{},horizontal and vertical mirrors,intact
symmetry_pattern_1569_open_q1,symmetry_pattern_1569.png,"[""symmetry_type=2-fold rotation; pattern_status=broken""]","[""whole pattern""]",{},2-fold rotation,broken
symmetry_pattern_1570_open_q1,symmetry_pattern_1570.png,"[""symmetry_type=3-fold rotation; pattern_status=intact""]","[""whole pattern""]",{},3-fold rotation,intact
symmetry_pattern_1571_open_q1,symmetry_pattern_1571.png,"[""symmetry_type=4-fold rotation; pattern_status=broken""]","[""whole pattern""]",{},4-fold rotation,broken
symmetry_pattern_1572_open_q1,symmetry_pattern_1572.png,"[""symmetry_type=6-fold rotation; pattern_status=intact""]","[""whole pattern""]",{},6-fold rotation,intact
symmetry_pattern_1573_open_q1,symmetry_pattern_1573.png,"[""symmetry_type=horizontal mirror; pattern_status=broken""]","[""whole pattern""]",{},horizontal mirror,broken
symmetry_pattern_1574_open_q1,symmetry_pattern_1574.png,"[""symmetry_type=vertical mirror; pattern_status=intact""]","[""whole pattern""]",{},vertical mirror,intact
symmetry_pattern_1575_open_q1,symmetry_pattern_1575.png,"[""symmetry_type=horizontal and vertical mirrors; pattern_status=broken""]","[""whole pattern""]",{},horizontal and vertical mirrors,broken
symmetry_pattern_1576_open_q1,symmetry_pattern_1576.png,"[""symmetry_type=2-fold rotation; pattern_status=intact""]","[""whole pattern""]",{},2-fold rotation,intact
symmetry_pattern_1577_open_q1,symmetry_pattern_1577.png,"[""symmetry_type=3-fold rotation; pattern_status=broken""]","[""whole pattern""]",{},3-fold rotation,broken
symmetry_pattern_1578_open_q1,symmetry_pattern_1578.png,"[""symmetry_type=4-fold rotation; pattern_status=intact""]","[""whole pattern""]",{},4-fold rotation,intact
symmetry_pattern_1579_open_q1,symmetry_pattern_1579.png,"[""symmetry_type=6-fold rotation; pattern_status=broken""]","[""whole pattern""]",{},6-fold rotation,broken
symmetry_pattern_1580_open_q1,symmetry_pattern_1580.png,"[""symmetry_type=horizontal mirror; pattern_status=intact""]","[""whole pattern""]",{},horizontal mirror,intact
symmetry_pattern_1581_open_q1,symmetry_pattern_1581.png,"[""symmetry_type=vertical mirror; pattern_status=broken""]","[""whole pattern""]",{},vertical mirror,broken
symmetry_pattern_1582_open_q1,symmetry_pattern_1582.png,"[""symmetry_type=horizontal and vertical mirrors; pattern_status=intact""]","[""whole pattern""]",{},horizontal and vertical mirrors,intact
symmetry_pattern_1583_open_q1,symmetry_pattern_1583.png,"[""symmetry_type=2-fold rotation; pattern_status=broken""]","[""whole pattern""]",{},2-fold rotation,broken
symmetry_pattern_1584_open_q1,symmetry_pattern_1584.png,"[""symmetry_type=3-fold rotation; pattern_status=intact""]","[""whole pattern""]",{},3-fold rotation,intact
symmetry_pattern_1585_open_q1,symmetry_pattern_1585.png,"[""symmetry_type=4-fold rotation; pattern_status=broken""]","[""whole pattern""]",{},4-fold rotation,broken
symmetry_pattern_1586_open_q1,symmetry_pattern_1586.png,"[""symmetry_type=6-fold rotation; pattern_status=intact""]","[""whole pattern""]",{},6-fold rotation,intact
symmetry_pattern_1587_open_q1,symmetry_pattern_1587.png,"[""symmetry_type=horizontal mirror; pattern_status=broken""]","[""whole pattern""]",{},horizontal mirror,broken
symmetry_pattern_1588_open_q1,symmetry_pattern_1588.png,"[""symmetry_type=vertical mirror; pattern_status=intact""]","[""whole pattern""]",{},vertical mirror,intact
symmetry_pattern_1589_open_q1,symmetry_pattern_1589.png,"[""symmetry_type=horizontal and vertical mirrors; pattern_status=broken""]","[""whole pattern""]",{},horizontal and vertical mirrors,broken
symmetry_pattern_1590_open_q1,symmetry_pattern_1590.png,"[""symmetry_type=2-fold rotation; pattern_status=intact""]","[""whole pattern""]",{},2-fold rotation,intact
symmetry_pattern_1591_open_q1,symmetry_pattern_1591.png,"[""symmetry_type=3-fold rotation; pattern_status=broken""]","[""whole pattern""]",{},3-fold rotation,broken
symmetry_pattern_1592_open_q1,symmetry_pattern_1592.png,"[""symmetry_type=4-fold rotation; pattern_status=intact""]","[""whole pattern""]",{},4-fold rotation,intact
symmetry_pattern_1593_open_q1,symmetry_pattern_1593.png,"[""symmetry_type=6-fold rotation; pattern_status=broken""]","[""whole pattern""]",{},6-fold rotation,broken
symmetry_pattern_1594_open_q1,symmetry_pattern_1594.png,"[""symmetry_type=horizontal mirror; pattern_status=intact""]","[""whole pattern""]",{},horizontal mirror,intact
symmetry_pattern_1595_open_q1,symmetry_pattern_1595.png,"[""symmetry_type=vertical mirror; pattern_status=broken""]","[""whole pattern""]",{},vertical mirror,broken
symmetry_pattern_1596_open_q1,symmetry_pattern_1596.png,"[""symmetry_type=horizontal and vertical mirrors; pattern_status=intact""]","[""whole pattern""]",{},horizontal and vertical mirrors,intact
symmetry_pattern_1597_open_q1,symmetry_pattern_1597.png,"[""symmetry_type=2-fold rotation; pattern_status=broken""]","[""whole pattern""]",{},2-fold rotation,broken
symmetry_pattern_1598_open_q1,symmetry_pattern_1598.png,"[""symmetry_type=3-fold rotation; pattern_status=intact""]","[""whole pattern""]",{},3-fold rotation,intact
symmetry_pattern_1599_open_q1,symmetry_pattern_1599.png,"[""symmetry_type=4-fold rotation; pattern_status=broken""]","[""whole pattern""]",{},4-fold rotation,broken
symmetry_pattern_1600_open_q1,symmetry_pattern_1600.png,"[""symmetry_type=6-fold rotation; pattern_status=intact""]","[""whole pattern""]",{},6-fold rotation,intact
symmetry_pattern_1601_open_q1,symmetry_pattern_1601.png,"[""symmetry_type=horizontal mirror; pattern_status=broken""]","[""whole pattern""]",{},horizontal mirror,broken
symmetry_pattern_1602_open_q1,symmetry_pattern_1602.png,"[""symmetry_type=vertical mirror; pattern_status=intact""]","[""whole pattern""]",{},vertical mirror,intact
symmetry_pattern_1603_open_q1,symmetry_pattern_1603.png,"[""symmetry_type=horizontal and vertical mirrors; pattern_status=broken""]","[""whole pattern""]",{},horizontal and vertical mirrors,broken
symmetry_pattern_1604_open_q1,symmetry_pattern_1604.png,"[""symmetry_type=2-fold rotation; pattern_status=intact""]","[""whole pattern""]",{},2-fold rotation,intact
symmetry_pattern_1605_open_q1,symmetry_pattern_1605.png,"[""symmetry_type=3-fold rotation; pattern_status=broken""]","[""whole pattern""]",{},3-fold rotation,broken
symmetry_pattern_1606_open_q1,symmetry_pattern_1606.png,"[""symmetry_type=4-fold rotation; pattern_status=intact""]","[""whole pattern""]",{},4-fold rotation,intact
symmetry_pattern_1607_open_q1,symmetry_pattern_1607.png,"[""symmetry_type=6-fold rotation; pattern_status=broken""]","[""whole pattern""]",{},6-fold rotation,broken
symmetry_pattern_1608_open_q1,symmetry_pattern_1608.png,"[""symmetry_type=horizontal mirror; pattern_status=intact""]","[""whole pattern""]",{},horizontal mirror,intact
symmetry_pattern_1609_open_q1,symmetry_pattern_1609.png,"[""symmetry_type=vertical mirror; pattern_status=broken""]","[""whole pattern""]",{},vertical mirror,broken
symmetry_pattern_1610_open_q1,symmetry_pattern_1610.png,"[""symmetry_type=horizontal and vertical mirrors; pattern_status=intact""]","[""whole pattern""]",{},horizontal and vertical mirrors,intact
symmetry_pattern_1611_open_q1,symmetry_pattern_1611.png,"[""symmetry_type=2-fold rotation; pattern_status=broken""]","[""whole pattern""]",{},2-fold rotation,broken
symmetry_pattern_1612_open_q1,symmetry_pattern_1612.png,"[""symmetry_type=3-fold rotation; pattern_status=intact""]","[""whole pattern""]",{},3-fold rotation,intact
symmetry_pattern_1613_open_q1,symmetry_pattern_1613.png,"[""symmetry_type=4-fold rotation; pattern_status=broken""]","[""whole pattern""]",{},4-fold rotation,broken
symmetry_pattern_1614_open_q1,symmetry_pattern_1614.png,"[""symmetry_type=6-fold rotation; pattern_status=intact""]","[""whole pattern""]",{},6-fold rotation,intact
symmetry_pattern_1615_open_q1,symmetry_pattern_1615.png,"[""symmetry_type=horizontal mirror; pattern_status=broken""]","[""whole pattern""]",{},horizontal mirror,broken
symmetry_pattern_1616_open_q1,symmetry_pattern_1616.png,"[""symmetry_type=vertical mirror; pattern_status=intact""]","[""whole pattern""]",{},vertical mirror,intact
symmetry_pattern_1617_open_q1,symmetry_pattern_1617.png,"[""symmetry_type=horizontal and vertical mirrors; pattern_status=broken""]","[""whole pattern""]",{},horizontal and vertical mirrors,broken
symmetry_pattern_1618_open_q1,symmetry_pattern_1618.png,"[""symmetry_type=2-fold rotation; pattern_status=intact""]","[""whole pattern""]",{},2-fold rotation,intact
symmetry_pattern_1619_open_q1,symmetry_pattern_1619.png,"[""symmetry_type=3-fold rotation; pattern_status=broken""]","[""whole pattern""]",{},3-fold rotation,broken
symmetry_pattern_1620_open_q1,symmetry_pattern_1620.png,"[""symmetry_type=4-fold rotation; pattern_status=intact""]","[""whole pattern""]",{},4-fold rotation,intact
symmetry_pattern_1621_open_q1,symmetry_pattern_1621.png,"[""symmetry_type=6-fold rotation; pattern_status=broken""]","[""whole pattern""]",{},6-fold rotation,broken
symmetry_pattern_1622_open_q1,symmetry_pattern_1622.png,"[""symmetry_type=horizontal mirror; pattern_status=intact""]","[""whole pattern""]",{},horizontal mirror,intact
symmetry_pattern_1623_open_q1,symmetry_pattern_1623.png,"[""symmetry_type=vertical mirror; pattern_status=broken""]","[""whole pattern""]",{},vertical mirror,broken
symmetry_pattern_1624_open_q1,symmetry_pattern_1624.png,"[""symmetry_type=horizontal and vertical mirrors; pattern_status=intact""]","[""whole pattern""]",{},horizontal and vertical mirrors,intact
symmetry_pattern_1625_open_q1,symmetry_pattern_1625.png,"[""symmetry_type=2-fold rotation; pattern_status=broken""]","[""whole pattern""]",{},2-fold rotation,broken
symmetry_pattern_1626_open_q1,symmetry_pattern_1626.png,"[""symmetry_type=3-fold rotation; pattern_status=intact""]","[""whole pattern""]",{},3-fold rotation,intact
symmetry_pattern_1627_open_q1,symmetry_pattern_1627.png,"[""symmetry_type=4-fold rotation; pattern_status=broken""]","[""whole pattern""]",{},4-fold rotation,broken
symmetry_pattern_1628_open_q1,symmetry_pattern_1628.png,"[""symmetry_type=6-fold rotation; pattern_status=intact""]","[""whole pattern""]",{},6-fold rotation,intact
symmetry_pattern_1629_open_q1,symmetry_pattern_1629.png,"[""symmetry_type=horizontal mirror; pattern_status=broken""]","[""whole pattern""]",{},horizontal mirror,broken
symmetry_pattern_1630_open_q1,symmetry_pattern_1630.png,"[""symmetry_type=vertical mirror; pattern_status=intact""]","[""whole pattern""]",{},vertical mirror,intact
symmetry_pattern_1631_open_q1,symmetry_pattern_1631.png,"[""symmetry_type=horizontal and vertical mirrors; pattern_status=broken""]","[""whole pattern""]",{},horizontal and vertical mirrors,broken
symmetry_pattern_1632_open_q1,symmetry_pattern_1632.png,"[""symmetry_type=2-fold rotation; pattern_status=intact""]","[""whole pattern""]",{},2-fold rotation,intact
symmetry_pattern_1633_open_q1,symmetry_pattern_1633.png,"[""symmetry_type=3-fold rotation; pattern_status=broken""]","[""whole pattern""]",{},3-fold rotation,broken
symmetry_pattern_1634_open_q1,symmetry_pattern_1634.png,"[""symmetry_type=4-fold rotation; pattern_status=intact""]","[""whole pattern""]",{},4-fold rotation,intact
symmetry_pattern_1635_open_q1,symmetry_pattern_1635.png,"[""symmetry_type=6-fold rotation; pattern_status=broken""]","[""whole pattern""]",{},6-fold rotation,broken
symmetry_pattern_1636_open_q1,symmetry_pattern_1636.png,"[""symmetry_type=horizontal mirror; pattern_status=intact""]","[""whole pattern""]",{},horizontal mirror,intact
symmetry_pattern_1637_open_q1,symmetry_pattern_1637.png,"[""symmetry_type=vertical mirror; pattern_status=broken""]","[""whole pattern""]",{},vertical mirror,broken
symmetry_pattern_1638_open_q1,symmetry_pattern_1638.png,"[""symmetry_type=horizontal and vertical mirrors; pattern_status=intact""]","[""whole pattern""]",{},horizontal and vertical mirrors,intact
symmetry_pattern_1639_open_q1,symmetry_pattern_1639.png,"[""symmetry_type=2-fold rotation; pattern_status=broken""]","[""whole pattern""]",{},2-fold rotation,broken
symmetry_pattern_1640_open_q1,symmetry_pattern_1640.png,"[""symmetry_type=3-fold rotation; pattern_status=intact""]","[""whole pattern""]",{},3-fold rotation,intact
symmetry_pattern_1641_open_q1,symmetry_pattern_1641.png,"[""symmetry_type=4-fold rotation; pattern_status=broken""]","[""whole pattern""]",{},4-fold rotation,broken
symmetry_pattern_1642_open_q1,symmetry_pattern_1642.png,"[""symmetry_type=6-fold rotation; pattern_status=intact""]","[""whole pattern""]",{},6-fold rotation,intact
symmetry_pattern_1643_open_q1,symmetry_pattern_1643.png,"[""symmetry_type=horizontal mirror; pattern_status=broken""]","[""whole pattern""]",{},horizontal mirror,broken
symmetry_pattern_1644_open_q1,symmetry_pattern_1644.png,"[""symmetry_type=vertical mirror; pattern_status=intact""]","[""whole pattern""]",{},vertical mirror,intact
symmetry_pattern_1645_open_q1,symmetry_pattern_1645.png,"[""symmetry_type=horizontal and vertical mirrors; pattern_status=broken""]","[""whole pattern""]",{},horizontal and vertical mirrors,broken
symmetry_pattern_1646_open_q1,symmetry_pattern_1646.png,"[""symmetry_type=2-fold rotation; pattern_status=intact""]","[""whole pattern""]",{},2-fold rotation,intact
symmetry_pattern_1647_open_q1,symmetry_pattern_1647.png,"[""symmetry_type=3-fold rotation; pattern_status=broken""]","[""whole pattern""]",{},3-fold rotation,broken
symmetry_pattern_1648_open_q1,symmetry_pattern_1648.png,"[""symmetry_type=4-fold rotation; pattern_status=intact""]","[""whole pattern""]",{},4-fold rotation,intact
symmetry_pattern_1649_open_q1,symmetry_pattern_1649.png,"[""symmetry_type=6-fold rotation; pattern_status=broken""]","[""whole pattern""]",{},6-fold rotation,broken
symmetry_pattern_1650_open_q1,symmetry_pattern_1650.png,"[""symmetry_type=horizontal mirror; pattern_status=intact""]","[""whole pattern""]",{},horizontal mirror,intact
symmetry_pattern_1651_open_q1,symmetry_pattern_1651.png,"[""symmetry_type=vertical mirror; pattern_status=broken""]","[""whole pattern""]",{},vertical mirror,broken
symmetry_pattern_1652_open_q1,symmetry_pattern_1652.png,"[""symmetry_type=horizontal and vertical mirrors; pattern_status=intact""]","[""whole pattern""]",{},horizontal and vertical mirrors,intact
symmetry_pattern_1653_open_q1,symmetry_pattern_1653.png,"[""symmetry_type=2-fold rotation; pattern_status=broken""]","[""whole pattern""]",{},2-fold rotation,broken
symmetry_pattern_1654_open_q1,symmetry_pattern_1654.png,"[""symmetry_type=3-fold rotation; pattern_status=intact""]","[""whole pattern""]",{},3-fold rotation,intact
symmetry_pattern_1655_open_q1,symmetry_pattern_1655.png,"[""symmetry_type=4-fold rotation; pattern_status=broken""]","[""whole pattern""]",{},4-fold rotation,broken
symmetry_pattern_1656_open_q1,symmetry_pattern_1656.png,"[""symmetry_type=6-fold rotation; pattern_status=intact""]","[""whole pattern""]",{},6-fold rotation,intact
symmetry_pattern_1657_open_q1,symmetry_pattern_1657.png,"[""symmetry_type=horizontal mirror; pattern_status=broken""]","[""whole pattern""]",{},horizontal mirror,broken
symmetry_pattern_1658_open_q1,symmetry_pattern_1658.png,"[""symmetry_type=vertical mirror; pattern_status=intact""]","[""whole pattern""]",{},vertical mirror,intact
symmetry_pattern_1659_open_q1,symmetry_pattern_1659.png,"[""symmetry_type=horizontal and vertical mirrors; pattern_status=broken""]","[""whole pattern""]",{},horizontal and vertical mirrors,broken
symmetry_pattern_1660_open_q1,symmetry_pattern_1660.png,"[""symmetry_type=2-fold rotation; pattern_status=intact""]","[""whole pattern""]",{},2-fold rotation,intact
symmetry_pattern_1661_open_q1,symmetry_pattern_1661.png,"[""symmetry_type=3-fold rotation; pattern_status=broken""]","[""whole pattern""]",{},3-fold rotation,broken
symmetry_pattern_1662_open_q1,symmetry_pattern_1662.png,"[""symmetry_type=4-fold rotation; pattern_status=intact""]","[""whole pattern""]",{},4-fold rotation,intact
symmetry_pattern_1663_open_q1,symmetry_pattern_1663.png,"[""symmetry_type=6-fold rotation; pattern_status=broken""]","[""whole pattern""]",{},6-fold rotation,broken
symmetry_pattern_1664_open_q1,symmetry_pattern_1664.png,"[""symmetry_type=horizontal mirror; pattern_status=intact""]","[""whole pattern""]",{},horizontal mirror,intact
symmetry_pattern_1665_open_q1,symmetry_pattern_1665.png,"[""symmetry_type=vertical mirror; pattern_status=broken""]","[""whole pattern""]",{},vertical mirror,broken
symmetry_pattern_1666_open_q1,symmetry_pattern_1666.png,"[""symmetry_type=horizontal and vertical mirrors; pattern_status=intact""]","[""whole pattern""]",{},horizontal and vertical mirrors,intact
symmetry_pattern_1667_open_q1,symmetry_pattern_1667.png,"[""symmetry_type=2-fold rotation; pattern_status=broken""]","[""whole pattern""]",{},2-fold rotation,broken
symmetry_pattern_1668_open_q1,symmetry_pattern_1668.png,"[""symmetry_type=3-fold rotation; pattern_status=intact""]","[""whole pattern""]",{},3-fold rotation,intact
symmetry_pattern_1669_open_q1,symmetry_pattern_1669.png,"[""symmetry_type=4-fold rotation; pattern_status=broken""]","[""whole pattern""]",{},4-fold rotation,broken
symmetry_pattern_1670_open_q1,symmetry_pattern_1670.png,"[""symmetry_type=6-fold rotation; pattern_status=intact""]","[""whole pattern""]",{},6-fold rotation,intact
symmetry_pattern_1671_open_q1,symmetry_pattern_1671.png,"[""symmetry_type=horizontal mirror; pattern_status=broken""]","[""whole pattern""]",{},horizontal mirror,broken
symmetry_pattern_1672_open_q1,symmetry_pattern_1672.png,"[""symmetry_type=vertical mirror; pattern_status=intact""]","[""whole pattern""]",{},vertical mirror,intact
symmetry_pattern_1673_open_q1,symmetry_pattern_1673.png,"[""symmetry_type=horizontal and vertical mirrors; pattern_status=broken""]","[""whole pattern""]",{},horizontal and vertical mirrors,broken
symmetry_pattern_1674_open_q1,symmetry_pattern_1674.png,"[""symmetry_type=2-fold rotation; pattern_status=intact""]","[""whole pattern""]",{},2-fold rotation,intact
symmetry_pattern_1675_open_q1,symmetry_pattern_1675.png,"[""symmetry_type=3-fold rotation; pattern_status=broken""]","[""whole pattern""]",{},3-fold rotation,broken
symmetry_pattern_1676_open_q1,symmetry_pattern_1676.png,"[""symmetry_type=4-fold rotation; pattern_status=intact""]","[""whole pattern""]",{},4-fold rotation,intact
symmetry_pattern_1677_open_q1,symmetry_pattern_1677.png,"[""symmetry_type=6-fold rotation; pattern_status=broken""]","[""whole pattern""]",{},6-fold rotation,broken
symmetry_pattern_1678_open_q1,symmetry_pattern_1678.png,"[""symmetry_type=horizontal mirror; pattern_status=intact""]","[""whole pattern""]",{},horizontal mirror,intact
symmetry_pattern_1679_open_q1,symmetry_pattern_1679.png,"[""symmetry_type=vertical mirror; pattern_status=broken""]","[""whole pattern""]",{},vertical mirror,broken
symmetry_pattern_1680_open_q1,symmetry_pattern_1680.png,"[""symmetry_type=horizontal and vertical mirrors; pattern_status=intact""]","[""whole pattern""]",{},horizontal and vertical mirrors,intact
symmetry_pattern_1681_open_q1,symmetry_pattern_1681.png,"[""symmetry_type=2-fold rotation; pattern_status=broken""]","[""whole pattern""]",{},2-fold rotation,broken
symmetry_pattern_1682_open_q1,symmetry_pattern_1682.png,"[""symmetry_type=3-fold rotation; pattern_status=intact""]","[""whole pattern""]",{},3-fold rotation,intact
symmetry_pattern_1683_open_q1,symmetry_pattern_1683.png,"[""symmetry_type=4-fold rotation; pattern_status=broken""]","[""whole pattern""]",{},4-fold rotation,broken
symmetry_pattern_1684_open_q1,symmetry_pattern_1684.png,"[""symmetry_type=6-fold rotation; pattern_status=intact""]","[""whole pattern""]",{},6-fold rotation,intact
symmetry_pattern_1685_open_q1,symmetry_pattern_1685.png,"[""symmetry_type=horizontal mirror; pattern_status=broken""]","[""whole pattern""]",{},horizontal mirror,broken
symmetry_pattern_1686_open_q1,symmetry_pattern_1686.png,"[""symmetry_type=vertical mirror; pattern_status=intact""]","[""whole pattern""]",{},vertical mirror,intact
symmetry_pattern_1687_open_q1,symmetry_pattern_1687.png,"[""symmetry_type=horizontal and vertical mirrors; pattern_status=broken""]","[""whole pattern""]",{},horizontal and vertical mirrors,broken
symmetry_pattern_1688_open_q1,symmetry_pattern_1688.png,"[""symmetry_type=2-fold rotation; pattern_status=intact""]","[""whole pattern""]",{},2-fold rotation,intact
symmetry_pattern_1689_open_q1,symmetry_pattern_1689.png,"[""symmetry_type=3-fold rotation; pattern_status=broken""]","[""whole pattern""]",{},3-fold rotation,broken
symmetry_pattern_1690_open_q1,symmetry_pattern_1690.png,"[""symmetry_type=4-fold rotation; pattern_status=intact""]","[""whole pattern""]",{},4-fold rotation,intact
symmetry_pattern_1691_open_q1,symmetry_pattern_1691.png,"[""symmetry_type=6-fold rotation; pattern_status=broken""]","[""whole pattern""]",{},6-fold rotation,broken
symmetry_pattern_1692_open_q1,symmetry_pattern_1692.png,"[""symmetry_type=horizontal mirror; pattern_status=intact""]","[""whole pattern""]",{},horizontal mirror,intact
symmetry_pattern_1693_open_q1,symmetry_pattern_1693.png,"[""symmetry_type=vertical mirror; pattern_status=broken""]","[""whole pattern""]",{},vertical mirror,broken
symmetry_pattern_1694_open_q1,symmetry_pattern_1694.png,"[""symmetry_type=horizontal and vertical mirrors; pattern_status=intact""]","[""whole pattern""]",{},horizontal and vertical mirrors,intact
symmetry_pattern_1695_open_q1,symmetry_pattern_1695.png,"[""symmetry_type=2-fold rotation; pattern_status=broken""]","[""whole pattern""]",{},2-fold rotation,broken
symmetry_pattern_1696_open_q1,symmetry_pattern_1696.png,"[""symmetry_type=3-fold rotation; pattern_status=intact""]","[""whole pattern""]",{},3-fold rotation,intact
symmetry_pattern_1697_open_q1,symmetry_pattern_1697.png,"[""symmetry_type=4-fold rotation; pattern_status=broken""]","[""whole pattern""]",{},4-fold rotation,broken
symmetry_pattern_1698_open_q1,symmetry_pattern_1698.png,"[""symmetry_type=6-fold rotation; pattern_status=intact""]","[""whole pattern""]",{},6-fold rotation,intact
symmetry_pattern_1699_open_q1,symmetry_pattern_1699.png,"[""symmetry_type=horizontal mirror; pattern_status=broken""]","[""whole pattern""]",{},horizontal mirror,broken
symmetry_pattern_1700_open_q1,symmetry_pattern_1700.png,"[""symmetry_type=vertical mirror; pattern_status=intact""]","[""whole pattern""]",{},vertical mirror,intact
symmetry_pattern_1701_open_q1,symmetry_pattern_1701.png,"[""symmetry_type=horizontal and vertical mirrors; pattern_status=broken""]","[""whole pattern""]",{},horizontal and vertical mirrors,broken
symmetry_pattern_1702_open_q1,symmetry_pattern_1702.png,"[""symmetry_type=2-fold rotation; pattern_status=intact""]","[""whole pattern""]",{},2-fold rotation,intact
symmetry_pattern_1703_open_q1,symmetry_pattern_1703.png,"[""symmetry_type=3-fold rotation; pattern_status=broken""]","[""whole pattern""]",{},3-fold rotation,broken
symmetry_pattern_1704_open_q1,symmetry_pattern_1704.png,"[""symmetry_type=4-fold rotation; pattern_status=intact""]","[""whole pattern""]",{},4-fold rotation,intact
symmetry_pattern_1705_open_q1,symmetry_pattern_1705.png,"[""symmetry_type=6-fold rotation; pattern_status=broken""]","[""whole pattern""]",{},6-fold rotation,broken
symmetry_pattern_1706_open_q1,symmetry_pattern_1706.png,"[""symmetry_type=horizontal mirror; pattern_status=intact""]","[""whole pattern""]",{},horizontal mirror,intact
symmetry_pattern_1707_open_q1,symmetry_pattern_1707.png,"[""symmetry_type=vertical mirror; pattern_status=broken""]","[""whole pattern""]",{},vertical mirror,broken
symmetry_pattern_1708_open_q1,symmetry_pattern_1708.png,"[""symmetry_type=horizontal and vertical mirrors; pattern_status=intact""]","[""whole pattern""]",{},horizontal and vertical mirrors,intact
symmetry_pattern_1709_open_q1,symmetry_pattern_1709.png,"[""symmetry_type=2-fold rotation; pattern_status=broken""]","[""whole pattern""]",{},2-fold rotation,broken
symmetry_pattern_1710_open_q1,symmetry_pattern_1710.png,"[""symmetry_type=3-fold rotation; pattern_status=intact""]","[""whole pattern""]",{},3-fold rotation,intact
symmetry_pattern_1711_open_q1,symmetry_pattern_1711.png,"[""symmetry_type=4-fold rotation; pattern_status=broken""]","[""whole pattern""]",{},4-fold rotation,broken
symmetry_pattern_1712_open_q1,symmetry_pattern_1712.png,"[""symmetry_type=6-fold rotation; pattern_status=intact""]","[""whole pattern""]",{},6-fold rotation,intact
symmetry_pattern_1713_open_q1,symmetry_pattern_1713.png,"[""symmetry_type=horizontal mirror; pattern_status=broken""]","[""whole pattern""]",{},horizontal mirror,broken
symmetry_pattern_1714_open_q1,symmetry_pattern_1714.png,"[""symmetry_type=vertical mirror; pattern_status=intact""]","[""whole pattern""]",{},vertical mirror,intact
symmetry_pattern_1715_open_q1,symmetry_pattern_1715.png,"[""symmetry_type=horizontal and vertical mirrors; pattern_status=broken""]","[""whole pattern""]",{},horizontal and vertical mirrors,broken
symmetry_pattern_1716_open_q1,symmetry_pattern_1716.png,"[""symmetry_type=2-fold rotation; pattern_status=intact""]","[""whole pattern""]",{},2-fold rotation,intact
symmetry_pattern_1717_open_q1,symmetry_pattern_1717.png,"[""symmetry_type=3-fold rotation; pattern_status=broken""]","[""whole pattern""]",{},3-fold rotation,broken
symmetry_pattern_1718_open_q1,symmetry_pattern_1718.png,"[""symmetry_type=4-fold rotation; pattern_status=intact""]","[""whole pattern""]",{},4-fold rotation,intact
symmetry_pattern_1719_open_q1,symmetry_pattern_1719.png,"[""symmetry_type=6-fold rotation; pattern_status=broken""]","[""whole pattern""]",{},6-fold rotation,broken
symmetry_pattern_1720_open_q1,symmetry_pattern_1720.png,"[""symmetry_type=horizontal mirror; pattern_status=intact""]","[""whole pattern""]",{},horizontal mirror,intact
symmetry_pattern_1721_open_q1,symmetry_pattern_1721.png,"[""symmetry_type=vertical mirror; pattern_status=broken""]","[""whole pattern""]",{},vertical mirror,broken
symmetry_pattern_1722_open_q1,symmetry_pattern_1722.png,"[""symmetry_type=horizontal and vertical mirrors; pattern_status=intact""]","[""whole pattern""]",{},horizontal and vertical mirrors,intact
symmetry_pattern_1723_open_q1,symmetry_pattern_1723.png,"[""symmetry_type=2-fold rotation; pattern_status=broken""]","[""whole pattern""]",{},2-fold rotation,broken
symmetry_pattern_1724_open_q1,symmetry_pattern_1724.png,"[""symmetry_type=3-fold rotation; pattern_status=intact""]","[""whole pattern""]",{},3-fold rotation,intact
symmetry_pattern_1725_open_q1,symmetry_pattern_1725.png,"[""symmetry_type=4-fold rotation; pattern_status=broken""]","[""whole pattern""]",{},4-fold rotation,broken
symmetry_pattern_1726_open_q1,symmetry_pattern_1726.png,"[""symmetry_type=6-fold rotation; pattern_status=intact""]","[""whole pattern""]",{},6-fold rotation,intact
symmetry_pattern_1727_open_q1,symmetry_pattern_1727.png,"[""symmetry_type=horizontal mirror; pattern_status=broken""]","[""whole pattern""]",{},horizontal mirror,broken
symmetry_pattern_1728_open_q1,symmetry_pattern_1728.png,"[""symmetry_type=vertical mirror; pattern_status=intact""]","[""whole pattern""]",{},vertical mirror,intact
symmetry_pattern_1729_open_q1,symmetry_pattern_1729.png,"[""symmetry_type=horizontal and vertical mirrors; pattern_status=broken""]","[""whole pattern""]",{},horizontal and vertical mirrors,broken
symmetry_pattern_1730_open_q1,symmetry_pattern_1730.png,"[""symmetry_type=2-fold rotation; pattern_status=intact""]","[""whole pattern""]",{},2-fold rotation,intact
symmetry_pattern_1731_open_q1,symmetry_pattern_1731.png,"[""symmetry_type=3-fold rotation; pattern_status=broken""]","[""whole pattern""]",{},3-fold rotation,broken
symmetry_pattern_1732_open_q1,symmetry_pattern_1732.png,"[""symmetry_type=4-fold rotation; pattern_status=intact""]","[""whole pattern""]",{},4-fold rotation,intact
symmetry_pattern_1733_open_q1,symmetry_pattern_1733.png,"[""symmetry_type=6-fold rotation; pattern_status=broken""]","[""whole pattern""]",{},6-fold rotation,broken
symmetry_pattern_1734_open_q1,symmetry_pattern_1734.png,"[""symmetry_type=horizontal mirror; pattern_status=intact""]","[""whole pattern""]",{},horizontal mirror,intact
symmetry_pattern_1735_open_q1,symmetry_pattern_1735.png,"[""symmetry_type=vertical mirror; pattern_status=broken""]","[""whole pattern""]",{},vertical mirror,broken
symmetry_pattern_1736_open_q1,symmetry_pattern_1736.png,"[""symmetry_type=horizontal and vertical mirrors; pattern_status=intact""]","[""whole pattern""]",{},horizontal and vertical mirrors,intact
symmetry_pattern_1737_open_q1,symmetry_pattern_1737.png,"[""symmetry_type=2-fold rotation; pattern_status=broken""]","[""whole pattern""]",{},2-fold rotation,broken
symmetry_pattern_1738_open_q1,symmetry_pattern_1738.png,"[""symmetry_type=3-fold rotation; pattern_status=intact""]","[""whole pattern""]",{},3-fold rotation,intact
symmetry_pattern_1739_open_q1,symmetry_pattern_1739.png,"[""symmetry_type=4-fold rotation; pattern_status=broken""]","[""whole pattern""]",{},4-fold rotation,broken
symmetry_pattern_1740_open_q1,symmetry_pattern_1740.png,"[""symmetry_type=6-fold rotation; pattern_status=intact""]","[""whole pattern""]",{},6-fold rotation,intact
symmetry_pattern_1741_open_q1,symmetry_pattern_1741.png,"[""symmetry_type=horizontal mirror; pattern_status=broken""]","[""whole pattern""]",{},horizontal mirror,broken
symmetry_pattern_1742_open_q1,symmetry_pattern_1742.png,"[""symmetry_type=vertical mirror; pattern_status=intact""]","[""whole pattern""]",{},vertical mirror,intact
symmetry_pattern_1743_open_q1,symmetry_pattern_1743.png,"[""symmetry_type=horizontal and vertical mirrors; pattern_status=broken""]","[""whole pattern""]",{},horizontal and vertical mirrors,broken
symmetry_pattern_1744_open_q1,symmetry_pattern_1744.png,"[""symmetry_type=2-fold rotation; pattern_status=intact""]","[""whole pattern""]",{},2-fold rotation,intact
symmetry_pattern_1745_open_q1,symmetry_pattern_1745.png,"[""symmetry_type=3-fold rotation; pattern_status=broken""]","[""whole pattern""]",{},3-fold rotation,broken
symmetry_pattern_1746_open_q1,symmetry_pattern_1746.png,"[""symmetry_type=4-fold rotation; pattern_status=intact""]","[""whole pattern""]",{},4-fold rotation,intact
symmetry_pattern_1747_open_q1,symmetry_pattern_1747.png,"[""symmetry_type=6-fold rotation; pattern_status=broken""]","[""whole pattern""]",{},6-fold rotation,broken
symmetry_pattern_1748_open_q1,symmetry_pattern_1748.png,"[""symmetry_type=horizontal mirror; pattern_status=intact""]","[""whole pattern""]",{},horizontal mirror,intact
symmetry_pattern_1749_open_q1,symmetry_pattern_1749.png,"[""symmetry_type=vertical mirror; pattern_status=broken""]","[""whole pattern""]",{},vertical mirror,broken
symmetry_pattern_1750_open_q1,symmetry_pattern_1750.png,"[""symmetry_type=horizontal and vertical mirrors; pattern_status=intact""]","[""whole pattern""]",{},horizontal and vertical mirrors,intact
symmetry_pattern_1751_open_q1,symmetry_pattern_1751.png,"[""symmetry_type=2-fold rotation; pattern_status=broken""]","[""whole pattern""]",{},2-fold rotation,broken
symmetry_pattern_1752_open_q1,symmetry_pattern_1752.png,"[""symmetry_type=3-fold rotation; pattern_status=intact""]","[""whole pattern""]",{},3-fold rotation,intact
symmetry_pattern_1753_open_q1,symmetry_pattern_1753.png,"[""symmetry_type=4-fold rotation; pattern_status=broken""]","[""whole pattern""]",{},4-fold rotation,broken
symmetry_pattern_1754_open_q1,symmetry_pattern_1754.png,"[""symmetry_type=6-fold rotation; pattern_status=intact""]","[""whole pattern""]",{},6-fold rotation,intact
symmetry_pattern_1755_open_q1,symmetry_pattern_1755.png,"[""symmetry_type=horizontal mirror; pattern_status=broken""]","[""whole pattern""]",{},horizontal mirror,broken
symmetry_pattern_1756_open_q1,symmetry_pattern_1756.png,"[""symmetry_type=vertical mirror; pattern_status=intact""]","[""whole pattern""]",{},vertical mirror,intact
symmetry_pattern_1757_open_q1,symmetry_pattern_1757.png,"[""symmetry_type=horizontal and vertical mirrors; pattern_status=broken""]","[""whole pattern""]",{},horizontal and vertical mirrors,broken
symmetry_pattern_1758_open_q1,symmetry_pattern_1758.png,"[""symmetry_type=2-fold rotation; pattern_status=intact""]","[""whole pattern""]",{},2-fold rotation,intact
symmetry_pattern_1759_open_q1,symmetry_pattern_1759.png,"[""symmetry_type=3-fold rotation; pattern_status=broken""]","[""whole pattern""]",{},3-fold rotation,broken
symmetry_pattern_1760_open_q1,symmetry_pattern_1760.png,"[""symmetry_type=4-fold rotation; pattern_status=intact""]","[""whole pattern""]",{},4-fold rotation,intact
symmetry_pattern_1761_open_q1,symmetry_pattern_1761.png,"[""symmetry_type=6-fold rotation; pattern_status=broken""]","[""whole pattern""]",{},6-fold rotation,broken
symmetry_pattern_1762_open_q1,symmetry_pattern_1762.png,"[""symmetry_type=horizontal mirror; pattern_status=intact""]","[""whole pattern""]",{},horizontal mirror,intact
symmetry_pattern_1763_open_q1,symmetry_pattern_1763.png,"[""symmetry_type=vertical mirror; pattern_status=broken""]","[""whole pattern""]",{},vertical mirror,broken
symmetry_pattern_1764_open_q1,symmetry_pattern_1764.png,"[""symmetry_type=horizontal and vertical mirrors; pattern_status=intact""]","[""whole pattern""]",{},horizontal and vertical mirrors,intact
symmetry_pattern_1765_open_q1,symmetry_pattern_1765.png,"[""symmetry_type=2-fold rotation; pattern_status=broken""]","[""whole pattern""]",{},2-fold rotation,broken
symmetry_pattern_1766_open_q1,symmetry_pattern_1766.png,"[""symmetry_type=3-fold rotation; pattern_status=intact""]","[""whole pattern""]",{},3-fold rotation,intact
symmetry_pattern_1767_open_q1,symmetry_pattern_1767.png,"[""symmetry_type=4-fold rotation; pattern_status=broken""]","[""whole pattern""]",{},4-fold rotation,broken
symmetry_pattern_1768_open_q1,symmetry_pattern_1768.png,"[""symmetry_type=6-fold rotation; pattern_status=intact""]","[""whole pattern""]",{},6-fold rotation,intact
symmetry_pattern_1769_open_q1,symmetry_pattern_1769.png,"[""symmetry_type=horizontal mirror; pattern_status=broken""]","[""whole pattern""]",{},horizontal mirror,broken
symmetry_pattern_1770_open_q1,symmetry_pattern_1770.png,"[""symmetry_type=vertical mirror; pattern_status=intact""]","[""whole pattern""]",{},vertical mirror,intact
symmetry_pattern_1771_open_q1,symmetry_pattern_1771.png,"[""symmetry_type=horizontal and vertical mirrors; pattern_status=broken""]","[""whole pattern""]",{},horizontal and vertical mirrors,broken
symmetry_pattern_1772_open_q1,symmetry_pattern_1772.png,"[""symmetry_type=2-fold rotation; pattern_status=intact""]","[""whole pattern""]",{},2-fold rotation,intact
symmetry_pattern_1773_open_q1,symmetry_pattern_1773.png,"[""symmetry_type=3-fold rotation; pattern_status=broken""]","[""whole pattern""]",{},3-fold rotation,broken
symmetry_pattern_1774_open_q1,symmetry_pattern_1774.png,"[""symmetry_type=4-fold rotation; pattern_status=intact""]","[""whole pattern""]",{},4-fold rotation,intact
symmetry_pattern_1775_open_q1,symmetry_pattern_1775.png,"[""symmetry_type=6-fold rotation; pattern_status=broken""]","[""whole pattern""]",{},6-fold rotation,broken
symmetry_pattern_1776_open_q1,symmetry_pattern_1776.png,"[""symmetry_type=horizontal mirror; pattern_status=intact""]","[""whole pattern""]",{},horizontal mirror,intact
symmetry_pattern_1777_open_q1,symmetry_pattern_1777.png,"[""symmetry_type=vertical mirror; pattern_status=broken""]","[""whole pattern""]",{},vertical mirror,broken
symmetry_pattern_1778_open_q1,symmetry_pattern_1778.png,"[""symmetry_type=horizontal and vertical mirrors; pattern_status=intact""]","[""whole pattern""]",{},horizontal and vertical mirrors,intact
symmetry_pattern_1779_open_q1,symmetry_pattern_1779.png,"[""symmetry_type=2-fold rotation; pattern_status=broken""]","[""whole pattern""]",{},2-fold rotation,broken
symmetry_pattern_1780_open_q1,symmetry_pattern_1780.png,"[""symmetry_type=3-fold rotation; pattern_status=intact""]","[""whole pattern""]",{},3-fold rotation,intact
symmetry_pattern_1781_open_q1,symmetry_pattern_1781.png,"[""symmetry_type=4-fold rotation; pattern_status=broken""]","[""whole pattern""]",{},4-fold rotation,broken
symmetry_pattern_1782_open_q1,symmetry_pattern_1782.png,"[""symmetry_type=6-fold rotation; pattern_status=intact""]","[""whole pattern""]",{},6-fold rotation,intact
symmetry_pattern_1783_open_q1,symmetry_pattern_1783.png,"[""symmetry_type=horizontal mirror; pattern_status=broken""]","[""whole pattern""]",{},horizontal mirror,broken
symmetry_pattern_1784_open_q1,symmetry_pattern_1784.png,"[""symmetry_type=vertical mirror; pattern_status=intact""]","[""whole pattern""]",{},vertical mirror,intact
symmetry_pattern_1785_open_q1,symmetry_pattern_1785.png,"[""symmetry_type=horizontal and vertical mirrors; pattern_status=broken""]","[""whole pattern""]",{},horizontal and vertical mirrors,broken
symmetry_pattern_1786_open_q1,symmetry_pattern_1786.png,"[""symmetry_type=2-fold rotation; pattern_status=intact""]","[""whole pattern""]",{},2-fold rotation,intact
symmetry_pattern_1787_open_q1,symmetry_pattern_1787.png,"[""symmetry_type=3-fold rotation; pattern_status=broken""]","[""whole pattern""]",{},3-fold rotation,broken
symmetry_pattern_1788_open_q1,symmetry_pattern_1788.png,"[""symmetry_type=4-fold rotation; pattern_status=intact""]","[""whole pattern""]",{},4-fold rotation,intact
symmetry_pattern_1789_open_q1,symmetry_pattern_1789.png,"[""symmetry_type=6-fold rotation; pattern_status=broken""]","[""whole pattern""]",{},6-fold rotation,broken
symmetry_pattern_1790_open_q1,symmetry_pattern_1790.png,"[""symmetry_type=horizontal mirror; pattern_status=intact""]","[""whole pattern""]",{},horizontal mirror,intact
symmetry_pattern_1791_open_q1,symmetry_pattern_1791.png,"[""symmetry_type=vertical mirror; pattern_status=broken""]","[""whole pattern""]",{},vertical mirror,broken
symmetry_pattern_1792_open_q1,symmetry_pattern_1792.png,"[""symmetry_type=horizontal and vertical mirrors; pattern_status=intact""]","[""whole pattern""]",{},horizontal and vertical mirrors,intact
symmetry_pattern_1793_open_q1,symmetry_pattern_1793.png,"[""symmetry_type=2-fold rotation; pattern_status=broken""]","[""whole pattern""]",{},2-fold rotation,broken
symmetry_pattern_1794_open_q1,symmetry_pattern_1794.png,"[""symmetry_type=3-fold rotation; pattern_status=intact""]","[""whole pattern""]",{},3-fold rotation,intact
symmetry_pattern_1795_open_q1,symmetry_pattern_1795.png,"[""symmetry_type=4-fold rotation; pattern_status=broken""]","[""whole pattern""]",{},4-fold rotation,broken
symmetry_pattern_1796_open_q1,symmetry_pattern_1796.png,"[""symmetry_type=6-fold rotation; pattern_status=intact""]","[""whole pattern""]",{},6-fold rotation,intact
symmetry_pattern_1797_open_q1,symmetry_pattern_1797.png,"[""symmetry_type=horizontal mirror; pattern_status=broken""]","[""whole pattern""]",{},horizontal mirror,broken
symmetry_pattern_1798_open_q1,symmetry_pattern_1798.png,"[""symmetry_type=vertical mirror; pattern_status=intact""]","[""whole pattern""]",{},vertical mirror,intact
symmetry_pattern_1799_open_q1,symmetry_pattern_1799.png,"[""symmetry_type=horizontal and vertical mirrors; pattern_status=broken""]","[""whole pattern""]",{},horizontal and vertical mirrors,broken
symmetry_pattern_1800_open_q1,symmetry_pattern_1800.png,"[""symmetry_type=2-fold rotation; pattern_status=intact""]","[""whole pattern""]",{},2-fold rotation,intact
symmetry_pattern_1801_open_q1,symmetry_pattern_1801.png,"[""symmetry_type=3-fold rotation; pattern_status=broken""]","[""whole pattern""]",{},3-fold rotation,broken
symmetry_pattern_1802_open_q1,symmetry_pattern_1802.png,"[""symmetry_type=4-fold rotation; pattern_status=intact""]","[""whole pattern""]",{},4-fold rotation,intact
symmetry_pattern_1803_open_q1,symmetry_pattern_1803.png,"[""symmetry_type=6-fold rotation; pattern_status=broken""]","[""whole pattern""]",{},6-fold rotation,broken
symmetry_pattern_1804_open_q1,symmetry_pattern_1804.png,"[""symmetry_type=horizontal mirror; pattern_status=intact""]","[""whole pattern""]",{},horizontal mirror,intact
symmetry_pattern_1805_open_q1,symmetry_pattern_1805.png,"[""symmetry_type=vertical mirror; pattern_status=broken""]","[""whole pattern""]",{},vertical mirror,broken
symmetry_pattern_1806_open_q1,symmetry_pattern_1806.png,"[""symmetry_type=horizontal and vertical mirrors; pattern_status=intact""]","[""whole pattern""]",{},horizontal and vertical mirrors,intact
symmetry_pattern_1807_open_q1,symmetry_pattern_1807.png,"[""symmetry_type=2-fold rotation; pattern_status=broken""]","[""whole pattern""]",{},2-fold rotation,broken
symmetry_pattern_1808_open_q1,symmetry_pattern_1808.png,"[""symmetry_type=3-fold rotation; pattern_status=intact""]","[""whole pattern""]",{},3-fold rotation,intact
symmetry_pattern_1809_open_q1,symmetry_pattern_1809.png,"[""symmetry_type=4-fold rotation; pattern_status=broken""]","[""whole pattern""]",{},4-fold rotation,broken
symmetry_pattern_1810_open_q1,symmetry_pattern_1810.png,"[""symmetry_type=6-fold rotation; pattern_status=intact""]","[""whole pattern""]",{},6-fold rotation,intact
symmetry_pattern_1811_open_q1,symmetry_pattern_1811.png,"[""symmetry_type=horizontal mirror; pattern_status=broken""]","[""whole pattern""]",{},horizontal mirror,broken
symmetry_pattern_1812_open_q1,symmetry_pattern_1812.png,"[""symmetry_type=vertical mirror; pattern_status=intact""]","[""whole pattern""]",{},vertical mirror,intact
symmetry_pattern_1813_open_q1,symmetry_pattern_1813.png,"[""symmetry_type=horizontal and vertical mirrors; pattern_status=broken""]","[""whole pattern""]",{},horizontal and vertical mirrors,broken
symmetry_pattern_1814_open_q1,symmetry_pattern_1814.png,"[""symmetry_type=2-fold rotation; pattern_status=intact""]","[""whole pattern""]",{},2-fold rotation,intact
symmetry_pattern_1815_open_q1,symmetry_pattern_1815.png,"[""symmetry_type=3-fold rotation; pattern_status=broken""]","[""whole pattern""]",{},3-fold rotation,broken
symmetry_pattern_1816_open_q1,symmetry_pattern_1816.png,"[""symmetry_type=4-fold rotation; pattern_status=intact""]","[""whole pattern""]",{},4-fold rotation,intact
symmetry_pattern_1817_open_q1,symmetry_pattern_1817.png,"[""symmetry_type=6-fold rotation; pattern_status=broken""]","[""whole pattern""]",{},6-fold rotation,broken
symmetry_pattern_1818_open_q1,symmetry_pattern_1818.png,"[""symmetry_type=horizontal mirror; pattern_status=intact""]","[""whole pattern""]",{},horizontal mirror,intact
symmetry_pattern_1819_open_q1,symmetry_pattern_1819.png,"[""symmetry_type=vertical mirror; pattern_status=broken""]","[""whole pattern""]",{},vertical mirror,broken
symmetry_pattern_1820_open_q1,symmetry_pattern_1820.png,"[""symmetry_type=horizontal and vertical mirrors; pattern_status=intact""]","[""whole pattern""]",{},horizontal and vertical mirrors,intact
symmetry_pattern_1821_open_q1,symmetry_pattern_1821.png,"[""symmetry_type=2-fold rotation; pattern_status=broken""]","[""whole pattern""]",{},2-fold rotation,broken
symmetry_pattern_1822_open_q1,symmetry_pattern_1822.png,"[""symmetry_type=3-fold rotation; pattern_status=intact""]","[""whole pattern""]",{},3-fold rotation,intact
symmetry_pattern_1823_open_q1,symmetry_pattern_1823.png,"[""symmetry_type=4-fold rotation; pattern_status=broken""]","[""whole pattern""]",{},4-fold rotation,broken
symmetry_pattern_1824_open_q1,symmetry_pattern_1824.png,"[""symmetry_type=6-fold rotation; pattern_status=intact""]","[""whole pattern""]",{},6-fold rotation,intact
symmetry_pattern_1825_open_q1,symmetry_pattern_1825.png,"[""symmetry_type=horizontal mirror; pattern_status=broken""]","[""whole pattern""]",{},horizontal mirror,broken
symmetry_pattern_1826_open_q1,symmetry_pattern_1826.png,"[""symmetry_type=vertical mirror; pattern_status=intact""]","[""whole pattern""]",{},vertical mirror,intact
symmetry_pattern_1827_open_q1,symmetry_pattern_1827.png,"[""symmetry_type=horizontal and vertical mirrors; pattern_status=broken""]","[""whole pattern""]",{},horizontal and vertical mirrors,broken
symmetry_pattern_1828_open_q1,symmetry_pattern_1828.png,"[""symmetry_type=2-fold rotation; pattern_status=intact""]","[""whole pattern""]",{},2-fold rotation,intact
symmetry_pattern_1829_open_q1,symmetry_pattern_1829.png,"[""symmetry_type=3-fold rotation; pattern_status=broken""]","[""whole pattern""]",{},3-fold rotation,broken
symmetry_pattern_1830_open_q1,symmetry_pattern_1830.png,"[""symmetry_type=4-fold rotation; pattern_status=intact""]","[""whole pattern""]",{},4-fold rotation,intact
symmetry_pattern_1831_open_q1,symmetry_pattern_1831.png,"[""symmetry_type=6-fold rotation; pattern_status=broken""]","[""whole pattern""]",{},6-fold rotation,broken
symmetry_pattern_1832_open_q1,symmetry_pattern_1832.png,"[""symmetry_type=horizontal mirror; pattern_status=intact""]","[""whole pattern""]",{},horizontal mirror,intact
symmetry_pattern_1833_open_q1,symmetry_pattern_1833.png,"[""symmetry_type=vertical mirror; pattern_status=broken""]","[""whole pattern""]",{},vertical mirror,broken
symmetry_pattern_1834_open_q1,symmetry_pattern_1834.png,"[""symmetry_type=horizontal and vertical mirrors; pattern_status=intact""]","[""whole pattern""]",{},horizontal and vertical mirrors,intact
symmetry_pattern_1835_open_q1,symmetry_pattern_1835.png,"[""symmetry_type=2-fold rotation; pattern_status=broken""]","[""whole pattern""]",{},2-fold rotation,broken
symmetry_pattern_1836_open_q1,symmetry_pattern_1836.png,"[""symmetry_type=3-fold rotation; pattern_status=intact""]","[""whole pattern""]",{},3-fold rotation,intact
symmetry_pattern_1837_open_q1,symmetry_pattern_1837.png,"[""symmetry_type=4-fold rotation; pattern_status=broken""]","[""whole pattern""]",{},4-fold rotation,broken
symmetry_pattern_1838_open_q1,symmetry_pattern_1838.png,"[""symmetry_type=6-fold rotation; pattern_status=intact""]","[""whole pattern""]",{},6-fold rotation,intact
symmetry_pattern_1839_open_q1,symmetry_pattern_1839.png,"[""symmetry_type=horizontal mirror; pattern_status=broken""]","[""whole pattern""]",{},horizontal mirror,broken
symmetry_pattern_1840_open_q1,symmetry_pattern_1840.png,"[""symmetry_type=vertical mirror; pattern_status=intact""]","[""whole pattern""]",{},vertical mirror,intact
symmetry_pattern_1841_open_q1,symmetry_pattern_1841.png,"[""symmetry_type=horizontal and vertical mirrors; pattern_status=broken""]","[""whole pattern""]",{},horizontal and vertical mirrors,broken
symmetry_pattern_1842_open_q1,symmetry_pattern_1842.png,"[""symmetry_type=2-fold rotation; pattern_status=intact""]","[""whole pattern""]",{},2-fold rotation,intact
symmetry_pattern_1843_open_q1,symmetry_pattern_1843.png,"[""symmetry_type=3-fold rotation; pattern_status=broken""]","[""whole pattern""]",{},3-fold rotation,broken
symmetry_pattern_1844_open_q1,symmetry_pattern_1844.png,"[""symmetry_type=4-fold rotation; pattern_status=intact""]","[""whole pattern""]",{},4-fold rotation,intact
symmetry_pattern_1845_open_q1,symmetry_pattern_1845.png,"[""symmetry_type=6-fold rotation; pattern_status=broken""]","[""whole pattern""]",{},6-fold rotation,broken
symmetry_pattern_1846_open_q1,symmetry_pattern_1846.png,"[""symmetry_type=horizontal mirror; pattern_status=intact""]","[""whole pattern""]",{},horizontal mirror,intact
symmetry_pattern_1847_open_q1,symmetry_pattern_1847.png,"[""symmetry_type=vertical mirror; pattern_status=broken""]","[""whole pattern""]",{},vertical mirror,broken
symmetry_pattern_1848_open_q1,symmetry_pattern_1848.png,"[""symmetry_type=horizontal and vertical mirrors; pattern_status=intact""]","[""whole pattern""]",{},horizontal and vertical mirrors,intact
symmetry_pattern_1849_open_q1,symmetry_pattern_1849.png,"[""symmetry_type=2-fold rotation; pattern_status=broken""]","[""whole pattern""]",{},2-fold rotation,broken
symmetry_pattern_1850_open_q1,symmetry_pattern_1850.png,"[""symmetry_type=3-fold rotation; pattern_status=intact""]","[""whole pattern""]",{},3-fold rotation,intact
symmetry_pattern_1851_open_q1,symmetry_pattern_1851.png,"[""symmetry_type=4-fold rotation; pattern_status=broken""]","[""whole pattern""]",{},4-fold rotation,broken
symmetry_pattern_1852_open_q1,symmetry_pattern_1852.png,"[""symmetry_type=6-fold rotation; pattern_status=intact""]","[""whole pattern""]",{},6-fold rotation,intact
symmetry_pattern_1853_open_q1,symmetry_pattern_1853.png,"[""symmetry_type=horizontal mirror; pattern_status=broken""]","[""whole pattern""]",{},horizontal mirror,broken
symmetry_pattern_1854_open_q1,symmetry_pattern_1854.png,"[""symmetry_type=vertical mirror; pattern_status=intact""]","[""whole pattern""]",{},vertical mirror,intact
symmetry_pattern_1855_open_q1,symmetry_pattern_1855.png,"[""symmetry_type=horizontal and vertical mirrors; pattern_status=broken""]","[""whole pattern""]",{},horizontal and vertical mirrors,broken
symmetry_pattern_1856_open_q1,symmetry_pattern_1856.png,"[""symmetry_type=2-fold rotation; pattern_status=intact""]","[""whole pattern""]",{},2-fold rotation,intact
symmetry_pattern_1857_open_q1,symmetry_pattern_1857.png,"[""symmetry_type=3-fold rotation; pattern_status=broken""]","[""whole pattern""]",{},3-fold rotation,broken
symmetry_pattern_1858_open_q1,symmetry_pattern_1858.png,"[""symmetry_type=4-fold rotation; pattern_status=intact""]","[""whole pattern""]",{},4-fold rotation,intact
symmetry_pattern_1859_open_q1,symmetry_pattern_1859.png,"[""symmetry_type=6-fold rotation; pattern_status=broken""]","[""whole pattern""]",{},6-fold rotation,broken
symmetry_pattern_1860_open_q1,symmetry_pattern_1860.png,"[""symmetry_type=horizontal mirror; pattern_status=intact""]","[""whole pattern""]",{},horizontal mirror,intact
symmetry_pattern_1861_open_q1,symmetry_pattern_1861.png,"[""symmetry_type=vertical mirror; pattern_status=broken""]","[""whole pattern""]",{},vertical mirror,broken
symmetry_pattern_1862_open_q1,symmetry_pattern_1862.png,"[""symmetry_type=horizontal and vertical mirrors; pattern_status=intact""]","[""whole pattern""]",{},horizontal and vertical mirrors,intact
symmetry_pattern_1863_open_q1,symmetry_pattern_1863.png,"[""symmetry_type=2-fold rotation; pattern_status=broken""]","[""whole pattern""]",{},2-fold rotation,broken
symmetry_pattern_1864_open_q1,symmetry_pattern_1864.png,"[""symmetry_type=3-fold rotation; pattern_status=intact""]","[""whole pattern""]",{},3-fold rotation,intact
symmetry_pattern_1865_open_q1,symmetry_pattern_1865.png,"[""symmetry_type=4-fold rotation; pattern_status=broken""]","[""whole pattern""]",{},4-fold rotation,broken
symmetry_pattern_1866_open_q1,symmetry_pattern_1866.png,"[""symmetry_type=6-fold rotation; pattern_status=intact""]","[""whole pattern""]",{},6-fold rotation,intact
symmetry_pattern_1867_open_q1,symmetry_pattern_1867.png,"[""symmetry_type=horizontal mirror; pattern_status=broken""]","[""whole pattern""]",{},horizontal mirror,broken
symmetry_pattern_1868_open_q1,symmetry_pattern_1868.png,"[""symmetry_type=vertical mirror; pattern_status=intact""]","[""whole pattern""]",{},vertical mirror,intact
symmetry_pattern_1869_open_q1,symmetry_pattern_1869.png,"[""symmetry_type=horizontal and vertical mirrors; pattern_status=broken""]","[""whole pattern""]",{},horizontal and vertical mirrors,broken
symmetry_pattern_1870_open_q1,symmetry_pattern_1870.png,"[""symmetry_type=2-fold rotation; pattern_status=intact""]","[""whole pattern""]",{},2-fold rotation,intact
symmetry_pattern_1871_open_q1,symmetry_pattern_1871.png,"[""symmetry_type=3-fold rotation; pattern_status=broken""]","[""whole pattern""]",{},3-fold rotation,broken
symmetry_pattern_1872_open_q1,symmetry_pattern_1872.png,"[""symmetry_type=4-fold rotation; pattern_status=intact""]","[""whole pattern""]",{},4-fold rotation,intact
symmetry_pattern_1873_open_q1,symmetry_pattern_1873.png,"[""symmetry_type=6-fold rotation; pattern_status=broken""]","[""whole pattern""]",{},6-fold rotation,broken
symmetry_pattern_1874_open_q1,symmetry_pattern_1874.png,"[""symmetry_type=horizontal mirror; pattern_status=intact""]","[""whole pattern""]",{},horizontal mirror,intact
symmetry_pattern_1875_open_q1,symmetry_pattern_1875.png,"[""symmetry_type=vertical mirror; pattern_status=broken""]","[""whole pattern""]",{},vertical mirror,broken
symmetry_pattern_1876_open_q1,symmetry_pattern_1876.png,"[""symmetry_type=horizontal and vertical mirrors; pattern_status=intact""]","[""whole pattern""]",{},horizontal and vertical mirrors,intact
symmetry_pattern_1877_open_q1,symmetry_pattern_1877.png,"[""symmetry_type=2-fold rotation; pattern_status=broken""]","[""whole pattern""]",{},2-fold rotation,broken
symmetry_pattern_1878_open_q1,symmetry_pattern_1878.png,"[""symmetry_type=3-fold rotation; pattern_status=intact""]","[""whole pattern""]",{},3-fold rotation,intact
symmetry_pattern_1879_open_q1,symmetry_pattern_1879.png,"[""symmetry_type=4-fold rotation; pattern_status=broken""]","[""whole pattern""]",{},4-fold rotation,broken
symmetry_pattern_1880_open_q1,symmetry_pattern_1880.png,"[""symmetry_type=6-fold rotation; pattern_status=intact""]","[""whole pattern""]",{},6-fold rotation,intact
symmetry_pattern_1881_open_q1,symmetry_pattern_1881.png,"[""symmetry_type=horizontal mirror; pattern_status=broken""]","[""whole pattern""]",{},horizontal mirror,broken
symmetry_pattern_1882_open_q1,symmetry_pattern_1882.png,"[""symmetry_type=vertical mirror; pattern_status=intact""]","[""whole pattern""]",{},vertical mirror,intact
symmetry_pattern_1883_open_q1,symmetry_pattern_1883.png,"[""symmetry_type=horizontal and vertical mirrors; pattern_status=broken""]","[""whole pattern""]",{},horizontal and vertical mirrors,broken
symmetry_pattern_1884_open_q1,symmetry_pattern_1884.png,"[""symmetry_type=2-fold rotation; pattern_status=intact""]","[""whole pattern""]",{},2-fold rotation,intact
symmetry_pattern_1885_open_q1,symmetry_pattern_1885.png,"[""symmetry_type=3-fold rotation; pattern_status=broken""]","[""whole pattern""]",{},3-fold rotation,broken
symmetry_pattern_1886_open_q1,symmetry_pattern_1886.png,"[""symmetry_type=4-fold rotation; pattern_status=intact""]","[""whole pattern""]",{},4-fold rotation,intact
symmetry_pattern_1887_open_q1,symmetry_pattern_1887.png,"[""symmetry_type=6-fold rotation; pattern_status=broken""]","[""whole pattern""]",{},6-fold rotation,broken
symmetry_pattern_1888_open_q1,symmetry_pattern_1888.png,"[""symmetry_type=horizontal mirror; pattern_status=intact""]","[""whole pattern""]",{},horizontal mirror,intact
symmetry_pattern_1889_open_q1,symmetry_pattern_1889.png,"[""symmetry_type=vertical mirror; pattern_status=broken""]","[""whole pattern""]",{},vertical mirror,broken
symmetry_pattern_1890_open_q1,symmetry_pattern_1890.png,"[""symmetry_type=horizontal and vertical mirrors; pattern_status=intact""]","[""whole pattern""]",{},horizontal and vertical mirrors,intact
symmetry_pattern_1891_open_q1,symmetry_pattern_1891.png,"[""symmetry_type=2-fold rotation; pattern_status=broken""]","[""whole pattern""]",{},2-fold rotation,broken
symmetry_pattern_1892_open_q1,symmetry_pattern_1892.png,"[""symmetry_type=3-fold rotation; pattern_status=intact""]","[""whole pattern""]",{},3-fold rotation,intact
symmetry_pattern_1893_open_q1,symmetry_pattern_1893.png,"[""symmetry_type=4-fold rotation; pattern_status=broken""]","[""whole pattern""]",{},4-fold rotation,broken
symmetry_pattern_1894_open_q1,symmetry_pattern_1894.png,"[""symmetry_type=6-fold rotation; pattern_status=intact""]","[""whole pattern""]",{},6-fold rotation,intact
symmetry_pattern_1895_open_q1,symmetry_pattern_1895.png,"[""symmetry_type=horizontal mirror; pattern_status=broken""]","[""whole pattern""]",{},horizontal mirror,broken
symmetry_pattern_1896_open_q1,symmetry_pattern_1896.png,"[""symmetry_type=vertical mirror; pattern_status=intact""]","[""whole pattern""]",{},vertical mirror,intact
symmetry_pattern_1897_open_q1,symmetry_pattern_1897.png,"[""symmetry_type=horizontal and vertical mirrors; pattern_status=broken""]","[""whole pattern""]",{},horizontal and vertical mirrors,broken
symmetry_pattern_1898_open_q1,symmetry_pattern_1898.png,"[""symmetry_type=2-fold rotation; pattern_status=intact""]","[""whole pattern""]",{},2-fold rotation,intact
symmetry_pattern_1899_open_q1,symmetry_pattern_1899.png,"[""symmetry_type=3-fold rotation; pattern_status=broken""]","[""whole pattern""]",{},3-fold rotation,broken
symmetry_pattern_1900_open_q1,symmetry_pattern_1900.png,"[""symmetry_type=4-fold rotation; pattern_status=intact""]","[""whole pattern""]",{},4-fold rotation,intact
symmetry_pattern_1901_open_q1,symmetry_pattern_1901.png,"[""symmetry_type=6-fold rotation; pattern_status=broken""]","[""whole pattern""]",{},6-fold rotation,broken
symmetry_pattern_1902_open_q1,symmetry_pattern_1902.png,"[""symmetry_type=horizontal mirror; pattern_status=intact""]","[""whole pattern""]",{},horizontal mirror,intact
symmetry_pattern_1903_open_q1,symmetry_pattern_1903.png,"[""symmetry_type=vertical mirror; pattern_status=broken""]","[""whole pattern""]",{},vertical mirror,broken
symmetry_pattern_1904_open_q1,symmetry_pattern_1904.png,"[""symmetry_type=horizontal and vertical mirrors; pattern_status=intact""]","[""whole pattern""]",{},horizontal and vertical mirrors,intact
symmetry_pattern_1905_open_q1,symmetry_pattern_1905.png,"[""symmetry_type=2-fold rotation; pattern_status=broken""]","[""whole pattern""]",{},2-fold rotation,broken
symmetry_pattern_1906_open_q1,symmetry_pattern_1906.png,"[""symmetry_type=3-fold rotation; pattern_status=intact""]","[""whole pattern""]",{},3-fold rotation,intact
symmetry_pattern_1907_open_q1,symmetry_pattern_1907.png,"[""symmetry_type=4-fold rotation; pattern_status=broken""]","[""whole pattern""]",{},4-fold rotation,broken
symmetry_pattern_1908_open_q1,symmetry_pattern_1908.png,"[""symmetry_type=6-fold rotation; pattern_status=intact""]","[""whole pattern""]",{},6-fold rotation,intact
symmetry_pattern_1909_open_q1,symmetry_pattern_1909.png,"[""symmetry_type=horizontal mirror; pattern_status=broken""]","[""whole pattern""]",{},horizontal mirror,broken
symmetry_pattern_1910_open_q1,symmetry_pattern_1910.png,"[""symmetry_type=vertical mirror; pattern_status=intact""]","[""whole pattern""]",{},vertical mirror,intact
symmetry_pattern_1911_open_q1,symmetry_pattern_1911.png,"[""symmetry_type=horizontal and vertical mirrors; pattern_status=broken""]","[""whole pattern""]",{},horizontal and vertical mirrors,broken
symmetry_pattern_1912_open_q1,symmetry_pattern_1912.png,"[""symmetry_type=2-fold rotation; pattern_status=intact""]","[""whole pattern""]",{},2-fold rotation,intact
symmetry_pattern_1913_open_q1,symmetry_pattern_1913.png,"[""symmetry_type=3-fold rotation; pattern_status=broken""]","[""whole pattern""]",{},3-fold rotation,broken
symmetry_pattern_1914_open_q1,symmetry_pattern_1914.png,"[""symmetry_type=4-fold rotation; pattern_status=intact""]","[""whole pattern""]",{},4-fold rotation,intact
symmetry_pattern_1915_open_q1,symmetry_pattern_1915.png,"[""symmetry_type=6-fold rotation; pattern_status=broken""]","[""whole pattern""]",{},6-fold rotation,broken
symmetry_pattern_1916_open_q1,symmetry_pattern_1916.png,"[""symmetry_type=horizontal mirror; pattern_status=intact""]","[""whole pattern""]",{},horizontal mirror,intact
symmetry_pattern_1917_open_q1,symmetry_pattern_1917.png,"[""symmetry_type=vertical mirror; pattern_status=broken""]","[""whole pattern""]",{},vertical mirror,broken
symmetry_pattern_1918_open_q1,symmetry_pattern_1918.png,"[""symmetry_type=horizontal and vertical mirrors; pattern_status=intact""]","[""whole pattern""]",{},horizontal and vertical mirrors,intact
symmetry_pattern_1919_open_q1,symmetry_pattern_1919.png,"[""symmetry_type=2-fold rotation; pattern_status=broken""]","[""whole pattern""]",{},2-fold rotation,broken
symmetry_pattern_1920_open_q1,symmetry_pattern_1920.png,"[""symmetry_type=3-fold rotation; pattern_status=intact""]","[""whole pattern""]",{},3-fold rotation,intact
symmetry_pattern_1921_open_q1,symmetry_pattern_1921.png,"[""symmetry_type=4-fold rotation; pattern_status=broken""]","[""whole pattern""]",{},4-fold rotation,broken
symmetry_pattern_1922_open_q1,symmetry_pattern_1922.png,"[""symmetry_type=6-fold rotation; pattern_status=intact""]","[""whole pattern""]",{},6-fold rotation,intact
symmetry_pattern_1923_open_q1,symmetry_pattern_1923.png,"[""symmetry_type=horizontal mirror; pattern_status=broken""]","[""whole pattern""]",{},horizontal mirror,broken
symmetry_pattern_1924_open_q1,symmetry_pattern_1924.png,"[""symmetry_type=vertical mirror; pattern_status=intact""]","[""whole pattern""]",{},vertical mirror,intact
symmetry_pattern_1925_open_q1,symmetry_pattern_1925.png,"[""symmetry_type=horizontal and vertical mirrors; pattern_status=broken""]","[""whole pattern""]",{},horizontal and vertical mirrors,broken
symmetry_pattern_1926_open_q1,symmetry_pattern_1926.png,"[""symmetry_type=2-fold rotation; pattern_status=intact""]","[""whole pattern""]",{},2-fold rotation,intact
symmetry_pattern_1927_open_q1,symmetry_pattern_1927.png,"[""symmetry_type=3-fold rotation; pattern_status=broken""]","[""whole pattern""]",{},3-fold rotation,broken
symmetry_pattern_1928_open_q1,symmetry_pattern_1928.png,"[""symmetry_type=4-fold rotation; pattern_status=intact""]","[""whole pattern""]",{},4-fold rotation,intact
symmetry_pattern_1929_open_q1,symmetry_pattern_1929.png,"[""symmetry_type=6-fold rotation; pattern_status=broken""]","[""whole pattern""]",{},6-fold rotation,broken
symmetry_pattern_1930_open_q1,symmetry_pattern_1930.png,"[""symmetry_type=horizontal mirror; pattern_status=intact""]","[""whole pattern""]",{},horizontal mirror,intact
symmetry_pattern_1931_open_q1,symmetry_pattern_1931.png,"[""symmetry_type=vertical mirror; pattern_status=broken""]","[""whole pattern""]",{},vertical mirror,broken
symmetry_pattern_1932_open_q1,symmetry_pattern_1932.png,"[""symmetry_type=horizontal and vertical mirrors; pattern_status=intact""]","[""whole pattern""]",{},horizontal and vertical mirrors,intact
symmetry_pattern_1933_open_q1,symmetry_pattern_1933.png,"[""symmetry_type=2-fold rotation; pattern_status=broken""]","[""whole pattern""]",{},2-fold rotation,broken
symmetry_pattern_1934_open_q1,symmetry_pattern_1934.png,"[""symmetry_type=3-fold rotation; pattern_status=intact""]","[""whole pattern""]",{},3-fold rotation,intact
symmetry_pattern_1935_open_q1,symmetry_pattern_1935.png,"[""symmetry_type=4-fold rotation; pattern_status=broken""]","[""whole pattern""]",{},4-fold rotation,broken
symmetry_pattern_1936_open_q1,symmetry_pattern_1936.png,"[""symmetry_type=6-fold rotation; pattern_status=intact""]","[""whole pattern""]",{},6-fold rotation,intact
symmetry_pattern_1937_open_q1,symmetry_pattern_1937.png,"[""symmetry_type=horizontal mirror; pattern_status=broken""]","[""whole pattern""]",{},horizontal mirror,broken
symmetry_pattern_1938_open_q1,symmetry_pattern_1938.png,"[""symmetry_type=vertical mirror; pattern_status=intact""]","[""whole pattern""]",{},vertical mirror,intact
symmetry_pattern_1939_open_q1,symmetry_pattern_1939.png,"[""symmetry_type=horizontal and vertical mirrors; pattern_status=broken""]","[""whole pattern""]",{},horizontal and vertical mirrors,broken
symmetry_pattern_1940_open_q1,symmetry_pattern_1940.png,"[""symmetry_type=2-fold rotation; pattern_status=intact""]","[""whole pattern""]",{},2-fold rotation,intact
symmetry_pattern_1941_open_q1,symmetry_pattern_1941.png,"[""symmetry_type=3-fold rotation; pattern_status=broken""]","[""whole pattern""]",{},3-fold rotation,broken
symmetry_pattern_1942_open_q1,symmetry_pattern_1942.png,"[""symmetry_type=4-fold rotation; pattern_status=intact""]","[""whole pattern""]",{},4-fold rotation,intact
symmetry_pattern_1943_open_q1,symmetry_pattern_1943.png,"[""symmetry_type=6-fold rotation; pattern_status=broken""]","[""whole pattern""]",{},6-fold rotation,broken
symmetry_pattern_1944_open_q1,symmetry_pattern_1944.png,"[""symmetry_type=horizontal mirror; pattern_status=intact""]","[""whole pattern""]",{},horizontal mirror,intact
symmetry_pattern_1945_open_q1,symmetry_pattern_1945.png,"[""symmetry_type=vertical mirror; pattern_status=broken""]","[""whole pattern""]",{},vertical mirror,broken
symmetry_pattern_1946_open_q1,symmetry_pattern_1946.png,"[""symmetry_type=horizontal and vertical mirrors; pattern_status=intact""]","[""whole pattern""]",{},horizontal and vertical mirrors,intact
symmetry_pattern_1947_open_q1,symmetry_pattern_1947.png,"[""symmetry_type=2-fold rotation; pattern_status=broken""]","[""whole pattern""]",{},2-fold rotation,broken
symmetry_pattern_1948_open_q1,symmetry_pattern_1948.png,"[""symmetry_type=3-fold rotation; pattern_status=intact""]","[""whole pattern""]",{},3-fold rotation,intact
symmetry_pattern_1949_open_q1,symmetry_pattern_1949.png,"[""symmetry_type=4-fold rotation; pattern_status=broken""]","[""whole pattern""]",{},4-fold rotation,broken
symmetry_pattern_1950_open_q1,symmetry_pattern_1950.png,"[""symmetry_type=6-fold rotation; pattern_status=intact""]","[""whole pattern""]",{},6-fold rotation,intact
symmetry_pattern_1951_open_q1,symmetry_pattern_1951.png,"[""symmetry_type=horizontal mirror; pattern_status=broken""]","[""whole pattern""]",{},horizontal mirror,broken
symmetry_pattern_1952_open_q1,symmetry_pattern_1952.png,"[""symmetry_type=vertical mirror; pattern_status=intact""]","[""whole pattern""]",{},vertical mirror,intact
symmetry_pattern_1953_open_q1,symmetry_pattern_1953.png,"[""symmetry_type=horizontal and vertical mirrors; pattern_status=broken""]","[""whole pattern""]",{},horizontal and vertical mirrors,broken
symmetry_pattern_1954_open_q1,symmetry_pattern_1954.png,"[""symmetry_type=2-fold rotation; pattern_status=intact""]","[""whole pattern""]",{},2-fold rotation,intact
symmetry_pattern_1955_open_q1,symmetry_pattern_1955.png,"[""symmetry_type=3-fold rotation; pattern_status=broken""]","[""whole pattern""]",{},3-fold rotation,broken
symmetry_pattern_1956_open_q1,symmetry_pattern_1956.png,"[""symmetry_type=4-fold rotation; pattern_status=intact""]","[""whole pattern""]",{},4-fold rotation,intact
symmetry_pattern_1957_open_q1,symmetry_pattern_1957.png,"[""symmetry_type=6-fold rotation; pattern_status=broken""]","[""whole pattern""]",{},6-fold rotation,broken
symmetry_pattern_1958_open_q1,symmetry_pattern_1958.png,"[""symmetry_type=horizontal mirror; pattern_status=intact""]","[""whole pattern""]",{},horizontal mirror,intact
symmetry_pattern_1959_open_q1,symmetry_pattern_1959.png,"[""symmetry_type=vertical mirror; pattern_status=broken""]","[""whole pattern""]",{},vertical mirror,broken
symmetry_pattern_1960_open_q1,symmetry_pattern_1960.png,"[""symmetry_type=horizontal and vertical mirrors; pattern_status=intact""]","[""whole pattern""]",{},horizontal and vertical mirrors,intact
symmetry_pattern_1961_open_q1,symmetry_pattern_1961.png,"[""symmetry_type=2-fold rotation; pattern_status=broken""]","[""whole pattern""]",{},2-fold rotation,broken
symmetry_pattern_1962_open_q1,symmetry_pattern_1962.png,"[""symmetry_type=3-fold rotation; pattern_status=intact""]","[""whole pattern""]",{},3-fold rotation,intact
symmetry_pattern_1963_open_q1,symmetry_pattern_1963.png,"[""symmetry_type=4-fold rotation; pattern_status=broken""]","[""whole pattern""]",{},4-fold rotation,broken
symmetry_pattern_1964_open_q1,symmetry_pattern_1964.png,"[""symmetry_type=6-fold rotation; pattern_status=intact""]","[""whole pattern""]",{},6-fold rotation,intact
symmetry_pattern_1965_open_q1,symmetry_pattern_1965.png,"[""symmetry_type=horizontal mirror; pattern_status=broken""]","[""whole pattern""]",{},horizontal mirror,broken
symmetry_pattern_1966_open_q1,symmetry_pattern_1966.png,"[""symmetry_type=vertical mirror; pattern_status=intact""]","[""whole pattern""]",{},vertical mirror,intact
symmetry_pattern_1967_open_q1,symmetry_pattern_1967.png,"[""symmetry_type=horizontal and vertical mirrors; pattern_status=broken""]","[""whole pattern""]",{},horizontal and vertical mirrors,broken
symmetry_pattern_1968_open_q1,symmetry_pattern_1968.png,"[""symmetry_type=2-fold rotation; pattern_status=intact""]","[""whole pattern""]",{},2-fold rotation,intact
symmetry_pattern_1969_open_q1,symmetry_pattern_1969.png,"[""symmetry_type=3-fold rotation; pattern_status=broken""]","[""whole pattern""]",{},3-fold rotation,broken
symmetry_pattern_1970_open_q1,symmetry_pattern_1970.png,"[""symmetry_type=4-fold rotation; pattern_status=intact""]","[""whole pattern""]",{},4-fold rotation,intact
symmetry_pattern_1971_open_q1,symmetry_pattern_1971.png,"[""symmetry_type=6-fold rotation; pattern_status=broken""]","[""whole pattern""]",{},6-fold rotation,broken
symmetry_pattern_1972_open_q1,symmetry_pattern_1972.png,"[""symmetry_type=horizontal mirror; pattern_status=intact""]","[""whole pattern""]",{},horizontal mirror,intact
symmetry_pattern_1973_open_q1,symmetry_pattern_1973.png,"[""symmetry_type=vertical mirror; pattern_status=broken""]","[""whole pattern""]",{},vertical mirror,broken
symmetry_pattern_1974_open_q1,symmetry_pattern_1974.png,"[""symmetry_type=horizontal and vertical mirrors; pattern_status=intact""]","[""whole pattern""]",{},horizontal and vertical mirrors,intact
symmetry_pattern_1975_open_q1,symmetry_pattern_1975.png,"[""symmetry_type=2-fold rotation; pattern_status=broken""]","[""whole pattern""]",{},2-fold rotation,broken
symmetry_pattern_1976_open_q1,symmetry_pattern_1976.png,"[""symmetry_type=3-fold rotation; pattern_status=intact""]","[""whole pattern""]",{},3-fold rotation,intact
symmetry_pattern_1977_open_q1,symmetry_pattern_1977.png,"[""symmetry_type=4-fold rotation; pattern_status=broken""]","[""whole pattern""]",{},4-fold rotation,broken
symmetry_pattern_1978_open_q1,symmetry_pattern_1978.png,"[""symmetry_type=6-fold rotation; pattern_status=intact""]","[""whole pattern""]",{},6-fold rotation,intact
symmetry_pattern_1979_open_q1,symmetry_pattern_1979.png,"[""symmetry_type=horizontal mirror; pattern_status=broken""]","[""whole pattern""]",{},horizontal mirror,broken
symmetry_pattern_1980_open_q1,symmetry_pattern_1980.png,"[""symmetry_type=vertical mirror; pattern_status=intact""]","[""whole pattern""]",{},vertical mirror,intact
symmetry_pattern_1981_open_q1,symmetry_pattern_1981.png,"[""symmetry_type=horizontal and vertical mirrors; pattern_status=broken""]","[""whole pattern""]",{},horizontal and vertical mirrors,broken
symmetry_pattern_1982_open_q1,symmetry_pattern_1982.png,"[""symmetry_type=2-fold rotation; pattern_status=intact""]","[""whole pattern""]",{},2-fold rotation,intact
symmetry_pattern_1983_open_q1,symmetry_pattern_1983.png,"[""symmetry_type=3-fold rotation; pattern_status=broken""]","[""whole pattern""]",{},3-fold rotation,broken
symmetry_pattern_1984_open_q1,symmetry_pattern_1984.png,"[""symmetry_type=4-fold rotation; pattern_status=intact""]","[""whole pattern""]",{},4-fold rotation,intact
symmetry_pattern_1985_open_q1,symmetry_pattern_1985.png,"[""symmetry_type=6-fold rotation; pattern_status=broken""]","[""whole pattern""]",{},6-fold rotation,broken
symmetry_pattern_1986_open_q1,symmetry_pattern_1986.png,"[""symmetry_type=horizontal mirror; pattern_status=intact""]","[""whole pattern""]",{},horizontal mirror,intact
symmetry_pattern_1987_open_q1,symmetry_pattern_1987.png,"[""symmetry_type=vertical mirror; pattern_status=broken""]","[""whole pattern""]",{},vertical mirror,broken
symmetry_pattern_1988_open_q1,symmetry_pattern_1988.png,"[""symmetry_type=horizontal and vertical mirrors; pattern_status=intact""]","[""whole pattern""]",{},horizontal and vertical mirrors,intact
symmetry_pattern_1989_open_q1,symmetry_pattern_1989.png,"[""symmetry_type=2-fold rotation; pattern_status=broken""]","[""whole pattern""]",{},2-fold rotation,broken
symmetry_pattern_1990_open_q1,symmetry_pattern_1990.png,"[""symmetry_type=3-fold rotation; pattern_status=intact""]","[""whole pattern""]",{},3-fold rotation,intact
symmetry_pattern_1991_open_q1,symmetry_pattern_1991.png,"[""symmetry_type=4-fold rotation; pattern_status=broken""]","[""whole pattern""]",{},4-fold rotation,broken
symmetry_pattern_1992_open_q1,symmetry_pattern_1992.png,"[""symmetry_type=6-fold rotation; pattern_status=intact""]","[""whole pattern""]",{},6-fold rotation,intact
symmetry_pattern_1993_open_q1,symmetry_pattern_1993.png,"[""symmetry_type=horizontal mirror; pattern_status=broken""]","[""whole pattern""]",{},horizontal mirror,broken
symmetry_pattern_1994_open_q1,symmetry_pattern_1994.png,"[""symmetry_type=vertical mirror; pattern_status=intact""]","[""whole pattern""]",{},vertical mirror,intact
symmetry_pattern_1995_open_q1,symmetry_pattern_1995.png,"[""symmetry_type=horizontal and vertical mirrors; pattern_status=broken""]","[""whole pattern""]",{},horizontal and vertical mirrors,broken
symmetry_pattern_1996_open_q1,symmetry_pattern_1996.png,"[""symmetry_type=2-fold rotation; pattern_status=intact""]","[""whole pattern""]",{},2-fold rotation,intact
symmetry_pattern_1997_open_q1,symmetry_pattern_1997.png,"[""symmetry_type=3-fold rotation; pattern_status=broken""]","[""whole pattern""]",{},3-fold rotation,broken
symmetry_pattern_1998_open_q1,symmetry_pattern_1998.png,"[""symmetry_type=4-fold rotation; pattern_status=intact""]","[""whole pattern""]",{},4-fold rotation,intact
symmetry_pattern_1999_open_q1,symmetry_pattern_1999.png,"[""symmetry_type=6-fold rotation; pattern_status=broken""]","[""whole pattern""]",{},6-fold rotation,broken
symmetry_pattern_2000_open_q1,symmetry_pattern_2000.png,"[""symmetry_type=horizontal mirror; pattern_status=intact""]","[""whole pattern""]",{},horizontal mirror,intact
symmetry_pattern_2001_open_q1,symmetry_pattern_2001.png,"[""symmetry_type=vertical mirror; pattern_status=broken""]","[""whole pattern""]",{},vertical mirror,broken
symmetry_pattern_2002_open_q1,symmetry_pattern_2002.png,"[""symmetry_type=horizontal and vertical mirrors; pattern_status=intact""]","[""whole pattern""]",{},horizontal and vertical mirrors,intact
symmetry_pattern_2003_open_q1,symmetry_pattern_2003.png,"[""symmetry_type=2-fold rotation; pattern_status=broken""]","[""whole pattern""]",{},2-fold rotation,broken
symmetry_pattern_2004_open_q1,symmetry_pattern_2004.png,"[""symmetry_type=3-fold rotation; pattern_status=intact""]","[""whole pattern""]",{},3-fold rotation,intact
symmetry_pattern_2005_open_q1,symmetry_pattern_2005.png,"[""symmetry_type=4-fold rotation; pattern_status=broken""]","[""whole pattern""]",{},4-fold rotation,broken
symmetry_pattern_2006_open_q1,symmetry_pattern_2006.png,"[""symmetry_type=6-fold rotation; pattern_status=intact""]","[""whole pattern""]",{},6-fold rotation,intact
symmetry_pattern_2007_open_q1,symmetry_pattern_2007.png,"[""symmetry_type=horizontal mirror; pattern_status=broken""]","[""whole pattern""]",{},horizontal mirror,broken
symmetry_pattern_2008_open_q1,symmetry_pattern_2008.png,"[""symmetry_type=vertical mirror; pattern_status=intact""]","[""whole pattern""]",{},vertical mirror,intact
symmetry_pattern_2009_open_q1,symmetry_pattern_2009.png,"[""symmetry_type=horizontal and vertical mirrors; pattern_status=broken""]","[""whole pattern""]",{},horizontal and vertical mirrors,broken
symmetry_pattern_2010_open_q1,symmetry_pattern_2010.png,"[""symmetry_type=2-fold rotation; pattern_status=intact""]","[""whole pattern""]",{},2-fold rotation,intact
symmetry_pattern_2011_open_q1,symmetry_pattern_2011.png,"[""symmetry_type=3-fold rotation; pattern_status=broken""]","[""whole pattern""]",{},3-fold rotation,broken
symmetry_pattern_2012_open_q1,symmetry_pattern_2012.png,"[""symmetry_type=4-fold rotation; pattern_status=intact""]","[""whole pattern""]",{},4-fold rotation,intact
symmetry_pattern_2013_open_q1,symmetry_pattern_2013.png,"[""symmetry_type=6-fold rotation; pattern_status=broken""]","[""whole pattern""]",{},6-fold rotation,broken
symmetry_pattern_2014_open_q1,symmetry_pattern_2014.png,"[""symmetry_type=horizontal mirror; pattern_status=intact""]","[""whole pattern""]",{},horizontal mirror,intact
symmetry_pattern_2015_open_q1,symmetry_pattern_2015.png,"[""symmetry_type=vertical mirror; pattern_status=broken""]","[""whole pattern""]",{},vertical mirror,broken
symmetry_pattern_2016_open_q1,symmetry_pattern_2016.png,"[""symmetry_type=horizontal and vertical mirrors; pattern_status=intact""]","[""whole pattern""]",{},horizontal and vertical mirrors,intact
symmetry_pattern_2017_open_q1,symmetry_pattern_2017.png,"[""symmetry_type=2-fold rotation; pattern_status=broken""]","[""whole pattern""]",{},2-fold rotation,broken
symmetry_pattern_2018_open_q1,symmetry_pattern_2018.png,"[""symmetry_type=3-fold rotation; pattern_status=intact""]","[""whole pattern""]",{},3-fold rotation,intact
symmetry_pattern_2019_open_q1,symmetry_pattern_2019.png,"[""symmetry_type=4-fold rotation; pattern_status=broken""]","[""whole pattern""]",{},4-fold rotation,broken
symmetry_pattern_2020_open_q1,symmetry_pattern_2020.png,"[""symmetry_type=6-fold rotation; pattern_status=intact""]","[""whole pattern""]",{},6-fold rotation,intact
symmetry_pattern_2021_open_q1,symmetry_pattern_2021.png,"[""symmetry_type=horizontal mirror; pattern_status=broken""]","[""whole pattern""]",{},horizontal mirror,broken
symmetry_pattern_2022_open_q1,symmetry_pattern_2022.png,"[""symmetry_type=vertical mirror; pattern_status=intact""]","[""whole pattern""]",{},vertical mirror,intact
symmetry_pattern_2023_open_q1,symmetry_pattern_2023.png,"[""symmetry_type=horizontal and vertical mirrors; pattern_status=broken""]","[""whole pattern""]",{},horizontal and vertical mirrors,broken
symmetry_pattern_2024_open_q1,symmetry_pattern_2024.png,"[""symmetry_type=2-fold rotation; pattern_status=intact""]","[""whole pattern""]",{},2-fold rotation,intact
symmetry_pattern_2025_open_q1,symmetry_pattern_2025.png,"[""symmetry_type=3-fold rotation; pattern_status=broken""]","[""whole pattern""]",{},3-fold rotation,broken
symmetry_pattern_2026_open_q1,symmetry_pattern_2026.png,"[""symmetry_type=4-fold rotation; pattern_status=intact""]","[""whole pattern""]",{},4-fold rotation,intact
symmetry_pattern_2027_open_q1,symmetry_pattern_2027.png,"[""symmetry_type=6-fold rotation; pattern_status=broken""]","[""whole pattern""]",{},6-fold rotation,broken
symmetry_pattern_2028_open_q1,symmetry_pattern_2028.png,"[""symmetry_type=horizontal mirror; pattern_status=intact""]","[""whole pattern""]",{},horizontal mirror,intact
symmetry_pattern_2029_open_q1,symmetry_pattern_2029.png,"[""symmetry_type=vertical mirror; pattern_status=broken""]","[""whole pattern""]",{},vertical mirror,broken
symmetry_pattern_2030_open_q1,symmetry_pattern_2030.png,"[""symmetry_type=horizontal and vertical mirrors; pattern_status=intact""]","[""whole pattern""]",{},horizontal and vertical mirrors,intact
symmetry_pattern_2031_open_q1,symmetry_pattern_2031.png,"[""symmetry_type=2-fold rotation; pattern_status=broken""]","[""whole pattern""]",{},2-fold rotation,broken
symmetry_pattern_2032_open_q1,symmetry_pattern_2032.png,"[""symmetry_type=3-fold rotation; pattern_status=intact""]","[""whole pattern""]",{},3-fold rotation,intact
symmetry_pattern_2033_open_q1,symmetry_pattern_2033.png,"[""symmetry_type=4-fold rotation; pattern_status=broken""]","[""whole pattern""]",{},4-fold rotation,broken
symmetry_pattern_2034_open_q1,symmetry_pattern_2034.png,"[""symmetry_type=6-fold rotation; pattern_status=intact""]","[""whole pattern""]",{},6-fold rotation,intact
symmetry_pattern_2035_open_q1,symmetry_pattern_2035.png,"[""symmetry_type=horizontal mirror; pattern_status=broken""]","[""whole pattern""]",{},horizontal mirror,broken
symmetry_pattern_2036_open_q1,symmetry_pattern_2036.png,"[""symmetry_type=vertical mirror; pattern_status=intact""]","[""whole pattern""]",{},vertical mirror,intact
symmetry_pattern_2037_open_q1,symmetry_pattern_2037.png,"[""symmetry_type=horizontal and vertical mirrors; pattern_status=broken""]","[""whole pattern""]",{},horizontal and vertical mirrors,broken
symmetry_pattern_2038_open_q1,symmetry_pattern_2038.png,"[""symmetry_type=2-fold rotation; pattern_status=intact""]","[""whole pattern""]",{},2-fold rotation,intact
symmetry_pattern_2039_open_q1,symmetry_pattern_2039.png,"[""symmetry_type=3-fold rotation; pattern_status=broken""]","[""whole pattern""]",{},3-fold rotation,broken
symmetry_pattern_2040_open_q1,symmetry_pattern_2040.png,"[""symmetry_type=4-fold rotation; pattern_status=intact""]","[""whole pattern""]",{},4-fold rotation,intact
symmetry_pattern_2041_open_q1,symmetry_pattern_2041.png,"[""symmetry_type=6-fold rotation; pattern_status=broken""]","[""whole pattern""]",{},6-fold rotation,broken
symmetry_pattern_2042_open_q1,symmetry_pattern_2042.png,"[""symmetry_type=horizontal mirror; pattern_status=intact""]","[""whole pattern""]",{},horizontal mirror,intact
symmetry_pattern_2043_open_q1,symmetry_pattern_2043.png,"[""symmetry_type=vertical mirror; pattern_status=broken""]","[""whole pattern""]",{},vertical mirror,broken
symmetry_pattern_2044_open_q1,symmetry_pattern_2044.png,"[""symmetry_type=horizontal and vertical mirrors; pattern_status=intact""]","[""whole pattern""]",{},horizontal and vertical mirrors,intact
symmetry_pattern_2045_open_q1,symmetry_pattern_2045.png,"[""symmetry_type=2-fold rotation; pattern_status=broken""]","[""whole pattern""]",{},2-fold rotation,broken
symmetry_pattern_2046_open_q1,symmetry_pattern_2046.png,"[""symmetry_type=3-fold rotation; pattern_status=intact""]","[""whole pattern""]",{},3-fold rotation,intact
symmetry_pattern_2047_open_q1,symmetry_pattern_2047.png,"[""symmetry_type=4-fold rotation; pattern_status=broken""]","[""whole pattern""]",{},4-fold rotation,broken
symmetry_pattern_2048_open_q1,symmetry_pattern_2048.png,"[""symmetry_type=6-fold rotation; pattern_status=intact""]","[""whole pattern""]",{},6-fold rotation,intact
symmetry_pattern_2049_open_q1,symmetry_pattern_2049.png,"[""symmetry_type=horizontal mirror; pattern_status=broken""]","[""whole pattern""]",{},horizontal mirror,broken
symmetry_pattern_2050_open_q1,symmetry_pattern_2050.png,"[""symmetry_type=vertical mirror; pattern_status=intact""]","[""whole pattern""]",{},vertical mirror,intact
symmetry_pattern_2051_open_q1,symmetry_pattern_2051.png,"[""symmetry_type=horizontal and vertical mirrors; pattern_status=broken""]","[""whole pattern""]",{},horizontal and vertical mirrors,broken
symmetry_pattern_2052_open_q1,symmetry_pattern_2052.png,"[""symmetry_type=2-fold rotation; pattern_status=intact""]","[""whole pattern""]",{},2-fold rotation,intact
symmetry_pattern_2053_open_q1,symmetry_pattern_2053.png,"[""symmetry_type=3-fold rotation; pattern_status=broken""]","[""whole pattern""]",{},3-fold rotation,broken
symmetry_pattern_2054_open_q1,symmetry_pattern_2054.png,"[""symmetry_type=4-fold rotation; pattern_status=intact""]","[""whole pattern""]",{},4-fold rotation,intact
symmetry_pattern_2055_open_q1,symmetry_pattern_2055.png,"[""symmetry_type=6-fold rotation; pattern_status=broken""]","[""whole pattern""]",{},6-fold rotation,broken
symmetry_pattern_2056_open_q1,symmetry_pattern_2056.png,"[""symmetry_type=horizontal mirror; pattern_status=intact""]","[""whole pattern""]",{},horizontal mirror,intact
symmetry_pattern_2057_open_q1,symmetry_pattern_2057.png,"[""symmetry_type=vertical mirror; pattern_status=broken""]","[""whole pattern""]",{},vertical mirror,broken
symmetry_pattern_2058_open_q1,symmetry_pattern_2058.png,"[""symmetry_type=horizontal and vertical mirrors; pattern_status=intact""]","[""whole pattern""]",{},horizontal and vertical mirrors,intact
symmetry_pattern_2059_open_q1,symmetry_pattern_2059.png,"[""symmetry_type=2-fold rotation; pattern_status=broken""]","[""whole pattern""]",{},2-fold rotation,broken
symmetry_pattern_2060_open_q1,symmetry_pattern_2060.png,"[""symmetry_type=3-fold rotation; pattern_status=intact""]","[""whole pattern""]",{},3-fold rotation,intact
symmetry_pattern_2061_open_q1,symmetry_pattern_2061.png,"[""symmetry_type=4-fold rotation; pattern_status=broken""]","[""whole pattern""]",{},4-fold rotation,broken
symmetry_pattern_2062_open_q1,symmetry_pattern_2062.png,"[""symmetry_type=6-fold rotation; pattern_status=intact""]","[""whole pattern""]",{},6-fold rotation,intact
symmetry_pattern_2063_open_q1,symmetry_pattern_2063.png,"[""symmetry_type=horizontal mirror; pattern_status=broken""]","[""whole pattern""]",{},horizontal mirror,broken
symmetry_pattern_2064_open_q1,symmetry_pattern_2064.png,"[""symmetry_type=vertical mirror; pattern_status=intact""]","[""whole pattern""]",{},vertical mirror,intact
symmetry_pattern_2065_open_q1,symmetry_pattern_2065.png,"[""symmetry_type=horizontal and vertical mirrors; pattern_status=broken""]","[""whole pattern""]",{},horizontal and vertical mirrors,broken
symmetry_pattern_2066_open_q1,symmetry_pattern_2066.png,"[""symmetry_type=2-fold rotation; pattern_status=intact""]","[""whole pattern""]",{},2-fold rotation,intact
symmetry_pattern_2067_open_q1,symmetry_pattern_2067.png,"[""symmetry_type=3-fold rotation; pattern_status=broken""]","[""whole pattern""]",{},3-fold rotation,broken
symmetry_pattern_2068_open_q1,symmetry_pattern_2068.png,"[""symmetry_type=4-fold rotation; pattern_status=intact""]","[""whole pattern""]",{},4-fold rotation,intact
symmetry_pattern_2069_open_q1,symmetry_pattern_2069.png,"[""symmetry_type=6-fold rotation; pattern_status=broken""]","[""whole pattern""]",{},6-fold rotation,broken
symmetry_pattern_2070_open_q1,symmetry_pattern_2070.png,"[""symmetry_type=horizontal mirror; pattern_status=intact""]","[""whole pattern""]",{},horizontal mirror,intact
symmetry_pattern_2071_open_q1,symmetry_pattern_2071.png,"[""symmetry_type=vertical mirror; pattern_status=broken""]","[""whole pattern""]",{},vertical mirror,broken
symmetry_pattern_2072_open_q1,symmetry_pattern_2072.png,"[""symmetry_type=horizontal and vertical mirrors; pattern_status=intact""]","[""whole pattern""]",{},horizontal and vertical mirrors,intact
symmetry_pattern_2073_open_q1,symmetry_pattern_2073.png,"[""symmetry_type=2-fold rotation; pattern_status=broken""]","[""whole pattern""]",{},2-fold rotation,broken
symmetry_pattern_2074_open_q1,symmetry_pattern_2074.png,"[""symmetry_type=3-fold rotation; pattern_status=intact""]","[""whole pattern""]",{},3-fold rotation,intact
symmetry_pattern_2075_open_q1,symmetry_pattern_2075.png,"[""symmetry_type=4-fold rotation; pattern_status=broken""]","[""whole pattern""]",{},4-fold rotation,broken
symmetry_pattern_2076_open_q1,symmetry_pattern_2076.png,"[""symmetry_type=6-fold rotation; pattern_status=intact""]","[""whole pattern""]",{},6-fold rotation,intact
symmetry_pattern_2077_open_q1,symmetry_pattern_2077.png,"[""symmetry_type=horizontal mirror; pattern_status=broken""]","[""whole pattern""]",{},horizontal mirror,broken
symmetry_pattern_2078_open_q1,symmetry_pattern_2078.png,"[""symmetry_type=vertical mirror; pattern_status=intact""]","[""whole pattern""]",{},vertical mirror,intact
symmetry_pattern_2079_open_q1,symmetry_pattern_2079.png,"[""symmetry_type=horizontal and vertical mirrors; pattern_status=broken""]","[""whole pattern""]",{},horizontal and vertical mirrors,broken
symmetry_pattern_2080_open_q1,symmetry_pattern_2080.png,"[""symmetry_type=2-fold rotation; pattern_status=intact""]","[""whole pattern""]",{},2-fold rotation,intact
symmetry_pattern_2081_open_q1,symmetry_pattern_2081.png,"[""symmetry_type=3-fold rotation; pattern_status=broken""]","[""whole pattern""]",{},3-fold rotation,broken
symmetry_pattern_2082_open_q1,symmetry_pattern_2082.png,"[""symmetry_type=4-fold rotation; pattern_status=intact""]","[""whole pattern""]",{},4-fold rotation,intact
symmetry_pattern_2083_open_q1,symmetry_pattern_2083.png,"[""symmetry_type=6-fold rotation; pattern_status=broken""]","[""whole pattern""]",{},6-fold rotation,broken
symmetry_pattern_2084_open_q1,symmetry_pattern_2084.png,"[""symmetry_type=horizontal mirror; pattern_status=intact""]","[""whole pattern""]",{},horizontal mirror,intact
symmetry_pattern_2085_open_q1,symmetry_pattern_2085.png,"[""symmetry_type=vertical mirror; pattern_status=broken""]","[""whole pattern""]",{},vertical mirror,broken
symmetry_pattern_2086_open_q1,symmetry_pattern_2086.png,"[""symmetry_type=horizontal and vertical mirrors; pattern_status=intact""]","[""whole pattern""]",{},horizontal and vertical mirrors,intact
symmetry_pattern_2087_open_q1,symmetry_pattern_2087.png,"[""symmetry_type=2-fold rotation; pattern_status=broken""]","[""whole pattern""]",{},2-fold rotation,broken
symmetry_pattern_2088_open_q1,symmetry_pattern_2088.png,"[""symmetry_type=3-fold rotation; pattern_status=intact""]","[""whole pattern""]",{},3-fold rotation,intact
symmetry_pattern_2089_open_q1,symmetry_pattern_2089.png,"[""symmetry_type=4-fold rotation; pattern_status=broken""]","[""whole pattern""]",{},4-fold rotation,broken
symmetry_pattern_2090_open_q1,symmetry_pattern_2090.png,"[""symmetry_type=6-fold rotation; pattern_status=intact""]","[""whole pattern""]",{},6-fold rotation,intact
symmetry_pattern_2091_open_q1,symmetry_pattern_2091.png,"[""symmetry_type=horizontal mirror; pattern_status=broken""]","[""whole pattern""]",{},horizontal mirror,broken
symmetry_pattern_2092_open_q1,symmetry_pattern_2092.png,"[""symmetry_type=vertical mirror; pattern_status=intact""]","[""whole pattern""]",{},vertical mirror,intact
symmetry_pattern_2093_open_q1,symmetry_pattern_2093.png,"[""symmetry_type=horizontal and vertical mirrors; pattern_status=broken""]","[""whole pattern""]",{},horizontal and vertical mirrors,broken
symmetry_pattern_2094_open_q1,symmetry_pattern_2094.png,"[""symmetry_type=2-fold rotation; pattern_status=intact""]","[""whole pattern""]",{},2-fold rotation,intact
symmetry_pattern_2095_open_q1,symmetry_pattern_2095.png,"[""symmetry_type=3-fold rotation; pattern_status=broken""]","[""whole pattern""]",{},3-fold rotation,broken
symmetry_pattern_2096_open_q1,symmetry_pattern_2096.png,"[""symmetry_type=4-fold rotation; pattern_status=intact""]","[""whole pattern""]",{},4-fold rotation,intact
symmetry_pattern_2097_open_q1,symmetry_pattern_2097.png,"[""symmetry_type=6-fold rotation; pattern_status=broken""]","[""whole pattern""]",{},6-fold rotation,broken
symmetry_pattern_2098_open_q1,symmetry_pattern_2098.png,"[""symmetry_type=horizontal mirror; pattern_status=intact""]","[""whole pattern""]",{},horizontal mirror,intact
symmetry_pattern_2099_open_q1,symmetry_pattern_2099.png,"[""symmetry_type=vertical mirror; pattern_status=broken""]","[""whole pattern""]",{},vertical mirror,broken
symmetry_pattern_2100_open_q1,symmetry_pattern_2100.png,"[""symmetry_type=horizontal and vertical mirrors; pattern_status=intact""]","[""whole pattern""]",{},horizontal and vertical mirrors,intact
symmetry_pattern_2101_open_q1,symmetry_pattern_2101.png,"[""symmetry_type=2-fold rotation; pattern_status=broken""]","[""whole pattern""]",{},2-fold rotation,broken
symmetry_pattern_2102_open_q1,symmetry_pattern_2102.png,"[""symmetry_type=3-fold rotation; pattern_status=intact""]","[""whole pattern""]",{},3-fold rotation,intact
symmetry_pattern_2103_open_q1,symmetry_pattern_2103.png,"[""symmetry_type=4-fold rotation; pattern_status=broken""]","[""whole pattern""]",{},4-fold rotation,broken
symmetry_pattern_2104_open_q1,symmetry_pattern_2104.png,"[""symmetry_type=6-fold rotation; pattern_status=intact""]","[""whole pattern""]",{},6-fold rotation,intact
symmetry_pattern_2105_open_q1,symmetry_pattern_2105.png,"[""symmetry_type=horizontal mirror; pattern_status=broken""]","[""whole pattern""]",{},horizontal mirror,broken
symmetry_pattern_2106_open_q1,symmetry_pattern_2106.png,"[""symmetry_type=vertical mirror; pattern_status=intact""]","[""whole pattern""]",{},vertical mirror,intact
symmetry_pattern_2107_open_q1,symmetry_pattern_2107.png,"[""symmetry_type=horizontal and vertical mirrors; pattern_status=broken""]","[""whole pattern""]",{},horizontal and vertical mirrors,broken
symmetry_pattern_2108_open_q1,symmetry_pattern_2108.png,"[""symmetry_type=2-fold rotation; pattern_status=intact""]","[""whole pattern""]",{},2-fold rotation,intact
symmetry_pattern_2109_open_q1,symmetry_pattern_2109.png,"[""symmetry_type=3-fold rotation; pattern_status=broken""]","[""whole pattern""]",{},3-fold rotation,broken
symmetry_pattern_2110_open_q1,symmetry_pattern_2110.png,"[""symmetry_type=4-fold rotation; pattern_status=intact""]","[""whole pattern""]",{},4-fold rotation,intact
symmetry_pattern_2111_open_q1,symmetry_pattern_2111.png,"[""symmetry_type=6-fold rotation; pattern_status=broken""]","[""whole pattern""]",{},6-fold rotation,broken
symmetry_pattern_2112_open_q1,symmetry_pattern_2112.png,"[""symmetry_type=horizontal mirror; pattern_status=intact""]","[""whole pattern""]",{},horizontal mirror,intact
symmetry_pattern_2113_open_q1,symmetry_pattern_2113.png,"[""symmetry_type=vertical mirror; pattern_status=broken""]","[""whole pattern""]",{},vertical mirror,broken
symmetry_pattern_2114_open_q1,symmetry_pattern_2114.png,"[""symmetry_type=horizontal and vertical mirrors; pattern_status=intact""]","[""whole pattern""]",{},horizontal and vertical mirrors,intact
symmetry_pattern_2115_open_q1,symmetry_pattern_2115.png,"[""symmetry_type=2-fold rotation; pattern_status=broken""]","[""whole pattern""]",{},2-fold rotation,broken
symmetry_pattern_2116_open_q1,symmetry_pattern_2116.png,"[""symmetry_type=3-fold rotation; pattern_status=intact""]","[""whole pattern""]",{},3-fold rotation,intact
symmetry_pattern_2117_open_q1,symmetry_pattern_2117.png,"[""symmetry_type=4-fold rotation; pattern_status=broken""]","[""whole pattern""]",{},4-fold rotation,broken
symmetry_pattern_2118_open_q1,symmetry_pattern_2118.png,"[""symmetry_type=6-fold rotation; pattern_status=intact""]","[""whole pattern""]",{},6-fold rotation,intact
symmetry_pattern_2119_open_q1,symmetry_pattern_2119.png,"[""symmetry_type=horizontal mirror; pattern_status=broken""]","[""whole pattern""]",{},horizontal mirror,broken
symmetry_pattern_2120_open_q1,symmetry_pattern_2120.png,"[""symmetry_type=vertical mirror; pattern_status=intact""]","[""whole pattern""]",{},vertical mirror,intact
symmetry_pattern_2121_open_q1,symmetry_pattern_2121.png,"[""symmetry_type=horizontal and vertical mirrors; pattern_status=broken""]","[""whole pattern""]",{},horizontal and vertical mirrors,broken
symmetry_pattern_2122_open_q1,symmetry_pattern_2122.png,"[""symmetry_type=2-fold rotation; pattern_status=intact""]","[""whole pattern""]",{},2-fold rotation,intact
symmetry_pattern_2123_open_q1,symmetry_pattern_2123.png,"[""symmetry_type=3-fold rotation; pattern_status=broken""]","[""whole pattern""]",{},3-fold rotation,broken
symmetry_pattern_2124_open_q1,symmetry_pattern_2124.png,"[""symmetry_type=4-fold rotation; pattern_status=intact""]","[""whole pattern""]",{},4-fold rotation,intact
symmetry_pattern_2125_open_q1,symmetry_pattern_2125.png,"[""symmetry_type=6-fold rotation; pattern_status=broken""]","[""whole pattern""]",{},6-fold rotation,broken
symmetry_pattern_2126_open_q1,symmetry_pattern_2126.png,"[""symmetry_type=horizontal mirror; pattern_status=intact""]","[""whole pattern""]",{},horizontal mirror,intact
symmetry_pattern_2127_open_q1,symmetry_pattern_2127.png,"[""symmetry_type=vertical mirror; pattern_status=broken""]","[""whole pattern""]",{},vertical mirror,broken
symmetry_pattern_2128_open_q1,symmetry_pattern_2128.png,"[""symmetry_type=horizontal and vertical mirrors; pattern_status=intact""]","[""whole pattern""]",{},horizontal and vertical mirrors,intact
symmetry_pattern_2129_open_q1,symmetry_pattern_2129.png,"[""symmetry_type=2-fold rotation; pattern_status=broken""]","[""whole pattern""]",{},2-fold rotation,broken
symmetry_pattern_2130_open_q1,symmetry_pattern_2130.png,"[""symmetry_type=3-fold rotation; pattern_status=intact""]","[""whole pattern""]",{},3-fold rotation,intact
symmetry_pattern_2131_open_q1,symmetry_pattern_2131.png,"[""symmetry_type=4-fold rotation; pattern_status=broken""]","[""whole pattern""]",{},4-fold rotation,broken
symmetry_pattern_2132_open_q1,symmetry_pattern_2132.png,"[""symmetry_type=6-fold rotation; pattern_status=intact""]","[""whole pattern""]",{},6-fold rotation,intact
symmetry_pattern_2133_open_q1,symmetry_pattern_2133.png,"[""symmetry_type=horizontal mirror; pattern_status=broken""]","[""whole pattern""]",{},horizontal mirror,broken
symmetry_pattern_2134_open_q1,symmetry_pattern_2134.png,"[""symmetry_type=vertical mirror; pattern_status=intact""]","[""whole pattern""]",{},vertical mirror,intact
symmetry_pattern_2135_open_q1,symmetry_pattern_2135.png,"[""symmetry_type=horizontal and vertical mirrors; pattern_status=broken""]","[""whole pattern""]",{},horizontal and vertical mirrors,broken
symmetry_pattern_2136_open_q1,symmetry_pattern_2136.png,"[""symmetry_type=2-fold rotation; pattern_status=intact""]","[""whole pattern""]",{},2-fold rotation,intact
symmetry_pattern_2137_open_q1,symmetry_pattern_2137.png,"[""symmetry_type=3-fold rotation; pattern_status=broken""]","[""whole pattern""]",{},3-fold rotation,broken
symmetry_pattern_2138_open_q1,symmetry_pattern_2138.png,"[""symmetry_type=4-fold rotation; pattern_status=intact""]","[""whole pattern""]",{},4-fold rotation,intact
symmetry_pattern_2139_open_q1,symmetry_pattern_2139.png,"[""symmetry_type=6-fold rotation; pattern_status=broken""]","[""whole pattern""]",{},6-fold rotation,broken
symmetry_pattern_2140_open_q1,symmetry_pattern_2140.png,"[""symmetry_type=horizontal mirror; pattern_status=intact""]","[""whole pattern""]",{},horizontal mirror,intact
symmetry_pattern_2141_open_q1,symmetry_pattern_2141.png,"[""symmetry_type=vertical mirror; pattern_status=broken""]","[""whole pattern""]",{},vertical mirror,broken
symmetry_pattern_2142_open_q1,symmetry_pattern_2142.png,"[""symmetry_type=horizontal and vertical mirrors; pattern_status=intact""]","[""whole pattern""]",{},horizontal and vertical mirrors,intact
symmetry_pattern_2143_open_q1,symmetry_pattern_2143.png,"[""symmetry_type=2-fold rotation; pattern_status=broken""]","[""whole pattern""]",{},2-fold rotation,broken
symmetry_pattern_2144_open_q1,symmetry_pattern_2144.png,"[""symmetry_type=3-fold rotation; pattern_status=intact""]","[""whole pattern""]",{},3-fold rotation,intact
symmetry_pattern_2145_open_q1,symmetry_pattern_2145.png,"[""symmetry_type=4-fold rotation; pattern_status=broken""]","[""whole pattern""]",{},4-fold rotation,broken
symmetry_pattern_2146_open_q1,symmetry_pattern_2146.png,"[""symmetry_type=6-fold rotation; pattern_status=intact""]","[""whole pattern""]",{},6-fold rotation,intact
symmetry_pattern_2147_open_q1,symmetry_pattern_2147.png,"[""symmetry_type=horizontal mirror; pattern_status=broken""]","[""whole pattern""]",{},horizontal mirror,broken
symmetry_pattern_2148_open_q1,symmetry_pattern_2148.png,"[""symmetry_type=vertical mirror; pattern_status=intact""]","[""whole pattern""]",{},vertical mirror,intact
symmetry_pattern_2149_open_q1,symmetry_pattern_2149.png,"[""symmetry_type=horizontal and vertical mirrors; pattern_status=broken""]","[""whole pattern""]",{},horizontal and vertical mirrors,broken
symmetry_pattern_2150_open_q1,symmetry_pattern_2150.png,"[""symmetry_type=2-fold rotation; pattern_status=intact""]","[""whole pattern""]",{},2-fold rotation,intact
symmetry_pattern_2151_open_q1,symmetry_pattern_2151.png,"[""symmetry_type=3-fold rotation; pattern_status=broken""]","[""whole pattern""]",{},3-fold rotation,broken
symmetry_pattern_2152_open_q1,symmetry_pattern_2152.png,"[""symmetry_type=4-fold rotation; pattern_status=intact""]","[""whole pattern""]",{},4-fold rotation,intact
symmetry_pattern_2153_open_q1,symmetry_pattern_2153.png,"[""symmetry_type=6-fold rotation; pattern_status=broken""]","[""whole pattern""]",{},6-fold rotation,broken
symmetry_pattern_2154_open_q1,symmetry_pattern_2154.png,"[""symmetry_type=horizontal mirror; pattern_status=intact""]","[""whole pattern""]",{},horizontal mirror,intact
symmetry_pattern_2155_open_q1,symmetry_pattern_2155.png,"[""symmetry_type=vertical mirror; pattern_status=broken""]","[""whole pattern""]",{},vertical mirror,broken
symmetry_pattern_2156_open_q1,symmetry_pattern_2156.png,"[""symmetry_type=horizontal and vertical mirrors; pattern_status=intact""]","[""whole pattern""]",{},horizontal and vertical mirrors,intact
symmetry_pattern_2157_open_q1,symmetry_pattern_2157.png,"[""symmetry_type=2-fold rotation; pattern_status=broken""]","[""whole pattern""]",{},2-fold rotation,broken
symmetry_pattern_2158_open_q1,symmetry_pattern_2158.png,"[""symmetry_type=3-fold rotation; pattern_status=intact""]","[""whole pattern""]",{},3-fold rotation,intact
symmetry_pattern_2159_open_q1,symmetry_pattern_2159.png,"[""symmetry_type=4-fold rotation; pattern_status=broken""]","[""whole pattern""]",{},4-fold rotation,broken
symmetry_pattern_2160_open_q1,symmetry_pattern_2160.png,"[""symmetry_type=6-fold rotation; pattern_status=intact""]","[""whole pattern""]",{},6-fold rotation,intact
symmetry_pattern_2161_open_q1,symmetry_pattern_2161.png,"[""symmetry_type=horizontal mirror; pattern_status=broken""]","[""whole pattern""]",{},horizontal mirror,broken
symmetry_pattern_2162_open_q1,symmetry_pattern_2162.png,"[""symmetry_type=vertical mirror; pattern_status=intact""]","[""whole pattern""]",{},vertical mirror,intact
symmetry_pattern_2163_open_q1,symmetry_pattern_2163.png,"[""symmetry_type=horizontal and vertical mirrors; pattern_status=broken""]","[""whole pattern""]",{},horizontal and vertical mirrors,broken
symmetry_pattern_2164_open_q1,symmetry_pattern_2164.png,"[""symmetry_type=2-fold rotation; pattern_status=intact""]","[""whole pattern""]",{},2-fold rotation,intact
symmetry_pattern_2165_open_q1,symmetry_pattern_2165.png,"[""symmetry_type=3-fold rotation; pattern_status=broken""]","[""whole pattern""]",{},3-fold rotation,broken
symmetry_pattern_2166_open_q1,symmetry_pattern_2166.png,"[""symmetry_type=4-fold rotation; pattern_status=intact""]","[""whole pattern""]",{},4-fold rotation,intact
symmetry_pattern_2167_open_q1,symmetry_pattern_2167.png,"[""symmetry_type=6-fold rotation; pattern_status=broken""]","[""whole pattern""]",{},6-fold rotation,broken
symmetry_pattern_2168_open_q1,symmetry_pattern_2168.png,"[""symmetry_type=horizontal mirror; pattern_status=intact""]","[""whole pattern""]",{},horizontal mirror,intact
symmetry_pattern_2169_open_q1,symmetry_pattern_2169.png,"[""symmetry_type=vertical mirror; pattern_status=broken""]","[""whole pattern""]",{},vertical mirror,broken
symmetry_pattern_2170_open_q1,symmetry_pattern_2170.png,"[""symmetry_type=horizontal and vertical mirrors; pattern_status=intact""]","[""whole pattern""]",{},horizontal and vertical mirrors,intact
symmetry_pattern_2171_open_q1,symmetry_pattern_2171.png,"[""symmetry_type=2-fold rotation; pattern_status=broken""]","[""whole pattern""]",{},2-fold rotation,broken
symmetry_pattern_2172_open_q1,symmetry_pattern_2172.png,"[""symmetry_type=3-fold rotation; pattern_status=intact""]","[""whole pattern""]",{},3-fold rotation,intact
symmetry_pattern_2173_open_q1,symmetry_pattern_2173.png,"[""symmetry_type=4-fold rotation; pattern_status=broken""]","[""whole pattern""]",{},4-fold rotation,broken
symmetry_pattern_2174_open_q1,symmetry_pattern_2174.png,"[""symmetry_type=6-fold rotation; pattern_status=intact""]","[""whole pattern""]",{},6-fold rotation,intact
symmetry_pattern_2175_open_q1,symmetry_pattern_2175.png,"[""symmetry_type=horizontal mirror; pattern_status=broken""]","[""whole pattern""]",{},horizontal mirror,broken
symmetry_pattern_2176_open_q1,symmetry_pattern_2176.png,"[""symmetry_type=vertical mirror; pattern_status=intact""]","[""whole pattern""]",{},vertical mirror,intact
symmetry_pattern_2177_open_q1,symmetry_pattern_2177.png,"[""symmetry_type=horizontal and vertical mirrors; pattern_status=broken""]","[""whole pattern""]",{},horizontal and vertical mirrors,broken
symmetry_pattern_2178_open_q1,symmetry_pattern_2178.png,"[""symmetry_type=2-fold rotation; pattern_status=intact""]","[""whole pattern""]",{},2-fold rotation,intact
symmetry_pattern_2179_open_q1,symmetry_pattern_2179.png,"[""symmetry_type=3-fold rotation; pattern_status=broken""]","[""whole pattern""]",{},3-fold rotation,broken
symmetry_pattern_2180_open_q1,symmetry_pattern_2180.png,"[""symmetry_type=4-fold rotation; pattern_status=intact""]","[""whole pattern""]",{},4-fold rotation,intact
symmetry_pattern_2181_open_q1,symmetry_pattern_2181.png,"[""symmetry_type=6-fold rotation; pattern_status=broken""]","[""whole pattern""]",{},6-fold rotation,broken
symmetry_pattern_2182_open_q1,symmetry_pattern_2182.png,"[""symmetry_type=horizontal mirror; pattern_status=intact""]","[""whole pattern""]",{},horizontal mirror,intact
symmetry_pattern_2183_open_q1,symmetry_pattern_2183.png,"[""symmetry_type=vertical mirror; pattern_status=broken""]","[""whole pattern""]",{},vertical mirror,broken
symmetry_pattern_2184_open_q1,symmetry_pattern_2184.png,"[""symmetry_type=horizontal and vertical mirrors; pattern_status=intact""]","[""whole pattern""]",{},horizontal and vertical mirrors,intact
symmetry_pattern_2185_open_q1,symmetry_pattern_2185.png,"[""symmetry_type=2-fold rotation; pattern_status=broken""]","[""whole pattern""]",{},2-fold rotation,broken
symmetry_pattern_2186_open_q1,symmetry_pattern_2186.png,"[""symmetry_type=3-fold rotation; pattern_status=intact""]","[""whole pattern""]",{},3-fold rotation,intact
symmetry_pattern_2187_open_q1,symmetry_pattern_2187.png,"[""symmetry_type=4-fold rotation; pattern_status=broken""]","[""whole pattern""]",{},4-fold rotation,broken
symmetry_pattern_2188_open_q1,symmetry_pattern_2188.png,"[""symmetry_type=6-fold rotation; pattern_status=intact""]","[""whole pattern""]",{},6-fold rotation,intact
symmetry_pattern_2189_open_q1,symmetry_pattern_2189.png,"[""symmetry_type=horizontal mirror; pattern_status=broken""]","[""whole pattern""]",{},horizontal mirror,broken
symmetry_pattern_2190_open_q1,symmetry_pattern_2190.png,"[""symmetry_type=vertical mirror; pattern_status=intact""]","[""whole pattern""]",{},vertical mirror,intact
symmetry_pattern_2191_open_q1,symmetry_pattern_2191.png,"[""symmetry_type=horizontal and vertical mirrors; pattern_status=broken""]","[""whole pattern""]",{},horizontal and vertical mirrors,broken
symmetry_pattern_2192_open_q1,symmetry_pattern_2192.png,"[""symmetry_type=2-fold rotation; pattern_status=intact""]","[""whole pattern""]",{},2-fold rotation,intact
symmetry_pattern_2193_open_q1,symmetry_pattern_2193.png,"[""symmetry_type=3-fold rotation; pattern_status=broken""]","[""whole pattern""]",{},3-fold rotation,broken
symmetry_pattern_2194_open_q1,symmetry_pattern_2194.png,"[""symmetry_type=4-fold rotation; pattern_status=intact""]","[""whole pattern""]",{},4-fold rotation,intact
symmetry_pattern_2195_open_q1,symmetry_pattern_2195.png,"[""symmetry_type=6-fold rotation; pattern_status=broken""]","[""whole pattern""]",{},6-fold rotation,broken
symmetry_pattern_2196_open_q1,symmetry_pattern_2196.png,"[""symmetry_type=horizontal mirror; pattern_status=intact""]","[""whole pattern""]",{},horizontal mirror,intact
symmetry_pattern_2197_open_q1,symmetry_pattern_2197.png,"[""symmetry_type=vertical mirror; pattern_status=broken""]","[""whole pattern""]",{},vertical mirror,broken
symmetry_pattern_2198_open_q1,symmetry_pattern_2198.png,"[""symmetry_type=horizontal and vertical mirrors; pattern_status=intact""]","[""whole pattern""]",{},horizontal and vertical mirrors,intact
symmetry_pattern_2199_open_q1,symmetry_pattern_2199.png,"[""symmetry_type=2-fold rotation; pattern_status=broken""]","[""whole pattern""]",{},2-fold rotation,broken
symmetry_pattern_2200_open_q1,symmetry_pattern_2200.png,"[""symmetry_type=3-fold rotation; pattern_status=intact""]","[""whole pattern""]",{},3-fold rotation,intact
symmetry_pattern_2201_open_q1,symmetry_pattern_2201.png,"[""symmetry_type=4-fold rotation; pattern_status=broken""]","[""whole pattern""]",{},4-fold rotation,broken
symmetry_pattern_2202_open_q1,symmetry_pattern_2202.png,"[""symmetry_type=6-fold rotation; pattern_status=intact""]","[""whole pattern""]",{},6-fold rotation,intact
symmetry_pattern_2203_open_q1,symmetry_pattern_2203.png,"[""symmetry_type=horizontal mirror; pattern_status=broken""]","[""whole pattern""]",{},horizontal mirror,broken
symmetry_pattern_2204_open_q1,symmetry_pattern_2204.png,"[""symmetry_type=vertical mirror; pattern_status=intact""]","[""whole pattern""]",{},vertical mirror,intact
symmetry_pattern_2205_open_q1,symmetry_pattern_2205.png,"[""symmetry_type=horizontal and vertical mirrors; pattern_status=broken""]","[""whole pattern""]",{},horizontal and vertical mirrors,broken
symmetry_pattern_2206_open_q1,symmetry_pattern_2206.png,"[""symmetry_type=2-fold rotation; pattern_status=intact""]","[""whole pattern""]",{},2-fold rotation,intact
symmetry_pattern_2207_open_q1,symmetry_pattern_2207.png,"[""symmetry_type=3-fold rotation; pattern_status=broken""]","[""whole pattern""]",{},3-fold rotation,broken
symmetry_pattern_2208_open_q1,symmetry_pattern_2208.png,"[""symmetry_type=4-fold rotation; pattern_status=intact""]","[""whole pattern""]",{},4-fold rotation,intact
symmetry_pattern_2209_open_q1,symmetry_pattern_2209.png,"[""symmetry_type=6-fold rotation; pattern_status=broken""]","[""whole pattern""]",{},6-fold rotation,broken
symmetry_pattern_2210_open_q1,symmetry_pattern_2210.png,"[""symmetry_type=horizontal mirror; pattern_status=intact""]","[""whole pattern""]",{},horizontal mirror,intact
symmetry_pattern_2211_open_q1,symmetry_pattern_2211.png,"[""symmetry_type=vertical mirror; pattern_status=broken""]","[""whole pattern""]",{},vertical mirror,broken
symmetry_pattern_2212_open_q1,symmetry_pattern_2212.png,"[""symmetry_type=horizontal and vertical mirrors; pattern_status=intact""]","[""whole pattern""]",{},horizontal and vertical mirrors,intact
symmetry_pattern_2213_open_q1,symmetry_pattern_2213.png,"[""symmetry_type=2-fold rotation; pattern_status=broken""]","[""whole pattern""]",{},2-fold rotation,broken
symmetry_pattern_2214_open_q1,symmetry_pattern_2214.png,"[""symmetry_type=3-fold rotation; pattern_status=intact""]","[""whole pattern""]",{},3-fold rotation,intact
symmetry_pattern_2215_open_q1,symmetry_pattern_2215.png,"[""symmetry_type=4-fold rotation; pattern_status=broken""]","[""whole pattern""]",{},4-fold rotation,broken
symmetry_pattern_2216_open_q1,symmetry_pattern_2216.png,"[""symmetry_type=6-fold rotation; pattern_status=intact""]","[""whole pattern""]",{},6-fold rotation,intact
symmetry_pattern_2217_open_q1,symmetry_pattern_2217.png,"[""symmetry_type=horizontal mirror; pattern_status=broken""]","[""whole pattern""]",{},horizontal mirror,broken
symmetry_pattern_2218_open_q1,symmetry_pattern_2218.png,"[""symmetry_type=vertical mirror; pattern_status=intact""]","[""whole pattern""]",{},vertical mirror,intact
symmetry_pattern_2219_open_q1,symmetry_pattern_2219.png,"[""symmetry_type=horizontal and vertical mirrors; pattern_status=broken""]","[""whole pattern""]",{},horizontal and vertical mirrors,broken
symmetry_pattern_2220_open_q1,symmetry_pattern_2220.png,"[""symmetry_type=2-fold rotation; pattern_status=intact""]","[""whole pattern""]",{},2-fold rotation,intact
symmetry_pattern_2221_open_q1,symmetry_pattern_2221.png,"[""symmetry_type=3-fold rotation; pattern_status=broken""]","[""whole pattern""]",{},3-fold rotation,broken
symmetry_pattern_2222_open_q1,symmetry_pattern_2222.png,"[""symmetry_type=4-fold rotation; pattern_status=intact""]","[""whole pattern""]",{},4-fold rotation,intact
symmetry_pattern_2223_open_q1,symmetry_pattern_2223.png,"[""symmetry_type=6-fold rotation; pattern_status=broken""]","[""whole pattern""]",{},6-fold rotation,broken
symmetry_pattern_2224_open_q1,symmetry_pattern_2224.png,"[""symmetry_type=horizontal mirror; pattern_status=intact""]","[""whole pattern""]",{},horizontal mirror,intact
symmetry_pattern_2225_open_q1,symmetry_pattern_2225.png,"[""symmetry_type=vertical mirror; pattern_status=broken""]","[""whole pattern""]",{},vertical mirror,broken
symmetry_pattern_2226_open_q1,symmetry_pattern_2226.png,"[""symmetry_type=horizontal and vertical mirrors; pattern_status=intact""]","[""whole pattern""]",{},horizontal and vertical mirrors,intact
symmetry_pattern_2227_open_q1,symmetry_pattern_2227.png,"[""symmetry_type=2-fold rotation; pattern_status=broken""]","[""whole pattern""]",{},2-fold rotation,broken
symmetry_pattern_2228_open_q1,symmetry_pattern_2228.png,"[""symmetry_type=3-fold rotation; pattern_status=intact""]","[""whole pattern""]",{},3-fold rotation,intact
symmetry_pattern_2229_open_q1,symmetry_pattern_2229.png,"[""symmetry_type=4-fold rotation; pattern_status=broken""]","[""whole pattern""]",{},4-fold rotation,broken
symmetry_pattern_2230_open_q1,symmetry_pattern_2230.png,"[""symmetry_type=6-fold rotation; pattern_status=intact""]","[""whole pattern""]",{},6-fold rotation,intact
symmetry_pattern_2231_open_q1,symmetry_pattern_2231.png,"[""symmetry_type=horizontal mirror; pattern_status=broken""]","[""whole pattern""]",{},horizontal mirror,broken
symmetry_pattern_2232_open_q1,symmetry_pattern_2232.png,"[""symmetry_type=vertical mirror; pattern_status=intact""]","[""whole pattern""]",{},vertical mirror,intact
symmetry_pattern_2233_open_q1,symmetry_pattern_2233.png,"[""symmetry_type=horizontal and vertical mirrors; pattern_status=broken""]","[""whole pattern""]",{},horizontal and vertical mirrors,broken
symmetry_pattern_2234_open_q1,symmetry_pattern_2234.png,"[""symmetry_type=2-fold rotation; pattern_status=intact""]","[""whole pattern""]",{},2-fold rotation,intact
symmetry_pattern_2235_open_q1,symmetry_pattern_2235.png,"[""symmetry_type=3-fold rotation; pattern_status=broken""]","[""whole pattern""]",{},3-fold rotation,broken
symmetry_pattern_2236_open_q1,symmetry_pattern_2236.png,"[""symmetry_type=4-fold rotation; pattern_status=intact""]","[""whole pattern""]",{},4-fold rotation,intact
symmetry_pattern_2237_open_q1,symmetry_pattern_2237.png,"[""symmetry_type=6-fold rotation; pattern_status=broken""]","[""whole pattern""]",{},6-fold rotation,broken
symmetry_pattern_2238_open_q1,symmetry_pattern_2238.png,"[""symmetry_type=horizontal mirror; pattern_status=intact""]","[""whole pattern""]",{},horizontal mirror,intact
symmetry_pattern_2239_open_q1,symmetry_pattern_2239.png,"[""symmetry_type=vertical mirror; pattern_status=broken""]","[""whole pattern""]",{},vertical mirror,broken
symmetry_pattern_2240_open_q1,symmetry_pattern_2240.png,"[""symmetry_type=horizontal and vertical mirrors; pattern_status=intact""]","[""whole pattern""]",{},horizontal and vertical mirrors,intact
symmetry_pattern_2241_open_q1,symmetry_pattern_2241.png,"[""symmetry_type=2-fold rotation; pattern_status=broken""]","[""whole pattern""]",{},2-fold rotation,broken
symmetry_pattern_2242_open_q1,symmetry_pattern_2242.png,"[""symmetry_type=3-fold rotation; pattern_status=intact""]","[""whole pattern""]",{},3-fold rotation,intact
symmetry_pattern_2243_open_q1,symmetry_pattern_2243.png,"[""symmetry_type=4-fold rotation; pattern_status=broken""]","[""whole pattern""]",{},4-fold rotation,broken
symmetry_pattern_2244_open_q1,symmetry_pattern_2244.png,"[""symmetry_type=6-fold rotation; pattern_status=intact""]","[""whole pattern""]",{},6-fold rotation,intact
symmetry_pattern_2245_open_q1,symmetry_pattern_2245.png,"[""symmetry_type=horizontal mirror; pattern_status=broken""]","[""whole pattern""]",{},horizontal mirror,broken
symmetry_pattern_2246_open_q1,symmetry_pattern_2246.png,"[""symmetry_type=vertical mirror; pattern_status=intact""]","[""whole pattern""]",{},vertical mirror,intact
symmetry_pattern_2247_open_q1,symmetry_pattern_2247.png,"[""symmetry_type=horizontal and vertical mirrors; pattern_status=broken""]","[""whole pattern""]",{},horizontal and vertical mirrors,broken
symmetry_pattern_2248_open_q1,symmetry_pattern_2248.png,"[""symmetry_type=2-fold rotation; pattern_status=intact""]","[""whole pattern""]",{},2-fold rotation,intact
symmetry_pattern_2249_open_q1,symmetry_pattern_2249.png,"[""symmetry_type=3-fold rotation; pattern_status=broken""]","[""whole pattern""]",{},3-fold rotation,broken
symmetry_pattern_2250_open_q1,symmetry_pattern_2250.png,"[""symmetry_type=4-fold rotation; pattern_status=intact""]","[""whole pattern""]",{},4-fold rotation,intact
symmetry_pattern_2251_open_q1,symmetry_pattern_2251.png,"[""symmetry_type=6-fold rotation; pattern_status=broken""]","[""whole pattern""]",{},6-fold rotation,broken
symmetry_pattern_2252_open_q1,symmetry_pattern_2252.png,"[""symmetry_type=horizontal mirror; pattern_status=intact""]","[""whole pattern""]",{},horizontal mirror,intact
symmetry_pattern_2253_open_q1,symmetry_pattern_2253.png,"[""symmetry_type=vertical mirror; pattern_status=broken""]","[""whole pattern""]",{},vertical mirror,broken
symmetry_pattern_2254_open_q1,symmetry_pattern_2254.png,"[""symmetry_type=horizontal and vertical mirrors; pattern_status=intact""]","[""whole pattern""]",{},horizontal and vertical mirrors,intact
symmetry_pattern_2255_open_q1,symmetry_pattern_2255.png,"[""symmetry_type=2-fold rotation; pattern_status=broken""]","[""whole pattern""]",{},2-fold rotation,broken
symmetry_pattern_2256_open_q1,symmetry_pattern_2256.png,"[""symmetry_type=3-fold rotation; pattern_status=intact""]","[""whole pattern""]",{},3-fold rotation,intact
symmetry_pattern_2257_open_q1,symmetry_pattern_2257.png,"[""symmetry_type=4-fold rotation; pattern_status=broken""]","[""whole pattern""]",{},4-fold rotation,broken
symmetry_pattern_2258_open_q1,symmetry_pattern_2258.png,"[""symmetry_type=6-fold rotation; pattern_status=intact""]","[""whole pattern""]",{},6-fold rotation,intact
symmetry_pattern_2259_open_q1,symmetry_pattern_2259.png,"[""symmetry_type=horizontal mirror; pattern_status=broken""]","[""whole pattern""]",{},horizontal mirror,broken
symmetry_pattern_2260_open_q1,symmetry_pattern_2260.png,"[""symmetry_type=vertical mirror; pattern_status=intact""]","[""whole pattern""]",{},vertical mirror,intact
symmetry_pattern_2261_open_q1,symmetry_pattern_2261.png,"[""symmetry_type=horizontal and vertical mirrors; pattern_status=broken""]","[""whole pattern""]",{},horizontal and vertical mirrors,broken
symmetry_pattern_2262_open_q1,symmetry_pattern_2262.png,"[""symmetry_type=2-fold rotation; pattern_status=intact""]","[""whole pattern""]",{},2-fold rotation,intact
symmetry_pattern_2263_open_q1,symmetry_pattern_2263.png,"[""symmetry_type=3-fold rotation; pattern_status=broken""]","[""whole pattern""]",{},3-fold rotation,broken
symmetry_pattern_2264_open_q1,symmetry_pattern_2264.png,"[""symmetry_type=4-fold rotation; pattern_status=intact""]","[""whole pattern""]",{},4-fold rotation,intact
symmetry_pattern_2265_open_q1,symmetry_pattern_2265.png,"[""symmetry_type=6-fold rotation; pattern_status=broken""]","[""whole pattern""]",{},6-fold rotation,broken
symmetry_pattern_2266_open_q1,symmetry_pattern_2266.png,"[""symmetry_type=horizontal mirror; pattern_status=intact""]","[""whole pattern""]",{},horizontal mirror,intact
symmetry_pattern_2267_open_q1,symmetry_pattern_2267.png,"[""symmetry_type=vertical mirror; pattern_status=broken""]","[""whole pattern""]",{},vertical mirror,broken
symmetry_pattern_2268_open_q1,symmetry_pattern_2268.png,"[""symmetry_type=horizontal and vertical mirrors; pattern_status=intact""]","[""whole pattern""]",{},horizontal and vertical mirrors,intact
symmetry_pattern_2269_open_q1,symmetry_pattern_2269.png,"[""symmetry_type=2-fold rotation; pattern_status=broken""]","[""whole pattern""]",{},2-fold rotation,broken
symmetry_pattern_2270_open_q1,symmetry_pattern_2270.png,"[""symmetry_type=3-fold rotation; pattern_status=intact""]","[""whole pattern""]",{},3-fold rotation,intact
symmetry_pattern_2271_open_q1,symmetry_pattern_2271.png,"[""symmetry_type=4-fold rotation; pattern_status=broken""]","[""whole pattern""]",{},4-fold rotation,broken
symmetry_pattern_2272_open_q1,symmetry_pattern_2272.png,"[""symmetry_type=6-fold rotation; pattern_status=intact""]","[""whole pattern""]",{},6-fold rotation,intact
symmetry_pattern_2273_open_q1,symmetry_pattern_2273.png,"[""symmetry_type=horizontal mirror; pattern_status=broken""]","[""whole pattern""]",{},horizontal mirror,broken
symmetry_pattern_2274_open_q1,symmetry_pattern_2274.png,"[""symmetry_type=vertical mirror; pattern_status=intact""]","[""whole pattern""]",{},vertical mirror,intact
symmetry_pattern_2275_open_q1,symmetry_pattern_2275.png,"[""symmetry_type=horizontal and vertical mirrors; pattern_status=broken""]","[""whole pattern""]",{},horizontal and vertical mirrors,broken
symmetry_pattern_2276_open_q1,symmetry_pattern_2276.png,"[""symmetry_type=2-fold rotation; pattern_status=intact""]","[""whole pattern""]",{},2-fold rotation,intact
symmetry_pattern_2277_open_q1,symmetry_pattern_2277.png,"[""symmetry_type=3-fold rotation; pattern_status=broken""]","[""whole pattern""]",{},3-fold rotation,broken
symmetry_pattern_2278_open_q1,symmetry_pattern_2278.png,"[""symmetry_type=4-fold rotation; pattern_status=intact""]","[""whole pattern""]",{},4-fold rotation,intact
symmetry_pattern_2279_open_q1,symmetry_pattern_2279.png,"[""symmetry_type=6-fold rotation; pattern_status=broken""]","[""whole pattern""]",{},6-fold rotation,broken
symmetry_pattern_2280_open_q1,symmetry_pattern_2280.png,"[""symmetry_type=horizontal mirror; pattern_status=intact""]","[""whole pattern""]",{},horizontal mirror,intact
symmetry_pattern_2281_open_q1,symmetry_pattern_2281.png,"[""symmetry_type=vertical mirror; pattern_status=broken""]","[""whole pattern""]",{},vertical mirror,broken
symmetry_pattern_2282_open_q1,symmetry_pattern_2282.png,"[""symmetry_type=horizontal and vertical mirrors; pattern_status=intact""]","[""whole pattern""]",{},horizontal and vertical mirrors,intact
symmetry_pattern_2283_open_q1,symmetry_pattern_2283.png,"[""symmetry_type=2-fold rotation; pattern_status=broken""]","[""whole pattern""]",{},2-fold rotation,broken
symmetry_pattern_2284_open_q1,symmetry_pattern_2284.png,"[""symmetry_type=3-fold rotation; pattern_status=intact""]","[""whole pattern""]",{},3-fold rotation,intact
symmetry_pattern_2285_open_q1,symmetry_pattern_2285.png,"[""symmetry_type=4-fold rotation; pattern_status=broken""]","[""whole pattern""]",{},4-fold rotation,broken
symmetry_pattern_2286_open_q1,symmetry_pattern_2286.png,"[""symmetry_type=6-fold rotation; pattern_status=intact""]","[""whole pattern""]",{},6-fold rotation,intact
symmetry_pattern_2287_open_q1,symmetry_pattern_2287.png,"[""symmetry_type=horizontal mirror; pattern_status=broken""]","[""whole pattern""]",{},horizontal mirror,broken
symmetry_pattern_2288_open_q1,symmetry_pattern_2288.png,"[""symmetry_type=vertical mirror; pattern_status=intact""]","[""whole pattern""]",{},vertical mirror,intact
symmetry_pattern_2289_open_q1,symmetry_pattern_2289.png,"[""symmetry_type=horizontal and vertical mirrors; pattern_status=broken""]","[""whole pattern""]",{},horizontal and vertical mirrors,broken
symmetry_pattern_2290_open_q1,symmetry_pattern_2290.png,"[""symmetry_type=2-fold rotation; pattern_status=intact""]","[""whole pattern""]",{},2-fold rotation,intact
symmetry_pattern_2291_open_q1,symmetry_pattern_2291.png,"[""symmetry_type=3-fold rotation; pattern_status=broken""]","[""whole pattern""]",{},3-fold rotation,broken
symmetry_pattern_2292_open_q1,symmetry_pattern_2292.png,"[""symmetry_type=4-fold rotation; pattern_status=intact""]","[""whole pattern""]",{},4-fold rotation,intact
symmetry_pattern_2293_open_q1,symmetry_pattern_2293.png,"[""symmetry_type=6-fold rotation; pattern_status=broken""]","[""whole pattern""]",{},6-fold rotation,broken
symmetry_pattern_2294_open_q1,symmetry_pattern_2294.png,"[""symmetry_type=horizontal mirror; pattern_status=intact""]","[""whole pattern""]",{},horizontal mirror,intact
symmetry_pattern_2295_open_q1,symmetry_pattern_2295.png,"[""symmetry_type=vertical mirror; pattern_status=broken""]","[""whole pattern""]",{},vertical mirror,broken
symmetry_pattern_2296_open_q1,symmetry_pattern_2296.png,"[""symmetry_type=horizontal and vertical mirrors; pattern_status=intact""]","[""whole pattern""]",{},horizontal and vertical mirrors,intact
symmetry_pattern_2297_open_q1,symmetry_pattern_2297.png,"[""symmetry_type=2-fold rotation; pattern_status=broken""]","[""whole pattern""]",{},2-fold rotation,broken
symmetry_pattern_2298_open_q1,symmetry_pattern_2298.png,"[""symmetry_type=3-fold rotation; pattern_status=intact""]","[""whole pattern""]",{},3-fold rotation,intact
symmetry_pattern_2299_open_q1,symmetry_pattern_2299.png,"[""symmetry_type=4-fold rotation; pattern_status=broken""]","[""whole pattern""]",{},4-fold rotation,broken
symmetry_pattern_2300_open_q1,symmetry_pattern_2300.png,"[""symmetry_type=6-fold rotation; pattern_status=intact""]","[""whole pattern""]",{},6-fold rotation,intact
symmetry_pattern_2301_open_q1,symmetry_pattern_2301.png,"[""symmetry_type=horizontal mirror; pattern_status=broken""]","[""whole pattern""]",{},horizontal mirror,broken
symmetry_pattern_2302_open_q1,symmetry_pattern_2302.png,"[""symmetry_type=vertical mirror; pattern_status=intact""]","[""whole pattern""]",{},vertical mirror,intact
symmetry_pattern_2303_open_q1,symmetry_pattern_2303.png,"[""symmetry_type=horizontal and vertical mirrors; pattern_status=broken""]","[""whole pattern""]",{},horizontal and vertical mirrors,broken
symmetry_pattern_2304_open_q1,symmetry_pattern_2304.png,"[""symmetry_type=2-fold rotation; pattern_status=intact""]","[""whole pattern""]",{},2-fold rotation,intact
symmetry_pattern_2305_open_q1,symmetry_pattern_2305.png,"[""symmetry_type=3-fold rotation; pattern_status=broken""]","[""whole pattern""]",{},3-fold rotation,broken
symmetry_pattern_2306_open_q1,symmetry_pattern_2306.png,"[""symmetry_type=4-fold rotation; pattern_status=intact""]","[""whole pattern""]",{},4-fold rotation,intact
symmetry_pattern_2307_open_q1,symmetry_pattern_2307.png,"[""symmetry_type=6-fold rotation; pattern_status=broken""]","[""whole pattern""]",{},6-fold rotation,broken
symmetry_pattern_2308_open_q1,symmetry_pattern_2308.png,"[""symmetry_type=horizontal mirror; pattern_status=intact""]","[""whole pattern""]",{},horizontal mirror,intact
symmetry_pattern_2309_open_q1,symmetry_pattern_2309.png,"[""symmetry_type=vertical mirror; pattern_status=broken""]","[""whole pattern""]",{},vertical mirror,broken
symmetry_pattern_2310_open_q1,symmetry_pattern_2310.png,"[""symmetry_type=horizontal and vertical mirrors; pattern_status=intact""]","[""whole pattern""]",{},horizontal and vertical mirrors,intact
symmetry_pattern_2311_open_q1,symmetry_pattern_2311.png,"[""symmetry_type=2-fold rotation; pattern_status=broken""]","[""whole pattern""]",{},2-fold rotation,broken
symmetry_pattern_2312_open_q1,symmetry_pattern_2312.png,"[""symmetry_type=3-fold rotation; pattern_status=intact""]","[""whole pattern""]",{},3-fold rotation,intact
symmetry_pattern_2313_open_q1,symmetry_pattern_2313.png,"[""symmetry_type=4-fold rotation; pattern_status=broken""]","[""whole pattern""]",{},4-fold rotation,broken
symmetry_pattern_2314_open_q1,symmetry_pattern_2314.png,"[""symmetry_type=6-fold rotation; pattern_status=intact""]","[""whole pattern""]",{},6-fold rotation,intact
symmetry_pattern_2315_open_q1,symmetry_pattern_2315.png,"[""symmetry_type=horizontal mirror; pattern_status=broken""]","[""whole pattern""]",{},horizontal mirror,broken
symmetry_pattern_2316_open_q1,symmetry_pattern_2316.png,"[""symmetry_type=vertical mirror; pattern_status=intact""]","[""whole pattern""]",{},vertical mirror,intact
symmetry_pattern_2317_open_q1,symmetry_pattern_2317.png,"[""symmetry_type=horizontal and vertical mirrors; pattern_status=broken""]","[""whole pattern""]",{},horizontal and vertical mirrors,broken
symmetry_pattern_2318_open_q1,symmetry_pattern_2318.png,"[""symmetry_type=2-fold rotation; pattern_status=intact""]","[""whole pattern""]",{},2-fold rotation,intact
symmetry_pattern_2319_open_q1,symmetry_pattern_2319.png,"[""symmetry_type=3-fold rotation; pattern_status=broken""]","[""whole pattern""]",{},3-fold rotation,broken
symmetry_pattern_2320_open_q1,symmetry_pattern_2320.png,"[""symmetry_type=4-fold rotation; pattern_status=intact""]","[""whole pattern""]",{},4-fold rotation,intact
symmetry_pattern_2321_open_q1,symmetry_pattern_2321.png,"[""symmetry_type=6-fold rotation; pattern_status=broken""]","[""whole pattern""]",{},6-fold rotation,broken
symmetry_pattern_2322_open_q1,symmetry_pattern_2322.png,"[""symmetry_type=horizontal mirror; pattern_status=intact""]","[""whole pattern""]",{},horizontal mirror,intact
symmetry_pattern_2323_open_q1,symmetry_pattern_2323.png,"[""symmetry_type=vertical mirror; pattern_status=broken""]","[""whole pattern""]",{},vertical mirror,broken
symmetry_pattern_2324_open_q1,symmetry_pattern_2324.png,"[""symmetry_type=horizontal and vertical mirrors; pattern_status=intact""]","[""whole pattern""]",{},horizontal and vertical mirrors,intact
symmetry_pattern_2325_open_q1,symmetry_pattern_2325.png,"[""symmetry_type=2-fold rotation; pattern_status=broken""]","[""whole pattern""]",{},2-fold rotation,broken
symmetry_pattern_2326_open_q1,symmetry_pattern_2326.png,"[""symmetry_type=3-fold rotation; pattern_status=intact""]","[""whole pattern""]",{},3-fold rotation,intact
symmetry_pattern_2327_open_q1,symmetry_pattern_2327.png,"[""symmetry_type=4-fold rotation; pattern_status=broken""]","[""whole pattern""]",{},4-fold rotation,broken
symmetry_pattern_2328_open_q1,symmetry_pattern_2328.png,"[""symmetry_type=6-fold rotation; pattern_status=intact""]","[""whole pattern""]",{},6-fold rotation,intact
symmetry_pattern_2329_open_q1,symmetry_pattern_2329.png,"[""symmetry_type=horizontal mirror; pattern_status=broken""]","[""whole pattern""]",{},horizontal mirror,broken
symmetry_pattern_2330_open_q1,symmetry_pattern_2330.png,"[""symmetry_type=vertical mirror; pattern_status=intact""]","[""whole pattern""]",{},vertical mirror,intact
symmetry_pattern_2331_open_q1,symmetry_pattern_2331.png,"[""symmetry_type=horizontal and vertical mirrors; pattern_status=broken""]","[""whole pattern""]",{},horizontal and vertical mirrors,broken
symmetry_pattern_2332_open_q1,symmetry_pattern_2332.png,"[""symmetry_type=2-fold rotation; pattern_status=intact""]","[""whole pattern""]",{},2-fold rotation,intact
symmetry_pattern_2333_open_q1,symmetry_pattern_2333.png,"[""symmetry_type=3-fold rotation; pattern_status=broken""]","[""whole pattern""]",{},3-fold rotation,broken
symmetry_pattern_2334_open_q1,symmetry_pattern_2334.png,"[""symmetry_type=4-fold rotation; pattern_status=intact""]","[""whole pattern""]",{},4-fold rotation,intact
symmetry_pattern_2335_open_q1,symmetry_pattern_2335.png,"[""symmetry_type=6-fold rotation; pattern_status=broken""]","[""whole pattern""]",{},6-fold rotation,broken
symmetry_pattern_2336_open_q1,symmetry_pattern_2336.png,"[""symmetry_type=horizontal mirror; pattern_status=intact""]","[""whole pattern""]",{},horizontal mirror,intact
symmetry_pattern_2337_open_q1,symmetry_pattern_2337.png,"[""symmetry_type=vertical mirror; pattern_status=broken""]","[""whole pattern""]",{},vertical mirror,broken
symmetry_pattern_2338_open_q1,symmetry_pattern_2338.png,"[""symmetry_type=horizontal and vertical mirrors; pattern_status=intact""]","[""whole pattern""]",{},horizontal and vertical mirrors,intact
symmetry_pattern_2339_open_q1,symmetry_pattern_2339.png,"[""symmetry_type=2-fold rotation; pattern_status=broken""]","[""whole pattern""]",{},2-fold rotation,broken
symmetry_pattern_2340_open_q1,symmetry_pattern_2340.png,"[""symmetry_type=3-fold rotation; pattern_status=intact""]","[""whole pattern""]",{},3-fold rotation,intact
symmetry_pattern_2341_open_q1,symmetry_pattern_2341.png,"[""symmetry_type=4-fold rotation; pattern_status=broken""]","[""whole pattern""]",{},4-fold rotation,broken
symmetry_pattern_2342_open_q1,symmetry_pattern_2342.png,"[""symmetry_type=6-fold rotation; pattern_status=intact""]","[""whole pattern""]",{},6-fold rotation,intact
symmetry_pattern_2343_open_q1,symmetry_pattern_2343.png,"[""symmetry_type=horizontal mirror; pattern_status=broken""]","[""whole pattern""]",{},horizontal mirror,broken
symmetry_pattern_2344_open_q1,symmetry_pattern_2344.png,"[""symmetry_type=vertical mirror; pattern_status=intact""]","[""whole pattern""]",{},vertical mirror,intact
symmetry_pattern_2345_open_q1,symmetry_pattern_2345.png,"[""symmetry_type=horizontal and vertical mirrors; pattern_status=broken""]","[""whole pattern""]",{},horizontal and vertical mirrors,broken
symmetry_pattern_2346_open_q1,symmetry_pattern_2346.png,"[""symmetry_type=2-fold rotation; pattern_status=intact""]","[""whole pattern""]",{},2-fold rotation,intact
symmetry_pattern_2347_open_q1,symmetry_pattern_2347.png,"[""symmetry_type=3-fold rotation; pattern_status=broken""]","[""whole pattern""]",{},3-fold rotation,broken
symmetry_pattern_2348_open_q1,symmetry_pattern_2348.png,"[""symmetry_type=4-fold rotation; pattern_status=intact""]","[""whole pattern""]",{},4-fold rotation,intact
symmetry_pattern_2349_open_q1,symmetry_pattern_2349.png,"[""symmetry_type=6-fold rotation; pattern_status=broken""]","[""whole pattern""]",{},6-fold rotation,broken
symmetry_pattern_2350_open_q1,symmetry_pattern_2350.png,"[""symmetry_type=horizontal mirror; pattern_status=intact""]","[""whole pattern""]",{},horizontal mirror,intact
symmetry_pattern_2351_open_q1,symmetry_pattern_2351.png,"[""symmetry_type=vertical mirror; pattern_status=broken""]","[""whole pattern""]",{},vertical mirror,broken
symmetry_pattern_2352_open_q1,symmetry_pattern_2352.png,"[""symmetry_type=horizontal and vertical mirrors; pattern_status=intact""]","[""whole pattern""]",{},horizontal and vertical mirrors,intact
symmetry_pattern_2353_open_q1,symmetry_pattern_2353.png,"[""symmetry_type=2-fold rotation; pattern_status=broken""]","[""whole pattern""]",{},2-fold rotation,broken
symmetry_pattern_2354_open_q1,symmetry_pattern_2354.png,"[""symmetry_type=3-fold rotation; pattern_status=intact""]","[""whole pattern""]",{},3-fold rotation,intact
symmetry_pattern_2355_open_q1,symmetry_pattern_2355.png,"[""symmetry_type=4-fold rotation; pattern_status=broken""]","[""whole pattern""]",{},4-fold rotation,broken
symmetry_pattern_2356_open_q1,symmetry_pattern_2356.png,"[""symmetry_type=6-fold rotation; pattern_status=intact""]","[""whole pattern""]",{},6-fold rotation,intact
symmetry_pattern_2357_open_q1,symmetry_pattern_2357.png,"[""symmetry_type=horizontal mirror; pattern_status=broken""]","[""whole pattern""]",{},horizontal mirror,broken
symmetry_pattern_2358_open_q1,symmetry_pattern_2358.png,"[""symmetry_type=vertical mirror; pattern_status=intact""]","[""whole pattern""]",{},vertical mirror,intact
symmetry_pattern_2359_open_q1,symmetry_pattern_2359.png,"[""symmetry_type=horizontal and vertical mirrors; pattern_status=broken""]","[""whole pattern""]",{},horizontal and vertical mirrors,broken
symmetry_pattern_2360_open_q1,symmetry_pattern_2360.png,"[""symmetry_type=2-fold rotation; pattern_status=intact""]","[""whole pattern""]",{},2-fold rotation,intact
symmetry_pattern_2361_open_q1,symmetry_pattern_2361.png,"[""symmetry_type=3-fold rotation; pattern_status=broken""]","[""whole pattern""]",{},3-fold rotation,broken
symmetry_pattern_2362_open_q1,symmetry_pattern_2362.png,"[""symmetry_type=4-fold rotation; pattern_status=intact""]","[""whole pattern""]",{},4-fold rotation,intact
symmetry_pattern_2363_open_q1,symmetry_pattern_2363.png,"[""symmetry_type=6-fold rotation; pattern_status=broken""]","[""whole pattern""]",{},6-fold rotation,broken
symmetry_pattern_2364_open_q1,symmetry_pattern_2364.png,"[""symmetry_type=horizontal mirror; pattern_status=intact""]","[""whole pattern""]",{},horizontal mirror,intact
symmetry_pattern_2365_open_q1,symmetry_pattern_2365.png,"[""symmetry_type=vertical mirror; pattern_status=broken""]","[""whole pattern""]",{},vertical mirror,broken
symmetry_pattern_2366_open_q1,symmetry_pattern_2366.png,"[""symmetry_type=horizontal and vertical mirrors; pattern_status=intact""]","[""whole pattern""]",{},horizontal and vertical mirrors,intact
symmetry_pattern_2367_open_q1,symmetry_pattern_2367.png,"[""symmetry_type=2-fold rotation; pattern_status=broken""]","[""whole pattern""]",{},2-fold rotation,broken
symmetry_pattern_2368_open_q1,symmetry_pattern_2368.png,"[""symmetry_type=3-fold rotation; pattern_status=intact""]","[""whole pattern""]",{},3-fold rotation,intact
symmetry_pattern_2369_open_q1,symmetry_pattern_2369.png,"[""symmetry_type=4-fold rotation; pattern_status=broken""]","[""whole pattern""]",{},4-fold rotation,broken
symmetry_pattern_2370_open_q1,symmetry_pattern_2370.png,"[""symmetry_type=6-fold rotation; pattern_status=intact""]","[""whole pattern""]",{},6-fold rotation,intact
symmetry_pattern_2371_open_q1,symmetry_pattern_2371.png,"[""symmetry_type=horizontal mirror; pattern_status=broken""]","[""whole pattern""]",{},horizontal mirror,broken
symmetry_pattern_2372_open_q1,symmetry_pattern_2372.png,"[""symmetry_type=vertical mirror; pattern_status=intact""]","[""whole pattern""]",{},vertical mirror,intact
symmetry_pattern_2373_open_q1,symmetry_pattern_2373.png,"[""symmetry_type=horizontal and vertical mirrors; pattern_status=broken""]","[""whole pattern""]",{},horizontal and vertical mirrors,broken
symmetry_pattern_2374_open_q1,symmetry_pattern_2374.png,"[""symmetry_type=2-fold rotation; pattern_status=intact""]","[""whole pattern""]",{},2-fold rotation,intact
symmetry_pattern_2375_open_q1,symmetry_pattern_2375.png,"[""symmetry_type=3-fold rotation; pattern_status=broken""]","[""whole pattern""]",{},3-fold rotation,broken
symmetry_pattern_2376_open_q1,symmetry_pattern_2376.png,"[""symmetry_type=4-fold rotation; pattern_status=intact""]","[""whole pattern""]",{},4-fold rotation,intact
symmetry_pattern_2377_open_q1,symmetry_pattern_2377.png,"[""symmetry_type=6-fold rotation; pattern_status=broken""]","[""whole pattern""]",{},6-fold rotation,broken
symmetry_pattern_2378_open_q1,symmetry_pattern_2378.png,"[""symmetry_type=horizontal mirror; pattern_status=intact""]","[""whole pattern""]",{},horizontal mirror,intact
symmetry_pattern_2379_open_q1,symmetry_pattern_2379.png,"[""symmetry_type=vertical mirror; pattern_status=broken""]","[""whole pattern""]",{},vertical mirror,broken
symmetry_pattern_2380_open_q1,symmetry_pattern_2380.png,"[""symmetry_type=horizontal and vertical mirrors; pattern_status=intact""]","[""whole pattern""]",{},horizontal and vertical mirrors,intact
symmetry_pattern_2381_open_q1,symmetry_pattern_2381.png,"[""symmetry_type=2-fold rotation; pattern_status=broken""]","[""whole pattern""]",{},2-fold rotation,broken
symmetry_pattern_2382_open_q1,symmetry_pattern_2382.png,"[""symmetry_type=3-fold rotation; pattern_status=intact""]","[""whole pattern""]",{},3-fold rotation,intact
symmetry_pattern_2383_open_q1,symmetry_pattern_2383.png,"[""symmetry_type=4-fold rotation; pattern_status=broken""]","[""whole pattern""]",{},4-fold rotation,broken
symmetry_pattern_2384_open_q1,symmetry_pattern_2384.png,"[""symmetry_type=6-fold rotation; pattern_status=intact""]","[""whole pattern""]",{},6-fold rotation,intact
symmetry_pattern_2385_open_q1,symmetry_pattern_2385.png,"[""symmetry_type=horizontal mirror; pattern_status=broken""]","[""whole pattern""]",{},horizontal mirror,broken
symmetry_pattern_2386_open_q1,symmetry_pattern_2386.png,"[""symmetry_type=vertical mirror; pattern_status=intact""]","[""whole pattern""]",{},vertical mirror,intact
symmetry_pattern_2387_open_q1,symmetry_pattern_2387.png,"[""symmetry_type=horizontal and vertical mirrors; pattern_status=broken""]","[""whole pattern""]",{},horizontal and vertical mirrors,broken
symmetry_pattern_2388_open_q1,symmetry_pattern_2388.png,"[""symmetry_type=2-fold rotation; pattern_status=intact""]","[""whole pattern""]",{},2-fold rotation,intact
symmetry_pattern_2389_open_q1,symmetry_pattern_2389.png,"[""symmetry_type=3-fold rotation; pattern_status=broken""]","[""whole pattern""]",{},3-fold rotation,broken
symmetry_pattern_2390_open_q1,symmetry_pattern_2390.png,"[""symmetry_type=4-fold rotation; pattern_status=intact""]","[""whole pattern""]",{},4-fold rotation,intact
symmetry_pattern_2391_open_q1,symmetry_pattern_2391.png,"[""symmetry_type=6-fold rotation; pattern_status=broken""]","[""whole pattern""]",{},6-fold rotation,broken
symmetry_pattern_2392_open_q1,symmetry_pattern_2392.png,"[""symmetry_type=horizontal mirror; pattern_status=intact""]","[""whole pattern""]",{},horizontal mirror,intact
symmetry_pattern_2393_open_q1,symmetry_pattern_2393.png,"[""symmetry_type=vertical mirror; pattern_status=broken""]","[""whole pattern""]",{},vertical mirror,broken
symmetry_pattern_2394_open_q1,symmetry_pattern_2394.png,"[""symmetry_type=horizontal and vertical mirrors; pattern_status=intact""]","[""whole pattern""]",{},horizontal and vertical mirrors,intact
symmetry_pattern_2395_open_q1,symmetry_pattern_2395.png,"[""symmetry_type=2-fold rotation; pattern_status=broken""]","[""whole pattern""]",{},2-fold rotation,broken
symmetry_pattern_2396_open_q1,symmetry_pattern_2396.png,"[""symmetry_type=3-fold rotation; pattern_status=intact""]","[""whole pattern""]",{},3-fold rotation,intact
symmetry_pattern_2397_open_q1,symmetry_pattern_2397.png,"[""symmetry_type=4-fold rotation; pattern_status=broken""]","[""whole pattern""]",{},4-fold rotation,broken
symmetry_pattern_2398_open_q1,symmetry_pattern_2398.png,"[""symmetry_type=6-fold rotation; pattern_status=intact""]","[""whole pattern""]",{},6-fold rotation,intact
symmetry_pattern_2399_open_q1,symmetry_pattern_2399.png,"[""symmetry_type=horizontal mirror; pattern_status=broken""]","[""whole pattern""]",{},horizontal mirror,broken
symmetry_pattern_2400_open_q1,symmetry_pattern_2400.png,"[""symmetry_type=vertical mirror; pattern_status=intact""]","[""whole pattern""]",{},vertical mirror,intact
symmetry_pattern_2401_open_q1,symmetry_pattern_2401.png,"[""symmetry_type=horizontal and vertical mirrors; pattern_status=broken""]","[""whole pattern""]",{},horizontal and vertical mirrors,broken
symmetry_pattern_2402_open_q1,symmetry_pattern_2402.png,"[""symmetry_type=2-fold rotation; pattern_status=intact""]","[""whole pattern""]",{},2-fold rotation,intact
symmetry_pattern_2403_open_q1,symmetry_pattern_2403.png,"[""symmetry_type=3-fold rotation; pattern_status=broken""]","[""whole pattern""]",{},3-fold rotation,broken
symmetry_pattern_2404_open_q1,symmetry_pattern_2404.png,"[""symmetry_type=4-fold rotation; pattern_status=intact""]","[""whole pattern""]",{},4-fold rotation,intact
symmetry_pattern_2405_open_q1,symmetry_pattern_2405.png,"[""symmetry_type=6-fold rotation; pattern_status=broken""]","[""whole pattern""]",{},6-fold rotation,broken
symmetry_pattern_2406_open_q1,symmetry_pattern_2406.png,"[""symmetry_type=horizontal mirror; pattern_status=intact""]","[""whole pattern""]",{},horizontal mirror,intact
symmetry_pattern_2407_open_q1,symmetry_pattern_2407.png,"[""symmetry_type=vertical mirror; pattern_status=broken""]","[""whole pattern""]",{},vertical mirror,broken
symmetry_pattern_2408_open_q1,symmetry_pattern_2408.png,"[""symmetry_type=horizontal and vertical mirrors; pattern_status=intact""]","[""whole pattern""]",{},horizontal and vertical mirrors,intact
symmetry_pattern_2409_open_q1,symmetry_pattern_2409.png,"[""symmetry_type=2-fold rotation; pattern_status=broken""]","[""whole pattern""]",{},2-fold rotation,broken
symmetry_pattern_2410_open_q1,symmetry_pattern_2410.png,"[""symmetry_type=3-fold rotation; pattern_status=intact""]","[""whole pattern""]",{},3-fold rotation,intact
symmetry_pattern_2411_open_q1,symmetry_pattern_2411.png,"[""symmetry_type=4-fold rotation; pattern_status=broken""]","[""whole pattern""]",{},4-fold rotation,broken
symmetry_pattern_2412_open_q1,symmetry_pattern_2412.png,"[""symmetry_type=6-fold rotation; pattern_status=intact""]","[""whole pattern""]",{},6-fold rotation,intact
symmetry_pattern_2413_open_q1,symmetry_pattern_2413.png,"[""symmetry_type=horizontal mirror; pattern_status=broken""]","[""whole pattern""]",{},horizontal mirror,broken
symmetry_pattern_2414_open_q1,symmetry_pattern_2414.png,"[""symmetry_type=vertical mirror; pattern_status=intact""]","[""whole pattern""]",{},vertical mirror,intact
symmetry_pattern_2415_open_q1,symmetry_pattern_2415.png,"[""symmetry_type=horizontal and vertical mirrors; pattern_status=broken""]","[""whole pattern""]",{},horizontal and vertical mirrors,broken
symmetry_pattern_2416_open_q1,symmetry_pattern_2416.png,"[""symmetry_type=2-fold rotation; pattern_status=intact""]","[""whole pattern""]",{},2-fold rotation,intact
symmetry_pattern_2417_open_q1,symmetry_pattern_2417.png,"[""symmetry_type=3-fold rotation; pattern_status=broken""]","[""whole pattern""]",{},3-fold rotation,broken
symmetry_pattern_2418_open_q1,symmetry_pattern_2418.png,"[""symmetry_type=4-fold rotation; pattern_status=intact""]","[""whole pattern""]",{},4-fold rotation,intact
symmetry_pattern_2419_open_q1,symmetry_pattern_2419.png,"[""symmetry_type=6-fold rotation; pattern_status=broken""]","[""whole pattern""]",{},6-fold rotation,broken
symmetry_pattern_2420_open_q1,symmetry_pattern_2420.png,"[""symmetry_type=horizontal mirror; pattern_status=intact""]","[""whole pattern""]",{},horizontal mirror,intact
symmetry_pattern_2421_open_q1,symmetry_pattern_2421.png,"[""symmetry_type=vertical mirror; pattern_status=broken""]","[""whole pattern""]",{},vertical mirror,broken
symmetry_pattern_2422_open_q1,symmetry_pattern_2422.png,"[""symmetry_type=horizontal and vertical mirrors; pattern_status=intact""]","[""whole pattern""]",{},horizontal and vertical mirrors,intact
symmetry_pattern_2423_open_q1,symmetry_pattern_2423.png,"[""symmetry_type=2-fold rotation; pattern_status=broken""]","[""whole pattern""]",{},2-fold rotation,broken
symmetry_pattern_2424_open_q1,symmetry_pattern_2424.png,"[""symmetry_type=3-fold rotation; pattern_status=intact""]","[""whole pattern""]",{},3-fold rotation,intact
symmetry_pattern_2425_open_q1,symmetry_pattern_2425.png,"[""symmetry_type=4-fold rotation; pattern_status=broken""]","[""whole pattern""]",{},4-fold rotation,broken
symmetry_pattern_2426_open_q1,symmetry_pattern_2426.png,"[""symmetry_type=6-fold rotation; pattern_status=intact""]","[""whole pattern""]",{},6-fold rotation,intact
symmetry_pattern_2427_open_q1,symmetry_pattern_2427.png,"[""symmetry_type=horizontal mirror; pattern_status=broken""]","[""whole pattern""]",{},horizontal mirror,broken
symmetry_pattern_2428_open_q1,symmetry_pattern_2428.png,"[""symmetry_type=vertical mirror; pattern_status=intact""]","[""whole pattern""]",{},vertical mirror,intact
symmetry_pattern_2429_open_q1,symmetry_pattern_2429.png,"[""symmetry_type=horizontal and vertical mirrors; pattern_status=broken""]","[""whole pattern""]",{},horizontal and vertical mirrors,broken
symmetry_pattern_2430_open_q1,symmetry_pattern_2430.png,"[""symmetry_type=2-fold rotation; pattern_status=intact""]","[""whole pattern""]",{},2-fold rotation,intact
symmetry_pattern_2431_open_q1,symmetry_pattern_2431.png,"[""symmetry_type=3-fold rotation; pattern_status=broken""]","[""whole pattern""]",{},3-fold rotation,broken
symmetry_pattern_2432_open_q1,symmetry_pattern_2432.png,"[""symmetry_type=4-fold rotation; pattern_status=intact""]","[""whole pattern""]",{},4-fold rotation,intact
symmetry_pattern_2433_open_q1,symmetry_pattern_2433.png,"[""symmetry_type=6-fold rotation; pattern_status=broken""]","[""whole pattern""]",{},6-fold rotation,broken
symmetry_pattern_2434_open_q1,symmetry_pattern_2434.png,"[""symmetry_type=horizontal mirror; pattern_status=intact""]","[""whole pattern""]",{},horizontal mirror,intact
symmetry_pattern_2435_open_q1,symmetry_pattern_2435.png,"[""symmetry_type=vertical mirror; pattern_status=broken""]","[""whole pattern""]",{},vertical mirror,broken
symmetry_pattern_2436_open_q1,symmetry_pattern_2436.png,"[""symmetry_type=horizontal and vertical mirrors; pattern_status=intact""]","[""whole pattern""]",{},horizontal and vertical mirrors,intact
symmetry_pattern_2437_open_q1,symmetry_pattern_2437.png,"[""symmetry_type=2-fold rotation; pattern_status=broken""]","[""whole pattern""]",{},2-fold rotation,broken
symmetry_pattern_2438_open_q1,symmetry_pattern_2438.png,"[""symmetry_type=3-fold rotation; pattern_status=intact""]","[""whole pattern""]",{},3-fold rotation,intact
symmetry_pattern_2439_open_q1,symmetry_pattern_2439.png,"[""symmetry_type=4-fold rotation; pattern_status=broken""]","[""whole pattern""]",{},4-fold rotation,broken
symmetry_pattern_2440_open_q1,symmetry_pattern_2440.png,"[""symmetry_type=6-fold rotation; pattern_status=intact""]","[""whole pattern""]",{},6-fold rotation,intact
symmetry_pattern_2441_open_q1,symmetry_pattern_2441.png,"[""symmetry_type=horizontal mirror; pattern_status=broken""]","[""whole pattern""]",{},horizontal mirror,broken
symmetry_pattern_2442_open_q1,symmetry_pattern_2442.png,"[""symmetry_type=vertical mirror; pattern_status=intact""]","[""whole pattern""]",{},vertical mirror,intact
symmetry_pattern_2443_open_q1,symmetry_pattern_2443.png,"[""symmetry_type=horizontal and vertical mirrors; pattern_status=broken""]","[""whole pattern""]",{},horizontal and vertical mirrors,broken
symmetry_pattern_2444_open_q1,symmetry_pattern_2444.png,"[""symmetry_type=2-fold rotation; pattern_status=intact""]","[""whole pattern""]",{},2-fold rotation,intact
symmetry_pattern_2445_open_q1,symmetry_pattern_2445.png,"[""symmetry_type=3-fold rotation; pattern_status=broken""]","[""whole pattern""]",{},3-fold rotation,broken
symmetry_pattern_2446_open_q1,symmetry_pattern_2446.png,"[""symmetry_type=4-fold rotation; pattern_status=intact""]","[""whole pattern""]",{},4-fold rotation,intact
symmetry_pattern_2447_open_q1,symmetry_pattern_2447.png,"[""symmetry_type=6-fold rotation; pattern_status=broken""]","[""whole pattern""]",{},6-fold rotation,broken
symmetry_pattern_2448_open_q1,symmetry_pattern_2448.png,"[""symmetry_type=horizontal mirror; pattern_status=intact""]","[""whole pattern""]",{},horizontal mirror,intact
symmetry_pattern_2449_open_q1,symmetry_pattern_2449.png,"[""symmetry_type=vertical mirror; pattern_status=broken""]","[""whole pattern""]",{},vertical mirror,broken
symmetry_pattern_2450_open_q1,symmetry_pattern_2450.png,"[""symmetry_type=horizontal and vertical mirrors; pattern_status=intact""]","[""whole pattern""]",{},horizontal and vertical mirrors,intact
symmetry_pattern_2451_open_q1,symmetry_pattern_2451.png,"[""symmetry_type=2-fold rotation; pattern_status=broken""]","[""whole pattern""]",{},2-fold rotation,broken
symmetry_pattern_2452_open_q1,symmetry_pattern_2452.png,"[""symmetry_type=3-fold rotation; pattern_status=intact""]","[""whole pattern""]",{},3-fold rotation,intact
symmetry_pattern_2453_open_q1,symmetry_pattern_2453.png,"[""symmetry_type=4-fold rotation; pattern_status=broken""]","[""whole pattern""]",{},4-fold rotation,broken
symmetry_pattern_2454_open_q1,symmetry_pattern_2454.png,"[""symmetry_type=6-fold rotation; pattern_status=intact""]","[""whole pattern""]",{},6-fold rotation,intact
symmetry_pattern_2455_open_q1,symmetry_pattern_2455.png,"[""symmetry_type=horizontal mirror; pattern_status=broken""]","[""whole pattern""]",{},horizontal mirror,broken
symmetry_pattern_2456_open_q1,symmetry_pattern_2456.png,"[""symmetry_type=vertical mirror; pattern_status=intact""]","[""whole pattern""]",{},vertical mirror,intact
symmetry_pattern_2457_open_q1,symmetry_pattern_2457.png,"[""symmetry_type=horizontal and vertical mirrors; pattern_status=broken""]","[""whole pattern""]",{},horizontal and vertical mirrors,broken
symmetry_pattern_2458_open_q1,symmetry_pattern_2458.png,"[""symmetry_type=2-fold rotation; pattern_status=intact""]","[""whole pattern""]",{},2-fold rotation,intact
symmetry_pattern_2459_open_q1,symmetry_pattern_2459.png,"[""symmetry_type=3-fold rotation; pattern_status=broken""]","[""whole pattern""]",{},3-fold rotation,broken
symmetry_pattern_2460_open_q1,symmetry_pattern_2460.png,"[""symmetry_type=4-fold rotation; pattern_status=intact""]","[""whole pattern""]",{},4-fold rotation,intact
symmetry_pattern_2461_open_q1,symmetry_pattern_2461.png,"[""symmetry_type=6-fold rotation; pattern_status=broken""]","[""whole pattern""]",{},6-fold rotation,broken
symmetry_pattern_2462_open_q1,symmetry_pattern_2462.png,"[""symmetry_type=horizontal mirror; pattern_status=intact""]","[""whole pattern""]",{},horizontal mirror,intact
symmetry_pattern_2463_open_q1,symmetry_pattern_2463.png,"[""symmetry_type=vertical mirror; pattern_status=broken""]","[""whole pattern""]",{},vertical mirror,broken
symmetry_pattern_2464_open_q1,symmetry_pattern_2464.png,"[""symmetry_type=horizontal and vertical mirrors; pattern_status=intact""]","[""whole pattern""]",{},horizontal and vertical mirrors,intact
symmetry_pattern_2465_open_q1,symmetry_pattern_2465.png,"[""symmetry_type=2-fold rotation; pattern_status=broken""]","[""whole pattern""]",{},2-fold rotation,broken
symmetry_pattern_2466_open_q1,symmetry_pattern_2466.png,"[""symmetry_type=3-fold rotation; pattern_status=intact""]","[""whole pattern""]",{},3-fold rotation,intact
symmetry_pattern_2467_open_q1,symmetry_pattern_2467.png,"[""symmetry_type=4-fold rotation; pattern_status=broken""]","[""whole pattern""]",{},4-fold rotation,broken
symmetry_pattern_2468_open_q1,symmetry_pattern_2468.png,"[""symmetry_type=6-fold rotation; pattern_status=intact""]","[""whole pattern""]",{},6-fold rotation,intact
symmetry_pattern_2469_open_q1,symmetry_pattern_2469.png,"[""symmetry_type=horizontal mirror; pattern_status=broken""]","[""whole pattern""]",{},horizontal mirror,broken
symmetry_pattern_2470_open_q1,symmetry_pattern_2470.png,"[""symmetry_type=vertical mirror; pattern_status=intact""]","[""whole pattern""]",{},vertical mirror,intact
symmetry_pattern_2471_open_q1,symmetry_pattern_2471.png,"[""symmetry_type=horizontal and vertical mirrors; pattern_status=broken""]","[""whole pattern""]",{},horizontal and vertical mirrors,broken
symmetry_pattern_2472_open_q1,symmetry_pattern_2472.png,"[""symmetry_type=2-fold rotation; pattern_status=intact""]","[""whole pattern""]",{},2-fold rotation,intact
symmetry_pattern_2473_open_q1,symmetry_pattern_2473.png,"[""symmetry_type=3-fold rotation; pattern_status=broken""]","[""whole pattern""]",{},3-fold rotation,broken
symmetry_pattern_2474_open_q1,symmetry_pattern_2474.png,"[""symmetry_type=4-fold rotation; pattern_status=intact""]","[""whole pattern""]",{},4-fold rotation,intact
symmetry_pattern_2475_open_q1,symmetry_pattern_2475.png,"[""symmetry_type=6-fold rotation; pattern_status=broken""]","[""whole pattern""]",{},6-fold rotation,broken
symmetry_pattern_2476_open_q1,symmetry_pattern_2476.png,"[""symmetry_type=horizontal mirror; pattern_status=intact""]","[""whole pattern""]",{},horizontal mirror,intact
symmetry_pattern_2477_open_q1,symmetry_pattern_2477.png,"[""symmetry_type=vertical mirror; pattern_status=broken""]","[""whole pattern""]",{},vertical mirror,broken
symmetry_pattern_2478_open_q1,symmetry_pattern_2478.png,"[""symmetry_type=horizontal and vertical mirrors; pattern_status=intact""]","[""whole pattern""]",{},horizontal and vertical mirrors,intact
symmetry_pattern_2479_open_q1,symmetry_pattern_2479.png,"[""symmetry_type=2-fold rotation; pattern_status=broken""]","[""whole pattern""]",{},2-fold rotation,broken
symmetry_pattern_2480_open_q1,symmetry_pattern_2480.png,"[""symmetry_type=3-fold rotation; pattern_status=intact""]","[""whole pattern""]",{},3-fold rotation,intact
symmetry_pattern_2481_open_q1,symmetry_pattern_2481.png,"[""symmetry_type=4-fold rotation; pattern_status=broken""]","[""whole pattern""]",{},4-fold rotation,broken
symmetry_pattern_2482_open_q1,symmetry_pattern_2482.png,"[""symmetry_type=6-fold rotation; pattern_status=intact""]","[""whole pattern""]",{},6-fold rotation,intact
symmetry_pattern_2483_open_q1,symmetry_pattern_2483.png,"[""symmetry_type=horizontal mirror; pattern_status=broken""]","[""whole pattern""]",{},horizontal mirror,broken
symmetry_pattern_2484_open_q1,symmetry_pattern_2484.png,"[""symmetry_type=vertical mirror; pattern_status=intact""]","[""whole pattern""]",{},vertical mirror,intact
symmetry_pattern_2485_open_q1,symmetry_pattern_2485.png,"[""symmetry_type=horizontal and vertical mirrors; pattern_status=broken""]","[""whole pattern""]",{},horizontal and vertical mirrors,broken
symmetry_pattern_2486_open_q1,symmetry_pattern_2486.png,"[""symmetry_type=2-fold rotation; pattern_status=intact""]","[""whole pattern""]",{},2-fold rotation,intact
symmetry_pattern_2487_open_q1,symmetry_pattern_2487.png,"[""symmetry_type=3-fold rotation; pattern_status=broken""]","[""whole pattern""]",{},3-fold rotation,broken
symmetry_pattern_2488_open_q1,symmetry_pattern_2488.png,"[""symmetry_type=4-fold rotation; pattern_status=intact""]","[""whole pattern""]",{},4-fold rotation,intact
symmetry_pattern_2489_open_q1,symmetry_pattern_2489.png,"[""symmetry_type=6-fold rotation; pattern_status=broken""]","[""whole pattern""]",{},6-fold rotation,broken
symmetry_pattern_2490_open_q1,symmetry_pattern_2490.png,"[""symmetry_type=horizontal mirror; pattern_status=intact""]","[""whole pattern""]",{},horizontal mirror,intact
symmetry_pattern_2491_open_q1,symmetry_pattern_2491.png,"[""symmetry_type=vertical mirror; pattern_status=broken""]","[""whole pattern""]",{},vertical mirror,broken
symmetry_pattern_2492_open_q1,symmetry_pattern_2492.png,"[""symmetry_type=horizontal and vertical mirrors; pattern_status=intact""]","[""whole pattern""]",{},horizontal and vertical mirrors,intact
symmetry_pattern_2493_open_q1,symmetry_pattern_2493.png,"[""symmetry_type=2-fold rotation; pattern_status=broken""]","[""whole pattern""]",{},2-fold rotation,broken
symmetry_pattern_2494_open_q1,symmetry_pattern_2494.png,"[""symmetry_type=3-fold rotation; pattern_status=intact""]","[""whole pattern""]",{},3-fold rotation,intact
symmetry_pattern_2495_open_q1,symmetry_pattern_2495.png,"[""symmetry_type=4-fold rotation; pattern_status=broken""]","[""whole pattern""]",{},4-fold rotation,broken
symmetry_pattern_2496_open_q1,symmetry_pattern_2496.png,"[""symmetry_type=6-fold rotation; pattern_status=intact""]","[""whole pattern""]",{},6-fold rotation,intact
symmetry_pattern_2497_open_q1,symmetry_pattern_2497.png,"[""symmetry_type=horizontal mirror; pattern_status=broken""]","[""whole pattern""]",{},horizontal mirror,broken
symmetry_pattern_2498_open_q1,symmetry_pattern_2498.png,"[""symmetry_type=vertical mirror; pattern_status=intact""]","[""whole pattern""]",{},vertical mirror,intact
symmetry_pattern_2499_open_q1,symmetry_pattern_2499.png,"[""symmetry_type=horizontal and vertical mirrors; pattern_status=broken""]","[""whole pattern""]",{},horizontal and vertical mirrors,broken
symmetry_pattern_2500_open_q1,symmetry_pattern_2500.png,"[""symmetry_type=2-fold rotation; pattern_status=intact""]","[""whole pattern""]",{},2-fold rotation,intact
symmetry_pattern_2501_open_q1,symmetry_pattern_2501.png,"[""symmetry_type=3-fold rotation; pattern_status=broken""]","[""whole pattern""]",{},3-fold rotation,broken
symmetry_pattern_2502_open_q1,symmetry_pattern_2502.png,"[""symmetry_type=4-fold rotation; pattern_status=intact""]","[""whole pattern""]",{},4-fold rotation,intact
symmetry_pattern_2503_open_q1,symmetry_pattern_2503.png,"[""symmetry_type=6-fold rotation; pattern_status=broken""]","[""whole pattern""]",{},6-fold rotation,broken
symmetry_pattern_2504_open_q1,symmetry_pattern_2504.png,"[""symmetry_type=horizontal mirror; pattern_status=intact""]","[""whole pattern""]",{},horizontal mirror,intact
symmetry_pattern_2505_open_q1,symmetry_pattern_2505.png,"[""symmetry_type=vertical mirror; pattern_status=broken""]","[""whole pattern""]",{},vertical mirror,broken
symmetry_pattern_2506_open_q1,symmetry_pattern_2506.png,"[""symmetry_type=horizontal and vertical mirrors; pattern_status=intact""]","[""whole pattern""]",{},horizontal and vertical mirrors,intact
symmetry_pattern_2507_open_q1,symmetry_pattern_2507.png,"[""symmetry_type=2-fold rotation; pattern_status=broken""]","[""whole pattern""]",{},2-fold rotation,broken
symmetry_pattern_2508_open_q1,symmetry_pattern_2508.png,"[""symmetry_type=3-fold rotation; pattern_status=intact""]","[""whole pattern""]",{},3-fold rotation,intact
symmetry_pattern_2509_open_q1,symmetry_pattern_2509.png,"[""symmetry_type=4-fold rotation; pattern_status=broken""]","[""whole pattern""]",{},4-fold rotation,broken
symmetry_pattern_2510_open_q1,symmetry_pattern_2510.png,"[""symmetry_type=6-fold rotation; pattern_status=intact""]","[""whole pattern""]",{},6-fold rotation,intact
symmetry_pattern_2511_open_q1,symmetry_pattern_2511.png,"[""symmetry_type=horizontal mirror; pattern_status=broken""]","[""whole pattern""]",{},horizontal mirror,broken
symmetry_pattern_2512_open_q1,symmetry_pattern_2512.png,"[""symmetry_type=vertical mirror; pattern_status=intact""]","[""whole pattern""]",{},vertical mirror,intact
symmetry_pattern_2513_open_q1,symmetry_pattern_2513.png,"[""symmetry_type=horizontal and vertical mirrors; pattern_status=broken""]","[""whole pattern""]",{},horizontal and vertical mirrors,broken
symmetry_pattern_2514_open_q1,symmetry_pattern_2514.png,"[""symmetry_type=2-fold rotation; pattern_status=intact""]","[""whole pattern""]",{},2-fold rotation,intact
symmetry_pattern_2515_open_q1,symmetry_pattern_2515.png,"[""symmetry_type=3-fold rotation; pattern_status=broken""]","[""whole pattern""]",{},3-fold rotation,broken
symmetry_pattern_2516_open_q1,symmetry_pattern_2516.png,"[""symmetry_type=4-fold rotation; pattern_status=intact""]","[""whole pattern""]",{},4-fold rotation,intact
symmetry_pattern_2517_open_q1,symmetry_pattern_2517.png,"[""symmetry_type=6-fold rotation; pattern_status=broken""]","[""whole pattern""]",{},6-fold rotation,broken
symmetry_pattern_2518_open_q1,symmetry_pattern_2518.png,"[""symmetry_type=horizontal mirror; pattern_status=intact""]","[""whole pattern""]",{},horizontal mirror,intact
symmetry_pattern_2519_open_q1,symmetry_pattern_2519.png,"[""symmetry_type=vertical mirror; pattern_status=broken""]","[""whole pattern""]",{},vertical mirror,broken
symmetry_pattern_2520_open_q1,symmetry_pattern_2520.png,"[""symmetry_type=horizontal and vertical mirrors; pattern_status=intact""]","[""whole pattern""]",{},horizontal and vertical mirrors,intact
symmetry_pattern_2521_open_q1,symmetry_pattern_2521.png,"[""symmetry_type=2-fold rotation; pattern_status=broken""]","[""whole pattern""]",{},2-fold rotation,broken
symmetry_pattern_2522_open_q1,symmetry_pattern_2522.png,"[""symmetry_type=3-fold rotation; pattern_status=intact""]","[""whole pattern""]",{},3-fold rotation,intact
symmetry_pattern_2523_open_q1,symmetry_pattern_2523.png,"[""symmetry_type=4-fold rotation; pattern_status=broken""]","[""whole pattern""]",{},4-fold rotation,broken
symmetry_pattern_2524_open_q1,symmetry_pattern_2524.png,"[""symmetry_type=6-fold rotation; pattern_status=intact""]","[""whole pattern""]",{},6-fold rotation,intact
symmetry_pattern_2525_open_q1,symmetry_pattern_2525.png,"[""symmetry_type=horizontal mirror; pattern_status=broken""]","[""whole pattern""]",{},horizontal mirror,broken
symmetry_pattern_2526_open_q1,symmetry_pattern_2526.png,"[""symmetry_type=vertical mirror; pattern_status=intact""]","[""whole pattern""]",{},vertical mirror,intact
symmetry_pattern_2527_open_q1,symmetry_pattern_2527.png,"[""symmetry_type=horizontal and vertical mirrors; pattern_status=broken""]","[""whole pattern""]",{},horizontal and vertical mirrors,broken
symmetry_pattern_2528_open_q1,symmetry_pattern_2528.png,"[""symmetry_type=2-fold rotation; pattern_status=intact""]","[""whole pattern""]",{},2-fold rotation,intact
symmetry_pattern_2529_open_q1,symmetry_pattern_2529.png,"[""symmetry_type=3-fold rotation; pattern_status=broken""]","[""whole pattern""]",{},3-fold rotation,broken
symmetry_pattern_2530_open_q1,symmetry_pattern_2530.png,"[""symmetry_type=4-fold rotation; pattern_status=intact""]","[""whole pattern""]",{},4-fold rotation,intact
symmetry_pattern_2531_open_q1,symmetry_pattern_2531.png,"[""symmetry_type=6-fold rotation; pattern_status=broken""]","[""whole pattern""]",{},6-fold rotation,broken
symmetry_pattern_2532_open_q1,symmetry_pattern_2532.png,"[""symmetry_type=horizontal mirror; pattern_status=intact""]","[""whole pattern""]",{},horizontal mirror,intact
symmetry_pattern_2533_open_q1,symmetry_pattern_2533.png,"[""symmetry_type=vertical mirror; pattern_status=broken""]","[""whole pattern""]",{},vertical mirror,broken
symmetry_pattern_2534_open_q1,symmetry_pattern_2534.png,"[""symmetry_type=horizontal and vertical mirrors; pattern_status=intact""]","[""whole pattern""]",{},horizontal and vertical mirrors,intact
symmetry_pattern_2535_open_q1,symmetry_pattern_2535.png,"[""symmetry_type=2-fold rotation; pattern_status=broken""]","[""whole pattern""]",{},2-fold rotation,broken
symmetry_pattern_2536_open_q1,symmetry_pattern_2536.png,"[""symmetry_type=3-fold rotation; pattern_status=intact""]","[""whole pattern""]",{},3-fold rotation,intact
symmetry_pattern_2537_open_q1,symmetry_pattern_2537.png,"[""symmetry_type=4-fold rotation; pattern_status=broken""]","[""whole pattern""]",{},4-fold rotation,broken
symmetry_pattern_2538_open_q1,symmetry_pattern_2538.png,"[""symmetry_type=6-fold rotation; pattern_status=intact""]","[""whole pattern""]",{},6-fold rotation,intact
symmetry_pattern_2539_open_q1,symmetry_pattern_2539.png,"[""symmetry_type=horizontal mirror; pattern_status=broken""]","[""whole pattern""]",{},horizontal mirror,broken
symmetry_pattern_2540_open_q1,symmetry_pattern_2540.png,"[""symmetry_type=vertical mirror; pattern_status=intact""]","[""whole pattern""]",{},vertical mirror,intact
symmetry_pattern_2541_open_q1,symmetry_pattern_2541.png,"[""symmetry_type=horizontal and vertical mirrors; pattern_status=broken""]","[""whole pattern""]",{},horizontal and vertical mirrors,broken
symmetry_pattern_2542_open_q1,symmetry_pattern_2542.png,"[""symmetry_type=2-fold rotation; pattern_status=intact""]","[""whole pattern""]",{},2-fold rotation,intact
symmetry_pattern_2543_open_q1,symmetry_pattern_2543.png,"[""symmetry_type=3-fold rotation; pattern_status=broken""]","[""whole pattern""]",{},3-fold rotation,broken
symmetry_pattern_2544_open_q1,symmetry_pattern_2544.png,"[""symmetry_type=4-fold rotation; pattern_status=intact""]","[""whole pattern""]",{},4-fold rotation,intact
symmetry_pattern_2545_open_q1,symmetry_pattern_2545.png,"[""symmetry_type=6-fold rotation; pattern_status=broken""]","[""whole pattern""]",{},6-fold rotation,broken
symmetry_pattern_2546_open_q1,symmetry_pattern_2546.png,"[""symmetry_type=horizontal mirror; pattern_status=intact""]","[""whole pattern""]",{},horizontal mirror,intact
symmetry_pattern_2547_open_q1,symmetry_pattern_2547.png,"[""symmetry_type=vertical mirror; pattern_status=broken""]","[""whole pattern""]",{},vertical mirror,broken
symmetry_pattern_2548_open_q1,symmetry_pattern_2548.png,"[""symmetry_type=horizontal and vertical mirrors; pattern_status=intact""]","[""whole pattern""]",{},horizontal and vertical mirrors,intact
symmetry_pattern_2549_open_q1,symmetry_pattern_2549.png,"[""symmetry_type=2-fold rotation; pattern_status=broken""]","[""whole pattern""]",{},2-fold rotation,broken
symmetry_pattern_2550_open_q1,symmetry_pattern_2550.png,"[""symmetry_type=3-fold rotation; pattern_status=intact""]","[""whole pattern""]",{},3-fold rotation,intact
symmetry_pattern_2551_open_q1,symmetry_pattern_2551.png,"[""symmetry_type=4-fold rotation; pattern_status=broken""]","[""whole pattern""]",{},4-fold rotation,broken
symmetry_pattern_2552_open_q1,symmetry_pattern_2552.png,"[""symmetry_type=6-fold rotation; pattern_status=intact""]","[""whole pattern""]",{},6-fold rotation,intact
symmetry_pattern_2553_open_q1,symmetry_pattern_2553.png,"[""symmetry_type=horizontal mirror; pattern_status=broken""]","[""whole pattern""]",{},horizontal mirror,broken
symmetry_pattern_2554_open_q1,symmetry_pattern_2554.png,"[""symmetry_type=vertical mirror; pattern_status=intact""]","[""whole pattern""]",{},vertical mirror,intact
symmetry_pattern_2555_open_q1,symmetry_pattern_2555.png,"[""symmetry_type=horizontal and vertical mirrors; pattern_status=broken""]","[""whole pattern""]",{},horizontal and vertical mirrors,broken
symmetry_pattern_2556_open_q1,symmetry_pattern_2556.png,"[""symmetry_type=2-fold rotation; pattern_status=intact""]","[""whole pattern""]",{},2-fold rotation,intact
symmetry_pattern_2557_open_q1,symmetry_pattern_2557.png,"[""symmetry_type=3-fold rotation; pattern_status=broken""]","[""whole pattern""]",{},3-fold rotation,broken
symmetry_pattern_2558_open_q1,symmetry_pattern_2558.png,"[""symmetry_type=4-fold rotation; pattern_status=intact""]","[""whole pattern""]",{},4-fold rotation,intact
symmetry_pattern_2559_open_q1,symmetry_pattern_2559.png,"[""symmetry_type=6-fold rotation; pattern_status=broken""]","[""whole pattern""]",{},6-fold rotation,broken
symmetry_pattern_2560_open_q1,symmetry_pattern_2560.png,"[""symmetry_type=horizontal mirror; pattern_status=intact""]","[""whole pattern""]",{},horizontal mirror,intact
symmetry_pattern_2561_open_q1,symmetry_pattern_2561.png,"[""symmetry_type=vertical mirror; pattern_status=broken""]","[""whole pattern""]",{},vertical mirror,broken
symmetry_pattern_2562_open_q1,symmetry_pattern_2562.png,"[""symmetry_type=horizontal and vertical mirrors; pattern_status=intact""]","[""whole pattern""]",{},horizontal and vertical mirrors,intact
symmetry_pattern_2563_open_q1,symmetry_pattern_2563.png,"[""symmetry_type=2-fold rotation; pattern_status=broken""]","[""whole pattern""]",{},2-fold rotation,broken
symmetry_pattern_2564_open_q1,symmetry_pattern_2564.png,"[""symmetry_type=3-fold rotation; pattern_status=intact""]","[""whole pattern""]",{},3-fold rotation,intact
symmetry_pattern_2565_open_q1,symmetry_pattern_2565.png,"[""symmetry_type=4-fold rotation; pattern_status=broken""]","[""whole pattern""]",{},4-fold rotation,broken
symmetry_pattern_2566_open_q1,symmetry_pattern_2566.png,"[""symmetry_type=6-fold rotation; pattern_status=intact""]","[""whole pattern""]",{},6-fold rotation,intact
symmetry_pattern_2567_open_q1,symmetry_pattern_2567.png,"[""symmetry_type=horizontal mirror; pattern_status=broken""]","[""whole pattern""]",{},horizontal mirror,broken
symmetry_pattern_2568_open_q1,symmetry_pattern_2568.png,"[""symmetry_type=vertical mirror; pattern_status=intact""]","[""whole pattern""]",{},vertical mirror,intact
symmetry_pattern_2569_open_q1,symmetry_pattern_2569.png,"[""symmetry_type=horizontal and vertical mirrors; pattern_status=broken""]","[""whole pattern""]",{},horizontal and vertical mirrors,broken
symmetry_pattern_2570_open_q1,symmetry_pattern_2570.png,"[""symmetry_type=2-fold rotation; pattern_status=intact""]","[""whole pattern""]",{},2-fold rotation,intact
symmetry_pattern_2571_open_q1,symmetry_pattern_2571.png,"[""symmetry_type=3-fold rotation; pattern_status=broken""]","[""whole pattern""]",{},3-fold rotation,broken
symmetry_pattern_2572_open_q1,symmetry_pattern_2572.png,"[""symmetry_type=4-fold rotation; pattern_status=intact""]","[""whole pattern""]",{},4-fold rotation,intact
symmetry_pattern_2573_open_q1,symmetry_pattern_2573.png,"[""symmetry_type=6-fold rotation; pattern_status=broken""]","[""whole pattern""]",{},6-fold rotation,broken
symmetry_pattern_2574_open_q1,symmetry_pattern_2574.png,"[""symmetry_type=horizontal mirror; pattern_status=intact""]","[""whole pattern""]",{},horizontal mirror,intact
symmetry_pattern_2575_open_q1,symmetry_pattern_2575.png,"[""symmetry_type=vertical mirror; pattern_status=broken""]","[""whole pattern""]",{},vertical mirror,broken
symmetry_pattern_2576_open_q1,symmetry_pattern_2576.png,"[""symmetry_type=horizontal and vertical mirrors; pattern_status=intact""]","[""whole pattern""]",{},horizontal and vertical mirrors,intact
symmetry_pattern_2577_open_q1,symmetry_pattern_2577.png,"[""symmetry_type=2-fold rotation; pattern_status=broken""]","[""whole pattern""]",{},2-fold rotation,broken
symmetry_pattern_2578_open_q1,symmetry_pattern_2578.png,"[""symmetry_type=3-fold rotation; pattern_status=intact""]","[""whole pattern""]",{},3-fold rotation,intact
symmetry_pattern_2579_open_q1,symmetry_pattern_2579.png,"[""symmetry_type=4-fold rotation; pattern_status=broken""]","[""whole pattern""]",{},4-fold rotation,broken
symmetry_pattern_2580_open_q1,symmetry_pattern_2580.png,"[""symmetry_type=6-fold rotation; pattern_status=intact""]","[""whole pattern""]",{},6-fold rotation,intact
symmetry_pattern_2581_open_q1,symmetry_pattern_2581.png,"[""symmetry_type=horizontal mirror; pattern_status=broken""]","[""whole pattern""]",{},horizontal mirror,broken
symmetry_pattern_2582_open_q1,symmetry_pattern_2582.png,"[""symmetry_type=vertical mirror; pattern_status=intact""]","[""whole pattern""]",{},vertical mirror,intact
symmetry_pattern_2583_open_q1,symmetry_pattern_2583.png,"[""symmetry_type=horizontal and vertical mirrors; pattern_status=broken""]","[""whole pattern""]",{},horizontal and vertical mirrors,broken
symmetry_pattern_2584_open_q1,symmetry_pattern_2584.png,"[""symmetry_type=2-fold rotation; pattern_status=intact""]","[""whole pattern""]",{},2-fold rotation,intact
symmetry_pattern_2585_open_q1,symmetry_pattern_2585.png,"[""symmetry_type=3-fold rotation; pattern_status=broken""]","[""whole pattern""]",{},3-fold rotation,broken
symmetry_pattern_2586_open_q1,symmetry_pattern_2586.png,"[""symmetry_type=4-fold rotation; pattern_status=intact""]","[""whole pattern""]",{},4-fold rotation,intact
symmetry_pattern_2587_open_q1,symmetry_pattern_2587.png,"[""symmetry_type=6-fold rotation; pattern_status=broken""]","[""whole pattern""]",{},6-fold rotation,broken
symmetry_pattern_2588_open_q1,symmetry_pattern_2588.png,"[""symmetry_type=horizontal mirror; pattern_status=intact""]","[""whole pattern""]",{},horizontal mirror,intact
symmetry_pattern_2589_open_q1,symmetry_pattern_2589.png,"[""symmetry_type=vertical mirror; pattern_status=broken""]","[""whole pattern""]",{},vertical mirror,broken
symmetry_pattern_2590_open_q1,symmetry_pattern_2590.png,"[""symmetry_type=horizontal and vertical mirrors; pattern_status=intact""]","[""whole pattern""]",{},horizontal and vertical mirrors,intact
symmetry_pattern_2591_open_q1,symmetry_pattern_2591.png,"[""symmetry_type=2-fold rotation; pattern_status=broken""]","[""whole pattern""]",{},2-fold rotation,broken
symmetry_pattern_2592_open_q1,symmetry_pattern_2592.png,"[""symmetry_type=3-fold rotation; pattern_status=intact""]","[""whole pattern""]",{},3-fold rotation,intact
symmetry_pattern_2593_open_q1,symmetry_pattern_2593.png,"[""symmetry_type=4-fold rotation; pattern_status=broken""]","[""whole pattern""]",{},4-fold rotation,broken
symmetry_pattern_2594_open_q1,symmetry_pattern_2594.png,"[""symmetry_type=6-fold rotation; pattern_status=intact""]","[""whole pattern""]",{},6-fold rotation,intact
symmetry_pattern_2595_open_q1,symmetry_pattern_2595.png,"[""symmetry_type=horizontal mirror; pattern_status=broken""]","[""whole pattern""]",{},horizontal mirror,broken
symmetry_pattern_2596_open_q1,symmetry_pattern_2596.png,"[""symmetry_type=vertical mirror; pattern_status=intact""]","[""whole pattern""]",{},vertical mirror,intact
symmetry_pattern_2597_open_q1,symmetry_pattern_2597.png,"[""symmetry_type=horizontal and vertical mirrors; pattern_status=broken""]","[""whole pattern""]",{},horizontal and vertical mirrors,broken
symmetry_pattern_2598_open_q1,symmetry_pattern_2598.png,"[""symmetry_type=2-fold rotation; pattern_status=intact""]","[""whole pattern""]",{},2-fold rotation,intact
symmetry_pattern_2599_open_q1,symmetry_pattern_2599.png,"[""symmetry_type=3-fold rotation; pattern_status=broken""]","[""whole pattern""]",{},3-fold rotation,broken
symmetry_pattern_2600_open_q1,symmetry_pattern_2600.png,"[""symmetry_type=4-fold rotation; pattern_status=intact""]","[""whole pattern""]",{},4-fold rotation,intact
symmetry_pattern_2601_open_q1,symmetry_pattern_2601.png,"[""symmetry_type=6-fold rotation; pattern_status=broken""]","[""whole pattern""]",{},6-fold rotation,broken
symmetry_pattern_2602_open_q1,symmetry_pattern_2602.png,"[""symmetry_type=horizontal mirror; pattern_status=intact""]","[""whole pattern""]",{},horizontal mirror,intact
symmetry_pattern_2603_open_q1,symmetry_pattern_2603.png,"[""symmetry_type=vertical mirror; pattern_status=broken""]","[""whole pattern""]",{},vertical mirror,broken
symmetry_pattern_2604_open_q1,symmetry_pattern_2604.png,"[""symmetry_type=horizontal and vertical mirrors; pattern_status=intact""]","[""whole pattern""]",{},horizontal and vertical mirrors,intact
symmetry_pattern_2605_open_q1,symmetry_pattern_2605.png,"[""symmetry_type=2-fold rotation; pattern_status=broken""]","[""whole pattern""]",{},2-fold rotation,broken
symmetry_pattern_2606_open_q1,symmetry_pattern_2606.png,"[""symmetry_type=3-fold rotation; pattern_status=intact""]","[""whole pattern""]",{},3-fold rotation,intact
symmetry_pattern_2607_open_q1,symmetry_pattern_2607.png,"[""symmetry_type=4-fold rotation; pattern_status=broken""]","[""whole pattern""]",{},4-fold rotation,broken
symmetry_pattern_2608_open_q1,symmetry_pattern_2608.png,"[""symmetry_type=6-fold rotation; pattern_status=intact""]","[""whole pattern""]",{},6-fold rotation,intact
symmetry_pattern_2609_open_q1,symmetry_pattern_2609.png,"[""symmetry_type=horizontal mirror; pattern_status=broken""]","[""whole pattern""]",{},horizontal mirror,broken
symmetry_pattern_2610_open_q1,symmetry_pattern_2610.png,"[""symmetry_type=vertical mirror; pattern_status=intact""]","[""whole pattern""]",{},vertical mirror,intact
symmetry_pattern_2611_open_q1,symmetry_pattern_2611.png,"[""symmetry_type=horizontal and vertical mirrors; pattern_status=broken""]","[""whole pattern""]",{},horizontal and vertical mirrors,broken
symmetry_pattern_2612_open_q1,symmetry_pattern_2612.png,"[""symmetry_type=2-fold rotation; pattern_status=intact""]","[""whole pattern""]",{},2-fold rotation,intact
symmetry_pattern_2613_open_q1,symmetry_pattern_2613.png,"[""symmetry_type=3-fold rotation; pattern_status=broken""]","[""whole pattern""]",{},3-fold rotation,broken
symmetry_pattern_2614_open_q1,symmetry_pattern_2614.png,"[""symmetry_type=4-fold rotation; pattern_status=intact""]","[""whole pattern""]",{},4-fold rotation,intact
symmetry_pattern_2615_open_q1,symmetry_pattern_2615.png,"[""symmetry_type=6-fold rotation; pattern_status=broken""]","[""whole pattern""]",{},6-fold rotation,broken
symmetry_pattern_2616_open_q1,symmetry_pattern_2616.png,"[""symmetry_type=horizontal mirror; pattern_status=intact""]","[""whole pattern""]",{},horizontal mirror,intact
symmetry_pattern_2617_open_q1,symmetry_pattern_2617.png,"[""symmetry_type=vertical mirror; pattern_status=broken""]","[""whole pattern""]",{},vertical mirror,broken
symmetry_pattern_2618_open_q1,symmetry_pattern_2618.png,"[""symmetry_type=horizontal and vertical mirrors; pattern_status=intact""]","[""whole pattern""]",{},horizontal and vertical mirrors,intact
symmetry_pattern_2619_open_q1,symmetry_pattern_2619.png,"[""symmetry_type=2-fold rotation; pattern_status=broken""]","[""whole pattern""]",{},2-fold rotation,broken
symmetry_pattern_2620_open_q1,symmetry_pattern_2620.png,"[""symmetry_type=3-fold rotation; pattern_status=intact""]","[""whole pattern""]",{},3-fold rotation,intact
symmetry_pattern_2621_open_q1,symmetry_pattern_2621.png,"[""symmetry_type=4-fold rotation; pattern_status=broken""]","[""whole pattern""]",{},4-fold rotation,broken
symmetry_pattern_2622_open_q1,symmetry_pattern_2622.png,"[""symmetry_type=6-fold rotation; pattern_status=intact""]","[""whole pattern""]",{},6-fold rotation,intact
symmetry_pattern_2623_open_q1,symmetry_pattern_2623.png,"[""symmetry_type=horizontal mirror; pattern_status=broken""]","[""whole pattern""]",{},horizontal mirror,broken
symmetry_pattern_2624_open_q1,symmetry_pattern_2624.png,"[""symmetry_type=vertical mirror; pattern_status=intact""]","[""whole pattern""]",{},vertical mirror,intact
symmetry_pattern_2625_open_q1,symmetry_pattern_2625.png,"[""symmetry_type=horizontal and vertical mirrors; pattern_status=broken""]","[""whole pattern""]",{},horizontal and vertical mirrors,broken
symmetry_pattern_2626_open_q1,symmetry_pattern_2626.png,"[""symmetry_type=2-fold rotation; pattern_status=intact""]","[""whole pattern""]",{},2-fold rotation,intact
symmetry_pattern_2627_open_q1,symmetry_pattern_2627.png,"[""symmetry_type=3-fold rotation; pattern_status=broken""]","[""whole pattern""]",{},3-fold rotation,broken
symmetry_pattern_2628_open_q1,symmetry_pattern_2628.png,"[""symmetry_type=4-fold rotation; pattern_status=intact""]","[""whole pattern""]",{},4-fold rotation,intact
symmetry_pattern_2629_open_q1,symmetry_pattern_2629.png,"[""symmetry_type=6-fold rotation; pattern_status=broken""]","[""whole pattern""]",{},6-fold rotation,broken
symmetry_pattern_2630_open_q1,symmetry_pattern_2630.png,"[""symmetry_type=horizontal mirror; pattern_status=intact""]","[""whole pattern""]",{},horizontal mirror,intact
symmetry_pattern_2631_open_q1,symmetry_pattern_2631.png,"[""symmetry_type=vertical mirror; pattern_status=broken""]","[""whole pattern""]",{},vertical mirror,broken
symmetry_pattern_2632_open_q1,symmetry_pattern_2632.png,"[""symmetry_type=horizontal and vertical mirrors; pattern_status=intact""]","[""whole pattern""]",{},horizontal and vertical mirrors,intact
symmetry_pattern_2633_open_q1,symmetry_pattern_2633.png,"[""symmetry_type=2-fold rotation; pattern_status=broken""]","[""whole pattern""]",{},2-fold rotation,broken
symmetry_pattern_2634_open_q1,symmetry_pattern_2634.png,"[""symmetry_type=3-fold rotation; pattern_status=intact""]","[""whole pattern""]",{},3-fold rotation,intact
symmetry_pattern_2635_open_q1,symmetry_pattern_2635.png,"[""symmetry_type=4-fold rotation; pattern_status=broken""]","[""whole pattern""]",{},4-fold rotation,broken
symmetry_pattern_2636_open_q1,symmetry_pattern_2636.png,"[""symmetry_type=6-fold rotation; pattern_status=intact""]","[""whole pattern""]",{},6-fold rotation,intact
symmetry_pattern_2637_open_q1,symmetry_pattern_2637.png,"[""symmetry_type=horizontal mirror; pattern_status=broken""]","[""whole pattern""]",{},horizontal mirror,broken
symmetry_pattern_2638_open_q1,symmetry_pattern_2638.png,"[""symmetry_type=vertical mirror; pattern_status=intact""]","[""whole pattern""]",{},vertical mirror,intact
symmetry_pattern_2639_open_q1,symmetry_pattern_2639.png,"[""symmetry_type=horizontal and vertical mirrors; pattern_status=broken""]","[""whole pattern""]",{},horizontal and vertical mirrors,broken
symmetry_pattern_2640_open_q1,symmetry_pattern_2640.png,"[""symmetry_type=2-fold rotation; pattern_status=intact""]","[""whole pattern""]",{},2-fold rotation,intact
symmetry_pattern_2641_open_q1,symmetry_pattern_2641.png,"[""symmetry_type=3-fold rotation; pattern_status=broken""]","[""whole pattern""]",{},3-fold rotation,broken
symmetry_pattern_2642_open_q1,symmetry_pattern_2642.png,"[""symmetry_type=4-fold rotation; pattern_status=intact""]","[""whole pattern""]",{},4-fold rotation,intact
symmetry_pattern_2643_open_q1,symmetry_pattern_2643.png,"[""symmetry_type=6-fold rotation; pattern_status=broken""]","[""whole pattern""]",{},6-fold rotation,broken
symmetry_pattern_2644_open_q1,symmetry_pattern_2644.png,"[""symmetry_type=horizontal mirror; pattern_status=intact""]","[""whole pattern""]",{},horizontal mirror,intact
symmetry_pattern_2645_open_q1,symmetry_pattern_2645.png,"[""symmetry_type=vertical mirror; pattern_status=broken""]","[""whole pattern""]",{},vertical mirror,broken
symmetry_pattern_2646_open_q1,symmetry_pattern_2646.png,"[""symmetry_type=horizontal and vertical mirrors; pattern_status=intact""]","[""whole pattern""]",{},horizontal and vertical mirrors,intact
symmetry_pattern_2647_open_q1,symmetry_pattern_2647.png,"[""symmetry_type=2-fold rotation; pattern_status=broken""]","[""whole pattern""]",{},2-fold rotation,broken
symmetry_pattern_2648_open_q1,symmetry_pattern_2648.png,"[""symmetry_type=3-fold rotation; pattern_status=intact""]","[""whole pattern""]",{},3-fold rotation,intact
symmetry_pattern_2649_open_q1,symmetry_pattern_2649.png,"[""symmetry_type=4-fold rotation; pattern_status=broken""]","[""whole pattern""]",{},4-fold rotation,broken
symmetry_pattern_2650_open_q1,symmetry_pattern_2650.png,"[""symmetry_type=6-fold rotation; pattern_status=intact""]","[""whole pattern""]",{},6-fold rotation,intact
symmetry_pattern_2651_open_q1,symmetry_pattern_2651.png,"[""symmetry_type=horizontal mirror; pattern_status=broken""]","[""whole pattern""]",{},horizontal mirror,broken
symmetry_pattern_2652_open_q1,symmetry_pattern_2652.png,"[""symmetry_type=vertical mirror; pattern_status=intact""]","[""whole pattern""]",{},vertical mirror,intact
symmetry_pattern_2653_open_q1,symmetry_pattern_2653.png,"[""symmetry_type=horizontal and vertical mirrors; pattern_status=broken""]","[""whole pattern""]",{},horizontal and vertical mirrors,broken
symmetry_pattern_2654_open_q1,symmetry_pattern_2654.png,"[""symmetry_type=2-fold rotation; pattern_status=intact""]","[""whole pattern""]",{},2-fold rotation,intact
symmetry_pattern_2655_open_q1,symmetry_pattern_2655.png,"[""symmetry_type=3-fold rotation; pattern_status=broken""]","[""whole pattern""]",{},3-fold rotation,broken
symmetry_pattern_2656_open_q1,symmetry_pattern_2656.png,"[""symmetry_type=4-fold rotation; pattern_status=intact""]","[""whole pattern""]",{},4-fold rotation,intact
symmetry_pattern_2657_open_q1,symmetry_pattern_2657.png,"[""symmetry_type=6-fold rotation; pattern_status=broken""]","[""whole pattern""]",{},6-fold rotation,broken
symmetry_pattern_2658_open_q1,symmetry_pattern_2658.png,"[""symmetry_type=horizontal mirror; pattern_status=intact""]","[""whole pattern""]",{},horizontal mirror,intact
symmetry_pattern_2659_open_q1,symmetry_pattern_2659.png,"[""symmetry_type=vertical mirror; pattern_status=broken""]","[""whole pattern""]",{},vertical mirror,broken
symmetry_pattern_2660_open_q1,symmetry_pattern_2660.png,"[""symmetry_type=horizontal and vertical mirrors; pattern_status=intact""]","[""whole pattern""]",{},horizontal and vertical mirrors,intact
symmetry_pattern_2661_open_q1,symmetry_pattern_2661.png,"[""symmetry_type=2-fold rotation; pattern_status=broken""]","[""whole pattern""]",{},2-fold rotation,broken
symmetry_pattern_2662_open_q1,symmetry_pattern_2662.png,"[""symmetry_type=3-fold rotation; pattern_status=intact""]","[""whole pattern""]",{},3-fold rotation,intact
symmetry_pattern_2663_open_q1,symmetry_pattern_2663.png,"[""symmetry_type=4-fold rotation; pattern_status=broken""]","[""whole pattern""]",{},4-fold rotation,broken
symmetry_pattern_2664_open_q1,symmetry_pattern_2664.png,"[""symmetry_type=6-fold rotation; pattern_status=intact""]","[""whole pattern""]",{},6-fold rotation,intact
symmetry_pattern_2665_open_q1,symmetry_pattern_2665.png,"[""symmetry_type=horizontal mirror; pattern_status=broken""]","[""whole pattern""]",{},horizontal mirror,broken
symmetry_pattern_2666_open_q1,symmetry_pattern_2666.png,"[""symmetry_type=vertical mirror; pattern_status=intact""]","[""whole pattern""]",{},vertical mirror,intact
symmetry_pattern_2667_open_q1,symmetry_pattern_2667.png,"[""symmetry_type=horizontal and vertical mirrors; pattern_status=broken""]","[""whole pattern""]",{},horizontal and vertical mirrors,broken
symmetry_pattern_2668_open_q1,symmetry_pattern_2668.png,"[""symmetry_type=2-fold rotation; pattern_status=intact""]","[""whole pattern""]",{},2-fold rotation,intact
symmetry_pattern_2669_open_q1,symmetry_pattern_2669.png,"[""symmetry_type=3-fold rotation; pattern_status=broken""]","[""whole pattern""]",{},3-fold rotation,broken
symmetry_pattern_2670_open_q1,symmetry_pattern_2670.png,"[""symmetry_type=4-fold rotation; pattern_status=intact""]","[""whole pattern""]",{},4-fold rotation,intact
symmetry_pattern_2671_open_q1,symmetry_pattern_2671.png,"[""symmetry_type=6-fold rotation; pattern_status=broken""]","[""whole pattern""]",{},6-fold rotation,broken
symmetry_pattern_2672_open_q1,symmetry_pattern_2672.png,"[""symmetry_type=horizontal mirror; pattern_status=intact""]","[""whole pattern""]",{},horizontal mirror,intact
symmetry_pattern_2673_open_q1,symmetry_pattern_2673.png,"[""symmetry_type=vertical mirror; pattern_status=broken""]","[""whole pattern""]",{},vertical mirror,broken
symmetry_pattern_2674_open_q1,symmetry_pattern_2674.png,"[""symmetry_type=horizontal and vertical mirrors; pattern_status=intact""]","[""whole pattern""]",{},horizontal and vertical mirrors,intact
symmetry_pattern_2675_open_q1,symmetry_pattern_2675.png,"[""symmetry_type=2-fold rotation; pattern_status=broken""]","[""whole pattern""]",{},2-fold rotation,broken
symmetry_pattern_2676_open_q1,symmetry_pattern_2676.png,"[""symmetry_type=3-fold rotation; pattern_status=intact""]","[""whole pattern""]",{},3-fold rotation,intact
symmetry_pattern_2677_open_q1,symmetry_pattern_2677.png,"[""symmetry_type=4-fold rotation; pattern_status=broken""]","[""whole pattern""]",{},4-fold rotation,broken
symmetry_pattern_2678_open_q1,symmetry_pattern_2678.png,"[""symmetry_type=6-fold rotation; pattern_status=intact""]","[""whole pattern""]",{},6-fold rotation,intact
symmetry_pattern_2679_open_q1,symmetry_pattern_2679.png,"[""symmetry_type=horizontal mirror; pattern_status=broken""]","[""whole pattern""]",{},horizontal mirror,broken
symmetry_pattern_2680_open_q1,symmetry_pattern_2680.png,"[""symmetry_type=vertical mirror; pattern_status=intact""]","[""whole pattern""]",{},vertical mirror,intact
symmetry_pattern_2681_open_q1,symmetry_pattern_2681.png,"[""symmetry_type=horizontal and vertical mirrors; pattern_status=broken""]","[""whole pattern""]",{},horizontal and vertical mirrors,broken
symmetry_pattern_2682_open_q1,symmetry_pattern_2682.png,"[""symmetry_type=2-fold rotation; pattern_status=intact""]","[""whole pattern""]",{},2-fold rotation,intact
symmetry_pattern_2683_open_q1,symmetry_pattern_2683.png,"[""symmetry_type=3-fold rotation; pattern_status=broken""]","[""whole pattern""]",{},3-fold rotation,broken
symmetry_pattern_2684_open_q1,symmetry_pattern_2684.png,"[""symmetry_type=4-fold rotation; pattern_status=intact""]","[""whole pattern""]",{},4-fold rotation,intact
symmetry_pattern_2685_open_q1,symmetry_pattern_2685.png,"[""symmetry_type=6-fold rotation; pattern_status=broken""]","[""whole pattern""]",{},6-fold rotation,broken
symmetry_pattern_2686_open_q1,symmetry_pattern_2686.png,"[""symmetry_type=horizontal mirror; pattern_status=intact""]","[""whole pattern""]",{},horizontal mirror,intact
symmetry_pattern_2687_open_q1,symmetry_pattern_2687.png,"[""symmetry_type=vertical mirror; pattern_status=broken""]","[""whole pattern""]",{},vertical mirror,broken
symmetry_pattern_2688_open_q1,symmetry_pattern_2688.png,"[""symmetry_type=horizontal and vertical mirrors; pattern_status=intact""]","[""whole pattern""]",{},horizontal and vertical mirrors,intact
symmetry_pattern_2689_open_q1,symmetry_pattern_2689.png,"[""symmetry_type=2-fold rotation; pattern_status=broken""]","[""whole pattern""]",{},2-fold rotation,broken
symmetry_pattern_2690_open_q1,symmetry_pattern_2690.png,"[""symmetry_type=3-fold rotation; pattern_status=intact""]","[""whole pattern""]",{},3-fold rotation,intact
symmetry_pattern_2691_open_q1,symmetry_pattern_2691.png,"[""symmetry_type=4-fold rotation; pattern_status=broken""]","[""whole pattern""]",{},4-fold rotation,broken
symmetry_pattern_2692_open_q1,symmetry_pattern_2692.png,"[""symmetry_type=6-fold rotation; pattern_status=intact""]","[""whole pattern""]",{},6-fold rotation,intact
symmetry_pattern_2693_open_q1,symmetry_pattern_2693.png,"[""symmetry_type=horizontal mirror; pattern_status=broken""]","[""whole pattern""]",{},horizontal mirror,broken
symmetry_pattern_2694_open_q1,symmetry_pattern_2694.png,"[""symmetry_type=vertical mirror; pattern_status=intact""]","[""whole pattern""]",{},vertical mirror,intact
symmetry_pattern_2695_open_q1,symmetry_pattern_2695.png,"[""symmetry_type=horizontal and vertical mirrors; pattern_status=broken""]","[""whole pattern""]",{},horizontal and vertical mirrors,broken
symmetry_pattern_2696_open_q1,symmetry_pattern_2696.png,"[""symmetry_type=2-fold rotation; pattern_status=intact""]","[""whole pattern""]",{},2-fold rotation,intact
symmetry_pattern_2697_open_q1,symmetry_pattern_2697.png,"[""symmetry_type=3-fold rotation; pattern_status=broken""]","[""whole pattern""]",{},3-fold rotation,broken
symmetry_pattern_2698_open_q1,symmetry_pattern_2698.png,"[""symmetry_type=4-fold rotation; pattern_status=intact""]","[""whole pattern""]",{},4-fold rotation,intact
symmetry_pattern_2699_open_q1,symmetry_pattern_2699.png,"[""symmetry_type=6-fold rotation; pattern_status=broken""]","[""whole pattern""]",{},6-fold rotation,broken
symmetry_pattern_2700_open_q1,symmetry_pattern_2700.png,"[""symmetry_type=horizontal mirror; pattern_status=intact""]","[""whole pattern""]",{},horizontal mirror,intact
symmetry_pattern_2701_open_q1,symmetry_pattern_2701.png,"[""symmetry_type=vertical mirror; pattern_status=broken""]","[""whole pattern""]",{},vertical mirror,broken
symmetry_pattern_2702_open_q1,symmetry_pattern_2702.png,"[""symmetry_type=horizontal and vertical mirrors; pattern_status=intact""]","[""whole pattern""]",{},horizontal and vertical mirrors,intact
symmetry_pattern_2703_open_q1,symmetry_pattern_2703.png,"[""symmetry_type=2-fold rotation; pattern_status=broken""]","[""whole pattern""]",{},2-fold rotation,broken
symmetry_pattern_2704_open_q1,symmetry_pattern_2704.png,"[""symmetry_type=3-fold rotation; pattern_status=intact""]","[""whole pattern""]",{},3-fold rotation,intact
symmetry_pattern_2705_open_q1,symmetry_pattern_2705.png,"[""symmetry_type=4-fold rotation; pattern_status=broken""]","[""whole pattern""]",{},4-fold rotation,broken
symmetry_pattern_2706_open_q1,symmetry_pattern_2706.png,"[""symmetry_type=6-fold rotation; pattern_status=intact""]","[""whole pattern""]",{},6-fold rotation,intact
symmetry_pattern_2707_open_q1,symmetry_pattern_2707.png,"[""symmetry_type=horizontal mirror; pattern_status=broken""]","[""whole pattern""]",{},horizontal mirror,broken
symmetry_pattern_2708_open_q1,symmetry_pattern_2708.png,"[""symmetry_type=vertical mirror; pattern_status=intact""]","[""whole pattern""]",{},vertical mirror,intact
symmetry_pattern_2709_open_q1,symmetry_pattern_2709.png,"[""symmetry_type=horizontal and vertical mirrors; pattern_status=broken""]","[""whole pattern""]",{},horizontal and vertical mirrors,broken
symmetry_pattern_2710_open_q1,symmetry_pattern_2710.png,"[""symmetry_type=2-fold rotation; pattern_status=intact""]","[""whole pattern""]",{},2-fold rotation,intact
symmetry_pattern_2711_open_q1,symmetry_pattern_2711.png,"[""symmetry_type=3-fold rotation; pattern_status=broken""]","[""whole pattern""]",{},3-fold rotation,broken
symmetry_pattern_2712_open_q1,symmetry_pattern_2712.png,"[""symmetry_type=4-fold rotation; pattern_status=intact""]","[""whole pattern""]",{},4-fold rotation,intact
symmetry_pattern_2713_open_q1,symmetry_pattern_2713.png,"[""symmetry_type=6-fold rotation; pattern_status=broken""]","[""whole pattern""]",{},6-fold rotation,broken
symmetry_pattern_2714_open_q1,symmetry_pattern_2714.png,"[""symmetry_type=horizontal mirror; pattern_status=intact""]","[""whole pattern""]",{},horizontal mirror,intact
symmetry_pattern_2715_open_q1,symmetry_pattern_2715.png,"[""symmetry_type=vertical mirror; pattern_status=broken""]","[""whole pattern""]",{},vertical mirror,broken
symmetry_pattern_2716_open_q1,symmetry_pattern_2716.png,"[""symmetry_type=horizontal and vertical mirrors; pattern_status=intact""]","[""whole pattern""]",{},horizontal and vertical mirrors,intact
symmetry_pattern_2717_open_q1,symmetry_pattern_2717.png,"[""symmetry_type=2-fold rotation; pattern_status=broken""]","[""whole pattern""]",{},2-fold rotation,broken
symmetry_pattern_2718_open_q1,symmetry_pattern_2718.png,"[""symmetry_type=3-fold rotation; pattern_status=intact""]","[""whole pattern""]",{},3-fold rotation,intact
symmetry_pattern_2719_open_q1,symmetry_pattern_2719.png,"[""symmetry_type=4-fold rotation; pattern_status=broken""]","[""whole pattern""]",{},4-fold rotation,broken
symmetry_pattern_2720_open_q1,symmetry_pattern_2720.png,"[""symmetry_type=6-fold rotation; pattern_status=intact""]","[""whole pattern""]",{},6-fold rotation,intact
symmetry_pattern_2721_open_q1,symmetry_pattern_2721.png,"[""symmetry_type=horizontal mirror; pattern_status=broken""]","[""whole pattern""]",{},horizontal mirror,broken
symmetry_pattern_2722_open_q1,symmetry_pattern_2722.png,"[""symmetry_type=vertical mirror; pattern_status=intact""]","[""whole pattern""]",{},vertical mirror,intact
symmetry_pattern_2723_open_q1,symmetry_pattern_2723.png,"[""symmetry_type=horizontal and vertical mirrors; pattern_status=broken""]","[""whole pattern""]",{},horizontal and vertical mirrors,broken
symmetry_pattern_2724_open_q1,symmetry_pattern_2724.png,"[""symmetry_type=2-fold rotation; pattern_status=intact""]","[""whole pattern""]",{},2-fold rotation,intact
symmetry_pattern_2725_open_q1,symmetry_pattern_2725.png,"[""symmetry_type=3-fold rotation; pattern_status=broken""]","[""whole pattern""]",{},3-fold rotation,broken
symmetry_pattern_2726_open_q1,symmetry_pattern_2726.png,"[""symmetry_type=4-fold rotation; pattern_status=intact""]","[""whole pattern""]",{},4-fold rotation,intact
symmetry_pattern_2727_open_q1,symmetry_pattern_2727.png,"[""symmetry_type=6-fold rotation; pattern_status=broken""]","[""whole pattern""]",{},6-fold rotation,broken
symmetry_pattern_2728_open_q1,symmetry_pattern_2728.png,"[""symmetry_type=horizontal mirror; pattern_status=intact""]","[""whole pattern""]",{},horizontal mirror,intact
symmetry_pattern_2729_open_q1,symmetry_pattern_2729.png,"[""symmetry_type=vertical mirror; pattern_status=broken""]","[""whole pattern""]",{},vertical mirror,broken
symmetry_pattern_2730_open_q1,symmetry_pattern_2730.png,"[""symmetry_type=horizontal and vertical mirrors; pattern_status=intact""]","[""whole pattern""]",{},horizontal and vertical mirrors,intact
symmetry_pattern_2731_open_q1,symmetry_pattern_2731.png,"[""symmetry_type=2-fold rotation; pattern_status=broken""]","[""whole pattern""]",{},2-fold rotation,broken
symmetry_pattern_2732_open_q1,symmetry_pattern_2732.png,"[""symmetry_type=3-fold rotation; pattern_status=intact""]","[""whole pattern""]",{},3-fold rotation,intact
symmetry_pattern_2733_open_q1,symmetry_pattern_2733.png,"[""symmetry_type=4-fold rotation; pattern_status=broken""]","[""whole pattern""]",{},4-fold rotation,broken
symmetry_pattern_2734_open_q1,symmetry_pattern_2734.png,"[""symmetry_type=6-fold rotation; pattern_status=intact""]","[""whole pattern""]",{},6-fold rotation,intact
symmetry_pattern_2735_open_q1,symmetry_pattern_2735.png,"[""symmetry_type=horizontal mirror; pattern_status=broken""]","[""whole pattern""]",{},horizontal mirror,broken
symmetry_pattern_2736_open_q1,symmetry_pattern_2736.png,"[""symmetry_type=vertical mirror; pattern_status=intact""]","[""whole pattern""]",{},vertical mirror,intact
symmetry_pattern_2737_open_q1,symmetry_pattern_2737.png,"[""symmetry_type=horizontal and vertical mirrors; pattern_status=broken""]","[""whole pattern""]",{},horizontal and vertical mirrors,broken
symmetry_pattern_2738_open_q1,symmetry_pattern_2738.png,"[""symmetry_type=2-fold rotation; pattern_status=intact""]","[""whole pattern""]",{},2-fold rotation,intact
symmetry_pattern_2739_open_q1,symmetry_pattern_2739.png,"[""symmetry_type=3-fold rotation; pattern_status=broken""]","[""whole pattern""]",{},3-fold rotation,broken
symmetry_pattern_2740_open_q1,symmetry_pattern_2740.png,"[""symmetry_type=4-fold rotation; pattern_status=intact""]","[""whole pattern""]",{},4-fold rotation,intact
symmetry_pattern_2741_open_q1,symmetry_pattern_2741.png,"[""symmetry_type=6-fold rotation; pattern_status=broken""]","[""whole pattern""]",{},6-fold rotation,broken
symmetry_pattern_2742_open_q1,symmetry_pattern_2742.png,"[""symmetry_type=horizontal mirror; pattern_status=intact""]","[""whole pattern""]",{},horizontal mirror,intact
symmetry_pattern_2743_open_q1,symmetry_pattern_2743.png,"[""symmetry_type=vertical mirror; pattern_status=broken""]","[""whole pattern""]",{},vertical mirror,broken
symmetry_pattern_2744_open_q1,symmetry_pattern_2744.png,"[""symmetry_type=horizontal and vertical mirrors; pattern_status=intact""]","[""whole pattern""]",{},horizontal and vertical mirrors,intact
symmetry_pattern_2745_open_q1,symmetry_pattern_2745.png,"[""symmetry_type=2-fold rotation; pattern_status=broken""]","[""whole pattern""]",{},2-fold rotation,broken
symmetry_pattern_2746_open_q1,symmetry_pattern_2746.png,"[""symmetry_type=3-fold rotation; pattern_status=intact""]","[""whole pattern""]",{},3-fold rotation,intact
symmetry_pattern_2747_open_q1,symmetry_pattern_2747.png,"[""symmetry_type=4-fold rotation; pattern_status=broken""]","[""whole pattern""]",{},4-fold rotation,broken
symmetry_pattern_2748_open_q1,symmetry_pattern_2748.png,"[""symmetry_type=6-fold rotation; pattern_status=intact""]","[""whole pattern""]",{},6-fold rotation,intact
symmetry_pattern_2749_open_q1,symmetry_pattern_2749.png,"[""symmetry_type=horizontal mirror; pattern_status=broken""]","[""whole pattern""]",{},horizontal mirror,broken
symmetry_pattern_2750_open_q1,symmetry_pattern_2750.png,"[""symmetry_type=vertical mirror; pattern_status=intact""]","[""whole pattern""]",{},vertical mirror,intact
symmetry_pattern_2751_open_q1,symmetry_pattern_2751.png,"[""symmetry_type=horizontal and vertical mirrors; pattern_status=broken""]","[""whole pattern""]",{},horizontal and vertical mirrors,broken
symmetry_pattern_2752_open_q1,symmetry_pattern_2752.png,"[""symmetry_type=2-fold rotation; pattern_status=intact""]","[""whole pattern""]",{},2-fold rotation,intact
symmetry_pattern_2753_open_q1,symmetry_pattern_2753.png,"[""symmetry_type=3-fold rotation; pattern_status=broken""]","[""whole pattern""]",{},3-fold rotation,broken
symmetry_pattern_2754_open_q1,symmetry_pattern_2754.png,"[""symmetry_type=4-fold rotation; pattern_status=intact""]","[""whole pattern""]",{},4-fold rotation,intact
symmetry_pattern_2755_open_q1,symmetry_pattern_2755.png,"[""symmetry_type=6-fold rotation; pattern_status=broken""]","[""whole pattern""]",{},6-fold rotation,broken
symmetry_pattern_2756_open_q1,symmetry_pattern_2756.png,"[""symmetry_type=horizontal mirror; pattern_status=intact""]","[""whole pattern""]",{},horizontal mirror,intact
symmetry_pattern_2757_open_q1,symmetry_pattern_2757.png,"[""symmetry_type=vertical mirror; pattern_status=broken""]","[""whole pattern""]",{},vertical mirror,broken
symmetry_pattern_2758_open_q1,symmetry_pattern_2758.png,"[""symmetry_type=horizontal and vertical mirrors; pattern_status=intact""]","[""whole pattern""]",{},horizontal and vertical mirrors,intact
symmetry_pattern_2759_open_q1,symmetry_pattern_2759.png,"[""symmetry_type=2-fold rotation; pattern_status=broken""]","[""whole pattern""]",{},2-fold rotation,broken
symmetry_pattern_2760_open_q1,symmetry_pattern_2760.png,"[""symmetry_type=3-fold rotation; pattern_status=intact""]","[""whole pattern""]",{},3-fold rotation,intact
symmetry_pattern_2761_open_q1,symmetry_pattern_2761.png,"[""symmetry_type=4-fold rotation; pattern_status=broken""]","[""whole pattern""]",{},4-fold rotation,broken
symmetry_pattern_2762_open_q1,symmetry_pattern_2762.png,"[""symmetry_type=6-fold rotation; pattern_status=intact""]","[""whole pattern""]",{},6-fold rotation,intact
symmetry_pattern_2763_open_q1,symmetry_pattern_2763.png,"[""symmetry_type=horizontal mirror; pattern_status=broken""]","[""whole pattern""]",{},horizontal mirror,broken
symmetry_pattern_2764_open_q1,symmetry_pattern_2764.png,"[""symmetry_type=vertical mirror; pattern_status=intact""]","[""whole pattern""]",{},vertical mirror,intact
symmetry_pattern_2765_open_q1,symmetry_pattern_2765.png,"[""symmetry_type=horizontal and vertical mirrors; pattern_status=broken""]","[""whole pattern""]",{},horizontal and vertical mirrors,broken
symmetry_pattern_2766_open_q1,symmetry_pattern_2766.png,"[""symmetry_type=2-fold rotation; pattern_status=intact""]","[""whole pattern""]",{},2-fold rotation,intact
symmetry_pattern_2767_open_q1,symmetry_pattern_2767.png,"[""symmetry_type=3-fold rotation; pattern_status=broken""]","[""whole pattern""]",{},3-fold rotation,broken
symmetry_pattern_2768_open_q1,symmetry_pattern_2768.png,"[""symmetry_type=4-fold rotation; pattern_status=intact""]","[""whole pattern""]",{},4-fold rotation,intact
symmetry_pattern_2769_open_q1,symmetry_pattern_2769.png,"[""symmetry_type=6-fold rotation; pattern_status=broken""]","[""whole pattern""]",{},6-fold rotation,broken
symmetry_pattern_2770_open_q1,symmetry_pattern_2770.png,"[""symmetry_type=horizontal mirror; pattern_status=intact""]","[""whole pattern""]",{},horizontal mirror,intact
symmetry_pattern_2771_open_q1,symmetry_pattern_2771.png,"[""symmetry_type=vertical mirror; pattern_status=broken""]","[""whole pattern""]",{},vertical mirror,broken
symmetry_pattern_2772_open_q1,symmetry_pattern_2772.png,"[""symmetry_type=horizontal and vertical mirrors; pattern_status=intact""]","[""whole pattern""]",{},horizontal and vertical mirrors,intact
symmetry_pattern_2773_open_q1,symmetry_pattern_2773.png,"[""symmetry_type=2-fold rotation; pattern_status=broken""]","[""whole pattern""]",{},2-fold rotation,broken
symmetry_pattern_2774_open_q1,symmetry_pattern_2774.png,"[""symmetry_type=3-fold rotation; pattern_status=intact""]","[""whole pattern""]",{},3-fold rotation,intact
symmetry_pattern_2775_open_q1,symmetry_pattern_2775.png,"[""symmetry_type=4-fold rotation; pattern_status=broken""]","[""whole pattern""]",{},4-fold rotation,broken
symmetry_pattern_2776_open_q1,symmetry_pattern_2776.png,"[""symmetry_type=6-fold rotation; pattern_status=intact""]","[""whole pattern""]",{},6-fold rotation,intact
symmetry_pattern_2777_open_q1,symmetry_pattern_2777.png,"[""symmetry_type=horizontal mirror; pattern_status=broken""]","[""whole pattern""]",{},horizontal mirror,broken
symmetry_pattern_2778_open_q1,symmetry_pattern_2778.png,"[""symmetry_type=vertical mirror; pattern_status=intact""]","[""whole pattern""]",{},vertical mirror,intact
symmetry_pattern_2779_open_q1,symmetry_pattern_2779.png,"[""symmetry_type=horizontal and vertical mirrors; pattern_status=broken""]","[""whole pattern""]",{},horizontal and vertical mirrors,broken
symmetry_pattern_2780_open_q1,symmetry_pattern_2780.png,"[""symmetry_type=2-fold rotation; pattern_status=intact""]","[""whole pattern""]",{},2-fold rotation,intact
symmetry_pattern_2781_open_q1,symmetry_pattern_2781.png,"[""symmetry_type=3-fold rotation; pattern_status=broken""]","[""whole pattern""]",{},3-fold rotation,broken
symmetry_pattern_2782_open_q1,symmetry_pattern_2782.png,"[""symmetry_type=4-fold rotation; pattern_status=intact""]","[""whole pattern""]",{},4-fold rotation,intact
symmetry_pattern_2783_open_q1,symmetry_pattern_2783.png,"[""symmetry_type=6-fold rotation; pattern_status=broken""]","[""whole pattern""]",{},6-fold rotation,broken
symmetry_pattern_2784_open_q1,symmetry_pattern_2784.png,"[""symmetry_type=horizontal mirror; pattern_status=intact""]","[""whole pattern""]",{},horizontal mirror,intact
symmetry_pattern_2785_open_q1,symmetry_pattern_2785.png,"[""symmetry_type=vertical mirror; pattern_status=broken""]","[""whole pattern""]",{},vertical mirror,broken
symmetry_pattern_2786_open_q1,symmetry_pattern_2786.png,"[""symmetry_type=horizontal and vertical mirrors; pattern_status=intact""]","[""whole pattern""]",{},horizontal and vertical mirrors,intact
symmetry_pattern_2787_open_q1,symmetry_pattern_2787.png,"[""symmetry_type=2-fold rotation; pattern_status=broken""]","[""whole pattern""]",{},2-fold rotation,broken
symmetry_pattern_2788_open_q1,symmetry_pattern_2788.png,"[""symmetry_type=3-fold rotation; pattern_status=intact""]","[""whole pattern""]",{},3-fold rotation,intact
symmetry_pattern_2789_open_q1,symmetry_pattern_2789.png,"[""symmetry_type=4-fold rotation; pattern_status=broken""]","[""whole pattern""]",{},4-fold rotation,broken
symmetry_pattern_2790_open_q1,symmetry_pattern_2790.png,"[""symmetry_type=6-fold rotation; pattern_status=intact""]","[""whole pattern""]",{},6-fold rotation,intact
symmetry_pattern_2791_open_q1,symmetry_pattern_2791.png,"[""symmetry_type=horizontal mirror; pattern_status=broken""]","[""whole pattern""]",{},horizontal mirror,broken
symmetry_pattern_2792_open_q1,symmetry_pattern_2792.png,"[""symmetry_type=vertical mirror; pattern_status=intact""]","[""whole pattern""]",{},vertical mirror,intact
symmetry_pattern_2793_open_q1,symmetry_pattern_2793.png,"[""symmetry_type=horizontal and vertical mirrors; pattern_status=broken""]","[""whole pattern""]",{},horizontal and vertical mirrors,broken
symmetry_pattern_2794_open_q1,symmetry_pattern_2794.png,"[""symmetry_type=2-fold rotation; pattern_status=intact""]","[""whole pattern""]",{},2-fold rotation,intact
symmetry_pattern_2795_open_q1,symmetry_pattern_2795.png,"[""symmetry_type=3-fold rotation; pattern_status=broken""]","[""whole pattern""]",{},3-fold rotation,broken
symmetry_pattern_2796_open_q1,symmetry_pattern_2796.png,"[""symmetry_type=4-fold rotation; pattern_status=intact""]","[""whole pattern""]",{},4-fold rotation,intact
symmetry_pattern_2797_open_q1,symmetry_pattern_2797.png,"[""symmetry_type=6-fold rotation; pattern_status=broken""]","[""whole pattern""]",{},6-fold rotation,broken
symmetry_pattern_2798_open_q1,symmetry_pattern_2798.png,"[""symmetry_type=horizontal mirror; pattern_status=intact""]","[""whole pattern""]",{},horizontal mirror,intact
symmetry_pattern_2799_open_q1,symmetry_pattern_2799.png,"[""symmetry_type=vertical mirror; pattern_status=broken""]","[""whole pattern""]",{},vertical mirror,broken
symmetry_pattern_2800_open_q1,symmetry_pattern_2800.png,"[""symmetry_type=horizontal and vertical mirrors; pattern_status=intact""]","[""whole pattern""]",{},horizontal and vertical mirrors,intact
symmetry_pattern_2801_open_q1,symmetry_pattern_2801.png,"[""symmetry_type=2-fold rotation; pattern_status=broken""]","[""whole pattern""]",{},2-fold rotation,broken
symmetry_pattern_2802_open_q1,symmetry_pattern_2802.png,"[""symmetry_type=3-fold rotation; pattern_status=intact""]","[""whole pattern""]",{},3-fold rotation,intact
symmetry_pattern_2803_open_q1,symmetry_pattern_2803.png,"[""symmetry_type=4-fold rotation; pattern_status=broken""]","[""whole pattern""]",{},4-fold rotation,broken
symmetry_pattern_2804_open_q1,symmetry_pattern_2804.png,"[""symmetry_type=6-fold rotation; pattern_status=intact""]","[""whole pattern""]",{},6-fold rotation,intact
symmetry_pattern_2805_open_q1,symmetry_pattern_2805.png,"[""symmetry_type=horizontal mirror; pattern_status=broken""]","[""whole pattern""]",{},horizontal mirror,broken
symmetry_pattern_2806_open_q1,symmetry_pattern_2806.png,"[""symmetry_type=vertical mirror; pattern_status=intact""]","[""whole pattern""]",{},vertical mirror,intact
symmetry_pattern_2807_open_q1,symmetry_pattern_2807.png,"[""symmetry_type=horizontal and vertical mirrors; pattern_status=broken""]","[""whole pattern""]",{},horizontal and vertical mirrors,broken
symmetry_pattern_2808_open_q1,symmetry_pattern_2808.png,"[""symmetry_type=2-fold rotation; pattern_status=intact""]","[""whole pattern""]",{},2-fold rotation,intact
symmetry_pattern_2809_open_q1,symmetry_pattern_2809.png,"[""symmetry_type=3-fold rotation; pattern_status=broken""]","[""whole pattern""]",{},3-fold rotation,broken
symmetry_pattern_2810_open_q1,symmetry_pattern_2810.png,"[""symmetry_type=4-fold rotation; pattern_status=intact""]","[""whole pattern""]",{},4-fold rotation,intact
symmetry_pattern_2811_open_q1,symmetry_pattern_2811.png,"[""symmetry_type=6-fold rotation; pattern_status=broken""]","[""whole pattern""]",{},6-fold rotation,broken
symmetry_pattern_2812_open_q1,symmetry_pattern_2812.png,"[""symmetry_type=horizontal mirror; pattern_status=intact""]","[""whole pattern""]",{},horizontal mirror,intact
symmetry_pattern_2813_open_q1,symmetry_pattern_2813.png,"[""symmetry_type=vertical mirror; pattern_status=broken""]","[""whole pattern""]",{},vertical mirror,broken
symmetry_pattern_2814_open_q1,symmetry_pattern_2814.png,"[""symmetry_type=horizontal and vertical mirrors; pattern_status=intact""]","[""whole pattern""]",{},horizontal and vertical mirrors,intact
symmetry_pattern_2815_open_q1,symmetry_pattern_2815.png,"[""symmetry_type=2-fold rotation; pattern_status=broken""]","[""whole pattern""]",{},2-fold rotation,broken
symmetry_pattern_2816_open_q1,symmetry_pattern_2816.png,"[""symmetry_type=3-fold rotation; pattern_status=intact""]","[""whole pattern""]",{},3-fold rotation,intact
symmetry_pattern_2817_open_q1,symmetry_pattern_2817.png,"[""symmetry_type=4-fold rotation; pattern_status=broken""]","[""whole pattern""]",{},4-fold rotation,broken
symmetry_pattern_2818_open_q1,symmetry_pattern_2818.png,"[""symmetry_type=6-fold rotation; pattern_status=intact""]","[""whole pattern""]",{},6-fold rotation,intact
symmetry_pattern_2819_open_q1,symmetry_pattern_2819.png,"[""symmetry_type=horizontal mirror; pattern_status=broken""]","[""whole pattern""]",{},horizontal mirror,broken
symmetry_pattern_2820_open_q1,symmetry_pattern_2820.png,"[""symmetry_type=vertical mirror; pattern_status=intact""]","[""whole pattern""]",{},vertical mirror,intact
symmetry_pattern_2821_open_q1,symmetry_pattern_2821.png,"[""symmetry_type=horizontal and vertical mirrors; pattern_status=broken""]","[""whole pattern""]",{},horizontal and vertical mirrors,broken
symmetry_pattern_2822_open_q1,symmetry_pattern_2822.png,"[""symmetry_type=2-fold rotation; pattern_status=intact""]","[""whole pattern""]",{},2-fold rotation,intact
symmetry_pattern_2823_open_q1,symmetry_pattern_2823.png,"[""symmetry_type=3-fold rotation; pattern_status=broken""]","[""whole pattern""]",{},3-fold rotation,broken
symmetry_pattern_2824_open_q1,symmetry_pattern_2824.png,"[""symmetry_type=4-fold rotation; pattern_status=intact""]","[""whole pattern""]",{},4-fold rotation,intact
symmetry_pattern_2825_open_q1,symmetry_pattern_2825.png,"[""symmetry_type=6-fold rotation; pattern_status=broken""]","[""whole pattern""]",{},6-fold rotation,broken
symmetry_pattern_2826_open_q1,symmetry_pattern_2826.png,"[""symmetry_type=horizontal mirror; pattern_status=intact""]","[""whole pattern""]",{},horizontal mirror,intact
symmetry_pattern_2827_open_q1,symmetry_pattern_2827.png,"[""symmetry_type=vertical mirror; pattern_status=broken""]","[""whole pattern""]",{},vertical mirror,broken
symmetry_pattern_2828_open_q1,symmetry_pattern_2828.png,"[""symmetry_type=horizontal and vertical mirrors; pattern_status=intact""]","[""whole pattern""]",{},horizontal and vertical mirrors,intact
symmetry_pattern_2829_open_q1,symmetry_pattern_2829.png,"[""symmetry_type=2-fold rotation; pattern_status=broken""]","[""whole pattern""]",{},2-fold rotation,broken
symmetry_pattern_2830_open_q1,symmetry_pattern_2830.png,"[""symmetry_type=3-fold rotation; pattern_status=intact""]","[""whole pattern""]",{},3-fold rotation,intact
symmetry_pattern_2831_open_q1,symmetry_pattern_2831.png,"[""symmetry_type=4-fold rotation; pattern_status=broken""]","[""whole pattern""]",{},4-fold rotation,broken
symmetry_pattern_2832_open_q1,symmetry_pattern_2832.png,"[""symmetry_type=6-fold rotation; pattern_status=intact""]","[""whole pattern""]",{},6-fold rotation,intact
symmetry_pattern_2833_open_q1,symmetry_pattern_2833.png,"[""symmetry_type=horizontal mirror; pattern_status=broken""]","[""whole pattern""]",{},horizontal mirror,broken
symmetry_pattern_2834_open_q1,symmetry_pattern_2834.png,"[""symmetry_type=vertical mirror; pattern_status=intact""]","[""whole pattern""]",{},vertical mirror,intact
symmetry_pattern_2835_open_q1,symmetry_pattern_2835.png,"[""symmetry_type=horizontal and vertical mirrors; pattern_status=broken""]","[""whole pattern""]",{},horizontal and vertical mirrors,broken
symmetry_pattern_2836_open_q1,symmetry_pattern_2836.png,"[""symmetry_type=2-fold rotation; pattern_status=intact""]","[""whole pattern""]",{},2-fold rotation,intact
symmetry_pattern_2837_open_q1,symmetry_pattern_2837.png,"[""symmetry_type=3-fold rotation; pattern_status=broken""]","[""whole pattern""]",{},3-fold rotation,broken
symmetry_pattern_2838_open_q1,symmetry_pattern_2838.png,"[""symmetry_type=4-fold rotation; pattern_status=intact""]","[""whole pattern""]",{},4-fold rotation,intact
symmetry_pattern_2839_open_q1,symmetry_pattern_2839.png,"[""symmetry_type=6-fold rotation; pattern_status=broken""]","[""whole pattern""]",{},6-fold rotation,broken
symmetry_pattern_2840_open_q1,symmetry_pattern_2840.png,"[""symmetry_type=horizontal mirror; pattern_status=intact""]","[""whole pattern""]",{},horizontal mirror,intact
symmetry_pattern_2841_open_q1,symmetry_pattern_2841.png,"[""symmetry_type=vertical mirror; pattern_status=broken""]","[""whole pattern""]",{},vertical mirror,broken
symmetry_pattern_2842_open_q1,symmetry_pattern_2842.png,"[""symmetry_type=horizontal and vertical mirrors; pattern_status=intact""]","[""whole pattern""]",{},horizontal and vertical mirrors,intact
symmetry_pattern_2843_open_q1,symmetry_pattern_2843.png,"[""symmetry_type=2-fold rotation; pattern_status=broken""]","[""whole pattern""]",{},2-fold rotation,broken
symmetry_pattern_2844_open_q1,symmetry_pattern_2844.png,"[""symmetry_type=3-fold rotation; pattern_status=intact""]","[""whole pattern""]",{},3-fold rotation,intact
symmetry_pattern_2845_open_q1,symmetry_pattern_2845.png,"[""symmetry_type=4-fold rotation; pattern_status=broken""]","[""whole pattern""]",{},4-fold rotation,broken
symmetry_pattern_2846_open_q1,symmetry_pattern_2846.png,"[""symmetry_type=6-fold rotation; pattern_status=intact""]","[""whole pattern""]",{},6-fold rotation,intact
symmetry_pattern_2847_open_q1,symmetry_pattern_2847.png,"[""symmetry_type=horizontal mirror; pattern_status=broken""]","[""whole pattern""]",{},horizontal mirror,broken
symmetry_pattern_2848_open_q1,symmetry_pattern_2848.png,"[""symmetry_type=vertical mirror; pattern_status=intact""]","[""whole pattern""]",{},vertical mirror,intact
symmetry_pattern_2849_open_q1,symmetry_pattern_2849.png,"[""symmetry_type=horizontal and vertical mirrors; pattern_status=broken""]","[""whole pattern""]",{},horizontal and vertical mirrors,broken
symmetry_pattern_2850_open_q1,symmetry_pattern_2850.png,"[""symmetry_type=2-fold rotation; pattern_status=intact""]","[""whole pattern""]",{},2-fold rotation,intact
symmetry_pattern_2851_open_q1,symmetry_pattern_2851.png,"[""symmetry_type=3-fold rotation; pattern_status=broken""]","[""whole pattern""]",{},3-fold rotation,broken
symmetry_pattern_2852_open_q1,symmetry_pattern_2852.png,"[""symmetry_type=4-fold rotation; pattern_status=intact""]","[""whole pattern""]",{},4-fold rotation,intact
symmetry_pattern_2853_open_q1,symmetry_pattern_2853.png,"[""symmetry_type=6-fold rotation; pattern_status=broken""]","[""whole pattern""]",{},6-fold rotation,broken
symmetry_pattern_2854_open_q1,symmetry_pattern_2854.png,"[""symmetry_type=horizontal mirror; pattern_status=intact""]","[""whole pattern""]",{},horizontal mirror,intact
symmetry_pattern_2855_open_q1,symmetry_pattern_2855.png,"[""symmetry_type=vertical mirror; pattern_status=broken""]","[""whole pattern""]",{},vertical mirror,broken
symmetry_pattern_2856_open_q1,symmetry_pattern_2856.png,"[""symmetry_type=horizontal and vertical mirrors; pattern_status=intact""]","[""whole pattern""]",{},horizontal and vertical mirrors,intact
symmetry_pattern_2857_open_q1,symmetry_pattern_2857.png,"[""symmetry_type=2-fold rotation; pattern_status=broken""]","[""whole pattern""]",{},2-fold rotation,broken
symmetry_pattern_2858_open_q1,symmetry_pattern_2858.png,"[""symmetry_type=3-fold rotation; pattern_status=intact""]","[""whole pattern""]",{},3-fold rotation,intact
symmetry_pattern_2859_open_q1,symmetry_pattern_2859.png,"[""symmetry_type=4-fold rotation; pattern_status=broken""]","[""whole pattern""]",{},4-fold rotation,broken
symmetry_pattern_2860_open_q1,symmetry_pattern_2860.png,"[""symmetry_type=6-fold rotation; pattern_status=intact""]","[""whole pattern""]",{},6-fold rotation,intact
symmetry_pattern_2861_open_q1,symmetry_pattern_2861.png,"[""symmetry_type=horizontal mirror; pattern_status=broken""]","[""whole pattern""]",{},horizontal mirror,broken
symmetry_pattern_2862_open_q1,symmetry_pattern_2862.png,"[""symmetry_type=vertical mirror; pattern_status=intact""]","[""whole pattern""]",{},vertical mirror,intact
symmetry_pattern_2863_open_q1,symmetry_pattern_2863.png,"[""symmetry_type=horizontal and vertical mirrors; pattern_status=broken""]","[""whole pattern""]",{},horizontal and vertical mirrors,broken
symmetry_pattern_2864_open_q1,symmetry_pattern_2864.png,"[""symmetry_type=2-fold rotation; pattern_status=intact""]","[""whole pattern""]",{},2-fold rotation,intact
symmetry_pattern_2865_open_q1,symmetry_pattern_2865.png,"[""symmetry_type=3-fold rotation; pattern_status=broken""]","[""whole pattern""]",{},3-fold rotation,broken
symmetry_pattern_2866_open_q1,symmetry_pattern_2866.png,"[""symmetry_type=4-fold rotation; pattern_status=intact""]","[""whole pattern""]",{},4-fold rotation,intact
symmetry_pattern_2867_open_q1,symmetry_pattern_2867.png,"[""symmetry_type=6-fold rotation; pattern_status=broken""]","[""whole pattern""]",{},6-fold rotation,broken
symmetry_pattern_2868_open_q1,symmetry_pattern_2868.png,"[""symmetry_type=horizontal mirror; pattern_status=intact""]","[""whole pattern""]",{},horizontal mirror,intact
symmetry_pattern_2869_open_q1,symmetry_pattern_2869.png,"[""symmetry_type=vertical mirror; pattern_status=broken""]","[""whole pattern""]",{},vertical mirror,broken
symmetry_pattern_2870_open_q1,symmetry_pattern_2870.png,"[""symmetry_type=horizontal and vertical mirrors; pattern_status=intact""]","[""whole pattern""]",{},horizontal and vertical mirrors,intact
symmetry_pattern_2871_open_q1,symmetry_pattern_2871.png,"[""symmetry_type=2-fold rotation; pattern_status=broken""]","[""whole pattern""]",{},2-fold rotation,broken
symmetry_pattern_2872_open_q1,symmetry_pattern_2872.png,"[""symmetry_type=3-fold rotation; pattern_status=intact""]","[""whole pattern""]",{},3-fold rotation,intact
symmetry_pattern_2873_open_q1,symmetry_pattern_2873.png,"[""symmetry_type=4-fold rotation; pattern_status=broken""]","[""whole pattern""]",{},4-fold rotation,broken
symmetry_pattern_2874_open_q1,symmetry_pattern_2874.png,"[""symmetry_type=6-fold rotation; pattern_status=intact""]","[""whole pattern""]",{},6-fold rotation,intact
symmetry_pattern_2875_open_q1,symmetry_pattern_2875.png,"[""symmetry_type=horizontal mirror; pattern_status=broken""]","[""whole pattern""]",{},horizontal mirror,broken
symmetry_pattern_2876_open_q1,symmetry_pattern_2876.png,"[""symmetry_type=vertical mirror; pattern_status=intact""]","[""whole pattern""]",{},vertical mirror,intact
symmetry_pattern_2877_open_q1,symmetry_pattern_2877.png,"[""symmetry_type=horizontal and vertical mirrors; pattern_status=broken""]","[""whole pattern""]",{},horizontal and vertical mirrors,broken
symmetry_pattern_2878_open_q1,symmetry_pattern_2878.png,"[""symmetry_type=2-fold rotation; pattern_status=intact""]","[""whole pattern""]",{},2-fold rotation,intact
symmetry_pattern_2879_open_q1,symmetry_pattern_2879.png,"[""symmetry_type=3-fold rotation; pattern_status=broken""]","[""whole pattern""]",{},3-fold rotation,broken
symmetry_pattern_2880_open_q1,symmetry_pattern_2880.png,"[""symmetry_type=4-fold rotation; pattern_status=intact""]","[""whole pattern""]",{},4-fold rotation,intact
symmetry_pattern_2881_open_q1,symmetry_pattern_2881.png,"[""symmetry_type=6-fold rotation; pattern_status=broken""]","[""whole pattern""]",{},6-fold rotation,broken
symmetry_pattern_2882_open_q1,symmetry_pattern_2882.png,"[""symmetry_type=horizontal mirror; pattern_status=intact""]","[""whole pattern""]",{},horizontal mirror,intact
symmetry_pattern_2883_open_q1,symmetry_pattern_2883.png,"[""symmetry_type=vertical mirror; pattern_status=broken""]","[""whole pattern""]",{},vertical mirror,broken
symmetry_pattern_2884_open_q1,symmetry_pattern_2884.png,"[""symmetry_type=horizontal and vertical mirrors; pattern_status=intact""]","[""whole pattern""]",{},horizontal and vertical mirrors,intact
symmetry_pattern_2885_open_q1,symmetry_pattern_2885.png,"[""symmetry_type=2-fold rotation; pattern_status=broken""]","[""whole pattern""]",{},2-fold rotation,broken
symmetry_pattern_2886_open_q1,symmetry_pattern_2886.png,"[""symmetry_type=3-fold rotation; pattern_status=intact""]","[""whole pattern""]",{},3-fold rotation,intact
symmetry_pattern_2887_open_q1,symmetry_pattern_2887.png,"[""symmetry_type=4-fold rotation; pattern_status=broken""]","[""whole pattern""]",{},4-fold rotation,broken
symmetry_pattern_2888_open_q1,symmetry_pattern_2888.png,"[""symmetry_type=6-fold rotation; pattern_status=intact""]","[""whole pattern""]",{},6-fold rotation,intact
symmetry_pattern_2889_open_q1,symmetry_pattern_2889.png,"[""symmetry_type=horizontal mirror; pattern_status=broken""]","[""whole pattern""]",{},horizontal mirror,broken
symmetry_pattern_2890_open_q1,symmetry_pattern_2890.png,"[""symmetry_type=vertical mirror; pattern_status=intact""]","[""whole pattern""]",{},vertical mirror,intact
symmetry_pattern_2891_open_q1,symmetry_pattern_2891.png,"[""symmetry_type=horizontal and vertical mirrors; pattern_status=broken""]","[""whole pattern""]",{},horizontal and vertical mirrors,broken
symmetry_pattern_2892_open_q1,symmetry_pattern_2892.png,"[""symmetry_type=2-fold rotation; pattern_status=intact""]","[""whole pattern""]",{},2-fold rotation,intact
symmetry_pattern_2893_open_q1,symmetry_pattern_2893.png,"[""symmetry_type=3-fold rotation; pattern_status=broken""]","[""whole pattern""]",{},3-fold rotation,broken
symmetry_pattern_2894_open_q1,symmetry_pattern_2894.png,"[""symmetry_type=4-fold rotation; pattern_status=intact""]","[""whole pattern""]",{},4-fold rotation,intact
symmetry_pattern_2895_open_q1,symmetry_pattern_2895.png,"[""symmetry_type=6-fold rotation; pattern_status=broken""]","[""whole pattern""]",{},6-fold rotation,broken
symmetry_pattern_2896_open_q1,symmetry_pattern_2896.png,"[""symmetry_type=horizontal mirror; pattern_status=intact""]","[""whole pattern""]",{},horizontal mirror,intact
symmetry_pattern_2897_open_q1,symmetry_pattern_2897.png,"[""symmetry_type=vertical mirror; pattern_status=broken""]","[""whole pattern""]",{},vertical mirror,broken
symmetry_pattern_2898_open_q1,symmetry_pattern_2898.png,"[""symmetry_type=horizontal and vertical mirrors; pattern_status=intact""]","[""whole pattern""]",{},horizontal and vertical mirrors,intact
symmetry_pattern_2899_open_q1,symmetry_pattern_2899.png,"[""symmetry_type=2-fold rotation; pattern_status=broken""]","[""whole pattern""]",{},2-fold rotation,broken
symmetry_pattern_2900_open_q1,symmetry_pattern_2900.png,"[""symmetry_type=3-fold rotation; pattern_status=intact""]","[""whole pattern""]",{},3-fold rotation,intact
symmetry_pattern_2901_open_q1,symmetry_pattern_2901.png,"[""symmetry_type=4-fold rotation; pattern_status=broken""]","[""whole pattern""]",{},4-fold rotation,broken
symmetry_pattern_2902_open_q1,symmetry_pattern_2902.png,"[""symmetry_type=6-fold rotation; pattern_status=intact""]","[""whole pattern""]",{},6-fold rotation,intact
symmetry_pattern_2903_open_q1,symmetry_pattern_2903.png,"[""symmetry_type=horizontal mirror; pattern_status=broken""]","[""whole pattern""]",{},horizontal mirror,broken
symmetry_pattern_2904_open_q1,symmetry_pattern_2904.png,"[""symmetry_type=vertical mirror; pattern_status=intact""]","[""whole pattern""]",{},vertical mirror,intact
symmetry_pattern_2905_open_q1,symmetry_pattern_2905.png,"[""symmetry_type=horizontal and vertical mirrors; pattern_status=broken""]","[""whole pattern""]",{},horizontal and vertical mirrors,broken
symmetry_pattern_2906_open_q1,symmetry_pattern_2906.png,"[""symmetry_type=2-fold rotation; pattern_status=intact""]","[""whole pattern""]",{},2-fold rotation,intact
symmetry_pattern_2907_open_q1,symmetry_pattern_2907.png,"[""symmetry_type=3-fold rotation; pattern_status=broken""]","[""whole pattern""]",{},3-fold rotation,broken
symmetry_pattern_2908_open_q1,symmetry_pattern_2908.png,"[""symmetry_type=4-fold rotation; pattern_status=intact""]","[""whole pattern""]",{},4-fold rotation,intact
symmetry_pattern_2909_open_q1,symmetry_pattern_2909.png,"[""symmetry_type=6-fold rotation; pattern_status=broken""]","[""whole pattern""]",{},6-fold rotation,broken
symmetry_pattern_2910_open_q1,symmetry_pattern_2910.png,"[""symmetry_type=horizontal mirror; pattern_status=intact""]","[""whole pattern""]",{},horizontal mirror,intact
symmetry_pattern_2911_open_q1,symmetry_pattern_2911.png,"[""symmetry_type=vertical mirror; pattern_status=broken""]","[""whole pattern""]",{},vertical mirror,broken
symmetry_pattern_2912_open_q1,symmetry_pattern_2912.png,"[""symmetry_type=horizontal and vertical mirrors; pattern_status=intact""]","[""whole pattern""]",{},horizontal and vertical mirrors,intact
symmetry_pattern_2913_open_q1,symmetry_pattern_2913.png,"[""symmetry_type=2-fold rotation; pattern_status=broken""]","[""whole pattern""]",{},2-fold rotation,broken
symmetry_pattern_2914_open_q1,symmetry_pattern_2914.png,"[""symmetry_type=3-fold rotation; pattern_status=intact""]","[""whole pattern""]",{},3-fold rotation,intact
symmetry_pattern_2915_open_q1,symmetry_pattern_2915.png,"[""symmetry_type=4-fold rotation; pattern_status=broken""]","[""whole pattern""]",{},4-fold rotation,broken
symmetry_pattern_2916_open_q1,symmetry_pattern_2916.png,"[""symmetry_type=6-fold rotation; pattern_status=intact""]","[""whole pattern""]",{},6-fold rotation,intact
symmetry_pattern_2917_open_q1,symmetry_pattern_2917.png,"[""symmetry_type=horizontal mirror; pattern_status=broken""]","[""whole pattern""]",{},horizontal mirror,broken
symmetry_pattern_2918_open_q1,symmetry_pattern_2918.png,"[""symmetry_type=vertical mirror; pattern_status=intact""]","[""whole pattern""]",{},vertical mirror,intact
symmetry_pattern_2919_open_q1,symmetry_pattern_2919.png,"[""symmetry_type=horizontal and vertical mirrors; pattern_status=broken""]","[""whole pattern""]",{},horizontal and vertical mirrors,broken
symmetry_pattern_2920_open_q1,symmetry_pattern_2920.png,"[""symmetry_type=2-fold rotation; pattern_status=intact""]","[""whole pattern""]",{},2-fold rotation,intact
symmetry_pattern_2921_open_q1,symmetry_pattern_2921.png,"[""symmetry_type=3-fold rotation; pattern_status=broken""]","[""whole pattern""]",{},3-fold rotation,broken
symmetry_pattern_2922_open_q1,symmetry_pattern_2922.png,"[""symmetry_type=4-fold rotation; pattern_status=intact""]","[""whole pattern""]",{},4-fold rotation,intact
symmetry_pattern_2923_open_q1,symmetry_pattern_2923.png,"[""symmetry_type=6-fold rotation; pattern_status=broken""]","[""whole pattern""]",{},6-fold rotation,broken
symmetry_pattern_2924_open_q1,symmetry_pattern_2924.png,"[""symmetry_type=horizontal mirror; pattern_status=intact""]","[""whole pattern""]",{},horizontal mirror,intact
symmetry_pattern_2925_open_q1,symmetry_pattern_2925.png,"[""symmetry_type=vertical mirror; pattern_status=broken""]","[""whole pattern""]",{},vertical mirror,broken
symmetry_pattern_2926_open_q1,symmetry_pattern_2926.png,"[""symmetry_type=horizontal and vertical mirrors; pattern_status=intact""]","[""whole pattern""]",{},horizontal and vertical mirrors,intact
symmetry_pattern_2927_open_q1,symmetry_pattern_2927.png,"[""symmetry_type=2-fold rotation; pattern_status=broken""]","[""whole pattern""]",{},2-fold rotation,broken
symmetry_pattern_2928_open_q1,symmetry_pattern_2928.png,"[""symmetry_type=3-fold rotation; pattern_status=intact""]","[""whole pattern""]",{},3-fold rotation,intact
symmetry_pattern_2929_open_q1,symmetry_pattern_2929.png,"[""symmetry_type=4-fold rotation; pattern_status=broken""]","[""whole pattern""]",{},4-fold rotation,broken
symmetry_pattern_2930_open_q1,symmetry_pattern_2930.png,"[""symmetry_type=6-fold rotation; pattern_status=intact""]","[""whole pattern""]",{},6-fold rotation,intact
symmetry_pattern_2931_open_q1,symmetry_pattern_2931.png,"[""symmetry_type=horizontal mirror; pattern_status=broken""]","[""whole pattern""]",{},horizontal mirror,broken
symmetry_pattern_2932_open_q1,symmetry_pattern_2932.png,"[""symmetry_type=vertical mirror; pattern_status=intact""]","[""whole pattern""]",{},vertical mirror,intact
symmetry_pattern_2933_open_q1,symmetry_pattern_2933.png,"[""symmetry_type=horizontal and vertical mirrors; pattern_status=broken""]","[""whole pattern""]",{},horizontal and vertical mirrors,broken
symmetry_pattern_2934_open_q1,symmetry_pattern_2934.png,"[""symmetry_type=2-fold rotation; pattern_status=intact""]","[""whole pattern""]",{},2-fold rotation,intact
symmetry_pattern_2935_open_q1,symmetry_pattern_2935.png,"[""symmetry_type=3-fold rotation; pattern_status=broken""]","[""whole pattern""]",{},3-fold rotation,broken
symmetry_pattern_2936_open_q1,symmetry_pattern_2936.png,"[""symmetry_type=4-fold rotation; pattern_status=intact""]","[""whole pattern""]",{},4-fold rotation,intact
symmetry_pattern_2937_open_q1,symmetry_pattern_2937.png,"[""symmetry_type=6-fold rotation; pattern_status=broken""]","[""whole pattern""]",{},6-fold rotation,broken
symmetry_pattern_2938_open_q1,symmetry_pattern_2938.png,"[""symmetry_type=horizontal mirror; pattern_status=intact""]","[""whole pattern""]",{},horizontal mirror,intact
symmetry_pattern_2939_open_q1,symmetry_pattern_2939.png,"[""symmetry_type=vertical mirror; pattern_status=broken""]","[""whole pattern""]",{},vertical mirror,broken
symmetry_pattern_2940_open_q1,symmetry_pattern_2940.png,"[""symmetry_type=horizontal and vertical mirrors; pattern_status=intact""]","[""whole pattern""]",{},horizontal and vertical mirrors,intact
symmetry_pattern_2941_open_q1,symmetry_pattern_2941.png,"[""symmetry_type=2-fold rotation; pattern_status=broken""]","[""whole pattern""]",{},2-fold rotation,broken
symmetry_pattern_2942_open_q1,symmetry_pattern_2942.png,"[""symmetry_type=3-fold rotation; pattern_status=intact""]","[""whole pattern""]",{},3-fold rotation,intact
symmetry_pattern_2943_open_q1,symmetry_pattern_2943.png,"[""symmetry_type=4-fold rotation; pattern_status=broken""]","[""whole pattern""]",{},4-fold rotation,broken
symmetry_pattern_2944_open_q1,symmetry_pattern_2944.png,"[""symmetry_type=6-fold rotation; pattern_status=intact""]","[""whole pattern""]",{},6-fold rotation,intact
symmetry_pattern_2945_open_q1,symmetry_pattern_2945.png,"[""symmetry_type=horizontal mirror; pattern_status=broken""]","[""whole pattern""]",{},horizontal mirror,broken
symmetry_pattern_2946_open_q1,symmetry_pattern_2946.png,"[""symmetry_type=vertical mirror; pattern_status=intact""]","[""whole pattern""]",{},vertical mirror,intact
symmetry_pattern_2947_open_q1,symmetry_pattern_2947.png,"[""symmetry_type=horizontal and vertical mirrors; pattern_status=broken""]","[""whole pattern""]",{},horizontal and vertical mirrors,broken
symmetry_pattern_2948_open_q1,symmetry_pattern_2948.png,"[""symmetry_type=2-fold rotation; pattern_status=intact""]","[""whole pattern""]",{},2-fold rotation,intact
symmetry_pattern_2949_open_q1,symmetry_pattern_2949.png,"[""symmetry_type=3-fold rotation; pattern_status=broken""]","[""whole pattern""]",{},3-fold rotation,broken
symmetry_pattern_2950_open_q1,symmetry_pattern_2950.png,"[""symmetry_type=4-fold rotation; pattern_status=intact""]","[""whole pattern""]",{},4-fold rotation,intact
symmetry_pattern_2951_open_q1,symmetry_pattern_2951.png,"[""symmetry_type=6-fold rotation; pattern_status=broken""]","[""whole pattern""]",{},6-fold rotation,broken
symmetry_pattern_2952_open_q1,symmetry_pattern_2952.png,"[""symmetry_type=horizontal mirror; pattern_status=intact""]","[""whole pattern""]",{},horizontal mirror,intact
symmetry_pattern_2953_open_q1,symmetry_pattern_2953.png,"[""symmetry_type=vertical mirror; pattern_status=broken""]","[""whole pattern""]",{},vertical mirror,broken
symmetry_pattern_2954_open_q1,symmetry_pattern_2954.png,"[""symmetry_type=horizontal and vertical mirrors; pattern_status=intact""]","[""whole pattern""]",{},horizontal and vertical mirrors,intact
symmetry_pattern_2955_open_q1,symmetry_pattern_2955.png,"[""symmetry_type=2-fold rotation; pattern_status=broken""]","[""whole pattern""]",{},2-fold rotation,broken
symmetry_pattern_2956_open_q1,symmetry_pattern_2956.png,"[""symmetry_type=3-fold rotation; pattern_status=intact""]","[""whole pattern""]",{},3-fold rotation,intact
symmetry_pattern_2957_open_q1,symmetry_pattern_2957.png,"[""symmetry_type=4-fold rotation; pattern_status=broken""]","[""whole pattern""]",{},4-fold rotation,broken
symmetry_pattern_2958_open_q1,symmetry_pattern_2958.png,"[""symmetry_type=6-fold rotation; pattern_status=intact""]","[""whole pattern""]",{},6-fold rotation,intact
symmetry_pattern_2959_open_q1,symmetry_pattern_2959.png,"[""symmetry_type=horizontal mirror; pattern_status=broken""]","[""whole pattern""]",{},horizontal mirror,broken
symmetry_pattern_2960_open_q1,symmetry_pattern_2960.png,"[""symmetry_type=vertical mirror; pattern_status=intact""]","[""whole pattern""]",{},vertical mirror,intact
symmetry_pattern_2961_open_q1,symmetry_pattern_2961.png,"[""symmetry_type=horizontal and vertical mirrors; pattern_status=broken""]","[""whole pattern""]",{},horizontal and vertical mirrors,broken
symmetry_pattern_2962_open_q1,symmetry_pattern_2962.png,"[""symmetry_type=2-fold rotation; pattern_status=intact""]","[""whole pattern""]",{},2-fold rotation,intact
symmetry_pattern_2963_open_q1,symmetry_pattern_2963.png,"[""symmetry_type=3-fold rotation; pattern_status=broken""]","[""whole pattern""]",{},3-fold rotation,broken
symmetry_pattern_2964_open_q1,symmetry_pattern_2964.png,"[""symmetry_type=4-fold rotation; pattern_status=intact""]","[""whole pattern""]",{},4-fold rotation,intact
symmetry_pattern_2965_open_q1,symmetry_pattern_2965.png,"[""symmetry_type=6-fold rotation; pattern_status=broken""]","[""whole pattern""]",{},6-fold rotation,broken
symmetry_pattern_2966_open_q1,symmetry_pattern_2966.png,"[""symmetry_type=horizontal mirror; pattern_status=intact""]","[""whole pattern""]",{},horizontal mirror,intact
symmetry_pattern_2967_open_q1,symmetry_pattern_2967.png,"[""symmetry_type=vertical mirror; pattern_status=broken""]","[""whole pattern""]",{},vertical mirror,broken
symmetry_pattern_2968_open_q1,symmetry_pattern_2968.png,"[""symmetry_type=horizontal and vertical mirrors; pattern_status=intact""]","[""whole pattern""]",{},horizontal and vertical mirrors,intact
symmetry_pattern_2969_open_q1,symmetry_pattern_2969.png,"[""symmetry_type=2-fold rotation; pattern_status=broken""]","[""whole pattern""]",{},2-fold rotation,broken
symmetry_pattern_2970_open_q1,symmetry_pattern_2970.png,"[""symmetry_type=3-fold rotation; pattern_status=intact""]","[""whole pattern""]",{},3-fold rotation,intact
symmetry_pattern_2971_open_q1,symmetry_pattern_2971.png,"[""symmetry_type=4-fold rotation; pattern_status=broken""]","[""whole pattern""]",{},4-fold rotation,broken
symmetry_pattern_2972_open_q1,symmetry_pattern_2972.png,"[""symmetry_type=6-fold rotation; pattern_status=intact""]","[""whole pattern""]",{},6-fold rotation,intact
symmetry_pattern_2973_open_q1,symmetry_pattern_2973.png,"[""symmetry_type=horizontal mirror; pattern_status=broken""]","[""whole pattern""]",{},horizontal mirror,broken
symmetry_pattern_2974_open_q1,symmetry_pattern_2974.png,"[""symmetry_type=vertical mirror; pattern_status=intact""]","[""whole pattern""]",{},vertical mirror,intact
symmetry_pattern_2975_open_q1,symmetry_pattern_2975.png,"[""symmetry_type=horizontal and vertical mirrors; pattern_status=broken""]","[""whole pattern""]",{},horizontal and vertical mirrors,broken
symmetry_pattern_2976_open_q1,symmetry_pattern_2976.png,"[""symmetry_type=2-fold rotation; pattern_status=intact""]","[""whole pattern""]",{},2-fold rotation,intact
symmetry_pattern_2977_open_q1,symmetry_pattern_2977.png,"[""symmetry_type=3-fold rotation; pattern_status=broken""]","[""whole pattern""]",{},3-fold rotation,broken
symmetry_pattern_2978_open_q1,symmetry_pattern_2978.png,"[""symmetry_type=4-fold rotation; pattern_status=intact""]","[""whole pattern""]",{},4-fold rotation,intact
symmetry_pattern_2979_open_q1,symmetry_pattern_2979.png,"[""symmetry_type=6-fold rotation; pattern_status=broken""]","[""whole pattern""]",{},6-fold rotation,broken
symmetry_pattern_2980_open_q1,symmetry_pattern_2980.png,"[""symmetry_type=horizontal mirror; pattern_status=intact""]","[""whole pattern""]",{},horizontal mirror,intact
symmetry_pattern_2981_open_q1,symmetry_pattern_2981.png,"[""symmetry_type=vertical mirror; pattern_status=broken""]","[""whole pattern""]",{},vertical mirror,broken
symmetry_pattern_2982_open_q1,symmetry_pattern_2982.png,"[""symmetry_type=horizontal and vertical mirrors; pattern_status=intact""]","[""whole pattern""]",{},horizontal and vertical mirrors,intact
symmetry_pattern_2983_open_q1,symmetry_pattern_2983.png,"[""symmetry_type=2-fold rotation; pattern_status=broken""]","[""whole pattern""]",{},2-fold rotation,broken
symmetry_pattern_2984_open_q1,symmetry_pattern_2984.png,"[""symmetry_type=3-fold rotation; pattern_status=intact""]","[""whole pattern""]",{},3-fold rotation,intact
symmetry_pattern_2985_open_q1,symmetry_pattern_2985.png,"[""symmetry_type=4-fold rotation; pattern_status=broken""]","[""whole pattern""]",{},4-fold rotation,broken
symmetry_pattern_2986_open_q1,symmetry_pattern_2986.png,"[""symmetry_type=6-fold rotation; pattern_status=intact""]","[""whole pattern""]",{},6-fold rotation,intact
symmetry_pattern_2987_open_q1,symmetry_pattern_2987.png,"[""symmetry_type=horizontal mirror; pattern_status=broken""]","[""whole pattern""]",{},horizontal mirror,broken
symmetry_pattern_2988_open_q1,symmetry_pattern_2988.png,"[""symmetry_type=vertical mirror; pattern_status=intact""]","[""whole pattern""]",{},vertical mirror,intact
symmetry_pattern_2989_open_q1,symmetry_pattern_2989.png,"[""symmetry_type=horizontal and vertical mirrors; pattern_status=broken""]","[""whole pattern""]",{},horizontal and vertical mirrors,broken
symmetry_pattern_2990_open_q1,symmetry_pattern_2990.png,"[""symmetry_type=2-fold rotation; pattern_status=intact""]","[""whole pattern""]",{},2-fold rotation,intact
symmetry_pattern_2991_open_q1,symmetry_pattern_2991.png,"[""symmetry_type=3-fold rotation; pattern_status=broken""]","[""whole pattern""]",{},3-fold rotation,broken
symmetry_pattern_2992_open_q1,symmetry_pattern_2992.png,"[""symmetry_type=4-fold rotation; pattern_status=intact""]","[""whole pattern""]",{},4-fold rotation,intact
symmetry_pattern_2993_open_q1,symmetry_pattern_2993.png,"[""symmetry_type=6-fold rotation; pattern_status=broken""]","[""whole pattern""]",{},6-fold rotation,broken
symmetry_pattern_2994_open_q1,symmetry_pattern_2994.png,"[""symmetry_type=horizontal mirror; pattern_status=intact""]","[""whole pattern""]",{},horizontal mirror,intact
symmetry_pattern_2995_open_q1,symmetry_pattern_2995.png,"[""symmetry_type=vertical mirror; pattern_status=broken""]","[""whole pattern""]",{},vertical mirror,broken
symmetry_pattern_2996_open_q1,symmetry_pattern_2996.png,"[""symmetry_type=horizontal and vertical mirrors; pattern_status=intact""]","[""whole pattern""]",{},horizontal and vertical mirrors,intact
symmetry_pattern_2997_open_q1,symmetry_pattern_2997.png,"[""symmetry_type=2-fold rotation; pattern_status=broken""]","[""whole pattern""]",{},2-fold rotation,broken
symmetry_pattern_2998_open_q1,symmetry_pattern_2998.png,"[""symmetry_type=3-fold rotation; pattern_status=intact""]","[""whole pattern""]",{},3-fold rotation,intact
symmetry_pattern_2999_open_q1,symmetry_pattern_2999.png,"[""symmetry_type=4-fold rotation; pattern_status=broken""]","[""whole pattern""]",{},4-fold rotation,broken
symmetry_pattern_3000_open_q1,symmetry_pattern_3000.png,"[""symmetry_type=6-fold rotation; pattern_status=intact""]","[""whole pattern""]",{},6-fold rotation,intact
